TIME,maxMagU,phaseVolumeRelError,m2CosCoefficient,m2SinCoefficient,m2Amplitude,m2Phase,minGradPsiBand,maxGradPsiBand,pLaplace
2.12129e-05,0.04007908845,0,9.4911885e-05,-1.079258918e-19,9.4911885e-05,-5.685583622e-16,0.9877466121,0.9999724323,68.37607204
4.24258e-05,0.06849794817,1.943029326e-06,9.4903777e-05,2.039488339e-12,9.4903777e-05,1.074503251e-08,0.987742728,0.9999388933,68.37596414
6.36387e-05,0.08814486204,8.20891578e-06,9.488036886e-05,8.899773423e-12,9.488036886e-05,4.689997272e-08,0.9877315594,1.000025163,68.37425212
8.48516e-05,0.1016330375,1.818660784e-05,9.484231071e-05,2.157610219e-11,9.484231071e-05,1.137472402e-07,0.9877139575,1.000779241,68.37723467
0.0001060645,0.1107860969,3.07042129e-05,9.478944232e-05,4.052302424e-11,9.478944232e-05,2.13752836e-07,0.9871919156,1.005054958,68.38247372
0.0001272774,0.1167777295,4.53657643e-05,9.472186505e-05,6.597703027e-11,9.472186505e-05,3.482671622e-07,0.9838779885,1.009781863,68.38746863
0.0001484903,0.1212109272,6.084885852e-05,9.463953097e-05,9.780560779e-11,9.463953097e-05,5.167270315e-07,0.9804594333,1.014826738,68.39675012
0.0001697032,0.1244574522,7.61881511e-05,9.454242633e-05,1.359905642e-10,9.454242633e-05,7.192039039e-07,0.9770199873,1.020094015,68.40709205
0.0001909161,0.1266906479,9.144041484e-05,9.443057747e-05,1.808194395e-10,9.443057747e-05,9.574199603e-07,0.9736103524,1.025504226,68.41811522
0.000212129,0.128092369,0.0001063272058,9.430395817e-05,2.322896941e-10,9.430395817e-05,1.231600978e-06,0.9702624662,1.031008338,68.43028264
0.0002333419,0.1290007147,0.0001206160055,9.416254316e-05,2.901257363e-10,9.416254316e-05,1.540558095e-06,0.9669947122,1.03657252,68.44298746
0.0002545548,0.1295009638,0.0001341966731,9.400632235e-05,3.540809056e-10,9.400632235e-05,1.883282405e-06,0.9638168359,1.042171973,68.45561319
0.0002757677,0.1297524606,0.000146868419,9.383530576e-05,4.239705552e-10,9.383530576e-05,2.259120657e-06,0.9607393467,1.047788424,68.46940298
0.0002969806,0.1299332188,0.0001585646207,9.364952707e-05,4.995796959e-10,9.364952707e-05,2.667283603e-06,0.957768214,1.053408001,68.51234385
0.0003181935,0.1395435692,0.0001694322676,9.344901417e-05,5.806676775e-10,9.344901418e-05,3.106868931e-06,0.9548976862,1.059023628,68.53817602
0.0003394064,0.1455541382,0.0001825406727,9.323179346e-05,6.662905502e-10,9.323179346e-05,3.573301154e-06,0.951811276,1.064917901,68.53967493
0.0003606193,0.1510068396,0.0002009208465,9.299605285e-05,7.528611031e-10,9.299605286e-05,4.047812138e-06,0.9473604415,1.071260609,68.57806455
0.0003818322,0.154355147,0.0002230721613,9.27419289e-05,8.378272659e-10,9.27419289e-05,4.516982102e-06,0.9427601618,1.077900626,68.58612698
0.0004030451,0.1570532583,0.0002460518102,9.246945042e-05,9.213873255e-10,9.246945043e-05,4.982117452e-06,0.938049222,1.084779208,68.59499496
0.000424258,0.1588848299,0.000268607737,9.217859567e-05,1.005246746e-09,9.217859568e-05,5.452712414e-06,0.9332450051,1.091848496,68.60717863
0.0004454709,0.1602936009,0.0002914471895,9.186924359e-05,1.091213619e-09,9.18692436e-05,5.93894962e-06,0.9283599007,1.099047567,68.62081303
0.0004666838,0.1613401474,0.0003143580883,9.154125033e-05,1.180010182e-09,9.154125033e-05,6.44523741e-06,0.9234013431,1.106347687,68.63601205
0.0004878967,0.1622161066,0.0003370905014,9.119449478e-05,1.272058153e-09,9.119449479e-05,6.97442404e-06,0.918375222,1.113729873,68.65218576
0.0005091096,0.1629274432,0.0003594534789,9.082889938e-05,1.366924155e-09,9.082889939e-05,7.524720459e-06,0.9132861358,1.12117802,68.66939575
0.0005303225,0.1635052814,0.0003810618215,9.044441721e-05,1.464482742e-09,9.044441722e-05,8.096037253e-06,0.9081380669,1.128678965,68.68742103
0.0005515354,0.1640070405,0.0004016246043,9.004103356e-05,1.565105087e-09,9.004103357e-05,8.691065756e-06,0.9029345371,1.136222546,68.70603326
0.0005727483,0.1644621746,0.0004209178191,8.961876034e-05,1.668707599e-09,8.961876035e-05,9.310035042e-06,0.8976789796,1.143801124,68.72536052
0.0005939612,0.164871269,0.000438776876,8.917763386e-05,1.775055994e-09,8.917763388e-05,9.952360907e-06,0.8923748333,1.151408641,68.74532594
0.0006151741,0.1651291048,0.000455086907,8.871771215e-05,1.884289696e-09,8.871771217e-05,1.061958007e-05,0.8870253146,1.159039985,68.7656734
0.000636387,0.165029293,0.000469849762,8.823907083e-05,1.996170275e-09,8.823907085e-05,1.131114741e-05,0.8816335864,1.16668963,67.80394288
0.0006575999,0.1647097681,0.0004829953239,8.774180149e-05,2.110296518e-09,8.774180151e-05,1.202560514e-05,0.8762029947,1.174348346,67.83088618
0.0006788128,0.1642081214,0.000494270516,8.722601091e-05,2.226850561e-09,8.722601094e-05,1.276483091e-05,0.8707369174,1.182005382,67.85832194
0.0007000257,0.1635623031,0.0005034534826,8.669182316e-05,2.346070179e-09,8.669182319e-05,1.353109263e-05,0.865238615,1.189651654,67.88601631
0.0007212386,0.1628814184,0.0005103757571,8.613938043e-05,2.4680916e-09,8.613938047e-05,1.432615133e-05,0.8597112847,1.197279071,67.91370644
0.0007424515,0.162080844,0.0005148840513,8.556884165e-05,2.593015472e-09,8.556884169e-05,1.515163359e-05,0.854158374,1.204881415,67.94193358
0.0007636644,0.1613589321,0.0005168571416,8.498038326e-05,2.720956643e-09,8.49803833e-05,1.600932202e-05,0.8485832779,1.212453012,67.96941024
0.0007848773,0.1605870165,0.0005161988915,8.437426069e-05,2.932375754e-09,8.437426074e-05,1.737719376e-05,0.8429893867,1.219988232,67.99644146
0.0008060902,0.1597419831,0.0005128050428,8.375080478e-05,3.224044248e-09,8.375080484e-05,1.924784039e-05,0.8373802146,1.22746956,68.02373467
0.0008273031,0.1588464892,0.0005065695596,8.311029786e-05,3.516399268e-09,8.311029793e-05,2.115501542e-05,0.8317594147,1.234882823,68.051065
0.000848516,0.1579087764,0.0004973968289,8.245297399e-05,3.809752762e-09,8.245297408e-05,2.310257942e-05,0.8261308552,1.242229063,68.07687148
0.0008697289,0.1569448052,0.0004852079145,8.17791943e-05,4.103959776e-09,8.17791944e-05,2.509171072e-05,0.8204984905,1.249508534,68.10296552
0.0008909418,0.155959292,0.0004699106886,8.10893264e-05,4.398705799e-09,8.108932652e-05,2.712259424e-05,0.8148666141,1.256721312,68.12896231
0.0009121547,0.1549578758,0.0004514015656,8.03836295e-05,4.693429437e-09,8.038362963e-05,2.919393825e-05,0.8092396452,1.263867141,68.15479187
0.0009333676,0.1539469956,0.000429581962,7.966236977e-05,4.987529548e-09,7.966236992e-05,3.130417508e-05,0.8036222507,1.270945729,67.07971158
0.0009545805,0.1529269697,0.000404347124,7.89264283e-05,5.200966962e-09,7.892642847e-05,3.294819661e-05,0.7980195405,1.277956866,67.11398078
0.0009757934,0.1518990815,0.00037559745,7.818227017e-05,5.383141604e-09,7.818227036e-05,3.442686931e-05,0.7924367131,1.284900224,67.14816495
0.0009970063,0.1510845684,0.000343248631,7.742287872e-05,5.678323155e-09,7.742287892e-05,3.66708345e-05,0.786878966,1.291775336,67.18227838
0.0010182192,0.1520405862,0.0003072262775,7.664836789e-05,5.972914511e-09,7.664836812e-05,3.896308991e-05,0.7813515814,1.298581663,67.21628403
0.0010394321,0.1529603971,0.0002674607436,7.585900297e-05,6.266786848e-09,7.585900323e-05,4.130549169e-05,0.7758599362,1.305318535,67.25015613
0.001060645,0.1538412192,0.0002238837794,7.505505696e-05,6.559882932e-09,7.505505724e-05,4.370047257e-05,0.7704095101,1.311985199,67.28376572
0.0010818579,0.1546844615,0.0001764273162,7.423681053e-05,6.852190437e-09,7.423681085e-05,4.615089447e-05,0.7650059216,1.318580953,67.31717219
0.0011030708,0.1554838218,0.0001250241945,7.340455236e-05,7.143738411e-09,7.340455271e-05,4.866005008e-05,0.7596548862,1.325104988,67.35020123
0.0011242837,0.1562375124,6.960870001e-05,7.255857899e-05,7.434586618e-09,7.255857937e-05,5.123161654e-05,0.7543622366,1.331556549,67.38287047
0.0011454966,0.1569436523,1.011815882e-05,7.169919472e-05,7.724815863e-09,7.169919514e-05,5.386961362e-05,0.7491339426,1.337935006,67.41516985
0.0011667095,0.1576001549,5.350613466e-05,7.082671169e-05,8.014534957e-09,7.082671215e-05,5.657847676e-05,0.7439760471,1.344239649,67.8513747
0.0011879224,0.1582047849,0.0001213197279,6.994144972e-05,8.303877812e-09,6.994145021e-05,5.936306587e-05,0.7388946401,1.350469735,68.30327922
0.0012091353,0.158755192,0.0001933753107,6.904373593e-05,8.593000302e-09,6.904373647e-05,6.222867391e-05,0.7338958302,1.356624509,68.3441172
0.0012303482,0.1592489033,0.0002697224167,6.813390456e-05,8.882078152e-09,6.813390514e-05,6.518104429e-05,0.7289857065,1.362703212,68.38450755
0.0012515611,0.1596832458,0.0003504068048,6.721229674e-05,9.171307955e-09,6.721229736e-05,6.822641349e-05,0.7241702881,1.368705075,68.42440646
0.001272774,0.1600550377,0.0004354693044,6.627926004e-05,9.460907823e-09,6.627926071e-05,7.13715554e-05,0.7194554536,1.374629324,68.46377587
0.0012939869,0.1603768245,0.0005249433813,6.533514786e-05,9.751118667e-09,6.533514859e-05,7.462383506e-05,0.7148468164,1.380475172,68.50248403
0.0013151998,0.160635777,0.0006188808318,6.438032089e-05,1.004219097e-08,6.438032167e-05,7.799115284e-05,0.7103510061,1.386241788,68.54054589
0.0013364127,0.1608247175,0.000717362339,6.341514694e-05,1.033437746e-08,6.341514778e-05,8.148193187e-05,0.7059756731,1.391928316,68.57795741
0.0013576256,0.1610802822,0.0008204684665,6.243999767e-05,1.062800588e-08,6.243999858e-05,8.510575095e-05,0.7017278297,1.397533903,68.61470769
0.0013788385,0.161269635,0.0009282596597,6.145524667e-05,1.092347079e-08,6.145524764e-05,8.887337752e-05,0.6976138162,1.403057685,68.65073506
0.0014000514,0.1613876315,0.001040768977,6.046126921e-05,1.122115169e-08,6.046127025e-05,9.279619592e-05,0.693639569,1.408498765,68.68622817
0.0014212643,0.1610291116,0.001151733334,5.945846329e-05,1.152055241e-08,5.945846441e-05,9.687899442e-05,0.6898106693,1.413856215,69.18393995
0.0014424772,0.1581367047,0.00125295138,5.844826482e-05,1.182124713e-08,5.844826602e-05,0.0001011257306,0.6861856387,1.41910376,69.71066413
0.0014636901,0.1559142806,0.001352192732,5.743327404e-05,1.211888666e-08,5.743327532e-05,0.0001055040539,0.6828146671,1.424209196,69.78077614
0.001484903,0.1541015413,0.00145230684,5.641488124e-05,1.240874376e-08,5.641488261e-05,0.000109977574,0.6796787778,1.42917207,69.84927181
0.0015061159,0.1526408721,0.001552917909,5.539273202e-05,1.26922693e-08,5.539273347e-05,0.000114566195,0.6767557474,1.434001721,69.91759116
0.0015273288,0.1514751265,0.001652913682,5.436617441e-05,1.297286288e-08,5.436617596e-05,0.0001193100561,0.6740307322,1.438703583,69.95417681
0.0015485417,0.1505916177,0.001751227855,5.333477509e-05,1.324277371e-08,5.333477673e-05,0.0001241476449,0.6714929455,1.443281094,69.91157837
0.0015697546,0.1498795262,0.001846925587,5.229836896e-05,1.328591349e-08,5.229837064e-05,0.00012702034,0.6690303465,1.447715862,69.96875707
0.0015909675,0.1493706091,0.001939248032,5.125702604e-05,1.321356176e-08,5.125702774e-05,0.0001288951241,0.666708642,1.451998855,70.03650187
0.0016121804,0.1491118244,0.002029030235,5.021085094e-05,1.323964757e-08,5.021085268e-05,0.0001318404988,0.6645592269,1.456146173,70.10084211
0.0016333933,0.1489616113,0.002128628145,4.91599311e-05,1.332473384e-08,4.91599329e-05,0.0001355243307,0.662578341,1.460166331,70.15805238
0.0016546062,0.148828434,0.002250469056,4.810444688e-05,1.345278827e-08,4.810444876e-05,0.0001398289429,0.6607634567,1.464064954,70.16786419
0.0016758191,0.1485128323,0.002397029408,4.704489355e-05,1.360909995e-08,4.704489552e-05,0.000144639498,0.6591130526,1.467842532,70.23208514
0.001697032,0.1480364022,0.002556876577,4.598207125e-05,1.378380782e-08,4.598207332e-05,0.0001498824111,0.657629754,1.471498678,70.24413574
0.0017182449,0.1474259454,0.002718407196,4.491686662e-05,1.396728602e-08,4.49168688e-05,0.0001554792957,0.656318593,1.475036242,70.2980468
0.0017394578,0.1461162084,0.002880460951,4.384982176e-05,1.414869621e-08,4.384982404e-05,0.0001613312798,0.6551828488,1.478458023,70.34007989
0.0017606707,0.1452428754,0.003041813633,4.278090207e-05,1.423858318e-08,4.278090444e-05,0.0001664128381,0.6542254147,1.481766686,70.39826655
0.0017818836,0.1407727178,0.003201049957,4.170981472e-05,1.421411632e-08,4.170981715e-05,0.0001703929382,0.6534485796,1.484965072,70.95562581
0.0018030965,0.1375722447,0.003357480172,4.062296737e-05,1.698772138e-08,4.062297093e-05,0.0002090900972,0.6529938108,1.488055766,71.00637489
0.0018243094,0.1350274958,0.003511133699,3.944943078e-05,1.631496616e-08,3.944943416e-05,0.000206783278,0.6529420851,1.491041382,71.5790162
0.0018455223,0.1334471449,0.003659511517,3.820821545e-05,1.494025207e-08,3.820821837e-05,0.0001955109802,0.6531953179,1.493927459,71.63009506
0.0018667352,0.1319146803,0.003803108202,3.692226084e-05,8.92129761e-09,3.692226191e-05,0.0001208119063,0.6536943663,1.496718235,71.67870264
0.0018879481,0.1303194656,0.003941164861,3.562756921e-05,9.064823195e-09,3.562757036e-05,0.0001272164114,0.6544022409,1.499414582,71.72443173
0.001909161,0.1282556563,0.004073752731,3.433253176e-05,9.284758502e-09,3.433253301e-05,0.0001352180833,0.655294636,1.502017887,71.76908895
0.0019303739,0.1261904963,0.004201165351,3.303788737e-05,9.578455882e-09,3.303788876e-05,0.0001449616846,0.6563549366,1.504529815,71.75661984
0.0019515868,0.1241366868,0.004323506598,3.174436171e-05,9.93825285e-09,3.174436327e-05,0.000156535712,0.6575705148,1.506952307,71.64618914
0.0019727997,0.1220818744,0.004440356472,3.045261074e-05,1.034718469e-08,3.04526125e-05,0.0001698899378,0.6589297443,1.509287533,71.69014637
0.0019940126,0.1200081549,0.004551453681,2.916330576e-05,1.079174443e-08,2.916330775e-05,0.0001850226451,0.6604218707,1.511537551,72.80390086
0.0020152255,0.1178964065,0.004656600008,2.787718497e-05,1.126266257e-08,2.787718724e-05,0.0002020050082,0.6620374144,1.513704271,72.86527482
0.0020364384,0.1157297599,0.004755635978,2.659497301e-05,1.175630077e-08,2.659497561e-05,0.0002210248531,0.6637669091,1.515789485,72.92196485
0.0020576513,0.1146440585,0.004848419915,2.531737897e-05,1.226609415e-08,2.531738194e-05,0.000242246506,0.6656006839,1.517794843,72.97395156
0.0020788642,0.1145356963,0.004934810197,2.404509525e-05,1.278654431e-08,2.404509865e-05,0.0002658867218,0.667528727,1.51972191,73.01652621
0.0021000771,0.1142414017,0.005014761404,2.277878898e-05,1.331414043e-08,2.277879287e-05,0.0002922486116,0.6695405913,1.521582656,73.05536742
0.00212129,0.1138457534,0.005088243721,2.151908966e-05,1.385285449e-08,2.151909412e-05,0.0003218735736,0.67162517,1.523385022,73.09390542
0.0021425029,0.1132184905,0.005155011963,2.026659253e-05,1.440652572e-08,2.026659765e-05,0.0003554253946,0.6737711688,1.525123283,73.12799778
0.0021637158,0.1123520179,0.005214932312,1.902189635e-05,1.496129547e-08,1.902190223e-05,0.0003932650066,0.6704993111,1.526793199,73.15761175
0.0021849287,0.1113156231,0.005272707498,1.778560766e-05,1.551409716e-08,1.778561442e-05,0.0004361417816,0.6661472512,1.52839171,73.18077592
0.0022061416,0.1100784938,0.005331296373,1.655831934e-05,1.60659229e-08,1.655832713e-05,0.0004851312965,0.6618138141,1.529916413,73.2011581
0.0022273545,0.1086374799,0.005387541823,1.53406104e-05,1.661616544e-08,1.53406194e-05,0.0005415742436,0.6574983805,1.531365259,73.21443274
0.0022485674,0.1070007553,0.005438938024,1.413302231e-05,1.719632398e-08,1.413303277e-05,0.0006083736059,0.6532012405,1.532736721,73.2224115
0.0022697803,0.1052083097,0.005483983537,1.286692454e-05,4.03012369e-08,1.286698765e-05,0.001566073734,0.6489240101,1.534030719,73.22834742
0.0022909932,0.103268535,0.005522785906,1.000412773e-05,1.868953828e-08,1.000414518e-05,0.0009340902599,0.6446695766,1.535247201,73.22968672
0.0023122061,0.1011931174,0.005555293879,8.617429276e-06,1.929580242e-08,8.617450879e-06,0.001119578099,0.6404415541,1.536384807,73.22662617
0.002333419,0.099381879,0.005581406763,7.231306882e-06,1.988627654e-08,7.231334226e-06,0.00137500916,0.6362440972,1.537441625,73.21807209
0.0023546319,0.09892779579,0.005601051528,5.846071804e-06,2.045766033e-08,5.846107598e-06,0.00174968573,0.632081843,1.538415134,73.20697864
0.0023758448,0.09846253403,0.005614214022,4.462022639e-06,2.100793463e-08,4.462072093e-06,0.002354064637,0.6279588845,1.539303225,73.19245678
0.0023970577,0.09803084546,0.005620883451,3.079446075e-06,2.153527182e-08,3.079521374e-06,0.003496557537,0.6238778058,1.540104992,73.16683209
0.0024182706,0.09827475198,0.005619332043,1.698622753e-06,2.202865485e-08,1.698765587e-06,0.006483905852,0.6198398083,1.540820631,73.14403728
0.0024394835,0.09859680385,0.005607617481,3.1982234e-07,2.247651604e-08,3.20611171e-07,0.03508138512,0.6158449012,1.541451375,73.11880368
0.0024606964,0.09894563834,0.00557761937,-1.056702995e-06,2.287756169e-08,1.056950615e-06,1.559973045,0.6118920984,1.541999124,73.10026159
0.0024819093,0.09924907899,0.005490721011,-2.430317251e-06,2.323809916e-08,2.430428347e-06,1.566015595,0.6079822484,1.542466184,73.08409136
0.0025031222,0.09892469908,0.005357640426,-3.800136153e-06,2.356445522e-08,3.800209213e-06,1.567695891,0.6041283323,1.54285468,73.05884829
0.0025243351,0.09795934467,0.005193445743,-5.165952821e-06,2.384903189e-08,5.166007871e-06,1.568488053,0.6003640896,1.543166199,73.03091655
0.002545548,0.0965269338,0.005006304852,-6.528036523e-06,2.407666097e-08,6.528080922e-06,1.568952238,0.5967301905,1.543400998,72.98547115
0.0025667609,0.09474087025,0.004801988049,-7.88647895e-06,2.425761044e-08,7.886516256e-06,1.569258408,0.5932588627,1.543557136,72.94726695
0.0025879738,0.09408300257,0.004587341631,-9.241231774e-06,2.44071472e-08,9.241264005e-06,1.569475773,0.5898896062,1.543632056,72.90378649
0.0026091867,0.09357529372,0.004366209218,-1.059219482e-05,2.45223498e-08,1.059222321e-05,1.569638762,0.5864221279,1.543623599,72.86024187
0.0026303996,0.09327133219,0.004142861945,-1.193919191e-05,2.455653828e-08,1.193921717e-05,1.569767928,0.5831478336,1.543530329,72.79171958
0.0026516125,0.09294750464,0.003918453459,-1.328198123e-05,2.448688113e-08,1.32820038e-05,1.56987452,0.5800788326,1.543351826,72.74934809
0.0026728254,0.09256115786,0.003694115561,-1.462028484e-05,2.44676149e-08,1.462030532e-05,1.569959558,0.5772208437,1.543088059,72.19831598
0.0026940383,0.09210560467,0.003471760862,-1.595382327e-05,2.46293595e-08,1.595384228e-05,1.570024432,0.5745806024,1.543114903,71.70099762
0.0027152512,0.09158970528,0.003252939457,-1.728230695e-05,2.491866116e-08,1.728232491e-05,1.570075397,0.5721669707,1.543118944,71.93114645
0.0027364641,0.09100227289,0.003038619759,-1.860533451e-05,2.525843658e-08,1.860535165e-05,1.570117532,0.5699937247,1.543037147,71.90465255
0.002757677,0.09034406867,0.002828552212,-2.076652972e-05,2.402482412e-08,2.076654362e-05,1.570217876,0.5680735006,1.542868566,71.8765427
0.0027788899,0.08961530413,0.002621724595,-2.207638628e-05,2.423794264e-08,2.207639959e-05,1.570247371,0.5664106302,1.542612598,71.7996515
0.0028001028,0.08881805697,0.00241727772,-2.338669833e-05,2.44162434e-08,2.338671108e-05,1.570274316,0.5650086214,1.542269026,71.71958829
0.0028213157,0.0879556918,0.002214372044,-2.469667423e-05,2.455984305e-08,2.469668644e-05,1.570299097,0.5638673469,1.541839972,71.68933314
0.0028425286,0.08702286004,0.002012683415,-2.600560606e-05,2.466873715e-08,2.600561776e-05,1.57032203,0.5629836013,1.541327776,71.65711615
0.0028637415,0.08603622994,0.001812369925,-2.731286521e-05,2.474282451e-08,2.731287642e-05,1.570343375,0.5623541061,1.540732757,71.62295715
0.0028849544,0.08532087095,0.001614379815,-2.861783951e-05,2.478162565e-08,2.861785024e-05,1.570363352,0.5619779379,1.540055864,71.58784129
0.0029061673,0.08459407463,0.001419397472,-2.991994135e-05,2.478643336e-08,2.991995162e-05,1.570382114,0.5618524368,1.539299202,71.55157277
0.0029273802,0.0838561773,0.001227485327,-3.121860188e-05,2.475789324e-08,3.12186117e-05,1.570399802,0.5619680272,1.538465257,71.51374487
0.0029485931,0.08310517884,0.001038889296,-3.251326253e-05,2.469841064e-08,3.251327191e-05,1.570416506,0.5623108976,1.53755647,71.47520872
0.002969806,0.08486869189,0.0008538963944,-3.380338353e-05,2.46092801e-08,3.380339249e-05,1.570432321,0.562865779,1.536575596,71.43489958
0.0029910189,0.08641175802,0.0006721952693,-3.508845557e-05,2.449073458e-08,3.508846411e-05,1.570447341,0.5636252832,1.53552525,71.3934308
0.0030122318,0.08768951586,0.0004940341312,-3.636797677e-05,2.43408872e-08,3.636798491e-05,1.57046168,0.5645954942,1.534408612,71.34946985
0.0030334447,0.08817586823,0.0003204959383,-3.764144566e-05,2.41598633e-08,3.764145341e-05,1.570475406,0.5657793864,1.533229946,71.03155394
0.0030546576,0.08777841367,0.0001529835273,-3.890837904e-05,2.394720389e-08,3.89083864e-05,1.570488588,0.5671697965,1.531994264,70.44535314
0.0030758705,0.08685464216,8.03301287e-06,-4.016830228e-05,2.370150313e-08,4.016830928e-05,1.570501299,0.5687564323,1.530707758,70.13196594
0.0030970834,0.0856663196,0.0001625518404,-4.142074727e-05,2.342130584e-08,4.142075389e-05,1.570513602,0.5705305638,1.52937728,70.08674916
0.0031182963,0.08570223724,0.0003107811685,-4.266524759e-05,2.310739013e-08,4.266525384e-05,1.570525528,0.5724869037,1.528009546,70.03720283
0.0031395092,0.0876851609,0.0004528577051,-4.390133317e-05,2.276061818e-08,4.390133907e-05,1.570537102,0.5746396827,1.526610895,69.98401427
0.0031607221,0.08949928349,0.0005891012773,-4.512852963e-05,2.238106281e-08,4.512853518e-05,1.570548357,0.5770040089,1.52518788,69.5473627
0.003181935,0.09148851707,0.0007172296473,-4.634635499e-05,2.196969194e-08,4.63463602e-05,1.57055931,0.5795791065,1.523747077,69.12428616
0.0032031479,0.093407451,0.000823493113,-4.75542403e-05,2.152906353e-08,4.755424518e-05,1.570569964,0.5823617332,1.522292691,68.79572242
0.0032243608,0.09525625765,0.0008975448855,-4.875150404e-05,2.106102596e-08,4.875150859e-05,1.570580323,0.5853437071,1.520824978,68.46190582
0.0032455737,0.09695299244,0.0009417822211,-4.993744025e-05,2.056660221e-08,4.993744448e-05,1.570590403,0.5885151172,1.519342333,68.95005511
0.0032667866,0.09875733759,0.0009635421927,-5.111139415e-05,2.008067182e-08,5.111139809e-05,1.570599887,0.5918654232,1.517844582,69.13808064
0.0032879995,0.1006007525,0.0009699481106,-5.227288154e-05,1.958563467e-08,5.227288521e-05,1.570608987,0.5953815666,1.516330553,69.34548712
0.0033092124,0.1025709238,0.0009706029923,-5.342157268e-05,1.910978587e-08,5.34215761e-05,1.570617468,0.5990352307,1.514799395,69.25517144
0.0033304253,0.1047298554,0.0009668560625,-5.455710408e-05,1.866555147e-08,5.455710728e-05,1.570625262,0.6027969152,1.513256016,69.18927055
0.0033516382,0.1062957833,0.0009604904155,-5.567859452e-05,1.455501847e-08,5.567859642e-05,1.570665621,0.6067267256,1.511630538,69.34196638
0.0033728511,0.1076720891,0.0009800806936,-5.678667716e-05,9.880464929e-09,5.678667802e-05,1.57070933,0.6108412218,1.509950286,69.27769751
0.003394064,0.1088843854,0.001044059621,-5.788135115e-05,8.705123318e-09,5.78813518e-05,1.570721129,0.6150900501,1.508286952,69.2138193
0.0034152769,0.1099282379,0.00113601577,-5.896182374e-05,7.859603892e-09,5.896182426e-05,1.570729677,0.6194399731,1.506604529,69.15854326
0.0034364898,0.1109022103,0.001231065641,-6.002728868e-05,6.95750506e-09,6.002728908e-05,1.570738374,0.623856323,1.504892081,68.64853915
0.0034577027,0.1117936761,0.001328118399,-6.107785306e-05,6.000880316e-09,6.107785336e-05,1.570747202,0.6283362064,1.503142997,68.60381543
0.0034789156,0.1126356447,0.001426281327,-6.211403444e-05,5.038349774e-09,6.211403464e-05,1.57075577,0.6328724192,1.501350802,68.55923494
0.0035001285,0.1134371498,0.001524567392,-6.314403604e-05,7.334971341e-10,6.314403604e-05,1.570790519,0.6374595453,1.499515335,68.51627663
0.0035213414,0.1142045853,0.001621990617,-6.4196811e-05,-1.226404502e-09,6.419681101e-05,-1.570786775,0.6420958436,1.497636302,68.47425911
0.0035425543,0.1149060856,0.001717922135,-6.523640511e-05,-1.803321396e-09,6.523640514e-05,-1.570782505,0.6467727958,1.495709147,68.43322391
0.0035637672,0.1155511199,0.001811908342,-6.626304016e-05,-2.592183264e-10,6.626304016e-05,-1.570794371,0.6514785672,1.493733372,68.39319257
0.0035849801,0.1161561851,0.001903735848,-6.728767207e-05,8.467784453e-10,6.728767207e-05,1.570790035,0.6562058703,1.491713528,68.35421527
0.003606193,0.116740915,0.001993262165,-6.830102975e-05,1.561756564e-09,6.830102977e-05,1.570784894,0.6609474948,1.48965693,68.31596702
0.0036274059,0.1172823072,0.002080291211,-6.929750602e-05,7.252764632e-10,6.929750603e-05,1.570791094,0.665698962,1.487569253,68.27904924
0.0036486188,0.1178149793,0.002164464399,-7.02752325e-05,-1.654961737e-10,7.02752325e-05,-1.570795149,0.6704528862,1.48548563,68.24287941
0.0036698317,0.1183354512,0.002245446397,-7.123388471e-05,-1.107558566e-09,7.123388472e-05,-1.570788553,0.6740918512,1.48345826,68.2078021
0.0036910446,0.1188486004,0.002323149967,-7.217328033e-05,-2.095652638e-09,7.217328036e-05,-1.570781809,0.6747418336,1.481417396,68.17357087
0.0037122575,0.1193554271,0.002397559069,-7.309325332e-05,-3.121784151e-09,7.309325339e-05,-1.570774972,0.6754015245,1.479366841,68.14019226
0.0037334704,0.1198529284,0.002468685053,-7.399363544e-05,-4.182738848e-09,7.399363556e-05,-1.570768063,0.6760687897,1.47731057,68.10772308
0.0037546833,0.1203727338,0.002536557521,-7.487424543e-05,-5.276443253e-09,7.487424562e-05,-1.570761091,0.6767422028,1.475251672,68.07605677
0.0037758962,0.1209595405,0.002601182776,-7.573489868e-05,-6.400860812e-09,7.573489895e-05,-1.570754068,0.677420988,1.473192735,68.04526496
0.0037971091,0.1215113125,0.002662502333,-7.657541372e-05,-7.554602339e-09,7.657541409e-05,-1.570746999,0.6781048109,1.471136834,68.01558388
0.003818322,0.122108297,0.002720530809,-7.739557947e-05,-8.736915503e-09,7.739557996e-05,-1.570739884,0.6787936164,1.469087374,67.98639162
0.0038395349,0.1226865637,0.00277533834,-7.819516739e-05,-9.949151578e-09,7.819516803e-05,-1.570732709,0.6794876087,1.467047829,67.9579036
0.0038607478,0.1232719744,0.002826896552,-7.897395004e-05,-1.11914119e-08,7.897395084e-05,-1.570725472,0.6801874704,1.465020856,67.93033102
0.0038819607,0.1238993519,0.002875167164,-7.973169928e-05,-1.245743653e-08,7.973170025e-05,-1.570718206,0.6808922815,1.463008914,67.90412902
0.0039031736,0.1245760746,0.002920218469,-8.046821157e-05,-1.373345834e-08,8.046821275e-05,-1.570710992,0.6816005437,1.461014835,67.87910448
0.0039243865,0.1252257797,0.002962130257,-8.11832978e-05,-1.501299729e-08,8.118329918e-05,-1.570703863,0.6823121388,1.459040882,67.85552907
0.0039455994,0.1258603577,0.003001504034,-8.187674126e-05,-1.633483422e-08,8.187674289e-05,-1.570696574,0.6828480606,1.457089492,67.83215644
0.0039668123,0.1264784579,0.003040442387,-8.254840682e-05,-1.773248604e-08,8.254840872e-05,-1.57068892,0.6833434674,1.455164322,67.81082543
0.0039880252,0.1270848257,0.003091596548,-8.320257179e-05,-9.44466686e-09,8.320257232e-05,-1.57073957,0.6838315427,1.45326826,67.79159004
0.0040092381,0.1278687115,0.003130383406,-8.383536013e-05,1.246605975e-10,8.383536013e-05,1.570795583,0.684312766,1.451408758,67.76515017
0.004030451,0.1282823455,0.003183229125,-8.444911169e-05,1.100143179e-09,8.44491117e-05,1.570789813,0.6847865514,1.449593537,67.72537599
0.0040516639,0.1288250819,0.003218863708,-8.50413001e-05,-1.450121583e-09,8.504130011e-05,-1.570787801,0.6852515312,1.447823765,67.6779743
0.0040728768,0.1292846513,0.003251221608,-8.560998373e-05,-3.797220302e-09,8.560998381e-05,-1.570774149,0.6857060686,1.446094989,67.64050406
0.0040940897,0.129680626,0.003279520946,-8.615484612e-05,-5.961870526e-09,8.615484633e-05,-1.570761727,0.6861515903,1.444405111,67.61884498
0.0041153026,0.1300580894,0.003303841189,-8.66755461e-05,-8.031734443e-09,8.667554647e-05,-1.570749995,0.686590374,1.442756671,67.59732195
0.0041365155,0.1308443618,0.003324232775,-8.717175777e-05,-1.002654828e-08,8.717175835e-05,-1.570738816,0.6870249179,1.441151042,67.58104994
0.0041577284,0.1326493598,0.003340507895,-8.764318817e-05,-1.195616e-08,8.764318899e-05,-1.570728118,0.6874554958,1.439590604,67.54411039
0.0041789413,0.1345262411,0.003352338373,-8.808948184e-05,-1.376828067e-08,8.808948291e-05,-1.570718177,0.6878834274,1.438078746,67.49040192
0.0042001542,0.1364412952,0.003359118766,-8.851033787e-05,-1.540147603e-08,8.851033921e-05,-1.570709323,0.6883132784,1.436619305,67.43422804
0.0042213671,0.1383966111,0.003360308414,-8.890562539e-05,-1.688515556e-08,8.8905627e-05,-1.570701366,0.688746985,1.435215056,67.42316139
0.00424258,0.1348705269,0.003355337878,-8.927514702e-05,-1.826834914e-08,8.927514888e-05,-1.570694012,0.6891896096,1.433867375,67.42612522
0.0042637929,0.133140218,0.003340322246,-8.962011224e-05,-1.948694936e-08,8.962011436e-05,-1.570687607,0.6896431173,1.432592712,67.46942973
0.0042850058,0.1326848121,0.003312224802,-8.994360808e-05,-2.04694981e-08,8.994361041e-05,-1.570682536,0.6900941242,1.4314048,67.47824952
0.0043062187,0.1331670905,0.00327386022,-9.024709486e-05,-2.12802161e-08,9.024709737e-05,-1.570678427,0.6905334697,1.430296435,67.48369322
0.0043274316,0.1338895425,0.003228769019,-9.053011905e-05,-2.209611183e-08,9.053012175e-05,-1.570674289,0.6909659914,1.429260116,67.54956473
0.0043486445,0.1346964707,0.003178959856,-9.079242087e-05,-2.304959357e-08,9.07924238e-05,-1.570669391,0.6913955459,1.428292806,67.60873682
0.0043698574,0.1356209203,0.003125818128,-9.103369298e-05,-2.413424601e-08,9.103369618e-05,-1.57066377,0.6918242018,1.427393228,67.63459782
0.0043910703,0.1366491387,0.003070443906,-9.125354015e-05,-2.5273369e-08,9.125354365e-05,-1.570657848,0.6922497374,1.426562099,67.656732
0.0044122832,0.1377174448,0.003013897616,-9.145138287e-05,-2.640784023e-08,9.145138668e-05,-1.570651945,0.6926677892,1.425803787,67.66698735
0.0044334961,0.138793885,0.002957041467,-9.162685585e-05,-2.753332544e-08,9.162685999e-05,-1.57064608,0.6930762145,1.425119068,67.60285988
0.004454709,0.1398606036,0.002900456715,-9.178002991e-05,-2.863883776e-08,9.178003438e-05,-1.570640308,0.6934725933,1.424504293,67.59032601
0.0044759219,0.1409179055,0.002844541057,-9.191086015e-05,-2.975496095e-08,9.191086497e-05,-1.570634458,0.6938567596,1.423959094,67.91371734
0.0044971348,0.1419530092,0.00278943623,-9.20193985e-05,-3.087660708e-08,9.201940368e-05,-1.570628555,0.6942316196,1.423484992,67.58074689
0.0045183477,0.1429501712,0.002734405844,-9.210652124e-05,-3.195101177e-08,9.210652678e-05,-1.570622881,0.6945976209,1.423081214,67.4689347
0.0045395606,0.1439034562,0.002678427122,-9.217371501e-05,-3.29845967e-08,9.217372091e-05,-1.570617401,0.694951126,1.422743962,67.25762949
0.0045607735,0.1447885486,0.002620959088,-9.222211246e-05,-3.397869437e-08,9.222211872e-05,-1.570612105,0.6952886017,1.422466769,66.93605127
0.0045819864,0.1456074689,0.00256121844,-9.225260507e-05,-3.502683607e-08,9.225261172e-05,-1.570606485,0.6956059749,1.422238143,66.82257266
0.0046031993,0.146378712,0.002498659878,-9.226592859e-05,-3.612643246e-08,9.226593566e-05,-1.570600553,0.6959009111,1.422047781,66.78636319
0.0046244122,0.1470919629,0.002433337897,-9.226246874e-05,-3.725854101e-08,9.226247626e-05,-1.570594411,0.6961740091,1.42189037,66.79961431
0.0046456251,0.1477567068,0.00236546591,-9.224244061e-05,-3.857959222e-08,9.224244868e-05,-1.570587206,0.6964245361,1.42176282,66.96861811
0.004666838,0.1483591214,0.00229542278,-9.220583591e-05,-4.017491806e-08,9.220584466e-05,-1.570578472,0.6966534851,1.421664919,67.09143958
0.0046880509,0.1488695869,0.002223699244,-9.215258719e-05,-4.201424381e-08,9.215259676e-05,-1.570568367,0.6968668263,1.421595682,67.16276189
0.0047092638,0.1493962871,0.0021506345,-9.208263002e-05,-4.404689866e-08,9.208264056e-05,-1.570557156,0.6970730145,1.421554689,67.17536301
0.0047304767,0.1501766955,0.002076643423,-9.19958514e-05,-4.628886342e-08,9.199586305e-05,-1.570544746,0.6917883192,1.421542163,67.14688921
0.0047516896,0.1509046296,0.002003309899,-9.189047155e-05,-4.891067031e-08,9.189048457e-05,-1.570530191,0.6839101495,1.421555551,67.14710328
0.0047729025,0.151594278,0.001931024007,-9.176524688e-05,-5.207512236e-08,9.176526165e-05,-1.570512586,0.6761167201,1.421592468,67.24892139
0.0047941154,0.1522061738,0.001859432075,-9.162068618e-05,-5.573913471e-08,9.162070314e-05,-1.570492143,0.6684245552,1.42165275,67.32970968
0.0048153283,0.1527623711,0.001788600991,-9.145686678e-05,-5.990191948e-08,9.14568864e-05,-1.57046884,0.6608467857,1.421735805,67.36567155
0.0048365412,0.1532723612,0.001718115605,-9.127367138e-05,-6.45625139e-08,9.127369421e-05,-1.570442651,0.6533953807,1.421840178,67.39004547
0.0048577541,0.1537323139,0.001647904734,-9.10709508e-05,-6.974244728e-08,9.10709775e-05,-1.570413425,0.6460806515,1.421964299,67.40328763
0.004878967,0.1541387897,0.001577903338,-9.084853607e-05,-7.550249617e-08,9.084856745e-05,-1.570380786,0.6389127147,1.422106498,67.41764729
0.0049001799,0.154493086,0.001508284667,-9.060626859e-05,-8.18676632e-08,9.060630557e-05,-1.57034455,0.6319020964,1.422265021,67.4332433
0.0049213928,0.154799866,0.001439227458,-9.034399988e-05,-8.886346073e-08,9.034404358e-05,-1.570304521,0.6250594406,1.422438055,67.6522098
0.0049426057,0.1604473284,0.001371014506,-9.006159073e-05,-9.651354891e-08,9.006164244e-05,-1.570260507,0.6183953976,1.422623698,67.65943145
0.0049638186,0.1647006201,0.001307884882,-8.975700224e-05,-1.011801551e-07,8.975705927e-05,-1.570232693,0.6117275783,1.422813532,67.88854848
0.0049850315,0.1678010064,0.001252034081,-8.942516584e-05,-4.21748057e-08,8.942517578e-05,-1.570560516,0.6049698492,1.422999734,67.91203955
0.0050062444,0.1701990561,0.001201639275,-8.906946476e-05,6.062130413e-09,8.906946497e-05,1.570762296,0.5982672308,1.423184915,67.9299648
0.0050274573,0.1722438381,0.001155722375,-8.868803346e-05,5.882429812e-09,8.868803366e-05,1.570763163,0.5916929942,1.423371076,67.98196178
0.0050486702,0.1738259571,0.001112567219,-8.828414548e-05,5.84749972e-09,8.828414567e-05,1.570763209,0.5852919994,1.423556077,67.99584871
0.0050698831,0.1753132109,0.001071745727,-8.785775537e-05,6.01206218e-09,8.785775557e-05,1.570762112,0.5790884559,1.423737904,68.04253455
0.005091096,0.1765177031,0.001032967107,-8.74089353e-05,6.376356327e-09,8.740893553e-05,1.570759853,0.5731171352,1.423907114,68.04705919
0.0051123089,0.1775446042,0.0009962353802,-8.693780288e-05,6.866014149e-09,8.693780315e-05,1.570756839,0.5674068157,1.424053049,68.05189105
0.0051335218,0.1784339443,0.0009616973241,-8.644435666e-05,7.42016936e-09,8.644435698e-05,1.570753408,0.561969186,1.424170586,68.0645194
0.0051547347,0.1792066294,0.0009294938383,-8.592862653e-05,8.06662516e-09,8.59286269e-05,1.570749389,0.5568158106,1.424255118,68.09142736
0.0051759476,0.1798792349,0.0008990756111,-8.539069499e-05,8.824762537e-09,8.539069545e-05,1.570744654,0.5519577914,1.42430246,68.36107564
0.0051971605,0.1805522477,0.0008699386853,-8.483057318e-05,9.686392239e-09,8.483057374e-05,1.570739234,0.5474058078,1.424308706,68.61545712
0.0052183734,0.1811044739,0.0008425456575,-8.42484787e-05,1.133157765e-08,8.424847946e-05,1.570729076,0.543698429,1.424282611,68.65050428
0.0052395863,0.1735902302,0.0008169249734,-8.364448413e-05,1.408573093e-08,8.364448532e-05,1.570712127,0.5411384313,1.42423738,68.66101794
0.0052607992,0.1724023738,0.0007925737217,-8.301857816e-05,1.694341842e-08,8.301857989e-05,1.570694281,0.5393886365,1.424171803,68.6954634
0.0052820121,0.1744312906,0.0007690794549,-8.237077936e-05,1.9435109e-08,8.237078166e-05,1.570678353,0.5382980524,1.424080298,68.72784948
0.005303225,0.1764693798,0.0007457837756,-8.170090862e-05,2.183216919e-08,8.170091153e-05,1.570662716,0.537765904,1.423961554,68.75919319
0.0053244379,0.1785304004,0.0007225263056,-8.100895111e-05,2.426862556e-08,8.100895475e-05,1.570646537,0.5377230259,1.423814246,68.7903865
0.0053456508,0.1807044959,0.0006999077809,-8.029498661e-05,2.679442214e-08,8.029499108e-05,1.570629477,0.5381221798,1.423636359,68.81938457
0.0053668637,0.1828803811,0.0006786466267,-7.955913387e-05,2.943222433e-08,7.955913931e-05,1.570611356,0.5389336086,1.423425467,68.84278927
0.0053880766,0.1845821545,0.0006591864651,-7.88015238e-05,3.219349316e-08,7.880153037e-05,1.570592057,0.5401434192,1.423177871,68.87669509
0.0054092895,0.1859257748,0.0006418735823,-7.802232027e-05,3.510131499e-08,7.802232817e-05,1.570571383,0.5417410256,1.422889387,68.92426735
0.0054305024,0.1869911219,0.000626921186,-7.722174228e-05,3.818270929e-08,7.722175172e-05,1.570549099,0.5437168844,1.422555804,68.96404612
0.0054517153,0.1877997641,0.0006143971486,-7.640003053e-05,4.143660758e-08,7.640004177e-05,1.570525145,0.5457934709,1.422173035,68.99264664
0.0054729282,0.1883747745,0.0006042955573,-7.555741208e-05,4.486190998e-08,7.55574254e-05,1.570499454,0.5478505714,1.421737114,69.02027254
0.0054941411,0.1887433373,0.0005966466725,-7.469411546e-05,4.847080299e-08,7.469413119e-05,1.570471865,0.550270615,1.421244264,69.04575712
0.005515354,0.1889293311,0.0005915256659,-7.381038763e-05,5.226880747e-08,7.381040614e-05,1.570442252,0.5530430449,1.42069073,69.06978336
0.0055365669,0.1889525239,0.0005890458535,-5.734309912e-05,1.950636343e-05,6.057003575e-05,1.406851187,0.556156497,1.420072772,69.09421364
0.0055577798,0.1888299737,0.0005876720048,-5.679440753e-05,1.909416318e-05,5.99182092e-05,1.408633083,0.5595989208,1.419386655,69.11829067
0.0055789927,0.188721048,0.0005829237856,-4.129312415e-05,-6.695073042e-07,4.129855133e-05,-1.562690272,0.56335855,1.418594916,69.13877189
0.0056002056,0.1885459386,0.0005736989065,-4.088791519e-05,-5.148464341e-07,4.089115644e-05,-1.564500833,0.5674229785,1.417628635,69.16857853
0.0056214185,0.1882295673,0.000570251218,-4.033046263e-05,-3.970597858e-07,4.033241714e-05,-1.565873907,0.5641528038,1.416436835,69.21899311
0.0056426314,0.1877836833,0.000575280344,-3.963513738e-05,-3.08332272e-07,3.963633666e-05,-1.566906772,0.5583942008,1.414994884,69.28845622
0.0056638443,0.1872092483,0.0005868253627,-3.882173726e-05,-2.387337154e-07,3.88224713e-05,-1.567721623,0.5527398254,1.413303955,68.76716384
0.0056850572,0.1865166192,0.0006058511361,-3.796219537e-05,-1.850251178e-07,3.796264627e-05,-1.568359381,0.5471941505,1.411384311,68.81646518
0.0057062701,0.1857081945,0.0006344612922,-3.706815524e-05,-1.426783082e-07,3.706842983e-05,-1.568871796,0.5417615902,1.40925955,68.54253794
0.005727483,0.1805697683,0.000674609379,-3.61491047e-05,-1.109119404e-07,3.614927485e-05,-1.569262242,0.5364462301,1.406950257,68.97037233
0.0057486959,0.1762404873,0.0007289614141,-3.520913352e-05,-8.564690124e-08,3.520923769e-05,-1.569580069,0.5314147281,1.404465406,69.01483423
0.0057699088,0.172409427,0.0008000384782,-3.425291586e-05,-6.531031622e-08,3.425297813e-05,-1.569842974,0.5267574522,1.401816112,69.05466325
0.0057911217,0.1689330398,0.0008893682162,-3.328404675e-05,-4.863441091e-08,3.328408229e-05,-1.570065731,0.5223635605,1.399020807,69.28799136
0.0058123346,0.1657152007,0.0009851614306,-3.230488666e-05,-3.484788695e-08,3.230490546e-05,-1.570256968,0.5181740271,1.396090804,69.27739469
0.0058335475,0.1627036653,0.001068813182,-3.131708682e-05,-2.34672859e-08,3.131709561e-05,-1.570421655,0.5141546886,1.393034527,69.32361314
0.0058547604,0.1598567076,0.00113710828,-3.03218184e-05,-1.417288681e-08,3.032182171e-05,-1.570562619,0.5102845709,1.389856914,69.56298393
0.0058759733,0.1571442067,0.001191114734,-2.931983579e-05,-6.750721215e-09,2.931983657e-05,-1.570681205,0.5065495853,1.386558877,69.60180886
0.0058971862,0.1545430592,0.001230874059,-2.831503893e-05,3.837126627e-09,2.831503919e-05,1.570728569,0.5029407826,1.383142492,69.84754976
0.0059183991,0.1521656309,0.001254722022,-2.730513366e-05,1.360586438e-08,2.730513705e-05,1.570547182,0.4994527504,1.379611239,70.05881551
0.005939612,0.1499889779,0.001260480693,-2.629045407e-05,2.266096393e-08,2.629046384e-05,1.570365354,0.4960797602,1.375967807,70.15211858
0.0059608249,0.147959857,0.001248101543,-2.527122476e-05,3.099791778e-08,2.527124377e-05,1.570183022,0.4928158643,1.372214807,70.22625637
0.0059820378,0.1465203844,0.001218426932,-2.424758815e-05,3.853291846e-08,2.424761877e-05,1.570001755,0.4896582464,1.368354944,70.22188275
0.0060032507,0.145063825,0.001178332662,-2.321964577e-05,4.541684045e-08,2.321969019e-05,1.569818345,0.486606932,1.364389787,70.26604632
0.0060244636,0.1435677989,0.001130666087,-2.218748118e-05,5.183172018e-08,2.218754172e-05,1.569628289,0.4836645045,1.360320459,70.30171104
0.0060456765,0.1420440089,0.001074433319,-2.115129558e-05,5.790405573e-08,2.115137484e-05,1.569427524,0.4808380241,1.356148508,70.61353366
0.0060668894,0.1405329523,0.001009937711,-2.011136403e-05,6.374520911e-08,2.011146505e-05,1.569211526,0.4781374977,1.351875537,70.64074009
0.0060881023,0.1390000385,0.0009390337071,-1.906794053e-05,6.941717313e-08,1.906806689e-05,1.568976076,0.4755707658,1.347504257,70.68248105
0.0061093152,0.1372159226,0.0008667258919,-1.802123027e-05,7.493526687e-08,1.802138606e-05,1.568717256,0.4731433387,1.343037952,70.71045279
0.0061305281,0.1354795629,0.0007938886359,-1.697144223e-05,8.022750034e-08,1.697163186e-05,1.568432741,0.4708593314,1.338479776,70.75030872
0.006151741,0.1337859554,0.0007188158237,-1.591882419e-05,8.526959673e-08,1.591905256e-05,1.568118089,0.4687216724,1.33701927,70.78959065
0.0061729539,0.1321131209,0.0006398697526,-1.486365469e-05,9.01220367e-08,1.48639279e-05,1.56776474,0.4667337443,1.34265218,70.83861928
0.0061941668,0.1304540825,0.0005568993353,-1.380621478e-05,9.482757387e-08,1.380654044e-05,1.567362146,0.4648974471,1.348189118,70.8709738
0.0062153797,0.1288090031,0.0004699668851,-1.274677258e-05,9.941035891e-08,1.274716021e-05,1.566896973,0.463213061,1.353629746,70.35276881
0.0062365926,0.1271762251,0.000379208201,-1.16855996e-05,1.038903167e-07,1.168606141e-05,1.566351216,0.4616807181,1.358973672,70.38365408
0.0062578055,0.1255539191,0.0002848168604,-1.062296067e-05,1.082867736e-07,1.062351257e-05,1.565699677,0.4602999373,1.364220508,70.41101352
0.0062790184,0.1256109961,0.0001875969399,-9.559117035e-06,1.126167483e-07,9.559780386e-06,1.564906058,0.459069861,1.369369827,70.4527102
0.0063002313,0.1257875861,8.89914019e-05,-8.494344417e-06,1.168848738e-07,8.495148565e-06,1.563916602,0.4579889365,1.374420948,70.45723454
0.0063214442,0.1259100204,9.023430401e-06,-7.412902168e-06,1.139937486e-07,7.4137786e-06,1.563108058,0.4570553436,1.379373154,70.47371098
0.0063426571,0.1259840464,0.0001047494658,-6.310010302e-06,1.017571863e-07,6.310830733e-06,1.56273387,0.4562664791,1.384225768,70.43966896
0.00636387,0.1260132494,0.0001969879551,-5.205914701e-06,8.909281265e-08,5.206677002e-06,1.562240278,0.4556182829,1.388978033,70.45630026
0.0063850829,0.1259988447,0.0002844802792,-4.100878786e-06,7.601011531e-08,4.101583152e-06,1.561529848,0.4551062619,1.393629202,70.46963269
0.0064062958,0.1259442575,0.0003659971195,-2.965249059e-06,7.638952747e-08,2.966232853e-06,1.557918381,0.4547259254,1.398178477,70.49825308
0.0064275087,0.1258517993,0.0004402707978,-1.819082936e-06,8.114381164e-08,1.820891827e-06,1.548507608,0.4544724033,1.402625053,70.52585295
0.0064487216,0.1257235767,0.0005066869027,-6.720680479e-07,8.598974525e-08,6.77546823e-07,1.50716805,0.454340442,1.406968083,70.76828758
0.0064699345,0.1255610883,0.0005648704403,4.753826324e-07,9.091931197e-08,4.839989343e-07,0.09448647685,0.4543243866,1.411206729,70.77365449
0.0064911474,0.1253648242,0.0006141906268,1.622871284e-06,9.593764711e-08,1.625704535e-06,0.02952363629,0.4544181849,1.415340206,71.0180883
0.0065123603,0.1251346979,0.0006535771075,2.192178029e-06,1.043669652e-07,2.194661015e-06,0.02378643938,0.4546153957,1.419367705,71.02490803
0.0065335732,0.1248796408,0.0006819748537,3.099037835e-06,1.395569835e-07,3.102178534e-06,0.02250097758,0.4549091943,1.423390203,71.02373551
0.0065547861,0.1245942242,0.0006987951214,4.122349392e-06,1.71534923e-07,4.125916715e-06,0.02079348531,0.4552922104,1.427460896,71.27066131
0.006575999,0.124282119,0.0007038519359,5.280616364e-06,1.840843329e-07,5.283824015e-06,0.01742313825,0.4557573813,1.431429822,71.53300013
0.0065972119,0.1239397063,0.0006977093798,6.44147073e-06,1.847909343e-07,6.444120798e-06,0.01433991348,0.4562990881,1.435296057,71.53841909
0.0066184248,0.1235684644,0.0006807820806,7.514200288e-06,1.897189865e-07,7.516594924e-06,0.01262134902,0.4569120041,1.439058584,71.53954341
0.0066396377,0.1231767184,0.0006528433643,8.592249967e-06,1.946624759e-07,8.594454781e-06,0.01132585654,0.4575920956,1.442716505,71.53653436
0.0066608506,0.1227848999,0.0006129684883,9.674952446e-06,1.996394681e-07,9.677011975e-06,0.01031587192,0.4583386264,1.446269171,71.53031123
0.0066820635,0.1223636822,0.0005567165767,1.076162451e-05,2.046550095e-07,1.076357031e-05,0.009507409566,0.4591410305,1.449718169,71.52637113
0.0067032764,0.121913507,0.0004625489777,1.185148696e-05,2.096611532e-07,1.185334135e-05,0.008844429647,0.4599935487,1.45306593,71.52447511
0.0067244893,0.1214383774,0.000336430791,1.294368402e-05,2.146925653e-07,1.294546442e-05,0.008292572639,0.4609104865,1.456314545,71.50985602
0.0067457022,0.1209383307,0.0001893358831,1.403750631e-05,2.197852283e-07,1.403922679e-05,0.007827860113,0.4618890935,1.459464668,71.49028136
0.0067669151,0.1204127263,2.607631637e-05,1.513238263e-05,2.248845046e-07,1.513405356e-05,0.007430024629,0.4629135117,1.462515075,71.46791007
0.006788128,0.1199042344,0.0001517120342,1.622770992e-05,2.299972388e-07,1.622933972e-05,0.00708608428,0.4639783476,1.465465575,71.44200818
0.0068093409,0.1193650448,0.0003431285209,1.732282826e-05,2.35172155e-07,1.732442452e-05,0.006787509099,0.4650808083,1.468316606,71.4033322
0.0068305538,0.1187145365,0.0005483019103,1.841708875e-05,2.404245623e-07,1.841865798e-05,0.00652684334,0.4662201009,1.471065963,70.8505214
0.0068517667,0.1179758911,0.0007677626183,1.950965386e-05,2.457161964e-07,1.951120115e-05,0.006296964755,0.4673921493,1.473727823,70.80247832
0.0068729796,0.1171829817,0.001002311307,2.059965165e-05,2.510183338e-07,2.060118099e-05,0.006092479495,0.468574595,1.476328941,70.83866747
0.0068941925,0.1163483725,0.001252854417,2.168644632e-05,2.563522094e-07,2.168796141e-05,0.005910149281,0.4697426913,1.478883608,70.34530762
0.0069154054,0.1155442874,0.001519918349,2.276950847e-05,2.617353443e-07,2.277101274e-05,0.005747243457,0.4708885251,1.481397009,70.33865307
0.0069366183,0.114668873,0.00180179299,2.384859301e-05,2.675242165e-07,2.385009345e-05,0.005608569778,0.4720102767,1.483870726,70.33258655
0.0069578312,0.1138756495,0.002097001831,2.49234262e-05,2.739226883e-07,2.492493143e-05,0.005495064316,0.4731073341,1.486304052,70.31887632
0.0069790441,0.1130100821,0.002402129257,2.599392978e-05,2.805278465e-07,2.599544347e-05,0.005395816615,0.4741820482,1.488692645,70.30543308
0.007000257,0.112118712,0.002709014632,2.705993938e-05,2.870611723e-07,2.706146196e-05,0.005303973536,0.4752417096,1.491029498,70.29060408
0.0070214699,0.1111916988,0.003015539856,2.820596121e-05,2.160869102e-07,2.820678892e-05,0.003830443523,0.4762982119,1.493309473,70.23163223
0.0070426828,0.1102378874,0.003318027265,2.925893378e-05,4.392209775e-08,2.925896675e-05,0.0007505752788,0.4773492816,1.49553158,70.21692843
0.0070638957,0.1092676599,0.003612630234,3.278058499e-05,3.132462737e-07,3.278208163e-05,0.004777778366,0.4783709952,1.497693334,70.16088061
0.0070851086,0.1082797064,0.003897627636,3.402111604e-05,3.192302227e-07,3.402261372e-05,0.004691510618,0.4793558158,1.499791644,70.1419427
0.0071063215,0.1072815605,0.00417229898,3.174532441e-05,1.029220818e-05,3.337207172e-05,0.1567594086,0.4803264076,1.501824879,70.12194221
0.0071275344,0.1062711083,0.004432132703,3.307186658e-05,1.00792947e-05,3.457369724e-05,0.1479133379,0.4812950513,1.503791458,70.09940728
0.0071487473,0.1052402379,0.004678052105,3.457249944e-05,1.005530666e-05,3.600509561e-05,0.1415192545,0.4822629343,1.505690862,70.0786562
0.0071699602,0.1041981531,0.004908145538,3.8594308e-05,9.916230063e-06,3.984786354e-05,0.1257475169,0.4832357648,1.507522963,70.01278386
0.0071911731,0.1032066276,0.005120841548,4.01302874e-05,9.762087066e-06,4.130058488e-05,0.1193124934,0.4842161002,1.509288295,69.98766055
0.007212386,0.1023568486,0.005315414705,4.165205861e-05,9.619586255e-06,4.274845525e-05,0.1134857289,0.4852100763,1.510988068,69.92422928
0.0072335989,0.1015065222,0.005491321256,4.315285175e-05,9.488272195e-06,4.418366127e-05,0.1082159664,0.4862235995,1.512623883,69.88647444
0.0072548118,0.1006522668,0.005648218518,4.460837858e-05,9.367996309e-06,4.558143037e-05,0.1034986393,0.4872566086,1.514196564,69.84723834
0.0072760247,0.09979468558,0.005786140698,4.116951742e-05,-1.421817182e-06,4.119406181e-05,-0.01726097853,0.4883079415,1.515706887,69.80463264
0.0072972376,0.09893244724,0.00590943715,4.276386987e-05,-1.247692192e-06,4.278206753e-05,-0.01458402082,0.4893767933,1.517156509,69.75957742
0.0073184505,0.09806701511,0.006019453065,4.431774702e-05,-1.090831178e-06,4.433116978e-05,-0.01230444958,0.4904626093,1.518547043,69.71151956
0.0073396634,0.09718216898,0.006119141221,4.583497939e-05,-9.492384249e-07,4.584480766e-05,-0.01035347635,0.4915649806,1.519880026,69.85407553
0.0073608763,0.09628350229,0.006212009397,4.731874006e-05,-8.212387276e-07,4.732586601e-05,-0.008676861279,0.4926752061,1.521156308,69.79882613
0.0073820892,0.09536827166,0.006298042827,4.877152355e-05,-7.057840748e-07,4.877663006e-05,-0.007235111413,0.4937842495,1.522376301,69.49757381
0.0074033021,0.09444226374,0.006377231359,5.019554075e-05,-6.016323699e-07,5.019914613e-05,-0.005992599676,0.4948915293,1.523540926,69.20040856
0.007424515,0.09349481825,0.006449732716,5.157555545e-05,-5.073622062e-07,5.157805092e-05,-0.004918471906,0.4959965839,1.524651675,69.14236194
0.0074457279,0.09253334256,0.006513381602,5.292956381e-05,-4.214737542e-07,5.293124186e-05,-0.003981374641,0.4971098435,1.525711525,69.08033479
0.0074669408,0.09155447056,0.006560253138,5.426055527e-05,-3.428197257e-07,5.426163823e-05,-0.003158972135,0.4982439252,1.526723443,69.01374057
0.0074881537,0.09055878153,0.006585434269,5.556956648e-05,-2.705032163e-07,5.557022486e-05,-0.002433895897,0.499400457,1.527688618,68.94182524
0.0075093666,0.08954803594,0.006585251729,5.685740219e-05,-2.037505534e-07,5.685776726e-05,-0.001791760381,0.5005795843,1.52860772,68.86409326
0.0075305795,0.08858162075,0.006562552054,5.792742398e-05,1.186552845e-06,5.793957505e-05,0.01024028739,0.5017804247,1.529481655,68.78077121
0.0075517924,0.08776054771,0.006520205665,5.917339041e-05,1.311101695e-06,5.918791363e-05,0.01107666128,0.5030031888,1.530312407,68.99580755
0.0075730053,0.08707649929,0.006458522136,6.040212507e-05,1.428908902e-06,6.041902427e-05,0.01182609415,0.5042507096,1.531103467,68.66034403
0.0075942182,0.08655388893,0.006378324605,6.161375952e-05,1.540544177e-06,6.163301581e-05,0.01249902034,0.5055258008,1.531859367,68.16045505
0.0076154311,0.08618855279,0.006292332601,6.262797881e-05,3.524593609e-07,6.262897059e-05,0.00281388324,0.5068318066,1.532584377,68.37674084
0.007636644,0.08561909047,0.006199607512,6.380448441e-05,3.64771873e-07,6.380552711e-05,0.002858481675,0.5081721178,1.533282017,68.6276261
0.0076578569,0.08515437326,0.00609868099,6.496760257e-05,3.765363402e-07,6.496869372e-05,0.002897845305,0.5095482024,1.533955808,68.54275829
0.0076790698,0.08464139847,0.00598982234,6.611712123e-05,3.877377585e-07,6.611825815e-05,0.002932170264,0.5109560373,1.534613944,68.45693093
0.0077002827,0.08407620222,0.005873279316,6.725288949e-05,3.983797608e-07,6.72540694e-05,0.002961769407,0.5123857401,1.535260151,68.38306948
0.0077214956,0.08352795561,0.005747930908,6.837465077e-05,4.084933577e-07,6.8375871e-05,0.00298713407,0.514047765,1.535856951,68.33477146
0.0077427085,0.08309107764,0.005619508312,6.94809357e-05,4.172942864e-07,6.94821888e-05,0.003002904789,0.5160180273,1.536395789,68.04389858
0.0077639214,0.08281411077,0.005503140612,7.056956198e-05,4.249064206e-07,7.057084117e-05,0.003010513839,0.5181253935,1.536896996,67.95122127
0.0077851343,0.08280604866,0.00540532513,7.164006716e-05,4.323666356e-07,7.164137187e-05,0.003017594785,0.5203286541,1.53734415,67.87096817
0.0078063472,0.08287539809,0.00532307046,7.269393471e-05,4.414329196e-07,7.269527499e-05,0.00303620581,0.522595623,1.537730236,67.79478939
0.0078275601,0.08278575705,0.005254177699,7.373981466e-05,4.66054167e-07,7.374128744e-05,0.003160083624,0.5248969012,1.538061518,67.82064356
0.007848773,0.08250695384,0.005198555121,7.477079964e-05,4.906174347e-07,7.477240924e-05,0.003280761983,0.5272462813,1.538342801,67.76157062
0.0078699859,0.08206181935,0.005154094516,7.578857769e-05,5.149754708e-07,7.579032727e-05,0.003397395499,0.5296523946,1.538573459,67.70352111
0.0078911988,0.08261782209,0.005119144064,7.679422204e-05,5.390885921e-07,7.67961142e-05,0.003509897768,0.5320927571,1.538747313,67.64776354
0.0079124117,0.08324027799,0.005093032586,7.779591225e-05,5.629911047e-07,7.779794934e-05,0.003618321713,0.5345515314,1.538864358,67.61779447
0.0079336246,0.08368800893,0.005074582071,7.882542683e-05,5.780731002e-07,7.882754648e-05,0.003666727606,0.5370229405,1.538928212,67.55922678
0.0079548375,0.08386156871,0.00506149423,7.986177338e-05,5.821239013e-07,7.986389494e-05,0.003644507048,0.5395069281,1.538940743,67.50599058
0.0079760504,0.08404484824,0.005052646382,8.0888574e-05,5.852171855e-07,8.089069096e-05,0.00361736489,0.5420038566,1.538904671,67.45128187
0.0079972633,0.08275000943,0.005047229662,8.190718493e-05,5.871077328e-07,8.190928909e-05,0.003583920498,0.5445129492,1.538823986,67.42255036
0.0080184762,0.0761524929,0.005044921547,8.292067063e-05,5.869488732e-07,8.292274794e-05,0.003539160176,0.5467843889,1.538741374,67.4131264
0.0080396891,0.07513026287,0.00504272822,8.393399191e-05,5.841794622e-07,8.393602483e-05,0.003479937129,0.5487119638,1.538679036,67.36667343
0.008060902,0.07398025418,0.005037977863,8.495673348e-05,5.817342999e-07,8.495872514e-05,0.003423655692,0.5504980002,1.538615721,67.09742482
0.0080821149,0.07273359872,0.005030849766,8.603280408e-05,5.897287423e-07,8.603482526e-05,0.003427294463,0.5522117969,1.538541601,66.8344934
0.0081033278,0.07140447363,0.005021262969,8.715801676e-05,5.648262531e-07,8.715984691e-05,0.00324019733,0.5538898257,1.538450423,66.79829871
0.0081245407,0.07000691355,0.005007490215,8.828120439e-05,5.430819026e-07,8.828287482e-05,0.003075824893,0.5555667945,1.538340193,66.75889391
0.0081457536,0.07107622108,0.004988567041,8.940147884e-05,5.2637306e-07,8.94030284e-05,0.002943838204,0.5572601807,1.538210672,66.7224759
0.0081669665,0.0732619599,0.004964180109,9.051723261e-05,5.170039908e-07,9.051870907e-05,0.00285580079,0.5589800883,1.538063631,66.6863276
0.0081881794,0.0755381063,0.004934554101,9.162592497e-05,5.17745477e-07,9.162738775e-05,0.002825291896,0.5607302849,1.537901009,66.64899718
0.0082093923,0.07790416012,0.004899922928,9.272352231e-05,5.319092382e-07,9.272504795e-05,0.002868222596,0.5625127313,1.537724693,66.63960935
0.0082306052,0.08033779137,0.004860471524,9.367395137e-05,5.623535722e-07,9.367563935e-05,0.00300161789,0.5643267868,1.537537202,66.6006391
0.0082518181,0.08271324857,0.004816967087,9.456043891e-05,5.880307109e-07,9.456226725e-05,0.003109244934,0.566170849,1.537341028,66.55969478
0.008273031,0.08515038414,0.004769442769,9.53452162e-05,6.005161715e-07,9.534710731e-05,0.00314912617,0.5680428533,1.537138646,66.55003887
0.0082942439,0.0876123014,0.004717486727,9.609254203e-05,6.11640706e-07,9.609448859e-05,0.003182517775,0.569940921,1.53693401,66.506895
0.0083154568,0.09009523162,0.004661371077,9.681747529e-05,6.228819261e-07,9.681947895e-05,0.003216740214,0.5718547102,1.536730302,66.45917572
0.0083366697,0.09257694391,0.004601864279,9.752013142e-05,6.336466973e-07,9.752218999e-05,0.003248753724,0.5737695784,1.536529988,66.41289714
0.0083578826,0.09512823536,0.004539249876,9.820063673e-05,6.435072916e-07,9.820274516e-05,0.003276445562,0.5756787494,1.536334746,66.37211278
0.0083790955,0.09794389186,0.00447358088,9.885874827e-05,6.525396708e-07,9.886090186e-05,0.003300315882,0.5775796684,1.536146128,66.32851002
0.0084003084,0.1007067886,0.004405798353,9.949430846e-05,6.608622749e-07,9.949650323e-05,0.003321057086,0.5794697242,1.535966793,66.28523733
0.0084215213,0.1034491803,0.004336216916,0.0001001071561,6.685683204e-07,0.0001001093886,0.003339213732,0.5813471361,1.535798896,66.24248594
0.0084427342,0.1061792565,0.004265724309,0.00010069715,6.757154781e-07,0.0001006994171,0.003355136347,0.583210154,1.53564484,66.20037872
0.0084639471,0.1088863429,0.004194527924,0.0001012641916,6.823401794e-07,0.0001012664904,0.003369057918,0.5850573553,1.535507493,66.16036931
0.00848516,0.1115122585,0.00412275917,0.00010180821,6.884699518e-07,0.0001018105378,0.003381158836,0.5868889455,1.535389804,66.12225609
0.0085063729,0.1141751025,0.004050525513,0.0001023291872,6.941223161e-07,0.0001023315413,0.003391562513,0.5887064733,1.535294549,66.08659683
0.0085275858,0.1167356539,0.003977940336,0.0001028271331,6.993200173e-07,0.0001028295111,0.003400412006,0.590510771,1.5352248,66.0407122
0.0085487987,0.1192309357,0.003905099957,0.0001033021129,7.040980689e-07,0.0001033045124,0.003407903023,0.5923040152,1.535184156,66.00792196
0.0085700116,0.1216821743,0.003832218462,0.0001037542687,7.084417093e-07,0.0001037566873,0.003413983388,0.5940875559,1.535175495,65.96517729
0.0085912245,0.1241189159,0.003759550907,0.0001041836423,7.123051913e-07,0.0001041860773,0.003418454551,0.5958603686,1.535200989,65.91912114
0.0086124374,0.1265301685,0.003687109891,0.0001045902411,7.157241674e-07,0.00010459269,0.003421509444,0.5976225677,1.53526241,65.88511272
0.0086336503,0.1289063271,0.003615098978,0.0001050102655,7.802586442e-07,0.0001050131642,0.003715085768,0.5993734557,1.53536165,65.85231964
0.0086548632,0.1312419692,0.003543723257,0.000105376132,9.743610191e-07,0.0001053806367,0.004623121162,0.6011123508,1.535503029,65.83762519
0.0086760761,0.1335363613,0.003473036609,0.0001019107738,6.910945178e-07,0.000101913117,0.003390632309,0.6028387091,1.535693041,65.82743863
0.008697289,0.1358076711,0.003403170654,0.0001021950382,6.92708052e-07,0.0001021973859,0.00338909528,0.6045518673,1.535937939,65.83026085
0.0087185019,0.1381808165,0.003334166692,0.0001024594306,6.941141919e-07,0.0001024617817,0.003387211745,0.6062515252,1.536238306,65.76525383
0.0087397148,0.1406847915,0.003265976638,0.0001026953537,6.923556471e-07,0.0001026976876,0.003370868946,0.6079378469,1.536590627,65.77488542
0.0087609277,0.1431527299,0.003198488186,0.0001029062976,6.900483822e-07,0.0001029086112,0.003352749326,0.6096107322,1.536994381,65.79759593
0.0087821406,0.145577475,0.003131553941,0.0001030883963,6.916971413e-07,0.0001030907168,0.00335482356,0.6112691704,1.537451325,65.82303602
0.0088033535,0.147952804,0.003065150961,0.0001032503186,6.932720407e-07,0.0001032526461,0.003357188781,0.6129127345,1.537964882,65.61463883
0.0088245664,0.1502749257,0.002999169866,0.0001033922232,6.947957507e-07,0.0001033945577,0.003359949477,0.6145402823,1.538538518,65.63401392
0.0088457793,0.1523999649,0.002933535485,0.0001035144619,6.963720324e-07,0.0001035168042,0.003363595361,0.6161509289,1.53917094,65.53920575
0.0088669922,0.1543671823,0.00286841168,0.0001036173831,6.981118406e-07,0.0001036197348,0.003368649434,0.6177462863,1.539855769,65.40059104
0.0088882051,0.1563387506,0.002803916642,0.0001037013842,7.000018075e-07,0.0001037037467,0.003375032944,0.6193270299,1.540591566,65.28875516
0.008909418,0.1582804468,0.002740016861,0.0001037669804,7.019919518e-07,0.0001037693548,0.003382488536,0.6208929023,1.541569054,65.44932918
0.0089306309,0.1602180549,0.0026768946,0.0001038146477,7.039892063e-07,0.0001038170346,0.003390554374,0.6224424678,1.542807492,65.49073224
0.0089518438,0.1620512208,0.002615180392,0.0001038448298,7.059339421e-07,0.0001038472292,0.003398932184,0.6239726749,1.544088035,65.67782062
0.0089730567,0.1638671458,0.002555713897,0.0001038577216,7.07795194e-07,0.0001038601334,0.003407470459,0.625480053,1.545406965,65.79423018
0.0089942696,0.1656778151,0.002498629432,0.0001038534071,7.095360621e-07,0.0001038558308,0.003415992998,0.6266383381,1.546762948,65.78341779
0.0090154825,0.1674542269,0.002443541849,0.0001038321805,7.111526318e-07,0.0001038346159,0.003424475478,0.627063208,1.548152505,65.85309216
0.0090366954,0.169222947,0.002390536148,0.0001037946707,7.126088928e-07,0.0001037971169,0.003432727768,0.6275801137,1.549563883,65.6967911
0.0090579083,0.1709534532,0.002339746669,0.0001037416294,7.138859633e-07,0.0001037440856,0.00344063757,0.6281907048,1.550987197,65.68017212
0.0090791212,0.1726489955,0.002291419002,0.0001036736218,7.150318633e-07,0.0001036760876,0.003448420695,0.6288965781,1.552412866,65.72765136
0.0091003341,0.1743166621,0.002245855815,0.0001035909646,7.161145261e-07,0.0001035934397,0.003456397584,0.626692876,1.553832336,65.73640223
0.009121547,0.1759703884,0.002203205979,0.0001034937049,7.171314596e-07,0.0001034961895,0.003464558463,0.6245264624,1.555242609,65.73456357
0.0091427599,0.1775941839,0.002163642847,0.00010338183,7.180769315e-07,0.0001033843238,0.003472880021,0.6227365664,1.556641912,65.74344008
0.0091639728,0.1791574258,0.002127406711,0.0001032553336,7.189895833e-07,0.0001032578368,0.003481553631,0.6213318213,1.558028823,65.82088396
0.0091851857,0.1806768656,0.002094830712,0.0001012789354,3.047597636e-06,0.0001013247779,0.01504102645,0.6203216954,1.559401534,65.87739607
0.0092063986,0.1821585528,0.002066272231,0.000101080597,3.091063703e-06,0.0001011278486,0.01528533072,0.6197194138,1.560757969,65.93626529
0.0092276115,0.1836045738,0.002042098088,0.0001007989525,3.209228851e-06,0.0001008500271,0.01591358384,0.6186971283,1.562095759,65.95182532
0.0092488244,0.1850464828,0.002022691333,9.997156486e-05,3.859265001e-06,0.0001000460279,0.01929223395,0.6174281904,1.563412037,65.96903848
0.0092700373,0.1864508169,0.002008143696,8.917906331e-05,1.335166871e-05,9.017301365e-05,0.07430683888,0.6165432766,1.56470272,65.9852976
0.0092912502,0.187816189,0.001998736653,8.893605048e-05,1.336622379e-05,8.993484871e-05,0.0745869132,0.6160541761,1.565964089,66.00085473
0.0093124631,0.1870474812,0.001993976771,8.86785213e-05,1.338065854e-05,8.968234031e-05,0.0748798847,0.6159709297,1.567194006,66.02243302
0.009333676,0.1834956452,0.001989505244,8.840694618e-05,1.339454385e-05,8.94158931e-05,0.07518323716,0.6163023209,1.568344428,66.04604156
0.0093548889,0.180404379,0.001984346089,7.331627598e-05,-1.836255875e-06,7.333926751e-05,-0.01252022176,0.6170559012,1.569309829,66.06736764
0.0093761018,0.1813324625,0.001978154409,7.424195678e-05,-7.128776238e-07,7.424537926e-05,-0.004800895254,0.6182378324,1.57001103,66.09023901
0.0093973147,0.182532372,0.001971309368,7.433545688e-05,-2.715581495e-07,7.43359529e-05,-0.001826564017,0.6198529749,1.570431674,66.10180909
0.0094185276,0.1819419879,0.001963628344,7.420349589e-05,-3.918583704e-08,7.420350624e-05,-0.0002640430409,0.6221680599,1.570586201,66.14275207
0.0094397405,0.1785825738,0.001951686644,7.397427704e-05,9.967235876e-08,7.397434419e-05,0.0006736956577,0.6253404405,1.570495963,66.17870063
0.0094609534,0.173662148,0.001936842511,7.369021512e-05,1.893815212e-07,7.369045847e-05,0.001284981351,0.6291911691,1.570182662,66.43751493
0.0094821663,0.168187155,0.001920160561,7.33703806e-05,2.510369468e-07,7.337081006e-05,0.001710744616,0.6335837306,1.569664848,66.4758252
0.0095033792,0.1627945116,0.00190172806,7.302495026e-05,2.964266645e-07,7.30255519e-05,0.002029614778,0.638395865,1.56895636,66.50304558
0.0095245921,0.1578586001,0.001882239356,7.265883079e-05,3.324910387e-07,7.265959153e-05,0.002288013131,0.6435339896,1.568070778,66.7636159
0.009545805,0.1535397583,0.001862748828,7.227410027e-05,3.637229625e-07,7.227501549e-05,0.002516253337,0.6489307039,1.567021023,66.81138287
0.0095670179,0.1499257416,0.001844179095,7.187154223e-05,3.933520227e-07,7.187261863e-05,0.002736466222,0.6545325396,1.565816213,66.8425467
0.0095882308,0.146891211,0.001826790507,7.143834709e-05,4.215957833e-07,7.143959111e-05,0.002950732387,0.6603031986,1.564463604,66.88071209
0.0096094437,0.1442835315,0.001811081757,7.097784607e-05,4.501071791e-07,7.097927324e-05,0.003170715727,0.6620400178,1.562969841,66.91451718
0.0096306566,0.1449210235,0.001798557822,7.050899678e-05,4.747252995e-07,7.051059488e-05,0.003366365628,0.6630825729,1.561351652,66.99479199
0.0096518695,0.1450803434,0.001788859248,7.658019686e-05,1.102572405e-06,7.658813366e-05,0.007198311541,0.6641664421,1.559608465,67.01582141
0.0096730824,0.1447560058,0.001780901088,7.609357171e-05,8.713490554e-07,7.609856046e-05,0.005725260054,0.6652951764,1.557728347,67.22284535
0.0096942953,0.1439742829,0.001773804198,7.545350358e-05,6.977260965e-07,7.545672948e-05,0.004623418245,0.6664744962,1.555711014,67.24782506
0.0097155082,0.1429423257,0.00176725988,7.4857854e-05,7.813712229e-07,7.486193189e-05,0.005218843484,0.667942801,1.553555224,67.29315066
0.0097367211,0.1419773905,0.001761203693,7.423733964e-05,8.669089511e-07,7.424240115e-05,0.005838500903,0.6698319346,1.551263036,67.3698726
0.009757934,0.1418378905,0.001754667606,7.428418121e-05,3.56962422e-06,7.436989845e-05,0.02400834445,0.6719965192,1.548835858,67.26368469
0.0097791469,0.1410762189,0.001747977069,7.357613702e-05,3.386377583e-06,7.365402564e-05,0.02299651478,0.6743345945,1.546280856,67.32033401
0.0098003598,0.1399719964,0.001739021311,7.283821616e-05,3.176694846e-06,7.290745588e-05,0.02179270157,0.6767729966,1.543602904,67.34812914
0.0098215727,0.1386848253,0.001728689991,7.281918842e-05,1.176174706e-07,7.281928341e-05,0.0008075987311,0.6792957714,1.540798897,67.66946934
0.0098427856,0.1373545858,0.001717403172,7.19851266e-05,1.153323231e-07,7.198521899e-05,0.0008010837088,0.67494384,1.53786951,67.70260034
0.0098639985,0.1358500907,0.001706707141,7.112358238e-05,1.10194882e-07,7.112366774e-05,0.0007746712847,0.6706033886,1.534818846,67.74113314
0.0098852114,0.1342941232,0.00170059425,7.023379864e-05,1.022834215e-07,7.023387311e-05,0.0007281633002,0.6663213138,1.531651158,67.77635957
0.0099064243,0.1327043316,0.001699761835,6.931521079e-05,9.168848258e-08,6.931527143e-05,0.0006613875083,0.6621025805,1.528370469,67.79181463
0.0099276372,0.1310932615,0.001699385225,6.836737516e-05,7.847938957e-08,6.836742021e-05,0.0005739532556,0.6579533327,1.524980566,67.82498819
0.0099488501,0.1294685886,0.001699787711,6.933277599e-05,-1.421913892e-06,6.934735515e-05,-0.01025283186,0.6538788111,1.52148495,67.85792615
0.009970063,0.1278300182,0.001699340469,6.830161043e-05,-1.43236558e-06,6.831662798e-05,-0.01048405482,0.6498832784,1.51788683,67.90442264
0.0099912759,0.1262756716,0.001693971406,6.728585957e-05,-1.458421323e-06,6.730166335e-05,-0.01083580566,0.6459705765,1.518971766,67.94303455
0.0100124888,0.126307466,0.001682543005,6.822613872e-05,7.100371562e-08,6.822617566e-05,0.0005203554775,0.6421442034,1.525403131,68.16944143
0.0100337017,0.122909699,0.001664257921,6.724663734e-05,5.258365897e-08,6.72466579e-05,0.0003909760423,0.6384072743,1.53186219,68.16793033
0.0100549146,0.1212436739,0.00163737978,6.62673097e-05,2.912854543e-08,6.62673161e-05,0.0002197806406,0.6347607136,1.538344149,68.2331035
0.0100761275,0.119529214,0.001601245802,6.527839121e-05,1.139792201e-06,6.528834112e-05,0.008729354172,0.6303821892,1.544841874,68.25384328
0.0100973404,0.1200749927,0.001552812242,6.591586432e-05,5.0415353e-06,6.610838258e-05,0.03816788985,0.6255685443,1.551348085,68.45989648
0.0101185533,0.1221721828,0.001545174795,6.215110042e-05,5.194862115e-06,6.236782725e-05,0.04169527836,0.6209148213,1.557856467,68.54567541
0.0101397662,0.1241776939,0.001479966633,6.127170916e-05,5.133982359e-06,6.148642223e-05,0.04179757545,0.6164239375,1.564362174,68.56879171
0.0101609791,0.1258907321,0.001435209801,6.048059722e-05,5.187090748e-06,6.070262392e-05,0.04277759183,0.6120996403,1.570860798,68.60915884
0.010182192,0.1272637655,0.001358385828,5.973433892e-05,5.288842478e-06,5.996801731e-05,0.04415456062,0.6079462682,1.577347657,68.62201439
0.0102034049,0.1283143506,0.00128451977,5.896850126e-05,5.391265004e-06,5.921443978e-05,0.04558635858,0.6039679261,1.583817716,68.34872456
0.0102246178,0.1290763813,0.001213816743,5.818186434e-05,5.494482341e-06,5.844072788e-05,0.04707854912,0.6001682275,1.590266394,68.36751501
0.0102458307,0.1295836277,0.001146446919,5.738487731e-05,5.604993897e-06,5.765795783e-05,0.04868243454,0.5965503444,1.596689493,68.38517677
0.0102670436,0.1298650792,0.001082532543,5.658857418e-05,5.730483065e-06,5.687798488e-05,0.05046084458,0.5931169548,1.603083151,68.116979
0.0102882565,0.1299353712,0.001022169775,5.576963857e-05,5.858873949e-06,5.607654581e-05,0.05233548062,0.5898702644,1.609443785,67.98202579
0.0103094694,0.1298323227,0.0009652481879,5.492104765e-05,5.992946236e-06,5.524705313e-05,0.05434463603,0.5868123497,1.615761398,68.00628006
0.0103306823,0.1295645711,0.0009102887741,5.404328671e-05,6.132717231e-06,5.439013751e-05,0.0564972544,0.5839443696,1.622022766,68.02837205
0.0103518952,0.1279571798,0.0008569026011,4.805111552e-05,3.812197596e-06,4.820210113e-05,0.0395852346,0.5812671198,1.628222804,68.23163652
0.0103731081,0.1264691749,0.0008038273935,4.100082284e-05,5.93067819e-06,4.142753212e-05,0.07182572094,0.5788739708,1.634349486,68.22256833
0.010394321,0.1250697467,0.0007508995839,3.982544143e-05,6.064654713e-06,4.028456059e-05,0.07555996137,0.5768112249,1.640399068,68.2137182
0.0104155339,0.124680514,0.0006978254141,3.864636967e-05,6.19109337e-06,3.913913036e-05,0.07942443754,0.5750136105,1.646384326,67.92378594
0.0104367468,0.1243045067,0.0006442955236,3.743053976e-05,6.312398955e-06,3.795907912e-05,0.08353549464,0.5734461794,1.652311142,67.91979021
0.0104579597,0.1239386657,0.0005901425251,3.619470345e-05,6.43485766e-06,3.676226259e-05,0.08797307627,0.5720846631,1.658179861,68.17741739
0.0104791726,0.1236753531,0.0005298534565,3.694542724e-05,1.764591197e-07,3.694584864e-05,0.00238808685,0.5709058064,1.664082857,68.17501655
0.0105003855,0.123461163,0.0004761735274,3.57156011e-05,1.882706376e-07,3.571609732e-05,0.002635667439,0.5698883077,1.669971807,68.17242627
0.0105215984,0.1231552798,0.0004203096302,3.446938818e-05,2.008258006e-07,3.44699732e-05,0.002913070682,0.569012844,1.675798835,68.56494081
0.0105428113,0.1230049946,0.0003564635593,3.320746707e-05,2.140122132e-07,3.320815668e-05,0.003222306144,0.5682621141,1.681559177,68.54996644
0.0105640242,0.1228013743,0.0002843660213,3.193052461e-05,2.277568754e-07,3.193133688e-05,0.003566383823,0.5666994746,1.687248737,68.55621799
0.0105852371,0.1225372427,0.0002063406546,3.06393451e-05,2.421828959e-07,3.064030223e-05,0.003952072925,0.5646929987,1.692863838,68.56926674
0.01060645,0.1222182185,0.000124650426,2.93348926e-05,2.573649212e-07,2.933602155e-05,0.00438655634,0.5627379567,1.698401578,68.5810877
0.0106276629,0.1218308442,4.073190487e-05,2.801828299e-05,2.731871914e-07,2.801961478e-05,0.004875004918,0.5608347936,1.703859532,68.59209665
0.0106488758,0.1214062003,4.570833427e-05,2.669062119e-05,2.895361209e-07,2.669219157e-05,0.005423717238,0.5589845957,1.709236067,68.60189932
0.0106700887,0.1209550641,0.0001332831189,2.535300585e-05,3.063019968e-07,2.535485608e-05,0.006040449347,0.5571902207,1.714530449,68.61030342
0.0106913016,0.1204980828,0.0002072113233,2.407759518e-05,3.288640525e-07,2.407984097e-05,0.006828829913,0.5554543571,1.719742422,68.62244065
0.0107125145,0.1200098157,0.0002853951118,2.289730021e-05,3.648231366e-07,2.290020639e-05,0.00796583585,0.553779821,1.724872377,68.65351374
0.0107337274,0.1194368362,0.0003871885024,2.187822908e-05,3.827666251e-07,2.188157714e-05,0.008746767795,0.5512628717,1.729922189,68.66007815
0.0107549403,0.1187836005,0.0004473111564,2.097754471e-05,3.534305236e-07,2.098052181e-05,0.008423223331,0.5459330409,1.734897124,68.69483053
0.0107761532,0.1180540399,0.000539452157,2.008364114e-05,3.204115063e-07,2.008619688e-05,0.007976251017,0.5406194045,1.739802368,68.70369069
0.0107973661,0.1172654981,0.000619938321,1.918545036e-05,2.881344992e-07,1.91876139e-05,0.007508628508,0.5353244768,1.74463854,68.44456494
0.010818579,0.1164302958,0.0006879746235,1.828337599e-05,2.565914911e-07,1.828517642e-05,0.007016610263,0.5300513244,1.749404638,68.17665111
0.0108397919,0.1155293838,0.0007331737622,1.738836925e-05,2.298208094e-07,1.738988794e-05,0.006608078805,0.5248034009,1.754100917,68.15115024
0.0108610048,0.1149189164,0.0007769800691,1.586400588e-05,-9.18189931e-07,1.589055554e-05,-0.02890715923,0.5198221346,1.758941534,68.7425876
0.0108822177,0.1142861968,0.0008019423687,1.505634448e-05,-9.046007045e-07,1.508349467e-05,-0.0300044477,0.5154355707,1.763977818,68.73640538
0.0109034306,0.1136715254,0.000812349178,1.424191979e-05,-8.920762658e-07,1.426983109e-05,-0.03127781748,0.5116570591,1.769011716,68.47220786
0.0109246435,0.113068605,0.0008115320398,1.342320683e-05,-8.814810413e-07,1.345211843e-05,-0.03278714386,0.5079501468,1.773985568,68.43617995
0.0109458564,0.1124767303,0.0007994237266,1.192209982e-05,2.212716239e-07,1.192415302e-05,0.009278827794,0.5038480727,1.778861767,68.45928795
0.0109670693,0.1118652771,0.0007765178304,1.110717713e-05,2.241674725e-07,1.1109439e-05,0.01008973933,0.4994904806,1.783617763,68.29058712
0.0109882822,0.1112343452,0.0007436740633,1.028984775e-05,2.267193115e-07,1.029234514e-05,0.01101486822,0.4950673222,1.788277823,68.31176302
0.0110094951,0.1105768377,0.0006993335607,9.468610436e-06,2.286994074e-07,9.471371971e-06,0.01207436672,0.4906261325,1.792870847,68.33584503
0.011030708,0.1098823414,0.0006401066325,8.644195352e-06,2.302035816e-07,8.647260084e-06,0.01331235439,0.4861621849,1.797392843,68.35693078
0.0110519209,0.1091471407,0.0005644642607,7.816999033e-06,2.313278902e-07,7.820421119e-06,0.01479214702,0.4816769012,1.801841555,68.37652052
0.0110731338,0.1083740953,0.000472522286,6.987378328e-06,2.321773876e-07,6.991234672e-06,0.01660794533,0.4771735798,1.80621477,68.39394205
0.0110943467,0.1078348977,0.0003644616981,6.155607655e-06,2.328061386e-07,6.160008466e-06,0.01890107749,0.4726566335,1.81051046,68.42136194
0.0111155596,0.1083647036,0.0002426795875,5.321982873e-06,2.332709753e-07,5.327092739e-06,0.0219017766,0.468131653,1.814727114,68.4583456
0.0111367725,0.1088732914,0.0001157899179,4.48684793e-06,2.336155146e-07,4.492925612e-06,0.02600987984,0.4636048982,1.818863443,68.47489421
0.0111579854,0.1093124707,6.953308511e-06,3.650566943e-06,2.338663955e-07,3.658050368e-06,0.03198780488,0.4590833344,1.82291822,68.48741397
0.0111791983,0.109650008,0.0001146015485,2.81352183e-06,2.340507902e-07,2.823240135e-06,0.04149836771,0.4545748636,1.826890218,68.98370893
0.0112004112,0.1099068199,0.0002038093812,1.976127023e-06,2.341921116e-07,1.989955768e-06,0.05898023365,0.4500874901,1.830778146,68.99810134
0.0112216241,0.1100882231,0.0002728672745,1.138808354e-06,2.343076455e-07,1.162662694e-06,0.101458206,0.4456283407,1.834580726,68.92753313
0.011242837,0.1101946397,0.0003344162498,3.020974982e-07,2.343734449e-07,3.823529914e-07,0.3299112517,0.4412003886,1.838296496,68.84997371
0.0112640499,0.1102263972,0.0004042554154,-5.334001179e-07,2.344135678e-07,5.82636599e-07,1.363764779,0.4368061441,1.841923792,68.84796824
0.0112852628,0.1101861777,0.0004962255719,-1.552514585e-06,4.843688958e-07,1.626319392e-06,1.419586277,0.4324511087,1.845462257,68.84732087
0.0113064757,0.1100698752,0.0005881235354,-3.795320782e-06,4.662825539e-06,6.012187775e-06,1.126993736,0.4281417244,1.848911882,68.83973625
0.0113276886,0.1098762868,0.0006916036844,-4.594873951e-06,4.612787668e-06,6.510812291e-06,1.177124485,0.4238842714,1.852270292,68.84052382
0.0113489015,0.1096049947,0.0008073420227,-5.392734925e-06,4.562485069e-06,7.063841729e-06,1.219700192,0.419683739,1.855533976,68.60085811
0.0113701144,0.1092962682,0.0009345086624,-6.18890645e-06,4.512156202e-06,7.659119835e-06,1.255810392,0.4155456933,1.858700032,68.38035297
0.0113913273,0.1089225188,0.001072742976,-6.983553234e-06,4.462865444e-06,8.287773147e-06,1.286475543,0.4115561276,1.861766121,68.38644124
0.0114125402,0.1084811709,0.00122213483,-7.7765468e-06,4.415073836e-06,8.942458113e-06,1.312614952,0.4077841166,1.864729242,68.38044404
0.0114337531,0.1079768776,0.001383204038,-8.567464124e-06,4.36889317e-06,9.617102945e-06,1.335012327,0.4042125895,1.867586282,68.37093101
0.011454966,0.1074039764,0.001556773801,-9.355885487e-06,4.32435108e-06,1.030692027e-05,1.354317147,0.4008347421,1.870335042,68.35778437
0.0114761789,0.1067588776,0.001743799286,-1.014137847e-05,4.281370052e-06,1.100807371e-05,1.371061398,0.3976451466,1.872973813,68.34072848
0.0114973918,0.1060385136,0.001944170094,-1.09234839e-05,4.239847112e-06,1.171745723e-05,1.385675778,0.3946397435,1.875500695,68.31757042
0.0115186047,0.1051867554,0.002157202291,-1.170170588e-05,4.199754289e-06,1.243253219e-05,1.398505149,0.391817914,1.877908479,68.271479
0.0115398176,0.1040999768,0.00238220956,-1.247538777e-05,4.161119849e-06,1.315105389e-05,1.409825206,0.3891778342,1.88016936,68.21907258
0.0115610305,0.1030359029,0.00261663388,-1.324374273e-05,4.124139137e-06,1.387102177e-05,1.419853821,0.386730002,1.882228323,68.16836873
0.0115822434,0.102000799,0.002878560253,-1.517092161e-05,3.86014802e-07,1.517583177e-05,1.558076878,0.3845077207,1.884078385,68.21775495
0.0116034563,0.1014158418,0.003133423524,-1.639235987e-05,-2.715013979e-07,1.639460812e-05,-1.562515744,0.382505845,1.885761832,68.17815446
0.0116246692,0.1006888963,0.003399881508,-1.711460251e-05,-2.515665012e-07,1.711645129e-05,-1.563447386,0.3807008671,1.887304462,68.11902389
0.0116458821,0.0999178028,0.003679044131,-1.783291368e-05,-2.314364549e-07,1.783441541e-05,-1.564307666,0.3790834689,1.88872338,68.05897166
0.011667095,0.09931309427,0.003968377844,-1.85472409e-05,-2.116122503e-07,1.854844805e-05,-1.565091892,0.3776307194,1.890029701,68.0183423
0.0116883079,0.09855437972,0.00426498373,-1.925765135e-05,-1.922778693e-07,1.925861122e-05,-1.565804247,0.3763197313,1.891262307,67.97595887
0.0117095208,0.09766082644,0.004567893825,-1.996368074e-05,-1.734139706e-07,1.996443391e-05,-1.5664532,0.3751339681,1.892447517,67.93029943
0.0117307337,0.09718634028,0.004876037611,-2.069602364e-05,-1.660390256e-07,2.069668967e-05,-1.566785038,0.3740600117,1.893576365,67.86633801
0.0117519466,0.09624942924,0.005186347274,-2.162524984e-05,-1.576551098e-07,2.162582451e-05,-1.567151229,0.373089449,1.894641972,67.80216309
0.0117731595,0.09493854439,0.005498904396,-2.257846475e-05,-1.368817833e-07,2.257887967e-05,-1.567765117,0.3722174399,1.895630603,67.74613829
0.0117943724,0.09285300034,0.0058243738,-2.351849352e-05,-1.168648156e-07,2.351878387e-05,-1.568311817,0.3714377776,1.896531107,68.02766451
0.0118155853,0.09051224906,0.006050446198,-2.408598769e-05,-7.721501638e-07,2.409836134e-05,-1.554772782,0.3707403392,1.897350626,67.97332019
0.0118367982,0.08848358886,0.006363193256,-2.476084684e-05,-1.054052651e-07,2.476107119e-05,-1.568667873,0.3701119342,1.898092871,68.14927439
0.0118580111,0.08683811152,0.006521450541,-3.255521011e-05,2.535611453e-06,3.265380576e-05,1.531931537,0.3696451381,1.898714737,68.05798205
0.011879224,0.08577254584,0.00679170793,-3.955673162e-05,-1.004222618e-07,3.955685909e-05,-1.569526985,0.3693975195,1.899186909,68.01245987
0.0119004369,0.08475519506,0.007059374321,-4.063673335e-05,-8.587690986e-08,4.063682409e-05,-1.569739687,0.3693209509,1.899522411,67.96612744
0.0119216498,0.08378138119,0.007313733993,-4.169627644e-05,-7.225422019e-08,4.169633904e-05,-1.569929893,0.3693965609,1.899731698,67.92615174
0.0119428627,0.08300423629,0.007551414585,-4.273476426e-05,-5.923043822e-08,4.273480531e-05,-1.570103327,0.3696039952,1.899821098,68.0018783
0.0119640756,0.08217400404,0.007774643706,-4.375353218e-05,-4.727660098e-08,4.375355772e-05,-1.570256067,0.3699572897,1.899823046,67.96307153
0.0119852885,0.08133547567,0.007985852226,-4.475379092e-05,-3.682058001e-08,4.475380607e-05,-1.570384959,0.3704555795,1.899756266,67.93551526
0.0120065014,0.08048506479,0.008183020422,-4.57351606e-05,-2.744479794e-08,4.573516884e-05,-1.570496286,0.3710642266,1.899609149,67.63327099
0.0120277143,0.0796298684,0.008364405932,-4.669741466e-05,-1.890477206e-08,4.669741849e-05,-1.570593909,0.3717651875,1.899380836,67.60009643
0.0120489272,0.07875283153,0.00852803407,-4.763995817e-05,-1.109557228e-08,4.763995946e-05,-1.570679874,0.3725443937,1.899072862,67.51413208
0.0120701401,0.07787666057,0.008670988621,-4.856177344e-05,-3.300772727e-09,4.856177355e-05,-1.570762341,0.3733923147,1.898685844,67.26880823
0.012091353,0.07699165569,0.008792525304,-5.113773388e-05,2.030700091e-07,5.113813708e-05,1.568810817,0.3743017646,1.898221438,67.22288851
0.0121125659,0.07609097193,0.008890093534,-5.221540667e-05,2.383572255e-07,5.22159507e-05,1.568513901,0.3752659372,1.897685569,67.27613321
0.0121337788,0.07518497066,0.008965864562,-5.327284777e-05,2.752047696e-07,5.327355861e-05,1.568213376,0.3762800418,1.897081623,67.23609919
0.0121549917,0.07510271737,0.009011350133,-5.656219933e-05,8.355376889e-08,5.656226105e-05,1.570057727,0.3773374125,1.896411802,67.22134374
0.0121762046,0.08054471104,0.009024519736,-5.781308643e-05,9.352236617e-08,5.781316207e-05,1.569987494,0.3784307967,1.895649622,67.18077852
0.0121974175,0.08493921527,0.009008520382,-5.904112953e-05,1.029751221e-07,5.904121933e-05,1.569924265,0.3795546907,1.894775281,67.17395534
0.0122186304,0.08876730556,0.008973569381,-6.024653769e-05,1.120408954e-07,6.024664187e-05,1.569866474,0.3807042809,1.893800024,67.20899445
0.0122398433,0.09215321748,0.008929176958,-6.142936346e-05,1.209901871e-07,6.142948261e-05,1.569811537,0.3818747688,1.892731174,67.16489952
0.0122610562,0.09519947097,0.008883270366,-6.258989448e-05,1.301441043e-07,6.259002979e-05,1.569756671,0.3799379385,1.891580446,67.1593394
0.0122822691,0.0966270971,0.008836467134,-6.372830992e-05,1.396761382e-07,6.372846299e-05,1.569700457,0.3764590438,1.890358914,67.07040764
0.012303482,0.1055152869,0.008788707399,-6.485565962e-05,1.44488472e-07,6.485582056e-05,1.569682405,0.373023706,1.88906902,67.00371958
0.0123246949,0.1135225255,0.008738486253,-6.599523113e-05,1.330851499e-07,6.599536532e-05,1.569788034,0.3696643978,1.887741955,66.8937673
0.0123459078,0.1215704583,0.008688195857,-6.711344417e-05,1.234781822e-07,6.711355776e-05,1.569876406,0.3664382882,1.886343315,66.85351943
0.0123671207,0.1290386276,0.00863997047,-6.824382225e-05,1.325292612e-07,6.824395093e-05,1.56982533,0.3634040831,1.88484838,66.88370157
0.0123883336,0.1354215442,0.008591921372,-6.937147941e-05,1.51509359e-07,6.937164486e-05,1.569704314,0.3604488711,1.883280282,66.8311285
0.0124095465,0.1409109402,0.008542532058,-7.04756038e-05,1.701210027e-07,7.047580913e-05,1.56958938,0.3574625511,1.881635969,66.79459722
0.0124307594,0.145490894,0.00849156594,-7.155662588e-05,1.882925084e-07,7.155687362e-05,1.569480641,0.354483364,1.879942267,66.72337977
0.0124519723,0.1492372022,0.008438298846,-7.261478964e-05,2.059667238e-07,7.261508174e-05,1.569378116,0.3515228645,1.878216718,66.6631894
0.0124731852,0.1097424305,0.008382699675,-7.365030167e-05,2.229954545e-07,7.365063926e-05,1.569282451,0.3485870075,1.876471139,66.50556769
0.0124943981,0.08899376652,0.008308374393,-7.455327573e-05,2.475930874e-07,7.455368686e-05,1.569135822,0.3456769041,1.874712633,66.48389554
0.012515611,0.08661076216,0.008258142818,-7.535263075e-05,2.647727275e-07,7.535309593e-05,1.569039443,0.3427805709,1.87294305,66.42578917
0.0125368239,0.08825297642,0.008205713746,-7.61290197e-05,2.822847243e-07,7.612954305e-05,1.568942346,0.3398898991,1.872999401,66.34745988
0.0125580368,0.0897785862,0.008149893786,-7.688258852e-05,2.99974048e-07,7.688317373e-05,1.568845479,0.337004178,1.87534939,66.27704253
0.0125792497,0.09125022212,0.008090534181,-7.761347358e-05,3.177414971e-07,7.761412397e-05,1.56874939,0.3341230408,1.877728072,66.21162685
0.0126004626,0.09268790624,0.008045298852,-7.832179831e-05,3.354030643e-07,7.832251646e-05,1.568655154,0.3312489428,1.880135599,66.2114236
0.0126216755,0.09405684129,0.008048359765,-7.901801084e-05,3.500882881e-07,7.901878636e-05,1.568581098,0.3283837566,1.882571772,66.15727253
0.0126428884,0.09540214795,0.008027938211,-7.969153839e-05,3.64428767e-07,7.969237165e-05,1.568509847,0.3255245104,1.885036197,66.09884157
0.0126641013,0.09675382448,0.00801028496,-8.034252976e-05,3.784733648e-07,8.03434212e-05,1.568440971,0.3226676877,1.887529666,66.05641036
0.0126853142,0.09805257849,0.007993534287,-8.097143174e-05,3.922579221e-07,8.097238186e-05,1.568374146,0.3198127105,1.890053867,65.9999466
0.0127065271,0.09932300553,0.007971127105,-8.157873811e-05,4.057710852e-07,8.157974725e-05,1.568309357,0.3169579929,1.892609768,65.93974591
0.01272774,0.1005164329,0.007942352193,-8.213545371e-05,-1.299121508e-06,8.214572705e-05,-1.562888577,0.3141037951,1.895198034,65.88152044
0.0127489529,0.1016351137,0.007907488935,-8.270465959e-05,-1.272345764e-06,8.271444603e-05,-1.563104829,0.3112572441,1.897820699,65.81687413
0.0127701658,0.102500055,0.007866724562,-8.322438786e-05,5.033023903e-07,8.322590972e-05,1.567772596,0.3084260536,1.900479615,65.76622453
0.0127913787,0.1033660007,0.007822690267,-8.372180037e-05,4.953337023e-07,8.372326566e-05,1.567838149,0.305614527,1.903178512,65.73594355
0.0128125916,0.1041644663,0.007777187882,-8.421345592e-05,4.839514942e-07,8.421484647e-05,1.567922996,0.3028274275,1.90591846,65.68575665
0.0128338045,0.1049901692,0.007728389307,-8.469250245e-05,4.726496045e-07,8.469382131e-05,1.568005969,0.3000662019,1.908696377,65.72063315
0.0128550174,0.1058301526,0.007675629245,-8.515244147e-05,4.606125548e-07,8.515368725e-05,1.568091718,0.2973304566,1.911511853,65.71088399
0.0128762303,0.1066478869,0.007618519944,-8.557405823e-05,4.570830071e-07,8.557527894e-05,1.568125665,0.2946190308,1.914365924,66.0481973
0.0128974432,0.1074156365,0.00755710317,-8.596849222e-05,4.569181878e-07,8.596970646e-05,1.568138877,0.2919290172,1.917263876,65.98532256
0.0129186561,0.1081430296,0.007491830398,-8.634510038e-05,4.551583888e-07,8.634630003e-05,1.568160658,0.2892586171,1.920209684,65.95666031
0.012939869,0.1087585095,0.007423052824,-8.670289064e-05,4.520402591e-07,8.670406902e-05,1.568189515,0.28660632,1.923206161,65.80693396
0.0129610819,0.1094965891,0.007351145913,-8.704124965e-05,4.477818241e-07,8.704240144e-05,1.56822411,0.2839722643,1.926257301,65.69055118
0.0129822948,0.111810362,0.007276536461,-8.735976448e-05,4.425814004e-07,8.736088558e-05,1.568263252,0.2813556281,1.929364353,65.98070665
0.0130035077,0.1139706242,0.007199784431,-8.765802803e-05,4.366271371e-07,8.765911545e-05,1.568305833,0.2787469145,1.932528373,65.95244179
0.0130247206,0.1160439186,0.007121365084,-8.793581867e-05,4.301057626e-07,8.793687052e-05,1.56835078,0.2761378832,1.935751017,65.84920388
0.0130459335,0.1182466044,0.007041504645,-8.81931369e-05,4.232031079e-07,8.819415229e-05,1.568397048,0.2735400143,1.939033404,65.81005654
0.0130671464,0.117899092,0.006959319309,-8.261831267e-05,-3.432627898e-07,8.261902576e-05,-1.568718937,0.2709783596,1.942373653,65.84533432
0.0130883593,0.118785613,0.006874186354,-8.277925361e-05,-3.183212382e-07,8.277986564e-05,-1.568873625,0.268469398,1.945746256,65.79589227
0.0131095722,0.1201686044,0.006787148067,-8.292351152e-05,-2.9179468e-07,8.292402491e-05,-1.569036913,0.2660194133,1.949134175,65.74157011
0.0131307851,0.1217088907,0.006700397379,-7.606681059e-05,4.991024109e-07,7.606844797e-05,1.567515689,0.2636335128,1.952550831,65.65950098
0.013151998,0.1232637255,0.0066146346,-7.61192468e-05,5.038461462e-07,7.61209143e-05,1.567486791,0.2613140517,1.956002579,65.38609513
0.0131732109,0.1247467788,0.00652914857,-7.616275959e-05,5.073324638e-07,7.616444928e-05,1.567465795,0.2590590368,1.959489295,65.37851188
0.0131944238,0.1261584668,0.006444576858,-7.619689849e-05,5.096384873e-07,7.619860281e-05,1.567452156,0.2568631066,1.963012117,65.39526955
0.0132156367,0.1274304221,0.006360798156,-7.621964804e-05,5.11678328e-07,7.622136552e-05,1.567439773,0.2547350222,1.966570913,65.33781299
0.0132368496,0.1286447685,0.006277187685,-7.622822924e-05,5.133254925e-07,7.62299576e-05,1.567429348,0.252702917,1.970162484,65.25877667
0.0132580625,0.1299439276,0.006194526095,-7.622203806e-05,5.135541701e-07,7.62237681e-05,1.567427574,0.2507774077,1.97377801,65.15134258
0.0132792754,0.1318486058,0.006114299466,-7.620349693e-05,5.117602447e-07,7.620521533e-05,1.567438525,0.2489487871,1.977409429,65.16951838
0.0133004883,0.1338424591,0.006037243289,-7.617500299e-05,5.07232333e-07,7.617669174e-05,1.567466988,0.247210817,1.981053918,65.2780071
0.0133217012,0.1376704774,0.00596200402,-7.613686656e-05,4.999365335e-07,7.613850791e-05,1.56751323,0.2455863595,1.984710494,65.8510051
0.0133429141,0.1402474954,0.005885996162,-7.608815455e-05,4.892437733e-07,7.608972744e-05,1.567581391,0.2440926783,1.988248733,65.57452137
0.013364127,0.1428141649,0.005806950486,-7.602749818e-05,4.751038619e-07,7.602898265e-05,1.567671815,0.242721492,1.991592956,65.25908207
0.0133853399,0.1443719133,0.00572586525,-7.595771734e-05,4.575715924e-07,7.595909554e-05,1.567784348,0.241486834,1.994764273,65.33334538
0.0134065528,0.145691759,0.005630306794,-7.588536484e-05,4.355976692e-07,7.588661504e-05,1.567926255,0.2403865251,1.997766258,65.16847571
0.0134277657,0.1468775157,0.00554824889,-7.580754346e-05,4.102165689e-07,7.580865335e-05,1.568090708,0.2393920944,2.000651714,64.90538491
0.0134489786,0.1479444455,0.005461219783,-7.572119053e-05,3.82170383e-07,7.572215494e-05,1.568272812,0.238485663,2.003443377,64.83515004
0.0134701915,0.1489539096,0.005367989012,-7.562598848e-05,3.516224627e-07,7.562680591e-05,1.568471597,0.2376562287,2.006155769,64.71975486
0.0134914044,0.1476684149,0.005267771749,-7.552164001e-05,3.187464455e-07,7.552231266e-05,1.568686041,0.236901121,2.008796608,64.85938962
0.0135126173,0.1473285765,0.005158797872,-7.540591295e-05,2.850897916e-07,7.540645188e-05,1.568905968,0.2362221644,2.011476732,64.89799036
0.0135338302,0.1473592264,0.005039734927,-7.527756373e-05,2.515569839e-07,7.527798404e-05,1.56912547,0.2356231896,2.014254534,64.79421453
0.0135550431,0.1474455295,0.004910365889,-7.513787023e-05,2.174494782e-07,7.513818488e-05,1.569349328,0.2351127681,2.017045112,64.80461155
0.013576256,0.1454695123,0.004770543669,-7.498773553e-05,1.825378005e-07,7.49879577e-05,1.569579211,0.2346999521,2.019792802,64.97884594
0.0135974689,0.1444474038,0.004621042926,-7.482956366e-05,1.452789114e-07,7.482970469e-05,1.569825596,0.2343911547,2.02232547,65.1650236
0.0136186818,0.1438083372,0.004462591605,-7.466546933e-05,1.045037687e-07,7.466554247e-05,1.570096514,0.2342076101,2.024546215,65.20703648
0.0136398947,0.1453157098,0.004295627601,-7.449640943e-05,6.066211513e-08,7.449643413e-05,1.570389179,0.2341958513,2.026522611,65.02812785
0.0136611076,0.1455898433,0.004117945437,-7.432217279e-05,1.583621115e-08,7.432217447e-05,1.570689789,0.2344153423,2.028467157,64.69802025
0.0136823205,0.1457637895,0.003929859522,-7.408847745e-05,-8.198801199e-09,7.40884779e-05,-1.570740996,0.2349260067,2.030580398,64.72516667
0.0137035334,0.1110411288,0.003734040857,-7.384548395e-05,-2.715143753e-08,7.384548894e-05,-1.570612487,0.2357864735,2.032833287,64.65309262
0.0137247463,0.0901994722,0.003534659128,-7.360056565e-05,-3.988262556e-08,7.360057646e-05,-1.570525387,0.2370490382,2.035051579,64.72763441
0.0137459592,0.09727560131,0.003333526951,-7.335797488e-05,-4.63875513e-08,7.335798955e-05,-1.570480154,0.2387570128,2.037174986,64.81223171
0.0137671721,0.1122295749,0.003128394094,-7.311317325e-05,-4.405038675e-08,7.311318652e-05,-1.570495079,0.2409495315,2.03950771,64.980642
0.013788385,0.1189873763,0.0029196486,-7.286559505e-05,-3.077224522e-08,7.286560155e-05,-1.570585169,0.2436599254,2.042117607,65.03685537
0.0138095979,0.1217851782,0.002710550233,-7.26198417e-05,-6.65767205e-09,7.261984201e-05,-1.570750488,0.2469161102,2.044818566,65.27172592
0.0138308108,0.1243873391,0.002499170349,-7.238128314e-05,2.939935139e-08,7.238128911e-05,1.57059324,0.2507445493,2.047554542,65.16242149
0.0138520237,0.1255963098,0.002287166138,-7.215682258e-05,8.013119199e-08,7.215686708e-05,1.57024107,0.2551655071,2.050321411,65.20103683
0.0138732366,0.1260934349,0.002076365952,-7.196044783e-05,1.493481051e-07,7.196060281e-05,1.569758619,0.2602130215,2.053127056,65.23192835
0.0138944495,0.126775286,0.001865664694,-7.16843796e-05,1.933909845e-07,7.168464047e-05,1.569447424,0.265934749,2.055960923,65.26737436
0.0139156624,0.1275940575,0.001654763689,-7.134990316e-05,2.242247006e-07,7.135025549e-05,1.569225028,0.2723730391,2.058816732,65.31853883
0.0139368753,0.1281765801,0.001445659149,-7.10035506e-05,2.595852464e-07,7.100402511e-05,1.568968361,0.2795615298,2.06168807,65.32189149
0.0139580882,0.1285859946,0.001249870144,-7.064537176e-05,2.991246178e-07,7.064600503e-05,1.568679254,0.2875386225,2.064569302,65.08098501
0.0139793011,0.1303021109,0.001083710249,-7.027235192e-05,3.398947484e-07,7.027317392e-05,1.568377935,0.2963030825,2.067453953,65.14764656
0.014000514,0.1365713219,0.0009561652871,-6.988232862e-05,3.806485845e-07,6.98833653e-05,1.568072857,0.3058583049,2.070327414,65.17081303
0.0140217269,0.1401721375,0.0008551438212,-6.947706311e-05,4.230896774e-07,6.947835132e-05,1.567751549,0.316240471,2.073174448,65.23786405
0.0140429398,0.1422497089,0.0007868126016,-7.617640933e-05,-3.608930527e-07,7.617726421e-05,-1.568427547,0.3273892587,2.075855284,65.28394044
0.0140641527,0.1445189963,0.0007289423256,-7.559005796e-05,-3.260801783e-07,7.559076128e-05,-1.568639442,0.3391684547,2.078313205,65.30072719
0.0140853656,0.145667822,0.0006718019859,-7.497269692e-05,-2.932791432e-07,7.497327055e-05,-1.56884043,0.3477326657,2.080656569,65.29344827
0.0141065785,0.1460529983,0.0006608513856,-8.003596989e-05,-5.208702969e-08,8.003598683e-05,-1.570470929,0.3436198593,2.083367835,65.35328545
0.0141277914,0.1506679152,0.000642641757,-7.92768894e-05,7.781943457e-08,7.92769276e-05,1.570305519,0.339575281,2.086161384,65.40439253
0.0141490043,0.1573851263,0.0006335430163,-7.844066607e-05,1.861508055e-07,7.844088695e-05,1.569609758,0.3356249042,2.08877631,65.45650952
0.0141702172,0.1453895793,0.0006284422052,-7.751690799e-05,2.81281336e-07,7.751741833e-05,1.568982012,0.3317840809,2.091215277,65.60929339
0.0141914301,0.1449731618,0.0006169656861,-7.649464979e-05,3.714301919e-07,7.649555155e-05,1.568368528,0.3280583336,2.093484713,65.28059232
0.014212643,0.1444950033,0.0005966449608,-7.535896116e-05,4.63901027e-07,7.5360389e-05,1.567718424,0.324447376,2.095588903,65.30834921
0.0142338559,0.1439635647,0.0005691581058,-6.964989461e-05,9.418628506e-06,7.028384154e-05,1.503589918,0.3209526495,2.09752671,65.32796451
0.0142550688,0.1433878814,0.0005360565649,-6.829182801e-05,9.403441976e-06,6.893619146e-05,1.502379066,0.3175732168,2.099296422,65.35415608
0.0142762817,0.1427790091,0.0004986019024,-6.672670432e-05,9.390946595e-06,6.738429303e-05,1.500886753,0.3127218533,2.100895468,65.38157419
0.0142974946,0.1421900127,0.0005670302696,-6.32228588e-05,9.517062376e-06,6.393515739e-05,1.496091234,0.3071902083,2.102321204,65.42956062
0.0143187075,0.1415328204,0.0005383044137,-6.221095463e-05,9.419203048e-06,6.291998301e-05,1.495663248,0.3014342668,2.103562868,65.49174528
0.0143399204,0.1389986347,0.0005093450691,-6.105994753e-05,9.307982722e-06,6.176532793e-05,1.495158594,0.2954570808,2.104772845,65.64066429
0.0143611333,0.1342779566,0.0006175962514,-6.019873158e-05,6.620636974e-06,6.056170504e-05,1.516026604,0.2892683867,2.106418691,66.16189345
0.0143823462,0.1348601571,0.000614982372,-5.986132445e-05,6.59818867e-06,6.022386785e-05,1.515905624,0.282873893,2.107934241,66.25725123
0.0144035591,0.1354277011,0.000618412223,-5.950402099e-05,6.58833229e-06,5.986764265e-05,1.515660504,0.2762822387,2.10927303,66.2346266
0.014424772,0.1350054586,0.0006294795071,-5.912639518e-05,6.590227579e-06,5.949253488e-05,1.515295409,0.269513501,2.110375195,66.29146534
0.0144459849,0.1316976213,0.0006499580169,-5.872852078e-05,6.604817372e-06,5.909875435e-05,1.514799848,0.262577631,2.111294467,66.37944292
0.0144671978,0.7062718529,0.0006823455011,-5.831647622e-05,6.623441857e-06,5.869140807e-05,1.514249874,0.2556024574,2.11207971,72.50010488
0.0144884107,0.7118994771,0.0007332473787,-5.962927405e-05,8.123439578e-06,6.018006808e-05,1.503096887,0.2495459759,2.112562579,70.51283673
0.0145096236,0.4130040595,0.0007354473254,-5.94422706e-05,7.955263489e-06,5.99722415e-05,1.504275718,0.244033921,2.112395137,65.87815173
0.0145308365,0.3364756929,0.0006284233344,-6.204234336e-05,2.39621307e-07,6.204280609e-05,1.568865225,0.2371656893,2.111799552,66.12883756
0.0145520494,0.306431929,0.0004649217866,-6.000277058e-05,-2.357742517e-07,6.000323381e-05,-1.568831642,0.2285874369,2.111300558,66.15022211
0.0145732623,0.2822523539,0.0002916133239,-6.007919821e-05,-4.114821232e-07,6.008060732e-05,-1.567371883,0.2190919475,2.110907141,66.12675375
0.0145944752,0.2628632432,0.0001142650278,-5.222543745e-05,-9.668796364e-06,5.311291688e-05,-1.479264809,0.2089433098,2.110453622,66.39333322
0.0146156881,0.24700664,6.488327779e-05,-5.228236803e-05,-9.974844585e-06,5.322540307e-05,-1.476535172,0.1983308363,2.109809569,66.68415029
0.014636901,0.2336303464,0.0002411117738,-5.221577412e-05,-1.029196866e-05,5.322040667e-05,-1.473491344,0.1873521085,2.108901945,66.77737832
0.0146581139,0.2220838455,0.0004123237563,-5.202850099e-05,-1.062613279e-05,5.310253867e-05,-1.47006331,0.1761185095,2.107704743,66.79475118
0.0146793268,0.21204197,0.0005804924566,-5.535909359e-05,-1.631588551e-05,5.771340714e-05,-1.427489686,0.1647199,2.106216582,66.8725918
0.0147005397,0.2127162051,0.0007448440072,-5.490571445e-05,-1.668127764e-05,5.738381743e-05,-1.423318955,0.1532142871,2.104445437,66.32934174
0.0147217526,0.2144186376,0.0009103055056,-5.430417951e-05,-1.708199142e-05,5.692748319e-05,-1.418415505,0.1415945243,2.102460098,66.09320981
0.0147429655,0.2207431245,0.0007092531146,-5.367180363e-05,-1.746752067e-05,5.644268582e-05,-1.413476628,0.1298396393,2.100324533,66.19367761
0.0147641784,0.2264250279,0.0009475399361,-5.358825197e-05,-1.762375602e-05,5.641185624e-05,-1.411930652,0.1179886822,2.098034613,65.9303979
0.0147853913,0.908225522,0.001238153496,-4.736595963e-05,-1.868733176e-05,5.091905831e-05,-1.382904972,0.1060988538,2.095525213,-57.1967723
0.0148066042,0.9246124386,0.0014588653,-4.065848079e-05,-1.789230717e-05,4.442124172e-05,-1.363516354,0.08942931681,2.088973706,72.38203428
0.0148278171,0.5334032556,0.001737700537,-4.29500885e-05,-1.183062474e-05,4.454967771e-05,-1.436403817,0.06589455868,2.077650228,66.16775859
0.01484903,0.4218989346,0.00216543983,-4.252973276e-05,-1.153769093e-05,4.406695452e-05,-1.438341624,0.04523829217,2.065689115,65.8339148
0.0148702429,0.3160519147,0.002614497583,-4.199386115e-05,-1.136065923e-05,4.35034361e-05,-1.438692783,0.03072215123,2.052383162,66.0000164
0.0148914558,0.2775504587,0.003341325648,-4.157481e-05,-1.117201913e-05,4.304972518e-05,-1.43953671,0.02229431344,2.049697878,65.92951711
0.0149126687,0.2714870827,0.00375187677,-4.135172596e-05,-1.093100619e-05,4.27720953e-05,-1.44158083,0.01791036028,2.053102415,67.21423202
0.0149338816,0.2580805546,0.00413705597,-4.101509462e-05,-1.074780977e-05,4.239992219e-05,-1.442654914,0.01866608987,2.056000164,66.48484565
0.0149550945,0.2463854932,0.004499369304,-4.068589579e-05,-1.301188039e-05,4.271593552e-05,-1.416029652,0.02424358628,2.057007889,66.53886376
0.0149763074,0.2340127287,0.004834994349,-3.143349476e-05,-9.291434681e-06,3.277797052e-05,-1.427093196,0.03236969105,2.054866685,66.68581105
0.0149975203,0.2235613799,0.005142069211,-3.099840449e-05,-9.118489063e-06,3.231173043e-05,-1.427751139,0.04056971051,2.050881111,66.75399022
0.0150187332,0.2198515305,0.005422291546,-3.475246697e-05,-2.210654672e-06,3.482270746e-05,-1.5390334,0.04870203755,2.045809057,66.83714819
0.0150399461,0.2256923073,0.005674441399,-3.424383043e-05,-2.049948415e-06,3.430513388e-05,-1.540900359,0.0580633627,2.03948854,66.90903812
0.015061159,0.2267557649,0.005897237737,-3.370441559e-05,-1.887042163e-06,3.37572001e-05,-1.542831532,0.06893123637,2.03202812,67.88485158
0.0150823719,0.2262317352,0.006096675008,-2.637251483e-05,-3.333768375e-06,2.658239173e-05,-1.507924446,0.07868209494,2.024286569,67.99363742
0.0151035848,0.2251915887,0.006281267909,-2.56710636e-05,-3.262915175e-06,2.587759884e-05,-1.507582895,0.08456782998,2.016535206,68.33830778
0.0151247977,0.2206272524,0.006455798117,-2.491185199e-05,-3.20899435e-06,2.51176833e-05,-1.506742077,0.08580773996,2.008028573,67.25066457
0.0151460106,0.3202723489,0.006594007831,-1.799220669e-05,8.997078169e-07,1.801468778e-05,1.545814427,0.07856578283,1.999174896,67.87764605
0.0151672235,0.4398525359,0.006693641612,-1.686117015e-05,1.075221887e-06,1.689541834e-05,1.538954884,0.07379179141,1.990506697,69.57356896
0.0151884364,0.4805495227,0.006779537254,-1.266010347e-05,8.164702807e-06,1.506454752e-05,1.284399878,0.07210488437,1.982069191,69.27861022
0.0152096493,0.5177858813,0.006869475085,-1.133123145e-05,8.525577753e-06,1.418034845e-05,1.248279806,0.07301977641,1.973999029,69.16613126
0.0152308622,0.5823269444,0.006909471102,-9.833135434e-06,8.944699194e-06,1.329278737e-05,1.201736132,0.07488009647,1.966182767,69.37789757
0.0152520751,0.7042872701,0.006914380965,-4.778512744e-07,6.115332908e-06,6.133974113e-06,0.8243888666,0.07695180892,1.958470432,69.62403473
0.015273288,0.7716994024,0.006925059651,1.987856392e-06,7.784152373e-06,8.033965472e-06,0.6603839342,0.07938265321,1.951717567,69.703531
0.0152945009,0.7667010197,0.006934122549,3.146795567e-06,8.027531732e-06,8.622272789e-06,0.5986025655,0.08230433332,1.946198275,69.18885633
0.0153157138,0.7415741229,0.00692026978,4.103736872e-06,8.182841864e-06,9.154209812e-06,0.5529726841,0.0856571017,1.9409268,69.19590976
0.0153369267,0.7140708716,0.006877238343,5.071037401e-06,8.317946495e-06,9.741850656e-06,0.5116556602,0.08941277631,1.935611804,68.48157135
0.0153581396,0.6163730038,0.006748580832,6.052998534e-06,8.429515614e-06,1.037764543e-05,0.4740221199,0.09353951208,1.930418284,68.35264206
0.0153793525,0.5480181288,0.00652984597,1.676986666e-05,2.397316858e-06,1.694035289e-05,0.07099590891,0.09787451481,1.924903751,68.37590433
0.0154005654,0.4408473792,0.006245617214,1.061177015e-05,4.555870516e-06,1.154840344e-05,0.202763023,0.1022552529,1.918872833,68.39470026
0.0154217783,0.3395551198,0.005980405408,1.177981613e-05,4.663844734e-06,1.26694718e-05,0.1884913611,0.1066889982,1.921801091,68.15139435
0.0154429912,0.2703294168,0.005668103059,1.294337799e-05,4.755817885e-06,1.37894466e-05,0.1760598553,0.1112471635,1.92564256,68.17125473
0.0154642041,0.230347724,0.005282781413,1.410071291e-05,4.835554293e-06,1.490680012e-05,0.1651811725,0.1159936423,1.929418366,68.1542588
0.015485417,0.2218446397,0.004835607651,1.525163398e-05,4.906007484e-06,1.602127487e-05,0.1556089703,0.1209626072,1.933077539,67.63212984
0.0155066299,0.2218584325,0.004219905416,1.63978624e-05,4.970754296e-06,1.713471008e-05,0.1471648995,0.1261822924,1.936571973,67.42698892
0.0155278428,0.2276416928,0.003380452047,2.66778976e-05,2.648066631e-06,2.680899993e-05,0.04946830645,0.1315048059,1.940164502,67.36896374
0.0155490557,0.2320054018,0.002318181147,2.76337217e-05,2.799833129e-06,2.77751983e-05,0.05048742726,0.1367814113,1.943955449,67.38858672
0.0155702686,0.2354620703,0.001075851386,3.513496862e-05,1.218215489e-05,3.718697242e-05,0.166876908,0.1420530454,1.947719626,66.82753843
0.0155914815,0.2963192512,0.0001567752278,3.59004482e-05,1.315390306e-05,3.823437389e-05,0.1756045952,0.1473386298,1.9513426,67.4259598
0.0156126944,0.4632502838,0.001386817388,4.061026599e-05,1.507202751e-05,4.331696801e-05,0.177690416,0.1514903214,1.954552235,68.17467167
0.0156339073,0.3500906188,0.002660124047,4.112984018e-05,1.522897069e-05,4.385869699e-05,0.1773068197,0.1545149981,1.957240896,67.55371133
0.0156551202,0.2981423185,0.003894725398,4.167144332e-05,1.531309265e-05,4.43959457e-05,0.1760772933,0.1576368773,1.959459572,67.74886929
0.0156763331,0.4165365452,0.005035498577,4.220431339e-05,1.536269068e-05,4.491343155e-05,0.1745494209,0.1608315357,1.960875853,65.39945047
0.015697546,1.30557869,0.00610679373,4.225780089e-05,1.330603433e-05,4.430318596e-05,0.1525247284,0.1641106128,1.962113779,68.01486823
0.0157187589,1.207853508,0.006693800743,4.26390949e-05,1.281025081e-05,4.45218479e-05,0.1459276386,0.1830916529,1.9409921,68.56343689
0.0157399718,1.100169856,0.006729431849,4.395536464e-05,1.213975685e-05,4.560096245e-05,0.134733194,0.2133824477,1.903300407,69.4520761
0.0157611847,1.129975323,0.006274585024,4.57424625e-05,9.685821884e-06,4.675668959e-05,0.1043323316,0.2322993982,1.877095378,67.39754659
0.0157823976,0.8455385058,0.006025145429,4.761769853e-05,9.570581281e-06,4.856996232e-05,0.099172642,0.247321376,1.889396935,68.21441076
0.0158036105,0.9744466834,0.00496702181,5.027138278e-05,9.70076392e-06,5.119879634e-05,0.09531244344,0.2474118451,1.921300392,66.74688929
0.0158248234,0.843643959,0.004951268694,5.782960672e-05,9.099351303e-06,5.85411104e-05,0.07803401443,0.2106836928,1.951139947,72.05691773
0.0158460363,1.015439969,0.004345991111,6.13184883e-05,1.115152005e-05,6.232426018e-05,0.08994809296,0.1826677731,1.981766379,69.77711196
0.0158672492,1.363368558,0.002949667577,5.643559921e-05,5.516493071e-06,5.67045726e-05,0.0487194572,0.1917489669,2.010607236,69.21669736
0.0158884621,15.45787503,0.001866197814,5.686986715e-05,6.529814476e-06,5.724351725e-05,0.05715982799,0.2138337011,2.035500556,60.19742985
0.015909675,7.968652636,0.001024131688,5.92428709e-05,6.313529931e-06,5.957833845e-05,0.05308478472,0.239563959,2.057169695,73.41560332
0.0159308879,3.439951593,0.0009463750477,5.963801633e-05,5.790236576e-06,5.991844316e-05,0.04839316792,0.2650646758,2.078057124,74.03886746
0.0159521008,2.970751094,0.001895980714,6.792301507e-05,-6.086573985e-06,6.819517841e-05,-0.04468559317,0.2891457446,2.21547569,71.36771708
0.0159733137,2.217328206,0.00211561349,6.609400326e-05,-1.802937882e-05,6.850894662e-05,-0.1331523695,0.295952121,2.33216165,70.8124528
0.0159945266,1.661447889,0.002236926023,7.108497477e-05,-1.086953901e-05,7.191119882e-05,-0.07586690243,0.2917046105,2.440348636,72.95049788
0.0160157395,1.350326586,0.002327662354,7.640099354e-05,-1.056699157e-05,7.712829004e-05,-0.06871883108,0.2876589611,2.529851795,73.10015933
0.0160369524,1.020777958,0.002414150044,6.772672985e-05,5.275833895e-06,6.793190973e-05,0.03887092243,0.2577589428,2.604798539,60.82868759
0.0160581653,0.934681014,0.002535034556,6.771063116e-05,4.995038265e-06,6.789462408e-05,0.03681849172,0.2283369695,2.668772385,72.1141749
0.0160793782,0.8385491413,0.002873053343,6.284240373e-05,9.574078095e-06,6.356752849e-05,0.07559401462,0.2021088623,2.723557997,55.49525185
0.0161005911,1.180262032,0.00343950532,6.294097945e-05,9.410571469e-06,6.364059828e-05,0.07420741182,0.1795874105,2.770230914,54.86818582
0.016121804,0.9336958809,0.004025020824,5.598589315e-05,-2.884330908e-06,5.606014268e-05,-0.02573668957,0.1613237629,2.810426074,75.38028015
0.0161430169,1.081372303,0.00473443642,5.641075074e-05,-2.727332006e-06,5.647664242e-05,-0.02415505818,0.1463473748,2.844675651,71.61161143
0.0161642298,0.8059576814,0.005709213944,5.684544708e-05,-2.53690858e-06,5.690202772e-05,-0.02229929122,0.1330204303,2.873315407,71.02015868
0.0161854427,0.6109830374,0.006619463572,5.731853877e-05,-2.228286929e-06,5.73618353e-05,-0.01942796741,0.1206362262,2.897283378,70.12941675
0.0162066556,0.5951591309,0.007390010225,5.782393904e-05,-2.023615204e-06,5.785933758e-05,-0.01749093642,0.1090207526,2.917337316,64.23207811
0.0162278685,0.6572783422,0.008009815931,5.841817842e-05,-1.814618872e-06,5.844635499e-05,-0.01552629359,0.09656037234,2.929629929,63.59934941
0.0162490814,0.859407496,0.008531735168,5.908803363e-05,-1.417713815e-06,5.910503896e-05,-0.01199432248,0.08220934281,2.931546403,63.94549829
0.0162702943,0.6622821897,0.008977586819,5.923913113e-05,-1.533686025e-06,5.925898118e-05,-0.01294198166,0.06755367327,2.925123155,76.09532656
0.0162915072,0.6474205874,0.009433702555,5.93635242e-05,-1.663110066e-06,5.938681622e-05,-0.0140041817,0.05754732805,2.916549841,75.24254156
0.0163127201,0.7302067315,0.009979198022,5.945644782e-05,-1.778965517e-06,5.948305561e-05,-0.01495577858,0.05442189932,2.911167161,74.09237624
0.016333933,0.875479414,0.01067448699,5.260302898e-05,4.363773693e-06,5.278372078e-05,0.04138359218,0.05496729539,2.908079056,74.6305824
0.0163551459,1.00350241,0.01151601587,5.283716198e-05,4.165399629e-06,5.300109659e-05,0.03933597418,0.05697197232,2.90695576,74.73344392
0.0163763588,1.122777364,0.01247424539,5.012082174e-05,7.564423888e-06,5.06884334e-05,0.07489663878,0.05948252481,2.908384807,76.18071253
0.0163975717,0.9408291272,0.01350040948,5.016916992e-05,7.622177851e-06,5.074488354e-05,0.07538823572,0.0625189924,2.913755237,77.06224516
0.0164187846,1.198619398,0.0145781243,4.787931515e-05,5.297374151e-06,4.817147488e-05,0.055095985,0.0669962323,2.922935044,70.00936559
0.0164399975,1.399907256,0.01566847214,5.543264945e-05,-1.741790205e-06,5.546000774e-05,-0.01570570163,0.0730435031,2.93238858,68.47925662
0.0164612104,1.574049287,0.01629919612,6.268684636e-05,7.923959753e-06,6.318567753e-05,0.06286929675,0.07942161834,2.939571021,69.10055337
0.0164824233,1.74474693,0.01663968977,6.545172875e-05,1.210920042e-05,6.656246337e-05,0.09147054099,0.08542666087,2.944201992,68.68968731
0.0165036362,1.932571646,0.01678148909,6.529951574e-05,1.198395841e-05,6.639007468e-05,0.0907515994,0.09095726239,2.946290192,68.28099038
0.0165248491,1.333931718,0.01679960813,6.759184782e-05,4.691259731e-06,6.775445233e-05,0.03464728915,0.09598675804,2.946497691,70.47908788
0.016546062,0.8838810171,0.01685507942,6.379802284e-05,-3.083366279e-07,6.379876793e-05,-0.002416487326,0.1005188028,2.945453766,77.47800418
0.0165672749,0.7782150806,0.01694143505,7.429688597e-05,-6.016160709e-06,7.45400661e-05,-0.04039915689,0.1062843182,2.9473961,74.86782343
0.0165884878,0.7488387065,0.01699966674,7.421910533e-05,-6.359043574e-06,7.449102651e-05,-0.04273529878,0.1148776806,2.956267874,76.03759023
0.0166097007,0.8555253119,0.01705427531,7.412724056e-05,-6.766015237e-06,7.443538645e-05,-0.04551173606,0.12642403,2.969999882,75.52663753
0.0166309136,0.8015675998,0.01714643945,6.06392679e-05,-2.526699905e-05,6.569278539e-05,-0.1974000382,0.1322914802,2.983096924,70.6347888
0.0166521265,0.8597160231,0.01713053415,6.081115871e-05,-2.554310907e-05,6.595792177e-05,-0.1988309264,0.1295236548,2.991888992,76.6807703
0.0166733394,0.7263552248,0.01688604074,6.099156983e-05,-2.579266438e-05,6.622109275e-05,-0.2000406296,0.127095045,2.999233603,75.83695677
0.0166945523,0.6586203957,0.01661298217,6.874518275e-05,-2.048778803e-05,7.173318346e-05,-0.1448219752,0.1250382815,3.00691458,75.56606688
0.0167157652,0.6180592477,0.01641257462,6.94601678e-05,-2.186070482e-05,7.281899015e-05,-0.1524543549,0.1234087888,3.013314175,77.78262938
0.0167369781,0.6104370481,0.01625897681,6.928711059e-05,-2.187982137e-05,7.265968812e-05,-0.1529373436,0.1222058405,3.018245275,74.31793833
0.016758191,0.6120048436,0.01610495058,6.919688829e-05,-2.192708576e-05,7.258792213e-05,-0.1534349401,0.1203154242,3.019623969,73.41978294
0.0167794039,0.8104760813,0.01596104824,6.915859269e-05,-2.2002935e-05,7.257437627e-05,-0.154012789,0.1193314331,3.020582674,74.1851919
0.0168006168,0.6506054186,0.01592874988,6.915875649e-05,-2.212855088e-05,7.261271489e-05,-0.1548367084,0.1189593602,3.024146388,76.1093479
0.0168218297,0.8613909561,0.01595899055,6.918717707e-05,-2.229063493e-05,7.268932436e-05,-0.1558390098,0.1153663617,3.028445469,79.71823592
0.0168430426,0.6951183486,0.01601561584,7.07406338e-05,-2.642318622e-05,7.5514383e-05,-0.1787371499,0.1141110643,3.031687106,79.73033257
0.0168642555,1.06307926,0.0161128084,7.094617513e-05,-2.679744493e-05,7.583839938e-05,-0.1805744726,0.1158327725,3.033457958,75.48123819
0.0168854684,1.180976158,0.01622104941,7.150511939e-05,-2.715519585e-05,7.648782099e-05,-0.1814711542,0.1205681348,3.033582057,77.37193221
0.0169066813,1.248979965,0.01636251834,7.189455505e-05,-2.755146703e-05,7.699292423e-05,-0.1829790656,0.1272302049,3.030588576,76.68956002
0.0169278942,0.8599621741,0.01661434553,7.228877681e-05,-2.798072576e-05,7.751508412e-05,-0.1846546383,0.1293021276,3.023363357,79.71287407
0.0169491071,0.9258202394,0.01694741308,7.267900132e-05,-2.844872586e-05,7.804849284e-05,-0.1865482489,0.1316370959,3.011739449,83.37554471
0.01697032,0.8765538572,0.01728057585,7.305803003e-05,-2.897425501e-05,7.859378605e-05,-0.1887826454,0.1342457235,2.996951389,83.93716608
0.0169915329,0.853127634,0.01760813508,7.544560578e-05,-2.9747216e-05,8.10983125e-05,-0.1877858159,0.1371218197,2.978911586,82.32788268
0.0170127458,0.8338712738,0.01792114093,7.594971847e-05,-2.998894465e-05,8.165596449e-05,-0.1880305559,0.1402872065,2.95740168,81.91265849
0.0170339587,0.9160204568,0.01835546529,7.648761652e-05,-3.535102982e-05,8.426179911e-05,-0.2164681718,0.1437254626,2.932329223,80.84453517
0.0170551716,1.146707516,0.01892899645,7.698516614e-05,-3.562256114e-05,8.482736981e-05,-0.2166906133,0.1474030121,2.90389586,80.40214707
0.0170763845,1.054803822,0.01950896544,7.750579145e-05,-3.592506308e-05,8.542691534e-05,-0.2170178146,0.1513341956,2.918229352,79.17526829
0.0170975974,0.8879394879,0.01989442884,7.80484438e-05,-3.622233045e-05,8.604427234e-05,-0.2172589631,0.155513324,2.984117565,89.62401429
0.0171188103,0.9225529952,0.02010940175,7.071106843e-05,-3.647903164e-05,7.95661671e-05,-0.2381387585,0.1598968289,3.040140307,89.59968549
0.0171400232,0.9137701968,0.02017972259,7.114441683e-05,-3.688732233e-05,8.013864607e-05,-0.2391630593,0.164463876,3.079817935,88.95638005
0.0171612361,0.8561471592,0.02038061432,7.161408817e-05,-3.724565167e-05,8.072060575e-05,-0.2397944102,0.169085445,3.10737592,83.34565635
0.017182449,0.8568674173,0.02072026311,7.207758734e-05,-3.755608701e-05,8.127507779e-05,-0.2401730521,0.1737260041,3.125890289,81.89230733
0.0172036619,0.8257113843,0.02162959748,7.253459032e-05,-3.784334268e-05,8.181311251e-05,-0.240439352,0.1784749351,3.138272215,49.82256482
0.0172248748,0.9447414534,0.02278147497,7.298513345e-05,-3.81153343e-05,8.233837752e-05,-0.2406381792,0.1833295791,3.136630714,52.87575248
0.0172460877,0.9719073381,0.02432810621,7.345247723e-05,-3.829332357e-05,8.283504718e-05,-0.2402846574,0.1881449759,3.072473659,49.96732083
0.0172673006,0.7984462946,0.02530796072,7.904909026e-05,-3.072797992e-05,8.481136375e-05,-0.1853723854,0.1925814701,3.105506166,49.18846638
0.0172885135,1.180989084,0.02591986621,7.912639448e-05,-3.102999565e-05,8.499321699e-05,-0.1868636128,0.1847486393,3.138931084,47.04605362
0.0173097264,1.44380294,0.02652503175,7.914335071e-05,-3.121272326e-05,8.507587234e-05,-0.1878270121,0.1354301127,3.172099342,57.29812305
0.0173309393,1.131507324,0.02694050327,7.913753754e-05,-3.132531445e-05,8.511183921e-05,-0.1884548492,0.08899928146,3.203119364,60.29779833
0.0173521522,0.9739815981,0.02711932133,7.915303472e-05,-3.144204321e-05,8.516927255e-05,-0.1890585379,0.0708459792,3.231946922,63.57503175
0.0173733651,1.120849964,0.02701963826,7.918454428e-05,-3.15972798e-05,8.525596837e-05,-0.189836422,0.07754027158,3.259415163,54.98332533
0.017394578,1.231173035,0.02686072618,8.761401846e-05,-4.048297051e-05,9.651469904e-05,-0.2164189954,0.05827473927,3.293164762,50.43282398
0.0174157909,1.084979188,0.02676876869,8.743853132e-05,-4.041294761e-05,9.6326025e-05,-0.2164711233,0.06242151679,3.336339099,50.90582118
0.0174370038,0.9671371244,0.02674732314,8.717807351e-05,-4.056450771e-05,9.615350116e-05,-0.2177547483,0.08639167014,3.384651426,74.81902873
0.0174582167,0.8905417843,0.02674228533,8.684989772e-05,-4.083103793e-05,9.596915333e-05,-0.2197350737,0.1176721087,3.432625192,72.92404328
0.0174794296,0.7280809608,0.02666986307,8.859757318e-05,-4.379626119e-05,9.883138402e-05,-0.2295498612,0.1517503545,3.476792569,-47.71958111
0.0175006425,0.653912661,0.02649753529,8.820060022e-05,-4.419673909e-05,9.86544354e-05,-0.2322609752,0.1870536573,3.518357552,-46.65067186
0.0175218554,0.5933956703,0.02627884406,5.328588435e-05,-6.726655119e-05,8.581476785e-05,-0.450427034,0.2030649557,3.559668544,-45.12398938
0.0175430683,0.5312372009,0.02600124228,5.310208268e-05,-6.758004923e-05,8.594704323e-05,-0.4523976596,0.2052636477,3.602284245,76.14465202
0.0175642812,0.476385869,0.02575896548,5.288805432e-05,-6.789563014e-05,8.606371409e-05,-0.4545081418,0.2080371884,3.644035493,77.05386627
0.0175854941,0.4642868523,0.02550840706,5.266480983e-05,-6.822785545e-05,8.618945674e-05,-0.4567142036,0.2094146234,3.681971513,77.48302807
0.017606707,0.5669690998,0.02519078226,5.242940168e-05,-6.857828511e-05,8.632394424e-05,-0.4590338162,0.1990983805,3.716914141,79.69205057
0.0176279199,0.7182549102,0.02482964703,5.750015243e-05,-8.120878497e-05,9.950444355e-05,-0.4773429261,0.1892763519,3.749313612,79.63867428
0.0176491328,0.8654122354,0.02445132425,5.696579464e-05,-8.11559532e-05,9.915336857e-05,-0.4793881321,0.1799181765,3.779404473,82.06152519
0.0176703457,1.034661091,0.02413518779,5.670624901e-05,-8.128904487e-05,9.911360902e-05,-0.4808455494,0.1710613636,3.807516609,83.73600494
0.0176915586,1.227936418,0.02387146706,7.013165804e-05,-8.932297848e-05,0.0001135651529,-0.452589005,0.1627417186,3.833945124,85.10319509
0.0177127715,1.392766223,0.0236558901,6.972598865e-05,-8.942447269e-05,0.0001133951049,-0.4542722841,0.1549930083,3.859122651,85.73104623
0.0177339844,1.115308878,0.02345945622,7.653180067e-05,-8.240536328e-05,0.0001124622622,-0.411168302,0.1478951582,3.883136058,59.23489502
0.0177551973,0.7261849779,0.02325134155,7.570146787e-05,-8.295432283e-05,0.0001123037484,-0.4155403814,0.1414460654,3.905104031,65.62445378
0.0177764102,0.6671059417,0.0231006021,7.603447168e-05,-9.694895929e-05,0.0001232085289,-0.4528593622,0.1357920776,3.924867169,46.06400032
0.0177976231,0.9469223639,0.02303749927,7.517740242e-05,-9.727051057e-05,0.0001229357314,-0.4564093645,0.1310435073,3.943437353,42.70769349
0.017818836,1.350252905,0.02305105989,6.626969707e-05,-9.786031781e-05,0.0001181876244,-0.487773001,0.1274422069,3.960838919,44.74196217
0.0178400489,1.692773856,0.02322491417,6.558092371e-05,-9.812272655e-05,0.0001180208754,-0.4908125106,0.1250299585,3.977381991,41.56401916
0.0178612618,2.365466222,0.02361970549,8.074666192e-05,-8.800979144e-05,0.0001194393017,-0.4142053699,0.1243352105,3.993905063,41.85362624
0.0178824747,1.604436803,0.02417020682,7.969151574e-05,-8.890724267e-05,0.0001193952909,-0.4200022636,0.1253959869,4.01111526,94.68524578
0.0179036876,1.163395994,0.02449282859,7.603726804e-05,-9.404419394e-05,0.0001209379037,-0.4454387952,0.1275124831,4.028754386,83.88321163
0.0179249005,0.6514998794,0.02498514874,7.546748757e-05,-9.446793069e-05,0.0001209112551,-0.4483727441,0.1298410095,4.046361316,85.20935541
0.0179461134,1.581893696,0.02558475225,7.598605864e-05,-9.505797742e-05,0.0001216959333,-0.4482212262,0.132488116,4.063570102,-9.883633139
0.0179673263,0.9167627539,0.02605727176,7.543965184e-05,-9.533734392e-05,0.0001215744637,-0.4506939535,0.1354621673,4.083618526,79.1912645
0.0179885392,0.7083158062,0.02659868701,6.871175601e-05,-9.397186892e-05,0.0001164131331,-0.4697197387,0.1389652053,4.106889106,83.10550725
0.0180097521,0.7809931677,0.02734095515,5.856783897e-05,-0.0001034399518,0.0001188697413,-0.527799808,0.1431879207,4.130879939,83.38421896
0.018030965,0.9408839057,0.02811567596,5.837307362e-05,-0.0001036095333,0.0001189216175,-0.5288636936,0.1477002891,4.156098151,81.84389209
0.0180521779,1.162679382,0.02863831952,5.850107264e-05,-0.0001040908353,0.000119403842,-0.5293859991,0.1525772446,4.182052636,-29.01728569
0.0180733908,1.187696664,0.02918705219,6.143005129e-05,-0.0001202046606,0.0001349918946,-0.5491757056,0.1577725624,4.208106439,-31.86751657
0.0180946037,0.9115164414,0.02980205187,7.089787591e-05,-0.0001148214554,0.0001349461946,-0.5088180147,0.1633102841,4.234071335,74.63364237
0.0181158166,0.7159337693,0.03048097475,7.114802312e-05,-0.0001156232618,0.0001357600083,-0.5095855816,0.1438843285,4.259599327,71.99061149
0.0181370295,0.59753452,0.03114883415,7.176505347e-05,-0.0001161496441,0.000136531911,-0.5086713391,0.1219410379,4.284523359,71.36530439
0.0181582424,0.6490600218,0.03160809982,7.244177263e-05,-0.0001166635579,0.0001373251476,-0.507558771,0.09991882683,4.308961623,59.96963599
0.0181794553,0.8019410589,0.03188179272,6.140032159e-05,-0.0001221390705,0.0001367038845,-0.5524922223,0.07763213445,4.333463349,59.07212806
0.0182006682,0.8154563766,0.03203309409,6.221122903e-05,-0.0001226545956,0.0001375295854,-0.5507000084,0.05445063925,4.358705017,64.15516788
0.0182218811,0.9352902574,0.03221316409,0.0001052534738,-9.425310394e-05,0.0001412867345,-0.3651580289,0.03133823621,4.384255229,57.43810923
0.018243094,0.9335603499,0.03239628582,0.0001058643286,-9.464521186e-05,0.0001420034232,-0.3647517066,0.01909109999,4.410143458,60.94447394
0.0182643069,0.8683819239,0.03252783631,0.0001089655274,-0.0001001317977,0.0001479860233,-0.3715881472,0.0386606037,4.436327805,63.64649091
0.0182855198,0.7584604021,0.03261917525,0.000109475869,-0.0001007050216,0.0001487496799,-0.3718461834,0.06820673137,4.461931691,70.13455859
0.0183067327,0.6841954456,0.0326566958,0.0001099365329,-0.0001012319867,0.0001494454964,-0.3721003173,0.0998653929,4.486781655,68.25231984
0.0183279456,0.6496463904,0.03270804112,0.0001100152514,-0.0001013751371,0.0001496003809,-0.372274057,0.1323306025,4.510897001,68.04195601
0.0183491585,0.613874945,0.03277544706,0.000120944387,-0.0001138122877,0.0001660746265,-0.3775133449,0.1651946115,4.534316828,68.35828112
0.0183703714,0.5892360629,0.03278199149,0.0001202573336,-0.0001136863496,0.0001654884056,-0.3786588292,0.1981558024,4.556886573,69.32967491
0.0183915843,0.5576159381,0.03280517821,0.0001195633839,-0.0001137540701,0.0001650314856,-0.3802522766,0.2309787105,4.578459759,64.87675374
0.0184127972,0.5785280287,0.03288079213,0.0001188674502,-0.0001139663878,0.0001646748562,-0.3821758289,0.2635989235,4.598755682,64.69986814
0.0184340101,0.6047603787,0.03299032178,0.0001237854729,-0.0001172855898,0.0001705249333,-0.3792210877,0.2959855759,4.617113712,71.11704848
0.018455223,0.6243243467,0.03309833631,0.0001201159279,-0.0001460944929,0.0001891333841,-0.4413383633,0.3195951904,4.633624707,64.13266786
0.0184764359,0.636724364,0.03320066811,0.0001201614467,-0.0001470051453,0.0001898664952,-0.4427687959,0.3318175541,4.647791295,63.8120772
0.0184976488,0.7057544357,0.03336433149,0.0001201901407,-0.0001479401983,0.0001906094756,-0.4442628311,0.3442680444,4.658787095,63.23163279
0.0185188617,0.8195402472,0.03357644032,0.0001202330071,-0.0001489109478,0.000191390821,-0.4457750335,0.3348248784,4.666836739,62.15614957
0.0185400746,1.785792706,0.03375302086,0.0001203186853,-0.00014992486,0.0001922343614,-0.447258342,0.3182703834,4.672243565,71.94106045
0.0185612875,1.468714061,0.03377505375,0.0001253250416,-0.0001710843612,0.000212075988,-0.4692838767,0.3023963171,4.67583598,65.35142052
0.0185825004,1.600472946,0.03354164133,0.0001477106354,-0.0001802570594,0.0002330472898,-0.4421554966,0.2873737879,4.678803777,67.90006684
0.0186037133,1.397268504,0.03370683088,0.0001590019814,-0.0001893852373,0.0002472820216,-0.4361946153,0.2960266433,4.681215202,63.86657398
0.0186249262,1.213175822,0.03383152967,0.000157955112,-0.0001913669988,0.0002481353373,-0.4403779316,0.2705165115,4.682457308,62.54963424
0.0186461391,0.7850184927,0.03386156698,0.0001621537334,-0.0001958702675,0.0002542813303,-0.4396475919,0.2458799422,4.682285874,62.36900306
0.018667352,0.7545473596,0.0338930996,0.000160916569,-0.0001971045225,0.0002544490813,-0.4430668727,0.222705945,4.680671369,60.33423487
0.0186885649,0.6656233658,0.03397889265,0.0001601076538,-0.0001983062584,0.0002548721894,-0.4457870804,0.201751528,4.67763088,59.76488294
0.0187097778,0.5834185352,0.03421642756,0.0001581945393,-0.0001975692714,0.0002530990503,-0.4478130802,0.1764954491,4.673329817,53.16159098
0.0187309907,0.554270064,0.03448945859,0.0001581777259,-0.0001990249042,0.0002542264846,-0.4496282747,0.151920669,4.667964172,48.23845685
0.0187522036,0.5836233399,0.03476855396,0.0001582708739,-0.0002004627692,0.0002554114159,-0.4512368704,0.1323183742,4.661285397,48.56846394
0.0187734165,0.6135383879,0.03490718986,0.0001584138019,-0.0002019542603,0.0002566718837,-0.4528187643,0.1209766542,4.676861842,51.346768
0.0187946294,0.6280890692,0.03480008875,0.0001611467792,-0.0002138742396,0.0002677881155,-0.4625406143,0.1210823622,4.699184929,52.08062104
0.0188158423,0.5650247859,0.03447876425,0.000161046142,-0.0002153525559,0.0002689099909,-0.4643441619,0.1330667853,4.721388591,48.83334403
0.0188370552,0.5888910669,0.03357964722,0.0001608895776,-0.00021681332,0.0002699879106,-0.4661964933,0.1558581247,4.74338498,48.20805875
0.0188582681,0.602168399,0.03311173509,0.0001574544483,-0.00020750473,0.0002604805487,-0.4608436985,0.1888798148,4.76514012,49.20100017
0.018879481,0.6068720801,0.03290438624,0.0001570081914,-0.0002090021241,0.0002614066947,-0.4632549666,0.2046878828,4.786421532,48.45219161
0.0189006939,0.6055434054,0.03273165188,0.0001629412612,-0.000231373507,0.0002829903785,-0.4786169533,0.2217734236,4.807002271,47.01477438
0.0189219068,0.5935248233,0.03254020312,0.0001680223183,-0.0002318007807,0.0002862919862,-0.4717910782,0.2308666861,4.826754225,45.52197299
0.0189431197,0.5743772613,0.03234246426,0.0001677577725,-0.0002332323455,0.0002872977501,-0.4736260545,0.231841743,4.845664941,46.44798531
0.0189643326,0.5532123269,0.03209375123,0.0001559835846,-0.0002398351018,0.0002860974567,-0.497077549,0.2369611158,4.863472359,39.89060471
0.0189855455,1.152417334,0.0318147683,0.0001455196464,-0.0002347363518,0.0002761831319,-0.5079262903,0.2443818526,4.879844308,34.4311267
0.0190067584,0.7312722653,0.03155463574,0.0001461595686,-0.0002355972596,0.0002772520301,-0.5077634768,0.2339339739,4.894588342,33.82259664
0.0190279713,1.173777639,0.03137275999,0.0001465256815,-0.0002365904762,0.00027828911,-0.5081452536,0.2232357483,4.907756302,30.43069182
0.0190491842,0.7328352382,0.03121266232,0.0001466844147,-0.0002376623285,0.0002792842636,-0.5089140164,0.2124098169,4.919521746,39.38440646
0.0190703971,0.5893932939,0.0310920931,0.0001425559561,-0.0002377047616,0.0002771745917,-0.5152918986,0.2015920474,4.929766287,42.28366932
0.01909161,0.6469101322,0.03103744226,0.0001424496067,-0.0002448477511,0.0002832707392,-0.5219376362,0.1910411916,4.938175756,43.30257718
0.0191128229,0.7005142119,0.03102037894,0.0001333569706,-0.0002505388117,0.0002838199743,-0.5408294468,0.181202443,4.944517207,44.2366757
0.0191340358,0.7441074038,0.03103458472,0.0001328341817,-0.0002519735783,0.0002848431217,-0.5428228863,0.1727480583,4.948856533,44.80020453
0.0191552487,0.7971916656,0.03107842111,0.0001323414998,-0.0002533966458,0.0002858743302,-0.5447458762,0.1665403409,4.951423633,49.04088145
0.0191764616,0.8464473767,0.03106169635,0.0001318786804,-0.0002548039484,0.0002869094603,-0.5465961684,0.1635996606,4.952163056,49.56979646
0.0191976745,0.8866420518,0.03096880584,0.0001314519302,-0.0002562018574,0.0002879565969,-0.5483699618,0.1643160057,4.950937684,49.99346964
0.0192188874,0.9200703081,0.03080447362,0.000131105462,-0.0002576223822,0.0002890638925,-0.5500248401,0.1686555163,4.947694552,49.10727616
0.0192401003,0.9449240529,0.03060524918,0.0001307833554,-0.0002590844229,0.0002902223703,-0.5516618329,0.17663391,4.942449843,49.54695448
0.0192613132,0.9697531187,0.0304290016,0.0001304712743,-0.0002605811218,0.0002914194133,-0.5532970353,0.1884037485,4.935295054,49.18200825
0.0192825261,0.9996560146,0.03028144995,0.000134108955,-0.00026386006,0.0002959853765,-0.550282129,0.1921680654,4.926077562,46.95184155
0.019303739,0.9287963206,0.03021151306,0.0001291854404,-0.0002638750126,0.0002938007833,-0.5577635093,0.1896661361,4.914586383,48.53723337
0.0193249519,0.8942728181,0.03019599826,0.0001320294523,-0.000264032133,0.0002952028853,-0.5535540802,0.1895552468,4.900744698,48.84623755
0.0193461648,0.8764965968,0.03020483347,0.0001582318733,-0.0002844314765,0.0003254820894,-0.5315610192,0.1907937443,4.948941719,49.37403384
0.0193673777,0.8664744828,0.03047496819,0.0001581526467,-0.0002858736722,0.0003267047843,-0.5327399932,0.1941812402,5.073293953,50.08801868
0.0193885906,0.8693579578,0.03111035384,0.0001562845029,-0.0002891153767,0.0003286526234,-0.5376144025,0.1314361057,5.191279095,50.81366451
0.0194098035,0.8747747221,0.03192684056,0.0001393398153,-0.000298933225,0.000329813064,-0.5673076259,0.1405263401,5.30565279,50.2710328
0.0194310164,0.8788408587,0.03285444443,0.0001393261165,-0.0003005624653,0.0003312847148,-0.568365236,0.1503399234,5.418344536,50.12021874
0.0194522293,1.035504268,0.03366875763,0.0001388687012,-0.0003025886682,0.0003329330538,-0.5702682392,0.1619838502,5.530659274,47.36896825
0.0194734422,1.113456003,0.03436655893,0.0001376417015,-0.0003060686497,0.000335593886,-0.5740923811,0.1742188289,5.648509325,47.11890417
0.0194946551,1.108132658,0.03496011128,0.0001469196196,-0.0003269523641,0.0003584455649,-0.5742369879,0.1707231828,5.77155331,58.31591779
0.019515868,0.8425725549,0.03531124523,0.0001464352814,-0.0003289329574,0.0003600558041,-0.5759778179,0.1679432681,5.884434649,57.68947012
0.0195370809,0.8458941255,0.0355596953,0.0001406560516,-0.0003215457557,0.0003509640977,-0.5792193292,0.165840427,5.976210641,55.94499437
0.0195582938,2.416945245,0.03572789607,0.0001527525649,-0.0003151292306,0.000350199626,-0.5597196212,0.1643570689,6.046746388,59.65917648
0.0195795067,1.576445774,0.03577495865,0.0001523465471,-0.000317504991,0.0003521631578,-0.5617096609,0.1634847382,6.106797017,55.71326618
0.0196007196,1.80728069,0.03576867854,0.0001353264791,-0.000325026942,0.0003520735278,-0.5881355478,0.1629682786,6.170156882,57.32292997
0.0196219325,0.8870186148,0.03555746686,0.00012518368,-0.0003375139826,0.000359981447,-0.6078128402,0.1625341985,6.228695435,56.18980387
0.0196431454,0.7786705922,0.03544060636,0.0001252428808,-0.0003392709953,0.0003616498132,-0.608580843,0.1621870708,6.272694203,56.56717151
0.0196643583,0.8251898077,0.03540795148,0.0001253673914,-0.0003410804883,0.0003633908121,-0.6092823459,0.1620362217,6.304963058,56.58569182
0.0196855712,0.8775038783,0.0354025466,0.0001255700984,-0.0003428516139,0.0003651233747,-0.6098585412,0.1621140018,6.327047668,56.13155246
0.0197067841,0.9116273931,0.03541087831,0.0001258685079,-0.0003444141166,0.0003666932846,-0.6102091821,0.1624665363,6.340973601,56.52230044
0.019727997,0.9302842266,0.03541738739,0.0001178714779,-0.0003569871914,0.0003759435331,-0.6259413984,0.1631894183,6.348326021,56.73089302
0.0197492099,0.9369871456,0.03541125488,0.000117507797,-0.0003589409235,0.0003776859396,-0.6272095255,0.1639241796,6.350677764,56.87003956
0.0197704228,0.936062722,0.03534991661,0.0001172544071,-0.000360579304,0.000379164912,-0.6281992749,0.1493694847,6.349119156,57.05542165
0.0197916357,0.9299287422,0.03513022471,0.0001157651946,-0.0003620777851,0.0003801340589,-0.6306715859,0.1335044668,6.336279653,56.21646332
0.0198128486,0.9108569203,0.03467530063,0.0001160001091,-0.0003638406653,0.0003818848714,-0.6310815361,0.1162217532,6.308021814,56.73448223
0.0198340615,0.8918188173,0.03385334074,0.0001160675253,-0.0003653861416,0.0003833780157,-0.63161002,0.09770375665,6.278439209,56.12721603
0.0198552744,0.8707298941,0.03245915486,0.0001161090344,-0.0003668626145,0.0003847979804,-0.6321394412,0.07860977802,6.254794142,56.47481027
0.0198764873,0.849973275,0.03244981117,0.0001161267445,-0.0003682838595,0.0003861585451,-0.632672852,0.05958671469,6.233373193,56.57731822
0.0198977002,0.8286835767,0.03286444216,0.000116119656,-0.0003696569009,0.0003874661261,-0.6332144033,0.04224727416,6.213411102,56.43178886
0.0199189131,0.8073104131,0.03340040067,0.0001160857319,-0.0003709873351,0.0003887254815,-0.6337688852,0.03160082963,6.19426217,55.84822248
0.019940126,0.7851900967,0.03401117553,0.0001004146981,-0.0003730678892,0.0003863453915,-0.6539341099,0.03607038489,6.175201455,55.75881003
0.0199613389,0.7838511773,0.03466595775,0.0001004778461,-0.0003741314979,0.0003873889199,-0.6542122075,0.05266723082,6.155400461,54.94669445
0.0199825518,0.8176237598,0.03531076027,0.000100994764,-0.0003907795971,0.0004036194196,-0.6589430012,0.07394768714,6.133766996,55.77950627
0.0200037647,0.704360551,0.0360225963,9.878611655e-05,-0.0003954124361,0.0004075655671,-0.6629885641,0.096955909,6.109875232,55.39288601
0.0200249776,0.6789052638,0.036860354,0.0001008575816,-0.0003935766851,0.0004062940546,-0.6599677688,0.1207188634,6.093397476,53.80116734
0.0200461905,0.6548015372,0.03769194327,0.0001006704163,-0.000394795648,0.0004074286888,-0.6605616148,0.1450230889,6.093061317,53.79490769
0.0200674034,0.642460492,0.03836851414,0.0001005837115,-0.0003958556325,0.0004084345294,-0.6609850915,0.1698298754,6.106286282,53.14442865
0.0200886163,0.6730537769,0.03902936539,0.0001005404559,-0.0003967190553,0.0004092607874,-0.6612960858,0.1949969128,6.129380225,54.45732256
0.0201098292,0.7098425791,0.03965786174,0.00010043817,-0.0003977966864,0.0004102804281,-0.6617395459,0.1764672416,6.155461581,56.28397599
0.0201310421,0.7386069527,0.04023863618,0.0001003991774,-0.0003987746138,0.0004112191477,-0.6620766003,0.1872684659,6.181444439,56.56857738
0.020152255,0.756639362,0.04079305117,0.0001090975948,-0.000411823112,0.0004260288262,-0.6559156058,0.174232183,6.208434078,57.05320374
0.0201734679,0.7730861745,0.04134212735,0.0001071332728,-0.0004149407616,0.0004285479831,-0.6590625219,0.1636216688,6.235364241,56.90616982
0.0201946808,0.8176399647,0.04189535641,0.0001069553503,-0.0004158348974,0.0004293694317,-0.6595234296,0.1552627158,6.26186372,51.75566164
0.0202158937,0.8501096337,0.04237717389,0.0001067568251,-0.0004166909981,0.0004301492852,-0.659994802,0.1486111712,6.296136004,52.0294394
0.0202371066,0.871921,0.04263403855,0.0001065250339,-0.0004175153411,0.0004308905231,-0.6604927581,0.1439514266,6.342868299,52.53481668
0.0202583195,0.8855816652,0.04275663039,0.0001062533666,-0.0004183078543,0.0004315915185,-0.6610246965,0.1415543433,6.396394724,53.22741413
0.0202795324,0.9049921897,0.0428352093,0.0001059691924,-0.0004188953472,0.0004320911728,-0.6615107774,0.1411533654,6.453854419,53.23361932
0.0203007453,0.970362389,0.04292350714,9.929866342e-05,-0.0004313921967,0.0004426730757,-0.6722776056,0.1421084945,6.512648461,53.25428111
0.0203219582,1.031853477,0.04304138419,9.90172556e-05,-0.0004319290187,0.0004431332691,-0.6727229055,0.143586451,6.571106931,52.97521676
0.0203431711,0.9719351353,0.04322752377,9.871239299e-05,-0.0004323570623,0.0004434825429,-0.673165764,0.1312597405,6.629190634,52.86704409
0.020364384,0.9202876988,0.04329002909,9.837985846e-05,-0.0004327066198,0.0004437494962,-0.6736187206,0.1273883205,6.687822762,53.9465232
0.0203855969,0.9185937647,0.04322685099,9.800667702e-05,-0.0004330000674,0.0004439531136,-0.6741018261,0.1326495297,6.747861056,53.21996357
0.0204068098,0.9144999331,0.04314444047,9.623362821e-05,-0.000438664806,0.0004490965633,-0.6774194524,0.129192601,6.810248062,55.04449508
0.0204280227,0.9017474678,0.0429649568,9.596294468e-05,-0.0004390126624,0.0004493784647,-0.6777965685,0.1257563527,6.873903294,53.6003001
0.0204492356,0.9093406294,0.04268254196,9.564452733e-05,-0.0004393446219,0.0004496349323,-0.6782213142,0.1223192525,6.93839623,56.15962676
0.0204704485,0.9275782634,0.0419736049,9.512531812e-05,-0.0004395912278,0.0004497657987,-0.6788436201,0.118955316,7.005032504,-49.77224538
0.0204916614,0.9670347667,0.04113070104,7.347610345e-05,-0.0004147708728,0.0004212286964,-0.6977333066,0.1155270754,7.061682363,-42.09184076
0.0205128743,0.9578106118,0.04046840051,7.258146535e-05,-0.0004148796331,0.0004211806965,-0.6988016064,0.1113861035,7.071056125,57.62188272
0.0205340872,1.008851935,0.03968205306,8.209641014e-05,-0.0003942337143,0.0004026910007,-0.6827437589,0.106787549,7.043329253,-54.19541668
0.0205553001,3.158741604,0.03864133983,8.161379582e-05,-0.0003946644908,0.0004030147293,-0.6834388959,0.102336612,7.02107985,-57.50599095
0.020576513,2.854266006,0.03817057939,8.086045179e-05,-0.0003952067019,0.000403394038,-0.6844894047,0.09795794275,7.012955647,54.08345691
0.0205977259,3.285920425,0.03813844156,7.997873647e-05,-0.0003956591563,0.0004036616978,-0.6856717257,0.0936947601,7.015501677,55.46146935
0.0206189388,2.496354902,0.03841295253,7.916299249e-05,-0.0003959167521,0.000403753457,-0.6867251048,0.0897238169,7.018945773,54.2380086
0.0206401517,2.303170801,0.03920085293,7.315706986e-05,-0.0004119082956,0.0004183543963,-0.6975119812,0.08617039348,7.023501641,52.8560971
0.0206613646,2.123105438,0.04033951375,7.214821668e-05,-0.0004178486124,0.0004240316357,-0.6999081368,0.0830747249,7.03010678,52.60195105
0.0206825775,1.943867022,0.04156899312,7.188990128e-05,-0.0004174612817,0.000423606043,-0.7001308026,0.08049279785,7.038856172,62.25373523
0.0207037904,1.798690994,0.0428206241,7.538245531e-05,-0.0004154181646,0.000422202281,-0.6956439977,0.07850071465,7.047412074,45.20551437
0.0207250033,1.670749491,0.04396323769,7.520497585e-05,-0.0004156718094,0.0004224202191,-0.6959043012,0.07717551525,7.054554867,45.21552822
0.0207462162,1.56213912,0.0449546572,0.0001041443203,-0.0005008745747,0.0005115871178,-0.6828961832,0.07655823508,7.060496935,52.16799642
0.0207674291,1.467502753,0.04586671958,0.0001037031718,-0.0005012108287,0.0005118267702,-0.6833849838,0.07634335788,7.065430199,49.35663993
0.020788642,1.380676798,0.04679059837,0.0001032567799,-0.0005015541302,0.0005120727567,-0.6838797288,0.07645286147,7.070046611,48.33469366
0.0208098549,1.312855194,0.04766319252,6.169131204e-05,-0.0004158333361,0.0004203845637,-0.7117573635,0.07714151991,7.074532585,47.45475256
0.0208310678,1.302697247,0.04831229764,6.117541921e-05,-0.0004167816385,0.000421247393,-0.7125282537,0.07845148261,7.078596671,54.04669307
0.0208522807,1.26322936,0.04883734014,6.061315693e-05,-0.0004171278774,0.0004215087436,-0.7132477929,0.08035601451,7.082017639,52.69564802
0.0208734936,1.217157534,0.04928182706,6.000924442e-05,-0.0004172514162,0.0004215446047,-0.7139777287,0.08282011814,7.08460623,58.50221298
0.0208947065,1.175290725,0.04965074139,4.099119049e-05,-0.0004585422568,0.0004603708059,-0.7408193724,0.08576962526,7.087195798,60.38330764
