/*--------------------------------*- C++ -*----------------------------------*\
| =========                 |                                                 |
| \\      /  F ield         | OpenFOAM: The Open Source CFD Toolbox           |
|  \\    /   O peration     | Version:  2312                                  |
|   \\  /    A nd           | Website:  www.openfoam.com                      |
|    \\/     M anipulation  |                                                 |
\*---------------------------------------------------------------------------*/
FoamFile
{
    version     2.0;
    format      ascii;
    arch        "LSB;label=32;scalar=64";
    class       faceList;
    location    "constant/polyMesh";
    object      faces;
}
// * * * * * * * * * * * * * * * * * * * * * * * * * * * * * * * * * * * * * //


33785
(
4(1 17 1313 1297)
4(16 1312 1313 17)
4(2 18 1314 1298)
4(17 1313 1314 18)
4(3 19 1315 1299)
4(18 1314 1315 19)
4(4 20 1316 1300)
4(19 1315 1316 20)
4(5 21 1317 1301)
4(20 1316 1317 21)
4(6 22 1318 1302)
4(21 1317 1318 22)
4(7 23 1319 1303)
4(22 1318 1319 23)
4(8 24 1320 1304)
4(23 1319 1320 24)
4(9 25 1321 1305)
4(24 1320 1321 25)
4(10 26 1322 1306)
4(25 1321 1322 26)
4(11 27 1323 1307)
4(26 1322 1323 27)
4(12 28 1324 1308)
4(27 1323 1324 28)
4(13 29 1325 1309)
4(28 1324 1325 29)
4(14 30 1326 1310)
4(29 1325 1326 30)
4(30 1326 1327 31)
4(15 31 1327 1311)
4(17 33 1329 1313)
4(32 1328 1329 33)
4(18 34 1330 1314)
4(33 1329 1330 34)
4(19 35 1331 1315)
4(34 1330 1331 35)
4(20 36 1332 1316)
4(35 1331 1332 36)
4(21 37 1333 1317)
4(36 1332 1333 37)
4(22 38 1334 1318)
4(37 1333 1334 38)
4(23 39 1335 1319)
4(38 1334 1335 39)
4(24 40 1336 1320)
4(39 1335 1336 40)
4(25 41 1337 1321)
4(40 1336 1337 41)
4(26 42 1338 1322)
4(41 1337 1338 42)
4(27 43 1339 1323)
4(42 1338 1339 43)
4(28 44 1340 1324)
4(43 1339 1340 44)
4(29 45 1341 1325)
4(44 1340 1341 45)
4(30 46 1342 1326)
4(45 1341 1342 46)
4(46 1342 1343 47)
4(31 47 1343 1327)
4(33 49 1345 1329)
4(48 1344 1345 49)
4(34 50 1346 1330)
4(49 1345 1346 50)
4(35 51 1347 1331)
4(50 1346 1347 51)
4(36 52 1348 1332)
4(51 1347 1348 52)
4(37 53 1349 1333)
4(52 1348 1349 53)
4(38 54 1350 1334)
4(53 1349 1350 54)
4(39 55 1351 1335)
4(54 1350 1351 55)
4(40 56 1352 1336)
4(55 1351 1352 56)
4(41 57 1353 1337)
4(56 1352 1353 57)
4(42 58 1354 1338)
4(57 1353 1354 58)
4(43 59 1355 1339)
4(58 1354 1355 59)
4(44 60 1356 1340)
4(59 1355 1356 60)
4(45 61 1357 1341)
4(60 1356 1357 61)
4(46 62 1358 1342)
4(61 1357 1358 62)
4(62 1358 1359 63)
4(47 63 1359 1343)
4(49 65 1361 1345)
4(64 1360 1361 65)
4(50 66 1362 1346)
4(65 1361 1362 66)
4(51 67 1363 1347)
4(66 1362 1363 67)
4(52 68 1364 1348)
4(67 1363 1364 68)
4(53 69 1365 1349)
4(68 1364 1365 69)
4(54 70 1366 1350)
4(69 1365 1366 70)
4(55 71 1367 1351)
4(70 1366 1367 71)
4(56 72 1368 1352)
4(71 1367 1368 72)
4(57 73 1369 1353)
4(72 1368 1369 73)
4(58 74 1370 1354)
4(73 1369 1370 74)
4(59 75 1371 1355)
4(74 1370 1371 75)
4(60 76 1372 1356)
4(75 1371 1372 76)
4(61 77 1373 1357)
4(76 1372 1373 77)
4(62 78 1374 1358)
4(77 1373 1374 78)
4(78 1374 1375 79)
4(63 79 1375 1359)
4(65 81 1377 1361)
4(80 1376 1377 81)
4(66 82 1378 1362)
4(81 1377 1378 82)
4(67 83 1379 1363)
4(82 1378 1379 83)
4(68 84 1380 1364)
4(83 1379 1380 84)
4(69 85 1381 1365)
4(84 1380 1381 85)
4(70 86 1382 1366)
4(85 1381 1382 86)
4(71 87 1383 1367)
4(86 1382 1383 87)
4(72 88 1384 1368)
4(87 1383 1384 88)
4(73 89 1385 1369)
4(88 1384 1385 89)
4(74 90 1386 1370)
4(89 1385 1386 90)
4(75 91 1387 1371)
4(90 1386 1387 91)
4(76 92 1388 1372)
4(91 1387 1388 92)
4(77 93 1389 1373)
4(92 1388 1389 93)
4(78 94 1390 1374)
4(93 1389 1390 94)
4(94 1390 1391 95)
4(79 95 1391 1375)
4(81 97 1393 1377)
4(96 1392 1393 97)
4(82 98 1394 1378)
4(97 1393 1394 98)
4(83 99 1395 1379)
4(98 1394 1395 99)
4(84 100 1396 1380)
4(99 1395 1396 100)
4(85 101 1397 1381)
4(100 1396 1397 101)
4(86 102 1398 1382)
4(101 1397 1398 102)
4(87 103 1399 1383)
4(102 1398 1399 103)
4(88 104 1400 1384)
4(103 1399 1400 104)
4(89 105 1401 1385)
4(104 1400 1401 105)
4(90 106 1402 1386)
4(105 1401 1402 106)
4(91 107 1403 1387)
4(106 1402 1403 107)
4(92 108 1404 1388)
4(107 1403 1404 108)
4(93 109 1405 1389)
4(108 1404 1405 109)
4(94 110 1406 1390)
4(109 1405 1406 110)
4(110 1406 1407 111)
4(95 111 1407 1391)
4(97 113 1409 1393)
4(112 1408 1409 113)
4(98 114 1410 1394)
4(113 1409 1410 114)
4(99 115 1411 1395)
4(114 1410 1411 115)
4(100 116 1412 1396)
4(115 1411 1412 116)
4(101 117 1413 1397)
4(116 1412 1413 117)
4(102 118 1414 1398)
4(117 1413 1414 118)
4(103 119 1415 1399)
4(118 1414 1415 119)
4(104 120 1416 1400)
4(119 1415 1416 120)
4(105 121 1417 1401)
4(120 1416 1417 121)
4(106 122 1418 1402)
4(121 1417 1418 122)
4(107 123 1419 1403)
4(122 1418 1419 123)
4(108 124 1420 1404)
4(123 1419 1420 124)
4(109 125 1421 1405)
4(124 1420 1421 125)
4(110 126 1422 1406)
4(125 1421 1422 126)
4(126 1422 1423 127)
4(111 127 1423 1407)
4(113 129 1425 1409)
4(128 1424 1425 129)
4(114 130 1426 1410)
4(129 1425 1426 130)
4(115 131 1427 1411)
4(130 1426 1427 131)
4(116 132 1428 1412)
4(131 1427 1428 132)
4(117 133 1429 1413)
4(132 1428 1429 133)
4(118 134 1430 1414)
4(133 1429 1430 134)
4(119 135 1431 1415)
4(134 1430 1431 135)
4(120 136 1432 1416)
4(135 1431 1432 136)
4(121 137 1433 1417)
4(136 1432 1433 137)
4(122 138 1434 1418)
4(137 1433 1434 138)
4(123 139 1435 1419)
4(138 1434 1435 139)
4(124 140 1436 1420)
4(139 1435 1436 140)
4(125 141 1437 1421)
4(140 1436 1437 141)
4(126 142 1438 1422)
4(141 1437 1438 142)
4(142 1438 1439 143)
4(127 143 1439 1423)
4(129 145 1441 1425)
4(144 1440 1441 145)
4(130 146 1442 1426)
4(145 1441 1442 146)
4(131 147 1443 1427)
4(146 1442 1443 147)
4(132 148 1444 1428)
4(147 1443 1444 148)
4(133 149 1445 1429)
4(148 1444 1445 149)
4(134 150 1446 1430)
4(149 1445 1446 150)
4(135 151 1447 1431)
4(150 1446 1447 151)
4(136 152 1448 1432)
4(151 1447 1448 152)
4(137 153 1449 1433)
4(152 1448 1449 153)
4(138 154 1450 1434)
4(153 1449 1450 154)
4(139 155 1451 1435)
4(154 1450 1451 155)
4(140 156 1452 1436)
4(155 1451 1452 156)
4(141 157 1453 1437)
4(156 1452 1453 157)
4(142 158 1454 1438)
4(157 1453 1454 158)
4(158 1454 1455 159)
4(143 159 1455 1439)
4(145 161 1457 1441)
4(160 1456 1457 161)
4(146 162 1458 1442)
4(161 1457 1458 162)
4(147 163 1459 1443)
4(162 1458 1459 163)
4(148 164 1460 1444)
4(163 1459 1460 164)
4(149 165 1461 1445)
4(164 1460 1461 165)
4(150 166 1462 1446)
4(165 1461 1462 166)
4(151 167 1463 1447)
4(166 1462 1463 167)
4(152 168 1464 1448)
4(167 1463 1464 168)
4(153 169 1465 1449)
4(168 1464 1465 169)
4(154 170 1466 1450)
4(169 1465 1466 170)
4(155 171 1467 1451)
4(170 1466 1467 171)
4(156 172 1468 1452)
4(171 1467 1468 172)
4(157 173 1469 1453)
4(172 1468 1469 173)
4(158 174 1470 1454)
4(173 1469 1470 174)
4(174 1470 1471 175)
4(159 175 1471 1455)
4(161 177 1473 1457)
4(176 1472 1473 177)
4(162 178 1474 1458)
4(177 1473 1474 178)
4(163 179 1475 1459)
4(178 1474 1475 179)
4(164 180 1476 1460)
4(179 1475 1476 180)
4(165 181 1477 1461)
4(180 1476 1477 181)
4(166 182 1478 1462)
4(181 1477 1478 182)
4(167 183 1479 1463)
4(182 1478 1479 183)
4(168 184 1480 1464)
4(183 1479 1480 184)
4(169 185 1481 1465)
4(184 1480 1481 185)
4(170 186 1482 1466)
4(185 1481 1482 186)
4(171 187 1483 1467)
4(186 1482 1483 187)
4(172 188 1484 1468)
4(187 1483 1484 188)
4(173 189 1485 1469)
4(188 1484 1485 189)
4(174 190 1486 1470)
4(189 1485 1486 190)
4(190 1486 1487 191)
4(175 191 1487 1471)
4(177 193 1489 1473)
4(192 1488 1489 193)
4(178 194 1490 1474)
4(193 1489 1490 194)
4(179 195 1491 1475)
4(194 1490 1491 195)
4(180 196 1492 1476)
4(195 1491 1492 196)
4(181 197 1493 1477)
4(196 1492 1493 197)
4(182 198 1494 1478)
4(197 1493 1494 198)
4(183 199 1495 1479)
4(198 1494 1495 199)
4(184 200 1496 1480)
4(199 1495 1496 200)
4(185 201 1497 1481)
4(200 1496 1497 201)
4(186 202 1498 1482)
4(201 1497 1498 202)
4(187 203 1499 1483)
4(202 1498 1499 203)
4(188 204 1500 1484)
4(203 1499 1500 204)
4(189 205 1501 1485)
4(204 1500 1501 205)
4(190 206 1502 1486)
4(205 1501 1502 206)
4(206 1502 1503 207)
4(191 207 1503 1487)
4(193 209 1505 1489)
4(208 1504 1505 209)
4(194 210 1506 1490)
4(209 1505 1506 210)
4(195 211 1507 1491)
4(210 1506 1507 211)
4(196 212 1508 1492)
4(211 1507 1508 212)
4(197 213 1509 1493)
4(212 1508 1509 213)
4(198 214 1510 1494)
4(213 1509 1510 214)
4(199 215 1511 1495)
4(214 1510 1511 215)
4(200 216 1512 1496)
4(215 1511 1512 216)
4(201 217 1513 1497)
4(216 1512 1513 217)
4(202 218 1514 1498)
4(217 1513 1514 218)
4(203 219 1515 1499)
4(218 1514 1515 219)
4(204 220 1516 1500)
4(219 1515 1516 220)
4(205 221 1517 1501)
4(220 1516 1517 221)
4(206 222 1518 1502)
4(221 1517 1518 222)
4(222 1518 1519 223)
4(207 223 1519 1503)
4(209 225 1521 1505)
4(224 1520 1521 225)
4(210 226 1522 1506)
4(225 1521 1522 226)
4(211 227 1523 1507)
4(226 1522 1523 227)
4(212 228 1524 1508)
4(227 1523 1524 228)
4(213 229 1525 1509)
4(228 1524 1525 229)
4(214 230 1526 1510)
4(229 1525 1526 230)
4(215 231 1527 1511)
4(230 1526 1527 231)
4(216 232 1528 1512)
4(231 1527 1528 232)
4(217 233 1529 1513)
4(232 1528 1529 233)
4(218 234 1530 1514)
4(233 1529 1530 234)
4(219 235 1531 1515)
4(234 1530 1531 235)
4(220 236 1532 1516)
4(235 1531 1532 236)
4(221 237 1533 1517)
4(236 1532 1533 237)
4(222 238 1534 1518)
4(237 1533 1534 238)
4(238 1534 1535 239)
4(223 239 1535 1519)
4(225 241 1537 1521)
4(240 1536 1537 241)
4(226 242 1538 1522)
4(241 1537 1538 242)
4(227 243 1539 1523)
4(242 1538 1539 243)
4(228 244 1540 1524)
4(243 1539 1540 244)
4(229 245 1541 1525)
4(244 1540 1541 245)
4(230 246 1542 1526)
4(245 1541 1542 246)
4(231 247 1543 1527)
4(246 1542 1543 247)
4(232 248 1544 1528)
4(247 1543 1544 248)
4(233 249 1545 1529)
4(248 1544 1545 249)
4(234 250 1546 1530)
4(249 1545 1546 250)
4(235 251 1547 1531)
4(250 1546 1547 251)
4(236 252 1548 1532)
4(251 1547 1548 252)
4(237 253 1549 1533)
4(252 1548 1549 253)
4(238 254 1550 1534)
4(253 1549 1550 254)
4(254 1550 1551 255)
4(239 255 1551 1535)
4(241 257 1553 1537)
4(256 1552 1553 257)
4(242 258 1554 1538)
4(257 1553 1554 258)
4(243 259 1555 1539)
4(258 1554 1555 259)
4(244 260 1556 1540)
4(259 1555 1556 260)
4(245 261 1557 1541)
4(260 1556 1557 261)
4(246 262 1558 1542)
4(261 1557 1558 262)
4(247 263 1559 1543)
4(262 1558 1559 263)
4(248 264 1560 1544)
4(263 1559 1560 264)
4(249 265 1561 1545)
4(264 1560 1561 265)
4(250 266 1562 1546)
4(265 1561 1562 266)
4(251 267 1563 1547)
4(266 1562 1563 267)
4(252 268 1564 1548)
4(267 1563 1564 268)
4(253 269 1565 1549)
4(268 1564 1565 269)
4(254 270 1566 1550)
4(269 1565 1566 270)
4(270 1566 1567 271)
4(255 271 1567 1551)
4(257 273 1569 1553)
4(272 1568 1569 273)
4(258 274 1570 1554)
4(273 1569 1570 274)
4(259 275 1571 1555)
4(274 1570 1571 275)
4(260 276 1572 1556)
4(275 1571 1572 276)
4(261 277 1573 1557)
4(276 1572 1573 277)
4(262 278 1574 1558)
4(277 1573 1574 278)
4(263 279 1575 1559)
4(278 1574 1575 279)
4(264 280 1576 1560)
4(279 1575 1576 280)
4(265 281 1577 1561)
4(280 1576 1577 281)
4(266 282 1578 1562)
4(281 1577 1578 282)
4(267 283 1579 1563)
4(282 1578 1579 283)
4(268 284 1580 1564)
4(283 1579 1580 284)
4(269 285 1581 1565)
4(284 1580 1581 285)
4(270 286 1582 1566)
4(285 1581 1582 286)
4(286 1582 1583 287)
4(271 287 1583 1567)
4(273 289 1585 1569)
4(288 1584 1585 289)
4(274 290 1586 1570)
4(289 1585 1586 290)
4(275 291 1587 1571)
4(290 1586 1587 291)
4(276 292 1588 1572)
4(291 1587 1588 292)
4(277 293 1589 1573)
4(292 1588 1589 293)
4(278 294 1590 1574)
4(293 1589 1590 294)
4(279 295 1591 1575)
4(294 1590 1591 295)
4(280 296 1592 1576)
4(295 1591 1592 296)
4(281 297 1593 1577)
4(296 1592 1593 297)
4(282 298 1594 1578)
4(297 1593 1594 298)
4(283 299 1595 1579)
4(298 1594 1595 299)
4(284 300 1596 1580)
4(299 1595 1596 300)
4(285 301 1597 1581)
4(300 1596 1597 301)
4(286 302 1598 1582)
4(301 1597 1598 302)
4(302 1598 1599 303)
4(287 303 1599 1583)
4(289 305 1601 1585)
4(304 1600 1601 305)
4(290 306 1602 1586)
4(305 1601 1602 306)
4(291 307 1603 1587)
4(306 1602 1603 307)
4(292 308 1604 1588)
4(307 1603 1604 308)
4(293 309 1605 1589)
4(308 1604 1605 309)
4(294 310 1606 1590)
4(309 1605 1606 310)
4(295 311 1607 1591)
4(310 1606 1607 311)
4(296 312 1608 1592)
4(311 1607 1608 312)
4(297 313 1609 1593)
4(312 1608 1609 313)
4(298 314 1610 1594)
4(313 1609 1610 314)
4(299 315 1611 1595)
4(314 1610 1611 315)
4(300 316 1612 1596)
4(315 1611 1612 316)
4(301 317 1613 1597)
4(316 1612 1613 317)
4(302 318 1614 1598)
4(317 1613 1614 318)
4(318 1614 1615 319)
4(303 319 1615 1599)
4(305 321 1617 1601)
4(320 1616 1617 321)
4(306 322 1618 1602)
4(321 1617 1618 322)
4(307 323 1619 1603)
4(322 1618 1619 323)
4(308 324 1620 1604)
4(323 1619 1620 324)
4(309 325 1621 1605)
4(324 1620 1621 325)
4(310 326 1622 1606)
4(325 1621 1622 326)
4(311 327 1623 1607)
4(326 1622 1623 327)
4(312 328 1624 1608)
4(327 1623 1624 328)
4(313 329 1625 1609)
4(328 1624 1625 329)
4(314 330 1626 1610)
4(329 1625 1626 330)
4(315 331 1627 1611)
4(330 1626 1627 331)
4(316 332 1628 1612)
4(331 1627 1628 332)
4(317 333 1629 1613)
4(332 1628 1629 333)
4(318 334 1630 1614)
4(333 1629 1630 334)
4(334 1630 1631 335)
4(319 335 1631 1615)
4(321 337 1633 1617)
4(336 1632 1633 337)
4(322 338 1634 1618)
4(337 1633 1634 338)
4(323 339 1635 1619)
4(338 1634 1635 339)
4(324 340 1636 1620)
4(339 1635 1636 340)
4(325 341 1637 1621)
4(340 1636 1637 341)
4(326 342 1638 1622)
4(341 1637 1638 342)
4(327 343 1639 1623)
4(342 1638 1639 343)
4(328 344 1640 1624)
4(343 1639 1640 344)
4(329 345 1641 1625)
4(344 1640 1641 345)
4(330 346 1642 1626)
4(345 1641 1642 346)
4(331 347 1643 1627)
4(346 1642 1643 347)
4(332 348 1644 1628)
4(347 1643 1644 348)
4(333 349 1645 1629)
4(348 1644 1645 349)
4(334 350 1646 1630)
4(349 1645 1646 350)
4(350 1646 1647 351)
4(335 351 1647 1631)
4(337 353 1649 1633)
4(352 1648 1649 353)
4(338 354 1650 1634)
4(353 1649 1650 354)
4(339 355 1651 1635)
4(354 1650 1651 355)
4(340 356 1652 1636)
4(355 1651 1652 356)
4(341 357 1653 1637)
4(356 1652 1653 357)
4(342 358 1654 1638)
4(357 1653 1654 358)
4(343 359 1655 1639)
4(358 1654 1655 359)
4(344 360 1656 1640)
4(359 1655 1656 360)
4(345 361 1657 1641)
4(360 1656 1657 361)
4(346 362 1658 1642)
4(361 1657 1658 362)
4(347 363 1659 1643)
4(362 1658 1659 363)
4(348 364 1660 1644)
4(363 1659 1660 364)
4(349 365 1661 1645)
4(364 1660 1661 365)
4(350 366 1662 1646)
4(365 1661 1662 366)
4(366 1662 1663 367)
4(351 367 1663 1647)
4(353 369 1665 1649)
4(368 1664 1665 369)
4(354 370 1666 1650)
4(369 1665 1666 370)
4(355 371 1667 1651)
4(370 1666 1667 371)
4(356 372 1668 1652)
4(371 1667 1668 372)
4(357 373 1669 1653)
4(372 1668 1669 373)
4(358 374 1670 1654)
4(373 1669 1670 374)
4(359 375 1671 1655)
4(374 1670 1671 375)
4(360 376 1672 1656)
4(375 1671 1672 376)
4(361 377 1673 1657)
4(376 1672 1673 377)
4(362 378 1674 1658)
4(377 1673 1674 378)
4(363 379 1675 1659)
4(378 1674 1675 379)
4(364 380 1676 1660)
4(379 1675 1676 380)
4(365 381 1677 1661)
4(380 1676 1677 381)
4(366 382 1678 1662)
4(381 1677 1678 382)
4(382 1678 1679 383)
4(367 383 1679 1663)
4(369 385 1681 1665)
4(384 1680 1681 385)
4(370 386 1682 1666)
4(385 1681 1682 386)
4(371 387 1683 1667)
4(386 1682 1683 387)
4(372 388 1684 1668)
4(387 1683 1684 388)
4(373 389 1685 1669)
4(388 1684 1685 389)
4(374 390 1686 1670)
4(389 1685 1686 390)
4(375 391 1687 1671)
4(390 1686 1687 391)
4(376 392 1688 1672)
4(391 1687 1688 392)
4(377 393 1689 1673)
4(392 1688 1689 393)
4(378 394 1690 1674)
4(393 1689 1690 394)
4(379 395 1691 1675)
4(394 1690 1691 395)
4(380 396 1692 1676)
4(395 1691 1692 396)
4(381 397 1693 1677)
4(396 1692 1693 397)
4(382 398 1694 1678)
4(397 1693 1694 398)
4(398 1694 1695 399)
4(383 399 1695 1679)
4(385 401 1697 1681)
4(400 1696 1697 401)
4(386 402 1698 1682)
4(401 1697 1698 402)
4(387 403 1699 1683)
4(402 1698 1699 403)
4(388 404 1700 1684)
4(403 1699 1700 404)
4(389 405 1701 1685)
4(404 1700 1701 405)
4(390 406 1702 1686)
4(405 1701 1702 406)
4(391 407 1703 1687)
4(406 1702 1703 407)
4(392 408 1704 1688)
4(407 1703 1704 408)
4(393 409 1705 1689)
4(408 1704 1705 409)
4(394 410 1706 1690)
4(409 1705 1706 410)
4(395 411 1707 1691)
4(410 1706 1707 411)
4(396 412 1708 1692)
4(411 1707 1708 412)
4(397 413 1709 1693)
4(412 1708 1709 413)
4(398 414 1710 1694)
4(413 1709 1710 414)
4(414 1710 1711 415)
4(399 415 1711 1695)
4(401 417 1713 1697)
4(416 1712 1713 417)
4(402 418 1714 1698)
4(417 1713 1714 418)
4(403 419 1715 1699)
4(418 1714 1715 419)
4(404 420 1716 1700)
4(419 1715 1716 420)
4(405 421 1717 1701)
4(420 1716 1717 421)
4(406 422 1718 1702)
4(421 1717 1718 422)
4(407 423 1719 1703)
4(422 1718 1719 423)
4(408 424 1720 1704)
4(423 1719 1720 424)
4(409 425 1721 1705)
4(424 1720 1721 425)
4(410 426 1722 1706)
4(425 1721 1722 426)
4(411 427 1723 1707)
4(426 1722 1723 427)
4(412 428 1724 1708)
4(427 1723 1724 428)
4(413 429 1725 1709)
4(428 1724 1725 429)
4(414 430 1726 1710)
4(429 1725 1726 430)
4(430 1726 1727 431)
4(415 431 1727 1711)
4(417 433 1729 1713)
4(432 1728 1729 433)
4(418 434 1730 1714)
4(433 1729 1730 434)
4(419 435 1731 1715)
4(434 1730 1731 435)
4(420 436 1732 1716)
4(435 1731 1732 436)
4(421 437 1733 1717)
4(436 1732 1733 437)
4(422 438 1734 1718)
4(437 1733 1734 438)
4(423 439 1735 1719)
4(438 1734 1735 439)
4(424 440 1736 1720)
4(439 1735 1736 440)
4(425 441 1737 1721)
4(440 1736 1737 441)
4(426 442 1738 1722)
4(441 1737 1738 442)
4(427 443 1739 1723)
4(442 1738 1739 443)
4(428 444 1740 1724)
4(443 1739 1740 444)
4(429 445 1741 1725)
4(444 1740 1741 445)
4(430 446 1742 1726)
4(445 1741 1742 446)
4(446 1742 1743 447)
4(431 447 1743 1727)
4(433 449 1745 1729)
4(448 1744 1745 449)
4(434 450 1746 1730)
4(449 1745 1746 450)
4(435 451 1747 1731)
4(450 1746 1747 451)
4(436 452 1748 1732)
4(451 1747 1748 452)
4(437 453 1749 1733)
4(452 1748 1749 453)
4(438 454 1750 1734)
4(453 1749 1750 454)
4(439 455 1751 1735)
4(454 1750 1751 455)
4(440 456 1752 1736)
4(455 1751 1752 456)
4(441 457 1753 1737)
4(456 1752 1753 457)
4(442 458 1754 1738)
4(457 1753 1754 458)
4(443 459 1755 1739)
4(458 1754 1755 459)
4(444 460 1756 1740)
4(459 1755 1756 460)
4(445 461 1757 1741)
4(460 1756 1757 461)
4(446 462 1758 1742)
4(461 1757 1758 462)
4(462 1758 1759 463)
4(447 463 1759 1743)
4(449 465 1761 1745)
4(464 1760 1761 465)
4(450 466 1762 1746)
4(465 1761 1762 466)
4(451 467 1763 1747)
4(466 1762 1763 467)
4(452 468 1764 1748)
4(467 1763 1764 468)
4(453 469 1765 1749)
4(468 1764 1765 469)
4(454 470 1766 1750)
4(469 1765 1766 470)
4(455 471 1767 1751)
4(470 1766 1767 471)
4(456 472 1768 1752)
4(471 1767 1768 472)
4(457 473 1769 1753)
4(472 1768 1769 473)
4(458 474 1770 1754)
4(473 1769 1770 474)
4(459 475 1771 1755)
4(474 1770 1771 475)
4(460 476 1772 1756)
4(475 1771 1772 476)
4(461 477 1773 1757)
4(476 1772 1773 477)
4(462 478 1774 1758)
4(477 1773 1774 478)
4(478 1774 1775 479)
4(463 479 1775 1759)
4(465 481 1777 1761)
4(480 1776 1777 481)
4(466 482 1778 1762)
4(481 1777 1778 482)
4(467 483 1779 1763)
4(482 1778 1779 483)
4(468 484 1780 1764)
4(483 1779 1780 484)
4(469 485 1781 1765)
4(484 1780 1781 485)
4(470 486 1782 1766)
4(485 1781 1782 486)
4(471 487 1783 1767)
4(486 1782 1783 487)
4(472 488 1784 1768)
4(487 1783 1784 488)
4(473 489 1785 1769)
4(488 1784 1785 489)
4(474 490 1786 1770)
4(489 1785 1786 490)
4(475 491 1787 1771)
4(490 1786 1787 491)
4(476 492 1788 1772)
4(491 1787 1788 492)
4(477 493 1789 1773)
4(492 1788 1789 493)
4(478 494 1790 1774)
4(493 1789 1790 494)
4(494 1790 1791 495)
4(479 495 1791 1775)
4(481 497 1793 1777)
4(496 1792 1793 497)
4(482 498 1794 1778)
4(497 1793 1794 498)
4(483 499 1795 1779)
4(498 1794 1795 499)
4(484 500 1796 1780)
4(499 1795 1796 500)
4(485 501 1797 1781)
4(500 1796 1797 501)
4(486 502 1798 1782)
4(501 1797 1798 502)
4(487 503 1799 1783)
4(502 1798 1799 503)
4(488 504 1800 1784)
4(503 1799 1800 504)
4(489 505 1801 1785)
4(504 1800 1801 505)
4(490 506 1802 1786)
4(505 1801 1802 506)
4(491 507 1803 1787)
4(506 1802 1803 507)
4(492 508 1804 1788)
4(507 1803 1804 508)
4(493 509 1805 1789)
4(508 1804 1805 509)
4(494 510 1806 1790)
4(509 1805 1806 510)
4(510 1806 1807 511)
4(495 511 1807 1791)
4(497 513 1809 1793)
4(512 1808 1809 513)
4(498 514 1810 1794)
4(513 1809 1810 514)
4(499 515 1811 1795)
4(514 1810 1811 515)
4(500 516 1812 1796)
4(515 1811 1812 516)
4(501 517 1813 1797)
4(516 1812 1813 517)
4(502 518 1814 1798)
4(517 1813 1814 518)
4(503 519 1815 1799)
4(518 1814 1815 519)
4(504 520 1816 1800)
4(519 1815 1816 520)
4(505 521 1817 1801)
4(520 1816 1817 521)
4(506 522 1818 1802)
4(521 1817 1818 522)
4(507 523 1819 1803)
4(522 1818 1819 523)
4(508 524 1820 1804)
4(523 1819 1820 524)
4(509 525 1821 1805)
4(524 1820 1821 525)
4(510 526 1822 1806)
4(525 1821 1822 526)
4(526 1822 1823 527)
4(511 527 1823 1807)
4(513 529 1825 1809)
4(528 1824 1825 529)
4(514 530 1826 1810)
4(529 1825 1826 530)
4(515 531 1827 1811)
4(530 1826 1827 531)
4(516 532 1828 1812)
4(531 1827 1828 532)
4(517 533 1829 1813)
4(532 1828 1829 533)
4(518 534 1830 1814)
4(533 1829 1830 534)
4(519 535 1831 1815)
4(534 1830 1831 535)
4(520 536 1832 1816)
4(535 1831 1832 536)
4(521 537 1833 1817)
4(536 1832 1833 537)
4(522 538 1834 1818)
4(537 1833 1834 538)
4(523 539 1835 1819)
4(538 1834 1835 539)
4(524 540 1836 1820)
4(539 1835 1836 540)
4(525 541 1837 1821)
4(540 1836 1837 541)
4(526 542 1838 1822)
4(541 1837 1838 542)
4(542 1838 1839 543)
4(527 543 1839 1823)
4(529 545 1841 1825)
4(544 1840 1841 545)
4(530 546 1842 1826)
4(545 1841 1842 546)
4(531 547 1843 1827)
4(546 1842 1843 547)
4(532 548 1844 1828)
4(547 1843 1844 548)
4(533 549 1845 1829)
4(548 1844 1845 549)
4(534 550 1846 1830)
4(549 1845 1846 550)
4(535 551 1847 1831)
4(550 1846 1847 551)
4(536 552 1848 1832)
4(551 1847 1848 552)
4(537 553 1849 1833)
4(552 1848 1849 553)
4(538 554 1850 1834)
4(553 1849 1850 554)
4(539 555 1851 1835)
4(554 1850 1851 555)
4(540 556 1852 1836)
4(555 1851 1852 556)
4(541 557 1853 1837)
4(556 1852 1853 557)
4(542 558 1854 1838)
4(557 1853 1854 558)
4(558 1854 1855 559)
4(543 559 1855 1839)
4(545 561 1857 1841)
4(560 1856 1857 561)
4(546 562 1858 1842)
4(561 1857 1858 562)
4(547 563 1859 1843)
4(562 1858 1859 563)
4(548 564 1860 1844)
4(563 1859 1860 564)
4(549 565 1861 1845)
4(564 1860 1861 565)
4(550 566 1862 1846)
4(565 1861 1862 566)
4(551 567 1863 1847)
4(566 1862 1863 567)
4(552 568 1864 1848)
4(567 1863 1864 568)
4(553 569 1865 1849)
4(568 1864 1865 569)
4(554 570 1866 1850)
4(569 1865 1866 570)
4(555 571 1867 1851)
4(570 1866 1867 571)
4(556 572 1868 1852)
4(571 1867 1868 572)
4(557 573 1869 1853)
4(572 1868 1869 573)
4(558 574 1870 1854)
4(573 1869 1870 574)
4(574 1870 1871 575)
4(559 575 1871 1855)
4(561 577 1873 1857)
4(576 1872 1873 577)
4(562 578 1874 1858)
4(577 1873 1874 578)
4(563 579 1875 1859)
4(578 1874 1875 579)
4(564 580 1876 1860)
4(579 1875 1876 580)
4(565 581 1877 1861)
4(580 1876 1877 581)
4(566 582 1878 1862)
4(581 1877 1878 582)
4(567 583 1879 1863)
4(582 1878 1879 583)
4(568 584 1880 1864)
4(583 1879 1880 584)
4(569 585 1881 1865)
4(584 1880 1881 585)
4(570 586 1882 1866)
4(585 1881 1882 586)
4(571 587 1883 1867)
4(586 1882 1883 587)
4(572 588 1884 1868)
4(587 1883 1884 588)
4(573 589 1885 1869)
4(588 1884 1885 589)
4(574 590 1886 1870)
4(589 1885 1886 590)
4(590 1886 1887 591)
4(575 591 1887 1871)
4(577 593 1889 1873)
4(592 1888 1889 593)
4(578 594 1890 1874)
4(593 1889 1890 594)
4(579 595 1891 1875)
4(594 1890 1891 595)
4(580 596 1892 1876)
4(595 1891 1892 596)
4(581 597 1893 1877)
4(596 1892 1893 597)
4(582 598 1894 1878)
4(597 1893 1894 598)
4(583 599 1895 1879)
4(598 1894 1895 599)
4(584 600 1896 1880)
4(599 1895 1896 600)
4(585 601 1897 1881)
4(600 1896 1897 601)
4(586 602 1898 1882)
4(601 1897 1898 602)
4(587 603 1899 1883)
4(602 1898 1899 603)
4(588 604 1900 1884)
4(603 1899 1900 604)
4(589 605 1901 1885)
4(604 1900 1901 605)
4(590 606 1902 1886)
4(605 1901 1902 606)
4(606 1902 1903 607)
4(591 607 1903 1887)
4(593 609 1905 1889)
4(608 1904 1905 609)
4(594 610 1906 1890)
4(609 1905 1906 610)
4(595 611 1907 1891)
4(610 1906 1907 611)
4(596 612 1908 1892)
4(611 1907 1908 612)
4(597 613 1909 1893)
4(612 1908 1909 613)
4(598 614 1910 1894)
4(613 1909 1910 614)
4(599 615 1911 1895)
4(614 1910 1911 615)
4(600 616 1912 1896)
4(615 1911 1912 616)
4(601 617 1913 1897)
4(616 1912 1913 617)
4(602 618 1914 1898)
4(617 1913 1914 618)
4(603 619 1915 1899)
4(618 1914 1915 619)
4(604 620 1916 1900)
4(619 1915 1916 620)
4(605 621 1917 1901)
4(620 1916 1917 621)
4(606 622 1918 1902)
4(621 1917 1918 622)
4(622 1918 1919 623)
4(607 623 1919 1903)
4(609 625 1921 1905)
4(624 1920 1921 625)
4(610 626 1922 1906)
4(625 1921 1922 626)
4(611 627 1923 1907)
4(626 1922 1923 627)
4(612 628 1924 1908)
4(627 1923 1924 628)
4(613 629 1925 1909)
4(628 1924 1925 629)
4(614 630 1926 1910)
4(629 1925 1926 630)
4(615 631 1927 1911)
4(630 1926 1927 631)
4(616 632 1928 1912)
4(631 1927 1928 632)
4(617 633 1929 1913)
4(632 1928 1929 633)
4(618 634 1930 1914)
4(633 1929 1930 634)
4(619 635 1931 1915)
4(634 1930 1931 635)
4(620 636 1932 1916)
4(635 1931 1932 636)
4(621 637 1933 1917)
4(636 1932 1933 637)
4(622 638 1934 1918)
4(637 1933 1934 638)
4(638 1934 1935 639)
4(623 639 1935 1919)
4(625 641 1937 1921)
4(640 1936 1937 641)
4(626 642 1938 1922)
4(641 1937 1938 642)
4(627 643 1939 1923)
4(642 1938 1939 643)
4(628 644 1940 1924)
4(643 1939 1940 644)
4(629 645 1941 1925)
4(644 1940 1941 645)
4(630 646 1942 1926)
4(645 1941 1942 646)
4(631 647 1943 1927)
4(646 1942 1943 647)
4(632 648 1944 1928)
4(647 1943 1944 648)
4(633 649 1945 1929)
4(648 1944 1945 649)
4(634 650 1946 1930)
4(649 1945 1946 650)
4(635 651 1947 1931)
4(650 1946 1947 651)
4(636 652 1948 1932)
4(651 1947 1948 652)
4(637 653 1949 1933)
4(652 1948 1949 653)
4(638 654 1950 1934)
4(653 1949 1950 654)
4(654 1950 1951 655)
4(639 655 1951 1935)
4(641 657 1953 1937)
4(656 1952 1953 657)
4(642 658 1954 1938)
4(657 1953 1954 658)
4(643 659 1955 1939)
4(658 1954 1955 659)
4(644 660 1956 1940)
4(659 1955 1956 660)
4(645 661 1957 1941)
4(660 1956 1957 661)
4(646 662 1958 1942)
4(661 1957 1958 662)
4(647 663 1959 1943)
4(662 1958 1959 663)
4(648 664 1960 1944)
4(663 1959 1960 664)
4(649 665 1961 1945)
4(664 1960 1961 665)
4(650 666 1962 1946)
4(665 1961 1962 666)
4(651 667 1963 1947)
4(666 1962 1963 667)
4(652 668 1964 1948)
4(667 1963 1964 668)
4(653 669 1965 1949)
4(668 1964 1965 669)
4(654 670 1966 1950)
4(669 1965 1966 670)
4(670 1966 1967 671)
4(655 671 1967 1951)
4(657 673 1969 1953)
4(672 1968 1969 673)
4(658 674 1970 1954)
4(673 1969 1970 674)
4(659 675 1971 1955)
4(674 1970 1971 675)
4(660 676 1972 1956)
4(675 1971 1972 676)
4(661 677 1973 1957)
4(676 1972 1973 677)
4(662 678 1974 1958)
4(677 1973 1974 678)
4(663 679 1975 1959)
4(678 1974 1975 679)
4(664 680 1976 1960)
4(679 1975 1976 680)
4(665 681 1977 1961)
4(680 1976 1977 681)
4(666 682 1978 1962)
4(681 1977 1978 682)
4(667 683 1979 1963)
4(682 1978 1979 683)
4(668 684 1980 1964)
4(683 1979 1980 684)
4(669 685 1981 1965)
4(684 1980 1981 685)
4(670 686 1982 1966)
4(685 1981 1982 686)
4(686 1982 1983 687)
4(671 687 1983 1967)
4(673 689 1985 1969)
4(688 1984 1985 689)
4(674 690 1986 1970)
4(689 1985 1986 690)
4(675 691 1987 1971)
4(690 1986 1987 691)
4(676 692 1988 1972)
4(691 1987 1988 692)
4(677 693 1989 1973)
4(692 1988 1989 693)
4(678 694 1990 1974)
4(693 1989 1990 694)
4(679 695 1991 1975)
4(694 1990 1991 695)
4(680 696 1992 1976)
4(695 1991 1992 696)
4(681 697 1993 1977)
4(696 1992 1993 697)
4(682 698 1994 1978)
4(697 1993 1994 698)
4(683 699 1995 1979)
4(698 1994 1995 699)
4(684 700 1996 1980)
4(699 1995 1996 700)
4(685 701 1997 1981)
4(700 1996 1997 701)
4(686 702 1998 1982)
4(701 1997 1998 702)
4(702 1998 1999 703)
4(687 703 1999 1983)
4(689 705 2001 1985)
4(704 2000 2001 705)
4(690 706 2002 1986)
4(705 2001 2002 706)
4(691 707 2003 1987)
4(706 2002 2003 707)
4(692 708 2004 1988)
4(707 2003 2004 708)
4(693 709 2005 1989)
4(708 2004 2005 709)
4(694 710 2006 1990)
4(709 2005 2006 710)
4(695 711 2007 1991)
4(710 2006 2007 711)
4(696 712 2008 1992)
4(711 2007 2008 712)
4(697 713 2009 1993)
4(712 2008 2009 713)
4(698 714 2010 1994)
4(713 2009 2010 714)
4(699 715 2011 1995)
4(714 2010 2011 715)
4(700 716 2012 1996)
4(715 2011 2012 716)
4(701 717 2013 1997)
4(716 2012 2013 717)
4(702 718 2014 1998)
4(717 2013 2014 718)
4(718 2014 2015 719)
4(703 719 2015 1999)
4(705 721 2017 2001)
4(720 2016 2017 721)
4(706 722 2018 2002)
4(721 2017 2018 722)
4(707 723 2019 2003)
4(722 2018 2019 723)
4(708 724 2020 2004)
4(723 2019 2020 724)
4(709 725 2021 2005)
4(724 2020 2021 725)
4(710 726 2022 2006)
4(725 2021 2022 726)
4(711 727 2023 2007)
4(726 2022 2023 727)
4(712 728 2024 2008)
4(727 2023 2024 728)
4(713 729 2025 2009)
4(728 2024 2025 729)
4(714 730 2026 2010)
4(729 2025 2026 730)
4(715 731 2027 2011)
4(730 2026 2027 731)
4(716 732 2028 2012)
4(731 2027 2028 732)
4(717 733 2029 2013)
4(732 2028 2029 733)
4(718 734 2030 2014)
4(733 2029 2030 734)
4(734 2030 2031 735)
4(719 735 2031 2015)
4(721 737 2033 2017)
4(736 2032 2033 737)
4(722 738 2034 2018)
4(737 2033 2034 738)
4(723 739 2035 2019)
4(738 2034 2035 739)
4(724 740 2036 2020)
4(739 2035 2036 740)
4(725 741 2037 2021)
4(740 2036 2037 741)
4(726 742 2038 2022)
4(741 2037 2038 742)
4(727 743 2039 2023)
4(742 2038 2039 743)
4(728 744 2040 2024)
4(743 2039 2040 744)
4(729 745 2041 2025)
4(744 2040 2041 745)
4(730 746 2042 2026)
4(745 2041 2042 746)
4(731 747 2043 2027)
4(746 2042 2043 747)
4(732 748 2044 2028)
4(747 2043 2044 748)
4(733 749 2045 2029)
4(748 2044 2045 749)
4(734 750 2046 2030)
4(749 2045 2046 750)
4(750 2046 2047 751)
4(735 751 2047 2031)
4(737 753 2049 2033)
4(752 2048 2049 753)
4(738 754 2050 2034)
4(753 2049 2050 754)
4(739 755 2051 2035)
4(754 2050 2051 755)
4(740 756 2052 2036)
4(755 2051 2052 756)
4(741 757 2053 2037)
4(756 2052 2053 757)
4(742 758 2054 2038)
4(757 2053 2054 758)
4(743 759 2055 2039)
4(758 2054 2055 759)
4(744 760 2056 2040)
4(759 2055 2056 760)
4(745 761 2057 2041)
4(760 2056 2057 761)
4(746 762 2058 2042)
4(761 2057 2058 762)
4(747 763 2059 2043)
4(762 2058 2059 763)
4(748 764 2060 2044)
4(763 2059 2060 764)
4(749 765 2061 2045)
4(764 2060 2061 765)
4(750 766 2062 2046)
4(765 2061 2062 766)
4(766 2062 2063 767)
4(751 767 2063 2047)
4(753 769 2065 2049)
4(768 2064 2065 769)
4(754 770 2066 2050)
4(769 2065 2066 770)
4(755 771 2067 2051)
4(770 2066 2067 771)
4(756 772 2068 2052)
4(771 2067 2068 772)
4(757 773 2069 2053)
4(772 2068 2069 773)
4(758 774 2070 2054)
4(773 2069 2070 774)
4(759 775 2071 2055)
4(774 2070 2071 775)
4(760 776 2072 2056)
4(775 2071 2072 776)
4(761 777 2073 2057)
4(776 2072 2073 777)
4(762 778 2074 2058)
4(777 2073 2074 778)
4(763 779 2075 2059)
4(778 2074 2075 779)
4(764 780 2076 2060)
4(779 2075 2076 780)
4(765 781 2077 2061)
4(780 2076 2077 781)
4(766 782 2078 2062)
4(781 2077 2078 782)
4(782 2078 2079 783)
4(767 783 2079 2063)
4(769 785 2081 2065)
4(784 2080 2081 785)
4(770 786 2082 2066)
4(785 2081 2082 786)
4(771 787 2083 2067)
4(786 2082 2083 787)
4(772 788 2084 2068)
4(787 2083 2084 788)
4(773 789 2085 2069)
4(788 2084 2085 789)
4(774 790 2086 2070)
4(789 2085 2086 790)
4(775 791 2087 2071)
4(790 2086 2087 791)
4(776 792 2088 2072)
4(791 2087 2088 792)
4(777 793 2089 2073)
4(792 2088 2089 793)
4(778 794 2090 2074)
4(793 2089 2090 794)
4(779 795 2091 2075)
4(794 2090 2091 795)
4(780 796 2092 2076)
4(795 2091 2092 796)
4(781 797 2093 2077)
4(796 2092 2093 797)
4(782 798 2094 2078)
4(797 2093 2094 798)
4(798 2094 2095 799)
4(783 799 2095 2079)
4(785 801 2097 2081)
4(800 2096 2097 801)
4(786 802 2098 2082)
4(801 2097 2098 802)
4(787 803 2099 2083)
4(802 2098 2099 803)
4(788 804 2100 2084)
4(803 2099 2100 804)
4(789 805 2101 2085)
4(804 2100 2101 805)
4(790 806 2102 2086)
4(805 2101 2102 806)
4(791 807 2103 2087)
4(806 2102 2103 807)
4(792 808 2104 2088)
4(807 2103 2104 808)
4(793 809 2105 2089)
4(808 2104 2105 809)
4(794 810 2106 2090)
4(809 2105 2106 810)
4(795 811 2107 2091)
4(810 2106 2107 811)
4(796 812 2108 2092)
4(811 2107 2108 812)
4(797 813 2109 2093)
4(812 2108 2109 813)
4(798 814 2110 2094)
4(813 2109 2110 814)
4(814 2110 2111 815)
4(799 815 2111 2095)
4(801 817 2113 2097)
4(816 2112 2113 817)
4(802 818 2114 2098)
4(817 2113 2114 818)
4(803 819 2115 2099)
4(818 2114 2115 819)
4(804 820 2116 2100)
4(819 2115 2116 820)
4(805 821 2117 2101)
4(820 2116 2117 821)
4(806 822 2118 2102)
4(821 2117 2118 822)
4(807 823 2119 2103)
4(822 2118 2119 823)
4(808 824 2120 2104)
4(823 2119 2120 824)
4(809 825 2121 2105)
4(824 2120 2121 825)
4(810 826 2122 2106)
4(825 2121 2122 826)
4(811 827 2123 2107)
4(826 2122 2123 827)
4(812 828 2124 2108)
4(827 2123 2124 828)
4(813 829 2125 2109)
4(828 2124 2125 829)
4(814 830 2126 2110)
4(829 2125 2126 830)
4(830 2126 2127 831)
4(815 831 2127 2111)
4(817 833 2129 2113)
4(832 2128 2129 833)
4(818 834 2130 2114)
4(833 2129 2130 834)
4(819 835 2131 2115)
4(834 2130 2131 835)
4(820 836 2132 2116)
4(835 2131 2132 836)
4(821 837 2133 2117)
4(836 2132 2133 837)
4(822 838 2134 2118)
4(837 2133 2134 838)
4(823 839 2135 2119)
4(838 2134 2135 839)
4(824 840 2136 2120)
4(839 2135 2136 840)
4(825 841 2137 2121)
4(840 2136 2137 841)
4(826 842 2138 2122)
4(841 2137 2138 842)
4(827 843 2139 2123)
4(842 2138 2139 843)
4(828 844 2140 2124)
4(843 2139 2140 844)
4(829 845 2141 2125)
4(844 2140 2141 845)
4(830 846 2142 2126)
4(845 2141 2142 846)
4(846 2142 2143 847)
4(831 847 2143 2127)
4(833 849 2145 2129)
4(848 2144 2145 849)
4(834 850 2146 2130)
4(849 2145 2146 850)
4(835 851 2147 2131)
4(850 2146 2147 851)
4(836 852 2148 2132)
4(851 2147 2148 852)
4(837 853 2149 2133)
4(852 2148 2149 853)
4(838 854 2150 2134)
4(853 2149 2150 854)
4(839 855 2151 2135)
4(854 2150 2151 855)
4(840 856 2152 2136)
4(855 2151 2152 856)
4(841 857 2153 2137)
4(856 2152 2153 857)
4(842 858 2154 2138)
4(857 2153 2154 858)
4(843 859 2155 2139)
4(858 2154 2155 859)
4(844 860 2156 2140)
4(859 2155 2156 860)
4(845 861 2157 2141)
4(860 2156 2157 861)
4(846 862 2158 2142)
4(861 2157 2158 862)
4(862 2158 2159 863)
4(847 863 2159 2143)
4(849 865 2161 2145)
4(864 2160 2161 865)
4(850 866 2162 2146)
4(865 2161 2162 866)
4(851 867 2163 2147)
4(866 2162 2163 867)
4(852 868 2164 2148)
4(867 2163 2164 868)
4(853 869 2165 2149)
4(868 2164 2165 869)
4(854 870 2166 2150)
4(869 2165 2166 870)
4(855 871 2167 2151)
4(870 2166 2167 871)
4(856 872 2168 2152)
4(871 2167 2168 872)
4(857 873 2169 2153)
4(872 2168 2169 873)
4(858 874 2170 2154)
4(873 2169 2170 874)
4(859 875 2171 2155)
4(874 2170 2171 875)
4(860 876 2172 2156)
4(875 2171 2172 876)
4(861 877 2173 2157)
4(876 2172 2173 877)
4(862 878 2174 2158)
4(877 2173 2174 878)
4(878 2174 2175 879)
4(863 879 2175 2159)
4(865 881 2177 2161)
4(880 2176 2177 881)
4(866 882 2178 2162)
4(881 2177 2178 882)
4(867 883 2179 2163)
4(882 2178 2179 883)
4(868 884 2180 2164)
4(883 2179 2180 884)
4(869 885 2181 2165)
4(884 2180 2181 885)
4(870 886 2182 2166)
4(885 2181 2182 886)
4(871 887 2183 2167)
4(886 2182 2183 887)
4(872 888 2184 2168)
4(887 2183 2184 888)
4(873 889 2185 2169)
4(888 2184 2185 889)
4(874 890 2186 2170)
4(889 2185 2186 890)
4(875 891 2187 2171)
4(890 2186 2187 891)
4(876 892 2188 2172)
4(891 2187 2188 892)
4(877 893 2189 2173)
4(892 2188 2189 893)
4(878 894 2190 2174)
4(893 2189 2190 894)
4(894 2190 2191 895)
4(879 895 2191 2175)
4(881 897 2193 2177)
4(896 2192 2193 897)
4(882 898 2194 2178)
4(897 2193 2194 898)
4(883 899 2195 2179)
4(898 2194 2195 899)
4(884 900 2196 2180)
4(899 2195 2196 900)
4(885 901 2197 2181)
4(900 2196 2197 901)
4(886 902 2198 2182)
4(901 2197 2198 902)
4(887 903 2199 2183)
4(902 2198 2199 903)
4(888 904 2200 2184)
4(903 2199 2200 904)
4(889 905 2201 2185)
4(904 2200 2201 905)
4(890 906 2202 2186)
4(905 2201 2202 906)
4(891 907 2203 2187)
4(906 2202 2203 907)
4(892 908 2204 2188)
4(907 2203 2204 908)
4(893 909 2205 2189)
4(908 2204 2205 909)
4(894 910 2206 2190)
4(909 2205 2206 910)
4(910 2206 2207 911)
4(895 911 2207 2191)
4(897 913 2209 2193)
4(912 2208 2209 913)
4(898 914 2210 2194)
4(913 2209 2210 914)
4(899 915 2211 2195)
4(914 2210 2211 915)
4(900 916 2212 2196)
4(915 2211 2212 916)
4(901 917 2213 2197)
4(916 2212 2213 917)
4(902 918 2214 2198)
4(917 2213 2214 918)
4(903 919 2215 2199)
4(918 2214 2215 919)
4(904 920 2216 2200)
4(919 2215 2216 920)
4(905 921 2217 2201)
4(920 2216 2217 921)
4(906 922 2218 2202)
4(921 2217 2218 922)
4(907 923 2219 2203)
4(922 2218 2219 923)
4(908 924 2220 2204)
4(923 2219 2220 924)
4(909 925 2221 2205)
4(924 2220 2221 925)
4(910 926 2222 2206)
4(925 2221 2222 926)
4(926 2222 2223 927)
4(911 927 2223 2207)
4(913 929 2225 2209)
4(928 2224 2225 929)
4(914 930 2226 2210)
4(929 2225 2226 930)
4(915 931 2227 2211)
4(930 2226 2227 931)
4(916 932 2228 2212)
4(931 2227 2228 932)
4(917 933 2229 2213)
4(932 2228 2229 933)
4(918 934 2230 2214)
4(933 2229 2230 934)
4(919 935 2231 2215)
4(934 2230 2231 935)
4(920 936 2232 2216)
4(935 2231 2232 936)
4(921 937 2233 2217)
4(936 2232 2233 937)
4(922 938 2234 2218)
4(937 2233 2234 938)
4(923 939 2235 2219)
4(938 2234 2235 939)
4(924 940 2236 2220)
4(939 2235 2236 940)
4(925 941 2237 2221)
4(940 2236 2237 941)
4(926 942 2238 2222)
4(941 2237 2238 942)
4(942 2238 2239 943)
4(927 943 2239 2223)
4(929 945 2241 2225)
4(944 2240 2241 945)
4(930 946 2242 2226)
4(945 2241 2242 946)
4(931 947 2243 2227)
4(946 2242 2243 947)
4(932 948 2244 2228)
4(947 2243 2244 948)
4(933 949 2245 2229)
4(948 2244 2245 949)
4(934 950 2246 2230)
4(949 2245 2246 950)
4(935 951 2247 2231)
4(950 2246 2247 951)
4(936 952 2248 2232)
4(951 2247 2248 952)
4(937 953 2249 2233)
4(952 2248 2249 953)
4(938 954 2250 2234)
4(953 2249 2250 954)
4(939 955 2251 2235)
4(954 2250 2251 955)
4(940 956 2252 2236)
4(955 2251 2252 956)
4(941 957 2253 2237)
4(956 2252 2253 957)
4(942 958 2254 2238)
4(957 2253 2254 958)
4(958 2254 2255 959)
4(943 959 2255 2239)
4(945 961 2257 2241)
4(960 2256 2257 961)
4(946 962 2258 2242)
4(961 2257 2258 962)
4(947 963 2259 2243)
4(962 2258 2259 963)
4(948 964 2260 2244)
4(963 2259 2260 964)
4(949 965 2261 2245)
4(964 2260 2261 965)
4(950 966 2262 2246)
4(965 2261 2262 966)
4(951 967 2263 2247)
4(966 2262 2263 967)
4(952 968 2264 2248)
4(967 2263 2264 968)
4(953 969 2265 2249)
4(968 2264 2265 969)
4(954 970 2266 2250)
4(969 2265 2266 970)
4(955 971 2267 2251)
4(970 2266 2267 971)
4(956 972 2268 2252)
4(971 2267 2268 972)
4(957 973 2269 2253)
4(972 2268 2269 973)
4(958 974 2270 2254)
4(973 2269 2270 974)
4(974 2270 2271 975)
4(959 975 2271 2255)
4(961 977 2273 2257)
4(976 2272 2273 977)
4(962 978 2274 2258)
4(977 2273 2274 978)
4(963 979 2275 2259)
4(978 2274 2275 979)
4(964 980 2276 2260)
4(979 2275 2276 980)
4(965 981 2277 2261)
4(980 2276 2277 981)
4(966 982 2278 2262)
4(981 2277 2278 982)
4(967 983 2279 2263)
4(982 2278 2279 983)
4(968 984 2280 2264)
4(983 2279 2280 984)
4(969 985 2281 2265)
4(984 2280 2281 985)
4(970 986 2282 2266)
4(985 2281 2282 986)
4(971 987 2283 2267)
4(986 2282 2283 987)
4(972 988 2284 2268)
4(987 2283 2284 988)
4(973 989 2285 2269)
4(988 2284 2285 989)
4(974 990 2286 2270)
4(989 2285 2286 990)
4(990 2286 2287 991)
4(975 991 2287 2271)
4(977 993 2289 2273)
4(992 2288 2289 993)
4(978 994 2290 2274)
4(993 2289 2290 994)
4(979 995 2291 2275)
4(994 2290 2291 995)
4(980 996 2292 2276)
4(995 2291 2292 996)
4(981 997 2293 2277)
4(996 2292 2293 997)
4(982 998 2294 2278)
4(997 2293 2294 998)
4(983 999 2295 2279)
4(998 2294 2295 999)
4(984 1000 2296 2280)
4(999 2295 2296 1000)
4(985 1001 2297 2281)
4(1000 2296 2297 1001)
4(986 1002 2298 2282)
4(1001 2297 2298 1002)
4(987 1003 2299 2283)
4(1002 2298 2299 1003)
4(988 1004 2300 2284)
4(1003 2299 2300 1004)
4(989 1005 2301 2285)
4(1004 2300 2301 1005)
4(990 1006 2302 2286)
4(1005 2301 2302 1006)
4(1006 2302 2303 1007)
4(991 1007 2303 2287)
4(993 1009 2305 2289)
4(1008 2304 2305 1009)
4(994 1010 2306 2290)
4(1009 2305 2306 1010)
4(995 1011 2307 2291)
4(1010 2306 2307 1011)
4(996 1012 2308 2292)
4(1011 2307 2308 1012)
4(997 1013 2309 2293)
4(1012 2308 2309 1013)
4(998 1014 2310 2294)
4(1013 2309 2310 1014)
4(999 1015 2311 2295)
4(1014 2310 2311 1015)
4(1000 1016 2312 2296)
4(1015 2311 2312 1016)
4(1001 1017 2313 2297)
4(1016 2312 2313 1017)
4(1002 1018 2314 2298)
4(1017 2313 2314 1018)
4(1003 1019 2315 2299)
4(1018 2314 2315 1019)
4(1004 1020 2316 2300)
4(1019 2315 2316 1020)
4(1005 1021 2317 2301)
4(1020 2316 2317 1021)
4(1006 1022 2318 2302)
4(1021 2317 2318 1022)
4(1022 2318 2319 1023)
4(1007 1023 2319 2303)
4(1009 1025 2321 2305)
4(1024 2320 2321 1025)
4(1010 1026 2322 2306)
4(1025 2321 2322 1026)
4(1011 1027 2323 2307)
4(1026 2322 2323 1027)
4(1012 1028 2324 2308)
4(1027 2323 2324 1028)
4(1013 1029 2325 2309)
4(1028 2324 2325 1029)
4(1014 1030 2326 2310)
4(1029 2325 2326 1030)
4(1015 1031 2327 2311)
4(1030 2326 2327 1031)
4(1016 1032 2328 2312)
4(1031 2327 2328 1032)
4(1017 1033 2329 2313)
4(1032 2328 2329 1033)
4(1018 1034 2330 2314)
4(1033 2329 2330 1034)
4(1019 1035 2331 2315)
4(1034 2330 2331 1035)
4(1020 1036 2332 2316)
4(1035 2331 2332 1036)
4(1021 1037 2333 2317)
4(1036 2332 2333 1037)
4(1022 1038 2334 2318)
4(1037 2333 2334 1038)
4(1038 2334 2335 1039)
4(1023 1039 2335 2319)
4(1025 1041 2337 2321)
4(1040 2336 2337 1041)
4(1026 1042 2338 2322)
4(1041 2337 2338 1042)
4(1027 1043 2339 2323)
4(1042 2338 2339 1043)
4(1028 1044 2340 2324)
4(1043 2339 2340 1044)
4(1029 1045 2341 2325)
4(1044 2340 2341 1045)
4(1030 1046 2342 2326)
4(1045 2341 2342 1046)
4(1031 1047 2343 2327)
4(1046 2342 2343 1047)
4(1032 1048 2344 2328)
4(1047 2343 2344 1048)
4(1033 1049 2345 2329)
4(1048 2344 2345 1049)
4(1034 1050 2346 2330)
4(1049 2345 2346 1050)
4(1035 1051 2347 2331)
4(1050 2346 2347 1051)
4(1036 1052 2348 2332)
4(1051 2347 2348 1052)
4(1037 1053 2349 2333)
4(1052 2348 2349 1053)
4(1038 1054 2350 2334)
4(1053 2349 2350 1054)
4(1054 2350 2351 1055)
4(1039 1055 2351 2335)
4(1041 1057 2353 2337)
4(1056 2352 2353 1057)
4(1042 1058 2354 2338)
4(1057 2353 2354 1058)
4(1043 1059 2355 2339)
4(1058 2354 2355 1059)
4(1044 1060 2356 2340)
4(1059 2355 2356 1060)
4(1045 1061 2357 2341)
4(1060 2356 2357 1061)
4(1046 1062 2358 2342)
4(1061 2357 2358 1062)
4(1047 1063 2359 2343)
4(1062 2358 2359 1063)
4(1048 1064 2360 2344)
4(1063 2359 2360 1064)
4(1049 1065 2361 2345)
4(1064 2360 2361 1065)
4(1050 1066 2362 2346)
4(1065 2361 2362 1066)
4(1051 1067 2363 2347)
4(1066 2362 2363 1067)
4(1052 1068 2364 2348)
4(1067 2363 2364 1068)
4(1053 1069 2365 2349)
4(1068 2364 2365 1069)
4(1054 1070 2366 2350)
4(1069 2365 2366 1070)
4(1070 2366 2367 1071)
4(1055 1071 2367 2351)
4(1057 1073 2369 2353)
4(1072 2368 2369 1073)
4(1058 1074 2370 2354)
4(1073 2369 2370 1074)
4(1059 1075 2371 2355)
4(1074 2370 2371 1075)
4(1060 1076 2372 2356)
4(1075 2371 2372 1076)
4(1061 1077 2373 2357)
4(1076 2372 2373 1077)
4(1062 1078 2374 2358)
4(1077 2373 2374 1078)
4(1063 1079 2375 2359)
4(1078 2374 2375 1079)
4(1064 1080 2376 2360)
4(1079 2375 2376 1080)
4(1065 1081 2377 2361)
4(1080 2376 2377 1081)
4(1066 1082 2378 2362)
4(1081 2377 2378 1082)
4(1067 1083 2379 2363)
4(1082 2378 2379 1083)
4(1068 1084 2380 2364)
4(1083 2379 2380 1084)
4(1069 1085 2381 2365)
4(1084 2380 2381 1085)
4(1070 1086 2382 2366)
4(1085 2381 2382 1086)
4(1086 2382 2383 1087)
4(1071 1087 2383 2367)
4(1073 1089 2385 2369)
4(1088 2384 2385 1089)
4(1074 1090 2386 2370)
4(1089 2385 2386 1090)
4(1075 1091 2387 2371)
4(1090 2386 2387 1091)
4(1076 1092 2388 2372)
4(1091 2387 2388 1092)
4(1077 1093 2389 2373)
4(1092 2388 2389 1093)
4(1078 1094 2390 2374)
4(1093 2389 2390 1094)
4(1079 1095 2391 2375)
4(1094 2390 2391 1095)
4(1080 1096 2392 2376)
4(1095 2391 2392 1096)
4(1081 1097 2393 2377)
4(1096 2392 2393 1097)
4(1082 1098 2394 2378)
4(1097 2393 2394 1098)
4(1083 1099 2395 2379)
4(1098 2394 2395 1099)
4(1084 1100 2396 2380)
4(1099 2395 2396 1100)
4(1085 1101 2397 2381)
4(1100 2396 2397 1101)
4(1086 1102 2398 2382)
4(1101 2397 2398 1102)
4(1102 2398 2399 1103)
4(1087 1103 2399 2383)
4(1089 1105 2401 2385)
4(1104 2400 2401 1105)
4(1090 1106 2402 2386)
4(1105 2401 2402 1106)
4(1091 1107 2403 2387)
4(1106 2402 2403 1107)
4(1092 1108 2404 2388)
4(1107 2403 2404 1108)
4(1093 1109 2405 2389)
4(1108 2404 2405 1109)
4(1094 1110 2406 2390)
4(1109 2405 2406 1110)
4(1095 1111 2407 2391)
4(1110 2406 2407 1111)
4(1096 1112 2408 2392)
4(1111 2407 2408 1112)
4(1097 1113 2409 2393)
4(1112 2408 2409 1113)
4(1098 1114 2410 2394)
4(1113 2409 2410 1114)
4(1099 1115 2411 2395)
4(1114 2410 2411 1115)
4(1100 1116 2412 2396)
4(1115 2411 2412 1116)
4(1101 1117 2413 2397)
4(1116 2412 2413 1117)
4(1102 1118 2414 2398)
4(1117 2413 2414 1118)
4(1118 2414 2415 1119)
4(1103 1119 2415 2399)
4(1105 1121 2417 2401)
4(1120 2416 2417 1121)
4(1106 1122 2418 2402)
4(1121 2417 2418 1122)
4(1107 1123 2419 2403)
4(1122 2418 2419 1123)
4(1108 1124 2420 2404)
4(1123 2419 2420 1124)
4(1109 1125 2421 2405)
4(1124 2420 2421 1125)
4(1110 1126 2422 2406)
4(1125 2421 2422 1126)
4(1111 1127 2423 2407)
4(1126 2422 2423 1127)
4(1112 1128 2424 2408)
4(1127 2423 2424 1128)
4(1113 1129 2425 2409)
4(1128 2424 2425 1129)
4(1114 1130 2426 2410)
4(1129 2425 2426 1130)
4(1115 1131 2427 2411)
4(1130 2426 2427 1131)
4(1116 1132 2428 2412)
4(1131 2427 2428 1132)
4(1117 1133 2429 2413)
4(1132 2428 2429 1133)
4(1118 1134 2430 2414)
4(1133 2429 2430 1134)
4(1134 2430 2431 1135)
4(1119 1135 2431 2415)
4(1121 1137 2433 2417)
4(1136 2432 2433 1137)
4(1122 1138 2434 2418)
4(1137 2433 2434 1138)
4(1123 1139 2435 2419)
4(1138 2434 2435 1139)
4(1124 1140 2436 2420)
4(1139 2435 2436 1140)
4(1125 1141 2437 2421)
4(1140 2436 2437 1141)
4(1126 1142 2438 2422)
4(1141 2437 2438 1142)
4(1127 1143 2439 2423)
4(1142 2438 2439 1143)
4(1128 1144 2440 2424)
4(1143 2439 2440 1144)
4(1129 1145 2441 2425)
4(1144 2440 2441 1145)
4(1130 1146 2442 2426)
4(1145 2441 2442 1146)
4(1131 1147 2443 2427)
4(1146 2442 2443 1147)
4(1132 1148 2444 2428)
4(1147 2443 2444 1148)
4(1133 1149 2445 2429)
4(1148 2444 2445 1149)
4(1134 1150 2446 2430)
4(1149 2445 2446 1150)
4(1150 2446 2447 1151)
4(1135 1151 2447 2431)
4(1137 1153 2449 2433)
4(1152 2448 2449 1153)
4(1138 1154 2450 2434)
4(1153 2449 2450 1154)
4(1139 1155 2451 2435)
4(1154 2450 2451 1155)
4(1140 1156 2452 2436)
4(1155 2451 2452 1156)
4(1141 1157 2453 2437)
4(1156 2452 2453 1157)
4(1142 1158 2454 2438)
4(1157 2453 2454 1158)
4(1143 1159 2455 2439)
4(1158 2454 2455 1159)
4(1144 1160 2456 2440)
4(1159 2455 2456 1160)
4(1145 1161 2457 2441)
4(1160 2456 2457 1161)
4(1146 1162 2458 2442)
4(1161 2457 2458 1162)
4(1147 1163 2459 2443)
4(1162 2458 2459 1163)
4(1148 1164 2460 2444)
4(1163 2459 2460 1164)
4(1149 1165 2461 2445)
4(1164 2460 2461 1165)
4(1150 1166 2462 2446)
4(1165 2461 2462 1166)
4(1166 2462 2463 1167)
4(1151 1167 2463 2447)
4(1153 1169 2465 2449)
4(1168 2464 2465 1169)
4(1154 1170 2466 2450)
4(1169 2465 2466 1170)
4(1155 1171 2467 2451)
4(1170 2466 2467 1171)
4(1156 1172 2468 2452)
4(1171 2467 2468 1172)
4(1157 1173 2469 2453)
4(1172 2468 2469 1173)
4(1158 1174 2470 2454)
4(1173 2469 2470 1174)
4(1159 1175 2471 2455)
4(1174 2470 2471 1175)
4(1160 1176 2472 2456)
4(1175 2471 2472 1176)
4(1161 1177 2473 2457)
4(1176 2472 2473 1177)
4(1162 1178 2474 2458)
4(1177 2473 2474 1178)
4(1163 1179 2475 2459)
4(1178 2474 2475 1179)
4(1164 1180 2476 2460)
4(1179 2475 2476 1180)
4(1165 1181 2477 2461)
4(1180 2476 2477 1181)
4(1166 1182 2478 2462)
4(1181 2477 2478 1182)
4(1182 2478 2479 1183)
4(1167 1183 2479 2463)
4(1169 1185 2481 2465)
4(1184 2480 2481 1185)
4(1170 1186 2482 2466)
4(1185 2481 2482 1186)
4(1171 1187 2483 2467)
4(1186 2482 2483 1187)
4(1172 1188 2484 2468)
4(1187 2483 2484 1188)
4(1173 1189 2485 2469)
4(1188 2484 2485 1189)
4(1174 1190 2486 2470)
4(1189 2485 2486 1190)
4(1175 1191 2487 2471)
4(1190 2486 2487 1191)
4(1176 1192 2488 2472)
4(1191 2487 2488 1192)
4(1177 1193 2489 2473)
4(1192 2488 2489 1193)
4(1178 1194 2490 2474)
4(1193 2489 2490 1194)
4(1179 1195 2491 2475)
4(1194 2490 2491 1195)
4(1180 1196 2492 2476)
4(1195 2491 2492 1196)
4(1181 1197 2493 2477)
4(1196 2492 2493 1197)
4(1182 1198 2494 2478)
4(1197 2493 2494 1198)
4(1198 2494 2495 1199)
4(1183 1199 2495 2479)
4(1185 1201 2497 2481)
4(1200 2496 2497 1201)
4(1186 1202 2498 2482)
4(1201 2497 2498 1202)
4(1187 1203 2499 2483)
4(1202 2498 2499 1203)
4(1188 1204 2500 2484)
4(1203 2499 2500 1204)
4(1189 1205 2501 2485)
4(1204 2500 2501 1205)
4(1190 1206 2502 2486)
4(1205 2501 2502 1206)
4(1191 1207 2503 2487)
4(1206 2502 2503 1207)
4(1192 1208 2504 2488)
4(1207 2503 2504 1208)
4(1193 1209 2505 2489)
4(1208 2504 2505 1209)
4(1194 1210 2506 2490)
4(1209 2505 2506 1210)
4(1195 1211 2507 2491)
4(1210 2506 2507 1211)
4(1196 1212 2508 2492)
4(1211 2507 2508 1212)
4(1197 1213 2509 2493)
4(1212 2508 2509 1213)
4(1198 1214 2510 2494)
4(1213 2509 2510 1214)
4(1214 2510 2511 1215)
4(1199 1215 2511 2495)
4(1201 1217 2513 2497)
4(1216 2512 2513 1217)
4(1202 1218 2514 2498)
4(1217 2513 2514 1218)
4(1203 1219 2515 2499)
4(1218 2514 2515 1219)
4(1204 1220 2516 2500)
4(1219 2515 2516 1220)
4(1205 1221 2517 2501)
4(1220 2516 2517 1221)
4(1206 1222 2518 2502)
4(1221 2517 2518 1222)
4(1207 1223 2519 2503)
4(1222 2518 2519 1223)
4(1208 1224 2520 2504)
4(1223 2519 2520 1224)
4(1209 1225 2521 2505)
4(1224 2520 2521 1225)
4(1210 1226 2522 2506)
4(1225 2521 2522 1226)
4(1211 1227 2523 2507)
4(1226 2522 2523 1227)
4(1212 1228 2524 2508)
4(1227 2523 2524 1228)
4(1213 1229 2525 2509)
4(1228 2524 2525 1229)
4(1214 1230 2526 2510)
4(1229 2525 2526 1230)
4(1230 2526 2527 1231)
4(1215 1231 2527 2511)
4(1217 1233 2529 2513)
4(1232 2528 2529 1233)
4(1218 1234 2530 2514)
4(1233 2529 2530 1234)
4(1219 1235 2531 2515)
4(1234 2530 2531 1235)
4(1220 1236 2532 2516)
4(1235 2531 2532 1236)
4(1221 1237 2533 2517)
4(1236 2532 2533 1237)
4(1222 1238 2534 2518)
4(1237 2533 2534 1238)
4(1223 1239 2535 2519)
4(1238 2534 2535 1239)
4(1224 1240 2536 2520)
4(1239 2535 2536 1240)
4(1225 1241 2537 2521)
4(1240 2536 2537 1241)
4(1226 1242 2538 2522)
4(1241 2537 2538 1242)
4(1227 1243 2539 2523)
4(1242 2538 2539 1243)
4(1228 1244 2540 2524)
4(1243 2539 2540 1244)
4(1229 1245 2541 2525)
4(1244 2540 2541 1245)
4(1230 1246 2542 2526)
4(1245 2541 2542 1246)
4(1246 2542 2543 1247)
4(1231 1247 2543 2527)
4(1233 1249 2545 2529)
4(1248 2544 2545 1249)
4(1234 1250 2546 2530)
4(1249 2545 2546 1250)
4(1235 1251 2547 2531)
4(1250 2546 2547 1251)
4(1236 1252 2548 2532)
4(1251 2547 2548 1252)
4(1237 1253 2549 2533)
4(1252 2548 2549 1253)
4(1238 1254 2550 2534)
4(1253 2549 2550 1254)
4(1239 1255 2551 2535)
4(1254 2550 2551 1255)
4(1240 1256 2552 2536)
4(1255 2551 2552 1256)
4(1241 1257 2553 2537)
4(1256 2552 2553 1257)
4(1242 1258 2554 2538)
4(1257 2553 2554 1258)
4(1243 1259 2555 2539)
4(1258 2554 2555 1259)
4(1244 1260 2556 2540)
4(1259 2555 2556 1260)
4(1245 1261 2557 2541)
4(1260 2556 2557 1261)
4(1246 1262 2558 2542)
4(1261 2557 2558 1262)
4(1262 2558 2559 1263)
4(1247 1263 2559 2543)
4(1249 1265 2561 2545)
4(1264 2560 2561 1265)
4(1250 1266 2562 2546)
4(1265 2561 2562 1266)
4(1251 1267 2563 2547)
4(1266 2562 2563 1267)
4(1252 1268 2564 2548)
4(1267 2563 2564 1268)
4(1253 1269 2565 2549)
4(1268 2564 2565 1269)
4(1254 1270 2566 2550)
4(1269 2565 2566 1270)
4(1255 1271 2567 2551)
4(1270 2566 2567 1271)
4(1256 1272 2568 2552)
4(1271 2567 2568 1272)
4(1257 1273 2569 2553)
4(1272 2568 2569 1273)
4(1258 1274 2570 2554)
4(1273 2569 2570 1274)
4(1259 1275 2571 2555)
4(1274 2570 2571 1275)
4(1260 1276 2572 2556)
4(1275 2571 2572 1276)
4(1261 1277 2573 2557)
4(1276 2572 2573 1277)
4(1262 1278 2574 2558)
4(1277 2573 2574 1278)
4(1278 2574 2575 1279)
4(1263 1279 2575 2559)
4(1265 1281 2577 2561)
4(1266 1282 2578 2562)
4(1267 1283 2579 2563)
4(1268 1284 2580 2564)
4(1269 1285 2581 2565)
4(1270 1286 2582 2566)
4(1271 1287 2583 2567)
4(1272 1288 2584 2568)
4(1273 1289 2585 2569)
4(1274 1290 2586 2570)
4(1275 1291 2587 2571)
4(1276 1292 2588 2572)
4(1277 1293 2589 2573)
4(1278 1294 2590 2574)
4(1279 1295 2591 2575)
4(2592 2682 9972 9882)
4(31 1327 9972 2682)
4(2593 2683 9973 9883)
4(2682 9972 9973 2683)
4(2594 2684 9974 9884)
4(2683 9973 9974 2684)
4(2595 2685 9975 9885)
4(2684 9974 9975 2685)
4(2596 2686 9976 9886)
4(2685 9975 9976 2686)
4(2597 2687 9977 9887)
4(2686 9976 9977 2687)
4(2598 2688 9978 9888)
4(2687 9977 9978 2688)
4(2599 2689 9979 9889)
4(2688 9978 9979 2689)
4(2600 2690 9980 9890)
4(2689 9979 9980 2690)
4(2601 2691 9981 9891)
4(2690 9980 9981 2691)
4(2602 2692 9982 9892)
4(2691 9981 9982 2692)
4(2603 2693 9983 9893)
4(2692 9982 9983 2693)
4(2604 2694 9984 9894)
4(2693 9983 9984 2694)
4(2605 2695 9985 9895)
4(2694 9984 9985 2695)
4(2606 2696 9986 9896)
4(2695 9985 9986 2696)
4(2607 2697 9987 9897)
4(2696 9986 9987 2697)
4(2608 2698 9988 9898)
4(2697 9987 9988 2698)
4(2609 2699 9989 9899)
4(2698 9988 9989 2699)
4(2610 2700 9990 9900)
4(2699 9989 9990 2700)
4(2611 2701 9991 9901)
4(2700 9990 9991 2701)
4(2612 2702 9992 9902)
4(2701 9991 9992 2702)
4(2613 2703 9993 9903)
4(2702 9992 9993 2703)
4(2614 2704 9994 9904)
4(2703 9993 9994 2704)
4(2615 2705 9995 9905)
4(2704 9994 9995 2705)
4(2616 2706 9996 9906)
4(2705 9995 9996 2706)
4(2617 2707 9997 9907)
4(2706 9996 9997 2707)
4(2618 2708 9998 9908)
4(2707 9997 9998 2708)
4(2619 2709 9999 9909)
4(2708 9998 9999 2709)
4(2620 2710 10000 9910)
4(2709 9999 10000 2710)
4(2621 2711 10001 9911)
4(2710 10000 10001 2711)
4(2622 2712 10002 9912)
4(2711 10001 10002 2712)
4(2623 2713 10003 9913)
4(2712 10002 10003 2713)
4(2624 2714 10004 9914)
4(2713 10003 10004 2714)
4(2625 2715 10005 9915)
4(2714 10004 10005 2715)
4(2626 2716 10006 9916)
4(2715 10005 10006 2716)
4(2627 2717 10007 9917)
4(2716 10006 10007 2717)
4(2628 2718 10008 9918)
4(2717 10007 10008 2718)
4(2629 2719 10009 9919)
4(2718 10008 10009 2719)
4(2630 2720 10010 9920)
4(2719 10009 10010 2720)
4(2631 2721 10011 9921)
4(2720 10010 10011 2721)
4(2632 2722 10012 9922)
4(2721 10011 10012 2722)
4(2633 2723 10013 9923)
4(2722 10012 10013 2723)
4(2634 2724 10014 9924)
4(2723 10013 10014 2724)
4(2635 2725 10015 9925)
4(2724 10014 10015 2725)
4(2636 2726 10016 9926)
4(2725 10015 10016 2726)
4(2637 2727 10017 9927)
4(2726 10016 10017 2727)
4(2638 2728 10018 9928)
4(2727 10017 10018 2728)
4(2639 2729 10019 9929)
4(2728 10018 10019 2729)
4(2640 2730 10020 9930)
4(2729 10019 10020 2730)
4(2641 2731 10021 9931)
4(2730 10020 10021 2731)
4(2642 2732 10022 9932)
4(2731 10021 10022 2732)
4(2643 2733 10023 9933)
4(2732 10022 10023 2733)
4(2644 2734 10024 9934)
4(2733 10023 10024 2734)
4(2645 2735 10025 9935)
4(2734 10024 10025 2735)
4(2646 2736 10026 9936)
4(2735 10025 10026 2736)
4(2647 2737 10027 9937)
4(2736 10026 10027 2737)
4(2648 2738 10028 9938)
4(2737 10027 10028 2738)
4(2649 2739 10029 9939)
4(2738 10028 10029 2739)
4(2650 2740 10030 9940)
4(2739 10029 10030 2740)
4(2651 2741 10031 9941)
4(2740 10030 10031 2741)
4(2652 2742 10032 9942)
4(2741 10031 10032 2742)
4(2653 2743 10033 9943)
4(2742 10032 10033 2743)
4(2654 2744 10034 9944)
4(2743 10033 10034 2744)
4(2655 2745 10035 9945)
4(2744 10034 10035 2745)
4(2656 2746 10036 9946)
4(2745 10035 10036 2746)
4(2657 2747 10037 9947)
4(2746 10036 10037 2747)
4(2658 2748 10038 9948)
4(2747 10037 10038 2748)
4(2659 2749 10039 9949)
4(2748 10038 10039 2749)
4(2660 2750 10040 9950)
4(2749 10039 10040 2750)
4(2661 2751 10041 9951)
4(2750 10040 10041 2751)
4(2662 2752 10042 9952)
4(2751 10041 10042 2752)
4(2663 2753 10043 9953)
4(2752 10042 10043 2753)
4(2664 2754 10044 9954)
4(2753 10043 10044 2754)
4(2665 2755 10045 9955)
4(2754 10044 10045 2755)
4(2666 2756 10046 9956)
4(2755 10045 10046 2756)
4(2667 2757 10047 9957)
4(2756 10046 10047 2757)
4(2668 2758 10048 9958)
4(2757 10047 10048 2758)
4(2669 2759 10049 9959)
4(2758 10048 10049 2759)
4(2670 2760 10050 9960)
4(2759 10049 10050 2760)
4(2671 2761 10051 9961)
4(2760 10050 10051 2761)
4(2672 2762 10052 9962)
4(2761 10051 10052 2762)
4(2673 2763 10053 9963)
4(2762 10052 10053 2763)
4(2674 2764 10054 9964)
4(2763 10053 10054 2764)
4(2675 2765 10055 9965)
4(2764 10054 10055 2765)
4(2676 2766 10056 9966)
4(2765 10055 10056 2766)
4(2677 2767 10057 9967)
4(2766 10056 10057 2767)
4(2678 2768 10058 9968)
4(2767 10057 10058 2768)
4(2679 2769 10059 9969)
4(2768 10058 10059 2769)
4(2680 2770 10060 9970)
4(2769 10059 10060 2770)
4(2770 10060 10061 2771)
4(2682 2772 10062 9972)
4(47 1343 10062 2772)
4(2683 2773 10063 9973)
4(2772 10062 10063 2773)
4(2684 2774 10064 9974)
4(2773 10063 10064 2774)
4(2685 2775 10065 9975)
4(2774 10064 10065 2775)
4(2686 2776 10066 9976)
4(2775 10065 10066 2776)
4(2687 2777 10067 9977)
4(2776 10066 10067 2777)
4(2688 2778 10068 9978)
4(2777 10067 10068 2778)
4(2689 2779 10069 9979)
4(2778 10068 10069 2779)
4(2690 2780 10070 9980)
4(2779 10069 10070 2780)
4(2691 2781 10071 9981)
4(2780 10070 10071 2781)
4(2692 2782 10072 9982)
4(2781 10071 10072 2782)
4(2693 2783 10073 9983)
4(2782 10072 10073 2783)
4(2694 2784 10074 9984)
4(2783 10073 10074 2784)
4(2695 2785 10075 9985)
4(2784 10074 10075 2785)
4(2696 2786 10076 9986)
4(2785 10075 10076 2786)
4(2697 2787 10077 9987)
4(2786 10076 10077 2787)
4(2698 2788 10078 9988)
4(2787 10077 10078 2788)
4(2699 2789 10079 9989)
4(2788 10078 10079 2789)
4(2700 2790 10080 9990)
4(2789 10079 10080 2790)
4(2701 2791 10081 9991)
4(2790 10080 10081 2791)
4(2702 2792 10082 9992)
4(2791 10081 10082 2792)
4(2703 2793 10083 9993)
4(2792 10082 10083 2793)
4(2704 2794 10084 9994)
4(2793 10083 10084 2794)
4(2705 2795 10085 9995)
4(2794 10084 10085 2795)
4(2706 2796 10086 9996)
4(2795 10085 10086 2796)
4(2707 2797 10087 9997)
4(2796 10086 10087 2797)
4(2708 2798 10088 9998)
4(2797 10087 10088 2798)
4(2709 2799 10089 9999)
4(2798 10088 10089 2799)
4(2710 2800 10090 10000)
4(2799 10089 10090 2800)
4(2711 2801 10091 10001)
4(2800 10090 10091 2801)
4(2712 2802 10092 10002)
4(2801 10091 10092 2802)
4(2713 2803 10093 10003)
4(2802 10092 10093 2803)
4(2714 2804 10094 10004)
4(2803 10093 10094 2804)
4(2715 2805 10095 10005)
4(2804 10094 10095 2805)
4(2716 2806 10096 10006)
4(2805 10095 10096 2806)
4(2717 2807 10097 10007)
4(2806 10096 10097 2807)
4(2718 2808 10098 10008)
4(2807 10097 10098 2808)
4(2719 2809 10099 10009)
4(2808 10098 10099 2809)
4(2720 2810 10100 10010)
4(2809 10099 10100 2810)
4(2721 2811 10101 10011)
4(2810 10100 10101 2811)
4(2722 2812 10102 10012)
4(2811 10101 10102 2812)
4(2723 2813 10103 10013)
4(2812 10102 10103 2813)
4(2724 2814 10104 10014)
4(2813 10103 10104 2814)
4(2725 2815 10105 10015)
4(2814 10104 10105 2815)
4(2726 2816 10106 10016)
4(2815 10105 10106 2816)
4(2727 2817 10107 10017)
4(2816 10106 10107 2817)
4(2728 2818 10108 10018)
4(2817 10107 10108 2818)
4(2729 2819 10109 10019)
4(2818 10108 10109 2819)
4(2730 2820 10110 10020)
4(2819 10109 10110 2820)
4(2731 2821 10111 10021)
4(2820 10110 10111 2821)
4(2732 2822 10112 10022)
4(2821 10111 10112 2822)
4(2733 2823 10113 10023)
4(2822 10112 10113 2823)
4(2734 2824 10114 10024)
4(2823 10113 10114 2824)
4(2735 2825 10115 10025)
4(2824 10114 10115 2825)
4(2736 2826 10116 10026)
4(2825 10115 10116 2826)
4(2737 2827 10117 10027)
4(2826 10116 10117 2827)
4(2738 2828 10118 10028)
4(2827 10117 10118 2828)
4(2739 2829 10119 10029)
4(2828 10118 10119 2829)
4(2740 2830 10120 10030)
4(2829 10119 10120 2830)
4(2741 2831 10121 10031)
4(2830 10120 10121 2831)
4(2742 2832 10122 10032)
4(2831 10121 10122 2832)
4(2743 2833 10123 10033)
4(2832 10122 10123 2833)
4(2744 2834 10124 10034)
4(2833 10123 10124 2834)
4(2745 2835 10125 10035)
4(2834 10124 10125 2835)
4(2746 2836 10126 10036)
4(2835 10125 10126 2836)
4(2747 2837 10127 10037)
4(2836 10126 10127 2837)
4(2748 2838 10128 10038)
4(2837 10127 10128 2838)
4(2749 2839 10129 10039)
4(2838 10128 10129 2839)
4(2750 2840 10130 10040)
4(2839 10129 10130 2840)
4(2751 2841 10131 10041)
4(2840 10130 10131 2841)
4(2752 2842 10132 10042)
4(2841 10131 10132 2842)
4(2753 2843 10133 10043)
4(2842 10132 10133 2843)
4(2754 2844 10134 10044)
4(2843 10133 10134 2844)
4(2755 2845 10135 10045)
4(2844 10134 10135 2845)
4(2756 2846 10136 10046)
4(2845 10135 10136 2846)
4(2757 2847 10137 10047)
4(2846 10136 10137 2847)
4(2758 2848 10138 10048)
4(2847 10137 10138 2848)
4(2759 2849 10139 10049)
4(2848 10138 10139 2849)
4(2760 2850 10140 10050)
4(2849 10139 10140 2850)
4(2761 2851 10141 10051)
4(2850 10140 10141 2851)
4(2762 2852 10142 10052)
4(2851 10141 10142 2852)
4(2763 2853 10143 10053)
4(2852 10142 10143 2853)
4(2764 2854 10144 10054)
4(2853 10143 10144 2854)
4(2765 2855 10145 10055)
4(2854 10144 10145 2855)
4(2766 2856 10146 10056)
4(2855 10145 10146 2856)
4(2767 2857 10147 10057)
4(2856 10146 10147 2857)
4(2768 2858 10148 10058)
4(2857 10147 10148 2858)
4(2769 2859 10149 10059)
4(2858 10148 10149 2859)
4(2770 2860 10150 10060)
4(2859 10149 10150 2860)
4(2860 10150 10151 2861)
4(2772 2862 10152 10062)
4(63 1359 10152 2862)
4(2773 2863 10153 10063)
4(2862 10152 10153 2863)
4(2774 2864 10154 10064)
4(2863 10153 10154 2864)
4(2775 2865 10155 10065)
4(2864 10154 10155 2865)
4(2776 2866 10156 10066)
4(2865 10155 10156 2866)
4(2777 2867 10157 10067)
4(2866 10156 10157 2867)
4(2778 2868 10158 10068)
4(2867 10157 10158 2868)
4(2779 2869 10159 10069)
4(2868 10158 10159 2869)
4(2780 2870 10160 10070)
4(2869 10159 10160 2870)
4(2781 2871 10161 10071)
4(2870 10160 10161 2871)
4(2782 2872 10162 10072)
4(2871 10161 10162 2872)
4(2783 2873 10163 10073)
4(2872 10162 10163 2873)
4(2784 2874 10164 10074)
4(2873 10163 10164 2874)
4(2785 2875 10165 10075)
4(2874 10164 10165 2875)
4(2786 2876 10166 10076)
4(2875 10165 10166 2876)
4(2787 2877 10167 10077)
4(2876 10166 10167 2877)
4(2788 2878 10168 10078)
4(2877 10167 10168 2878)
4(2789 2879 10169 10079)
4(2878 10168 10169 2879)
4(2790 2880 10170 10080)
4(2879 10169 10170 2880)
4(2791 2881 10171 10081)
4(2880 10170 10171 2881)
4(2792 2882 10172 10082)
4(2881 10171 10172 2882)
4(2793 2883 10173 10083)
4(2882 10172 10173 2883)
4(2794 2884 10174 10084)
4(2883 10173 10174 2884)
4(2795 2885 10175 10085)
4(2884 10174 10175 2885)
4(2796 2886 10176 10086)
4(2885 10175 10176 2886)
4(2797 2887 10177 10087)
4(2886 10176 10177 2887)
4(2798 2888 10178 10088)
4(2887 10177 10178 2888)
4(2799 2889 10179 10089)
4(2888 10178 10179 2889)
4(2800 2890 10180 10090)
4(2889 10179 10180 2890)
4(2801 2891 10181 10091)
4(2890 10180 10181 2891)
4(2802 2892 10182 10092)
4(2891 10181 10182 2892)
4(2803 2893 10183 10093)
4(2892 10182 10183 2893)
4(2804 2894 10184 10094)
4(2893 10183 10184 2894)
4(2805 2895 10185 10095)
4(2894 10184 10185 2895)
4(2806 2896 10186 10096)
4(2895 10185 10186 2896)
4(2807 2897 10187 10097)
4(2896 10186 10187 2897)
4(2808 2898 10188 10098)
4(2897 10187 10188 2898)
4(2809 2899 10189 10099)
4(2898 10188 10189 2899)
4(2810 2900 10190 10100)
4(2899 10189 10190 2900)
4(2811 2901 10191 10101)
4(2900 10190 10191 2901)
4(2812 2902 10192 10102)
4(2901 10191 10192 2902)
4(2813 2903 10193 10103)
4(2902 10192 10193 2903)
4(2814 2904 10194 10104)
4(2903 10193 10194 2904)
4(2815 2905 10195 10105)
4(2904 10194 10195 2905)
4(2816 2906 10196 10106)
4(2905 10195 10196 2906)
4(2817 2907 10197 10107)
4(2906 10196 10197 2907)
4(2818 2908 10198 10108)
4(2907 10197 10198 2908)
4(2819 2909 10199 10109)
4(2908 10198 10199 2909)
4(2820 2910 10200 10110)
4(2909 10199 10200 2910)
4(2821 2911 10201 10111)
4(2910 10200 10201 2911)
4(2822 2912 10202 10112)
4(2911 10201 10202 2912)
4(2823 2913 10203 10113)
4(2912 10202 10203 2913)
4(2824 2914 10204 10114)
4(2913 10203 10204 2914)
4(2825 2915 10205 10115)
4(2914 10204 10205 2915)
4(2826 2916 10206 10116)
4(2915 10205 10206 2916)
4(2827 2917 10207 10117)
4(2916 10206 10207 2917)
4(2828 2918 10208 10118)
4(2917 10207 10208 2918)
4(2829 2919 10209 10119)
4(2918 10208 10209 2919)
4(2830 2920 10210 10120)
4(2919 10209 10210 2920)
4(2831 2921 10211 10121)
4(2920 10210 10211 2921)
4(2832 2922 10212 10122)
4(2921 10211 10212 2922)
4(2833 2923 10213 10123)
4(2922 10212 10213 2923)
4(2834 2924 10214 10124)
4(2923 10213 10214 2924)
4(2835 2925 10215 10125)
4(2924 10214 10215 2925)
4(2836 2926 10216 10126)
4(2925 10215 10216 2926)
4(2837 2927 10217 10127)
4(2926 10216 10217 2927)
4(2838 2928 10218 10128)
4(2927 10217 10218 2928)
4(2839 2929 10219 10129)
4(2928 10218 10219 2929)
4(2840 2930 10220 10130)
4(2929 10219 10220 2930)
4(2841 2931 10221 10131)
4(2930 10220 10221 2931)
4(2842 2932 10222 10132)
4(2931 10221 10222 2932)
4(2843 2933 10223 10133)
4(2932 10222 10223 2933)
4(2844 2934 10224 10134)
4(2933 10223 10224 2934)
4(2845 2935 10225 10135)
4(2934 10224 10225 2935)
4(2846 2936 10226 10136)
4(2935 10225 10226 2936)
4(2847 2937 10227 10137)
4(2936 10226 10227 2937)
4(2848 2938 10228 10138)
4(2937 10227 10228 2938)
4(2849 2939 10229 10139)
4(2938 10228 10229 2939)
4(2850 2940 10230 10140)
4(2939 10229 10230 2940)
4(2851 2941 10231 10141)
4(2940 10230 10231 2941)
4(2852 2942 10232 10142)
4(2941 10231 10232 2942)
4(2853 2943 10233 10143)
4(2942 10232 10233 2943)
4(2854 2944 10234 10144)
4(2943 10233 10234 2944)
4(2855 2945 10235 10145)
4(2944 10234 10235 2945)
4(2856 2946 10236 10146)
4(2945 10235 10236 2946)
4(2857 2947 10237 10147)
4(2946 10236 10237 2947)
4(2858 2948 10238 10148)
4(2947 10237 10238 2948)
4(2859 2949 10239 10149)
4(2948 10238 10239 2949)
4(2860 2950 10240 10150)
4(2949 10239 10240 2950)
4(2950 10240 10241 2951)
4(2862 2952 10242 10152)
4(79 1375 10242 2952)
4(2863 2953 10243 10153)
4(2952 10242 10243 2953)
4(2864 2954 10244 10154)
4(2953 10243 10244 2954)
4(2865 2955 10245 10155)
4(2954 10244 10245 2955)
4(2866 2956 10246 10156)
4(2955 10245 10246 2956)
4(2867 2957 10247 10157)
4(2956 10246 10247 2957)
4(2868 2958 10248 10158)
4(2957 10247 10248 2958)
4(2869 2959 10249 10159)
4(2958 10248 10249 2959)
4(2870 2960 10250 10160)
4(2959 10249 10250 2960)
4(2871 2961 10251 10161)
4(2960 10250 10251 2961)
4(2872 2962 10252 10162)
4(2961 10251 10252 2962)
4(2873 2963 10253 10163)
4(2962 10252 10253 2963)
4(2874 2964 10254 10164)
4(2963 10253 10254 2964)
4(2875 2965 10255 10165)
4(2964 10254 10255 2965)
4(2876 2966 10256 10166)
4(2965 10255 10256 2966)
4(2877 2967 10257 10167)
4(2966 10256 10257 2967)
4(2878 2968 10258 10168)
4(2967 10257 10258 2968)
4(2879 2969 10259 10169)
4(2968 10258 10259 2969)
4(2880 2970 10260 10170)
4(2969 10259 10260 2970)
4(2881 2971 10261 10171)
4(2970 10260 10261 2971)
4(2882 2972 10262 10172)
4(2971 10261 10262 2972)
4(2883 2973 10263 10173)
4(2972 10262 10263 2973)
4(2884 2974 10264 10174)
4(2973 10263 10264 2974)
4(2885 2975 10265 10175)
4(2974 10264 10265 2975)
4(2886 2976 10266 10176)
4(2975 10265 10266 2976)
4(2887 2977 10267 10177)
4(2976 10266 10267 2977)
4(2888 2978 10268 10178)
4(2977 10267 10268 2978)
4(2889 2979 10269 10179)
4(2978 10268 10269 2979)
4(2890 2980 10270 10180)
4(2979 10269 10270 2980)
4(2891 2981 10271 10181)
4(2980 10270 10271 2981)
4(2892 2982 10272 10182)
4(2981 10271 10272 2982)
4(2893 2983 10273 10183)
4(2982 10272 10273 2983)
4(2894 2984 10274 10184)
4(2983 10273 10274 2984)
4(2895 2985 10275 10185)
4(2984 10274 10275 2985)
4(2896 2986 10276 10186)
4(2985 10275 10276 2986)
4(2897 2987 10277 10187)
4(2986 10276 10277 2987)
4(2898 2988 10278 10188)
4(2987 10277 10278 2988)
4(2899 2989 10279 10189)
4(2988 10278 10279 2989)
4(2900 2990 10280 10190)
4(2989 10279 10280 2990)
4(2901 2991 10281 10191)
4(2990 10280 10281 2991)
4(2902 2992 10282 10192)
4(2991 10281 10282 2992)
4(2903 2993 10283 10193)
4(2992 10282 10283 2993)
4(2904 2994 10284 10194)
4(2993 10283 10284 2994)
4(2905 2995 10285 10195)
4(2994 10284 10285 2995)
4(2906 2996 10286 10196)
4(2995 10285 10286 2996)
4(2907 2997 10287 10197)
4(2996 10286 10287 2997)
4(2908 2998 10288 10198)
4(2997 10287 10288 2998)
4(2909 2999 10289 10199)
4(2998 10288 10289 2999)
4(2910 3000 10290 10200)
4(2999 10289 10290 3000)
4(2911 3001 10291 10201)
4(3000 10290 10291 3001)
4(2912 3002 10292 10202)
4(3001 10291 10292 3002)
4(2913 3003 10293 10203)
4(3002 10292 10293 3003)
4(2914 3004 10294 10204)
4(3003 10293 10294 3004)
4(2915 3005 10295 10205)
4(3004 10294 10295 3005)
4(2916 3006 10296 10206)
4(3005 10295 10296 3006)
4(2917 3007 10297 10207)
4(3006 10296 10297 3007)
4(2918 3008 10298 10208)
4(3007 10297 10298 3008)
4(2919 3009 10299 10209)
4(3008 10298 10299 3009)
4(2920 3010 10300 10210)
4(3009 10299 10300 3010)
4(2921 3011 10301 10211)
4(3010 10300 10301 3011)
4(2922 3012 10302 10212)
4(3011 10301 10302 3012)
4(2923 3013 10303 10213)
4(3012 10302 10303 3013)
4(2924 3014 10304 10214)
4(3013 10303 10304 3014)
4(2925 3015 10305 10215)
4(3014 10304 10305 3015)
4(2926 3016 10306 10216)
4(3015 10305 10306 3016)
4(2927 3017 10307 10217)
4(3016 10306 10307 3017)
4(2928 3018 10308 10218)
4(3017 10307 10308 3018)
4(2929 3019 10309 10219)
4(3018 10308 10309 3019)
4(2930 3020 10310 10220)
4(3019 10309 10310 3020)
4(2931 3021 10311 10221)
4(3020 10310 10311 3021)
4(2932 3022 10312 10222)
4(3021 10311 10312 3022)
4(2933 3023 10313 10223)
4(3022 10312 10313 3023)
4(2934 3024 10314 10224)
4(3023 10313 10314 3024)
4(2935 3025 10315 10225)
4(3024 10314 10315 3025)
4(2936 3026 10316 10226)
4(3025 10315 10316 3026)
4(2937 3027 10317 10227)
4(3026 10316 10317 3027)
4(2938 3028 10318 10228)
4(3027 10317 10318 3028)
4(2939 3029 10319 10229)
4(3028 10318 10319 3029)
4(2940 3030 10320 10230)
4(3029 10319 10320 3030)
4(2941 3031 10321 10231)
4(3030 10320 10321 3031)
4(2942 3032 10322 10232)
4(3031 10321 10322 3032)
4(2943 3033 10323 10233)
4(3032 10322 10323 3033)
4(2944 3034 10324 10234)
4(3033 10323 10324 3034)
4(2945 3035 10325 10235)
4(3034 10324 10325 3035)
4(2946 3036 10326 10236)
4(3035 10325 10326 3036)
4(2947 3037 10327 10237)
4(3036 10326 10327 3037)
4(2948 3038 10328 10238)
4(3037 10327 10328 3038)
4(2949 3039 10329 10239)
4(3038 10328 10329 3039)
4(2950 3040 10330 10240)
4(3039 10329 10330 3040)
4(3040 10330 10331 3041)
4(2952 3042 10332 10242)
4(95 1391 10332 3042)
4(2953 3043 10333 10243)
4(3042 10332 10333 3043)
4(2954 3044 10334 10244)
4(3043 10333 10334 3044)
4(2955 3045 10335 10245)
4(3044 10334 10335 3045)
4(2956 3046 10336 10246)
4(3045 10335 10336 3046)
4(2957 3047 10337 10247)
4(3046 10336 10337 3047)
4(2958 3048 10338 10248)
4(3047 10337 10338 3048)
4(2959 3049 10339 10249)
4(3048 10338 10339 3049)
4(2960 3050 10340 10250)
4(3049 10339 10340 3050)
4(2961 3051 10341 10251)
4(3050 10340 10341 3051)
4(2962 3052 10342 10252)
4(3051 10341 10342 3052)
4(2963 3053 10343 10253)
4(3052 10342 10343 3053)
4(2964 3054 10344 10254)
4(3053 10343 10344 3054)
4(2965 3055 10345 10255)
4(3054 10344 10345 3055)
4(2966 3056 10346 10256)
4(3055 10345 10346 3056)
4(2967 3057 10347 10257)
4(3056 10346 10347 3057)
4(2968 3058 10348 10258)
4(3057 10347 10348 3058)
4(2969 3059 10349 10259)
4(3058 10348 10349 3059)
4(2970 3060 10350 10260)
4(3059 10349 10350 3060)
4(2971 3061 10351 10261)
4(3060 10350 10351 3061)
4(2972 3062 10352 10262)
4(3061 10351 10352 3062)
4(2973 3063 10353 10263)
4(3062 10352 10353 3063)
4(2974 3064 10354 10264)
4(3063 10353 10354 3064)
4(2975 3065 10355 10265)
4(3064 10354 10355 3065)
4(2976 3066 10356 10266)
4(3065 10355 10356 3066)
4(2977 3067 10357 10267)
4(3066 10356 10357 3067)
4(2978 3068 10358 10268)
4(3067 10357 10358 3068)
4(2979 3069 10359 10269)
4(3068 10358 10359 3069)
4(2980 3070 10360 10270)
4(3069 10359 10360 3070)
4(2981 3071 10361 10271)
4(3070 10360 10361 3071)
4(2982 3072 10362 10272)
4(3071 10361 10362 3072)
4(2983 3073 10363 10273)
4(3072 10362 10363 3073)
4(2984 3074 10364 10274)
4(3073 10363 10364 3074)
4(2985 3075 10365 10275)
4(3074 10364 10365 3075)
4(2986 3076 10366 10276)
4(3075 10365 10366 3076)
4(2987 3077 10367 10277)
4(3076 10366 10367 3077)
4(2988 3078 10368 10278)
4(3077 10367 10368 3078)
4(2989 3079 10369 10279)
4(3078 10368 10369 3079)
4(2990 3080 10370 10280)
4(3079 10369 10370 3080)
4(2991 3081 10371 10281)
4(3080 10370 10371 3081)
4(2992 3082 10372 10282)
4(3081 10371 10372 3082)
4(2993 3083 10373 10283)
4(3082 10372 10373 3083)
4(2994 3084 10374 10284)
4(3083 10373 10374 3084)
4(2995 3085 10375 10285)
4(3084 10374 10375 3085)
4(2996 3086 10376 10286)
4(3085 10375 10376 3086)
4(2997 3087 10377 10287)
4(3086 10376 10377 3087)
4(2998 3088 10378 10288)
4(3087 10377 10378 3088)
4(2999 3089 10379 10289)
4(3088 10378 10379 3089)
4(3000 3090 10380 10290)
4(3089 10379 10380 3090)
4(3001 3091 10381 10291)
4(3090 10380 10381 3091)
4(3002 3092 10382 10292)
4(3091 10381 10382 3092)
4(3003 3093 10383 10293)
4(3092 10382 10383 3093)
4(3004 3094 10384 10294)
4(3093 10383 10384 3094)
4(3005 3095 10385 10295)
4(3094 10384 10385 3095)
4(3006 3096 10386 10296)
4(3095 10385 10386 3096)
4(3007 3097 10387 10297)
4(3096 10386 10387 3097)
4(3008 3098 10388 10298)
4(3097 10387 10388 3098)
4(3009 3099 10389 10299)
4(3098 10388 10389 3099)
4(3010 3100 10390 10300)
4(3099 10389 10390 3100)
4(3011 3101 10391 10301)
4(3100 10390 10391 3101)
4(3012 3102 10392 10302)
4(3101 10391 10392 3102)
4(3013 3103 10393 10303)
4(3102 10392 10393 3103)
4(3014 3104 10394 10304)
4(3103 10393 10394 3104)
4(3015 3105 10395 10305)
4(3104 10394 10395 3105)
4(3016 3106 10396 10306)
4(3105 10395 10396 3106)
4(3017 3107 10397 10307)
4(3106 10396 10397 3107)
4(3018 3108 10398 10308)
4(3107 10397 10398 3108)
4(3019 3109 10399 10309)
4(3108 10398 10399 3109)
4(3020 3110 10400 10310)
4(3109 10399 10400 3110)
4(3021 3111 10401 10311)
4(3110 10400 10401 3111)
4(3022 3112 10402 10312)
4(3111 10401 10402 3112)
4(3023 3113 10403 10313)
4(3112 10402 10403 3113)
4(3024 3114 10404 10314)
4(3113 10403 10404 3114)
4(3025 3115 10405 10315)
4(3114 10404 10405 3115)
4(3026 3116 10406 10316)
4(3115 10405 10406 3116)
4(3027 3117 10407 10317)
4(3116 10406 10407 3117)
4(3028 3118 10408 10318)
4(3117 10407 10408 3118)
4(3029 3119 10409 10319)
4(3118 10408 10409 3119)
4(3030 3120 10410 10320)
4(3119 10409 10410 3120)
4(3031 3121 10411 10321)
4(3120 10410 10411 3121)
4(3032 3122 10412 10322)
4(3121 10411 10412 3122)
4(3033 3123 10413 10323)
4(3122 10412 10413 3123)
4(3034 3124 10414 10324)
4(3123 10413 10414 3124)
4(3035 3125 10415 10325)
4(3124 10414 10415 3125)
4(3036 3126 10416 10326)
4(3125 10415 10416 3126)
4(3037 3127 10417 10327)
4(3126 10416 10417 3127)
4(3038 3128 10418 10328)
4(3127 10417 10418 3128)
4(3039 3129 10419 10329)
4(3128 10418 10419 3129)
4(3040 3130 10420 10330)
4(3129 10419 10420 3130)
4(3130 10420 10421 3131)
4(3042 3132 10422 10332)
4(111 1407 10422 3132)
4(3043 3133 10423 10333)
4(3132 10422 10423 3133)
4(3044 3134 10424 10334)
4(3133 10423 10424 3134)
4(3045 3135 10425 10335)
4(3134 10424 10425 3135)
4(3046 3136 10426 10336)
4(3135 10425 10426 3136)
4(3047 3137 10427 10337)
4(3136 10426 10427 3137)
4(3048 3138 10428 10338)
4(3137 10427 10428 3138)
4(3049 3139 10429 10339)
4(3138 10428 10429 3139)
4(3050 3140 10430 10340)
4(3139 10429 10430 3140)
4(3051 3141 10431 10341)
4(3140 10430 10431 3141)
4(3052 3142 10432 10342)
4(3141 10431 10432 3142)
4(3053 3143 10433 10343)
4(3142 10432 10433 3143)
4(3054 3144 10434 10344)
4(3143 10433 10434 3144)
4(3055 3145 10435 10345)
4(3144 10434 10435 3145)
4(3056 3146 10436 10346)
4(3145 10435 10436 3146)
4(3057 3147 10437 10347)
4(3146 10436 10437 3147)
4(3058 3148 10438 10348)
4(3147 10437 10438 3148)
4(3059 3149 10439 10349)
4(3148 10438 10439 3149)
4(3060 3150 10440 10350)
4(3149 10439 10440 3150)
4(3061 3151 10441 10351)
4(3150 10440 10441 3151)
4(3062 3152 10442 10352)
4(3151 10441 10442 3152)
4(3063 3153 10443 10353)
4(3152 10442 10443 3153)
4(3064 3154 10444 10354)
4(3153 10443 10444 3154)
4(3065 3155 10445 10355)
4(3154 10444 10445 3155)
4(3066 3156 10446 10356)
4(3155 10445 10446 3156)
4(3067 3157 10447 10357)
4(3156 10446 10447 3157)
4(3068 3158 10448 10358)
4(3157 10447 10448 3158)
4(3069 3159 10449 10359)
4(3158 10448 10449 3159)
4(3070 3160 10450 10360)
4(3159 10449 10450 3160)
4(3071 3161 10451 10361)
4(3160 10450 10451 3161)
4(3072 3162 10452 10362)
4(3161 10451 10452 3162)
4(3073 3163 10453 10363)
4(3162 10452 10453 3163)
4(3074 3164 10454 10364)
4(3163 10453 10454 3164)
4(3075 3165 10455 10365)
4(3164 10454 10455 3165)
4(3076 3166 10456 10366)
4(3165 10455 10456 3166)
4(3077 3167 10457 10367)
4(3166 10456 10457 3167)
4(3078 3168 10458 10368)
4(3167 10457 10458 3168)
4(3079 3169 10459 10369)
4(3168 10458 10459 3169)
4(3080 3170 10460 10370)
4(3169 10459 10460 3170)
4(3081 3171 10461 10371)
4(3170 10460 10461 3171)
4(3082 3172 10462 10372)
4(3171 10461 10462 3172)
4(3083 3173 10463 10373)
4(3172 10462 10463 3173)
4(3084 3174 10464 10374)
4(3173 10463 10464 3174)
4(3085 3175 10465 10375)
4(3174 10464 10465 3175)
4(3086 3176 10466 10376)
4(3175 10465 10466 3176)
4(3087 3177 10467 10377)
4(3176 10466 10467 3177)
4(3088 3178 10468 10378)
4(3177 10467 10468 3178)
4(3089 3179 10469 10379)
4(3178 10468 10469 3179)
4(3090 3180 10470 10380)
4(3179 10469 10470 3180)
4(3091 3181 10471 10381)
4(3180 10470 10471 3181)
4(3092 3182 10472 10382)
4(3181 10471 10472 3182)
4(3093 3183 10473 10383)
4(3182 10472 10473 3183)
4(3094 3184 10474 10384)
4(3183 10473 10474 3184)
4(3095 3185 10475 10385)
4(3184 10474 10475 3185)
4(3096 3186 10476 10386)
4(3185 10475 10476 3186)
4(3097 3187 10477 10387)
4(3186 10476 10477 3187)
4(3098 3188 10478 10388)
4(3187 10477 10478 3188)
4(3099 3189 10479 10389)
4(3188 10478 10479 3189)
4(3100 3190 10480 10390)
4(3189 10479 10480 3190)
4(3101 3191 10481 10391)
4(3190 10480 10481 3191)
4(3102 3192 10482 10392)
4(3191 10481 10482 3192)
4(3103 3193 10483 10393)
4(3192 10482 10483 3193)
4(3104 3194 10484 10394)
4(3193 10483 10484 3194)
4(3105 3195 10485 10395)
4(3194 10484 10485 3195)
4(3106 3196 10486 10396)
4(3195 10485 10486 3196)
4(3107 3197 10487 10397)
4(3196 10486 10487 3197)
4(3108 3198 10488 10398)
4(3197 10487 10488 3198)
4(3109 3199 10489 10399)
4(3198 10488 10489 3199)
4(3110 3200 10490 10400)
4(3199 10489 10490 3200)
4(3111 3201 10491 10401)
4(3200 10490 10491 3201)
4(3112 3202 10492 10402)
4(3201 10491 10492 3202)
4(3113 3203 10493 10403)
4(3202 10492 10493 3203)
4(3114 3204 10494 10404)
4(3203 10493 10494 3204)
4(3115 3205 10495 10405)
4(3204 10494 10495 3205)
4(3116 3206 10496 10406)
4(3205 10495 10496 3206)
4(3117 3207 10497 10407)
4(3206 10496 10497 3207)
4(3118 3208 10498 10408)
4(3207 10497 10498 3208)
4(3119 3209 10499 10409)
4(3208 10498 10499 3209)
4(3120 3210 10500 10410)
4(3209 10499 10500 3210)
4(3121 3211 10501 10411)
4(3210 10500 10501 3211)
4(3122 3212 10502 10412)
4(3211 10501 10502 3212)
4(3123 3213 10503 10413)
4(3212 10502 10503 3213)
4(3124 3214 10504 10414)
4(3213 10503 10504 3214)
4(3125 3215 10505 10415)
4(3214 10504 10505 3215)
4(3126 3216 10506 10416)
4(3215 10505 10506 3216)
4(3127 3217 10507 10417)
4(3216 10506 10507 3217)
4(3128 3218 10508 10418)
4(3217 10507 10508 3218)
4(3129 3219 10509 10419)
4(3218 10508 10509 3219)
4(3130 3220 10510 10420)
4(3219 10509 10510 3220)
4(3220 10510 10511 3221)
4(3132 3222 10512 10422)
4(127 1423 10512 3222)
4(3133 3223 10513 10423)
4(3222 10512 10513 3223)
4(3134 3224 10514 10424)
4(3223 10513 10514 3224)
4(3135 3225 10515 10425)
4(3224 10514 10515 3225)
4(3136 3226 10516 10426)
4(3225 10515 10516 3226)
4(3137 3227 10517 10427)
4(3226 10516 10517 3227)
4(3138 3228 10518 10428)
4(3227 10517 10518 3228)
4(3139 3229 10519 10429)
4(3228 10518 10519 3229)
4(3140 3230 10520 10430)
4(3229 10519 10520 3230)
4(3141 3231 10521 10431)
4(3230 10520 10521 3231)
4(3142 3232 10522 10432)
4(3231 10521 10522 3232)
4(3143 3233 10523 10433)
4(3232 10522 10523 3233)
4(3144 3234 10524 10434)
4(3233 10523 10524 3234)
4(3145 3235 10525 10435)
4(3234 10524 10525 3235)
4(3146 3236 10526 10436)
4(3235 10525 10526 3236)
4(3147 3237 10527 10437)
4(3236 10526 10527 3237)
4(3148 3238 10528 10438)
4(3237 10527 10528 3238)
4(3149 3239 10529 10439)
4(3238 10528 10529 3239)
4(3150 3240 10530 10440)
4(3239 10529 10530 3240)
4(3151 3241 10531 10441)
4(3240 10530 10531 3241)
4(3152 3242 10532 10442)
4(3241 10531 10532 3242)
4(3153 3243 10533 10443)
4(3242 10532 10533 3243)
4(3154 3244 10534 10444)
4(3243 10533 10534 3244)
4(3155 3245 10535 10445)
4(3244 10534 10535 3245)
4(3156 3246 10536 10446)
4(3245 10535 10536 3246)
4(3157 3247 10537 10447)
4(3246 10536 10537 3247)
4(3158 3248 10538 10448)
4(3247 10537 10538 3248)
4(3159 3249 10539 10449)
4(3248 10538 10539 3249)
4(3160 3250 10540 10450)
4(3249 10539 10540 3250)
4(3161 3251 10541 10451)
4(3250 10540 10541 3251)
4(3162 3252 10542 10452)
4(3251 10541 10542 3252)
4(3163 3253 10543 10453)
4(3252 10542 10543 3253)
4(3164 3254 10544 10454)
4(3253 10543 10544 3254)
4(3165 3255 10545 10455)
4(3254 10544 10545 3255)
4(3166 3256 10546 10456)
4(3255 10545 10546 3256)
4(3167 3257 10547 10457)
4(3256 10546 10547 3257)
4(3168 3258 10548 10458)
4(3257 10547 10548 3258)
4(3169 3259 10549 10459)
4(3258 10548 10549 3259)
4(3170 3260 10550 10460)
4(3259 10549 10550 3260)
4(3171 3261 10551 10461)
4(3260 10550 10551 3261)
4(3172 3262 10552 10462)
4(3261 10551 10552 3262)
4(3173 3263 10553 10463)
4(3262 10552 10553 3263)
4(3174 3264 10554 10464)
4(3263 10553 10554 3264)
4(3175 3265 10555 10465)
4(3264 10554 10555 3265)
4(3176 3266 10556 10466)
4(3265 10555 10556 3266)
4(3177 3267 10557 10467)
4(3266 10556 10557 3267)
4(3178 3268 10558 10468)
4(3267 10557 10558 3268)
4(3179 3269 10559 10469)
4(3268 10558 10559 3269)
4(3180 3270 10560 10470)
4(3269 10559 10560 3270)
4(3181 3271 10561 10471)
4(3270 10560 10561 3271)
4(3182 3272 10562 10472)
4(3271 10561 10562 3272)
4(3183 3273 10563 10473)
4(3272 10562 10563 3273)
4(3184 3274 10564 10474)
4(3273 10563 10564 3274)
4(3185 3275 10565 10475)
4(3274 10564 10565 3275)
4(3186 3276 10566 10476)
4(3275 10565 10566 3276)
4(3187 3277 10567 10477)
4(3276 10566 10567 3277)
4(3188 3278 10568 10478)
4(3277 10567 10568 3278)
4(3189 3279 10569 10479)
4(3278 10568 10569 3279)
4(3190 3280 10570 10480)
4(3279 10569 10570 3280)
4(3191 3281 10571 10481)
4(3280 10570 10571 3281)
4(3192 3282 10572 10482)
4(3281 10571 10572 3282)
4(3193 3283 10573 10483)
4(3282 10572 10573 3283)
4(3194 3284 10574 10484)
4(3283 10573 10574 3284)
4(3195 3285 10575 10485)
4(3284 10574 10575 3285)
4(3196 3286 10576 10486)
4(3285 10575 10576 3286)
4(3197 3287 10577 10487)
4(3286 10576 10577 3287)
4(3198 3288 10578 10488)
4(3287 10577 10578 3288)
4(3199 3289 10579 10489)
4(3288 10578 10579 3289)
4(3200 3290 10580 10490)
4(3289 10579 10580 3290)
4(3201 3291 10581 10491)
4(3290 10580 10581 3291)
4(3202 3292 10582 10492)
4(3291 10581 10582 3292)
4(3203 3293 10583 10493)
4(3292 10582 10583 3293)
4(3204 3294 10584 10494)
4(3293 10583 10584 3294)
4(3205 3295 10585 10495)
4(3294 10584 10585 3295)
4(3206 3296 10586 10496)
4(3295 10585 10586 3296)
4(3207 3297 10587 10497)
4(3296 10586 10587 3297)
4(3208 3298 10588 10498)
4(3297 10587 10588 3298)
4(3209 3299 10589 10499)
4(3298 10588 10589 3299)
4(3210 3300 10590 10500)
4(3299 10589 10590 3300)
4(3211 3301 10591 10501)
4(3300 10590 10591 3301)
4(3212 3302 10592 10502)
4(3301 10591 10592 3302)
4(3213 3303 10593 10503)
4(3302 10592 10593 3303)
4(3214 3304 10594 10504)
4(3303 10593 10594 3304)
4(3215 3305 10595 10505)
4(3304 10594 10595 3305)
4(3216 3306 10596 10506)
4(3305 10595 10596 3306)
4(3217 3307 10597 10507)
4(3306 10596 10597 3307)
4(3218 3308 10598 10508)
4(3307 10597 10598 3308)
4(3219 3309 10599 10509)
4(3308 10598 10599 3309)
4(3220 3310 10600 10510)
4(3309 10599 10600 3310)
4(3310 10600 10601 3311)
4(3222 3312 10602 10512)
4(143 1439 10602 3312)
4(3223 3313 10603 10513)
4(3312 10602 10603 3313)
4(3224 3314 10604 10514)
4(3313 10603 10604 3314)
4(3225 3315 10605 10515)
4(3314 10604 10605 3315)
4(3226 3316 10606 10516)
4(3315 10605 10606 3316)
4(3227 3317 10607 10517)
4(3316 10606 10607 3317)
4(3228 3318 10608 10518)
4(3317 10607 10608 3318)
4(3229 3319 10609 10519)
4(3318 10608 10609 3319)
4(3230 3320 10610 10520)
4(3319 10609 10610 3320)
4(3231 3321 10611 10521)
4(3320 10610 10611 3321)
4(3232 3322 10612 10522)
4(3321 10611 10612 3322)
4(3233 3323 10613 10523)
4(3322 10612 10613 3323)
4(3234 3324 10614 10524)
4(3323 10613 10614 3324)
4(3235 3325 10615 10525)
4(3324 10614 10615 3325)
4(3236 3326 10616 10526)
4(3325 10615 10616 3326)
4(3237 3327 10617 10527)
4(3326 10616 10617 3327)
4(3238 3328 10618 10528)
4(3327 10617 10618 3328)
4(3239 3329 10619 10529)
4(3328 10618 10619 3329)
4(3240 3330 10620 10530)
4(3329 10619 10620 3330)
4(3241 3331 10621 10531)
4(3330 10620 10621 3331)
4(3242 3332 10622 10532)
4(3331 10621 10622 3332)
4(3243 3333 10623 10533)
4(3332 10622 10623 3333)
4(3244 3334 10624 10534)
4(3333 10623 10624 3334)
4(3245 3335 10625 10535)
4(3334 10624 10625 3335)
4(3246 3336 10626 10536)
4(3335 10625 10626 3336)
4(3247 3337 10627 10537)
4(3336 10626 10627 3337)
4(3248 3338 10628 10538)
4(3337 10627 10628 3338)
4(3249 3339 10629 10539)
4(3338 10628 10629 3339)
4(3250 3340 10630 10540)
4(3339 10629 10630 3340)
4(3251 3341 10631 10541)
4(3340 10630 10631 3341)
4(3252 3342 10632 10542)
4(3341 10631 10632 3342)
4(3253 3343 10633 10543)
4(3342 10632 10633 3343)
4(3254 3344 10634 10544)
4(3343 10633 10634 3344)
4(3255 3345 10635 10545)
4(3344 10634 10635 3345)
4(3256 3346 10636 10546)
4(3345 10635 10636 3346)
4(3257 3347 10637 10547)
4(3346 10636 10637 3347)
4(3258 3348 10638 10548)
4(3347 10637 10638 3348)
4(3259 3349 10639 10549)
4(3348 10638 10639 3349)
4(3260 3350 10640 10550)
4(3349 10639 10640 3350)
4(3261 3351 10641 10551)
4(3350 10640 10641 3351)
4(3262 3352 10642 10552)
4(3351 10641 10642 3352)
4(3263 3353 10643 10553)
4(3352 10642 10643 3353)
4(3264 3354 10644 10554)
4(3353 10643 10644 3354)
4(3265 3355 10645 10555)
4(3354 10644 10645 3355)
4(3266 3356 10646 10556)
4(3355 10645 10646 3356)
4(3267 3357 10647 10557)
4(3356 10646 10647 3357)
4(3268 3358 10648 10558)
4(3357 10647 10648 3358)
4(3269 3359 10649 10559)
4(3358 10648 10649 3359)
4(3270 3360 10650 10560)
4(3359 10649 10650 3360)
4(3271 3361 10651 10561)
4(3360 10650 10651 3361)
4(3272 3362 10652 10562)
4(3361 10651 10652 3362)
4(3273 3363 10653 10563)
4(3362 10652 10653 3363)
4(3274 3364 10654 10564)
4(3363 10653 10654 3364)
4(3275 3365 10655 10565)
4(3364 10654 10655 3365)
4(3276 3366 10656 10566)
4(3365 10655 10656 3366)
4(3277 3367 10657 10567)
4(3366 10656 10657 3367)
4(3278 3368 10658 10568)
4(3367 10657 10658 3368)
4(3279 3369 10659 10569)
4(3368 10658 10659 3369)
4(3280 3370 10660 10570)
4(3369 10659 10660 3370)
4(3281 3371 10661 10571)
4(3370 10660 10661 3371)
4(3282 3372 10662 10572)
4(3371 10661 10662 3372)
4(3283 3373 10663 10573)
4(3372 10662 10663 3373)
4(3284 3374 10664 10574)
4(3373 10663 10664 3374)
4(3285 3375 10665 10575)
4(3374 10664 10665 3375)
4(3286 3376 10666 10576)
4(3375 10665 10666 3376)
4(3287 3377 10667 10577)
4(3376 10666 10667 3377)
4(3288 3378 10668 10578)
4(3377 10667 10668 3378)
4(3289 3379 10669 10579)
4(3378 10668 10669 3379)
4(3290 3380 10670 10580)
4(3379 10669 10670 3380)
4(3291 3381 10671 10581)
4(3380 10670 10671 3381)
4(3292 3382 10672 10582)
4(3381 10671 10672 3382)
4(3293 3383 10673 10583)
4(3382 10672 10673 3383)
4(3294 3384 10674 10584)
4(3383 10673 10674 3384)
4(3295 3385 10675 10585)
4(3384 10674 10675 3385)
4(3296 3386 10676 10586)
4(3385 10675 10676 3386)
4(3297 3387 10677 10587)
4(3386 10676 10677 3387)
4(3298 3388 10678 10588)
4(3387 10677 10678 3388)
4(3299 3389 10679 10589)
4(3388 10678 10679 3389)
4(3300 3390 10680 10590)
4(3389 10679 10680 3390)
4(3301 3391 10681 10591)
4(3390 10680 10681 3391)
4(3302 3392 10682 10592)
4(3391 10681 10682 3392)
4(3303 3393 10683 10593)
4(3392 10682 10683 3393)
4(3304 3394 10684 10594)
4(3393 10683 10684 3394)
4(3305 3395 10685 10595)
4(3394 10684 10685 3395)
4(3306 3396 10686 10596)
4(3395 10685 10686 3396)
4(3307 3397 10687 10597)
4(3396 10686 10687 3397)
4(3308 3398 10688 10598)
4(3397 10687 10688 3398)
4(3309 3399 10689 10599)
4(3398 10688 10689 3399)
4(3310 3400 10690 10600)
4(3399 10689 10690 3400)
4(3400 10690 10691 3401)
4(3312 3402 10692 10602)
4(159 1455 10692 3402)
4(3313 3403 10693 10603)
4(3402 10692 10693 3403)
4(3314 3404 10694 10604)
4(3403 10693 10694 3404)
4(3315 3405 10695 10605)
4(3404 10694 10695 3405)
4(3316 3406 10696 10606)
4(3405 10695 10696 3406)
4(3317 3407 10697 10607)
4(3406 10696 10697 3407)
4(3318 3408 10698 10608)
4(3407 10697 10698 3408)
4(3319 3409 10699 10609)
4(3408 10698 10699 3409)
4(3320 3410 10700 10610)
4(3409 10699 10700 3410)
4(3321 3411 10701 10611)
4(3410 10700 10701 3411)
4(3322 3412 10702 10612)
4(3411 10701 10702 3412)
4(3323 3413 10703 10613)
4(3412 10702 10703 3413)
4(3324 3414 10704 10614)
4(3413 10703 10704 3414)
4(3325 3415 10705 10615)
4(3414 10704 10705 3415)
4(3326 3416 10706 10616)
4(3415 10705 10706 3416)
4(3327 3417 10707 10617)
4(3416 10706 10707 3417)
4(3328 3418 10708 10618)
4(3417 10707 10708 3418)
4(3329 3419 10709 10619)
4(3418 10708 10709 3419)
4(3330 3420 10710 10620)
4(3419 10709 10710 3420)
4(3331 3421 10711 10621)
4(3420 10710 10711 3421)
4(3332 3422 10712 10622)
4(3421 10711 10712 3422)
4(3333 3423 10713 10623)
4(3422 10712 10713 3423)
4(3334 3424 10714 10624)
4(3423 10713 10714 3424)
4(3335 3425 10715 10625)
4(3424 10714 10715 3425)
4(3336 3426 10716 10626)
4(3425 10715 10716 3426)
4(3337 3427 10717 10627)
4(3426 10716 10717 3427)
4(3338 3428 10718 10628)
4(3427 10717 10718 3428)
4(3339 3429 10719 10629)
4(3428 10718 10719 3429)
4(3340 3430 10720 10630)
4(3429 10719 10720 3430)
4(3341 3431 10721 10631)
4(3430 10720 10721 3431)
4(3342 3432 10722 10632)
4(3431 10721 10722 3432)
4(3343 3433 10723 10633)
4(3432 10722 10723 3433)
4(3344 3434 10724 10634)
4(3433 10723 10724 3434)
4(3345 3435 10725 10635)
4(3434 10724 10725 3435)
4(3346 3436 10726 10636)
4(3435 10725 10726 3436)
4(3347 3437 10727 10637)
4(3436 10726 10727 3437)
4(3348 3438 10728 10638)
4(3437 10727 10728 3438)
4(3349 3439 10729 10639)
4(3438 10728 10729 3439)
4(3350 3440 10730 10640)
4(3439 10729 10730 3440)
4(3351 3441 10731 10641)
4(3440 10730 10731 3441)
4(3352 3442 10732 10642)
4(3441 10731 10732 3442)
4(3353 3443 10733 10643)
4(3442 10732 10733 3443)
4(3354 3444 10734 10644)
4(3443 10733 10734 3444)
4(3355 3445 10735 10645)
4(3444 10734 10735 3445)
4(3356 3446 10736 10646)
4(3445 10735 10736 3446)
4(3357 3447 10737 10647)
4(3446 10736 10737 3447)
4(3358 3448 10738 10648)
4(3447 10737 10738 3448)
4(3359 3449 10739 10649)
4(3448 10738 10739 3449)
4(3360 3450 10740 10650)
4(3449 10739 10740 3450)
4(3361 3451 10741 10651)
4(3450 10740 10741 3451)
4(3362 3452 10742 10652)
4(3451 10741 10742 3452)
4(3363 3453 10743 10653)
4(3452 10742 10743 3453)
4(3364 3454 10744 10654)
4(3453 10743 10744 3454)
4(3365 3455 10745 10655)
4(3454 10744 10745 3455)
4(3366 3456 10746 10656)
4(3455 10745 10746 3456)
4(3367 3457 10747 10657)
4(3456 10746 10747 3457)
4(3368 3458 10748 10658)
4(3457 10747 10748 3458)
4(3369 3459 10749 10659)
4(3458 10748 10749 3459)
4(3370 3460 10750 10660)
4(3459 10749 10750 3460)
4(3371 3461 10751 10661)
4(3460 10750 10751 3461)
4(3372 3462 10752 10662)
4(3461 10751 10752 3462)
4(3373 3463 10753 10663)
4(3462 10752 10753 3463)
4(3374 3464 10754 10664)
4(3463 10753 10754 3464)
4(3375 3465 10755 10665)
4(3464 10754 10755 3465)
4(3376 3466 10756 10666)
4(3465 10755 10756 3466)
4(3377 3467 10757 10667)
4(3466 10756 10757 3467)
4(3378 3468 10758 10668)
4(3467 10757 10758 3468)
4(3379 3469 10759 10669)
4(3468 10758 10759 3469)
4(3380 3470 10760 10670)
4(3469 10759 10760 3470)
4(3381 3471 10761 10671)
4(3470 10760 10761 3471)
4(3382 3472 10762 10672)
4(3471 10761 10762 3472)
4(3383 3473 10763 10673)
4(3472 10762 10763 3473)
4(3384 3474 10764 10674)
4(3473 10763 10764 3474)
4(3385 3475 10765 10675)
4(3474 10764 10765 3475)
4(3386 3476 10766 10676)
4(3475 10765 10766 3476)
4(3387 3477 10767 10677)
4(3476 10766 10767 3477)
4(3388 3478 10768 10678)
4(3477 10767 10768 3478)
4(3389 3479 10769 10679)
4(3478 10768 10769 3479)
4(3390 3480 10770 10680)
4(3479 10769 10770 3480)
4(3391 3481 10771 10681)
4(3480 10770 10771 3481)
4(3392 3482 10772 10682)
4(3481 10771 10772 3482)
4(3393 3483 10773 10683)
4(3482 10772 10773 3483)
4(3394 3484 10774 10684)
4(3483 10773 10774 3484)
4(3395 3485 10775 10685)
4(3484 10774 10775 3485)
4(3396 3486 10776 10686)
4(3485 10775 10776 3486)
4(3397 3487 10777 10687)
4(3486 10776 10777 3487)
4(3398 3488 10778 10688)
4(3487 10777 10778 3488)
4(3399 3489 10779 10689)
4(3488 10778 10779 3489)
4(3400 3490 10780 10690)
4(3489 10779 10780 3490)
4(3490 10780 10781 3491)
4(3402 3492 10782 10692)
4(175 1471 10782 3492)
4(3403 3493 10783 10693)
4(3492 10782 10783 3493)
4(3404 3494 10784 10694)
4(3493 10783 10784 3494)
4(3405 3495 10785 10695)
4(3494 10784 10785 3495)
4(3406 3496 10786 10696)
4(3495 10785 10786 3496)
4(3407 3497 10787 10697)
4(3496 10786 10787 3497)
4(3408 3498 10788 10698)
4(3497 10787 10788 3498)
4(3409 3499 10789 10699)
4(3498 10788 10789 3499)
4(3410 3500 10790 10700)
4(3499 10789 10790 3500)
4(3411 3501 10791 10701)
4(3500 10790 10791 3501)
4(3412 3502 10792 10702)
4(3501 10791 10792 3502)
4(3413 3503 10793 10703)
4(3502 10792 10793 3503)
4(3414 3504 10794 10704)
4(3503 10793 10794 3504)
4(3415 3505 10795 10705)
4(3504 10794 10795 3505)
4(3416 3506 10796 10706)
4(3505 10795 10796 3506)
4(3417 3507 10797 10707)
4(3506 10796 10797 3507)
4(3418 3508 10798 10708)
4(3507 10797 10798 3508)
4(3419 3509 10799 10709)
4(3508 10798 10799 3509)
4(3420 3510 10800 10710)
4(3509 10799 10800 3510)
4(3421 3511 10801 10711)
4(3510 10800 10801 3511)
4(3422 3512 10802 10712)
4(3511 10801 10802 3512)
4(3423 3513 10803 10713)
4(3512 10802 10803 3513)
4(3424 3514 10804 10714)
4(3513 10803 10804 3514)
4(3425 3515 10805 10715)
4(3514 10804 10805 3515)
4(3426 3516 10806 10716)
4(3515 10805 10806 3516)
4(3427 3517 10807 10717)
4(3516 10806 10807 3517)
4(3428 3518 10808 10718)
4(3517 10807 10808 3518)
4(3429 3519 10809 10719)
4(3518 10808 10809 3519)
4(3430 3520 10810 10720)
4(3519 10809 10810 3520)
4(3431 3521 10811 10721)
4(3520 10810 10811 3521)
4(3432 3522 10812 10722)
4(3521 10811 10812 3522)
4(3433 3523 10813 10723)
4(3522 10812 10813 3523)
4(3434 3524 10814 10724)
4(3523 10813 10814 3524)
4(3435 3525 10815 10725)
4(3524 10814 10815 3525)
4(3436 3526 10816 10726)
4(3525 10815 10816 3526)
4(3437 3527 10817 10727)
4(3526 10816 10817 3527)
4(3438 3528 10818 10728)
4(3527 10817 10818 3528)
4(3439 3529 10819 10729)
4(3528 10818 10819 3529)
4(3440 3530 10820 10730)
4(3529 10819 10820 3530)
4(3441 3531 10821 10731)
4(3530 10820 10821 3531)
4(3442 3532 10822 10732)
4(3531 10821 10822 3532)
4(3443 3533 10823 10733)
4(3532 10822 10823 3533)
4(3444 3534 10824 10734)
4(3533 10823 10824 3534)
4(3445 3535 10825 10735)
4(3534 10824 10825 3535)
4(3446 3536 10826 10736)
4(3535 10825 10826 3536)
4(3447 3537 10827 10737)
4(3536 10826 10827 3537)
4(3448 3538 10828 10738)
4(3537 10827 10828 3538)
4(3449 3539 10829 10739)
4(3538 10828 10829 3539)
4(3450 3540 10830 10740)
4(3539 10829 10830 3540)
4(3451 3541 10831 10741)
4(3540 10830 10831 3541)
4(3452 3542 10832 10742)
4(3541 10831 10832 3542)
4(3453 3543 10833 10743)
4(3542 10832 10833 3543)
4(3454 3544 10834 10744)
4(3543 10833 10834 3544)
4(3455 3545 10835 10745)
4(3544 10834 10835 3545)
4(3456 3546 10836 10746)
4(3545 10835 10836 3546)
4(3457 3547 10837 10747)
4(3546 10836 10837 3547)
4(3458 3548 10838 10748)
4(3547 10837 10838 3548)
4(3459 3549 10839 10749)
4(3548 10838 10839 3549)
4(3460 3550 10840 10750)
4(3549 10839 10840 3550)
4(3461 3551 10841 10751)
4(3550 10840 10841 3551)
4(3462 3552 10842 10752)
4(3551 10841 10842 3552)
4(3463 3553 10843 10753)
4(3552 10842 10843 3553)
4(3464 3554 10844 10754)
4(3553 10843 10844 3554)
4(3465 3555 10845 10755)
4(3554 10844 10845 3555)
4(3466 3556 10846 10756)
4(3555 10845 10846 3556)
4(3467 3557 10847 10757)
4(3556 10846 10847 3557)
4(3468 3558 10848 10758)
4(3557 10847 10848 3558)
4(3469 3559 10849 10759)
4(3558 10848 10849 3559)
4(3470 3560 10850 10760)
4(3559 10849 10850 3560)
4(3471 3561 10851 10761)
4(3560 10850 10851 3561)
4(3472 3562 10852 10762)
4(3561 10851 10852 3562)
4(3473 3563 10853 10763)
4(3562 10852 10853 3563)
4(3474 3564 10854 10764)
4(3563 10853 10854 3564)
4(3475 3565 10855 10765)
4(3564 10854 10855 3565)
4(3476 3566 10856 10766)
4(3565 10855 10856 3566)
4(3477 3567 10857 10767)
4(3566 10856 10857 3567)
4(3478 3568 10858 10768)
4(3567 10857 10858 3568)
4(3479 3569 10859 10769)
4(3568 10858 10859 3569)
4(3480 3570 10860 10770)
4(3569 10859 10860 3570)
4(3481 3571 10861 10771)
4(3570 10860 10861 3571)
4(3482 3572 10862 10772)
4(3571 10861 10862 3572)
4(3483 3573 10863 10773)
4(3572 10862 10863 3573)
4(3484 3574 10864 10774)
4(3573 10863 10864 3574)
4(3485 3575 10865 10775)
4(3574 10864 10865 3575)
4(3486 3576 10866 10776)
4(3575 10865 10866 3576)
4(3487 3577 10867 10777)
4(3576 10866 10867 3577)
4(3488 3578 10868 10778)
4(3577 10867 10868 3578)
4(3489 3579 10869 10779)
4(3578 10868 10869 3579)
4(3490 3580 10870 10780)
4(3579 10869 10870 3580)
4(3580 10870 10871 3581)
4(3492 3582 10872 10782)
4(191 1487 10872 3582)
4(3493 3583 10873 10783)
4(3582 10872 10873 3583)
4(3494 3584 10874 10784)
4(3583 10873 10874 3584)
4(3495 3585 10875 10785)
4(3584 10874 10875 3585)
4(3496 3586 10876 10786)
4(3585 10875 10876 3586)
4(3497 3587 10877 10787)
4(3586 10876 10877 3587)
4(3498 3588 10878 10788)
4(3587 10877 10878 3588)
4(3499 3589 10879 10789)
4(3588 10878 10879 3589)
4(3500 3590 10880 10790)
4(3589 10879 10880 3590)
4(3501 3591 10881 10791)
4(3590 10880 10881 3591)
4(3502 3592 10882 10792)
4(3591 10881 10882 3592)
4(3503 3593 10883 10793)
4(3592 10882 10883 3593)
4(3504 3594 10884 10794)
4(3593 10883 10884 3594)
4(3505 3595 10885 10795)
4(3594 10884 10885 3595)
4(3506 3596 10886 10796)
4(3595 10885 10886 3596)
4(3507 3597 10887 10797)
4(3596 10886 10887 3597)
4(3508 3598 10888 10798)
4(3597 10887 10888 3598)
4(3509 3599 10889 10799)
4(3598 10888 10889 3599)
4(3510 3600 10890 10800)
4(3599 10889 10890 3600)
4(3511 3601 10891 10801)
4(3600 10890 10891 3601)
4(3512 3602 10892 10802)
4(3601 10891 10892 3602)
4(3513 3603 10893 10803)
4(3602 10892 10893 3603)
4(3514 3604 10894 10804)
4(3603 10893 10894 3604)
4(3515 3605 10895 10805)
4(3604 10894 10895 3605)
4(3516 3606 10896 10806)
4(3605 10895 10896 3606)
4(3517 3607 10897 10807)
4(3606 10896 10897 3607)
4(3518 3608 10898 10808)
4(3607 10897 10898 3608)
4(3519 3609 10899 10809)
4(3608 10898 10899 3609)
4(3520 3610 10900 10810)
4(3609 10899 10900 3610)
4(3521 3611 10901 10811)
4(3610 10900 10901 3611)
4(3522 3612 10902 10812)
4(3611 10901 10902 3612)
4(3523 3613 10903 10813)
4(3612 10902 10903 3613)
4(3524 3614 10904 10814)
4(3613 10903 10904 3614)
4(3525 3615 10905 10815)
4(3614 10904 10905 3615)
4(3526 3616 10906 10816)
4(3615 10905 10906 3616)
4(3527 3617 10907 10817)
4(3616 10906 10907 3617)
4(3528 3618 10908 10818)
4(3617 10907 10908 3618)
4(3529 3619 10909 10819)
4(3618 10908 10909 3619)
4(3530 3620 10910 10820)
4(3619 10909 10910 3620)
4(3531 3621 10911 10821)
4(3620 10910 10911 3621)
4(3532 3622 10912 10822)
4(3621 10911 10912 3622)
4(3533 3623 10913 10823)
4(3622 10912 10913 3623)
4(3534 3624 10914 10824)
4(3623 10913 10914 3624)
4(3535 3625 10915 10825)
4(3624 10914 10915 3625)
4(3536 3626 10916 10826)
4(3625 10915 10916 3626)
4(3537 3627 10917 10827)
4(3626 10916 10917 3627)
4(3538 3628 10918 10828)
4(3627 10917 10918 3628)
4(3539 3629 10919 10829)
4(3628 10918 10919 3629)
4(3540 3630 10920 10830)
4(3629 10919 10920 3630)
4(3541 3631 10921 10831)
4(3630 10920 10921 3631)
4(3542 3632 10922 10832)
4(3631 10921 10922 3632)
4(3543 3633 10923 10833)
4(3632 10922 10923 3633)
4(3544 3634 10924 10834)
4(3633 10923 10924 3634)
4(3545 3635 10925 10835)
4(3634 10924 10925 3635)
4(3546 3636 10926 10836)
4(3635 10925 10926 3636)
4(3547 3637 10927 10837)
4(3636 10926 10927 3637)
4(3548 3638 10928 10838)
4(3637 10927 10928 3638)
4(3549 3639 10929 10839)
4(3638 10928 10929 3639)
4(3550 3640 10930 10840)
4(3639 10929 10930 3640)
4(3551 3641 10931 10841)
4(3640 10930 10931 3641)
4(3552 3642 10932 10842)
4(3641 10931 10932 3642)
4(3553 3643 10933 10843)
4(3642 10932 10933 3643)
4(3554 3644 10934 10844)
4(3643 10933 10934 3644)
4(3555 3645 10935 10845)
4(3644 10934 10935 3645)
4(3556 3646 10936 10846)
4(3645 10935 10936 3646)
4(3557 3647 10937 10847)
4(3646 10936 10937 3647)
4(3558 3648 10938 10848)
4(3647 10937 10938 3648)
4(3559 3649 10939 10849)
4(3648 10938 10939 3649)
4(3560 3650 10940 10850)
4(3649 10939 10940 3650)
4(3561 3651 10941 10851)
4(3650 10940 10941 3651)
4(3562 3652 10942 10852)
4(3651 10941 10942 3652)
4(3563 3653 10943 10853)
4(3652 10942 10943 3653)
4(3564 3654 10944 10854)
4(3653 10943 10944 3654)
4(3565 3655 10945 10855)
4(3654 10944 10945 3655)
4(3566 3656 10946 10856)
4(3655 10945 10946 3656)
4(3567 3657 10947 10857)
4(3656 10946 10947 3657)
4(3568 3658 10948 10858)
4(3657 10947 10948 3658)
4(3569 3659 10949 10859)
4(3658 10948 10949 3659)
4(3570 3660 10950 10860)
4(3659 10949 10950 3660)
4(3571 3661 10951 10861)
4(3660 10950 10951 3661)
4(3572 3662 10952 10862)
4(3661 10951 10952 3662)
4(3573 3663 10953 10863)
4(3662 10952 10953 3663)
4(3574 3664 10954 10864)
4(3663 10953 10954 3664)
4(3575 3665 10955 10865)
4(3664 10954 10955 3665)
4(3576 3666 10956 10866)
4(3665 10955 10956 3666)
4(3577 3667 10957 10867)
4(3666 10956 10957 3667)
4(3578 3668 10958 10868)
4(3667 10957 10958 3668)
4(3579 3669 10959 10869)
4(3668 10958 10959 3669)
4(3580 3670 10960 10870)
4(3669 10959 10960 3670)
4(3670 10960 10961 3671)
4(3582 3672 10962 10872)
4(207 1503 10962 3672)
4(3583 3673 10963 10873)
4(3672 10962 10963 3673)
4(3584 3674 10964 10874)
4(3673 10963 10964 3674)
4(3585 3675 10965 10875)
4(3674 10964 10965 3675)
4(3586 3676 10966 10876)
4(3675 10965 10966 3676)
4(3587 3677 10967 10877)
4(3676 10966 10967 3677)
4(3588 3678 10968 10878)
4(3677 10967 10968 3678)
4(3589 3679 10969 10879)
4(3678 10968 10969 3679)
4(3590 3680 10970 10880)
4(3679 10969 10970 3680)
4(3591 3681 10971 10881)
4(3680 10970 10971 3681)
4(3592 3682 10972 10882)
4(3681 10971 10972 3682)
4(3593 3683 10973 10883)
4(3682 10972 10973 3683)
4(3594 3684 10974 10884)
4(3683 10973 10974 3684)
4(3595 3685 10975 10885)
4(3684 10974 10975 3685)
4(3596 3686 10976 10886)
4(3685 10975 10976 3686)
4(3597 3687 10977 10887)
4(3686 10976 10977 3687)
4(3598 3688 10978 10888)
4(3687 10977 10978 3688)
4(3599 3689 10979 10889)
4(3688 10978 10979 3689)
4(3600 3690 10980 10890)
4(3689 10979 10980 3690)
4(3601 3691 10981 10891)
4(3690 10980 10981 3691)
4(3602 3692 10982 10892)
4(3691 10981 10982 3692)
4(3603 3693 10983 10893)
4(3692 10982 10983 3693)
4(3604 3694 10984 10894)
4(3693 10983 10984 3694)
4(3605 3695 10985 10895)
4(3694 10984 10985 3695)
4(3606 3696 10986 10896)
4(3695 10985 10986 3696)
4(3607 3697 10987 10897)
4(3696 10986 10987 3697)
4(3608 3698 10988 10898)
4(3697 10987 10988 3698)
4(3609 3699 10989 10899)
4(3698 10988 10989 3699)
4(3610 3700 10990 10900)
4(3699 10989 10990 3700)
4(3611 3701 10991 10901)
4(3700 10990 10991 3701)
4(3612 3702 10992 10902)
4(3701 10991 10992 3702)
4(3613 3703 10993 10903)
4(3702 10992 10993 3703)
4(3614 3704 10994 10904)
4(3703 10993 10994 3704)
4(3615 3705 10995 10905)
4(3704 10994 10995 3705)
4(3616 3706 10996 10906)
4(3705 10995 10996 3706)
4(3617 3707 10997 10907)
4(3706 10996 10997 3707)
4(3618 3708 10998 10908)
4(3707 10997 10998 3708)
4(3619 3709 10999 10909)
4(3708 10998 10999 3709)
4(3620 3710 11000 10910)
4(3709 10999 11000 3710)
4(3621 3711 11001 10911)
4(3710 11000 11001 3711)
4(3622 3712 11002 10912)
4(3711 11001 11002 3712)
4(3623 3713 11003 10913)
4(3712 11002 11003 3713)
4(3624 3714 11004 10914)
4(3713 11003 11004 3714)
4(3625 3715 11005 10915)
4(3714 11004 11005 3715)
4(3626 3716 11006 10916)
4(3715 11005 11006 3716)
4(3627 3717 11007 10917)
4(3716 11006 11007 3717)
4(3628 3718 11008 10918)
4(3717 11007 11008 3718)
4(3629 3719 11009 10919)
4(3718 11008 11009 3719)
4(3630 3720 11010 10920)
4(3719 11009 11010 3720)
4(3631 3721 11011 10921)
4(3720 11010 11011 3721)
4(3632 3722 11012 10922)
4(3721 11011 11012 3722)
4(3633 3723 11013 10923)
4(3722 11012 11013 3723)
4(3634 3724 11014 10924)
4(3723 11013 11014 3724)
4(3635 3725 11015 10925)
4(3724 11014 11015 3725)
4(3636 3726 11016 10926)
4(3725 11015 11016 3726)
4(3637 3727 11017 10927)
4(3726 11016 11017 3727)
4(3638 3728 11018 10928)
4(3727 11017 11018 3728)
4(3639 3729 11019 10929)
4(3728 11018 11019 3729)
4(3640 3730 11020 10930)
4(3729 11019 11020 3730)
4(3641 3731 11021 10931)
4(3730 11020 11021 3731)
4(3642 3732 11022 10932)
4(3731 11021 11022 3732)
4(3643 3733 11023 10933)
4(3732 11022 11023 3733)
4(3644 3734 11024 10934)
4(3733 11023 11024 3734)
4(3645 3735 11025 10935)
4(3734 11024 11025 3735)
4(3646 3736 11026 10936)
4(3735 11025 11026 3736)
4(3647 3737 11027 10937)
4(3736 11026 11027 3737)
4(3648 3738 11028 10938)
4(3737 11027 11028 3738)
4(3649 3739 11029 10939)
4(3738 11028 11029 3739)
4(3650 3740 11030 10940)
4(3739 11029 11030 3740)
4(3651 3741 11031 10941)
4(3740 11030 11031 3741)
4(3652 3742 11032 10942)
4(3741 11031 11032 3742)
4(3653 3743 11033 10943)
4(3742 11032 11033 3743)
4(3654 3744 11034 10944)
4(3743 11033 11034 3744)
4(3655 3745 11035 10945)
4(3744 11034 11035 3745)
4(3656 3746 11036 10946)
4(3745 11035 11036 3746)
4(3657 3747 11037 10947)
4(3746 11036 11037 3747)
4(3658 3748 11038 10948)
4(3747 11037 11038 3748)
4(3659 3749 11039 10949)
4(3748 11038 11039 3749)
4(3660 3750 11040 10950)
4(3749 11039 11040 3750)
4(3661 3751 11041 10951)
4(3750 11040 11041 3751)
4(3662 3752 11042 10952)
4(3751 11041 11042 3752)
4(3663 3753 11043 10953)
4(3752 11042 11043 3753)
4(3664 3754 11044 10954)
4(3753 11043 11044 3754)
4(3665 3755 11045 10955)
4(3754 11044 11045 3755)
4(3666 3756 11046 10956)
4(3755 11045 11046 3756)
4(3667 3757 11047 10957)
4(3756 11046 11047 3757)
4(3668 3758 11048 10958)
4(3757 11047 11048 3758)
4(3669 3759 11049 10959)
4(3758 11048 11049 3759)
4(3670 3760 11050 10960)
4(3759 11049 11050 3760)
4(3760 11050 11051 3761)
4(3672 3762 11052 10962)
4(223 1519 11052 3762)
4(3673 3763 11053 10963)
4(3762 11052 11053 3763)
4(3674 3764 11054 10964)
4(3763 11053 11054 3764)
4(3675 3765 11055 10965)
4(3764 11054 11055 3765)
4(3676 3766 11056 10966)
4(3765 11055 11056 3766)
4(3677 3767 11057 10967)
4(3766 11056 11057 3767)
4(3678 3768 11058 10968)
4(3767 11057 11058 3768)
4(3679 3769 11059 10969)
4(3768 11058 11059 3769)
4(3680 3770 11060 10970)
4(3769 11059 11060 3770)
4(3681 3771 11061 10971)
4(3770 11060 11061 3771)
4(3682 3772 11062 10972)
4(3771 11061 11062 3772)
4(3683 3773 11063 10973)
4(3772 11062 11063 3773)
4(3684 3774 11064 10974)
4(3773 11063 11064 3774)
4(3685 3775 11065 10975)
4(3774 11064 11065 3775)
4(3686 3776 11066 10976)
4(3775 11065 11066 3776)
4(3687 3777 11067 10977)
4(3776 11066 11067 3777)
4(3688 3778 11068 10978)
4(3777 11067 11068 3778)
4(3689 3779 11069 10979)
4(3778 11068 11069 3779)
4(3690 3780 11070 10980)
4(3779 11069 11070 3780)
4(3691 3781 11071 10981)
4(3780 11070 11071 3781)
4(3692 3782 11072 10982)
4(3781 11071 11072 3782)
4(3693 3783 11073 10983)
4(3782 11072 11073 3783)
4(3694 3784 11074 10984)
4(3783 11073 11074 3784)
4(3695 3785 11075 10985)
4(3784 11074 11075 3785)
4(3696 3786 11076 10986)
4(3785 11075 11076 3786)
4(3697 3787 11077 10987)
4(3786 11076 11077 3787)
4(3698 3788 11078 10988)
4(3787 11077 11078 3788)
4(3699 3789 11079 10989)
4(3788 11078 11079 3789)
4(3700 3790 11080 10990)
4(3789 11079 11080 3790)
4(3701 3791 11081 10991)
4(3790 11080 11081 3791)
4(3702 3792 11082 10992)
4(3791 11081 11082 3792)
4(3703 3793 11083 10993)
4(3792 11082 11083 3793)
4(3704 3794 11084 10994)
4(3793 11083 11084 3794)
4(3705 3795 11085 10995)
4(3794 11084 11085 3795)
4(3706 3796 11086 10996)
4(3795 11085 11086 3796)
4(3707 3797 11087 10997)
4(3796 11086 11087 3797)
4(3708 3798 11088 10998)
4(3797 11087 11088 3798)
4(3709 3799 11089 10999)
4(3798 11088 11089 3799)
4(3710 3800 11090 11000)
4(3799 11089 11090 3800)
4(3711 3801 11091 11001)
4(3800 11090 11091 3801)
4(3712 3802 11092 11002)
4(3801 11091 11092 3802)
4(3713 3803 11093 11003)
4(3802 11092 11093 3803)
4(3714 3804 11094 11004)
4(3803 11093 11094 3804)
4(3715 3805 11095 11005)
4(3804 11094 11095 3805)
4(3716 3806 11096 11006)
4(3805 11095 11096 3806)
4(3717 3807 11097 11007)
4(3806 11096 11097 3807)
4(3718 3808 11098 11008)
4(3807 11097 11098 3808)
4(3719 3809 11099 11009)
4(3808 11098 11099 3809)
4(3720 3810 11100 11010)
4(3809 11099 11100 3810)
4(3721 3811 11101 11011)
4(3810 11100 11101 3811)
4(3722 3812 11102 11012)
4(3811 11101 11102 3812)
4(3723 3813 11103 11013)
4(3812 11102 11103 3813)
4(3724 3814 11104 11014)
4(3813 11103 11104 3814)
4(3725 3815 11105 11015)
4(3814 11104 11105 3815)
4(3726 3816 11106 11016)
4(3815 11105 11106 3816)
4(3727 3817 11107 11017)
4(3816 11106 11107 3817)
4(3728 3818 11108 11018)
4(3817 11107 11108 3818)
4(3729 3819 11109 11019)
4(3818 11108 11109 3819)
4(3730 3820 11110 11020)
4(3819 11109 11110 3820)
4(3731 3821 11111 11021)
4(3820 11110 11111 3821)
4(3732 3822 11112 11022)
4(3821 11111 11112 3822)
4(3733 3823 11113 11023)
4(3822 11112 11113 3823)
4(3734 3824 11114 11024)
4(3823 11113 11114 3824)
4(3735 3825 11115 11025)
4(3824 11114 11115 3825)
4(3736 3826 11116 11026)
4(3825 11115 11116 3826)
4(3737 3827 11117 11027)
4(3826 11116 11117 3827)
4(3738 3828 11118 11028)
4(3827 11117 11118 3828)
4(3739 3829 11119 11029)
4(3828 11118 11119 3829)
4(3740 3830 11120 11030)
4(3829 11119 11120 3830)
4(3741 3831 11121 11031)
4(3830 11120 11121 3831)
4(3742 3832 11122 11032)
4(3831 11121 11122 3832)
4(3743 3833 11123 11033)
4(3832 11122 11123 3833)
4(3744 3834 11124 11034)
4(3833 11123 11124 3834)
4(3745 3835 11125 11035)
4(3834 11124 11125 3835)
4(3746 3836 11126 11036)
4(3835 11125 11126 3836)
4(3747 3837 11127 11037)
4(3836 11126 11127 3837)
4(3748 3838 11128 11038)
4(3837 11127 11128 3838)
4(3749 3839 11129 11039)
4(3838 11128 11129 3839)
4(3750 3840 11130 11040)
4(3839 11129 11130 3840)
4(3751 3841 11131 11041)
4(3840 11130 11131 3841)
4(3752 3842 11132 11042)
4(3841 11131 11132 3842)
4(3753 3843 11133 11043)
4(3842 11132 11133 3843)
4(3754 3844 11134 11044)
4(3843 11133 11134 3844)
4(3755 3845 11135 11045)
4(3844 11134 11135 3845)
4(3756 3846 11136 11046)
4(3845 11135 11136 3846)
4(3757 3847 11137 11047)
4(3846 11136 11137 3847)
4(3758 3848 11138 11048)
4(3847 11137 11138 3848)
4(3759 3849 11139 11049)
4(3848 11138 11139 3849)
4(3760 3850 11140 11050)
4(3849 11139 11140 3850)
4(3850 11140 11141 3851)
4(3762 3852 11142 11052)
4(239 1535 11142 3852)
4(3763 3853 11143 11053)
4(3852 11142 11143 3853)
4(3764 3854 11144 11054)
4(3853 11143 11144 3854)
4(3765 3855 11145 11055)
4(3854 11144 11145 3855)
4(3766 3856 11146 11056)
4(3855 11145 11146 3856)
4(3767 3857 11147 11057)
4(3856 11146 11147 3857)
4(3768 3858 11148 11058)
4(3857 11147 11148 3858)
4(3769 3859 11149 11059)
4(3858 11148 11149 3859)
4(3770 3860 11150 11060)
4(3859 11149 11150 3860)
4(3771 3861 11151 11061)
4(3860 11150 11151 3861)
4(3772 3862 11152 11062)
4(3861 11151 11152 3862)
4(3773 3863 11153 11063)
4(3862 11152 11153 3863)
4(3774 3864 11154 11064)
4(3863 11153 11154 3864)
4(3775 3865 11155 11065)
4(3864 11154 11155 3865)
4(3776 3866 11156 11066)
4(3865 11155 11156 3866)
4(3777 3867 11157 11067)
4(3866 11156 11157 3867)
4(3778 3868 11158 11068)
4(3867 11157 11158 3868)
4(3779 3869 11159 11069)
4(3868 11158 11159 3869)
4(3780 3870 11160 11070)
4(3869 11159 11160 3870)
4(3781 3871 11161 11071)
4(3870 11160 11161 3871)
4(3782 3872 11162 11072)
4(3871 11161 11162 3872)
4(3783 3873 11163 11073)
4(3872 11162 11163 3873)
4(3784 3874 11164 11074)
4(3873 11163 11164 3874)
4(3785 3875 11165 11075)
4(3874 11164 11165 3875)
4(3786 3876 11166 11076)
4(3875 11165 11166 3876)
4(3787 3877 11167 11077)
4(3876 11166 11167 3877)
4(3788 3878 11168 11078)
4(3877 11167 11168 3878)
4(3789 3879 11169 11079)
4(3878 11168 11169 3879)
4(3790 3880 11170 11080)
4(3879 11169 11170 3880)
4(3791 3881 11171 11081)
4(3880 11170 11171 3881)
4(3792 3882 11172 11082)
4(3881 11171 11172 3882)
4(3793 3883 11173 11083)
4(3882 11172 11173 3883)
4(3794 3884 11174 11084)
4(3883 11173 11174 3884)
4(3795 3885 11175 11085)
4(3884 11174 11175 3885)
4(3796 3886 11176 11086)
4(3885 11175 11176 3886)
4(3797 3887 11177 11087)
4(3886 11176 11177 3887)
4(3798 3888 11178 11088)
4(3887 11177 11178 3888)
4(3799 3889 11179 11089)
4(3888 11178 11179 3889)
4(3800 3890 11180 11090)
4(3889 11179 11180 3890)
4(3801 3891 11181 11091)
4(3890 11180 11181 3891)
4(3802 3892 11182 11092)
4(3891 11181 11182 3892)
4(3803 3893 11183 11093)
4(3892 11182 11183 3893)
4(3804 3894 11184 11094)
4(3893 11183 11184 3894)
4(3805 3895 11185 11095)
4(3894 11184 11185 3895)
4(3806 3896 11186 11096)
4(3895 11185 11186 3896)
4(3807 3897 11187 11097)
4(3896 11186 11187 3897)
4(3808 3898 11188 11098)
4(3897 11187 11188 3898)
4(3809 3899 11189 11099)
4(3898 11188 11189 3899)
4(3810 3900 11190 11100)
4(3899 11189 11190 3900)
4(3811 3901 11191 11101)
4(3900 11190 11191 3901)
4(3812 3902 11192 11102)
4(3901 11191 11192 3902)
4(3813 3903 11193 11103)
4(3902 11192 11193 3903)
4(3814 3904 11194 11104)
4(3903 11193 11194 3904)
4(3815 3905 11195 11105)
4(3904 11194 11195 3905)
4(3816 3906 11196 11106)
4(3905 11195 11196 3906)
4(3817 3907 11197 11107)
4(3906 11196 11197 3907)
4(3818 3908 11198 11108)
4(3907 11197 11198 3908)
4(3819 3909 11199 11109)
4(3908 11198 11199 3909)
4(3820 3910 11200 11110)
4(3909 11199 11200 3910)
4(3821 3911 11201 11111)
4(3910 11200 11201 3911)
4(3822 3912 11202 11112)
4(3911 11201 11202 3912)
4(3823 3913 11203 11113)
4(3912 11202 11203 3913)
4(3824 3914 11204 11114)
4(3913 11203 11204 3914)
4(3825 3915 11205 11115)
4(3914 11204 11205 3915)
4(3826 3916 11206 11116)
4(3915 11205 11206 3916)
4(3827 3917 11207 11117)
4(3916 11206 11207 3917)
4(3828 3918 11208 11118)
4(3917 11207 11208 3918)
4(3829 3919 11209 11119)
4(3918 11208 11209 3919)
4(3830 3920 11210 11120)
4(3919 11209 11210 3920)
4(3831 3921 11211 11121)
4(3920 11210 11211 3921)
4(3832 3922 11212 11122)
4(3921 11211 11212 3922)
4(3833 3923 11213 11123)
4(3922 11212 11213 3923)
4(3834 3924 11214 11124)
4(3923 11213 11214 3924)
4(3835 3925 11215 11125)
4(3924 11214 11215 3925)
4(3836 3926 11216 11126)
4(3925 11215 11216 3926)
4(3837 3927 11217 11127)
4(3926 11216 11217 3927)
4(3838 3928 11218 11128)
4(3927 11217 11218 3928)
4(3839 3929 11219 11129)
4(3928 11218 11219 3929)
4(3840 3930 11220 11130)
4(3929 11219 11220 3930)
4(3841 3931 11221 11131)
4(3930 11220 11221 3931)
4(3842 3932 11222 11132)
4(3931 11221 11222 3932)
4(3843 3933 11223 11133)
4(3932 11222 11223 3933)
4(3844 3934 11224 11134)
4(3933 11223 11224 3934)
4(3845 3935 11225 11135)
4(3934 11224 11225 3935)
4(3846 3936 11226 11136)
4(3935 11225 11226 3936)
4(3847 3937 11227 11137)
4(3936 11226 11227 3937)
4(3848 3938 11228 11138)
4(3937 11227 11228 3938)
4(3849 3939 11229 11139)
4(3938 11228 11229 3939)
4(3850 3940 11230 11140)
4(3939 11229 11230 3940)
4(3940 11230 11231 3941)
4(3852 3942 11232 11142)
4(255 1551 11232 3942)
4(3853 3943 11233 11143)
4(3942 11232 11233 3943)
4(3854 3944 11234 11144)
4(3943 11233 11234 3944)
4(3855 3945 11235 11145)
4(3944 11234 11235 3945)
4(3856 3946 11236 11146)
4(3945 11235 11236 3946)
4(3857 3947 11237 11147)
4(3946 11236 11237 3947)
4(3858 3948 11238 11148)
4(3947 11237 11238 3948)
4(3859 3949 11239 11149)
4(3948 11238 11239 3949)
4(3860 3950 11240 11150)
4(3949 11239 11240 3950)
4(3861 3951 11241 11151)
4(3950 11240 11241 3951)
4(3862 3952 11242 11152)
4(3951 11241 11242 3952)
4(3863 3953 11243 11153)
4(3952 11242 11243 3953)
4(3864 3954 11244 11154)
4(3953 11243 11244 3954)
4(3865 3955 11245 11155)
4(3954 11244 11245 3955)
4(3866 3956 11246 11156)
4(3955 11245 11246 3956)
4(3867 3957 11247 11157)
4(3956 11246 11247 3957)
4(3868 3958 11248 11158)
4(3957 11247 11248 3958)
4(3869 3959 11249 11159)
4(3958 11248 11249 3959)
4(3870 3960 11250 11160)
4(3959 11249 11250 3960)
4(3871 3961 11251 11161)
4(3960 11250 11251 3961)
4(3872 3962 11252 11162)
4(3961 11251 11252 3962)
4(3873 3963 11253 11163)
4(3962 11252 11253 3963)
4(3874 3964 11254 11164)
4(3963 11253 11254 3964)
4(3875 3965 11255 11165)
4(3964 11254 11255 3965)
4(3876 3966 11256 11166)
4(3965 11255 11256 3966)
4(3877 3967 11257 11167)
4(3966 11256 11257 3967)
4(3878 3968 11258 11168)
4(3967 11257 11258 3968)
4(3879 3969 11259 11169)
4(3968 11258 11259 3969)
4(3880 3970 11260 11170)
4(3969 11259 11260 3970)
4(3881 3971 11261 11171)
4(3970 11260 11261 3971)
4(3882 3972 11262 11172)
4(3971 11261 11262 3972)
4(3883 3973 11263 11173)
4(3972 11262 11263 3973)
4(3884 3974 11264 11174)
4(3973 11263 11264 3974)
4(3885 3975 11265 11175)
4(3974 11264 11265 3975)
4(3886 3976 11266 11176)
4(3975 11265 11266 3976)
4(3887 3977 11267 11177)
4(3976 11266 11267 3977)
4(3888 3978 11268 11178)
4(3977 11267 11268 3978)
4(3889 3979 11269 11179)
4(3978 11268 11269 3979)
4(3890 3980 11270 11180)
4(3979 11269 11270 3980)
4(3891 3981 11271 11181)
4(3980 11270 11271 3981)
4(3892 3982 11272 11182)
4(3981 11271 11272 3982)
4(3893 3983 11273 11183)
4(3982 11272 11273 3983)
4(3894 3984 11274 11184)
4(3983 11273 11274 3984)
4(3895 3985 11275 11185)
4(3984 11274 11275 3985)
4(3896 3986 11276 11186)
4(3985 11275 11276 3986)
4(3897 3987 11277 11187)
4(3986 11276 11277 3987)
4(3898 3988 11278 11188)
4(3987 11277 11278 3988)
4(3899 3989 11279 11189)
4(3988 11278 11279 3989)
4(3900 3990 11280 11190)
4(3989 11279 11280 3990)
4(3901 3991 11281 11191)
4(3990 11280 11281 3991)
4(3902 3992 11282 11192)
4(3991 11281 11282 3992)
4(3903 3993 11283 11193)
4(3992 11282 11283 3993)
4(3904 3994 11284 11194)
4(3993 11283 11284 3994)
4(3905 3995 11285 11195)
4(3994 11284 11285 3995)
4(3906 3996 11286 11196)
4(3995 11285 11286 3996)
4(3907 3997 11287 11197)
4(3996 11286 11287 3997)
4(3908 3998 11288 11198)
4(3997 11287 11288 3998)
4(3909 3999 11289 11199)
4(3998 11288 11289 3999)
4(3910 4000 11290 11200)
4(3999 11289 11290 4000)
4(3911 4001 11291 11201)
4(4000 11290 11291 4001)
4(3912 4002 11292 11202)
4(4001 11291 11292 4002)
4(3913 4003 11293 11203)
4(4002 11292 11293 4003)
4(3914 4004 11294 11204)
4(4003 11293 11294 4004)
4(3915 4005 11295 11205)
4(4004 11294 11295 4005)
4(3916 4006 11296 11206)
4(4005 11295 11296 4006)
4(3917 4007 11297 11207)
4(4006 11296 11297 4007)
4(3918 4008 11298 11208)
4(4007 11297 11298 4008)
4(3919 4009 11299 11209)
4(4008 11298 11299 4009)
4(3920 4010 11300 11210)
4(4009 11299 11300 4010)
4(3921 4011 11301 11211)
4(4010 11300 11301 4011)
4(3922 4012 11302 11212)
4(4011 11301 11302 4012)
4(3923 4013 11303 11213)
4(4012 11302 11303 4013)
4(3924 4014 11304 11214)
4(4013 11303 11304 4014)
4(3925 4015 11305 11215)
4(4014 11304 11305 4015)
4(3926 4016 11306 11216)
4(4015 11305 11306 4016)
4(3927 4017 11307 11217)
4(4016 11306 11307 4017)
4(3928 4018 11308 11218)
4(4017 11307 11308 4018)
4(3929 4019 11309 11219)
4(4018 11308 11309 4019)
4(3930 4020 11310 11220)
4(4019 11309 11310 4020)
4(3931 4021 11311 11221)
4(4020 11310 11311 4021)
4(3932 4022 11312 11222)
4(4021 11311 11312 4022)
4(3933 4023 11313 11223)
4(4022 11312 11313 4023)
4(3934 4024 11314 11224)
4(4023 11313 11314 4024)
4(3935 4025 11315 11225)
4(4024 11314 11315 4025)
4(3936 4026 11316 11226)
4(4025 11315 11316 4026)
4(3937 4027 11317 11227)
4(4026 11316 11317 4027)
4(3938 4028 11318 11228)
4(4027 11317 11318 4028)
4(3939 4029 11319 11229)
4(4028 11318 11319 4029)
4(3940 4030 11320 11230)
4(4029 11319 11320 4030)
4(4030 11320 11321 4031)
4(3942 4032 11322 11232)
4(271 1567 11322 4032)
4(3943 4033 11323 11233)
4(4032 11322 11323 4033)
4(3944 4034 11324 11234)
4(4033 11323 11324 4034)
4(3945 4035 11325 11235)
4(4034 11324 11325 4035)
4(3946 4036 11326 11236)
4(4035 11325 11326 4036)
4(3947 4037 11327 11237)
4(4036 11326 11327 4037)
4(3948 4038 11328 11238)
4(4037 11327 11328 4038)
4(3949 4039 11329 11239)
4(4038 11328 11329 4039)
4(3950 4040 11330 11240)
4(4039 11329 11330 4040)
4(3951 4041 11331 11241)
4(4040 11330 11331 4041)
4(3952 4042 11332 11242)
4(4041 11331 11332 4042)
4(3953 4043 11333 11243)
4(4042 11332 11333 4043)
4(3954 4044 11334 11244)
4(4043 11333 11334 4044)
4(3955 4045 11335 11245)
4(4044 11334 11335 4045)
4(3956 4046 11336 11246)
4(4045 11335 11336 4046)
4(3957 4047 11337 11247)
4(4046 11336 11337 4047)
4(3958 4048 11338 11248)
4(4047 11337 11338 4048)
4(3959 4049 11339 11249)
4(4048 11338 11339 4049)
4(3960 4050 11340 11250)
4(4049 11339 11340 4050)
4(3961 4051 11341 11251)
4(4050 11340 11341 4051)
4(3962 4052 11342 11252)
4(4051 11341 11342 4052)
4(3963 4053 11343 11253)
4(4052 11342 11343 4053)
4(3964 4054 11344 11254)
4(4053 11343 11344 4054)
4(3965 4055 11345 11255)
4(4054 11344 11345 4055)
4(3966 4056 11346 11256)
4(4055 11345 11346 4056)
4(3967 4057 11347 11257)
4(4056 11346 11347 4057)
4(3968 4058 11348 11258)
4(4057 11347 11348 4058)
4(3969 4059 11349 11259)
4(4058 11348 11349 4059)
4(3970 4060 11350 11260)
4(4059 11349 11350 4060)
4(3971 4061 11351 11261)
4(4060 11350 11351 4061)
4(3972 4062 11352 11262)
4(4061 11351 11352 4062)
4(3973 4063 11353 11263)
4(4062 11352 11353 4063)
4(3974 4064 11354 11264)
4(4063 11353 11354 4064)
4(3975 4065 11355 11265)
4(4064 11354 11355 4065)
4(3976 4066 11356 11266)
4(4065 11355 11356 4066)
4(3977 4067 11357 11267)
4(4066 11356 11357 4067)
4(3978 4068 11358 11268)
4(4067 11357 11358 4068)
4(3979 4069 11359 11269)
4(4068 11358 11359 4069)
4(3980 4070 11360 11270)
4(4069 11359 11360 4070)
4(3981 4071 11361 11271)
4(4070 11360 11361 4071)
4(3982 4072 11362 11272)
4(4071 11361 11362 4072)
4(3983 4073 11363 11273)
4(4072 11362 11363 4073)
4(3984 4074 11364 11274)
4(4073 11363 11364 4074)
4(3985 4075 11365 11275)
4(4074 11364 11365 4075)
4(3986 4076 11366 11276)
4(4075 11365 11366 4076)
4(3987 4077 11367 11277)
4(4076 11366 11367 4077)
4(3988 4078 11368 11278)
4(4077 11367 11368 4078)
4(3989 4079 11369 11279)
4(4078 11368 11369 4079)
4(3990 4080 11370 11280)
4(4079 11369 11370 4080)
4(3991 4081 11371 11281)
4(4080 11370 11371 4081)
4(3992 4082 11372 11282)
4(4081 11371 11372 4082)
4(3993 4083 11373 11283)
4(4082 11372 11373 4083)
4(3994 4084 11374 11284)
4(4083 11373 11374 4084)
4(3995 4085 11375 11285)
4(4084 11374 11375 4085)
4(3996 4086 11376 11286)
4(4085 11375 11376 4086)
4(3997 4087 11377 11287)
4(4086 11376 11377 4087)
4(3998 4088 11378 11288)
4(4087 11377 11378 4088)
4(3999 4089 11379 11289)
4(4088 11378 11379 4089)
4(4000 4090 11380 11290)
4(4089 11379 11380 4090)
4(4001 4091 11381 11291)
4(4090 11380 11381 4091)
4(4002 4092 11382 11292)
4(4091 11381 11382 4092)
4(4003 4093 11383 11293)
4(4092 11382 11383 4093)
4(4004 4094 11384 11294)
4(4093 11383 11384 4094)
4(4005 4095 11385 11295)
4(4094 11384 11385 4095)
4(4006 4096 11386 11296)
4(4095 11385 11386 4096)
4(4007 4097 11387 11297)
4(4096 11386 11387 4097)
4(4008 4098 11388 11298)
4(4097 11387 11388 4098)
4(4009 4099 11389 11299)
4(4098 11388 11389 4099)
4(4010 4100 11390 11300)
4(4099 11389 11390 4100)
4(4011 4101 11391 11301)
4(4100 11390 11391 4101)
4(4012 4102 11392 11302)
4(4101 11391 11392 4102)
4(4013 4103 11393 11303)
4(4102 11392 11393 4103)
4(4014 4104 11394 11304)
4(4103 11393 11394 4104)
4(4015 4105 11395 11305)
4(4104 11394 11395 4105)
4(4016 4106 11396 11306)
4(4105 11395 11396 4106)
4(4017 4107 11397 11307)
4(4106 11396 11397 4107)
4(4018 4108 11398 11308)
4(4107 11397 11398 4108)
4(4019 4109 11399 11309)
4(4108 11398 11399 4109)
4(4020 4110 11400 11310)
4(4109 11399 11400 4110)
4(4021 4111 11401 11311)
4(4110 11400 11401 4111)
4(4022 4112 11402 11312)
4(4111 11401 11402 4112)
4(4023 4113 11403 11313)
4(4112 11402 11403 4113)
4(4024 4114 11404 11314)
4(4113 11403 11404 4114)
4(4025 4115 11405 11315)
4(4114 11404 11405 4115)
4(4026 4116 11406 11316)
4(4115 11405 11406 4116)
4(4027 4117 11407 11317)
4(4116 11406 11407 4117)
4(4028 4118 11408 11318)
4(4117 11407 11408 4118)
4(4029 4119 11409 11319)
4(4118 11408 11409 4119)
4(4030 4120 11410 11320)
4(4119 11409 11410 4120)
4(4120 11410 11411 4121)
4(4032 4122 11412 11322)
4(287 1583 11412 4122)
4(4033 4123 11413 11323)
4(4122 11412 11413 4123)
4(4034 4124 11414 11324)
4(4123 11413 11414 4124)
4(4035 4125 11415 11325)
4(4124 11414 11415 4125)
4(4036 4126 11416 11326)
4(4125 11415 11416 4126)
4(4037 4127 11417 11327)
4(4126 11416 11417 4127)
4(4038 4128 11418 11328)
4(4127 11417 11418 4128)
4(4039 4129 11419 11329)
4(4128 11418 11419 4129)
4(4040 4130 11420 11330)
4(4129 11419 11420 4130)
4(4041 4131 11421 11331)
4(4130 11420 11421 4131)
4(4042 4132 11422 11332)
4(4131 11421 11422 4132)
4(4043 4133 11423 11333)
4(4132 11422 11423 4133)
4(4044 4134 11424 11334)
4(4133 11423 11424 4134)
4(4045 4135 11425 11335)
4(4134 11424 11425 4135)
4(4046 4136 11426 11336)
4(4135 11425 11426 4136)
4(4047 4137 11427 11337)
4(4136 11426 11427 4137)
4(4048 4138 11428 11338)
4(4137 11427 11428 4138)
4(4049 4139 11429 11339)
4(4138 11428 11429 4139)
4(4050 4140 11430 11340)
4(4139 11429 11430 4140)
4(4051 4141 11431 11341)
4(4140 11430 11431 4141)
4(4052 4142 11432 11342)
4(4141 11431 11432 4142)
4(4053 4143 11433 11343)
4(4142 11432 11433 4143)
4(4054 4144 11434 11344)
4(4143 11433 11434 4144)
4(4055 4145 11435 11345)
4(4144 11434 11435 4145)
4(4056 4146 11436 11346)
4(4145 11435 11436 4146)
4(4057 4147 11437 11347)
4(4146 11436 11437 4147)
4(4058 4148 11438 11348)
4(4147 11437 11438 4148)
4(4059 4149 11439 11349)
4(4148 11438 11439 4149)
4(4060 4150 11440 11350)
4(4149 11439 11440 4150)
4(4061 4151 11441 11351)
4(4150 11440 11441 4151)
4(4062 4152 11442 11352)
4(4151 11441 11442 4152)
4(4063 4153 11443 11353)
4(4152 11442 11443 4153)
4(4064 4154 11444 11354)
4(4153 11443 11444 4154)
4(4065 4155 11445 11355)
4(4154 11444 11445 4155)
4(4066 4156 11446 11356)
4(4155 11445 11446 4156)
4(4067 4157 11447 11357)
4(4156 11446 11447 4157)
4(4068 4158 11448 11358)
4(4157 11447 11448 4158)
4(4069 4159 11449 11359)
4(4158 11448 11449 4159)
4(4070 4160 11450 11360)
4(4159 11449 11450 4160)
4(4071 4161 11451 11361)
4(4160 11450 11451 4161)
4(4072 4162 11452 11362)
4(4161 11451 11452 4162)
4(4073 4163 11453 11363)
4(4162 11452 11453 4163)
4(4074 4164 11454 11364)
4(4163 11453 11454 4164)
4(4075 4165 11455 11365)
4(4164 11454 11455 4165)
4(4076 4166 11456 11366)
4(4165 11455 11456 4166)
4(4077 4167 11457 11367)
4(4166 11456 11457 4167)
4(4078 4168 11458 11368)
4(4167 11457 11458 4168)
4(4079 4169 11459 11369)
4(4168 11458 11459 4169)
4(4080 4170 11460 11370)
4(4169 11459 11460 4170)
4(4081 4171 11461 11371)
4(4170 11460 11461 4171)
4(4082 4172 11462 11372)
4(4171 11461 11462 4172)
4(4083 4173 11463 11373)
4(4172 11462 11463 4173)
4(4084 4174 11464 11374)
4(4173 11463 11464 4174)
4(4085 4175 11465 11375)
4(4174 11464 11465 4175)
4(4086 4176 11466 11376)
4(4175 11465 11466 4176)
4(4087 4177 11467 11377)
4(4176 11466 11467 4177)
4(4088 4178 11468 11378)
4(4177 11467 11468 4178)
4(4089 4179 11469 11379)
4(4178 11468 11469 4179)
4(4090 4180 11470 11380)
4(4179 11469 11470 4180)
4(4091 4181 11471 11381)
4(4180 11470 11471 4181)
4(4092 4182 11472 11382)
4(4181 11471 11472 4182)
4(4093 4183 11473 11383)
4(4182 11472 11473 4183)
4(4094 4184 11474 11384)
4(4183 11473 11474 4184)
4(4095 4185 11475 11385)
4(4184 11474 11475 4185)
4(4096 4186 11476 11386)
4(4185 11475 11476 4186)
4(4097 4187 11477 11387)
4(4186 11476 11477 4187)
4(4098 4188 11478 11388)
4(4187 11477 11478 4188)
4(4099 4189 11479 11389)
4(4188 11478 11479 4189)
4(4100 4190 11480 11390)
4(4189 11479 11480 4190)
4(4101 4191 11481 11391)
4(4190 11480 11481 4191)
4(4102 4192 11482 11392)
4(4191 11481 11482 4192)
4(4103 4193 11483 11393)
4(4192 11482 11483 4193)
4(4104 4194 11484 11394)
4(4193 11483 11484 4194)
4(4105 4195 11485 11395)
4(4194 11484 11485 4195)
4(4106 4196 11486 11396)
4(4195 11485 11486 4196)
4(4107 4197 11487 11397)
4(4196 11486 11487 4197)
4(4108 4198 11488 11398)
4(4197 11487 11488 4198)
4(4109 4199 11489 11399)
4(4198 11488 11489 4199)
4(4110 4200 11490 11400)
4(4199 11489 11490 4200)
4(4111 4201 11491 11401)
4(4200 11490 11491 4201)
4(4112 4202 11492 11402)
4(4201 11491 11492 4202)
4(4113 4203 11493 11403)
4(4202 11492 11493 4203)
4(4114 4204 11494 11404)
4(4203 11493 11494 4204)
4(4115 4205 11495 11405)
4(4204 11494 11495 4205)
4(4116 4206 11496 11406)
4(4205 11495 11496 4206)
4(4117 4207 11497 11407)
4(4206 11496 11497 4207)
4(4118 4208 11498 11408)
4(4207 11497 11498 4208)
4(4119 4209 11499 11409)
4(4208 11498 11499 4209)
4(4120 4210 11500 11410)
4(4209 11499 11500 4210)
4(4210 11500 11501 4211)
4(4122 4212 11502 11412)
4(303 1599 11502 4212)
4(4123 4213 11503 11413)
4(4212 11502 11503 4213)
4(4124 4214 11504 11414)
4(4213 11503 11504 4214)
4(4125 4215 11505 11415)
4(4214 11504 11505 4215)
4(4126 4216 11506 11416)
4(4215 11505 11506 4216)
4(4127 4217 11507 11417)
4(4216 11506 11507 4217)
4(4128 4218 11508 11418)
4(4217 11507 11508 4218)
4(4129 4219 11509 11419)
4(4218 11508 11509 4219)
4(4130 4220 11510 11420)
4(4219 11509 11510 4220)
4(4131 4221 11511 11421)
4(4220 11510 11511 4221)
4(4132 4222 11512 11422)
4(4221 11511 11512 4222)
4(4133 4223 11513 11423)
4(4222 11512 11513 4223)
4(4134 4224 11514 11424)
4(4223 11513 11514 4224)
4(4135 4225 11515 11425)
4(4224 11514 11515 4225)
4(4136 4226 11516 11426)
4(4225 11515 11516 4226)
4(4137 4227 11517 11427)
4(4226 11516 11517 4227)
4(4138 4228 11518 11428)
4(4227 11517 11518 4228)
4(4139 4229 11519 11429)
4(4228 11518 11519 4229)
4(4140 4230 11520 11430)
4(4229 11519 11520 4230)
4(4141 4231 11521 11431)
4(4230 11520 11521 4231)
4(4142 4232 11522 11432)
4(4231 11521 11522 4232)
4(4143 4233 11523 11433)
4(4232 11522 11523 4233)
4(4144 4234 11524 11434)
4(4233 11523 11524 4234)
4(4145 4235 11525 11435)
4(4234 11524 11525 4235)
4(4146 4236 11526 11436)
4(4235 11525 11526 4236)
4(4147 4237 11527 11437)
4(4236 11526 11527 4237)
4(4148 4238 11528 11438)
4(4237 11527 11528 4238)
4(4149 4239 11529 11439)
4(4238 11528 11529 4239)
4(4150 4240 11530 11440)
4(4239 11529 11530 4240)
4(4151 4241 11531 11441)
4(4240 11530 11531 4241)
4(4152 4242 11532 11442)
4(4241 11531 11532 4242)
4(4153 4243 11533 11443)
4(4242 11532 11533 4243)
4(4154 4244 11534 11444)
4(4243 11533 11534 4244)
4(4155 4245 11535 11445)
4(4244 11534 11535 4245)
4(4156 4246 11536 11446)
4(4245 11535 11536 4246)
4(4157 4247 11537 11447)
4(4246 11536 11537 4247)
4(4158 4248 11538 11448)
4(4247 11537 11538 4248)
4(4159 4249 11539 11449)
4(4248 11538 11539 4249)
4(4160 4250 11540 11450)
4(4249 11539 11540 4250)
4(4161 4251 11541 11451)
4(4250 11540 11541 4251)
4(4162 4252 11542 11452)
4(4251 11541 11542 4252)
4(4163 4253 11543 11453)
4(4252 11542 11543 4253)
4(4164 4254 11544 11454)
4(4253 11543 11544 4254)
4(4165 4255 11545 11455)
4(4254 11544 11545 4255)
4(4166 4256 11546 11456)
4(4255 11545 11546 4256)
4(4167 4257 11547 11457)
4(4256 11546 11547 4257)
4(4168 4258 11548 11458)
4(4257 11547 11548 4258)
4(4169 4259 11549 11459)
4(4258 11548 11549 4259)
4(4170 4260 11550 11460)
4(4259 11549 11550 4260)
4(4171 4261 11551 11461)
4(4260 11550 11551 4261)
4(4172 4262 11552 11462)
4(4261 11551 11552 4262)
4(4173 4263 11553 11463)
4(4262 11552 11553 4263)
4(4174 4264 11554 11464)
4(4263 11553 11554 4264)
4(4175 4265 11555 11465)
4(4264 11554 11555 4265)
4(4176 4266 11556 11466)
4(4265 11555 11556 4266)
4(4177 4267 11557 11467)
4(4266 11556 11557 4267)
4(4178 4268 11558 11468)
4(4267 11557 11558 4268)
4(4179 4269 11559 11469)
4(4268 11558 11559 4269)
4(4180 4270 11560 11470)
4(4269 11559 11560 4270)
4(4181 4271 11561 11471)
4(4270 11560 11561 4271)
4(4182 4272 11562 11472)
4(4271 11561 11562 4272)
4(4183 4273 11563 11473)
4(4272 11562 11563 4273)
4(4184 4274 11564 11474)
4(4273 11563 11564 4274)
4(4185 4275 11565 11475)
4(4274 11564 11565 4275)
4(4186 4276 11566 11476)
4(4275 11565 11566 4276)
4(4187 4277 11567 11477)
4(4276 11566 11567 4277)
4(4188 4278 11568 11478)
4(4277 11567 11568 4278)
4(4189 4279 11569 11479)
4(4278 11568 11569 4279)
4(4190 4280 11570 11480)
4(4279 11569 11570 4280)
4(4191 4281 11571 11481)
4(4280 11570 11571 4281)
4(4192 4282 11572 11482)
4(4281 11571 11572 4282)
4(4193 4283 11573 11483)
4(4282 11572 11573 4283)
4(4194 4284 11574 11484)
4(4283 11573 11574 4284)
4(4195 4285 11575 11485)
4(4284 11574 11575 4285)
4(4196 4286 11576 11486)
4(4285 11575 11576 4286)
4(4197 4287 11577 11487)
4(4286 11576 11577 4287)
4(4198 4288 11578 11488)
4(4287 11577 11578 4288)
4(4199 4289 11579 11489)
4(4288 11578 11579 4289)
4(4200 4290 11580 11490)
4(4289 11579 11580 4290)
4(4201 4291 11581 11491)
4(4290 11580 11581 4291)
4(4202 4292 11582 11492)
4(4291 11581 11582 4292)
4(4203 4293 11583 11493)
4(4292 11582 11583 4293)
4(4204 4294 11584 11494)
4(4293 11583 11584 4294)
4(4205 4295 11585 11495)
4(4294 11584 11585 4295)
4(4206 4296 11586 11496)
4(4295 11585 11586 4296)
4(4207 4297 11587 11497)
4(4296 11586 11587 4297)
4(4208 4298 11588 11498)
4(4297 11587 11588 4298)
4(4209 4299 11589 11499)
4(4298 11588 11589 4299)
4(4210 4300 11590 11500)
4(4299 11589 11590 4300)
4(4300 11590 11591 4301)
4(4212 4302 11592 11502)
4(319 1615 11592 4302)
4(4213 4303 11593 11503)
4(4302 11592 11593 4303)
4(4214 4304 11594 11504)
4(4303 11593 11594 4304)
4(4215 4305 11595 11505)
4(4304 11594 11595 4305)
4(4216 4306 11596 11506)
4(4305 11595 11596 4306)
4(4217 4307 11597 11507)
4(4306 11596 11597 4307)
4(4218 4308 11598 11508)
4(4307 11597 11598 4308)
4(4219 4309 11599 11509)
4(4308 11598 11599 4309)
4(4220 4310 11600 11510)
4(4309 11599 11600 4310)
4(4221 4311 11601 11511)
4(4310 11600 11601 4311)
4(4222 4312 11602 11512)
4(4311 11601 11602 4312)
4(4223 4313 11603 11513)
4(4312 11602 11603 4313)
4(4224 4314 11604 11514)
4(4313 11603 11604 4314)
4(4225 4315 11605 11515)
4(4314 11604 11605 4315)
4(4226 4316 11606 11516)
4(4315 11605 11606 4316)
4(4227 4317 11607 11517)
4(4316 11606 11607 4317)
4(4228 4318 11608 11518)
4(4317 11607 11608 4318)
4(4229 4319 11609 11519)
4(4318 11608 11609 4319)
4(4230 4320 11610 11520)
4(4319 11609 11610 4320)
4(4231 4321 11611 11521)
4(4320 11610 11611 4321)
4(4232 4322 11612 11522)
4(4321 11611 11612 4322)
4(4233 4323 11613 11523)
4(4322 11612 11613 4323)
4(4234 4324 11614 11524)
4(4323 11613 11614 4324)
4(4235 4325 11615 11525)
4(4324 11614 11615 4325)
4(4236 4326 11616 11526)
4(4325 11615 11616 4326)
4(4237 4327 11617 11527)
4(4326 11616 11617 4327)
4(4238 4328 11618 11528)
4(4327 11617 11618 4328)
4(4239 4329 11619 11529)
4(4328 11618 11619 4329)
4(4240 4330 11620 11530)
4(4329 11619 11620 4330)
4(4241 4331 11621 11531)
4(4330 11620 11621 4331)
4(4242 4332 11622 11532)
4(4331 11621 11622 4332)
4(4243 4333 11623 11533)
4(4332 11622 11623 4333)
4(4244 4334 11624 11534)
4(4333 11623 11624 4334)
4(4245 4335 11625 11535)
4(4334 11624 11625 4335)
4(4246 4336 11626 11536)
4(4335 11625 11626 4336)
4(4247 4337 11627 11537)
4(4336 11626 11627 4337)
4(4248 4338 11628 11538)
4(4337 11627 11628 4338)
4(4249 4339 11629 11539)
4(4338 11628 11629 4339)
4(4250 4340 11630 11540)
4(4339 11629 11630 4340)
4(4251 4341 11631 11541)
4(4340 11630 11631 4341)
4(4252 4342 11632 11542)
4(4341 11631 11632 4342)
4(4253 4343 11633 11543)
4(4342 11632 11633 4343)
4(4254 4344 11634 11544)
4(4343 11633 11634 4344)
4(4255 4345 11635 11545)
4(4344 11634 11635 4345)
4(4256 4346 11636 11546)
4(4345 11635 11636 4346)
4(4257 4347 11637 11547)
4(4346 11636 11637 4347)
4(4258 4348 11638 11548)
4(4347 11637 11638 4348)
4(4259 4349 11639 11549)
4(4348 11638 11639 4349)
4(4260 4350 11640 11550)
4(4349 11639 11640 4350)
4(4261 4351 11641 11551)
4(4350 11640 11641 4351)
4(4262 4352 11642 11552)
4(4351 11641 11642 4352)
4(4263 4353 11643 11553)
4(4352 11642 11643 4353)
4(4264 4354 11644 11554)
4(4353 11643 11644 4354)
4(4265 4355 11645 11555)
4(4354 11644 11645 4355)
4(4266 4356 11646 11556)
4(4355 11645 11646 4356)
4(4267 4357 11647 11557)
4(4356 11646 11647 4357)
4(4268 4358 11648 11558)
4(4357 11647 11648 4358)
4(4269 4359 11649 11559)
4(4358 11648 11649 4359)
4(4270 4360 11650 11560)
4(4359 11649 11650 4360)
4(4271 4361 11651 11561)
4(4360 11650 11651 4361)
4(4272 4362 11652 11562)
4(4361 11651 11652 4362)
4(4273 4363 11653 11563)
4(4362 11652 11653 4363)
4(4274 4364 11654 11564)
4(4363 11653 11654 4364)
4(4275 4365 11655 11565)
4(4364 11654 11655 4365)
4(4276 4366 11656 11566)
4(4365 11655 11656 4366)
4(4277 4367 11657 11567)
4(4366 11656 11657 4367)
4(4278 4368 11658 11568)
4(4367 11657 11658 4368)
4(4279 4369 11659 11569)
4(4368 11658 11659 4369)
4(4280 4370 11660 11570)
4(4369 11659 11660 4370)
4(4281 4371 11661 11571)
4(4370 11660 11661 4371)
4(4282 4372 11662 11572)
4(4371 11661 11662 4372)
4(4283 4373 11663 11573)
4(4372 11662 11663 4373)
4(4284 4374 11664 11574)
4(4373 11663 11664 4374)
4(4285 4375 11665 11575)
4(4374 11664 11665 4375)
4(4286 4376 11666 11576)
4(4375 11665 11666 4376)
4(4287 4377 11667 11577)
4(4376 11666 11667 4377)
4(4288 4378 11668 11578)
4(4377 11667 11668 4378)
4(4289 4379 11669 11579)
4(4378 11668 11669 4379)
4(4290 4380 11670 11580)
4(4379 11669 11670 4380)
4(4291 4381 11671 11581)
4(4380 11670 11671 4381)
4(4292 4382 11672 11582)
4(4381 11671 11672 4382)
4(4293 4383 11673 11583)
4(4382 11672 11673 4383)
4(4294 4384 11674 11584)
4(4383 11673 11674 4384)
4(4295 4385 11675 11585)
4(4384 11674 11675 4385)
4(4296 4386 11676 11586)
4(4385 11675 11676 4386)
4(4297 4387 11677 11587)
4(4386 11676 11677 4387)
4(4298 4388 11678 11588)
4(4387 11677 11678 4388)
4(4299 4389 11679 11589)
4(4388 11678 11679 4389)
4(4300 4390 11680 11590)
4(4389 11679 11680 4390)
4(4390 11680 11681 4391)
4(4302 4392 11682 11592)
4(335 1631 11682 4392)
4(4303 4393 11683 11593)
4(4392 11682 11683 4393)
4(4304 4394 11684 11594)
4(4393 11683 11684 4394)
4(4305 4395 11685 11595)
4(4394 11684 11685 4395)
4(4306 4396 11686 11596)
4(4395 11685 11686 4396)
4(4307 4397 11687 11597)
4(4396 11686 11687 4397)
4(4308 4398 11688 11598)
4(4397 11687 11688 4398)
4(4309 4399 11689 11599)
4(4398 11688 11689 4399)
4(4310 4400 11690 11600)
4(4399 11689 11690 4400)
4(4311 4401 11691 11601)
4(4400 11690 11691 4401)
4(4312 4402 11692 11602)
4(4401 11691 11692 4402)
4(4313 4403 11693 11603)
4(4402 11692 11693 4403)
4(4314 4404 11694 11604)
4(4403 11693 11694 4404)
4(4315 4405 11695 11605)
4(4404 11694 11695 4405)
4(4316 4406 11696 11606)
4(4405 11695 11696 4406)
4(4317 4407 11697 11607)
4(4406 11696 11697 4407)
4(4318 4408 11698 11608)
4(4407 11697 11698 4408)
4(4319 4409 11699 11609)
4(4408 11698 11699 4409)
4(4320 4410 11700 11610)
4(4409 11699 11700 4410)
4(4321 4411 11701 11611)
4(4410 11700 11701 4411)
4(4322 4412 11702 11612)
4(4411 11701 11702 4412)
4(4323 4413 11703 11613)
4(4412 11702 11703 4413)
4(4324 4414 11704 11614)
4(4413 11703 11704 4414)
4(4325 4415 11705 11615)
4(4414 11704 11705 4415)
4(4326 4416 11706 11616)
4(4415 11705 11706 4416)
4(4327 4417 11707 11617)
4(4416 11706 11707 4417)
4(4328 4418 11708 11618)
4(4417 11707 11708 4418)
4(4329 4419 11709 11619)
4(4418 11708 11709 4419)
4(4330 4420 11710 11620)
4(4419 11709 11710 4420)
4(4331 4421 11711 11621)
4(4420 11710 11711 4421)
4(4332 4422 11712 11622)
4(4421 11711 11712 4422)
4(4333 4423 11713 11623)
4(4422 11712 11713 4423)
4(4334 4424 11714 11624)
4(4423 11713 11714 4424)
4(4335 4425 11715 11625)
4(4424 11714 11715 4425)
4(4336 4426 11716 11626)
4(4425 11715 11716 4426)
4(4337 4427 11717 11627)
4(4426 11716 11717 4427)
4(4338 4428 11718 11628)
4(4427 11717 11718 4428)
4(4339 4429 11719 11629)
4(4428 11718 11719 4429)
4(4340 4430 11720 11630)
4(4429 11719 11720 4430)
4(4341 4431 11721 11631)
4(4430 11720 11721 4431)
4(4342 4432 11722 11632)
4(4431 11721 11722 4432)
4(4343 4433 11723 11633)
4(4432 11722 11723 4433)
4(4344 4434 11724 11634)
4(4433 11723 11724 4434)
4(4345 4435 11725 11635)
4(4434 11724 11725 4435)
4(4346 4436 11726 11636)
4(4435 11725 11726 4436)
4(4347 4437 11727 11637)
4(4436 11726 11727 4437)
4(4348 4438 11728 11638)
4(4437 11727 11728 4438)
4(4349 4439 11729 11639)
4(4438 11728 11729 4439)
4(4350 4440 11730 11640)
4(4439 11729 11730 4440)
4(4351 4441 11731 11641)
4(4440 11730 11731 4441)
4(4352 4442 11732 11642)
4(4441 11731 11732 4442)
4(4353 4443 11733 11643)
4(4442 11732 11733 4443)
4(4354 4444 11734 11644)
4(4443 11733 11734 4444)
4(4355 4445 11735 11645)
4(4444 11734 11735 4445)
4(4356 4446 11736 11646)
4(4445 11735 11736 4446)
4(4357 4447 11737 11647)
4(4446 11736 11737 4447)
4(4358 4448 11738 11648)
4(4447 11737 11738 4448)
4(4359 4449 11739 11649)
4(4448 11738 11739 4449)
4(4360 4450 11740 11650)
4(4449 11739 11740 4450)
4(4361 4451 11741 11651)
4(4450 11740 11741 4451)
4(4362 4452 11742 11652)
4(4451 11741 11742 4452)
4(4363 4453 11743 11653)
4(4452 11742 11743 4453)
4(4364 4454 11744 11654)
4(4453 11743 11744 4454)
4(4365 4455 11745 11655)
4(4454 11744 11745 4455)
4(4366 4456 11746 11656)
4(4455 11745 11746 4456)
4(4367 4457 11747 11657)
4(4456 11746 11747 4457)
4(4368 4458 11748 11658)
4(4457 11747 11748 4458)
4(4369 4459 11749 11659)
4(4458 11748 11749 4459)
4(4370 4460 11750 11660)
4(4459 11749 11750 4460)
4(4371 4461 11751 11661)
4(4460 11750 11751 4461)
4(4372 4462 11752 11662)
4(4461 11751 11752 4462)
4(4373 4463 11753 11663)
4(4462 11752 11753 4463)
4(4374 4464 11754 11664)
4(4463 11753 11754 4464)
4(4375 4465 11755 11665)
4(4464 11754 11755 4465)
4(4376 4466 11756 11666)
4(4465 11755 11756 4466)
4(4377 4467 11757 11667)
4(4466 11756 11757 4467)
4(4378 4468 11758 11668)
4(4467 11757 11758 4468)
4(4379 4469 11759 11669)
4(4468 11758 11759 4469)
4(4380 4470 11760 11670)
4(4469 11759 11760 4470)
4(4381 4471 11761 11671)
4(4470 11760 11761 4471)
4(4382 4472 11762 11672)
4(4471 11761 11762 4472)
4(4383 4473 11763 11673)
4(4472 11762 11763 4473)
4(4384 4474 11764 11674)
4(4473 11763 11764 4474)
4(4385 4475 11765 11675)
4(4474 11764 11765 4475)
4(4386 4476 11766 11676)
4(4475 11765 11766 4476)
4(4387 4477 11767 11677)
4(4476 11766 11767 4477)
4(4388 4478 11768 11678)
4(4477 11767 11768 4478)
4(4389 4479 11769 11679)
4(4478 11768 11769 4479)
4(4390 4480 11770 11680)
4(4479 11769 11770 4480)
4(4480 11770 11771 4481)
4(4392 4482 11772 11682)
4(351 1647 11772 4482)
4(4393 4483 11773 11683)
4(4482 11772 11773 4483)
4(4394 4484 11774 11684)
4(4483 11773 11774 4484)
4(4395 4485 11775 11685)
4(4484 11774 11775 4485)
4(4396 4486 11776 11686)
4(4485 11775 11776 4486)
4(4397 4487 11777 11687)
4(4486 11776 11777 4487)
4(4398 4488 11778 11688)
4(4487 11777 11778 4488)
4(4399 4489 11779 11689)
4(4488 11778 11779 4489)
4(4400 4490 11780 11690)
4(4489 11779 11780 4490)
4(4401 4491 11781 11691)
4(4490 11780 11781 4491)
4(4402 4492 11782 11692)
4(4491 11781 11782 4492)
4(4403 4493 11783 11693)
4(4492 11782 11783 4493)
4(4404 4494 11784 11694)
4(4493 11783 11784 4494)
4(4405 4495 11785 11695)
4(4494 11784 11785 4495)
4(4406 4496 11786 11696)
4(4495 11785 11786 4496)
4(4407 4497 11787 11697)
4(4496 11786 11787 4497)
4(4408 4498 11788 11698)
4(4497 11787 11788 4498)
4(4409 4499 11789 11699)
4(4498 11788 11789 4499)
4(4410 4500 11790 11700)
4(4499 11789 11790 4500)
4(4411 4501 11791 11701)
4(4500 11790 11791 4501)
4(4412 4502 11792 11702)
4(4501 11791 11792 4502)
4(4413 4503 11793 11703)
4(4502 11792 11793 4503)
4(4414 4504 11794 11704)
4(4503 11793 11794 4504)
4(4415 4505 11795 11705)
4(4504 11794 11795 4505)
4(4416 4506 11796 11706)
4(4505 11795 11796 4506)
4(4417 4507 11797 11707)
4(4506 11796 11797 4507)
4(4418 4508 11798 11708)
4(4507 11797 11798 4508)
4(4419 4509 11799 11709)
4(4508 11798 11799 4509)
4(4420 4510 11800 11710)
4(4509 11799 11800 4510)
4(4421 4511 11801 11711)
4(4510 11800 11801 4511)
4(4422 4512 11802 11712)
4(4511 11801 11802 4512)
4(4423 4513 11803 11713)
4(4512 11802 11803 4513)
4(4424 4514 11804 11714)
4(4513 11803 11804 4514)
4(4425 4515 11805 11715)
4(4514 11804 11805 4515)
4(4426 4516 11806 11716)
4(4515 11805 11806 4516)
4(4427 4517 11807 11717)
4(4516 11806 11807 4517)
4(4428 4518 11808 11718)
4(4517 11807 11808 4518)
4(4429 4519 11809 11719)
4(4518 11808 11809 4519)
4(4430 4520 11810 11720)
4(4519 11809 11810 4520)
4(4431 4521 11811 11721)
4(4520 11810 11811 4521)
4(4432 4522 11812 11722)
4(4521 11811 11812 4522)
4(4433 4523 11813 11723)
4(4522 11812 11813 4523)
4(4434 4524 11814 11724)
4(4523 11813 11814 4524)
4(4435 4525 11815 11725)
4(4524 11814 11815 4525)
4(4436 4526 11816 11726)
4(4525 11815 11816 4526)
4(4437 4527 11817 11727)
4(4526 11816 11817 4527)
4(4438 4528 11818 11728)
4(4527 11817 11818 4528)
4(4439 4529 11819 11729)
4(4528 11818 11819 4529)
4(4440 4530 11820 11730)
4(4529 11819 11820 4530)
4(4441 4531 11821 11731)
4(4530 11820 11821 4531)
4(4442 4532 11822 11732)
4(4531 11821 11822 4532)
4(4443 4533 11823 11733)
4(4532 11822 11823 4533)
4(4444 4534 11824 11734)
4(4533 11823 11824 4534)
4(4445 4535 11825 11735)
4(4534 11824 11825 4535)
4(4446 4536 11826 11736)
4(4535 11825 11826 4536)
4(4447 4537 11827 11737)
4(4536 11826 11827 4537)
4(4448 4538 11828 11738)
4(4537 11827 11828 4538)
4(4449 4539 11829 11739)
4(4538 11828 11829 4539)
4(4450 4540 11830 11740)
4(4539 11829 11830 4540)
4(4451 4541 11831 11741)
4(4540 11830 11831 4541)
4(4452 4542 11832 11742)
4(4541 11831 11832 4542)
4(4453 4543 11833 11743)
4(4542 11832 11833 4543)
4(4454 4544 11834 11744)
4(4543 11833 11834 4544)
4(4455 4545 11835 11745)
4(4544 11834 11835 4545)
4(4456 4546 11836 11746)
4(4545 11835 11836 4546)
4(4457 4547 11837 11747)
4(4546 11836 11837 4547)
4(4458 4548 11838 11748)
4(4547 11837 11838 4548)
4(4459 4549 11839 11749)
4(4548 11838 11839 4549)
4(4460 4550 11840 11750)
4(4549 11839 11840 4550)
4(4461 4551 11841 11751)
4(4550 11840 11841 4551)
4(4462 4552 11842 11752)
4(4551 11841 11842 4552)
4(4463 4553 11843 11753)
4(4552 11842 11843 4553)
4(4464 4554 11844 11754)
4(4553 11843 11844 4554)
4(4465 4555 11845 11755)
4(4554 11844 11845 4555)
4(4466 4556 11846 11756)
4(4555 11845 11846 4556)
4(4467 4557 11847 11757)
4(4556 11846 11847 4557)
4(4468 4558 11848 11758)
4(4557 11847 11848 4558)
4(4469 4559 11849 11759)
4(4558 11848 11849 4559)
4(4470 4560 11850 11760)
4(4559 11849 11850 4560)
4(4471 4561 11851 11761)
4(4560 11850 11851 4561)
4(4472 4562 11852 11762)
4(4561 11851 11852 4562)
4(4473 4563 11853 11763)
4(4562 11852 11853 4563)
4(4474 4564 11854 11764)
4(4563 11853 11854 4564)
4(4475 4565 11855 11765)
4(4564 11854 11855 4565)
4(4476 4566 11856 11766)
4(4565 11855 11856 4566)
4(4477 4567 11857 11767)
4(4566 11856 11857 4567)
4(4478 4568 11858 11768)
4(4567 11857 11858 4568)
4(4479 4569 11859 11769)
4(4568 11858 11859 4569)
4(4480 4570 11860 11770)
4(4569 11859 11860 4570)
4(4570 11860 11861 4571)
4(4482 4572 11862 11772)
4(367 1663 11862 4572)
4(4483 4573 11863 11773)
4(4572 11862 11863 4573)
4(4484 4574 11864 11774)
4(4573 11863 11864 4574)
4(4485 4575 11865 11775)
4(4574 11864 11865 4575)
4(4486 4576 11866 11776)
4(4575 11865 11866 4576)
4(4487 4577 11867 11777)
4(4576 11866 11867 4577)
4(4488 4578 11868 11778)
4(4577 11867 11868 4578)
4(4489 4579 11869 11779)
4(4578 11868 11869 4579)
4(4490 4580 11870 11780)
4(4579 11869 11870 4580)
4(4491 4581 11871 11781)
4(4580 11870 11871 4581)
4(4492 4582 11872 11782)
4(4581 11871 11872 4582)
4(4493 4583 11873 11783)
4(4582 11872 11873 4583)
4(4494 4584 11874 11784)
4(4583 11873 11874 4584)
4(4495 4585 11875 11785)
4(4584 11874 11875 4585)
4(4496 4586 11876 11786)
4(4585 11875 11876 4586)
4(4497 4587 11877 11787)
4(4586 11876 11877 4587)
4(4498 4588 11878 11788)
4(4587 11877 11878 4588)
4(4499 4589 11879 11789)
4(4588 11878 11879 4589)
4(4500 4590 11880 11790)
4(4589 11879 11880 4590)
4(4501 4591 11881 11791)
4(4590 11880 11881 4591)
4(4502 4592 11882 11792)
4(4591 11881 11882 4592)
4(4503 4593 11883 11793)
4(4592 11882 11883 4593)
4(4504 4594 11884 11794)
4(4593 11883 11884 4594)
4(4505 4595 11885 11795)
4(4594 11884 11885 4595)
4(4506 4596 11886 11796)
4(4595 11885 11886 4596)
4(4507 4597 11887 11797)
4(4596 11886 11887 4597)
4(4508 4598 11888 11798)
4(4597 11887 11888 4598)
4(4509 4599 11889 11799)
4(4598 11888 11889 4599)
4(4510 4600 11890 11800)
4(4599 11889 11890 4600)
4(4511 4601 11891 11801)
4(4600 11890 11891 4601)
4(4512 4602 11892 11802)
4(4601 11891 11892 4602)
4(4513 4603 11893 11803)
4(4602 11892 11893 4603)
4(4514 4604 11894 11804)
4(4603 11893 11894 4604)
4(4515 4605 11895 11805)
4(4604 11894 11895 4605)
4(4516 4606 11896 11806)
4(4605 11895 11896 4606)
4(4517 4607 11897 11807)
4(4606 11896 11897 4607)
4(4518 4608 11898 11808)
4(4607 11897 11898 4608)
4(4519 4609 11899 11809)
4(4608 11898 11899 4609)
4(4520 4610 11900 11810)
4(4609 11899 11900 4610)
4(4521 4611 11901 11811)
4(4610 11900 11901 4611)
4(4522 4612 11902 11812)
4(4611 11901 11902 4612)
4(4523 4613 11903 11813)
4(4612 11902 11903 4613)
4(4524 4614 11904 11814)
4(4613 11903 11904 4614)
4(4525 4615 11905 11815)
4(4614 11904 11905 4615)
4(4526 4616 11906 11816)
4(4615 11905 11906 4616)
4(4527 4617 11907 11817)
4(4616 11906 11907 4617)
4(4528 4618 11908 11818)
4(4617 11907 11908 4618)
4(4529 4619 11909 11819)
4(4618 11908 11909 4619)
4(4530 4620 11910 11820)
4(4619 11909 11910 4620)
4(4531 4621 11911 11821)
4(4620 11910 11911 4621)
4(4532 4622 11912 11822)
4(4621 11911 11912 4622)
4(4533 4623 11913 11823)
4(4622 11912 11913 4623)
4(4534 4624 11914 11824)
4(4623 11913 11914 4624)
4(4535 4625 11915 11825)
4(4624 11914 11915 4625)
4(4536 4626 11916 11826)
4(4625 11915 11916 4626)
4(4537 4627 11917 11827)
4(4626 11916 11917 4627)
4(4538 4628 11918 11828)
4(4627 11917 11918 4628)
4(4539 4629 11919 11829)
4(4628 11918 11919 4629)
4(4540 4630 11920 11830)
4(4629 11919 11920 4630)
4(4541 4631 11921 11831)
4(4630 11920 11921 4631)
4(4542 4632 11922 11832)
4(4631 11921 11922 4632)
4(4543 4633 11923 11833)
4(4632 11922 11923 4633)
4(4544 4634 11924 11834)
4(4633 11923 11924 4634)
4(4545 4635 11925 11835)
4(4634 11924 11925 4635)
4(4546 4636 11926 11836)
4(4635 11925 11926 4636)
4(4547 4637 11927 11837)
4(4636 11926 11927 4637)
4(4548 4638 11928 11838)
4(4637 11927 11928 4638)
4(4549 4639 11929 11839)
4(4638 11928 11929 4639)
4(4550 4640 11930 11840)
4(4639 11929 11930 4640)
4(4551 4641 11931 11841)
4(4640 11930 11931 4641)
4(4552 4642 11932 11842)
4(4641 11931 11932 4642)
4(4553 4643 11933 11843)
4(4642 11932 11933 4643)
4(4554 4644 11934 11844)
4(4643 11933 11934 4644)
4(4555 4645 11935 11845)
4(4644 11934 11935 4645)
4(4556 4646 11936 11846)
4(4645 11935 11936 4646)
4(4557 4647 11937 11847)
4(4646 11936 11937 4647)
4(4558 4648 11938 11848)
4(4647 11937 11938 4648)
4(4559 4649 11939 11849)
4(4648 11938 11939 4649)
4(4560 4650 11940 11850)
4(4649 11939 11940 4650)
4(4561 4651 11941 11851)
4(4650 11940 11941 4651)
4(4562 4652 11942 11852)
4(4651 11941 11942 4652)
4(4563 4653 11943 11853)
4(4652 11942 11943 4653)
4(4564 4654 11944 11854)
4(4653 11943 11944 4654)
4(4565 4655 11945 11855)
4(4654 11944 11945 4655)
4(4566 4656 11946 11856)
4(4655 11945 11946 4656)
4(4567 4657 11947 11857)
4(4656 11946 11947 4657)
4(4568 4658 11948 11858)
4(4657 11947 11948 4658)
4(4569 4659 11949 11859)
4(4658 11948 11949 4659)
4(4570 4660 11950 11860)
4(4659 11949 11950 4660)
4(4660 11950 11951 4661)
4(4572 4662 11952 11862)
4(383 1679 11952 4662)
4(4573 4663 11953 11863)
4(4662 11952 11953 4663)
4(4574 4664 11954 11864)
4(4663 11953 11954 4664)
4(4575 4665 11955 11865)
4(4664 11954 11955 4665)
4(4576 4666 11956 11866)
4(4665 11955 11956 4666)
4(4577 4667 11957 11867)
4(4666 11956 11957 4667)
4(4578 4668 11958 11868)
4(4667 11957 11958 4668)
4(4579 4669 11959 11869)
4(4668 11958 11959 4669)
4(4580 4670 11960 11870)
4(4669 11959 11960 4670)
4(4581 4671 11961 11871)
4(4670 11960 11961 4671)
4(4582 4672 11962 11872)
4(4671 11961 11962 4672)
4(4583 4673 11963 11873)
4(4672 11962 11963 4673)
4(4584 4674 11964 11874)
4(4673 11963 11964 4674)
4(4585 4675 11965 11875)
4(4674 11964 11965 4675)
4(4586 4676 11966 11876)
4(4675 11965 11966 4676)
4(4587 4677 11967 11877)
4(4676 11966 11967 4677)
4(4588 4678 11968 11878)
4(4677 11967 11968 4678)
4(4589 4679 11969 11879)
4(4678 11968 11969 4679)
4(4590 4680 11970 11880)
4(4679 11969 11970 4680)
4(4591 4681 11971 11881)
4(4680 11970 11971 4681)
4(4592 4682 11972 11882)
4(4681 11971 11972 4682)
4(4593 4683 11973 11883)
4(4682 11972 11973 4683)
4(4594 4684 11974 11884)
4(4683 11973 11974 4684)
4(4595 4685 11975 11885)
4(4684 11974 11975 4685)
4(4596 4686 11976 11886)
4(4685 11975 11976 4686)
4(4597 4687 11977 11887)
4(4686 11976 11977 4687)
4(4598 4688 11978 11888)
4(4687 11977 11978 4688)
4(4599 4689 11979 11889)
4(4688 11978 11979 4689)
4(4600 4690 11980 11890)
4(4689 11979 11980 4690)
4(4601 4691 11981 11891)
4(4690 11980 11981 4691)
4(4602 4692 11982 11892)
4(4691 11981 11982 4692)
4(4603 4693 11983 11893)
4(4692 11982 11983 4693)
4(4604 4694 11984 11894)
4(4693 11983 11984 4694)
4(4605 4695 11985 11895)
4(4694 11984 11985 4695)
4(4606 4696 11986 11896)
4(4695 11985 11986 4696)
4(4607 4697 11987 11897)
4(4696 11986 11987 4697)
4(4608 4698 11988 11898)
4(4697 11987 11988 4698)
4(4609 4699 11989 11899)
4(4698 11988 11989 4699)
4(4610 4700 11990 11900)
4(4699 11989 11990 4700)
4(4611 4701 11991 11901)
4(4700 11990 11991 4701)
4(4612 4702 11992 11902)
4(4701 11991 11992 4702)
4(4613 4703 11993 11903)
4(4702 11992 11993 4703)
4(4614 4704 11994 11904)
4(4703 11993 11994 4704)
4(4615 4705 11995 11905)
4(4704 11994 11995 4705)
4(4616 4706 11996 11906)
4(4705 11995 11996 4706)
4(4617 4707 11997 11907)
4(4706 11996 11997 4707)
4(4618 4708 11998 11908)
4(4707 11997 11998 4708)
4(4619 4709 11999 11909)
4(4708 11998 11999 4709)
4(4620 4710 12000 11910)
4(4709 11999 12000 4710)
4(4621 4711 12001 11911)
4(4710 12000 12001 4711)
4(4622 4712 12002 11912)
4(4711 12001 12002 4712)
4(4623 4713 12003 11913)
4(4712 12002 12003 4713)
4(4624 4714 12004 11914)
4(4713 12003 12004 4714)
4(4625 4715 12005 11915)
4(4714 12004 12005 4715)
4(4626 4716 12006 11916)
4(4715 12005 12006 4716)
4(4627 4717 12007 11917)
4(4716 12006 12007 4717)
4(4628 4718 12008 11918)
4(4717 12007 12008 4718)
4(4629 4719 12009 11919)
4(4718 12008 12009 4719)
4(4630 4720 12010 11920)
4(4719 12009 12010 4720)
4(4631 4721 12011 11921)
4(4720 12010 12011 4721)
4(4632 4722 12012 11922)
4(4721 12011 12012 4722)
4(4633 4723 12013 11923)
4(4722 12012 12013 4723)
4(4634 4724 12014 11924)
4(4723 12013 12014 4724)
4(4635 4725 12015 11925)
4(4724 12014 12015 4725)
4(4636 4726 12016 11926)
4(4725 12015 12016 4726)
4(4637 4727 12017 11927)
4(4726 12016 12017 4727)
4(4638 4728 12018 11928)
4(4727 12017 12018 4728)
4(4639 4729 12019 11929)
4(4728 12018 12019 4729)
4(4640 4730 12020 11930)
4(4729 12019 12020 4730)
4(4641 4731 12021 11931)
4(4730 12020 12021 4731)
4(4642 4732 12022 11932)
4(4731 12021 12022 4732)
4(4643 4733 12023 11933)
4(4732 12022 12023 4733)
4(4644 4734 12024 11934)
4(4733 12023 12024 4734)
4(4645 4735 12025 11935)
4(4734 12024 12025 4735)
4(4646 4736 12026 11936)
4(4735 12025 12026 4736)
4(4647 4737 12027 11937)
4(4736 12026 12027 4737)
4(4648 4738 12028 11938)
4(4737 12027 12028 4738)
4(4649 4739 12029 11939)
4(4738 12028 12029 4739)
4(4650 4740 12030 11940)
4(4739 12029 12030 4740)
4(4651 4741 12031 11941)
4(4740 12030 12031 4741)
4(4652 4742 12032 11942)
4(4741 12031 12032 4742)
4(4653 4743 12033 11943)
4(4742 12032 12033 4743)
4(4654 4744 12034 11944)
4(4743 12033 12034 4744)
4(4655 4745 12035 11945)
4(4744 12034 12035 4745)
4(4656 4746 12036 11946)
4(4745 12035 12036 4746)
4(4657 4747 12037 11947)
4(4746 12036 12037 4747)
4(4658 4748 12038 11948)
4(4747 12037 12038 4748)
4(4659 4749 12039 11949)
4(4748 12038 12039 4749)
4(4660 4750 12040 11950)
4(4749 12039 12040 4750)
4(4750 12040 12041 4751)
4(4662 4752 12042 11952)
4(399 1695 12042 4752)
4(4663 4753 12043 11953)
4(4752 12042 12043 4753)
4(4664 4754 12044 11954)
4(4753 12043 12044 4754)
4(4665 4755 12045 11955)
4(4754 12044 12045 4755)
4(4666 4756 12046 11956)
4(4755 12045 12046 4756)
4(4667 4757 12047 11957)
4(4756 12046 12047 4757)
4(4668 4758 12048 11958)
4(4757 12047 12048 4758)
4(4669 4759 12049 11959)
4(4758 12048 12049 4759)
4(4670 4760 12050 11960)
4(4759 12049 12050 4760)
4(4671 4761 12051 11961)
4(4760 12050 12051 4761)
4(4672 4762 12052 11962)
4(4761 12051 12052 4762)
4(4673 4763 12053 11963)
4(4762 12052 12053 4763)
4(4674 4764 12054 11964)
4(4763 12053 12054 4764)
4(4675 4765 12055 11965)
4(4764 12054 12055 4765)
4(4676 4766 12056 11966)
4(4765 12055 12056 4766)
4(4677 4767 12057 11967)
4(4766 12056 12057 4767)
4(4678 4768 12058 11968)
4(4767 12057 12058 4768)
4(4679 4769 12059 11969)
4(4768 12058 12059 4769)
4(4680 4770 12060 11970)
4(4769 12059 12060 4770)
4(4681 4771 12061 11971)
4(4770 12060 12061 4771)
4(4682 4772 12062 11972)
4(4771 12061 12062 4772)
4(4683 4773 12063 11973)
4(4772 12062 12063 4773)
4(4684 4774 12064 11974)
4(4773 12063 12064 4774)
4(4685 4775 12065 11975)
4(4774 12064 12065 4775)
4(4686 4776 12066 11976)
4(4775 12065 12066 4776)
4(4687 4777 12067 11977)
4(4776 12066 12067 4777)
4(4688 4778 12068 11978)
4(4777 12067 12068 4778)
4(4689 4779 12069 11979)
4(4778 12068 12069 4779)
4(4690 4780 12070 11980)
4(4779 12069 12070 4780)
4(4691 4781 12071 11981)
4(4780 12070 12071 4781)
4(4692 4782 12072 11982)
4(4781 12071 12072 4782)
4(4693 4783 12073 11983)
4(4782 12072 12073 4783)
4(4694 4784 12074 11984)
4(4783 12073 12074 4784)
4(4695 4785 12075 11985)
4(4784 12074 12075 4785)
4(4696 4786 12076 11986)
4(4785 12075 12076 4786)
4(4697 4787 12077 11987)
4(4786 12076 12077 4787)
4(4698 4788 12078 11988)
4(4787 12077 12078 4788)
4(4699 4789 12079 11989)
4(4788 12078 12079 4789)
4(4700 4790 12080 11990)
4(4789 12079 12080 4790)
4(4701 4791 12081 11991)
4(4790 12080 12081 4791)
4(4702 4792 12082 11992)
4(4791 12081 12082 4792)
4(4703 4793 12083 11993)
4(4792 12082 12083 4793)
4(4704 4794 12084 11994)
4(4793 12083 12084 4794)
4(4705 4795 12085 11995)
4(4794 12084 12085 4795)
4(4706 4796 12086 11996)
4(4795 12085 12086 4796)
4(4707 4797 12087 11997)
4(4796 12086 12087 4797)
4(4708 4798 12088 11998)
4(4797 12087 12088 4798)
4(4709 4799 12089 11999)
4(4798 12088 12089 4799)
4(4710 4800 12090 12000)
4(4799 12089 12090 4800)
4(4711 4801 12091 12001)
4(4800 12090 12091 4801)
4(4712 4802 12092 12002)
4(4801 12091 12092 4802)
4(4713 4803 12093 12003)
4(4802 12092 12093 4803)
4(4714 4804 12094 12004)
4(4803 12093 12094 4804)
4(4715 4805 12095 12005)
4(4804 12094 12095 4805)
4(4716 4806 12096 12006)
4(4805 12095 12096 4806)
4(4717 4807 12097 12007)
4(4806 12096 12097 4807)
4(4718 4808 12098 12008)
4(4807 12097 12098 4808)
4(4719 4809 12099 12009)
4(4808 12098 12099 4809)
4(4720 4810 12100 12010)
4(4809 12099 12100 4810)
4(4721 4811 12101 12011)
4(4810 12100 12101 4811)
4(4722 4812 12102 12012)
4(4811 12101 12102 4812)
4(4723 4813 12103 12013)
4(4812 12102 12103 4813)
4(4724 4814 12104 12014)
4(4813 12103 12104 4814)
4(4725 4815 12105 12015)
4(4814 12104 12105 4815)
4(4726 4816 12106 12016)
4(4815 12105 12106 4816)
4(4727 4817 12107 12017)
4(4816 12106 12107 4817)
4(4728 4818 12108 12018)
4(4817 12107 12108 4818)
4(4729 4819 12109 12019)
4(4818 12108 12109 4819)
4(4730 4820 12110 12020)
4(4819 12109 12110 4820)
4(4731 4821 12111 12021)
4(4820 12110 12111 4821)
4(4732 4822 12112 12022)
4(4821 12111 12112 4822)
4(4733 4823 12113 12023)
4(4822 12112 12113 4823)
4(4734 4824 12114 12024)
4(4823 12113 12114 4824)
4(4735 4825 12115 12025)
4(4824 12114 12115 4825)
4(4736 4826 12116 12026)
4(4825 12115 12116 4826)
4(4737 4827 12117 12027)
4(4826 12116 12117 4827)
4(4738 4828 12118 12028)
4(4827 12117 12118 4828)
4(4739 4829 12119 12029)
4(4828 12118 12119 4829)
4(4740 4830 12120 12030)
4(4829 12119 12120 4830)
4(4741 4831 12121 12031)
4(4830 12120 12121 4831)
4(4742 4832 12122 12032)
4(4831 12121 12122 4832)
4(4743 4833 12123 12033)
4(4832 12122 12123 4833)
4(4744 4834 12124 12034)
4(4833 12123 12124 4834)
4(4745 4835 12125 12035)
4(4834 12124 12125 4835)
4(4746 4836 12126 12036)
4(4835 12125 12126 4836)
4(4747 4837 12127 12037)
4(4836 12126 12127 4837)
4(4748 4838 12128 12038)
4(4837 12127 12128 4838)
4(4749 4839 12129 12039)
4(4838 12128 12129 4839)
4(4750 4840 12130 12040)
4(4839 12129 12130 4840)
4(4840 12130 12131 4841)
4(4752 4842 12132 12042)
4(415 1711 12132 4842)
4(4753 4843 12133 12043)
4(4842 12132 12133 4843)
4(4754 4844 12134 12044)
4(4843 12133 12134 4844)
4(4755 4845 12135 12045)
4(4844 12134 12135 4845)
4(4756 4846 12136 12046)
4(4845 12135 12136 4846)
4(4757 4847 12137 12047)
4(4846 12136 12137 4847)
4(4758 4848 12138 12048)
4(4847 12137 12138 4848)
4(4759 4849 12139 12049)
4(4848 12138 12139 4849)
4(4760 4850 12140 12050)
4(4849 12139 12140 4850)
4(4761 4851 12141 12051)
4(4850 12140 12141 4851)
4(4762 4852 12142 12052)
4(4851 12141 12142 4852)
4(4763 4853 12143 12053)
4(4852 12142 12143 4853)
4(4764 4854 12144 12054)
4(4853 12143 12144 4854)
4(4765 4855 12145 12055)
4(4854 12144 12145 4855)
4(4766 4856 12146 12056)
4(4855 12145 12146 4856)
4(4767 4857 12147 12057)
4(4856 12146 12147 4857)
4(4768 4858 12148 12058)
4(4857 12147 12148 4858)
4(4769 4859 12149 12059)
4(4858 12148 12149 4859)
4(4770 4860 12150 12060)
4(4859 12149 12150 4860)
4(4771 4861 12151 12061)
4(4860 12150 12151 4861)
4(4772 4862 12152 12062)
4(4861 12151 12152 4862)
4(4773 4863 12153 12063)
4(4862 12152 12153 4863)
4(4774 4864 12154 12064)
4(4863 12153 12154 4864)
4(4775 4865 12155 12065)
4(4864 12154 12155 4865)
4(4776 4866 12156 12066)
4(4865 12155 12156 4866)
4(4777 4867 12157 12067)
4(4866 12156 12157 4867)
4(4778 4868 12158 12068)
4(4867 12157 12158 4868)
4(4779 4869 12159 12069)
4(4868 12158 12159 4869)
4(4780 4870 12160 12070)
4(4869 12159 12160 4870)
4(4781 4871 12161 12071)
4(4870 12160 12161 4871)
4(4782 4872 12162 12072)
4(4871 12161 12162 4872)
4(4783 4873 12163 12073)
4(4872 12162 12163 4873)
4(4784 4874 12164 12074)
4(4873 12163 12164 4874)
4(4785 4875 12165 12075)
4(4874 12164 12165 4875)
4(4786 4876 12166 12076)
4(4875 12165 12166 4876)
4(4787 4877 12167 12077)
4(4876 12166 12167 4877)
4(4788 4878 12168 12078)
4(4877 12167 12168 4878)
4(4789 4879 12169 12079)
4(4878 12168 12169 4879)
4(4790 4880 12170 12080)
4(4879 12169 12170 4880)
4(4791 4881 12171 12081)
4(4880 12170 12171 4881)
4(4792 4882 12172 12082)
4(4881 12171 12172 4882)
4(4793 4883 12173 12083)
4(4882 12172 12173 4883)
4(4794 4884 12174 12084)
4(4883 12173 12174 4884)
4(4795 4885 12175 12085)
4(4884 12174 12175 4885)
4(4796 4886 12176 12086)
4(4885 12175 12176 4886)
4(4797 4887 12177 12087)
4(4886 12176 12177 4887)
4(4798 4888 12178 12088)
4(4887 12177 12178 4888)
4(4799 4889 12179 12089)
4(4888 12178 12179 4889)
4(4800 4890 12180 12090)
4(4889 12179 12180 4890)
4(4801 4891 12181 12091)
4(4890 12180 12181 4891)
4(4802 4892 12182 12092)
4(4891 12181 12182 4892)
4(4803 4893 12183 12093)
4(4892 12182 12183 4893)
4(4804 4894 12184 12094)
4(4893 12183 12184 4894)
4(4805 4895 12185 12095)
4(4894 12184 12185 4895)
4(4806 4896 12186 12096)
4(4895 12185 12186 4896)
4(4807 4897 12187 12097)
4(4896 12186 12187 4897)
4(4808 4898 12188 12098)
4(4897 12187 12188 4898)
4(4809 4899 12189 12099)
4(4898 12188 12189 4899)
4(4810 4900 12190 12100)
4(4899 12189 12190 4900)
4(4811 4901 12191 12101)
4(4900 12190 12191 4901)
4(4812 4902 12192 12102)
4(4901 12191 12192 4902)
4(4813 4903 12193 12103)
4(4902 12192 12193 4903)
4(4814 4904 12194 12104)
4(4903 12193 12194 4904)
4(4815 4905 12195 12105)
4(4904 12194 12195 4905)
4(4816 4906 12196 12106)
4(4905 12195 12196 4906)
4(4817 4907 12197 12107)
4(4906 12196 12197 4907)
4(4818 4908 12198 12108)
4(4907 12197 12198 4908)
4(4819 4909 12199 12109)
4(4908 12198 12199 4909)
4(4820 4910 12200 12110)
4(4909 12199 12200 4910)
4(4821 4911 12201 12111)
4(4910 12200 12201 4911)
4(4822 4912 12202 12112)
4(4911 12201 12202 4912)
4(4823 4913 12203 12113)
4(4912 12202 12203 4913)
4(4824 4914 12204 12114)
4(4913 12203 12204 4914)
4(4825 4915 12205 12115)
4(4914 12204 12205 4915)
4(4826 4916 12206 12116)
4(4915 12205 12206 4916)
4(4827 4917 12207 12117)
4(4916 12206 12207 4917)
4(4828 4918 12208 12118)
4(4917 12207 12208 4918)
4(4829 4919 12209 12119)
4(4918 12208 12209 4919)
4(4830 4920 12210 12120)
4(4919 12209 12210 4920)
4(4831 4921 12211 12121)
4(4920 12210 12211 4921)
4(4832 4922 12212 12122)
4(4921 12211 12212 4922)
4(4833 4923 12213 12123)
4(4922 12212 12213 4923)
4(4834 4924 12214 12124)
4(4923 12213 12214 4924)
4(4835 4925 12215 12125)
4(4924 12214 12215 4925)
4(4836 4926 12216 12126)
4(4925 12215 12216 4926)
4(4837 4927 12217 12127)
4(4926 12216 12217 4927)
4(4838 4928 12218 12128)
4(4927 12217 12218 4928)
4(4839 4929 12219 12129)
4(4928 12218 12219 4929)
4(4840 4930 12220 12130)
4(4929 12219 12220 4930)
4(4930 12220 12221 4931)
4(4842 4932 12222 12132)
4(431 1727 12222 4932)
4(4843 4933 12223 12133)
4(4932 12222 12223 4933)
4(4844 4934 12224 12134)
4(4933 12223 12224 4934)
4(4845 4935 12225 12135)
4(4934 12224 12225 4935)
4(4846 4936 12226 12136)
4(4935 12225 12226 4936)
4(4847 4937 12227 12137)
4(4936 12226 12227 4937)
4(4848 4938 12228 12138)
4(4937 12227 12228 4938)
4(4849 4939 12229 12139)
4(4938 12228 12229 4939)
4(4850 4940 12230 12140)
4(4939 12229 12230 4940)
4(4851 4941 12231 12141)
4(4940 12230 12231 4941)
4(4852 4942 12232 12142)
4(4941 12231 12232 4942)
4(4853 4943 12233 12143)
4(4942 12232 12233 4943)
4(4854 4944 12234 12144)
4(4943 12233 12234 4944)
4(4855 4945 12235 12145)
4(4944 12234 12235 4945)
4(4856 4946 12236 12146)
4(4945 12235 12236 4946)
4(4857 4947 12237 12147)
4(4946 12236 12237 4947)
4(4858 4948 12238 12148)
4(4947 12237 12238 4948)
4(4859 4949 12239 12149)
4(4948 12238 12239 4949)
4(4860 4950 12240 12150)
4(4949 12239 12240 4950)
4(4861 4951 12241 12151)
4(4950 12240 12241 4951)
4(4862 4952 12242 12152)
4(4951 12241 12242 4952)
4(4863 4953 12243 12153)
4(4952 12242 12243 4953)
4(4864 4954 12244 12154)
4(4953 12243 12244 4954)
4(4865 4955 12245 12155)
4(4954 12244 12245 4955)
4(4866 4956 12246 12156)
4(4955 12245 12246 4956)
4(4867 4957 12247 12157)
4(4956 12246 12247 4957)
4(4868 4958 12248 12158)
4(4957 12247 12248 4958)
4(4869 4959 12249 12159)
4(4958 12248 12249 4959)
4(4870 4960 12250 12160)
4(4959 12249 12250 4960)
4(4871 4961 12251 12161)
4(4960 12250 12251 4961)
4(4872 4962 12252 12162)
4(4961 12251 12252 4962)
4(4873 4963 12253 12163)
4(4962 12252 12253 4963)
4(4874 4964 12254 12164)
4(4963 12253 12254 4964)
4(4875 4965 12255 12165)
4(4964 12254 12255 4965)
4(4876 4966 12256 12166)
4(4965 12255 12256 4966)
4(4877 4967 12257 12167)
4(4966 12256 12257 4967)
4(4878 4968 12258 12168)
4(4967 12257 12258 4968)
4(4879 4969 12259 12169)
4(4968 12258 12259 4969)
4(4880 4970 12260 12170)
4(4969 12259 12260 4970)
4(4881 4971 12261 12171)
4(4970 12260 12261 4971)
4(4882 4972 12262 12172)
4(4971 12261 12262 4972)
4(4883 4973 12263 12173)
4(4972 12262 12263 4973)
4(4884 4974 12264 12174)
4(4973 12263 12264 4974)
4(4885 4975 12265 12175)
4(4974 12264 12265 4975)
4(4886 4976 12266 12176)
4(4975 12265 12266 4976)
4(4887 4977 12267 12177)
4(4976 12266 12267 4977)
4(4888 4978 12268 12178)
4(4977 12267 12268 4978)
4(4889 4979 12269 12179)
4(4978 12268 12269 4979)
4(4890 4980 12270 12180)
4(4979 12269 12270 4980)
4(4891 4981 12271 12181)
4(4980 12270 12271 4981)
4(4892 4982 12272 12182)
4(4981 12271 12272 4982)
4(4893 4983 12273 12183)
4(4982 12272 12273 4983)
4(4894 4984 12274 12184)
4(4983 12273 12274 4984)
4(4895 4985 12275 12185)
4(4984 12274 12275 4985)
4(4896 4986 12276 12186)
4(4985 12275 12276 4986)
4(4897 4987 12277 12187)
4(4986 12276 12277 4987)
4(4898 4988 12278 12188)
4(4987 12277 12278 4988)
4(4899 4989 12279 12189)
4(4988 12278 12279 4989)
4(4900 4990 12280 12190)
4(4989 12279 12280 4990)
4(4901 4991 12281 12191)
4(4990 12280 12281 4991)
4(4902 4992 12282 12192)
4(4991 12281 12282 4992)
4(4903 4993 12283 12193)
4(4992 12282 12283 4993)
4(4904 4994 12284 12194)
4(4993 12283 12284 4994)
4(4905 4995 12285 12195)
4(4994 12284 12285 4995)
4(4906 4996 12286 12196)
4(4995 12285 12286 4996)
4(4907 4997 12287 12197)
4(4996 12286 12287 4997)
4(4908 4998 12288 12198)
4(4997 12287 12288 4998)
4(4909 4999 12289 12199)
4(4998 12288 12289 4999)
4(4910 5000 12290 12200)
4(4999 12289 12290 5000)
4(4911 5001 12291 12201)
4(5000 12290 12291 5001)
4(4912 5002 12292 12202)
4(5001 12291 12292 5002)
4(4913 5003 12293 12203)
4(5002 12292 12293 5003)
4(4914 5004 12294 12204)
4(5003 12293 12294 5004)
4(4915 5005 12295 12205)
4(5004 12294 12295 5005)
4(4916 5006 12296 12206)
4(5005 12295 12296 5006)
4(4917 5007 12297 12207)
4(5006 12296 12297 5007)
4(4918 5008 12298 12208)
4(5007 12297 12298 5008)
4(4919 5009 12299 12209)
4(5008 12298 12299 5009)
4(4920 5010 12300 12210)
4(5009 12299 12300 5010)
4(4921 5011 12301 12211)
4(5010 12300 12301 5011)
4(4922 5012 12302 12212)
4(5011 12301 12302 5012)
4(4923 5013 12303 12213)
4(5012 12302 12303 5013)
4(4924 5014 12304 12214)
4(5013 12303 12304 5014)
4(4925 5015 12305 12215)
4(5014 12304 12305 5015)
4(4926 5016 12306 12216)
4(5015 12305 12306 5016)
4(4927 5017 12307 12217)
4(5016 12306 12307 5017)
4(4928 5018 12308 12218)
4(5017 12307 12308 5018)
4(4929 5019 12309 12219)
4(5018 12308 12309 5019)
4(4930 5020 12310 12220)
4(5019 12309 12310 5020)
4(5020 12310 12311 5021)
4(4932 5022 12312 12222)
4(447 1743 12312 5022)
4(4933 5023 12313 12223)
4(5022 12312 12313 5023)
4(4934 5024 12314 12224)
4(5023 12313 12314 5024)
4(4935 5025 12315 12225)
4(5024 12314 12315 5025)
4(4936 5026 12316 12226)
4(5025 12315 12316 5026)
4(4937 5027 12317 12227)
4(5026 12316 12317 5027)
4(4938 5028 12318 12228)
4(5027 12317 12318 5028)
4(4939 5029 12319 12229)
4(5028 12318 12319 5029)
4(4940 5030 12320 12230)
4(5029 12319 12320 5030)
4(4941 5031 12321 12231)
4(5030 12320 12321 5031)
4(4942 5032 12322 12232)
4(5031 12321 12322 5032)
4(4943 5033 12323 12233)
4(5032 12322 12323 5033)
4(4944 5034 12324 12234)
4(5033 12323 12324 5034)
4(4945 5035 12325 12235)
4(5034 12324 12325 5035)
4(4946 5036 12326 12236)
4(5035 12325 12326 5036)
4(4947 5037 12327 12237)
4(5036 12326 12327 5037)
4(4948 5038 12328 12238)
4(5037 12327 12328 5038)
4(4949 5039 12329 12239)
4(5038 12328 12329 5039)
4(4950 5040 12330 12240)
4(5039 12329 12330 5040)
4(4951 5041 12331 12241)
4(5040 12330 12331 5041)
4(4952 5042 12332 12242)
4(5041 12331 12332 5042)
4(4953 5043 12333 12243)
4(5042 12332 12333 5043)
4(4954 5044 12334 12244)
4(5043 12333 12334 5044)
4(4955 5045 12335 12245)
4(5044 12334 12335 5045)
4(4956 5046 12336 12246)
4(5045 12335 12336 5046)
4(4957 5047 12337 12247)
4(5046 12336 12337 5047)
4(4958 5048 12338 12248)
4(5047 12337 12338 5048)
4(4959 5049 12339 12249)
4(5048 12338 12339 5049)
4(4960 5050 12340 12250)
4(5049 12339 12340 5050)
4(4961 5051 12341 12251)
4(5050 12340 12341 5051)
4(4962 5052 12342 12252)
4(5051 12341 12342 5052)
4(4963 5053 12343 12253)
4(5052 12342 12343 5053)
4(4964 5054 12344 12254)
4(5053 12343 12344 5054)
4(4965 5055 12345 12255)
4(5054 12344 12345 5055)
4(4966 5056 12346 12256)
4(5055 12345 12346 5056)
4(4967 5057 12347 12257)
4(5056 12346 12347 5057)
4(4968 5058 12348 12258)
4(5057 12347 12348 5058)
4(4969 5059 12349 12259)
4(5058 12348 12349 5059)
4(4970 5060 12350 12260)
4(5059 12349 12350 5060)
4(4971 5061 12351 12261)
4(5060 12350 12351 5061)
4(4972 5062 12352 12262)
4(5061 12351 12352 5062)
4(4973 5063 12353 12263)
4(5062 12352 12353 5063)
4(4974 5064 12354 12264)
4(5063 12353 12354 5064)
4(4975 5065 12355 12265)
4(5064 12354 12355 5065)
4(4976 5066 12356 12266)
4(5065 12355 12356 5066)
4(4977 5067 12357 12267)
4(5066 12356 12357 5067)
4(4978 5068 12358 12268)
4(5067 12357 12358 5068)
4(4979 5069 12359 12269)
4(5068 12358 12359 5069)
4(4980 5070 12360 12270)
4(5069 12359 12360 5070)
4(4981 5071 12361 12271)
4(5070 12360 12361 5071)
4(4982 5072 12362 12272)
4(5071 12361 12362 5072)
4(4983 5073 12363 12273)
4(5072 12362 12363 5073)
4(4984 5074 12364 12274)
4(5073 12363 12364 5074)
4(4985 5075 12365 12275)
4(5074 12364 12365 5075)
4(4986 5076 12366 12276)
4(5075 12365 12366 5076)
4(4987 5077 12367 12277)
4(5076 12366 12367 5077)
4(4988 5078 12368 12278)
4(5077 12367 12368 5078)
4(4989 5079 12369 12279)
4(5078 12368 12369 5079)
4(4990 5080 12370 12280)
4(5079 12369 12370 5080)
4(4991 5081 12371 12281)
4(5080 12370 12371 5081)
4(4992 5082 12372 12282)
4(5081 12371 12372 5082)
4(4993 5083 12373 12283)
4(5082 12372 12373 5083)
4(4994 5084 12374 12284)
4(5083 12373 12374 5084)
4(4995 5085 12375 12285)
4(5084 12374 12375 5085)
4(4996 5086 12376 12286)
4(5085 12375 12376 5086)
4(4997 5087 12377 12287)
4(5086 12376 12377 5087)
4(4998 5088 12378 12288)
4(5087 12377 12378 5088)
4(4999 5089 12379 12289)
4(5088 12378 12379 5089)
4(5000 5090 12380 12290)
4(5089 12379 12380 5090)
4(5001 5091 12381 12291)
4(5090 12380 12381 5091)
4(5002 5092 12382 12292)
4(5091 12381 12382 5092)
4(5003 5093 12383 12293)
4(5092 12382 12383 5093)
4(5004 5094 12384 12294)
4(5093 12383 12384 5094)
4(5005 5095 12385 12295)
4(5094 12384 12385 5095)
4(5006 5096 12386 12296)
4(5095 12385 12386 5096)
4(5007 5097 12387 12297)
4(5096 12386 12387 5097)
4(5008 5098 12388 12298)
4(5097 12387 12388 5098)
4(5009 5099 12389 12299)
4(5098 12388 12389 5099)
4(5010 5100 12390 12300)
4(5099 12389 12390 5100)
4(5011 5101 12391 12301)
4(5100 12390 12391 5101)
4(5012 5102 12392 12302)
4(5101 12391 12392 5102)
4(5013 5103 12393 12303)
4(5102 12392 12393 5103)
4(5014 5104 12394 12304)
4(5103 12393 12394 5104)
4(5015 5105 12395 12305)
4(5104 12394 12395 5105)
4(5016 5106 12396 12306)
4(5105 12395 12396 5106)
4(5017 5107 12397 12307)
4(5106 12396 12397 5107)
4(5018 5108 12398 12308)
4(5107 12397 12398 5108)
4(5019 5109 12399 12309)
4(5108 12398 12399 5109)
4(5020 5110 12400 12310)
4(5109 12399 12400 5110)
4(5110 12400 12401 5111)
4(5022 5112 12402 12312)
4(463 1759 12402 5112)
4(5023 5113 12403 12313)
4(5112 12402 12403 5113)
4(5024 5114 12404 12314)
4(5113 12403 12404 5114)
4(5025 5115 12405 12315)
4(5114 12404 12405 5115)
4(5026 5116 12406 12316)
4(5115 12405 12406 5116)
4(5027 5117 12407 12317)
4(5116 12406 12407 5117)
4(5028 5118 12408 12318)
4(5117 12407 12408 5118)
4(5029 5119 12409 12319)
4(5118 12408 12409 5119)
4(5030 5120 12410 12320)
4(5119 12409 12410 5120)
4(5031 5121 12411 12321)
4(5120 12410 12411 5121)
4(5032 5122 12412 12322)
4(5121 12411 12412 5122)
4(5033 5123 12413 12323)
4(5122 12412 12413 5123)
4(5034 5124 12414 12324)
4(5123 12413 12414 5124)
4(5035 5125 12415 12325)
4(5124 12414 12415 5125)
4(5036 5126 12416 12326)
4(5125 12415 12416 5126)
4(5037 5127 12417 12327)
4(5126 12416 12417 5127)
4(5038 5128 12418 12328)
4(5127 12417 12418 5128)
4(5039 5129 12419 12329)
4(5128 12418 12419 5129)
4(5040 5130 12420 12330)
4(5129 12419 12420 5130)
4(5041 5131 12421 12331)
4(5130 12420 12421 5131)
4(5042 5132 12422 12332)
4(5131 12421 12422 5132)
4(5043 5133 12423 12333)
4(5132 12422 12423 5133)
4(5044 5134 12424 12334)
4(5133 12423 12424 5134)
4(5045 5135 12425 12335)
4(5134 12424 12425 5135)
4(5046 5136 12426 12336)
4(5135 12425 12426 5136)
4(5047 5137 12427 12337)
4(5136 12426 12427 5137)
4(5048 5138 12428 12338)
4(5137 12427 12428 5138)
4(5049 5139 12429 12339)
4(5138 12428 12429 5139)
4(5050 5140 12430 12340)
4(5139 12429 12430 5140)
4(5051 5141 12431 12341)
4(5140 12430 12431 5141)
4(5052 5142 12432 12342)
4(5141 12431 12432 5142)
4(5053 5143 12433 12343)
4(5142 12432 12433 5143)
4(5054 5144 12434 12344)
4(5143 12433 12434 5144)
4(5055 5145 12435 12345)
4(5144 12434 12435 5145)
4(5056 5146 12436 12346)
4(5145 12435 12436 5146)
4(5057 5147 12437 12347)
4(5146 12436 12437 5147)
4(5058 5148 12438 12348)
4(5147 12437 12438 5148)
4(5059 5149 12439 12349)
4(5148 12438 12439 5149)
4(5060 5150 12440 12350)
4(5149 12439 12440 5150)
4(5061 5151 12441 12351)
4(5150 12440 12441 5151)
4(5062 5152 12442 12352)
4(5151 12441 12442 5152)
4(5063 5153 12443 12353)
4(5152 12442 12443 5153)
4(5064 5154 12444 12354)
4(5153 12443 12444 5154)
4(5065 5155 12445 12355)
4(5154 12444 12445 5155)
4(5066 5156 12446 12356)
4(5155 12445 12446 5156)
4(5067 5157 12447 12357)
4(5156 12446 12447 5157)
4(5068 5158 12448 12358)
4(5157 12447 12448 5158)
4(5069 5159 12449 12359)
4(5158 12448 12449 5159)
4(5070 5160 12450 12360)
4(5159 12449 12450 5160)
4(5071 5161 12451 12361)
4(5160 12450 12451 5161)
4(5072 5162 12452 12362)
4(5161 12451 12452 5162)
4(5073 5163 12453 12363)
4(5162 12452 12453 5163)
4(5074 5164 12454 12364)
4(5163 12453 12454 5164)
4(5075 5165 12455 12365)
4(5164 12454 12455 5165)
4(5076 5166 12456 12366)
4(5165 12455 12456 5166)
4(5077 5167 12457 12367)
4(5166 12456 12457 5167)
4(5078 5168 12458 12368)
4(5167 12457 12458 5168)
4(5079 5169 12459 12369)
4(5168 12458 12459 5169)
4(5080 5170 12460 12370)
4(5169 12459 12460 5170)
4(5081 5171 12461 12371)
4(5170 12460 12461 5171)
4(5082 5172 12462 12372)
4(5171 12461 12462 5172)
4(5083 5173 12463 12373)
4(5172 12462 12463 5173)
4(5084 5174 12464 12374)
4(5173 12463 12464 5174)
4(5085 5175 12465 12375)
4(5174 12464 12465 5175)
4(5086 5176 12466 12376)
4(5175 12465 12466 5176)
4(5087 5177 12467 12377)
4(5176 12466 12467 5177)
4(5088 5178 12468 12378)
4(5177 12467 12468 5178)
4(5089 5179 12469 12379)
4(5178 12468 12469 5179)
4(5090 5180 12470 12380)
4(5179 12469 12470 5180)
4(5091 5181 12471 12381)
4(5180 12470 12471 5181)
4(5092 5182 12472 12382)
4(5181 12471 12472 5182)
4(5093 5183 12473 12383)
4(5182 12472 12473 5183)
4(5094 5184 12474 12384)
4(5183 12473 12474 5184)
4(5095 5185 12475 12385)
4(5184 12474 12475 5185)
4(5096 5186 12476 12386)
4(5185 12475 12476 5186)
4(5097 5187 12477 12387)
4(5186 12476 12477 5187)
4(5098 5188 12478 12388)
4(5187 12477 12478 5188)
4(5099 5189 12479 12389)
4(5188 12478 12479 5189)
4(5100 5190 12480 12390)
4(5189 12479 12480 5190)
4(5101 5191 12481 12391)
4(5190 12480 12481 5191)
4(5102 5192 12482 12392)
4(5191 12481 12482 5192)
4(5103 5193 12483 12393)
4(5192 12482 12483 5193)
4(5104 5194 12484 12394)
4(5193 12483 12484 5194)
4(5105 5195 12485 12395)
4(5194 12484 12485 5195)
4(5106 5196 12486 12396)
4(5195 12485 12486 5196)
4(5107 5197 12487 12397)
4(5196 12486 12487 5197)
4(5108 5198 12488 12398)
4(5197 12487 12488 5198)
4(5109 5199 12489 12399)
4(5198 12488 12489 5199)
4(5110 5200 12490 12400)
4(5199 12489 12490 5200)
4(5200 12490 12491 5201)
4(5112 5202 12492 12402)
4(479 1775 12492 5202)
4(5113 5203 12493 12403)
4(5202 12492 12493 5203)
4(5114 5204 12494 12404)
4(5203 12493 12494 5204)
4(5115 5205 12495 12405)
4(5204 12494 12495 5205)
4(5116 5206 12496 12406)
4(5205 12495 12496 5206)
4(5117 5207 12497 12407)
4(5206 12496 12497 5207)
4(5118 5208 12498 12408)
4(5207 12497 12498 5208)
4(5119 5209 12499 12409)
4(5208 12498 12499 5209)
4(5120 5210 12500 12410)
4(5209 12499 12500 5210)
4(5121 5211 12501 12411)
4(5210 12500 12501 5211)
4(5122 5212 12502 12412)
4(5211 12501 12502 5212)
4(5123 5213 12503 12413)
4(5212 12502 12503 5213)
4(5124 5214 12504 12414)
4(5213 12503 12504 5214)
4(5125 5215 12505 12415)
4(5214 12504 12505 5215)
4(5126 5216 12506 12416)
4(5215 12505 12506 5216)
4(5127 5217 12507 12417)
4(5216 12506 12507 5217)
4(5128 5218 12508 12418)
4(5217 12507 12508 5218)
4(5129 5219 12509 12419)
4(5218 12508 12509 5219)
4(5130 5220 12510 12420)
4(5219 12509 12510 5220)
4(5131 5221 12511 12421)
4(5220 12510 12511 5221)
4(5132 5222 12512 12422)
4(5221 12511 12512 5222)
4(5133 5223 12513 12423)
4(5222 12512 12513 5223)
4(5134 5224 12514 12424)
4(5223 12513 12514 5224)
4(5135 5225 12515 12425)
4(5224 12514 12515 5225)
4(5136 5226 12516 12426)
4(5225 12515 12516 5226)
4(5137 5227 12517 12427)
4(5226 12516 12517 5227)
4(5138 5228 12518 12428)
4(5227 12517 12518 5228)
4(5139 5229 12519 12429)
4(5228 12518 12519 5229)
4(5140 5230 12520 12430)
4(5229 12519 12520 5230)
4(5141 5231 12521 12431)
4(5230 12520 12521 5231)
4(5142 5232 12522 12432)
4(5231 12521 12522 5232)
4(5143 5233 12523 12433)
4(5232 12522 12523 5233)
4(5144 5234 12524 12434)
4(5233 12523 12524 5234)
4(5145 5235 12525 12435)
4(5234 12524 12525 5235)
4(5146 5236 12526 12436)
4(5235 12525 12526 5236)
4(5147 5237 12527 12437)
4(5236 12526 12527 5237)
4(5148 5238 12528 12438)
4(5237 12527 12528 5238)
4(5149 5239 12529 12439)
4(5238 12528 12529 5239)
4(5150 5240 12530 12440)
4(5239 12529 12530 5240)
4(5151 5241 12531 12441)
4(5240 12530 12531 5241)
4(5152 5242 12532 12442)
4(5241 12531 12532 5242)
4(5153 5243 12533 12443)
4(5242 12532 12533 5243)
4(5154 5244 12534 12444)
4(5243 12533 12534 5244)
4(5155 5245 12535 12445)
4(5244 12534 12535 5245)
4(5156 5246 12536 12446)
4(5245 12535 12536 5246)
4(5157 5247 12537 12447)
4(5246 12536 12537 5247)
4(5158 5248 12538 12448)
4(5247 12537 12538 5248)
4(5159 5249 12539 12449)
4(5248 12538 12539 5249)
4(5160 5250 12540 12450)
4(5249 12539 12540 5250)
4(5161 5251 12541 12451)
4(5250 12540 12541 5251)
4(5162 5252 12542 12452)
4(5251 12541 12542 5252)
4(5163 5253 12543 12453)
4(5252 12542 12543 5253)
4(5164 5254 12544 12454)
4(5253 12543 12544 5254)
4(5165 5255 12545 12455)
4(5254 12544 12545 5255)
4(5166 5256 12546 12456)
4(5255 12545 12546 5256)
4(5167 5257 12547 12457)
4(5256 12546 12547 5257)
4(5168 5258 12548 12458)
4(5257 12547 12548 5258)
4(5169 5259 12549 12459)
4(5258 12548 12549 5259)
4(5170 5260 12550 12460)
4(5259 12549 12550 5260)
4(5171 5261 12551 12461)
4(5260 12550 12551 5261)
4(5172 5262 12552 12462)
4(5261 12551 12552 5262)
4(5173 5263 12553 12463)
4(5262 12552 12553 5263)
4(5174 5264 12554 12464)
4(5263 12553 12554 5264)
4(5175 5265 12555 12465)
4(5264 12554 12555 5265)
4(5176 5266 12556 12466)
4(5265 12555 12556 5266)
4(5177 5267 12557 12467)
4(5266 12556 12557 5267)
4(5178 5268 12558 12468)
4(5267 12557 12558 5268)
4(5179 5269 12559 12469)
4(5268 12558 12559 5269)
4(5180 5270 12560 12470)
4(5269 12559 12560 5270)
4(5181 5271 12561 12471)
4(5270 12560 12561 5271)
4(5182 5272 12562 12472)
4(5271 12561 12562 5272)
4(5183 5273 12563 12473)
4(5272 12562 12563 5273)
4(5184 5274 12564 12474)
4(5273 12563 12564 5274)
4(5185 5275 12565 12475)
4(5274 12564 12565 5275)
4(5186 5276 12566 12476)
4(5275 12565 12566 5276)
4(5187 5277 12567 12477)
4(5276 12566 12567 5277)
4(5188 5278 12568 12478)
4(5277 12567 12568 5278)
4(5189 5279 12569 12479)
4(5278 12568 12569 5279)
4(5190 5280 12570 12480)
4(5279 12569 12570 5280)
4(5191 5281 12571 12481)
4(5280 12570 12571 5281)
4(5192 5282 12572 12482)
4(5281 12571 12572 5282)
4(5193 5283 12573 12483)
4(5282 12572 12573 5283)
4(5194 5284 12574 12484)
4(5283 12573 12574 5284)
4(5195 5285 12575 12485)
4(5284 12574 12575 5285)
4(5196 5286 12576 12486)
4(5285 12575 12576 5286)
4(5197 5287 12577 12487)
4(5286 12576 12577 5287)
4(5198 5288 12578 12488)
4(5287 12577 12578 5288)
4(5199 5289 12579 12489)
4(5288 12578 12579 5289)
4(5200 5290 12580 12490)
4(5289 12579 12580 5290)
4(5290 12580 12581 5291)
4(5202 5292 12582 12492)
4(495 1791 12582 5292)
4(5203 5293 12583 12493)
4(5292 12582 12583 5293)
4(5204 5294 12584 12494)
4(5293 12583 12584 5294)
4(5205 5295 12585 12495)
4(5294 12584 12585 5295)
4(5206 5296 12586 12496)
4(5295 12585 12586 5296)
4(5207 5297 12587 12497)
4(5296 12586 12587 5297)
4(5208 5298 12588 12498)
4(5297 12587 12588 5298)
4(5209 5299 12589 12499)
4(5298 12588 12589 5299)
4(5210 5300 12590 12500)
4(5299 12589 12590 5300)
4(5211 5301 12591 12501)
4(5300 12590 12591 5301)
4(5212 5302 12592 12502)
4(5301 12591 12592 5302)
4(5213 5303 12593 12503)
4(5302 12592 12593 5303)
4(5214 5304 12594 12504)
4(5303 12593 12594 5304)
4(5215 5305 12595 12505)
4(5304 12594 12595 5305)
4(5216 5306 12596 12506)
4(5305 12595 12596 5306)
4(5217 5307 12597 12507)
4(5306 12596 12597 5307)
4(5218 5308 12598 12508)
4(5307 12597 12598 5308)
4(5219 5309 12599 12509)
4(5308 12598 12599 5309)
4(5220 5310 12600 12510)
4(5309 12599 12600 5310)
4(5221 5311 12601 12511)
4(5310 12600 12601 5311)
4(5222 5312 12602 12512)
4(5311 12601 12602 5312)
4(5223 5313 12603 12513)
4(5312 12602 12603 5313)
4(5224 5314 12604 12514)
4(5313 12603 12604 5314)
4(5225 5315 12605 12515)
4(5314 12604 12605 5315)
4(5226 5316 12606 12516)
4(5315 12605 12606 5316)
4(5227 5317 12607 12517)
4(5316 12606 12607 5317)
4(5228 5318 12608 12518)
4(5317 12607 12608 5318)
4(5229 5319 12609 12519)
4(5318 12608 12609 5319)
4(5230 5320 12610 12520)
4(5319 12609 12610 5320)
4(5231 5321 12611 12521)
4(5320 12610 12611 5321)
4(5232 5322 12612 12522)
4(5321 12611 12612 5322)
4(5233 5323 12613 12523)
4(5322 12612 12613 5323)
4(5234 5324 12614 12524)
4(5323 12613 12614 5324)
4(5235 5325 12615 12525)
4(5324 12614 12615 5325)
4(5236 5326 12616 12526)
4(5325 12615 12616 5326)
4(5237 5327 12617 12527)
4(5326 12616 12617 5327)
4(5238 5328 12618 12528)
4(5327 12617 12618 5328)
4(5239 5329 12619 12529)
4(5328 12618 12619 5329)
4(5240 5330 12620 12530)
4(5329 12619 12620 5330)
4(5241 5331 12621 12531)
4(5330 12620 12621 5331)
4(5242 5332 12622 12532)
4(5331 12621 12622 5332)
4(5243 5333 12623 12533)
4(5332 12622 12623 5333)
4(5244 5334 12624 12534)
4(5333 12623 12624 5334)
4(5245 5335 12625 12535)
4(5334 12624 12625 5335)
4(5246 5336 12626 12536)
4(5335 12625 12626 5336)
4(5247 5337 12627 12537)
4(5336 12626 12627 5337)
4(5248 5338 12628 12538)
4(5337 12627 12628 5338)
4(5249 5339 12629 12539)
4(5338 12628 12629 5339)
4(5250 5340 12630 12540)
4(5339 12629 12630 5340)
4(5251 5341 12631 12541)
4(5340 12630 12631 5341)
4(5252 5342 12632 12542)
4(5341 12631 12632 5342)
4(5253 5343 12633 12543)
4(5342 12632 12633 5343)
4(5254 5344 12634 12544)
4(5343 12633 12634 5344)
4(5255 5345 12635 12545)
4(5344 12634 12635 5345)
4(5256 5346 12636 12546)
4(5345 12635 12636 5346)
4(5257 5347 12637 12547)
4(5346 12636 12637 5347)
4(5258 5348 12638 12548)
4(5347 12637 12638 5348)
4(5259 5349 12639 12549)
4(5348 12638 12639 5349)
4(5260 5350 12640 12550)
4(5349 12639 12640 5350)
4(5261 5351 12641 12551)
4(5350 12640 12641 5351)
4(5262 5352 12642 12552)
4(5351 12641 12642 5352)
4(5263 5353 12643 12553)
4(5352 12642 12643 5353)
4(5264 5354 12644 12554)
4(5353 12643 12644 5354)
4(5265 5355 12645 12555)
4(5354 12644 12645 5355)
4(5266 5356 12646 12556)
4(5355 12645 12646 5356)
4(5267 5357 12647 12557)
4(5356 12646 12647 5357)
4(5268 5358 12648 12558)
4(5357 12647 12648 5358)
4(5269 5359 12649 12559)
4(5358 12648 12649 5359)
4(5270 5360 12650 12560)
4(5359 12649 12650 5360)
4(5271 5361 12651 12561)
4(5360 12650 12651 5361)
4(5272 5362 12652 12562)
4(5361 12651 12652 5362)
4(5273 5363 12653 12563)
4(5362 12652 12653 5363)
4(5274 5364 12654 12564)
4(5363 12653 12654 5364)
4(5275 5365 12655 12565)
4(5364 12654 12655 5365)
4(5276 5366 12656 12566)
4(5365 12655 12656 5366)
4(5277 5367 12657 12567)
4(5366 12656 12657 5367)
4(5278 5368 12658 12568)
4(5367 12657 12658 5368)
4(5279 5369 12659 12569)
4(5368 12658 12659 5369)
4(5280 5370 12660 12570)
4(5369 12659 12660 5370)
4(5281 5371 12661 12571)
4(5370 12660 12661 5371)
4(5282 5372 12662 12572)
4(5371 12661 12662 5372)
4(5283 5373 12663 12573)
4(5372 12662 12663 5373)
4(5284 5374 12664 12574)
4(5373 12663 12664 5374)
4(5285 5375 12665 12575)
4(5374 12664 12665 5375)
4(5286 5376 12666 12576)
4(5375 12665 12666 5376)
4(5287 5377 12667 12577)
4(5376 12666 12667 5377)
4(5288 5378 12668 12578)
4(5377 12667 12668 5378)
4(5289 5379 12669 12579)
4(5378 12668 12669 5379)
4(5290 5380 12670 12580)
4(5379 12669 12670 5380)
4(5380 12670 12671 5381)
4(5292 5382 12672 12582)
4(511 1807 12672 5382)
4(5293 5383 12673 12583)
4(5382 12672 12673 5383)
4(5294 5384 12674 12584)
4(5383 12673 12674 5384)
4(5295 5385 12675 12585)
4(5384 12674 12675 5385)
4(5296 5386 12676 12586)
4(5385 12675 12676 5386)
4(5297 5387 12677 12587)
4(5386 12676 12677 5387)
4(5298 5388 12678 12588)
4(5387 12677 12678 5388)
4(5299 5389 12679 12589)
4(5388 12678 12679 5389)
4(5300 5390 12680 12590)
4(5389 12679 12680 5390)
4(5301 5391 12681 12591)
4(5390 12680 12681 5391)
4(5302 5392 12682 12592)
4(5391 12681 12682 5392)
4(5303 5393 12683 12593)
4(5392 12682 12683 5393)
4(5304 5394 12684 12594)
4(5393 12683 12684 5394)
4(5305 5395 12685 12595)
4(5394 12684 12685 5395)
4(5306 5396 12686 12596)
4(5395 12685 12686 5396)
4(5307 5397 12687 12597)
4(5396 12686 12687 5397)
4(5308 5398 12688 12598)
4(5397 12687 12688 5398)
4(5309 5399 12689 12599)
4(5398 12688 12689 5399)
4(5310 5400 12690 12600)
4(5399 12689 12690 5400)
4(5311 5401 12691 12601)
4(5400 12690 12691 5401)
4(5312 5402 12692 12602)
4(5401 12691 12692 5402)
4(5313 5403 12693 12603)
4(5402 12692 12693 5403)
4(5314 5404 12694 12604)
4(5403 12693 12694 5404)
4(5315 5405 12695 12605)
4(5404 12694 12695 5405)
4(5316 5406 12696 12606)
4(5405 12695 12696 5406)
4(5317 5407 12697 12607)
4(5406 12696 12697 5407)
4(5318 5408 12698 12608)
4(5407 12697 12698 5408)
4(5319 5409 12699 12609)
4(5408 12698 12699 5409)
4(5320 5410 12700 12610)
4(5409 12699 12700 5410)
4(5321 5411 12701 12611)
4(5410 12700 12701 5411)
4(5322 5412 12702 12612)
4(5411 12701 12702 5412)
4(5323 5413 12703 12613)
4(5412 12702 12703 5413)
4(5324 5414 12704 12614)
4(5413 12703 12704 5414)
4(5325 5415 12705 12615)
4(5414 12704 12705 5415)
4(5326 5416 12706 12616)
4(5415 12705 12706 5416)
4(5327 5417 12707 12617)
4(5416 12706 12707 5417)
4(5328 5418 12708 12618)
4(5417 12707 12708 5418)
4(5329 5419 12709 12619)
4(5418 12708 12709 5419)
4(5330 5420 12710 12620)
4(5419 12709 12710 5420)
4(5331 5421 12711 12621)
4(5420 12710 12711 5421)
4(5332 5422 12712 12622)
4(5421 12711 12712 5422)
4(5333 5423 12713 12623)
4(5422 12712 12713 5423)
4(5334 5424 12714 12624)
4(5423 12713 12714 5424)
4(5335 5425 12715 12625)
4(5424 12714 12715 5425)
4(5336 5426 12716 12626)
4(5425 12715 12716 5426)
4(5337 5427 12717 12627)
4(5426 12716 12717 5427)
4(5338 5428 12718 12628)
4(5427 12717 12718 5428)
4(5339 5429 12719 12629)
4(5428 12718 12719 5429)
4(5340 5430 12720 12630)
4(5429 12719 12720 5430)
4(5341 5431 12721 12631)
4(5430 12720 12721 5431)
4(5342 5432 12722 12632)
4(5431 12721 12722 5432)
4(5343 5433 12723 12633)
4(5432 12722 12723 5433)
4(5344 5434 12724 12634)
4(5433 12723 12724 5434)
4(5345 5435 12725 12635)
4(5434 12724 12725 5435)
4(5346 5436 12726 12636)
4(5435 12725 12726 5436)
4(5347 5437 12727 12637)
4(5436 12726 12727 5437)
4(5348 5438 12728 12638)
4(5437 12727 12728 5438)
4(5349 5439 12729 12639)
4(5438 12728 12729 5439)
4(5350 5440 12730 12640)
4(5439 12729 12730 5440)
4(5351 5441 12731 12641)
4(5440 12730 12731 5441)
4(5352 5442 12732 12642)
4(5441 12731 12732 5442)
4(5353 5443 12733 12643)
4(5442 12732 12733 5443)
4(5354 5444 12734 12644)
4(5443 12733 12734 5444)
4(5355 5445 12735 12645)
4(5444 12734 12735 5445)
4(5356 5446 12736 12646)
4(5445 12735 12736 5446)
4(5357 5447 12737 12647)
4(5446 12736 12737 5447)
4(5358 5448 12738 12648)
4(5447 12737 12738 5448)
4(5359 5449 12739 12649)
4(5448 12738 12739 5449)
4(5360 5450 12740 12650)
4(5449 12739 12740 5450)
4(5361 5451 12741 12651)
4(5450 12740 12741 5451)
4(5362 5452 12742 12652)
4(5451 12741 12742 5452)
4(5363 5453 12743 12653)
4(5452 12742 12743 5453)
4(5364 5454 12744 12654)
4(5453 12743 12744 5454)
4(5365 5455 12745 12655)
4(5454 12744 12745 5455)
4(5366 5456 12746 12656)
4(5455 12745 12746 5456)
4(5367 5457 12747 12657)
4(5456 12746 12747 5457)
4(5368 5458 12748 12658)
4(5457 12747 12748 5458)
4(5369 5459 12749 12659)
4(5458 12748 12749 5459)
4(5370 5460 12750 12660)
4(5459 12749 12750 5460)
4(5371 5461 12751 12661)
4(5460 12750 12751 5461)
4(5372 5462 12752 12662)
4(5461 12751 12752 5462)
4(5373 5463 12753 12663)
4(5462 12752 12753 5463)
4(5374 5464 12754 12664)
4(5463 12753 12754 5464)
4(5375 5465 12755 12665)
4(5464 12754 12755 5465)
4(5376 5466 12756 12666)
4(5465 12755 12756 5466)
4(5377 5467 12757 12667)
4(5466 12756 12757 5467)
4(5378 5468 12758 12668)
4(5467 12757 12758 5468)
4(5379 5469 12759 12669)
4(5468 12758 12759 5469)
4(5380 5470 12760 12670)
4(5469 12759 12760 5470)
4(5470 12760 12761 5471)
4(5382 5472 12762 12672)
4(527 1823 12762 5472)
4(5383 5473 12763 12673)
4(5472 12762 12763 5473)
4(5384 5474 12764 12674)
4(5473 12763 12764 5474)
4(5385 5475 12765 12675)
4(5474 12764 12765 5475)
4(5386 5476 12766 12676)
4(5475 12765 12766 5476)
4(5387 5477 12767 12677)
4(5476 12766 12767 5477)
4(5388 5478 12768 12678)
4(5477 12767 12768 5478)
4(5389 5479 12769 12679)
4(5478 12768 12769 5479)
4(5390 5480 12770 12680)
4(5479 12769 12770 5480)
4(5391 5481 12771 12681)
4(5480 12770 12771 5481)
4(5392 5482 12772 12682)
4(5481 12771 12772 5482)
4(5393 5483 12773 12683)
4(5482 12772 12773 5483)
4(5394 5484 12774 12684)
4(5483 12773 12774 5484)
4(5395 5485 12775 12685)
4(5484 12774 12775 5485)
4(5396 5486 12776 12686)
4(5485 12775 12776 5486)
4(5397 5487 12777 12687)
4(5486 12776 12777 5487)
4(5398 5488 12778 12688)
4(5487 12777 12778 5488)
4(5399 5489 12779 12689)
4(5488 12778 12779 5489)
4(5400 5490 12780 12690)
4(5489 12779 12780 5490)
4(5401 5491 12781 12691)
4(5490 12780 12781 5491)
4(5402 5492 12782 12692)
4(5491 12781 12782 5492)
4(5403 5493 12783 12693)
4(5492 12782 12783 5493)
4(5404 5494 12784 12694)
4(5493 12783 12784 5494)
4(5405 5495 12785 12695)
4(5494 12784 12785 5495)
4(5406 5496 12786 12696)
4(5495 12785 12786 5496)
4(5407 5497 12787 12697)
4(5496 12786 12787 5497)
4(5408 5498 12788 12698)
4(5497 12787 12788 5498)
4(5409 5499 12789 12699)
4(5498 12788 12789 5499)
4(5410 5500 12790 12700)
4(5499 12789 12790 5500)
4(5411 5501 12791 12701)
4(5500 12790 12791 5501)
4(5412 5502 12792 12702)
4(5501 12791 12792 5502)
4(5413 5503 12793 12703)
4(5502 12792 12793 5503)
4(5414 5504 12794 12704)
4(5503 12793 12794 5504)
4(5415 5505 12795 12705)
4(5504 12794 12795 5505)
4(5416 5506 12796 12706)
4(5505 12795 12796 5506)
4(5417 5507 12797 12707)
4(5506 12796 12797 5507)
4(5418 5508 12798 12708)
4(5507 12797 12798 5508)
4(5419 5509 12799 12709)
4(5508 12798 12799 5509)
4(5420 5510 12800 12710)
4(5509 12799 12800 5510)
4(5421 5511 12801 12711)
4(5510 12800 12801 5511)
4(5422 5512 12802 12712)
4(5511 12801 12802 5512)
4(5423 5513 12803 12713)
4(5512 12802 12803 5513)
4(5424 5514 12804 12714)
4(5513 12803 12804 5514)
4(5425 5515 12805 12715)
4(5514 12804 12805 5515)
4(5426 5516 12806 12716)
4(5515 12805 12806 5516)
4(5427 5517 12807 12717)
4(5516 12806 12807 5517)
4(5428 5518 12808 12718)
4(5517 12807 12808 5518)
4(5429 5519 12809 12719)
4(5518 12808 12809 5519)
4(5430 5520 12810 12720)
4(5519 12809 12810 5520)
4(5431 5521 12811 12721)
4(5520 12810 12811 5521)
4(5432 5522 12812 12722)
4(5521 12811 12812 5522)
4(5433 5523 12813 12723)
4(5522 12812 12813 5523)
4(5434 5524 12814 12724)
4(5523 12813 12814 5524)
4(5435 5525 12815 12725)
4(5524 12814 12815 5525)
4(5436 5526 12816 12726)
4(5525 12815 12816 5526)
4(5437 5527 12817 12727)
4(5526 12816 12817 5527)
4(5438 5528 12818 12728)
4(5527 12817 12818 5528)
4(5439 5529 12819 12729)
4(5528 12818 12819 5529)
4(5440 5530 12820 12730)
4(5529 12819 12820 5530)
4(5441 5531 12821 12731)
4(5530 12820 12821 5531)
4(5442 5532 12822 12732)
4(5531 12821 12822 5532)
4(5443 5533 12823 12733)
4(5532 12822 12823 5533)
4(5444 5534 12824 12734)
4(5533 12823 12824 5534)
4(5445 5535 12825 12735)
4(5534 12824 12825 5535)
4(5446 5536 12826 12736)
4(5535 12825 12826 5536)
4(5447 5537 12827 12737)
4(5536 12826 12827 5537)
4(5448 5538 12828 12738)
4(5537 12827 12828 5538)
4(5449 5539 12829 12739)
4(5538 12828 12829 5539)
4(5450 5540 12830 12740)
4(5539 12829 12830 5540)
4(5451 5541 12831 12741)
4(5540 12830 12831 5541)
4(5452 5542 12832 12742)
4(5541 12831 12832 5542)
4(5453 5543 12833 12743)
4(5542 12832 12833 5543)
4(5454 5544 12834 12744)
4(5543 12833 12834 5544)
4(5455 5545 12835 12745)
4(5544 12834 12835 5545)
4(5456 5546 12836 12746)
4(5545 12835 12836 5546)
4(5457 5547 12837 12747)
4(5546 12836 12837 5547)
4(5458 5548 12838 12748)
4(5547 12837 12838 5548)
4(5459 5549 12839 12749)
4(5548 12838 12839 5549)
4(5460 5550 12840 12750)
4(5549 12839 12840 5550)
4(5461 5551 12841 12751)
4(5550 12840 12841 5551)
4(5462 5552 12842 12752)
4(5551 12841 12842 5552)
4(5463 5553 12843 12753)
4(5552 12842 12843 5553)
4(5464 5554 12844 12754)
4(5553 12843 12844 5554)
4(5465 5555 12845 12755)
4(5554 12844 12845 5555)
4(5466 5556 12846 12756)
4(5555 12845 12846 5556)
4(5467 5557 12847 12757)
4(5556 12846 12847 5557)
4(5468 5558 12848 12758)
4(5557 12847 12848 5558)
4(5469 5559 12849 12759)
4(5558 12848 12849 5559)
4(5470 5560 12850 12760)
4(5559 12849 12850 5560)
4(5560 12850 12851 5561)
4(5472 5562 12852 12762)
4(543 1839 12852 5562)
4(5473 5563 12853 12763)
4(5562 12852 12853 5563)
4(5474 5564 12854 12764)
4(5563 12853 12854 5564)
4(5475 5565 12855 12765)
4(5564 12854 12855 5565)
4(5476 5566 12856 12766)
4(5565 12855 12856 5566)
4(5477 5567 12857 12767)
4(5566 12856 12857 5567)
4(5478 5568 12858 12768)
4(5567 12857 12858 5568)
4(5479 5569 12859 12769)
4(5568 12858 12859 5569)
4(5480 5570 12860 12770)
4(5569 12859 12860 5570)
4(5481 5571 12861 12771)
4(5570 12860 12861 5571)
4(5482 5572 12862 12772)
4(5571 12861 12862 5572)
4(5483 5573 12863 12773)
4(5572 12862 12863 5573)
4(5484 5574 12864 12774)
4(5573 12863 12864 5574)
4(5485 5575 12865 12775)
4(5574 12864 12865 5575)
4(5486 5576 12866 12776)
4(5575 12865 12866 5576)
4(5487 5577 12867 12777)
4(5576 12866 12867 5577)
4(5488 5578 12868 12778)
4(5577 12867 12868 5578)
4(5489 5579 12869 12779)
4(5578 12868 12869 5579)
4(5490 5580 12870 12780)
4(5579 12869 12870 5580)
4(5491 5581 12871 12781)
4(5580 12870 12871 5581)
4(5492 5582 12872 12782)
4(5581 12871 12872 5582)
4(5493 5583 12873 12783)
4(5582 12872 12873 5583)
4(5494 5584 12874 12784)
4(5583 12873 12874 5584)
4(5495 5585 12875 12785)
4(5584 12874 12875 5585)
4(5496 5586 12876 12786)
4(5585 12875 12876 5586)
4(5497 5587 12877 12787)
4(5586 12876 12877 5587)
4(5498 5588 12878 12788)
4(5587 12877 12878 5588)
4(5499 5589 12879 12789)
4(5588 12878 12879 5589)
4(5500 5590 12880 12790)
4(5589 12879 12880 5590)
4(5501 5591 12881 12791)
4(5590 12880 12881 5591)
4(5502 5592 12882 12792)
4(5591 12881 12882 5592)
4(5503 5593 12883 12793)
4(5592 12882 12883 5593)
4(5504 5594 12884 12794)
4(5593 12883 12884 5594)
4(5505 5595 12885 12795)
4(5594 12884 12885 5595)
4(5506 5596 12886 12796)
4(5595 12885 12886 5596)
4(5507 5597 12887 12797)
4(5596 12886 12887 5597)
4(5508 5598 12888 12798)
4(5597 12887 12888 5598)
4(5509 5599 12889 12799)
4(5598 12888 12889 5599)
4(5510 5600 12890 12800)
4(5599 12889 12890 5600)
4(5511 5601 12891 12801)
4(5600 12890 12891 5601)
4(5512 5602 12892 12802)
4(5601 12891 12892 5602)
4(5513 5603 12893 12803)
4(5602 12892 12893 5603)
4(5514 5604 12894 12804)
4(5603 12893 12894 5604)
4(5515 5605 12895 12805)
4(5604 12894 12895 5605)
4(5516 5606 12896 12806)
4(5605 12895 12896 5606)
4(5517 5607 12897 12807)
4(5606 12896 12897 5607)
4(5518 5608 12898 12808)
4(5607 12897 12898 5608)
4(5519 5609 12899 12809)
4(5608 12898 12899 5609)
4(5520 5610 12900 12810)
4(5609 12899 12900 5610)
4(5521 5611 12901 12811)
4(5610 12900 12901 5611)
4(5522 5612 12902 12812)
4(5611 12901 12902 5612)
4(5523 5613 12903 12813)
4(5612 12902 12903 5613)
4(5524 5614 12904 12814)
4(5613 12903 12904 5614)
4(5525 5615 12905 12815)
4(5614 12904 12905 5615)
4(5526 5616 12906 12816)
4(5615 12905 12906 5616)
4(5527 5617 12907 12817)
4(5616 12906 12907 5617)
4(5528 5618 12908 12818)
4(5617 12907 12908 5618)
4(5529 5619 12909 12819)
4(5618 12908 12909 5619)
4(5530 5620 12910 12820)
4(5619 12909 12910 5620)
4(5531 5621 12911 12821)
4(5620 12910 12911 5621)
4(5532 5622 12912 12822)
4(5621 12911 12912 5622)
4(5533 5623 12913 12823)
4(5622 12912 12913 5623)
4(5534 5624 12914 12824)
4(5623 12913 12914 5624)
4(5535 5625 12915 12825)
4(5624 12914 12915 5625)
4(5536 5626 12916 12826)
4(5625 12915 12916 5626)
4(5537 5627 12917 12827)
4(5626 12916 12917 5627)
4(5538 5628 12918 12828)
4(5627 12917 12918 5628)
4(5539 5629 12919 12829)
4(5628 12918 12919 5629)
4(5540 5630 12920 12830)
4(5629 12919 12920 5630)
4(5541 5631 12921 12831)
4(5630 12920 12921 5631)
4(5542 5632 12922 12832)
4(5631 12921 12922 5632)
4(5543 5633 12923 12833)
4(5632 12922 12923 5633)
4(5544 5634 12924 12834)
4(5633 12923 12924 5634)
4(5545 5635 12925 12835)
4(5634 12924 12925 5635)
4(5546 5636 12926 12836)
4(5635 12925 12926 5636)
4(5547 5637 12927 12837)
4(5636 12926 12927 5637)
4(5548 5638 12928 12838)
4(5637 12927 12928 5638)
4(5549 5639 12929 12839)
4(5638 12928 12929 5639)
4(5550 5640 12930 12840)
4(5639 12929 12930 5640)
4(5551 5641 12931 12841)
4(5640 12930 12931 5641)
4(5552 5642 12932 12842)
4(5641 12931 12932 5642)
4(5553 5643 12933 12843)
4(5642 12932 12933 5643)
4(5554 5644 12934 12844)
4(5643 12933 12934 5644)
4(5555 5645 12935 12845)
4(5644 12934 12935 5645)
4(5556 5646 12936 12846)
4(5645 12935 12936 5646)
4(5557 5647 12937 12847)
4(5646 12936 12937 5647)
4(5558 5648 12938 12848)
4(5647 12937 12938 5648)
4(5559 5649 12939 12849)
4(5648 12938 12939 5649)
4(5560 5650 12940 12850)
4(5649 12939 12940 5650)
4(5650 12940 12941 5651)
4(5562 5652 12942 12852)
4(559 1855 12942 5652)
4(5563 5653 12943 12853)
4(5652 12942 12943 5653)
4(5564 5654 12944 12854)
4(5653 12943 12944 5654)
4(5565 5655 12945 12855)
4(5654 12944 12945 5655)
4(5566 5656 12946 12856)
4(5655 12945 12946 5656)
4(5567 5657 12947 12857)
4(5656 12946 12947 5657)
4(5568 5658 12948 12858)
4(5657 12947 12948 5658)
4(5569 5659 12949 12859)
4(5658 12948 12949 5659)
4(5570 5660 12950 12860)
4(5659 12949 12950 5660)
4(5571 5661 12951 12861)
4(5660 12950 12951 5661)
4(5572 5662 12952 12862)
4(5661 12951 12952 5662)
4(5573 5663 12953 12863)
4(5662 12952 12953 5663)
4(5574 5664 12954 12864)
4(5663 12953 12954 5664)
4(5575 5665 12955 12865)
4(5664 12954 12955 5665)
4(5576 5666 12956 12866)
4(5665 12955 12956 5666)
4(5577 5667 12957 12867)
4(5666 12956 12957 5667)
4(5578 5668 12958 12868)
4(5667 12957 12958 5668)
4(5579 5669 12959 12869)
4(5668 12958 12959 5669)
4(5580 5670 12960 12870)
4(5669 12959 12960 5670)
4(5581 5671 12961 12871)
4(5670 12960 12961 5671)
4(5582 5672 12962 12872)
4(5671 12961 12962 5672)
4(5583 5673 12963 12873)
4(5672 12962 12963 5673)
4(5584 5674 12964 12874)
4(5673 12963 12964 5674)
4(5585 5675 12965 12875)
4(5674 12964 12965 5675)
4(5586 5676 12966 12876)
4(5675 12965 12966 5676)
4(5587 5677 12967 12877)
4(5676 12966 12967 5677)
4(5588 5678 12968 12878)
4(5677 12967 12968 5678)
4(5589 5679 12969 12879)
4(5678 12968 12969 5679)
4(5590 5680 12970 12880)
4(5679 12969 12970 5680)
4(5591 5681 12971 12881)
4(5680 12970 12971 5681)
4(5592 5682 12972 12882)
4(5681 12971 12972 5682)
4(5593 5683 12973 12883)
4(5682 12972 12973 5683)
4(5594 5684 12974 12884)
4(5683 12973 12974 5684)
4(5595 5685 12975 12885)
4(5684 12974 12975 5685)
4(5596 5686 12976 12886)
4(5685 12975 12976 5686)
4(5597 5687 12977 12887)
4(5686 12976 12977 5687)
4(5598 5688 12978 12888)
4(5687 12977 12978 5688)
4(5599 5689 12979 12889)
4(5688 12978 12979 5689)
4(5600 5690 12980 12890)
4(5689 12979 12980 5690)
4(5601 5691 12981 12891)
4(5690 12980 12981 5691)
4(5602 5692 12982 12892)
4(5691 12981 12982 5692)
4(5603 5693 12983 12893)
4(5692 12982 12983 5693)
4(5604 5694 12984 12894)
4(5693 12983 12984 5694)
4(5605 5695 12985 12895)
4(5694 12984 12985 5695)
4(5606 5696 12986 12896)
4(5695 12985 12986 5696)
4(5607 5697 12987 12897)
4(5696 12986 12987 5697)
4(5608 5698 12988 12898)
4(5697 12987 12988 5698)
4(5609 5699 12989 12899)
4(5698 12988 12989 5699)
4(5610 5700 12990 12900)
4(5699 12989 12990 5700)
4(5611 5701 12991 12901)
4(5700 12990 12991 5701)
4(5612 5702 12992 12902)
4(5701 12991 12992 5702)
4(5613 5703 12993 12903)
4(5702 12992 12993 5703)
4(5614 5704 12994 12904)
4(5703 12993 12994 5704)
4(5615 5705 12995 12905)
4(5704 12994 12995 5705)
4(5616 5706 12996 12906)
4(5705 12995 12996 5706)
4(5617 5707 12997 12907)
4(5706 12996 12997 5707)
4(5618 5708 12998 12908)
4(5707 12997 12998 5708)
4(5619 5709 12999 12909)
4(5708 12998 12999 5709)
4(5620 5710 13000 12910)
4(5709 12999 13000 5710)
4(5621 5711 13001 12911)
4(5710 13000 13001 5711)
4(5622 5712 13002 12912)
4(5711 13001 13002 5712)
4(5623 5713 13003 12913)
4(5712 13002 13003 5713)
4(5624 5714 13004 12914)
4(5713 13003 13004 5714)
4(5625 5715 13005 12915)
4(5714 13004 13005 5715)
4(5626 5716 13006 12916)
4(5715 13005 13006 5716)
4(5627 5717 13007 12917)
4(5716 13006 13007 5717)
4(5628 5718 13008 12918)
4(5717 13007 13008 5718)
4(5629 5719 13009 12919)
4(5718 13008 13009 5719)
4(5630 5720 13010 12920)
4(5719 13009 13010 5720)
4(5631 5721 13011 12921)
4(5720 13010 13011 5721)
4(5632 5722 13012 12922)
4(5721 13011 13012 5722)
4(5633 5723 13013 12923)
4(5722 13012 13013 5723)
4(5634 5724 13014 12924)
4(5723 13013 13014 5724)
4(5635 5725 13015 12925)
4(5724 13014 13015 5725)
4(5636 5726 13016 12926)
4(5725 13015 13016 5726)
4(5637 5727 13017 12927)
4(5726 13016 13017 5727)
4(5638 5728 13018 12928)
4(5727 13017 13018 5728)
4(5639 5729 13019 12929)
4(5728 13018 13019 5729)
4(5640 5730 13020 12930)
4(5729 13019 13020 5730)
4(5641 5731 13021 12931)
4(5730 13020 13021 5731)
4(5642 5732 13022 12932)
4(5731 13021 13022 5732)
4(5643 5733 13023 12933)
4(5732 13022 13023 5733)
4(5644 5734 13024 12934)
4(5733 13023 13024 5734)
4(5645 5735 13025 12935)
4(5734 13024 13025 5735)
4(5646 5736 13026 12936)
4(5735 13025 13026 5736)
4(5647 5737 13027 12937)
4(5736 13026 13027 5737)
4(5648 5738 13028 12938)
4(5737 13027 13028 5738)
4(5649 5739 13029 12939)
4(5738 13028 13029 5739)
4(5650 5740 13030 12940)
4(5739 13029 13030 5740)
4(5740 13030 13031 5741)
4(5652 5742 13032 12942)
4(575 1871 13032 5742)
4(5653 5743 13033 12943)
4(5742 13032 13033 5743)
4(5654 5744 13034 12944)
4(5743 13033 13034 5744)
4(5655 5745 13035 12945)
4(5744 13034 13035 5745)
4(5656 5746 13036 12946)
4(5745 13035 13036 5746)
4(5657 5747 13037 12947)
4(5746 13036 13037 5747)
4(5658 5748 13038 12948)
4(5747 13037 13038 5748)
4(5659 5749 13039 12949)
4(5748 13038 13039 5749)
4(5660 5750 13040 12950)
4(5749 13039 13040 5750)
4(5661 5751 13041 12951)
4(5750 13040 13041 5751)
4(5662 5752 13042 12952)
4(5751 13041 13042 5752)
4(5663 5753 13043 12953)
4(5752 13042 13043 5753)
4(5664 5754 13044 12954)
4(5753 13043 13044 5754)
4(5665 5755 13045 12955)
4(5754 13044 13045 5755)
4(5666 5756 13046 12956)
4(5755 13045 13046 5756)
4(5667 5757 13047 12957)
4(5756 13046 13047 5757)
4(5668 5758 13048 12958)
4(5757 13047 13048 5758)
4(5669 5759 13049 12959)
4(5758 13048 13049 5759)
4(5670 5760 13050 12960)
4(5759 13049 13050 5760)
4(5671 5761 13051 12961)
4(5760 13050 13051 5761)
4(5672 5762 13052 12962)
4(5761 13051 13052 5762)
4(5673 5763 13053 12963)
4(5762 13052 13053 5763)
4(5674 5764 13054 12964)
4(5763 13053 13054 5764)
4(5675 5765 13055 12965)
4(5764 13054 13055 5765)
4(5676 5766 13056 12966)
4(5765 13055 13056 5766)
4(5677 5767 13057 12967)
4(5766 13056 13057 5767)
4(5678 5768 13058 12968)
4(5767 13057 13058 5768)
4(5679 5769 13059 12969)
4(5768 13058 13059 5769)
4(5680 5770 13060 12970)
4(5769 13059 13060 5770)
4(5681 5771 13061 12971)
4(5770 13060 13061 5771)
4(5682 5772 13062 12972)
4(5771 13061 13062 5772)
4(5683 5773 13063 12973)
4(5772 13062 13063 5773)
4(5684 5774 13064 12974)
4(5773 13063 13064 5774)
4(5685 5775 13065 12975)
4(5774 13064 13065 5775)
4(5686 5776 13066 12976)
4(5775 13065 13066 5776)
4(5687 5777 13067 12977)
4(5776 13066 13067 5777)
4(5688 5778 13068 12978)
4(5777 13067 13068 5778)
4(5689 5779 13069 12979)
4(5778 13068 13069 5779)
4(5690 5780 13070 12980)
4(5779 13069 13070 5780)
4(5691 5781 13071 12981)
4(5780 13070 13071 5781)
4(5692 5782 13072 12982)
4(5781 13071 13072 5782)
4(5693 5783 13073 12983)
4(5782 13072 13073 5783)
4(5694 5784 13074 12984)
4(5783 13073 13074 5784)
4(5695 5785 13075 12985)
4(5784 13074 13075 5785)
4(5696 5786 13076 12986)
4(5785 13075 13076 5786)
4(5697 5787 13077 12987)
4(5786 13076 13077 5787)
4(5698 5788 13078 12988)
4(5787 13077 13078 5788)
4(5699 5789 13079 12989)
4(5788 13078 13079 5789)
4(5700 5790 13080 12990)
4(5789 13079 13080 5790)
4(5701 5791 13081 12991)
4(5790 13080 13081 5791)
4(5702 5792 13082 12992)
4(5791 13081 13082 5792)
4(5703 5793 13083 12993)
4(5792 13082 13083 5793)
4(5704 5794 13084 12994)
4(5793 13083 13084 5794)
4(5705 5795 13085 12995)
4(5794 13084 13085 5795)
4(5706 5796 13086 12996)
4(5795 13085 13086 5796)
4(5707 5797 13087 12997)
4(5796 13086 13087 5797)
4(5708 5798 13088 12998)
4(5797 13087 13088 5798)
4(5709 5799 13089 12999)
4(5798 13088 13089 5799)
4(5710 5800 13090 13000)
4(5799 13089 13090 5800)
4(5711 5801 13091 13001)
4(5800 13090 13091 5801)
4(5712 5802 13092 13002)
4(5801 13091 13092 5802)
4(5713 5803 13093 13003)
4(5802 13092 13093 5803)
4(5714 5804 13094 13004)
4(5803 13093 13094 5804)
4(5715 5805 13095 13005)
4(5804 13094 13095 5805)
4(5716 5806 13096 13006)
4(5805 13095 13096 5806)
4(5717 5807 13097 13007)
4(5806 13096 13097 5807)
4(5718 5808 13098 13008)
4(5807 13097 13098 5808)
4(5719 5809 13099 13009)
4(5808 13098 13099 5809)
4(5720 5810 13100 13010)
4(5809 13099 13100 5810)
4(5721 5811 13101 13011)
4(5810 13100 13101 5811)
4(5722 5812 13102 13012)
4(5811 13101 13102 5812)
4(5723 5813 13103 13013)
4(5812 13102 13103 5813)
4(5724 5814 13104 13014)
4(5813 13103 13104 5814)
4(5725 5815 13105 13015)
4(5814 13104 13105 5815)
4(5726 5816 13106 13016)
4(5815 13105 13106 5816)
4(5727 5817 13107 13017)
4(5816 13106 13107 5817)
4(5728 5818 13108 13018)
4(5817 13107 13108 5818)
4(5729 5819 13109 13019)
4(5818 13108 13109 5819)
4(5730 5820 13110 13020)
4(5819 13109 13110 5820)
4(5731 5821 13111 13021)
4(5820 13110 13111 5821)
4(5732 5822 13112 13022)
4(5821 13111 13112 5822)
4(5733 5823 13113 13023)
4(5822 13112 13113 5823)
4(5734 5824 13114 13024)
4(5823 13113 13114 5824)
4(5735 5825 13115 13025)
4(5824 13114 13115 5825)
4(5736 5826 13116 13026)
4(5825 13115 13116 5826)
4(5737 5827 13117 13027)
4(5826 13116 13117 5827)
4(5738 5828 13118 13028)
4(5827 13117 13118 5828)
4(5739 5829 13119 13029)
4(5828 13118 13119 5829)
4(5740 5830 13120 13030)
4(5829 13119 13120 5830)
4(5830 13120 13121 5831)
4(5742 5832 13122 13032)
4(591 1887 13122 5832)
4(5743 5833 13123 13033)
4(5832 13122 13123 5833)
4(5744 5834 13124 13034)
4(5833 13123 13124 5834)
4(5745 5835 13125 13035)
4(5834 13124 13125 5835)
4(5746 5836 13126 13036)
4(5835 13125 13126 5836)
4(5747 5837 13127 13037)
4(5836 13126 13127 5837)
4(5748 5838 13128 13038)
4(5837 13127 13128 5838)
4(5749 5839 13129 13039)
4(5838 13128 13129 5839)
4(5750 5840 13130 13040)
4(5839 13129 13130 5840)
4(5751 5841 13131 13041)
4(5840 13130 13131 5841)
4(5752 5842 13132 13042)
4(5841 13131 13132 5842)
4(5753 5843 13133 13043)
4(5842 13132 13133 5843)
4(5754 5844 13134 13044)
4(5843 13133 13134 5844)
4(5755 5845 13135 13045)
4(5844 13134 13135 5845)
4(5756 5846 13136 13046)
4(5845 13135 13136 5846)
4(5757 5847 13137 13047)
4(5846 13136 13137 5847)
4(5758 5848 13138 13048)
4(5847 13137 13138 5848)
4(5759 5849 13139 13049)
4(5848 13138 13139 5849)
4(5760 5850 13140 13050)
4(5849 13139 13140 5850)
4(5761 5851 13141 13051)
4(5850 13140 13141 5851)
4(5762 5852 13142 13052)
4(5851 13141 13142 5852)
4(5763 5853 13143 13053)
4(5852 13142 13143 5853)
4(5764 5854 13144 13054)
4(5853 13143 13144 5854)
4(5765 5855 13145 13055)
4(5854 13144 13145 5855)
4(5766 5856 13146 13056)
4(5855 13145 13146 5856)
4(5767 5857 13147 13057)
4(5856 13146 13147 5857)
4(5768 5858 13148 13058)
4(5857 13147 13148 5858)
4(5769 5859 13149 13059)
4(5858 13148 13149 5859)
4(5770 5860 13150 13060)
4(5859 13149 13150 5860)
4(5771 5861 13151 13061)
4(5860 13150 13151 5861)
4(5772 5862 13152 13062)
4(5861 13151 13152 5862)
4(5773 5863 13153 13063)
4(5862 13152 13153 5863)
4(5774 5864 13154 13064)
4(5863 13153 13154 5864)
4(5775 5865 13155 13065)
4(5864 13154 13155 5865)
4(5776 5866 13156 13066)
4(5865 13155 13156 5866)
4(5777 5867 13157 13067)
4(5866 13156 13157 5867)
4(5778 5868 13158 13068)
4(5867 13157 13158 5868)
4(5779 5869 13159 13069)
4(5868 13158 13159 5869)
4(5780 5870 13160 13070)
4(5869 13159 13160 5870)
4(5781 5871 13161 13071)
4(5870 13160 13161 5871)
4(5782 5872 13162 13072)
4(5871 13161 13162 5872)
4(5783 5873 13163 13073)
4(5872 13162 13163 5873)
4(5784 5874 13164 13074)
4(5873 13163 13164 5874)
4(5785 5875 13165 13075)
4(5874 13164 13165 5875)
4(5786 5876 13166 13076)
4(5875 13165 13166 5876)
4(5787 5877 13167 13077)
4(5876 13166 13167 5877)
4(5788 5878 13168 13078)
4(5877 13167 13168 5878)
4(5789 5879 13169 13079)
4(5878 13168 13169 5879)
4(5790 5880 13170 13080)
4(5879 13169 13170 5880)
4(5791 5881 13171 13081)
4(5880 13170 13171 5881)
4(5792 5882 13172 13082)
4(5881 13171 13172 5882)
4(5793 5883 13173 13083)
4(5882 13172 13173 5883)
4(5794 5884 13174 13084)
4(5883 13173 13174 5884)
4(5795 5885 13175 13085)
4(5884 13174 13175 5885)
4(5796 5886 13176 13086)
4(5885 13175 13176 5886)
4(5797 5887 13177 13087)
4(5886 13176 13177 5887)
4(5798 5888 13178 13088)
4(5887 13177 13178 5888)
4(5799 5889 13179 13089)
4(5888 13178 13179 5889)
4(5800 5890 13180 13090)
4(5889 13179 13180 5890)
4(5801 5891 13181 13091)
4(5890 13180 13181 5891)
4(5802 5892 13182 13092)
4(5891 13181 13182 5892)
4(5803 5893 13183 13093)
4(5892 13182 13183 5893)
4(5804 5894 13184 13094)
4(5893 13183 13184 5894)
4(5805 5895 13185 13095)
4(5894 13184 13185 5895)
4(5806 5896 13186 13096)
4(5895 13185 13186 5896)
4(5807 5897 13187 13097)
4(5896 13186 13187 5897)
4(5808 5898 13188 13098)
4(5897 13187 13188 5898)
4(5809 5899 13189 13099)
4(5898 13188 13189 5899)
4(5810 5900 13190 13100)
4(5899 13189 13190 5900)
4(5811 5901 13191 13101)
4(5900 13190 13191 5901)
4(5812 5902 13192 13102)
4(5901 13191 13192 5902)
4(5813 5903 13193 13103)
4(5902 13192 13193 5903)
4(5814 5904 13194 13104)
4(5903 13193 13194 5904)
4(5815 5905 13195 13105)
4(5904 13194 13195 5905)
4(5816 5906 13196 13106)
4(5905 13195 13196 5906)
4(5817 5907 13197 13107)
4(5906 13196 13197 5907)
4(5818 5908 13198 13108)
4(5907 13197 13198 5908)
4(5819 5909 13199 13109)
4(5908 13198 13199 5909)
4(5820 5910 13200 13110)
4(5909 13199 13200 5910)
4(5821 5911 13201 13111)
4(5910 13200 13201 5911)
4(5822 5912 13202 13112)
4(5911 13201 13202 5912)
4(5823 5913 13203 13113)
4(5912 13202 13203 5913)
4(5824 5914 13204 13114)
4(5913 13203 13204 5914)
4(5825 5915 13205 13115)
4(5914 13204 13205 5915)
4(5826 5916 13206 13116)
4(5915 13205 13206 5916)
4(5827 5917 13207 13117)
4(5916 13206 13207 5917)
4(5828 5918 13208 13118)
4(5917 13207 13208 5918)
4(5829 5919 13209 13119)
4(5918 13208 13209 5919)
4(5830 5920 13210 13120)
4(5919 13209 13210 5920)
4(5920 13210 13211 5921)
4(5832 5922 13212 13122)
4(607 1903 13212 5922)
4(5833 5923 13213 13123)
4(5922 13212 13213 5923)
4(5834 5924 13214 13124)
4(5923 13213 13214 5924)
4(5835 5925 13215 13125)
4(5924 13214 13215 5925)
4(5836 5926 13216 13126)
4(5925 13215 13216 5926)
4(5837 5927 13217 13127)
4(5926 13216 13217 5927)
4(5838 5928 13218 13128)
4(5927 13217 13218 5928)
4(5839 5929 13219 13129)
4(5928 13218 13219 5929)
4(5840 5930 13220 13130)
4(5929 13219 13220 5930)
4(5841 5931 13221 13131)
4(5930 13220 13221 5931)
4(5842 5932 13222 13132)
4(5931 13221 13222 5932)
4(5843 5933 13223 13133)
4(5932 13222 13223 5933)
4(5844 5934 13224 13134)
4(5933 13223 13224 5934)
4(5845 5935 13225 13135)
4(5934 13224 13225 5935)
4(5846 5936 13226 13136)
4(5935 13225 13226 5936)
4(5847 5937 13227 13137)
4(5936 13226 13227 5937)
4(5848 5938 13228 13138)
4(5937 13227 13228 5938)
4(5849 5939 13229 13139)
4(5938 13228 13229 5939)
4(5850 5940 13230 13140)
4(5939 13229 13230 5940)
4(5851 5941 13231 13141)
4(5940 13230 13231 5941)
4(5852 5942 13232 13142)
4(5941 13231 13232 5942)
4(5853 5943 13233 13143)
4(5942 13232 13233 5943)
4(5854 5944 13234 13144)
4(5943 13233 13234 5944)
4(5855 5945 13235 13145)
4(5944 13234 13235 5945)
4(5856 5946 13236 13146)
4(5945 13235 13236 5946)
4(5857 5947 13237 13147)
4(5946 13236 13237 5947)
4(5858 5948 13238 13148)
4(5947 13237 13238 5948)
4(5859 5949 13239 13149)
4(5948 13238 13239 5949)
4(5860 5950 13240 13150)
4(5949 13239 13240 5950)
4(5861 5951 13241 13151)
4(5950 13240 13241 5951)
4(5862 5952 13242 13152)
4(5951 13241 13242 5952)
4(5863 5953 13243 13153)
4(5952 13242 13243 5953)
4(5864 5954 13244 13154)
4(5953 13243 13244 5954)
4(5865 5955 13245 13155)
4(5954 13244 13245 5955)
4(5866 5956 13246 13156)
4(5955 13245 13246 5956)
4(5867 5957 13247 13157)
4(5956 13246 13247 5957)
4(5868 5958 13248 13158)
4(5957 13247 13248 5958)
4(5869 5959 13249 13159)
4(5958 13248 13249 5959)
4(5870 5960 13250 13160)
4(5959 13249 13250 5960)
4(5871 5961 13251 13161)
4(5960 13250 13251 5961)
4(5872 5962 13252 13162)
4(5961 13251 13252 5962)
4(5873 5963 13253 13163)
4(5962 13252 13253 5963)
4(5874 5964 13254 13164)
4(5963 13253 13254 5964)
4(5875 5965 13255 13165)
4(5964 13254 13255 5965)
4(5876 5966 13256 13166)
4(5965 13255 13256 5966)
4(5877 5967 13257 13167)
4(5966 13256 13257 5967)
4(5878 5968 13258 13168)
4(5967 13257 13258 5968)
4(5879 5969 13259 13169)
4(5968 13258 13259 5969)
4(5880 5970 13260 13170)
4(5969 13259 13260 5970)
4(5881 5971 13261 13171)
4(5970 13260 13261 5971)
4(5882 5972 13262 13172)
4(5971 13261 13262 5972)
4(5883 5973 13263 13173)
4(5972 13262 13263 5973)
4(5884 5974 13264 13174)
4(5973 13263 13264 5974)
4(5885 5975 13265 13175)
4(5974 13264 13265 5975)
4(5886 5976 13266 13176)
4(5975 13265 13266 5976)
4(5887 5977 13267 13177)
4(5976 13266 13267 5977)
4(5888 5978 13268 13178)
4(5977 13267 13268 5978)
4(5889 5979 13269 13179)
4(5978 13268 13269 5979)
4(5890 5980 13270 13180)
4(5979 13269 13270 5980)
4(5891 5981 13271 13181)
4(5980 13270 13271 5981)
4(5892 5982 13272 13182)
4(5981 13271 13272 5982)
4(5893 5983 13273 13183)
4(5982 13272 13273 5983)
4(5894 5984 13274 13184)
4(5983 13273 13274 5984)
4(5895 5985 13275 13185)
4(5984 13274 13275 5985)
4(5896 5986 13276 13186)
4(5985 13275 13276 5986)
4(5897 5987 13277 13187)
4(5986 13276 13277 5987)
4(5898 5988 13278 13188)
4(5987 13277 13278 5988)
4(5899 5989 13279 13189)
4(5988 13278 13279 5989)
4(5900 5990 13280 13190)
4(5989 13279 13280 5990)
4(5901 5991 13281 13191)
4(5990 13280 13281 5991)
4(5902 5992 13282 13192)
4(5991 13281 13282 5992)
4(5903 5993 13283 13193)
4(5992 13282 13283 5993)
4(5904 5994 13284 13194)
4(5993 13283 13284 5994)
4(5905 5995 13285 13195)
4(5994 13284 13285 5995)
4(5906 5996 13286 13196)
4(5995 13285 13286 5996)
4(5907 5997 13287 13197)
4(5996 13286 13287 5997)
4(5908 5998 13288 13198)
4(5997 13287 13288 5998)
4(5909 5999 13289 13199)
4(5998 13288 13289 5999)
4(5910 6000 13290 13200)
4(5999 13289 13290 6000)
4(5911 6001 13291 13201)
4(6000 13290 13291 6001)
4(5912 6002 13292 13202)
4(6001 13291 13292 6002)
4(5913 6003 13293 13203)
4(6002 13292 13293 6003)
4(5914 6004 13294 13204)
4(6003 13293 13294 6004)
4(5915 6005 13295 13205)
4(6004 13294 13295 6005)
4(5916 6006 13296 13206)
4(6005 13295 13296 6006)
4(5917 6007 13297 13207)
4(6006 13296 13297 6007)
4(5918 6008 13298 13208)
4(6007 13297 13298 6008)
4(5919 6009 13299 13209)
4(6008 13298 13299 6009)
4(5920 6010 13300 13210)
4(6009 13299 13300 6010)
4(6010 13300 13301 6011)
4(5922 6012 13302 13212)
4(623 1919 13302 6012)
4(5923 6013 13303 13213)
4(6012 13302 13303 6013)
4(5924 6014 13304 13214)
4(6013 13303 13304 6014)
4(5925 6015 13305 13215)
4(6014 13304 13305 6015)
4(5926 6016 13306 13216)
4(6015 13305 13306 6016)
4(5927 6017 13307 13217)
4(6016 13306 13307 6017)
4(5928 6018 13308 13218)
4(6017 13307 13308 6018)
4(5929 6019 13309 13219)
4(6018 13308 13309 6019)
4(5930 6020 13310 13220)
4(6019 13309 13310 6020)
4(5931 6021 13311 13221)
4(6020 13310 13311 6021)
4(5932 6022 13312 13222)
4(6021 13311 13312 6022)
4(5933 6023 13313 13223)
4(6022 13312 13313 6023)
4(5934 6024 13314 13224)
4(6023 13313 13314 6024)
4(5935 6025 13315 13225)
4(6024 13314 13315 6025)
4(5936 6026 13316 13226)
4(6025 13315 13316 6026)
4(5937 6027 13317 13227)
4(6026 13316 13317 6027)
4(5938 6028 13318 13228)
4(6027 13317 13318 6028)
4(5939 6029 13319 13229)
4(6028 13318 13319 6029)
4(5940 6030 13320 13230)
4(6029 13319 13320 6030)
4(5941 6031 13321 13231)
4(6030 13320 13321 6031)
4(5942 6032 13322 13232)
4(6031 13321 13322 6032)
4(5943 6033 13323 13233)
4(6032 13322 13323 6033)
4(5944 6034 13324 13234)
4(6033 13323 13324 6034)
4(5945 6035 13325 13235)
4(6034 13324 13325 6035)
4(5946 6036 13326 13236)
4(6035 13325 13326 6036)
4(5947 6037 13327 13237)
4(6036 13326 13327 6037)
4(5948 6038 13328 13238)
4(6037 13327 13328 6038)
4(5949 6039 13329 13239)
4(6038 13328 13329 6039)
4(5950 6040 13330 13240)
4(6039 13329 13330 6040)
4(5951 6041 13331 13241)
4(6040 13330 13331 6041)
4(5952 6042 13332 13242)
4(6041 13331 13332 6042)
4(5953 6043 13333 13243)
4(6042 13332 13333 6043)
4(5954 6044 13334 13244)
4(6043 13333 13334 6044)
4(5955 6045 13335 13245)
4(6044 13334 13335 6045)
4(5956 6046 13336 13246)
4(6045 13335 13336 6046)
4(5957 6047 13337 13247)
4(6046 13336 13337 6047)
4(5958 6048 13338 13248)
4(6047 13337 13338 6048)
4(5959 6049 13339 13249)
4(6048 13338 13339 6049)
4(5960 6050 13340 13250)
4(6049 13339 13340 6050)
4(5961 6051 13341 13251)
4(6050 13340 13341 6051)
4(5962 6052 13342 13252)
4(6051 13341 13342 6052)
4(5963 6053 13343 13253)
4(6052 13342 13343 6053)
4(5964 6054 13344 13254)
4(6053 13343 13344 6054)
4(5965 6055 13345 13255)
4(6054 13344 13345 6055)
4(5966 6056 13346 13256)
4(6055 13345 13346 6056)
4(5967 6057 13347 13257)
4(6056 13346 13347 6057)
4(5968 6058 13348 13258)
4(6057 13347 13348 6058)
4(5969 6059 13349 13259)
4(6058 13348 13349 6059)
4(5970 6060 13350 13260)
4(6059 13349 13350 6060)
4(5971 6061 13351 13261)
4(6060 13350 13351 6061)
4(5972 6062 13352 13262)
4(6061 13351 13352 6062)
4(5973 6063 13353 13263)
4(6062 13352 13353 6063)
4(5974 6064 13354 13264)
4(6063 13353 13354 6064)
4(5975 6065 13355 13265)
4(6064 13354 13355 6065)
4(5976 6066 13356 13266)
4(6065 13355 13356 6066)
4(5977 6067 13357 13267)
4(6066 13356 13357 6067)
4(5978 6068 13358 13268)
4(6067 13357 13358 6068)
4(5979 6069 13359 13269)
4(6068 13358 13359 6069)
4(5980 6070 13360 13270)
4(6069 13359 13360 6070)
4(5981 6071 13361 13271)
4(6070 13360 13361 6071)
4(5982 6072 13362 13272)
4(6071 13361 13362 6072)
4(5983 6073 13363 13273)
4(6072 13362 13363 6073)
4(5984 6074 13364 13274)
4(6073 13363 13364 6074)
4(5985 6075 13365 13275)
4(6074 13364 13365 6075)
4(5986 6076 13366 13276)
4(6075 13365 13366 6076)
4(5987 6077 13367 13277)
4(6076 13366 13367 6077)
4(5988 6078 13368 13278)
4(6077 13367 13368 6078)
4(5989 6079 13369 13279)
4(6078 13368 13369 6079)
4(5990 6080 13370 13280)
4(6079 13369 13370 6080)
4(5991 6081 13371 13281)
4(6080 13370 13371 6081)
4(5992 6082 13372 13282)
4(6081 13371 13372 6082)
4(5993 6083 13373 13283)
4(6082 13372 13373 6083)
4(5994 6084 13374 13284)
4(6083 13373 13374 6084)
4(5995 6085 13375 13285)
4(6084 13374 13375 6085)
4(5996 6086 13376 13286)
4(6085 13375 13376 6086)
4(5997 6087 13377 13287)
4(6086 13376 13377 6087)
4(5998 6088 13378 13288)
4(6087 13377 13378 6088)
4(5999 6089 13379 13289)
4(6088 13378 13379 6089)
4(6000 6090 13380 13290)
4(6089 13379 13380 6090)
4(6001 6091 13381 13291)
4(6090 13380 13381 6091)
4(6002 6092 13382 13292)
4(6091 13381 13382 6092)
4(6003 6093 13383 13293)
4(6092 13382 13383 6093)
4(6004 6094 13384 13294)
4(6093 13383 13384 6094)
4(6005 6095 13385 13295)
4(6094 13384 13385 6095)
4(6006 6096 13386 13296)
4(6095 13385 13386 6096)
4(6007 6097 13387 13297)
4(6096 13386 13387 6097)
4(6008 6098 13388 13298)
4(6097 13387 13388 6098)
4(6009 6099 13389 13299)
4(6098 13388 13389 6099)
4(6010 6100 13390 13300)
4(6099 13389 13390 6100)
4(6100 13390 13391 6101)
4(6012 6102 13392 13302)
4(639 1935 13392 6102)
4(6013 6103 13393 13303)
4(6102 13392 13393 6103)
4(6014 6104 13394 13304)
4(6103 13393 13394 6104)
4(6015 6105 13395 13305)
4(6104 13394 13395 6105)
4(6016 6106 13396 13306)
4(6105 13395 13396 6106)
4(6017 6107 13397 13307)
4(6106 13396 13397 6107)
4(6018 6108 13398 13308)
4(6107 13397 13398 6108)
4(6019 6109 13399 13309)
4(6108 13398 13399 6109)
4(6020 6110 13400 13310)
4(6109 13399 13400 6110)
4(6021 6111 13401 13311)
4(6110 13400 13401 6111)
4(6022 6112 13402 13312)
4(6111 13401 13402 6112)
4(6023 6113 13403 13313)
4(6112 13402 13403 6113)
4(6024 6114 13404 13314)
4(6113 13403 13404 6114)
4(6025 6115 13405 13315)
4(6114 13404 13405 6115)
4(6026 6116 13406 13316)
4(6115 13405 13406 6116)
4(6027 6117 13407 13317)
4(6116 13406 13407 6117)
4(6028 6118 13408 13318)
4(6117 13407 13408 6118)
4(6029 6119 13409 13319)
4(6118 13408 13409 6119)
4(6030 6120 13410 13320)
4(6119 13409 13410 6120)
4(6031 6121 13411 13321)
4(6120 13410 13411 6121)
4(6032 6122 13412 13322)
4(6121 13411 13412 6122)
4(6033 6123 13413 13323)
4(6122 13412 13413 6123)
4(6034 6124 13414 13324)
4(6123 13413 13414 6124)
4(6035 6125 13415 13325)
4(6124 13414 13415 6125)
4(6036 6126 13416 13326)
4(6125 13415 13416 6126)
4(6037 6127 13417 13327)
4(6126 13416 13417 6127)
4(6038 6128 13418 13328)
4(6127 13417 13418 6128)
4(6039 6129 13419 13329)
4(6128 13418 13419 6129)
4(6040 6130 13420 13330)
4(6129 13419 13420 6130)
4(6041 6131 13421 13331)
4(6130 13420 13421 6131)
4(6042 6132 13422 13332)
4(6131 13421 13422 6132)
4(6043 6133 13423 13333)
4(6132 13422 13423 6133)
4(6044 6134 13424 13334)
4(6133 13423 13424 6134)
4(6045 6135 13425 13335)
4(6134 13424 13425 6135)
4(6046 6136 13426 13336)
4(6135 13425 13426 6136)
4(6047 6137 13427 13337)
4(6136 13426 13427 6137)
4(6048 6138 13428 13338)
4(6137 13427 13428 6138)
4(6049 6139 13429 13339)
4(6138 13428 13429 6139)
4(6050 6140 13430 13340)
4(6139 13429 13430 6140)
4(6051 6141 13431 13341)
4(6140 13430 13431 6141)
4(6052 6142 13432 13342)
4(6141 13431 13432 6142)
4(6053 6143 13433 13343)
4(6142 13432 13433 6143)
4(6054 6144 13434 13344)
4(6143 13433 13434 6144)
4(6055 6145 13435 13345)
4(6144 13434 13435 6145)
4(6056 6146 13436 13346)
4(6145 13435 13436 6146)
4(6057 6147 13437 13347)
4(6146 13436 13437 6147)
4(6058 6148 13438 13348)
4(6147 13437 13438 6148)
4(6059 6149 13439 13349)
4(6148 13438 13439 6149)
4(6060 6150 13440 13350)
4(6149 13439 13440 6150)
4(6061 6151 13441 13351)
4(6150 13440 13441 6151)
4(6062 6152 13442 13352)
4(6151 13441 13442 6152)
4(6063 6153 13443 13353)
4(6152 13442 13443 6153)
4(6064 6154 13444 13354)
4(6153 13443 13444 6154)
4(6065 6155 13445 13355)
4(6154 13444 13445 6155)
4(6066 6156 13446 13356)
4(6155 13445 13446 6156)
4(6067 6157 13447 13357)
4(6156 13446 13447 6157)
4(6068 6158 13448 13358)
4(6157 13447 13448 6158)
4(6069 6159 13449 13359)
4(6158 13448 13449 6159)
4(6070 6160 13450 13360)
4(6159 13449 13450 6160)
4(6071 6161 13451 13361)
4(6160 13450 13451 6161)
4(6072 6162 13452 13362)
4(6161 13451 13452 6162)
4(6073 6163 13453 13363)
4(6162 13452 13453 6163)
4(6074 6164 13454 13364)
4(6163 13453 13454 6164)
4(6075 6165 13455 13365)
4(6164 13454 13455 6165)
4(6076 6166 13456 13366)
4(6165 13455 13456 6166)
4(6077 6167 13457 13367)
4(6166 13456 13457 6167)
4(6078 6168 13458 13368)
4(6167 13457 13458 6168)
4(6079 6169 13459 13369)
4(6168 13458 13459 6169)
4(6080 6170 13460 13370)
4(6169 13459 13460 6170)
4(6081 6171 13461 13371)
4(6170 13460 13461 6171)
4(6082 6172 13462 13372)
4(6171 13461 13462 6172)
4(6083 6173 13463 13373)
4(6172 13462 13463 6173)
4(6084 6174 13464 13374)
4(6173 13463 13464 6174)
4(6085 6175 13465 13375)
4(6174 13464 13465 6175)
4(6086 6176 13466 13376)
4(6175 13465 13466 6176)
4(6087 6177 13467 13377)
4(6176 13466 13467 6177)
4(6088 6178 13468 13378)
4(6177 13467 13468 6178)
4(6089 6179 13469 13379)
4(6178 13468 13469 6179)
4(6090 6180 13470 13380)
4(6179 13469 13470 6180)
4(6091 6181 13471 13381)
4(6180 13470 13471 6181)
4(6092 6182 13472 13382)
4(6181 13471 13472 6182)
4(6093 6183 13473 13383)
4(6182 13472 13473 6183)
4(6094 6184 13474 13384)
4(6183 13473 13474 6184)
4(6095 6185 13475 13385)
4(6184 13474 13475 6185)
4(6096 6186 13476 13386)
4(6185 13475 13476 6186)
4(6097 6187 13477 13387)
4(6186 13476 13477 6187)
4(6098 6188 13478 13388)
4(6187 13477 13478 6188)
4(6099 6189 13479 13389)
4(6188 13478 13479 6189)
4(6100 6190 13480 13390)
4(6189 13479 13480 6190)
4(6190 13480 13481 6191)
4(6102 6192 13482 13392)
4(655 1951 13482 6192)
4(6103 6193 13483 13393)
4(6192 13482 13483 6193)
4(6104 6194 13484 13394)
4(6193 13483 13484 6194)
4(6105 6195 13485 13395)
4(6194 13484 13485 6195)
4(6106 6196 13486 13396)
4(6195 13485 13486 6196)
4(6107 6197 13487 13397)
4(6196 13486 13487 6197)
4(6108 6198 13488 13398)
4(6197 13487 13488 6198)
4(6109 6199 13489 13399)
4(6198 13488 13489 6199)
4(6110 6200 13490 13400)
4(6199 13489 13490 6200)
4(6111 6201 13491 13401)
4(6200 13490 13491 6201)
4(6112 6202 13492 13402)
4(6201 13491 13492 6202)
4(6113 6203 13493 13403)
4(6202 13492 13493 6203)
4(6114 6204 13494 13404)
4(6203 13493 13494 6204)
4(6115 6205 13495 13405)
4(6204 13494 13495 6205)
4(6116 6206 13496 13406)
4(6205 13495 13496 6206)
4(6117 6207 13497 13407)
4(6206 13496 13497 6207)
4(6118 6208 13498 13408)
4(6207 13497 13498 6208)
4(6119 6209 13499 13409)
4(6208 13498 13499 6209)
4(6120 6210 13500 13410)
4(6209 13499 13500 6210)
4(6121 6211 13501 13411)
4(6210 13500 13501 6211)
4(6122 6212 13502 13412)
4(6211 13501 13502 6212)
4(6123 6213 13503 13413)
4(6212 13502 13503 6213)
4(6124 6214 13504 13414)
4(6213 13503 13504 6214)
4(6125 6215 13505 13415)
4(6214 13504 13505 6215)
4(6126 6216 13506 13416)
4(6215 13505 13506 6216)
4(6127 6217 13507 13417)
4(6216 13506 13507 6217)
4(6128 6218 13508 13418)
4(6217 13507 13508 6218)
4(6129 6219 13509 13419)
4(6218 13508 13509 6219)
4(6130 6220 13510 13420)
4(6219 13509 13510 6220)
4(6131 6221 13511 13421)
4(6220 13510 13511 6221)
4(6132 6222 13512 13422)
4(6221 13511 13512 6222)
4(6133 6223 13513 13423)
4(6222 13512 13513 6223)
4(6134 6224 13514 13424)
4(6223 13513 13514 6224)
4(6135 6225 13515 13425)
4(6224 13514 13515 6225)
4(6136 6226 13516 13426)
4(6225 13515 13516 6226)
4(6137 6227 13517 13427)
4(6226 13516 13517 6227)
4(6138 6228 13518 13428)
4(6227 13517 13518 6228)
4(6139 6229 13519 13429)
4(6228 13518 13519 6229)
4(6140 6230 13520 13430)
4(6229 13519 13520 6230)
4(6141 6231 13521 13431)
4(6230 13520 13521 6231)
4(6142 6232 13522 13432)
4(6231 13521 13522 6232)
4(6143 6233 13523 13433)
4(6232 13522 13523 6233)
4(6144 6234 13524 13434)
4(6233 13523 13524 6234)
4(6145 6235 13525 13435)
4(6234 13524 13525 6235)
4(6146 6236 13526 13436)
4(6235 13525 13526 6236)
4(6147 6237 13527 13437)
4(6236 13526 13527 6237)
4(6148 6238 13528 13438)
4(6237 13527 13528 6238)
4(6149 6239 13529 13439)
4(6238 13528 13529 6239)
4(6150 6240 13530 13440)
4(6239 13529 13530 6240)
4(6151 6241 13531 13441)
4(6240 13530 13531 6241)
4(6152 6242 13532 13442)
4(6241 13531 13532 6242)
4(6153 6243 13533 13443)
4(6242 13532 13533 6243)
4(6154 6244 13534 13444)
4(6243 13533 13534 6244)
4(6155 6245 13535 13445)
4(6244 13534 13535 6245)
4(6156 6246 13536 13446)
4(6245 13535 13536 6246)
4(6157 6247 13537 13447)
4(6246 13536 13537 6247)
4(6158 6248 13538 13448)
4(6247 13537 13538 6248)
4(6159 6249 13539 13449)
4(6248 13538 13539 6249)
4(6160 6250 13540 13450)
4(6249 13539 13540 6250)
4(6161 6251 13541 13451)
4(6250 13540 13541 6251)
4(6162 6252 13542 13452)
4(6251 13541 13542 6252)
4(6163 6253 13543 13453)
4(6252 13542 13543 6253)
4(6164 6254 13544 13454)
4(6253 13543 13544 6254)
4(6165 6255 13545 13455)
4(6254 13544 13545 6255)
4(6166 6256 13546 13456)
4(6255 13545 13546 6256)
4(6167 6257 13547 13457)
4(6256 13546 13547 6257)
4(6168 6258 13548 13458)
4(6257 13547 13548 6258)
4(6169 6259 13549 13459)
4(6258 13548 13549 6259)
4(6170 6260 13550 13460)
4(6259 13549 13550 6260)
4(6171 6261 13551 13461)
4(6260 13550 13551 6261)
4(6172 6262 13552 13462)
4(6261 13551 13552 6262)
4(6173 6263 13553 13463)
4(6262 13552 13553 6263)
4(6174 6264 13554 13464)
4(6263 13553 13554 6264)
4(6175 6265 13555 13465)
4(6264 13554 13555 6265)
4(6176 6266 13556 13466)
4(6265 13555 13556 6266)
4(6177 6267 13557 13467)
4(6266 13556 13557 6267)
4(6178 6268 13558 13468)
4(6267 13557 13558 6268)
4(6179 6269 13559 13469)
4(6268 13558 13559 6269)
4(6180 6270 13560 13470)
4(6269 13559 13560 6270)
4(6181 6271 13561 13471)
4(6270 13560 13561 6271)
4(6182 6272 13562 13472)
4(6271 13561 13562 6272)
4(6183 6273 13563 13473)
4(6272 13562 13563 6273)
4(6184 6274 13564 13474)
4(6273 13563 13564 6274)
4(6185 6275 13565 13475)
4(6274 13564 13565 6275)
4(6186 6276 13566 13476)
4(6275 13565 13566 6276)
4(6187 6277 13567 13477)
4(6276 13566 13567 6277)
4(6188 6278 13568 13478)
4(6277 13567 13568 6278)
4(6189 6279 13569 13479)
4(6278 13568 13569 6279)
4(6190 6280 13570 13480)
4(6279 13569 13570 6280)
4(6280 13570 13571 6281)
4(6192 6282 13572 13482)
4(671 1967 13572 6282)
4(6193 6283 13573 13483)
4(6282 13572 13573 6283)
4(6194 6284 13574 13484)
4(6283 13573 13574 6284)
4(6195 6285 13575 13485)
4(6284 13574 13575 6285)
4(6196 6286 13576 13486)
4(6285 13575 13576 6286)
4(6197 6287 13577 13487)
4(6286 13576 13577 6287)
4(6198 6288 13578 13488)
4(6287 13577 13578 6288)
4(6199 6289 13579 13489)
4(6288 13578 13579 6289)
4(6200 6290 13580 13490)
4(6289 13579 13580 6290)
4(6201 6291 13581 13491)
4(6290 13580 13581 6291)
4(6202 6292 13582 13492)
4(6291 13581 13582 6292)
4(6203 6293 13583 13493)
4(6292 13582 13583 6293)
4(6204 6294 13584 13494)
4(6293 13583 13584 6294)
4(6205 6295 13585 13495)
4(6294 13584 13585 6295)
4(6206 6296 13586 13496)
4(6295 13585 13586 6296)
4(6207 6297 13587 13497)
4(6296 13586 13587 6297)
4(6208 6298 13588 13498)
4(6297 13587 13588 6298)
4(6209 6299 13589 13499)
4(6298 13588 13589 6299)
4(6210 6300 13590 13500)
4(6299 13589 13590 6300)
4(6211 6301 13591 13501)
4(6300 13590 13591 6301)
4(6212 6302 13592 13502)
4(6301 13591 13592 6302)
4(6213 6303 13593 13503)
4(6302 13592 13593 6303)
4(6214 6304 13594 13504)
4(6303 13593 13594 6304)
4(6215 6305 13595 13505)
4(6304 13594 13595 6305)
4(6216 6306 13596 13506)
4(6305 13595 13596 6306)
4(6217 6307 13597 13507)
4(6306 13596 13597 6307)
4(6218 6308 13598 13508)
4(6307 13597 13598 6308)
4(6219 6309 13599 13509)
4(6308 13598 13599 6309)
4(6220 6310 13600 13510)
4(6309 13599 13600 6310)
4(6221 6311 13601 13511)
4(6310 13600 13601 6311)
4(6222 6312 13602 13512)
4(6311 13601 13602 6312)
4(6223 6313 13603 13513)
4(6312 13602 13603 6313)
4(6224 6314 13604 13514)
4(6313 13603 13604 6314)
4(6225 6315 13605 13515)
4(6314 13604 13605 6315)
4(6226 6316 13606 13516)
4(6315 13605 13606 6316)
4(6227 6317 13607 13517)
4(6316 13606 13607 6317)
4(6228 6318 13608 13518)
4(6317 13607 13608 6318)
4(6229 6319 13609 13519)
4(6318 13608 13609 6319)
4(6230 6320 13610 13520)
4(6319 13609 13610 6320)
4(6231 6321 13611 13521)
4(6320 13610 13611 6321)
4(6232 6322 13612 13522)
4(6321 13611 13612 6322)
4(6233 6323 13613 13523)
4(6322 13612 13613 6323)
4(6234 6324 13614 13524)
4(6323 13613 13614 6324)
4(6235 6325 13615 13525)
4(6324 13614 13615 6325)
4(6236 6326 13616 13526)
4(6325 13615 13616 6326)
4(6237 6327 13617 13527)
4(6326 13616 13617 6327)
4(6238 6328 13618 13528)
4(6327 13617 13618 6328)
4(6239 6329 13619 13529)
4(6328 13618 13619 6329)
4(6240 6330 13620 13530)
4(6329 13619 13620 6330)
4(6241 6331 13621 13531)
4(6330 13620 13621 6331)
4(6242 6332 13622 13532)
4(6331 13621 13622 6332)
4(6243 6333 13623 13533)
4(6332 13622 13623 6333)
4(6244 6334 13624 13534)
4(6333 13623 13624 6334)
4(6245 6335 13625 13535)
4(6334 13624 13625 6335)
4(6246 6336 13626 13536)
4(6335 13625 13626 6336)
4(6247 6337 13627 13537)
4(6336 13626 13627 6337)
4(6248 6338 13628 13538)
4(6337 13627 13628 6338)
4(6249 6339 13629 13539)
4(6338 13628 13629 6339)
4(6250 6340 13630 13540)
4(6339 13629 13630 6340)
4(6251 6341 13631 13541)
4(6340 13630 13631 6341)
4(6252 6342 13632 13542)
4(6341 13631 13632 6342)
4(6253 6343 13633 13543)
4(6342 13632 13633 6343)
4(6254 6344 13634 13544)
4(6343 13633 13634 6344)
4(6255 6345 13635 13545)
4(6344 13634 13635 6345)
4(6256 6346 13636 13546)
4(6345 13635 13636 6346)
4(6257 6347 13637 13547)
4(6346 13636 13637 6347)
4(6258 6348 13638 13548)
4(6347 13637 13638 6348)
4(6259 6349 13639 13549)
4(6348 13638 13639 6349)
4(6260 6350 13640 13550)
4(6349 13639 13640 6350)
4(6261 6351 13641 13551)
4(6350 13640 13641 6351)
4(6262 6352 13642 13552)
4(6351 13641 13642 6352)
4(6263 6353 13643 13553)
4(6352 13642 13643 6353)
4(6264 6354 13644 13554)
4(6353 13643 13644 6354)
4(6265 6355 13645 13555)
4(6354 13644 13645 6355)
4(6266 6356 13646 13556)
4(6355 13645 13646 6356)
4(6267 6357 13647 13557)
4(6356 13646 13647 6357)
4(6268 6358 13648 13558)
4(6357 13647 13648 6358)
4(6269 6359 13649 13559)
4(6358 13648 13649 6359)
4(6270 6360 13650 13560)
4(6359 13649 13650 6360)
4(6271 6361 13651 13561)
4(6360 13650 13651 6361)
4(6272 6362 13652 13562)
4(6361 13651 13652 6362)
4(6273 6363 13653 13563)
4(6362 13652 13653 6363)
4(6274 6364 13654 13564)
4(6363 13653 13654 6364)
4(6275 6365 13655 13565)
4(6364 13654 13655 6365)
4(6276 6366 13656 13566)
4(6365 13655 13656 6366)
4(6277 6367 13657 13567)
4(6366 13656 13657 6367)
4(6278 6368 13658 13568)
4(6367 13657 13658 6368)
4(6279 6369 13659 13569)
4(6368 13658 13659 6369)
4(6280 6370 13660 13570)
4(6369 13659 13660 6370)
4(6370 13660 13661 6371)
4(6282 6372 13662 13572)
4(687 1983 13662 6372)
4(6283 6373 13663 13573)
4(6372 13662 13663 6373)
4(6284 6374 13664 13574)
4(6373 13663 13664 6374)
4(6285 6375 13665 13575)
4(6374 13664 13665 6375)
4(6286 6376 13666 13576)
4(6375 13665 13666 6376)
4(6287 6377 13667 13577)
4(6376 13666 13667 6377)
4(6288 6378 13668 13578)
4(6377 13667 13668 6378)
4(6289 6379 13669 13579)
4(6378 13668 13669 6379)
4(6290 6380 13670 13580)
4(6379 13669 13670 6380)
4(6291 6381 13671 13581)
4(6380 13670 13671 6381)
4(6292 6382 13672 13582)
4(6381 13671 13672 6382)
4(6293 6383 13673 13583)
4(6382 13672 13673 6383)
4(6294 6384 13674 13584)
4(6383 13673 13674 6384)
4(6295 6385 13675 13585)
4(6384 13674 13675 6385)
4(6296 6386 13676 13586)
4(6385 13675 13676 6386)
4(6297 6387 13677 13587)
4(6386 13676 13677 6387)
4(6298 6388 13678 13588)
4(6387 13677 13678 6388)
4(6299 6389 13679 13589)
4(6388 13678 13679 6389)
4(6300 6390 13680 13590)
4(6389 13679 13680 6390)
4(6301 6391 13681 13591)
4(6390 13680 13681 6391)
4(6302 6392 13682 13592)
4(6391 13681 13682 6392)
4(6303 6393 13683 13593)
4(6392 13682 13683 6393)
4(6304 6394 13684 13594)
4(6393 13683 13684 6394)
4(6305 6395 13685 13595)
4(6394 13684 13685 6395)
4(6306 6396 13686 13596)
4(6395 13685 13686 6396)
4(6307 6397 13687 13597)
4(6396 13686 13687 6397)
4(6308 6398 13688 13598)
4(6397 13687 13688 6398)
4(6309 6399 13689 13599)
4(6398 13688 13689 6399)
4(6310 6400 13690 13600)
4(6399 13689 13690 6400)
4(6311 6401 13691 13601)
4(6400 13690 13691 6401)
4(6312 6402 13692 13602)
4(6401 13691 13692 6402)
4(6313 6403 13693 13603)
4(6402 13692 13693 6403)
4(6314 6404 13694 13604)
4(6403 13693 13694 6404)
4(6315 6405 13695 13605)
4(6404 13694 13695 6405)
4(6316 6406 13696 13606)
4(6405 13695 13696 6406)
4(6317 6407 13697 13607)
4(6406 13696 13697 6407)
4(6318 6408 13698 13608)
4(6407 13697 13698 6408)
4(6319 6409 13699 13609)
4(6408 13698 13699 6409)
4(6320 6410 13700 13610)
4(6409 13699 13700 6410)
4(6321 6411 13701 13611)
4(6410 13700 13701 6411)
4(6322 6412 13702 13612)
4(6411 13701 13702 6412)
4(6323 6413 13703 13613)
4(6412 13702 13703 6413)
4(6324 6414 13704 13614)
4(6413 13703 13704 6414)
4(6325 6415 13705 13615)
4(6414 13704 13705 6415)
4(6326 6416 13706 13616)
4(6415 13705 13706 6416)
4(6327 6417 13707 13617)
4(6416 13706 13707 6417)
4(6328 6418 13708 13618)
4(6417 13707 13708 6418)
4(6329 6419 13709 13619)
4(6418 13708 13709 6419)
4(6330 6420 13710 13620)
4(6419 13709 13710 6420)
4(6331 6421 13711 13621)
4(6420 13710 13711 6421)
4(6332 6422 13712 13622)
4(6421 13711 13712 6422)
4(6333 6423 13713 13623)
4(6422 13712 13713 6423)
4(6334 6424 13714 13624)
4(6423 13713 13714 6424)
4(6335 6425 13715 13625)
4(6424 13714 13715 6425)
4(6336 6426 13716 13626)
4(6425 13715 13716 6426)
4(6337 6427 13717 13627)
4(6426 13716 13717 6427)
4(6338 6428 13718 13628)
4(6427 13717 13718 6428)
4(6339 6429 13719 13629)
4(6428 13718 13719 6429)
4(6340 6430 13720 13630)
4(6429 13719 13720 6430)
4(6341 6431 13721 13631)
4(6430 13720 13721 6431)
4(6342 6432 13722 13632)
4(6431 13721 13722 6432)
4(6343 6433 13723 13633)
4(6432 13722 13723 6433)
4(6344 6434 13724 13634)
4(6433 13723 13724 6434)
4(6345 6435 13725 13635)
4(6434 13724 13725 6435)
4(6346 6436 13726 13636)
4(6435 13725 13726 6436)
4(6347 6437 13727 13637)
4(6436 13726 13727 6437)
4(6348 6438 13728 13638)
4(6437 13727 13728 6438)
4(6349 6439 13729 13639)
4(6438 13728 13729 6439)
4(6350 6440 13730 13640)
4(6439 13729 13730 6440)
4(6351 6441 13731 13641)
4(6440 13730 13731 6441)
4(6352 6442 13732 13642)
4(6441 13731 13732 6442)
4(6353 6443 13733 13643)
4(6442 13732 13733 6443)
4(6354 6444 13734 13644)
4(6443 13733 13734 6444)
4(6355 6445 13735 13645)
4(6444 13734 13735 6445)
4(6356 6446 13736 13646)
4(6445 13735 13736 6446)
4(6357 6447 13737 13647)
4(6446 13736 13737 6447)
4(6358 6448 13738 13648)
4(6447 13737 13738 6448)
4(6359 6449 13739 13649)
4(6448 13738 13739 6449)
4(6360 6450 13740 13650)
4(6449 13739 13740 6450)
4(6361 6451 13741 13651)
4(6450 13740 13741 6451)
4(6362 6452 13742 13652)
4(6451 13741 13742 6452)
4(6363 6453 13743 13653)
4(6452 13742 13743 6453)
4(6364 6454 13744 13654)
4(6453 13743 13744 6454)
4(6365 6455 13745 13655)
4(6454 13744 13745 6455)
4(6366 6456 13746 13656)
4(6455 13745 13746 6456)
4(6367 6457 13747 13657)
4(6456 13746 13747 6457)
4(6368 6458 13748 13658)
4(6457 13747 13748 6458)
4(6369 6459 13749 13659)
4(6458 13748 13749 6459)
4(6370 6460 13750 13660)
4(6459 13749 13750 6460)
4(6460 13750 13751 6461)
4(6372 6462 13752 13662)
4(703 1999 13752 6462)
4(6373 6463 13753 13663)
4(6462 13752 13753 6463)
4(6374 6464 13754 13664)
4(6463 13753 13754 6464)
4(6375 6465 13755 13665)
4(6464 13754 13755 6465)
4(6376 6466 13756 13666)
4(6465 13755 13756 6466)
4(6377 6467 13757 13667)
4(6466 13756 13757 6467)
4(6378 6468 13758 13668)
4(6467 13757 13758 6468)
4(6379 6469 13759 13669)
4(6468 13758 13759 6469)
4(6380 6470 13760 13670)
4(6469 13759 13760 6470)
4(6381 6471 13761 13671)
4(6470 13760 13761 6471)
4(6382 6472 13762 13672)
4(6471 13761 13762 6472)
4(6383 6473 13763 13673)
4(6472 13762 13763 6473)
4(6384 6474 13764 13674)
4(6473 13763 13764 6474)
4(6385 6475 13765 13675)
4(6474 13764 13765 6475)
4(6386 6476 13766 13676)
4(6475 13765 13766 6476)
4(6387 6477 13767 13677)
4(6476 13766 13767 6477)
4(6388 6478 13768 13678)
4(6477 13767 13768 6478)
4(6389 6479 13769 13679)
4(6478 13768 13769 6479)
4(6390 6480 13770 13680)
4(6479 13769 13770 6480)
4(6391 6481 13771 13681)
4(6480 13770 13771 6481)
4(6392 6482 13772 13682)
4(6481 13771 13772 6482)
4(6393 6483 13773 13683)
4(6482 13772 13773 6483)
4(6394 6484 13774 13684)
4(6483 13773 13774 6484)
4(6395 6485 13775 13685)
4(6484 13774 13775 6485)
4(6396 6486 13776 13686)
4(6485 13775 13776 6486)
4(6397 6487 13777 13687)
4(6486 13776 13777 6487)
4(6398 6488 13778 13688)
4(6487 13777 13778 6488)
4(6399 6489 13779 13689)
4(6488 13778 13779 6489)
4(6400 6490 13780 13690)
4(6489 13779 13780 6490)
4(6401 6491 13781 13691)
4(6490 13780 13781 6491)
4(6402 6492 13782 13692)
4(6491 13781 13782 6492)
4(6403 6493 13783 13693)
4(6492 13782 13783 6493)
4(6404 6494 13784 13694)
4(6493 13783 13784 6494)
4(6405 6495 13785 13695)
4(6494 13784 13785 6495)
4(6406 6496 13786 13696)
4(6495 13785 13786 6496)
4(6407 6497 13787 13697)
4(6496 13786 13787 6497)
4(6408 6498 13788 13698)
4(6497 13787 13788 6498)
4(6409 6499 13789 13699)
4(6498 13788 13789 6499)
4(6410 6500 13790 13700)
4(6499 13789 13790 6500)
4(6411 6501 13791 13701)
4(6500 13790 13791 6501)
4(6412 6502 13792 13702)
4(6501 13791 13792 6502)
4(6413 6503 13793 13703)
4(6502 13792 13793 6503)
4(6414 6504 13794 13704)
4(6503 13793 13794 6504)
4(6415 6505 13795 13705)
4(6504 13794 13795 6505)
4(6416 6506 13796 13706)
4(6505 13795 13796 6506)
4(6417 6507 13797 13707)
4(6506 13796 13797 6507)
4(6418 6508 13798 13708)
4(6507 13797 13798 6508)
4(6419 6509 13799 13709)
4(6508 13798 13799 6509)
4(6420 6510 13800 13710)
4(6509 13799 13800 6510)
4(6421 6511 13801 13711)
4(6510 13800 13801 6511)
4(6422 6512 13802 13712)
4(6511 13801 13802 6512)
4(6423 6513 13803 13713)
4(6512 13802 13803 6513)
4(6424 6514 13804 13714)
4(6513 13803 13804 6514)
4(6425 6515 13805 13715)
4(6514 13804 13805 6515)
4(6426 6516 13806 13716)
4(6515 13805 13806 6516)
4(6427 6517 13807 13717)
4(6516 13806 13807 6517)
4(6428 6518 13808 13718)
4(6517 13807 13808 6518)
4(6429 6519 13809 13719)
4(6518 13808 13809 6519)
4(6430 6520 13810 13720)
4(6519 13809 13810 6520)
4(6431 6521 13811 13721)
4(6520 13810 13811 6521)
4(6432 6522 13812 13722)
4(6521 13811 13812 6522)
4(6433 6523 13813 13723)
4(6522 13812 13813 6523)
4(6434 6524 13814 13724)
4(6523 13813 13814 6524)
4(6435 6525 13815 13725)
4(6524 13814 13815 6525)
4(6436 6526 13816 13726)
4(6525 13815 13816 6526)
4(6437 6527 13817 13727)
4(6526 13816 13817 6527)
4(6438 6528 13818 13728)
4(6527 13817 13818 6528)
4(6439 6529 13819 13729)
4(6528 13818 13819 6529)
4(6440 6530 13820 13730)
4(6529 13819 13820 6530)
4(6441 6531 13821 13731)
4(6530 13820 13821 6531)
4(6442 6532 13822 13732)
4(6531 13821 13822 6532)
4(6443 6533 13823 13733)
4(6532 13822 13823 6533)
4(6444 6534 13824 13734)
4(6533 13823 13824 6534)
4(6445 6535 13825 13735)
4(6534 13824 13825 6535)
4(6446 6536 13826 13736)
4(6535 13825 13826 6536)
4(6447 6537 13827 13737)
4(6536 13826 13827 6537)
4(6448 6538 13828 13738)
4(6537 13827 13828 6538)
4(6449 6539 13829 13739)
4(6538 13828 13829 6539)
4(6450 6540 13830 13740)
4(6539 13829 13830 6540)
4(6451 6541 13831 13741)
4(6540 13830 13831 6541)
4(6452 6542 13832 13742)
4(6541 13831 13832 6542)
4(6453 6543 13833 13743)
4(6542 13832 13833 6543)
4(6454 6544 13834 13744)
4(6543 13833 13834 6544)
4(6455 6545 13835 13745)
4(6544 13834 13835 6545)
4(6456 6546 13836 13746)
4(6545 13835 13836 6546)
4(6457 6547 13837 13747)
4(6546 13836 13837 6547)
4(6458 6548 13838 13748)
4(6547 13837 13838 6548)
4(6459 6549 13839 13749)
4(6548 13838 13839 6549)
4(6460 6550 13840 13750)
4(6549 13839 13840 6550)
4(6550 13840 13841 6551)
4(6462 6552 13842 13752)
4(719 2015 13842 6552)
4(6463 6553 13843 13753)
4(6552 13842 13843 6553)
4(6464 6554 13844 13754)
4(6553 13843 13844 6554)
4(6465 6555 13845 13755)
4(6554 13844 13845 6555)
4(6466 6556 13846 13756)
4(6555 13845 13846 6556)
4(6467 6557 13847 13757)
4(6556 13846 13847 6557)
4(6468 6558 13848 13758)
4(6557 13847 13848 6558)
4(6469 6559 13849 13759)
4(6558 13848 13849 6559)
4(6470 6560 13850 13760)
4(6559 13849 13850 6560)
4(6471 6561 13851 13761)
4(6560 13850 13851 6561)
4(6472 6562 13852 13762)
4(6561 13851 13852 6562)
4(6473 6563 13853 13763)
4(6562 13852 13853 6563)
4(6474 6564 13854 13764)
4(6563 13853 13854 6564)
4(6475 6565 13855 13765)
4(6564 13854 13855 6565)
4(6476 6566 13856 13766)
4(6565 13855 13856 6566)
4(6477 6567 13857 13767)
4(6566 13856 13857 6567)
4(6478 6568 13858 13768)
4(6567 13857 13858 6568)
4(6479 6569 13859 13769)
4(6568 13858 13859 6569)
4(6480 6570 13860 13770)
4(6569 13859 13860 6570)
4(6481 6571 13861 13771)
4(6570 13860 13861 6571)
4(6482 6572 13862 13772)
4(6571 13861 13862 6572)
4(6483 6573 13863 13773)
4(6572 13862 13863 6573)
4(6484 6574 13864 13774)
4(6573 13863 13864 6574)
4(6485 6575 13865 13775)
4(6574 13864 13865 6575)
4(6486 6576 13866 13776)
4(6575 13865 13866 6576)
4(6487 6577 13867 13777)
4(6576 13866 13867 6577)
4(6488 6578 13868 13778)
4(6577 13867 13868 6578)
4(6489 6579 13869 13779)
4(6578 13868 13869 6579)
4(6490 6580 13870 13780)
4(6579 13869 13870 6580)
4(6491 6581 13871 13781)
4(6580 13870 13871 6581)
4(6492 6582 13872 13782)
4(6581 13871 13872 6582)
4(6493 6583 13873 13783)
4(6582 13872 13873 6583)
4(6494 6584 13874 13784)
4(6583 13873 13874 6584)
4(6495 6585 13875 13785)
4(6584 13874 13875 6585)
4(6496 6586 13876 13786)
4(6585 13875 13876 6586)
4(6497 6587 13877 13787)
4(6586 13876 13877 6587)
4(6498 6588 13878 13788)
4(6587 13877 13878 6588)
4(6499 6589 13879 13789)
4(6588 13878 13879 6589)
4(6500 6590 13880 13790)
4(6589 13879 13880 6590)
4(6501 6591 13881 13791)
4(6590 13880 13881 6591)
4(6502 6592 13882 13792)
4(6591 13881 13882 6592)
4(6503 6593 13883 13793)
4(6592 13882 13883 6593)
4(6504 6594 13884 13794)
4(6593 13883 13884 6594)
4(6505 6595 13885 13795)
4(6594 13884 13885 6595)
4(6506 6596 13886 13796)
4(6595 13885 13886 6596)
4(6507 6597 13887 13797)
4(6596 13886 13887 6597)
4(6508 6598 13888 13798)
4(6597 13887 13888 6598)
4(6509 6599 13889 13799)
4(6598 13888 13889 6599)
4(6510 6600 13890 13800)
4(6599 13889 13890 6600)
4(6511 6601 13891 13801)
4(6600 13890 13891 6601)
4(6512 6602 13892 13802)
4(6601 13891 13892 6602)
4(6513 6603 13893 13803)
4(6602 13892 13893 6603)
4(6514 6604 13894 13804)
4(6603 13893 13894 6604)
4(6515 6605 13895 13805)
4(6604 13894 13895 6605)
4(6516 6606 13896 13806)
4(6605 13895 13896 6606)
4(6517 6607 13897 13807)
4(6606 13896 13897 6607)
4(6518 6608 13898 13808)
4(6607 13897 13898 6608)
4(6519 6609 13899 13809)
4(6608 13898 13899 6609)
4(6520 6610 13900 13810)
4(6609 13899 13900 6610)
4(6521 6611 13901 13811)
4(6610 13900 13901 6611)
4(6522 6612 13902 13812)
4(6611 13901 13902 6612)
4(6523 6613 13903 13813)
4(6612 13902 13903 6613)
4(6524 6614 13904 13814)
4(6613 13903 13904 6614)
4(6525 6615 13905 13815)
4(6614 13904 13905 6615)
4(6526 6616 13906 13816)
4(6615 13905 13906 6616)
4(6527 6617 13907 13817)
4(6616 13906 13907 6617)
4(6528 6618 13908 13818)
4(6617 13907 13908 6618)
4(6529 6619 13909 13819)
4(6618 13908 13909 6619)
4(6530 6620 13910 13820)
4(6619 13909 13910 6620)
4(6531 6621 13911 13821)
4(6620 13910 13911 6621)
4(6532 6622 13912 13822)
4(6621 13911 13912 6622)
4(6533 6623 13913 13823)
4(6622 13912 13913 6623)
4(6534 6624 13914 13824)
4(6623 13913 13914 6624)
4(6535 6625 13915 13825)
4(6624 13914 13915 6625)
4(6536 6626 13916 13826)
4(6625 13915 13916 6626)
4(6537 6627 13917 13827)
4(6626 13916 13917 6627)
4(6538 6628 13918 13828)
4(6627 13917 13918 6628)
4(6539 6629 13919 13829)
4(6628 13918 13919 6629)
4(6540 6630 13920 13830)
4(6629 13919 13920 6630)
4(6541 6631 13921 13831)
4(6630 13920 13921 6631)
4(6542 6632 13922 13832)
4(6631 13921 13922 6632)
4(6543 6633 13923 13833)
4(6632 13922 13923 6633)
4(6544 6634 13924 13834)
4(6633 13923 13924 6634)
4(6545 6635 13925 13835)
4(6634 13924 13925 6635)
4(6546 6636 13926 13836)
4(6635 13925 13926 6636)
4(6547 6637 13927 13837)
4(6636 13926 13927 6637)
4(6548 6638 13928 13838)
4(6637 13927 13928 6638)
4(6549 6639 13929 13839)
4(6638 13928 13929 6639)
4(6550 6640 13930 13840)
4(6639 13929 13930 6640)
4(6640 13930 13931 6641)
4(6552 6642 13932 13842)
4(735 2031 13932 6642)
4(6553 6643 13933 13843)
4(6642 13932 13933 6643)
4(6554 6644 13934 13844)
4(6643 13933 13934 6644)
4(6555 6645 13935 13845)
4(6644 13934 13935 6645)
4(6556 6646 13936 13846)
4(6645 13935 13936 6646)
4(6557 6647 13937 13847)
4(6646 13936 13937 6647)
4(6558 6648 13938 13848)
4(6647 13937 13938 6648)
4(6559 6649 13939 13849)
4(6648 13938 13939 6649)
4(6560 6650 13940 13850)
4(6649 13939 13940 6650)
4(6561 6651 13941 13851)
4(6650 13940 13941 6651)
4(6562 6652 13942 13852)
4(6651 13941 13942 6652)
4(6563 6653 13943 13853)
4(6652 13942 13943 6653)
4(6564 6654 13944 13854)
4(6653 13943 13944 6654)
4(6565 6655 13945 13855)
4(6654 13944 13945 6655)
4(6566 6656 13946 13856)
4(6655 13945 13946 6656)
4(6567 6657 13947 13857)
4(6656 13946 13947 6657)
4(6568 6658 13948 13858)
4(6657 13947 13948 6658)
4(6569 6659 13949 13859)
4(6658 13948 13949 6659)
4(6570 6660 13950 13860)
4(6659 13949 13950 6660)
4(6571 6661 13951 13861)
4(6660 13950 13951 6661)
4(6572 6662 13952 13862)
4(6661 13951 13952 6662)
4(6573 6663 13953 13863)
4(6662 13952 13953 6663)
4(6574 6664 13954 13864)
4(6663 13953 13954 6664)
4(6575 6665 13955 13865)
4(6664 13954 13955 6665)
4(6576 6666 13956 13866)
4(6665 13955 13956 6666)
4(6577 6667 13957 13867)
4(6666 13956 13957 6667)
4(6578 6668 13958 13868)
4(6667 13957 13958 6668)
4(6579 6669 13959 13869)
4(6668 13958 13959 6669)
4(6580 6670 13960 13870)
4(6669 13959 13960 6670)
4(6581 6671 13961 13871)
4(6670 13960 13961 6671)
4(6582 6672 13962 13872)
4(6671 13961 13962 6672)
4(6583 6673 13963 13873)
4(6672 13962 13963 6673)
4(6584 6674 13964 13874)
4(6673 13963 13964 6674)
4(6585 6675 13965 13875)
4(6674 13964 13965 6675)
4(6586 6676 13966 13876)
4(6675 13965 13966 6676)
4(6587 6677 13967 13877)
4(6676 13966 13967 6677)
4(6588 6678 13968 13878)
4(6677 13967 13968 6678)
4(6589 6679 13969 13879)
4(6678 13968 13969 6679)
4(6590 6680 13970 13880)
4(6679 13969 13970 6680)
4(6591 6681 13971 13881)
4(6680 13970 13971 6681)
4(6592 6682 13972 13882)
4(6681 13971 13972 6682)
4(6593 6683 13973 13883)
4(6682 13972 13973 6683)
4(6594 6684 13974 13884)
4(6683 13973 13974 6684)
4(6595 6685 13975 13885)
4(6684 13974 13975 6685)
4(6596 6686 13976 13886)
4(6685 13975 13976 6686)
4(6597 6687 13977 13887)
4(6686 13976 13977 6687)
4(6598 6688 13978 13888)
4(6687 13977 13978 6688)
4(6599 6689 13979 13889)
4(6688 13978 13979 6689)
4(6600 6690 13980 13890)
4(6689 13979 13980 6690)
4(6601 6691 13981 13891)
4(6690 13980 13981 6691)
4(6602 6692 13982 13892)
4(6691 13981 13982 6692)
4(6603 6693 13983 13893)
4(6692 13982 13983 6693)
4(6604 6694 13984 13894)
4(6693 13983 13984 6694)
4(6605 6695 13985 13895)
4(6694 13984 13985 6695)
4(6606 6696 13986 13896)
4(6695 13985 13986 6696)
4(6607 6697 13987 13897)
4(6696 13986 13987 6697)
4(6608 6698 13988 13898)
4(6697 13987 13988 6698)
4(6609 6699 13989 13899)
4(6698 13988 13989 6699)
4(6610 6700 13990 13900)
4(6699 13989 13990 6700)
4(6611 6701 13991 13901)
4(6700 13990 13991 6701)
4(6612 6702 13992 13902)
4(6701 13991 13992 6702)
4(6613 6703 13993 13903)
4(6702 13992 13993 6703)
4(6614 6704 13994 13904)
4(6703 13993 13994 6704)
4(6615 6705 13995 13905)
4(6704 13994 13995 6705)
4(6616 6706 13996 13906)
4(6705 13995 13996 6706)
4(6617 6707 13997 13907)
4(6706 13996 13997 6707)
4(6618 6708 13998 13908)
4(6707 13997 13998 6708)
4(6619 6709 13999 13909)
4(6708 13998 13999 6709)
4(6620 6710 14000 13910)
4(6709 13999 14000 6710)
4(6621 6711 14001 13911)
4(6710 14000 14001 6711)
4(6622 6712 14002 13912)
4(6711 14001 14002 6712)
4(6623 6713 14003 13913)
4(6712 14002 14003 6713)
4(6624 6714 14004 13914)
4(6713 14003 14004 6714)
4(6625 6715 14005 13915)
4(6714 14004 14005 6715)
4(6626 6716 14006 13916)
4(6715 14005 14006 6716)
4(6627 6717 14007 13917)
4(6716 14006 14007 6717)
4(6628 6718 14008 13918)
4(6717 14007 14008 6718)
4(6629 6719 14009 13919)
4(6718 14008 14009 6719)
4(6630 6720 14010 13920)
4(6719 14009 14010 6720)
4(6631 6721 14011 13921)
4(6720 14010 14011 6721)
4(6632 6722 14012 13922)
4(6721 14011 14012 6722)
4(6633 6723 14013 13923)
4(6722 14012 14013 6723)
4(6634 6724 14014 13924)
4(6723 14013 14014 6724)
4(6635 6725 14015 13925)
4(6724 14014 14015 6725)
4(6636 6726 14016 13926)
4(6725 14015 14016 6726)
4(6637 6727 14017 13927)
4(6726 14016 14017 6727)
4(6638 6728 14018 13928)
4(6727 14017 14018 6728)
4(6639 6729 14019 13929)
4(6728 14018 14019 6729)
4(6640 6730 14020 13930)
4(6729 14019 14020 6730)
4(6730 14020 14021 6731)
4(6642 6732 14022 13932)
4(751 2047 14022 6732)
4(6643 6733 14023 13933)
4(6732 14022 14023 6733)
4(6644 6734 14024 13934)
4(6733 14023 14024 6734)
4(6645 6735 14025 13935)
4(6734 14024 14025 6735)
4(6646 6736 14026 13936)
4(6735 14025 14026 6736)
4(6647 6737 14027 13937)
4(6736 14026 14027 6737)
4(6648 6738 14028 13938)
4(6737 14027 14028 6738)
4(6649 6739 14029 13939)
4(6738 14028 14029 6739)
4(6650 6740 14030 13940)
4(6739 14029 14030 6740)
4(6651 6741 14031 13941)
4(6740 14030 14031 6741)
4(6652 6742 14032 13942)
4(6741 14031 14032 6742)
4(6653 6743 14033 13943)
4(6742 14032 14033 6743)
4(6654 6744 14034 13944)
4(6743 14033 14034 6744)
4(6655 6745 14035 13945)
4(6744 14034 14035 6745)
4(6656 6746 14036 13946)
4(6745 14035 14036 6746)
4(6657 6747 14037 13947)
4(6746 14036 14037 6747)
4(6658 6748 14038 13948)
4(6747 14037 14038 6748)
4(6659 6749 14039 13949)
4(6748 14038 14039 6749)
4(6660 6750 14040 13950)
4(6749 14039 14040 6750)
4(6661 6751 14041 13951)
4(6750 14040 14041 6751)
4(6662 6752 14042 13952)
4(6751 14041 14042 6752)
4(6663 6753 14043 13953)
4(6752 14042 14043 6753)
4(6664 6754 14044 13954)
4(6753 14043 14044 6754)
4(6665 6755 14045 13955)
4(6754 14044 14045 6755)
4(6666 6756 14046 13956)
4(6755 14045 14046 6756)
4(6667 6757 14047 13957)
4(6756 14046 14047 6757)
4(6668 6758 14048 13958)
4(6757 14047 14048 6758)
4(6669 6759 14049 13959)
4(6758 14048 14049 6759)
4(6670 6760 14050 13960)
4(6759 14049 14050 6760)
4(6671 6761 14051 13961)
4(6760 14050 14051 6761)
4(6672 6762 14052 13962)
4(6761 14051 14052 6762)
4(6673 6763 14053 13963)
4(6762 14052 14053 6763)
4(6674 6764 14054 13964)
4(6763 14053 14054 6764)
4(6675 6765 14055 13965)
4(6764 14054 14055 6765)
4(6676 6766 14056 13966)
4(6765 14055 14056 6766)
4(6677 6767 14057 13967)
4(6766 14056 14057 6767)
4(6678 6768 14058 13968)
4(6767 14057 14058 6768)
4(6679 6769 14059 13969)
4(6768 14058 14059 6769)
4(6680 6770 14060 13970)
4(6769 14059 14060 6770)
4(6681 6771 14061 13971)
4(6770 14060 14061 6771)
4(6682 6772 14062 13972)
4(6771 14061 14062 6772)
4(6683 6773 14063 13973)
4(6772 14062 14063 6773)
4(6684 6774 14064 13974)
4(6773 14063 14064 6774)
4(6685 6775 14065 13975)
4(6774 14064 14065 6775)
4(6686 6776 14066 13976)
4(6775 14065 14066 6776)
4(6687 6777 14067 13977)
4(6776 14066 14067 6777)
4(6688 6778 14068 13978)
4(6777 14067 14068 6778)
4(6689 6779 14069 13979)
4(6778 14068 14069 6779)
4(6690 6780 14070 13980)
4(6779 14069 14070 6780)
4(6691 6781 14071 13981)
4(6780 14070 14071 6781)
4(6692 6782 14072 13982)
4(6781 14071 14072 6782)
4(6693 6783 14073 13983)
4(6782 14072 14073 6783)
4(6694 6784 14074 13984)
4(6783 14073 14074 6784)
4(6695 6785 14075 13985)
4(6784 14074 14075 6785)
4(6696 6786 14076 13986)
4(6785 14075 14076 6786)
4(6697 6787 14077 13987)
4(6786 14076 14077 6787)
4(6698 6788 14078 13988)
4(6787 14077 14078 6788)
4(6699 6789 14079 13989)
4(6788 14078 14079 6789)
4(6700 6790 14080 13990)
4(6789 14079 14080 6790)
4(6701 6791 14081 13991)
4(6790 14080 14081 6791)
4(6702 6792 14082 13992)
4(6791 14081 14082 6792)
4(6703 6793 14083 13993)
4(6792 14082 14083 6793)
4(6704 6794 14084 13994)
4(6793 14083 14084 6794)
4(6705 6795 14085 13995)
4(6794 14084 14085 6795)
4(6706 6796 14086 13996)
4(6795 14085 14086 6796)
4(6707 6797 14087 13997)
4(6796 14086 14087 6797)
4(6708 6798 14088 13998)
4(6797 14087 14088 6798)
4(6709 6799 14089 13999)
4(6798 14088 14089 6799)
4(6710 6800 14090 14000)
4(6799 14089 14090 6800)
4(6711 6801 14091 14001)
4(6800 14090 14091 6801)
4(6712 6802 14092 14002)
4(6801 14091 14092 6802)
4(6713 6803 14093 14003)
4(6802 14092 14093 6803)
4(6714 6804 14094 14004)
4(6803 14093 14094 6804)
4(6715 6805 14095 14005)
4(6804 14094 14095 6805)
4(6716 6806 14096 14006)
4(6805 14095 14096 6806)
4(6717 6807 14097 14007)
4(6806 14096 14097 6807)
4(6718 6808 14098 14008)
4(6807 14097 14098 6808)
4(6719 6809 14099 14009)
4(6808 14098 14099 6809)
4(6720 6810 14100 14010)
4(6809 14099 14100 6810)
4(6721 6811 14101 14011)
4(6810 14100 14101 6811)
4(6722 6812 14102 14012)
4(6811 14101 14102 6812)
4(6723 6813 14103 14013)
4(6812 14102 14103 6813)
4(6724 6814 14104 14014)
4(6813 14103 14104 6814)
4(6725 6815 14105 14015)
4(6814 14104 14105 6815)
4(6726 6816 14106 14016)
4(6815 14105 14106 6816)
4(6727 6817 14107 14017)
4(6816 14106 14107 6817)
4(6728 6818 14108 14018)
4(6817 14107 14108 6818)
4(6729 6819 14109 14019)
4(6818 14108 14109 6819)
4(6730 6820 14110 14020)
4(6819 14109 14110 6820)
4(6820 14110 14111 6821)
4(6732 6822 14112 14022)
4(767 2063 14112 6822)
4(6733 6823 14113 14023)
4(6822 14112 14113 6823)
4(6734 6824 14114 14024)
4(6823 14113 14114 6824)
4(6735 6825 14115 14025)
4(6824 14114 14115 6825)
4(6736 6826 14116 14026)
4(6825 14115 14116 6826)
4(6737 6827 14117 14027)
4(6826 14116 14117 6827)
4(6738 6828 14118 14028)
4(6827 14117 14118 6828)
4(6739 6829 14119 14029)
4(6828 14118 14119 6829)
4(6740 6830 14120 14030)
4(6829 14119 14120 6830)
4(6741 6831 14121 14031)
4(6830 14120 14121 6831)
4(6742 6832 14122 14032)
4(6831 14121 14122 6832)
4(6743 6833 14123 14033)
4(6832 14122 14123 6833)
4(6744 6834 14124 14034)
4(6833 14123 14124 6834)
4(6745 6835 14125 14035)
4(6834 14124 14125 6835)
4(6746 6836 14126 14036)
4(6835 14125 14126 6836)
4(6747 6837 14127 14037)
4(6836 14126 14127 6837)
4(6748 6838 14128 14038)
4(6837 14127 14128 6838)
4(6749 6839 14129 14039)
4(6838 14128 14129 6839)
4(6750 6840 14130 14040)
4(6839 14129 14130 6840)
4(6751 6841 14131 14041)
4(6840 14130 14131 6841)
4(6752 6842 14132 14042)
4(6841 14131 14132 6842)
4(6753 6843 14133 14043)
4(6842 14132 14133 6843)
4(6754 6844 14134 14044)
4(6843 14133 14134 6844)
4(6755 6845 14135 14045)
4(6844 14134 14135 6845)
4(6756 6846 14136 14046)
4(6845 14135 14136 6846)
4(6757 6847 14137 14047)
4(6846 14136 14137 6847)
4(6758 6848 14138 14048)
4(6847 14137 14138 6848)
4(6759 6849 14139 14049)
4(6848 14138 14139 6849)
4(6760 6850 14140 14050)
4(6849 14139 14140 6850)
4(6761 6851 14141 14051)
4(6850 14140 14141 6851)
4(6762 6852 14142 14052)
4(6851 14141 14142 6852)
4(6763 6853 14143 14053)
4(6852 14142 14143 6853)
4(6764 6854 14144 14054)
4(6853 14143 14144 6854)
4(6765 6855 14145 14055)
4(6854 14144 14145 6855)
4(6766 6856 14146 14056)
4(6855 14145 14146 6856)
4(6767 6857 14147 14057)
4(6856 14146 14147 6857)
4(6768 6858 14148 14058)
4(6857 14147 14148 6858)
4(6769 6859 14149 14059)
4(6858 14148 14149 6859)
4(6770 6860 14150 14060)
4(6859 14149 14150 6860)
4(6771 6861 14151 14061)
4(6860 14150 14151 6861)
4(6772 6862 14152 14062)
4(6861 14151 14152 6862)
4(6773 6863 14153 14063)
4(6862 14152 14153 6863)
4(6774 6864 14154 14064)
4(6863 14153 14154 6864)
4(6775 6865 14155 14065)
4(6864 14154 14155 6865)
4(6776 6866 14156 14066)
4(6865 14155 14156 6866)
4(6777 6867 14157 14067)
4(6866 14156 14157 6867)
4(6778 6868 14158 14068)
4(6867 14157 14158 6868)
4(6779 6869 14159 14069)
4(6868 14158 14159 6869)
4(6780 6870 14160 14070)
4(6869 14159 14160 6870)
4(6781 6871 14161 14071)
4(6870 14160 14161 6871)
4(6782 6872 14162 14072)
4(6871 14161 14162 6872)
4(6783 6873 14163 14073)
4(6872 14162 14163 6873)
4(6784 6874 14164 14074)
4(6873 14163 14164 6874)
4(6785 6875 14165 14075)
4(6874 14164 14165 6875)
4(6786 6876 14166 14076)
4(6875 14165 14166 6876)
4(6787 6877 14167 14077)
4(6876 14166 14167 6877)
4(6788 6878 14168 14078)
4(6877 14167 14168 6878)
4(6789 6879 14169 14079)
4(6878 14168 14169 6879)
4(6790 6880 14170 14080)
4(6879 14169 14170 6880)
4(6791 6881 14171 14081)
4(6880 14170 14171 6881)
4(6792 6882 14172 14082)
4(6881 14171 14172 6882)
4(6793 6883 14173 14083)
4(6882 14172 14173 6883)
4(6794 6884 14174 14084)
4(6883 14173 14174 6884)
4(6795 6885 14175 14085)
4(6884 14174 14175 6885)
4(6796 6886 14176 14086)
4(6885 14175 14176 6886)
4(6797 6887 14177 14087)
4(6886 14176 14177 6887)
4(6798 6888 14178 14088)
4(6887 14177 14178 6888)
4(6799 6889 14179 14089)
4(6888 14178 14179 6889)
4(6800 6890 14180 14090)
4(6889 14179 14180 6890)
4(6801 6891 14181 14091)
4(6890 14180 14181 6891)
4(6802 6892 14182 14092)
4(6891 14181 14182 6892)
4(6803 6893 14183 14093)
4(6892 14182 14183 6893)
4(6804 6894 14184 14094)
4(6893 14183 14184 6894)
4(6805 6895 14185 14095)
4(6894 14184 14185 6895)
4(6806 6896 14186 14096)
4(6895 14185 14186 6896)
4(6807 6897 14187 14097)
4(6896 14186 14187 6897)
4(6808 6898 14188 14098)
4(6897 14187 14188 6898)
4(6809 6899 14189 14099)
4(6898 14188 14189 6899)
4(6810 6900 14190 14100)
4(6899 14189 14190 6900)
4(6811 6901 14191 14101)
4(6900 14190 14191 6901)
4(6812 6902 14192 14102)
4(6901 14191 14192 6902)
4(6813 6903 14193 14103)
4(6902 14192 14193 6903)
4(6814 6904 14194 14104)
4(6903 14193 14194 6904)
4(6815 6905 14195 14105)
4(6904 14194 14195 6905)
4(6816 6906 14196 14106)
4(6905 14195 14196 6906)
4(6817 6907 14197 14107)
4(6906 14196 14197 6907)
4(6818 6908 14198 14108)
4(6907 14197 14198 6908)
4(6819 6909 14199 14109)
4(6908 14198 14199 6909)
4(6820 6910 14200 14110)
4(6909 14199 14200 6910)
4(6910 14200 14201 6911)
4(6822 6912 14202 14112)
4(783 2079 14202 6912)
4(6823 6913 14203 14113)
4(6912 14202 14203 6913)
4(6824 6914 14204 14114)
4(6913 14203 14204 6914)
4(6825 6915 14205 14115)
4(6914 14204 14205 6915)
4(6826 6916 14206 14116)
4(6915 14205 14206 6916)
4(6827 6917 14207 14117)
4(6916 14206 14207 6917)
4(6828 6918 14208 14118)
4(6917 14207 14208 6918)
4(6829 6919 14209 14119)
4(6918 14208 14209 6919)
4(6830 6920 14210 14120)
4(6919 14209 14210 6920)
4(6831 6921 14211 14121)
4(6920 14210 14211 6921)
4(6832 6922 14212 14122)
4(6921 14211 14212 6922)
4(6833 6923 14213 14123)
4(6922 14212 14213 6923)
4(6834 6924 14214 14124)
4(6923 14213 14214 6924)
4(6835 6925 14215 14125)
4(6924 14214 14215 6925)
4(6836 6926 14216 14126)
4(6925 14215 14216 6926)
4(6837 6927 14217 14127)
4(6926 14216 14217 6927)
4(6838 6928 14218 14128)
4(6927 14217 14218 6928)
4(6839 6929 14219 14129)
4(6928 14218 14219 6929)
4(6840 6930 14220 14130)
4(6929 14219 14220 6930)
4(6841 6931 14221 14131)
4(6930 14220 14221 6931)
4(6842 6932 14222 14132)
4(6931 14221 14222 6932)
4(6843 6933 14223 14133)
4(6932 14222 14223 6933)
4(6844 6934 14224 14134)
4(6933 14223 14224 6934)
4(6845 6935 14225 14135)
4(6934 14224 14225 6935)
4(6846 6936 14226 14136)
4(6935 14225 14226 6936)
4(6847 6937 14227 14137)
4(6936 14226 14227 6937)
4(6848 6938 14228 14138)
4(6937 14227 14228 6938)
4(6849 6939 14229 14139)
4(6938 14228 14229 6939)
4(6850 6940 14230 14140)
4(6939 14229 14230 6940)
4(6851 6941 14231 14141)
4(6940 14230 14231 6941)
4(6852 6942 14232 14142)
4(6941 14231 14232 6942)
4(6853 6943 14233 14143)
4(6942 14232 14233 6943)
4(6854 6944 14234 14144)
4(6943 14233 14234 6944)
4(6855 6945 14235 14145)
4(6944 14234 14235 6945)
4(6856 6946 14236 14146)
4(6945 14235 14236 6946)
4(6857 6947 14237 14147)
4(6946 14236 14237 6947)
4(6858 6948 14238 14148)
4(6947 14237 14238 6948)
4(6859 6949 14239 14149)
4(6948 14238 14239 6949)
4(6860 6950 14240 14150)
4(6949 14239 14240 6950)
4(6861 6951 14241 14151)
4(6950 14240 14241 6951)
4(6862 6952 14242 14152)
4(6951 14241 14242 6952)
4(6863 6953 14243 14153)
4(6952 14242 14243 6953)
4(6864 6954 14244 14154)
4(6953 14243 14244 6954)
4(6865 6955 14245 14155)
4(6954 14244 14245 6955)
4(6866 6956 14246 14156)
4(6955 14245 14246 6956)
4(6867 6957 14247 14157)
4(6956 14246 14247 6957)
4(6868 6958 14248 14158)
4(6957 14247 14248 6958)
4(6869 6959 14249 14159)
4(6958 14248 14249 6959)
4(6870 6960 14250 14160)
4(6959 14249 14250 6960)
4(6871 6961 14251 14161)
4(6960 14250 14251 6961)
4(6872 6962 14252 14162)
4(6961 14251 14252 6962)
4(6873 6963 14253 14163)
4(6962 14252 14253 6963)
4(6874 6964 14254 14164)
4(6963 14253 14254 6964)
4(6875 6965 14255 14165)
4(6964 14254 14255 6965)
4(6876 6966 14256 14166)
4(6965 14255 14256 6966)
4(6877 6967 14257 14167)
4(6966 14256 14257 6967)
4(6878 6968 14258 14168)
4(6967 14257 14258 6968)
4(6879 6969 14259 14169)
4(6968 14258 14259 6969)
4(6880 6970 14260 14170)
4(6969 14259 14260 6970)
4(6881 6971 14261 14171)
4(6970 14260 14261 6971)
4(6882 6972 14262 14172)
4(6971 14261 14262 6972)
4(6883 6973 14263 14173)
4(6972 14262 14263 6973)
4(6884 6974 14264 14174)
4(6973 14263 14264 6974)
4(6885 6975 14265 14175)
4(6974 14264 14265 6975)
4(6886 6976 14266 14176)
4(6975 14265 14266 6976)
4(6887 6977 14267 14177)
4(6976 14266 14267 6977)
4(6888 6978 14268 14178)
4(6977 14267 14268 6978)
4(6889 6979 14269 14179)
4(6978 14268 14269 6979)
4(6890 6980 14270 14180)
4(6979 14269 14270 6980)
4(6891 6981 14271 14181)
4(6980 14270 14271 6981)
4(6892 6982 14272 14182)
4(6981 14271 14272 6982)
4(6893 6983 14273 14183)
4(6982 14272 14273 6983)
4(6894 6984 14274 14184)
4(6983 14273 14274 6984)
4(6895 6985 14275 14185)
4(6984 14274 14275 6985)
4(6896 6986 14276 14186)
4(6985 14275 14276 6986)
4(6897 6987 14277 14187)
4(6986 14276 14277 6987)
4(6898 6988 14278 14188)
4(6987 14277 14278 6988)
4(6899 6989 14279 14189)
4(6988 14278 14279 6989)
4(6900 6990 14280 14190)
4(6989 14279 14280 6990)
4(6901 6991 14281 14191)
4(6990 14280 14281 6991)
4(6902 6992 14282 14192)
4(6991 14281 14282 6992)
4(6903 6993 14283 14193)
4(6992 14282 14283 6993)
4(6904 6994 14284 14194)
4(6993 14283 14284 6994)
4(6905 6995 14285 14195)
4(6994 14284 14285 6995)
4(6906 6996 14286 14196)
4(6995 14285 14286 6996)
4(6907 6997 14287 14197)
4(6996 14286 14287 6997)
4(6908 6998 14288 14198)
4(6997 14287 14288 6998)
4(6909 6999 14289 14199)
4(6998 14288 14289 6999)
4(6910 7000 14290 14200)
4(6999 14289 14290 7000)
4(7000 14290 14291 7001)
4(6912 7002 14292 14202)
4(799 2095 14292 7002)
4(6913 7003 14293 14203)
4(7002 14292 14293 7003)
4(6914 7004 14294 14204)
4(7003 14293 14294 7004)
4(6915 7005 14295 14205)
4(7004 14294 14295 7005)
4(6916 7006 14296 14206)
4(7005 14295 14296 7006)
4(6917 7007 14297 14207)
4(7006 14296 14297 7007)
4(6918 7008 14298 14208)
4(7007 14297 14298 7008)
4(6919 7009 14299 14209)
4(7008 14298 14299 7009)
4(6920 7010 14300 14210)
4(7009 14299 14300 7010)
4(6921 7011 14301 14211)
4(7010 14300 14301 7011)
4(6922 7012 14302 14212)
4(7011 14301 14302 7012)
4(6923 7013 14303 14213)
4(7012 14302 14303 7013)
4(6924 7014 14304 14214)
4(7013 14303 14304 7014)
4(6925 7015 14305 14215)
4(7014 14304 14305 7015)
4(6926 7016 14306 14216)
4(7015 14305 14306 7016)
4(6927 7017 14307 14217)
4(7016 14306 14307 7017)
4(6928 7018 14308 14218)
4(7017 14307 14308 7018)
4(6929 7019 14309 14219)
4(7018 14308 14309 7019)
4(6930 7020 14310 14220)
4(7019 14309 14310 7020)
4(6931 7021 14311 14221)
4(7020 14310 14311 7021)
4(6932 7022 14312 14222)
4(7021 14311 14312 7022)
4(6933 7023 14313 14223)
4(7022 14312 14313 7023)
4(6934 7024 14314 14224)
4(7023 14313 14314 7024)
4(6935 7025 14315 14225)
4(7024 14314 14315 7025)
4(6936 7026 14316 14226)
4(7025 14315 14316 7026)
4(6937 7027 14317 14227)
4(7026 14316 14317 7027)
4(6938 7028 14318 14228)
4(7027 14317 14318 7028)
4(6939 7029 14319 14229)
4(7028 14318 14319 7029)
4(6940 7030 14320 14230)
4(7029 14319 14320 7030)
4(6941 7031 14321 14231)
4(7030 14320 14321 7031)
4(6942 7032 14322 14232)
4(7031 14321 14322 7032)
4(6943 7033 14323 14233)
4(7032 14322 14323 7033)
4(6944 7034 14324 14234)
4(7033 14323 14324 7034)
4(6945 7035 14325 14235)
4(7034 14324 14325 7035)
4(6946 7036 14326 14236)
4(7035 14325 14326 7036)
4(6947 7037 14327 14237)
4(7036 14326 14327 7037)
4(6948 7038 14328 14238)
4(7037 14327 14328 7038)
4(6949 7039 14329 14239)
4(7038 14328 14329 7039)
4(6950 7040 14330 14240)
4(7039 14329 14330 7040)
4(6951 7041 14331 14241)
4(7040 14330 14331 7041)
4(6952 7042 14332 14242)
4(7041 14331 14332 7042)
4(6953 7043 14333 14243)
4(7042 14332 14333 7043)
4(6954 7044 14334 14244)
4(7043 14333 14334 7044)
4(6955 7045 14335 14245)
4(7044 14334 14335 7045)
4(6956 7046 14336 14246)
4(7045 14335 14336 7046)
4(6957 7047 14337 14247)
4(7046 14336 14337 7047)
4(6958 7048 14338 14248)
4(7047 14337 14338 7048)
4(6959 7049 14339 14249)
4(7048 14338 14339 7049)
4(6960 7050 14340 14250)
4(7049 14339 14340 7050)
4(6961 7051 14341 14251)
4(7050 14340 14341 7051)
4(6962 7052 14342 14252)
4(7051 14341 14342 7052)
4(6963 7053 14343 14253)
4(7052 14342 14343 7053)
4(6964 7054 14344 14254)
4(7053 14343 14344 7054)
4(6965 7055 14345 14255)
4(7054 14344 14345 7055)
4(6966 7056 14346 14256)
4(7055 14345 14346 7056)
4(6967 7057 14347 14257)
4(7056 14346 14347 7057)
4(6968 7058 14348 14258)
4(7057 14347 14348 7058)
4(6969 7059 14349 14259)
4(7058 14348 14349 7059)
4(6970 7060 14350 14260)
4(7059 14349 14350 7060)
4(6971 7061 14351 14261)
4(7060 14350 14351 7061)
4(6972 7062 14352 14262)
4(7061 14351 14352 7062)
4(6973 7063 14353 14263)
4(7062 14352 14353 7063)
4(6974 7064 14354 14264)
4(7063 14353 14354 7064)
4(6975 7065 14355 14265)
4(7064 14354 14355 7065)
4(6976 7066 14356 14266)
4(7065 14355 14356 7066)
4(6977 7067 14357 14267)
4(7066 14356 14357 7067)
4(6978 7068 14358 14268)
4(7067 14357 14358 7068)
4(6979 7069 14359 14269)
4(7068 14358 14359 7069)
4(6980 7070 14360 14270)
4(7069 14359 14360 7070)
4(6981 7071 14361 14271)
4(7070 14360 14361 7071)
4(6982 7072 14362 14272)
4(7071 14361 14362 7072)
4(6983 7073 14363 14273)
4(7072 14362 14363 7073)
4(6984 7074 14364 14274)
4(7073 14363 14364 7074)
4(6985 7075 14365 14275)
4(7074 14364 14365 7075)
4(6986 7076 14366 14276)
4(7075 14365 14366 7076)
4(6987 7077 14367 14277)
4(7076 14366 14367 7077)
4(6988 7078 14368 14278)
4(7077 14367 14368 7078)
4(6989 7079 14369 14279)
4(7078 14368 14369 7079)
4(6990 7080 14370 14280)
4(7079 14369 14370 7080)
4(6991 7081 14371 14281)
4(7080 14370 14371 7081)
4(6992 7082 14372 14282)
4(7081 14371 14372 7082)
4(6993 7083 14373 14283)
4(7082 14372 14373 7083)
4(6994 7084 14374 14284)
4(7083 14373 14374 7084)
4(6995 7085 14375 14285)
4(7084 14374 14375 7085)
4(6996 7086 14376 14286)
4(7085 14375 14376 7086)
4(6997 7087 14377 14287)
4(7086 14376 14377 7087)
4(6998 7088 14378 14288)
4(7087 14377 14378 7088)
4(6999 7089 14379 14289)
4(7088 14378 14379 7089)
4(7000 7090 14380 14290)
4(7089 14379 14380 7090)
4(7090 14380 14381 7091)
4(7002 7092 14382 14292)
4(815 2111 14382 7092)
4(7003 7093 14383 14293)
4(7092 14382 14383 7093)
4(7004 7094 14384 14294)
4(7093 14383 14384 7094)
4(7005 7095 14385 14295)
4(7094 14384 14385 7095)
4(7006 7096 14386 14296)
4(7095 14385 14386 7096)
4(7007 7097 14387 14297)
4(7096 14386 14387 7097)
4(7008 7098 14388 14298)
4(7097 14387 14388 7098)
4(7009 7099 14389 14299)
4(7098 14388 14389 7099)
4(7010 7100 14390 14300)
4(7099 14389 14390 7100)
4(7011 7101 14391 14301)
4(7100 14390 14391 7101)
4(7012 7102 14392 14302)
4(7101 14391 14392 7102)
4(7013 7103 14393 14303)
4(7102 14392 14393 7103)
4(7014 7104 14394 14304)
4(7103 14393 14394 7104)
4(7015 7105 14395 14305)
4(7104 14394 14395 7105)
4(7016 7106 14396 14306)
4(7105 14395 14396 7106)
4(7017 7107 14397 14307)
4(7106 14396 14397 7107)
4(7018 7108 14398 14308)
4(7107 14397 14398 7108)
4(7019 7109 14399 14309)
4(7108 14398 14399 7109)
4(7020 7110 14400 14310)
4(7109 14399 14400 7110)
4(7021 7111 14401 14311)
4(7110 14400 14401 7111)
4(7022 7112 14402 14312)
4(7111 14401 14402 7112)
4(7023 7113 14403 14313)
4(7112 14402 14403 7113)
4(7024 7114 14404 14314)
4(7113 14403 14404 7114)
4(7025 7115 14405 14315)
4(7114 14404 14405 7115)
4(7026 7116 14406 14316)
4(7115 14405 14406 7116)
4(7027 7117 14407 14317)
4(7116 14406 14407 7117)
4(7028 7118 14408 14318)
4(7117 14407 14408 7118)
4(7029 7119 14409 14319)
4(7118 14408 14409 7119)
4(7030 7120 14410 14320)
4(7119 14409 14410 7120)
4(7031 7121 14411 14321)
4(7120 14410 14411 7121)
4(7032 7122 14412 14322)
4(7121 14411 14412 7122)
4(7033 7123 14413 14323)
4(7122 14412 14413 7123)
4(7034 7124 14414 14324)
4(7123 14413 14414 7124)
4(7035 7125 14415 14325)
4(7124 14414 14415 7125)
4(7036 7126 14416 14326)
4(7125 14415 14416 7126)
4(7037 7127 14417 14327)
4(7126 14416 14417 7127)
4(7038 7128 14418 14328)
4(7127 14417 14418 7128)
4(7039 7129 14419 14329)
4(7128 14418 14419 7129)
4(7040 7130 14420 14330)
4(7129 14419 14420 7130)
4(7041 7131 14421 14331)
4(7130 14420 14421 7131)
4(7042 7132 14422 14332)
4(7131 14421 14422 7132)
4(7043 7133 14423 14333)
4(7132 14422 14423 7133)
4(7044 7134 14424 14334)
4(7133 14423 14424 7134)
4(7045 7135 14425 14335)
4(7134 14424 14425 7135)
4(7046 7136 14426 14336)
4(7135 14425 14426 7136)
4(7047 7137 14427 14337)
4(7136 14426 14427 7137)
4(7048 7138 14428 14338)
4(7137 14427 14428 7138)
4(7049 7139 14429 14339)
4(7138 14428 14429 7139)
4(7050 7140 14430 14340)
4(7139 14429 14430 7140)
4(7051 7141 14431 14341)
4(7140 14430 14431 7141)
4(7052 7142 14432 14342)
4(7141 14431 14432 7142)
4(7053 7143 14433 14343)
4(7142 14432 14433 7143)
4(7054 7144 14434 14344)
4(7143 14433 14434 7144)
4(7055 7145 14435 14345)
4(7144 14434 14435 7145)
4(7056 7146 14436 14346)
4(7145 14435 14436 7146)
4(7057 7147 14437 14347)
4(7146 14436 14437 7147)
4(7058 7148 14438 14348)
4(7147 14437 14438 7148)
4(7059 7149 14439 14349)
4(7148 14438 14439 7149)
4(7060 7150 14440 14350)
4(7149 14439 14440 7150)
4(7061 7151 14441 14351)
4(7150 14440 14441 7151)
4(7062 7152 14442 14352)
4(7151 14441 14442 7152)
4(7063 7153 14443 14353)
4(7152 14442 14443 7153)
4(7064 7154 14444 14354)
4(7153 14443 14444 7154)
4(7065 7155 14445 14355)
4(7154 14444 14445 7155)
4(7066 7156 14446 14356)
4(7155 14445 14446 7156)
4(7067 7157 14447 14357)
4(7156 14446 14447 7157)
4(7068 7158 14448 14358)
4(7157 14447 14448 7158)
4(7069 7159 14449 14359)
4(7158 14448 14449 7159)
4(7070 7160 14450 14360)
4(7159 14449 14450 7160)
4(7071 7161 14451 14361)
4(7160 14450 14451 7161)
4(7072 7162 14452 14362)
4(7161 14451 14452 7162)
4(7073 7163 14453 14363)
4(7162 14452 14453 7163)
4(7074 7164 14454 14364)
4(7163 14453 14454 7164)
4(7075 7165 14455 14365)
4(7164 14454 14455 7165)
4(7076 7166 14456 14366)
4(7165 14455 14456 7166)
4(7077 7167 14457 14367)
4(7166 14456 14457 7167)
4(7078 7168 14458 14368)
4(7167 14457 14458 7168)
4(7079 7169 14459 14369)
4(7168 14458 14459 7169)
4(7080 7170 14460 14370)
4(7169 14459 14460 7170)
4(7081 7171 14461 14371)
4(7170 14460 14461 7171)
4(7082 7172 14462 14372)
4(7171 14461 14462 7172)
4(7083 7173 14463 14373)
4(7172 14462 14463 7173)
4(7084 7174 14464 14374)
4(7173 14463 14464 7174)
4(7085 7175 14465 14375)
4(7174 14464 14465 7175)
4(7086 7176 14466 14376)
4(7175 14465 14466 7176)
4(7087 7177 14467 14377)
4(7176 14466 14467 7177)
4(7088 7178 14468 14378)
4(7177 14467 14468 7178)
4(7089 7179 14469 14379)
4(7178 14468 14469 7179)
4(7090 7180 14470 14380)
4(7179 14469 14470 7180)
4(7180 14470 14471 7181)
4(7092 7182 14472 14382)
4(831 2127 14472 7182)
4(7093 7183 14473 14383)
4(7182 14472 14473 7183)
4(7094 7184 14474 14384)
4(7183 14473 14474 7184)
4(7095 7185 14475 14385)
4(7184 14474 14475 7185)
4(7096 7186 14476 14386)
4(7185 14475 14476 7186)
4(7097 7187 14477 14387)
4(7186 14476 14477 7187)
4(7098 7188 14478 14388)
4(7187 14477 14478 7188)
4(7099 7189 14479 14389)
4(7188 14478 14479 7189)
4(7100 7190 14480 14390)
4(7189 14479 14480 7190)
4(7101 7191 14481 14391)
4(7190 14480 14481 7191)
4(7102 7192 14482 14392)
4(7191 14481 14482 7192)
4(7103 7193 14483 14393)
4(7192 14482 14483 7193)
4(7104 7194 14484 14394)
4(7193 14483 14484 7194)
4(7105 7195 14485 14395)
4(7194 14484 14485 7195)
4(7106 7196 14486 14396)
4(7195 14485 14486 7196)
4(7107 7197 14487 14397)
4(7196 14486 14487 7197)
4(7108 7198 14488 14398)
4(7197 14487 14488 7198)
4(7109 7199 14489 14399)
4(7198 14488 14489 7199)
4(7110 7200 14490 14400)
4(7199 14489 14490 7200)
4(7111 7201 14491 14401)
4(7200 14490 14491 7201)
4(7112 7202 14492 14402)
4(7201 14491 14492 7202)
4(7113 7203 14493 14403)
4(7202 14492 14493 7203)
4(7114 7204 14494 14404)
4(7203 14493 14494 7204)
4(7115 7205 14495 14405)
4(7204 14494 14495 7205)
4(7116 7206 14496 14406)
4(7205 14495 14496 7206)
4(7117 7207 14497 14407)
4(7206 14496 14497 7207)
4(7118 7208 14498 14408)
4(7207 14497 14498 7208)
4(7119 7209 14499 14409)
4(7208 14498 14499 7209)
4(7120 7210 14500 14410)
4(7209 14499 14500 7210)
4(7121 7211 14501 14411)
4(7210 14500 14501 7211)
4(7122 7212 14502 14412)
4(7211 14501 14502 7212)
4(7123 7213 14503 14413)
4(7212 14502 14503 7213)
4(7124 7214 14504 14414)
4(7213 14503 14504 7214)
4(7125 7215 14505 14415)
4(7214 14504 14505 7215)
4(7126 7216 14506 14416)
4(7215 14505 14506 7216)
4(7127 7217 14507 14417)
4(7216 14506 14507 7217)
4(7128 7218 14508 14418)
4(7217 14507 14508 7218)
4(7129 7219 14509 14419)
4(7218 14508 14509 7219)
4(7130 7220 14510 14420)
4(7219 14509 14510 7220)
4(7131 7221 14511 14421)
4(7220 14510 14511 7221)
4(7132 7222 14512 14422)
4(7221 14511 14512 7222)
4(7133 7223 14513 14423)
4(7222 14512 14513 7223)
4(7134 7224 14514 14424)
4(7223 14513 14514 7224)
4(7135 7225 14515 14425)
4(7224 14514 14515 7225)
4(7136 7226 14516 14426)
4(7225 14515 14516 7226)
4(7137 7227 14517 14427)
4(7226 14516 14517 7227)
4(7138 7228 14518 14428)
4(7227 14517 14518 7228)
4(7139 7229 14519 14429)
4(7228 14518 14519 7229)
4(7140 7230 14520 14430)
4(7229 14519 14520 7230)
4(7141 7231 14521 14431)
4(7230 14520 14521 7231)
4(7142 7232 14522 14432)
4(7231 14521 14522 7232)
4(7143 7233 14523 14433)
4(7232 14522 14523 7233)
4(7144 7234 14524 14434)
4(7233 14523 14524 7234)
4(7145 7235 14525 14435)
4(7234 14524 14525 7235)
4(7146 7236 14526 14436)
4(7235 14525 14526 7236)
4(7147 7237 14527 14437)
4(7236 14526 14527 7237)
4(7148 7238 14528 14438)
4(7237 14527 14528 7238)
4(7149 7239 14529 14439)
4(7238 14528 14529 7239)
4(7150 7240 14530 14440)
4(7239 14529 14530 7240)
4(7151 7241 14531 14441)
4(7240 14530 14531 7241)
4(7152 7242 14532 14442)
4(7241 14531 14532 7242)
4(7153 7243 14533 14443)
4(7242 14532 14533 7243)
4(7154 7244 14534 14444)
4(7243 14533 14534 7244)
4(7155 7245 14535 14445)
4(7244 14534 14535 7245)
4(7156 7246 14536 14446)
4(7245 14535 14536 7246)
4(7157 7247 14537 14447)
4(7246 14536 14537 7247)
4(7158 7248 14538 14448)
4(7247 14537 14538 7248)
4(7159 7249 14539 14449)
4(7248 14538 14539 7249)
4(7160 7250 14540 14450)
4(7249 14539 14540 7250)
4(7161 7251 14541 14451)
4(7250 14540 14541 7251)
4(7162 7252 14542 14452)
4(7251 14541 14542 7252)
4(7163 7253 14543 14453)
4(7252 14542 14543 7253)
4(7164 7254 14544 14454)
4(7253 14543 14544 7254)
4(7165 7255 14545 14455)
4(7254 14544 14545 7255)
4(7166 7256 14546 14456)
4(7255 14545 14546 7256)
4(7167 7257 14547 14457)
4(7256 14546 14547 7257)
4(7168 7258 14548 14458)
4(7257 14547 14548 7258)
4(7169 7259 14549 14459)
4(7258 14548 14549 7259)
4(7170 7260 14550 14460)
4(7259 14549 14550 7260)
4(7171 7261 14551 14461)
4(7260 14550 14551 7261)
4(7172 7262 14552 14462)
4(7261 14551 14552 7262)
4(7173 7263 14553 14463)
4(7262 14552 14553 7263)
4(7174 7264 14554 14464)
4(7263 14553 14554 7264)
4(7175 7265 14555 14465)
4(7264 14554 14555 7265)
4(7176 7266 14556 14466)
4(7265 14555 14556 7266)
4(7177 7267 14557 14467)
4(7266 14556 14557 7267)
4(7178 7268 14558 14468)
4(7267 14557 14558 7268)
4(7179 7269 14559 14469)
4(7268 14558 14559 7269)
4(7180 7270 14560 14470)
4(7269 14559 14560 7270)
4(7270 14560 14561 7271)
4(7182 7272 14562 14472)
4(847 2143 14562 7272)
4(7183 7273 14563 14473)
4(7272 14562 14563 7273)
4(7184 7274 14564 14474)
4(7273 14563 14564 7274)
4(7185 7275 14565 14475)
4(7274 14564 14565 7275)
4(7186 7276 14566 14476)
4(7275 14565 14566 7276)
4(7187 7277 14567 14477)
4(7276 14566 14567 7277)
4(7188 7278 14568 14478)
4(7277 14567 14568 7278)
4(7189 7279 14569 14479)
4(7278 14568 14569 7279)
4(7190 7280 14570 14480)
4(7279 14569 14570 7280)
4(7191 7281 14571 14481)
4(7280 14570 14571 7281)
4(7192 7282 14572 14482)
4(7281 14571 14572 7282)
4(7193 7283 14573 14483)
4(7282 14572 14573 7283)
4(7194 7284 14574 14484)
4(7283 14573 14574 7284)
4(7195 7285 14575 14485)
4(7284 14574 14575 7285)
4(7196 7286 14576 14486)
4(7285 14575 14576 7286)
4(7197 7287 14577 14487)
4(7286 14576 14577 7287)
4(7198 7288 14578 14488)
4(7287 14577 14578 7288)
4(7199 7289 14579 14489)
4(7288 14578 14579 7289)
4(7200 7290 14580 14490)
4(7289 14579 14580 7290)
4(7201 7291 14581 14491)
4(7290 14580 14581 7291)
4(7202 7292 14582 14492)
4(7291 14581 14582 7292)
4(7203 7293 14583 14493)
4(7292 14582 14583 7293)
4(7204 7294 14584 14494)
4(7293 14583 14584 7294)
4(7205 7295 14585 14495)
4(7294 14584 14585 7295)
4(7206 7296 14586 14496)
4(7295 14585 14586 7296)
4(7207 7297 14587 14497)
4(7296 14586 14587 7297)
4(7208 7298 14588 14498)
4(7297 14587 14588 7298)
4(7209 7299 14589 14499)
4(7298 14588 14589 7299)
4(7210 7300 14590 14500)
4(7299 14589 14590 7300)
4(7211 7301 14591 14501)
4(7300 14590 14591 7301)
4(7212 7302 14592 14502)
4(7301 14591 14592 7302)
4(7213 7303 14593 14503)
4(7302 14592 14593 7303)
4(7214 7304 14594 14504)
4(7303 14593 14594 7304)
4(7215 7305 14595 14505)
4(7304 14594 14595 7305)
4(7216 7306 14596 14506)
4(7305 14595 14596 7306)
4(7217 7307 14597 14507)
4(7306 14596 14597 7307)
4(7218 7308 14598 14508)
4(7307 14597 14598 7308)
4(7219 7309 14599 14509)
4(7308 14598 14599 7309)
4(7220 7310 14600 14510)
4(7309 14599 14600 7310)
4(7221 7311 14601 14511)
4(7310 14600 14601 7311)
4(7222 7312 14602 14512)
4(7311 14601 14602 7312)
4(7223 7313 14603 14513)
4(7312 14602 14603 7313)
4(7224 7314 14604 14514)
4(7313 14603 14604 7314)
4(7225 7315 14605 14515)
4(7314 14604 14605 7315)
4(7226 7316 14606 14516)
4(7315 14605 14606 7316)
4(7227 7317 14607 14517)
4(7316 14606 14607 7317)
4(7228 7318 14608 14518)
4(7317 14607 14608 7318)
4(7229 7319 14609 14519)
4(7318 14608 14609 7319)
4(7230 7320 14610 14520)
4(7319 14609 14610 7320)
4(7231 7321 14611 14521)
4(7320 14610 14611 7321)
4(7232 7322 14612 14522)
4(7321 14611 14612 7322)
4(7233 7323 14613 14523)
4(7322 14612 14613 7323)
4(7234 7324 14614 14524)
4(7323 14613 14614 7324)
4(7235 7325 14615 14525)
4(7324 14614 14615 7325)
4(7236 7326 14616 14526)
4(7325 14615 14616 7326)
4(7237 7327 14617 14527)
4(7326 14616 14617 7327)
4(7238 7328 14618 14528)
4(7327 14617 14618 7328)
4(7239 7329 14619 14529)
4(7328 14618 14619 7329)
4(7240 7330 14620 14530)
4(7329 14619 14620 7330)
4(7241 7331 14621 14531)
4(7330 14620 14621 7331)
4(7242 7332 14622 14532)
4(7331 14621 14622 7332)
4(7243 7333 14623 14533)
4(7332 14622 14623 7333)
4(7244 7334 14624 14534)
4(7333 14623 14624 7334)
4(7245 7335 14625 14535)
4(7334 14624 14625 7335)
4(7246 7336 14626 14536)
4(7335 14625 14626 7336)
4(7247 7337 14627 14537)
4(7336 14626 14627 7337)
4(7248 7338 14628 14538)
4(7337 14627 14628 7338)
4(7249 7339 14629 14539)
4(7338 14628 14629 7339)
4(7250 7340 14630 14540)
4(7339 14629 14630 7340)
4(7251 7341 14631 14541)
4(7340 14630 14631 7341)
4(7252 7342 14632 14542)
4(7341 14631 14632 7342)
4(7253 7343 14633 14543)
4(7342 14632 14633 7343)
4(7254 7344 14634 14544)
4(7343 14633 14634 7344)
4(7255 7345 14635 14545)
4(7344 14634 14635 7345)
4(7256 7346 14636 14546)
4(7345 14635 14636 7346)
4(7257 7347 14637 14547)
4(7346 14636 14637 7347)
4(7258 7348 14638 14548)
4(7347 14637 14638 7348)
4(7259 7349 14639 14549)
4(7348 14638 14639 7349)
4(7260 7350 14640 14550)
4(7349 14639 14640 7350)
4(7261 7351 14641 14551)
4(7350 14640 14641 7351)
4(7262 7352 14642 14552)
4(7351 14641 14642 7352)
4(7263 7353 14643 14553)
4(7352 14642 14643 7353)
4(7264 7354 14644 14554)
4(7353 14643 14644 7354)
4(7265 7355 14645 14555)
4(7354 14644 14645 7355)
4(7266 7356 14646 14556)
4(7355 14645 14646 7356)
4(7267 7357 14647 14557)
4(7356 14646 14647 7357)
4(7268 7358 14648 14558)
4(7357 14647 14648 7358)
4(7269 7359 14649 14559)
4(7358 14648 14649 7359)
4(7270 7360 14650 14560)
4(7359 14649 14650 7360)
4(7360 14650 14651 7361)
4(7272 7362 14652 14562)
4(863 2159 14652 7362)
4(7273 7363 14653 14563)
4(7362 14652 14653 7363)
4(7274 7364 14654 14564)
4(7363 14653 14654 7364)
4(7275 7365 14655 14565)
4(7364 14654 14655 7365)
4(7276 7366 14656 14566)
4(7365 14655 14656 7366)
4(7277 7367 14657 14567)
4(7366 14656 14657 7367)
4(7278 7368 14658 14568)
4(7367 14657 14658 7368)
4(7279 7369 14659 14569)
4(7368 14658 14659 7369)
4(7280 7370 14660 14570)
4(7369 14659 14660 7370)
4(7281 7371 14661 14571)
4(7370 14660 14661 7371)
4(7282 7372 14662 14572)
4(7371 14661 14662 7372)
4(7283 7373 14663 14573)
4(7372 14662 14663 7373)
4(7284 7374 14664 14574)
4(7373 14663 14664 7374)
4(7285 7375 14665 14575)
4(7374 14664 14665 7375)
4(7286 7376 14666 14576)
4(7375 14665 14666 7376)
4(7287 7377 14667 14577)
4(7376 14666 14667 7377)
4(7288 7378 14668 14578)
4(7377 14667 14668 7378)
4(7289 7379 14669 14579)
4(7378 14668 14669 7379)
4(7290 7380 14670 14580)
4(7379 14669 14670 7380)
4(7291 7381 14671 14581)
4(7380 14670 14671 7381)
4(7292 7382 14672 14582)
4(7381 14671 14672 7382)
4(7293 7383 14673 14583)
4(7382 14672 14673 7383)
4(7294 7384 14674 14584)
4(7383 14673 14674 7384)
4(7295 7385 14675 14585)
4(7384 14674 14675 7385)
4(7296 7386 14676 14586)
4(7385 14675 14676 7386)
4(7297 7387 14677 14587)
4(7386 14676 14677 7387)
4(7298 7388 14678 14588)
4(7387 14677 14678 7388)
4(7299 7389 14679 14589)
4(7388 14678 14679 7389)
4(7300 7390 14680 14590)
4(7389 14679 14680 7390)
4(7301 7391 14681 14591)
4(7390 14680 14681 7391)
4(7302 7392 14682 14592)
4(7391 14681 14682 7392)
4(7303 7393 14683 14593)
4(7392 14682 14683 7393)
4(7304 7394 14684 14594)
4(7393 14683 14684 7394)
4(7305 7395 14685 14595)
4(7394 14684 14685 7395)
4(7306 7396 14686 14596)
4(7395 14685 14686 7396)
4(7307 7397 14687 14597)
4(7396 14686 14687 7397)
4(7308 7398 14688 14598)
4(7397 14687 14688 7398)
4(7309 7399 14689 14599)
4(7398 14688 14689 7399)
4(7310 7400 14690 14600)
4(7399 14689 14690 7400)
4(7311 7401 14691 14601)
4(7400 14690 14691 7401)
4(7312 7402 14692 14602)
4(7401 14691 14692 7402)
4(7313 7403 14693 14603)
4(7402 14692 14693 7403)
4(7314 7404 14694 14604)
4(7403 14693 14694 7404)
4(7315 7405 14695 14605)
4(7404 14694 14695 7405)
4(7316 7406 14696 14606)
4(7405 14695 14696 7406)
4(7317 7407 14697 14607)
4(7406 14696 14697 7407)
4(7318 7408 14698 14608)
4(7407 14697 14698 7408)
4(7319 7409 14699 14609)
4(7408 14698 14699 7409)
4(7320 7410 14700 14610)
4(7409 14699 14700 7410)
4(7321 7411 14701 14611)
4(7410 14700 14701 7411)
4(7322 7412 14702 14612)
4(7411 14701 14702 7412)
4(7323 7413 14703 14613)
4(7412 14702 14703 7413)
4(7324 7414 14704 14614)
4(7413 14703 14704 7414)
4(7325 7415 14705 14615)
4(7414 14704 14705 7415)
4(7326 7416 14706 14616)
4(7415 14705 14706 7416)
4(7327 7417 14707 14617)
4(7416 14706 14707 7417)
4(7328 7418 14708 14618)
4(7417 14707 14708 7418)
4(7329 7419 14709 14619)
4(7418 14708 14709 7419)
4(7330 7420 14710 14620)
4(7419 14709 14710 7420)
4(7331 7421 14711 14621)
4(7420 14710 14711 7421)
4(7332 7422 14712 14622)
4(7421 14711 14712 7422)
4(7333 7423 14713 14623)
4(7422 14712 14713 7423)
4(7334 7424 14714 14624)
4(7423 14713 14714 7424)
4(7335 7425 14715 14625)
4(7424 14714 14715 7425)
4(7336 7426 14716 14626)
4(7425 14715 14716 7426)
4(7337 7427 14717 14627)
4(7426 14716 14717 7427)
4(7338 7428 14718 14628)
4(7427 14717 14718 7428)
4(7339 7429 14719 14629)
4(7428 14718 14719 7429)
4(7340 7430 14720 14630)
4(7429 14719 14720 7430)
4(7341 7431 14721 14631)
4(7430 14720 14721 7431)
4(7342 7432 14722 14632)
4(7431 14721 14722 7432)
4(7343 7433 14723 14633)
4(7432 14722 14723 7433)
4(7344 7434 14724 14634)
4(7433 14723 14724 7434)
4(7345 7435 14725 14635)
4(7434 14724 14725 7435)
4(7346 7436 14726 14636)
4(7435 14725 14726 7436)
4(7347 7437 14727 14637)
4(7436 14726 14727 7437)
4(7348 7438 14728 14638)
4(7437 14727 14728 7438)
4(7349 7439 14729 14639)
4(7438 14728 14729 7439)
4(7350 7440 14730 14640)
4(7439 14729 14730 7440)
4(7351 7441 14731 14641)
4(7440 14730 14731 7441)
4(7352 7442 14732 14642)
4(7441 14731 14732 7442)
4(7353 7443 14733 14643)
4(7442 14732 14733 7443)
4(7354 7444 14734 14644)
4(7443 14733 14734 7444)
4(7355 7445 14735 14645)
4(7444 14734 14735 7445)
4(7356 7446 14736 14646)
4(7445 14735 14736 7446)
4(7357 7447 14737 14647)
4(7446 14736 14737 7447)
4(7358 7448 14738 14648)
4(7447 14737 14738 7448)
4(7359 7449 14739 14649)
4(7448 14738 14739 7449)
4(7360 7450 14740 14650)
4(7449 14739 14740 7450)
4(7450 14740 14741 7451)
4(7362 7452 14742 14652)
4(879 2175 14742 7452)
4(7363 7453 14743 14653)
4(7452 14742 14743 7453)
4(7364 7454 14744 14654)
4(7453 14743 14744 7454)
4(7365 7455 14745 14655)
4(7454 14744 14745 7455)
4(7366 7456 14746 14656)
4(7455 14745 14746 7456)
4(7367 7457 14747 14657)
4(7456 14746 14747 7457)
4(7368 7458 14748 14658)
4(7457 14747 14748 7458)
4(7369 7459 14749 14659)
4(7458 14748 14749 7459)
4(7370 7460 14750 14660)
4(7459 14749 14750 7460)
4(7371 7461 14751 14661)
4(7460 14750 14751 7461)
4(7372 7462 14752 14662)
4(7461 14751 14752 7462)
4(7373 7463 14753 14663)
4(7462 14752 14753 7463)
4(7374 7464 14754 14664)
4(7463 14753 14754 7464)
4(7375 7465 14755 14665)
4(7464 14754 14755 7465)
4(7376 7466 14756 14666)
4(7465 14755 14756 7466)
4(7377 7467 14757 14667)
4(7466 14756 14757 7467)
4(7378 7468 14758 14668)
4(7467 14757 14758 7468)
4(7379 7469 14759 14669)
4(7468 14758 14759 7469)
4(7380 7470 14760 14670)
4(7469 14759 14760 7470)
4(7381 7471 14761 14671)
4(7470 14760 14761 7471)
4(7382 7472 14762 14672)
4(7471 14761 14762 7472)
4(7383 7473 14763 14673)
4(7472 14762 14763 7473)
4(7384 7474 14764 14674)
4(7473 14763 14764 7474)
4(7385 7475 14765 14675)
4(7474 14764 14765 7475)
4(7386 7476 14766 14676)
4(7475 14765 14766 7476)
4(7387 7477 14767 14677)
4(7476 14766 14767 7477)
4(7388 7478 14768 14678)
4(7477 14767 14768 7478)
4(7389 7479 14769 14679)
4(7478 14768 14769 7479)
4(7390 7480 14770 14680)
4(7479 14769 14770 7480)
4(7391 7481 14771 14681)
4(7480 14770 14771 7481)
4(7392 7482 14772 14682)
4(7481 14771 14772 7482)
4(7393 7483 14773 14683)
4(7482 14772 14773 7483)
4(7394 7484 14774 14684)
4(7483 14773 14774 7484)
4(7395 7485 14775 14685)
4(7484 14774 14775 7485)
4(7396 7486 14776 14686)
4(7485 14775 14776 7486)
4(7397 7487 14777 14687)
4(7486 14776 14777 7487)
4(7398 7488 14778 14688)
4(7487 14777 14778 7488)
4(7399 7489 14779 14689)
4(7488 14778 14779 7489)
4(7400 7490 14780 14690)
4(7489 14779 14780 7490)
4(7401 7491 14781 14691)
4(7490 14780 14781 7491)
4(7402 7492 14782 14692)
4(7491 14781 14782 7492)
4(7403 7493 14783 14693)
4(7492 14782 14783 7493)
4(7404 7494 14784 14694)
4(7493 14783 14784 7494)
4(7405 7495 14785 14695)
4(7494 14784 14785 7495)
4(7406 7496 14786 14696)
4(7495 14785 14786 7496)
4(7407 7497 14787 14697)
4(7496 14786 14787 7497)
4(7408 7498 14788 14698)
4(7497 14787 14788 7498)
4(7409 7499 14789 14699)
4(7498 14788 14789 7499)
4(7410 7500 14790 14700)
4(7499 14789 14790 7500)
4(7411 7501 14791 14701)
4(7500 14790 14791 7501)
4(7412 7502 14792 14702)
4(7501 14791 14792 7502)
4(7413 7503 14793 14703)
4(7502 14792 14793 7503)
4(7414 7504 14794 14704)
4(7503 14793 14794 7504)
4(7415 7505 14795 14705)
4(7504 14794 14795 7505)
4(7416 7506 14796 14706)
4(7505 14795 14796 7506)
4(7417 7507 14797 14707)
4(7506 14796 14797 7507)
4(7418 7508 14798 14708)
4(7507 14797 14798 7508)
4(7419 7509 14799 14709)
4(7508 14798 14799 7509)
4(7420 7510 14800 14710)
4(7509 14799 14800 7510)
4(7421 7511 14801 14711)
4(7510 14800 14801 7511)
4(7422 7512 14802 14712)
4(7511 14801 14802 7512)
4(7423 7513 14803 14713)
4(7512 14802 14803 7513)
4(7424 7514 14804 14714)
4(7513 14803 14804 7514)
4(7425 7515 14805 14715)
4(7514 14804 14805 7515)
4(7426 7516 14806 14716)
4(7515 14805 14806 7516)
4(7427 7517 14807 14717)
4(7516 14806 14807 7517)
4(7428 7518 14808 14718)
4(7517 14807 14808 7518)
4(7429 7519 14809 14719)
4(7518 14808 14809 7519)
4(7430 7520 14810 14720)
4(7519 14809 14810 7520)
4(7431 7521 14811 14721)
4(7520 14810 14811 7521)
4(7432 7522 14812 14722)
4(7521 14811 14812 7522)
4(7433 7523 14813 14723)
4(7522 14812 14813 7523)
4(7434 7524 14814 14724)
4(7523 14813 14814 7524)
4(7435 7525 14815 14725)
4(7524 14814 14815 7525)
4(7436 7526 14816 14726)
4(7525 14815 14816 7526)
4(7437 7527 14817 14727)
4(7526 14816 14817 7527)
4(7438 7528 14818 14728)
4(7527 14817 14818 7528)
4(7439 7529 14819 14729)
4(7528 14818 14819 7529)
4(7440 7530 14820 14730)
4(7529 14819 14820 7530)
4(7441 7531 14821 14731)
4(7530 14820 14821 7531)
4(7442 7532 14822 14732)
4(7531 14821 14822 7532)
4(7443 7533 14823 14733)
4(7532 14822 14823 7533)
4(7444 7534 14824 14734)
4(7533 14823 14824 7534)
4(7445 7535 14825 14735)
4(7534 14824 14825 7535)
4(7446 7536 14826 14736)
4(7535 14825 14826 7536)
4(7447 7537 14827 14737)
4(7536 14826 14827 7537)
4(7448 7538 14828 14738)
4(7537 14827 14828 7538)
4(7449 7539 14829 14739)
4(7538 14828 14829 7539)
4(7450 7540 14830 14740)
4(7539 14829 14830 7540)
4(7540 14830 14831 7541)
4(7452 7542 14832 14742)
4(895 2191 14832 7542)
4(7453 7543 14833 14743)
4(7542 14832 14833 7543)
4(7454 7544 14834 14744)
4(7543 14833 14834 7544)
4(7455 7545 14835 14745)
4(7544 14834 14835 7545)
4(7456 7546 14836 14746)
4(7545 14835 14836 7546)
4(7457 7547 14837 14747)
4(7546 14836 14837 7547)
4(7458 7548 14838 14748)
4(7547 14837 14838 7548)
4(7459 7549 14839 14749)
4(7548 14838 14839 7549)
4(7460 7550 14840 14750)
4(7549 14839 14840 7550)
4(7461 7551 14841 14751)
4(7550 14840 14841 7551)
4(7462 7552 14842 14752)
4(7551 14841 14842 7552)
4(7463 7553 14843 14753)
4(7552 14842 14843 7553)
4(7464 7554 14844 14754)
4(7553 14843 14844 7554)
4(7465 7555 14845 14755)
4(7554 14844 14845 7555)
4(7466 7556 14846 14756)
4(7555 14845 14846 7556)
4(7467 7557 14847 14757)
4(7556 14846 14847 7557)
4(7468 7558 14848 14758)
4(7557 14847 14848 7558)
4(7469 7559 14849 14759)
4(7558 14848 14849 7559)
4(7470 7560 14850 14760)
4(7559 14849 14850 7560)
4(7471 7561 14851 14761)
4(7560 14850 14851 7561)
4(7472 7562 14852 14762)
4(7561 14851 14852 7562)
4(7473 7563 14853 14763)
4(7562 14852 14853 7563)
4(7474 7564 14854 14764)
4(7563 14853 14854 7564)
4(7475 7565 14855 14765)
4(7564 14854 14855 7565)
4(7476 7566 14856 14766)
4(7565 14855 14856 7566)
4(7477 7567 14857 14767)
4(7566 14856 14857 7567)
4(7478 7568 14858 14768)
4(7567 14857 14858 7568)
4(7479 7569 14859 14769)
4(7568 14858 14859 7569)
4(7480 7570 14860 14770)
4(7569 14859 14860 7570)
4(7481 7571 14861 14771)
4(7570 14860 14861 7571)
4(7482 7572 14862 14772)
4(7571 14861 14862 7572)
4(7483 7573 14863 14773)
4(7572 14862 14863 7573)
4(7484 7574 14864 14774)
4(7573 14863 14864 7574)
4(7485 7575 14865 14775)
4(7574 14864 14865 7575)
4(7486 7576 14866 14776)
4(7575 14865 14866 7576)
4(7487 7577 14867 14777)
4(7576 14866 14867 7577)
4(7488 7578 14868 14778)
4(7577 14867 14868 7578)
4(7489 7579 14869 14779)
4(7578 14868 14869 7579)
4(7490 7580 14870 14780)
4(7579 14869 14870 7580)
4(7491 7581 14871 14781)
4(7580 14870 14871 7581)
4(7492 7582 14872 14782)
4(7581 14871 14872 7582)
4(7493 7583 14873 14783)
4(7582 14872 14873 7583)
4(7494 7584 14874 14784)
4(7583 14873 14874 7584)
4(7495 7585 14875 14785)
4(7584 14874 14875 7585)
4(7496 7586 14876 14786)
4(7585 14875 14876 7586)
4(7497 7587 14877 14787)
4(7586 14876 14877 7587)
4(7498 7588 14878 14788)
4(7587 14877 14878 7588)
4(7499 7589 14879 14789)
4(7588 14878 14879 7589)
4(7500 7590 14880 14790)
4(7589 14879 14880 7590)
4(7501 7591 14881 14791)
4(7590 14880 14881 7591)
4(7502 7592 14882 14792)
4(7591 14881 14882 7592)
4(7503 7593 14883 14793)
4(7592 14882 14883 7593)
4(7504 7594 14884 14794)
4(7593 14883 14884 7594)
4(7505 7595 14885 14795)
4(7594 14884 14885 7595)
4(7506 7596 14886 14796)
4(7595 14885 14886 7596)
4(7507 7597 14887 14797)
4(7596 14886 14887 7597)
4(7508 7598 14888 14798)
4(7597 14887 14888 7598)
4(7509 7599 14889 14799)
4(7598 14888 14889 7599)
4(7510 7600 14890 14800)
4(7599 14889 14890 7600)
4(7511 7601 14891 14801)
4(7600 14890 14891 7601)
4(7512 7602 14892 14802)
4(7601 14891 14892 7602)
4(7513 7603 14893 14803)
4(7602 14892 14893 7603)
4(7514 7604 14894 14804)
4(7603 14893 14894 7604)
4(7515 7605 14895 14805)
4(7604 14894 14895 7605)
4(7516 7606 14896 14806)
4(7605 14895 14896 7606)
4(7517 7607 14897 14807)
4(7606 14896 14897 7607)
4(7518 7608 14898 14808)
4(7607 14897 14898 7608)
4(7519 7609 14899 14809)
4(7608 14898 14899 7609)
4(7520 7610 14900 14810)
4(7609 14899 14900 7610)
4(7521 7611 14901 14811)
4(7610 14900 14901 7611)
4(7522 7612 14902 14812)
4(7611 14901 14902 7612)
4(7523 7613 14903 14813)
4(7612 14902 14903 7613)
4(7524 7614 14904 14814)
4(7613 14903 14904 7614)
4(7525 7615 14905 14815)
4(7614 14904 14905 7615)
4(7526 7616 14906 14816)
4(7615 14905 14906 7616)
4(7527 7617 14907 14817)
4(7616 14906 14907 7617)
4(7528 7618 14908 14818)
4(7617 14907 14908 7618)
4(7529 7619 14909 14819)
4(7618 14908 14909 7619)
4(7530 7620 14910 14820)
4(7619 14909 14910 7620)
4(7531 7621 14911 14821)
4(7620 14910 14911 7621)
4(7532 7622 14912 14822)
4(7621 14911 14912 7622)
4(7533 7623 14913 14823)
4(7622 14912 14913 7623)
4(7534 7624 14914 14824)
4(7623 14913 14914 7624)
4(7535 7625 14915 14825)
4(7624 14914 14915 7625)
4(7536 7626 14916 14826)
4(7625 14915 14916 7626)
4(7537 7627 14917 14827)
4(7626 14916 14917 7627)
4(7538 7628 14918 14828)
4(7627 14917 14918 7628)
4(7539 7629 14919 14829)
4(7628 14918 14919 7629)
4(7540 7630 14920 14830)
4(7629 14919 14920 7630)
4(7630 14920 14921 7631)
4(7542 7632 14922 14832)
4(911 2207 14922 7632)
4(7543 7633 14923 14833)
4(7632 14922 14923 7633)
4(7544 7634 14924 14834)
4(7633 14923 14924 7634)
4(7545 7635 14925 14835)
4(7634 14924 14925 7635)
4(7546 7636 14926 14836)
4(7635 14925 14926 7636)
4(7547 7637 14927 14837)
4(7636 14926 14927 7637)
4(7548 7638 14928 14838)
4(7637 14927 14928 7638)
4(7549 7639 14929 14839)
4(7638 14928 14929 7639)
4(7550 7640 14930 14840)
4(7639 14929 14930 7640)
4(7551 7641 14931 14841)
4(7640 14930 14931 7641)
4(7552 7642 14932 14842)
4(7641 14931 14932 7642)
4(7553 7643 14933 14843)
4(7642 14932 14933 7643)
4(7554 7644 14934 14844)
4(7643 14933 14934 7644)
4(7555 7645 14935 14845)
4(7644 14934 14935 7645)
4(7556 7646 14936 14846)
4(7645 14935 14936 7646)
4(7557 7647 14937 14847)
4(7646 14936 14937 7647)
4(7558 7648 14938 14848)
4(7647 14937 14938 7648)
4(7559 7649 14939 14849)
4(7648 14938 14939 7649)
4(7560 7650 14940 14850)
4(7649 14939 14940 7650)
4(7561 7651 14941 14851)
4(7650 14940 14941 7651)
4(7562 7652 14942 14852)
4(7651 14941 14942 7652)
4(7563 7653 14943 14853)
4(7652 14942 14943 7653)
4(7564 7654 14944 14854)
4(7653 14943 14944 7654)
4(7565 7655 14945 14855)
4(7654 14944 14945 7655)
4(7566 7656 14946 14856)
4(7655 14945 14946 7656)
4(7567 7657 14947 14857)
4(7656 14946 14947 7657)
4(7568 7658 14948 14858)
4(7657 14947 14948 7658)
4(7569 7659 14949 14859)
4(7658 14948 14949 7659)
4(7570 7660 14950 14860)
4(7659 14949 14950 7660)
4(7571 7661 14951 14861)
4(7660 14950 14951 7661)
4(7572 7662 14952 14862)
4(7661 14951 14952 7662)
4(7573 7663 14953 14863)
4(7662 14952 14953 7663)
4(7574 7664 14954 14864)
4(7663 14953 14954 7664)
4(7575 7665 14955 14865)
4(7664 14954 14955 7665)
4(7576 7666 14956 14866)
4(7665 14955 14956 7666)
4(7577 7667 14957 14867)
4(7666 14956 14957 7667)
4(7578 7668 14958 14868)
4(7667 14957 14958 7668)
4(7579 7669 14959 14869)
4(7668 14958 14959 7669)
4(7580 7670 14960 14870)
4(7669 14959 14960 7670)
4(7581 7671 14961 14871)
4(7670 14960 14961 7671)
4(7582 7672 14962 14872)
4(7671 14961 14962 7672)
4(7583 7673 14963 14873)
4(7672 14962 14963 7673)
4(7584 7674 14964 14874)
4(7673 14963 14964 7674)
4(7585 7675 14965 14875)
4(7674 14964 14965 7675)
4(7586 7676 14966 14876)
4(7675 14965 14966 7676)
4(7587 7677 14967 14877)
4(7676 14966 14967 7677)
4(7588 7678 14968 14878)
4(7677 14967 14968 7678)
4(7589 7679 14969 14879)
4(7678 14968 14969 7679)
4(7590 7680 14970 14880)
4(7679 14969 14970 7680)
4(7591 7681 14971 14881)
4(7680 14970 14971 7681)
4(7592 7682 14972 14882)
4(7681 14971 14972 7682)
4(7593 7683 14973 14883)
4(7682 14972 14973 7683)
4(7594 7684 14974 14884)
4(7683 14973 14974 7684)
4(7595 7685 14975 14885)
4(7684 14974 14975 7685)
4(7596 7686 14976 14886)
4(7685 14975 14976 7686)
4(7597 7687 14977 14887)
4(7686 14976 14977 7687)
4(7598 7688 14978 14888)
4(7687 14977 14978 7688)
4(7599 7689 14979 14889)
4(7688 14978 14979 7689)
4(7600 7690 14980 14890)
4(7689 14979 14980 7690)
4(7601 7691 14981 14891)
4(7690 14980 14981 7691)
4(7602 7692 14982 14892)
4(7691 14981 14982 7692)
4(7603 7693 14983 14893)
4(7692 14982 14983 7693)
4(7604 7694 14984 14894)
4(7693 14983 14984 7694)
4(7605 7695 14985 14895)
4(7694 14984 14985 7695)
4(7606 7696 14986 14896)
4(7695 14985 14986 7696)
4(7607 7697 14987 14897)
4(7696 14986 14987 7697)
4(7608 7698 14988 14898)
4(7697 14987 14988 7698)
4(7609 7699 14989 14899)
4(7698 14988 14989 7699)
4(7610 7700 14990 14900)
4(7699 14989 14990 7700)
4(7611 7701 14991 14901)
4(7700 14990 14991 7701)
4(7612 7702 14992 14902)
4(7701 14991 14992 7702)
4(7613 7703 14993 14903)
4(7702 14992 14993 7703)
4(7614 7704 14994 14904)
4(7703 14993 14994 7704)
4(7615 7705 14995 14905)
4(7704 14994 14995 7705)
4(7616 7706 14996 14906)
4(7705 14995 14996 7706)
4(7617 7707 14997 14907)
4(7706 14996 14997 7707)
4(7618 7708 14998 14908)
4(7707 14997 14998 7708)
4(7619 7709 14999 14909)
4(7708 14998 14999 7709)
4(7620 7710 15000 14910)
4(7709 14999 15000 7710)
4(7621 7711 15001 14911)
4(7710 15000 15001 7711)
4(7622 7712 15002 14912)
4(7711 15001 15002 7712)
4(7623 7713 15003 14913)
4(7712 15002 15003 7713)
4(7624 7714 15004 14914)
4(7713 15003 15004 7714)
4(7625 7715 15005 14915)
4(7714 15004 15005 7715)
4(7626 7716 15006 14916)
4(7715 15005 15006 7716)
4(7627 7717 15007 14917)
4(7716 15006 15007 7717)
4(7628 7718 15008 14918)
4(7717 15007 15008 7718)
4(7629 7719 15009 14919)
4(7718 15008 15009 7719)
4(7630 7720 15010 14920)
4(7719 15009 15010 7720)
4(7720 15010 15011 7721)
4(7632 7722 15012 14922)
4(927 2223 15012 7722)
4(7633 7723 15013 14923)
4(7722 15012 15013 7723)
4(7634 7724 15014 14924)
4(7723 15013 15014 7724)
4(7635 7725 15015 14925)
4(7724 15014 15015 7725)
4(7636 7726 15016 14926)
4(7725 15015 15016 7726)
4(7637 7727 15017 14927)
4(7726 15016 15017 7727)
4(7638 7728 15018 14928)
4(7727 15017 15018 7728)
4(7639 7729 15019 14929)
4(7728 15018 15019 7729)
4(7640 7730 15020 14930)
4(7729 15019 15020 7730)
4(7641 7731 15021 14931)
4(7730 15020 15021 7731)
4(7642 7732 15022 14932)
4(7731 15021 15022 7732)
4(7643 7733 15023 14933)
4(7732 15022 15023 7733)
4(7644 7734 15024 14934)
4(7733 15023 15024 7734)
4(7645 7735 15025 14935)
4(7734 15024 15025 7735)
4(7646 7736 15026 14936)
4(7735 15025 15026 7736)
4(7647 7737 15027 14937)
4(7736 15026 15027 7737)
4(7648 7738 15028 14938)
4(7737 15027 15028 7738)
4(7649 7739 15029 14939)
4(7738 15028 15029 7739)
4(7650 7740 15030 14940)
4(7739 15029 15030 7740)
4(7651 7741 15031 14941)
4(7740 15030 15031 7741)
4(7652 7742 15032 14942)
4(7741 15031 15032 7742)
4(7653 7743 15033 14943)
4(7742 15032 15033 7743)
4(7654 7744 15034 14944)
4(7743 15033 15034 7744)
4(7655 7745 15035 14945)
4(7744 15034 15035 7745)
4(7656 7746 15036 14946)
4(7745 15035 15036 7746)
4(7657 7747 15037 14947)
4(7746 15036 15037 7747)
4(7658 7748 15038 14948)
4(7747 15037 15038 7748)
4(7659 7749 15039 14949)
4(7748 15038 15039 7749)
4(7660 7750 15040 14950)
4(7749 15039 15040 7750)
4(7661 7751 15041 14951)
4(7750 15040 15041 7751)
4(7662 7752 15042 14952)
4(7751 15041 15042 7752)
4(7663 7753 15043 14953)
4(7752 15042 15043 7753)
4(7664 7754 15044 14954)
4(7753 15043 15044 7754)
4(7665 7755 15045 14955)
4(7754 15044 15045 7755)
4(7666 7756 15046 14956)
4(7755 15045 15046 7756)
4(7667 7757 15047 14957)
4(7756 15046 15047 7757)
4(7668 7758 15048 14958)
4(7757 15047 15048 7758)
4(7669 7759 15049 14959)
4(7758 15048 15049 7759)
4(7670 7760 15050 14960)
4(7759 15049 15050 7760)
4(7671 7761 15051 14961)
4(7760 15050 15051 7761)
4(7672 7762 15052 14962)
4(7761 15051 15052 7762)
4(7673 7763 15053 14963)
4(7762 15052 15053 7763)
4(7674 7764 15054 14964)
4(7763 15053 15054 7764)
4(7675 7765 15055 14965)
4(7764 15054 15055 7765)
4(7676 7766 15056 14966)
4(7765 15055 15056 7766)
4(7677 7767 15057 14967)
4(7766 15056 15057 7767)
4(7678 7768 15058 14968)
4(7767 15057 15058 7768)
4(7679 7769 15059 14969)
4(7768 15058 15059 7769)
4(7680 7770 15060 14970)
4(7769 15059 15060 7770)
4(7681 7771 15061 14971)
4(7770 15060 15061 7771)
4(7682 7772 15062 14972)
4(7771 15061 15062 7772)
4(7683 7773 15063 14973)
4(7772 15062 15063 7773)
4(7684 7774 15064 14974)
4(7773 15063 15064 7774)
4(7685 7775 15065 14975)
4(7774 15064 15065 7775)
4(7686 7776 15066 14976)
4(7775 15065 15066 7776)
4(7687 7777 15067 14977)
4(7776 15066 15067 7777)
4(7688 7778 15068 14978)
4(7777 15067 15068 7778)
4(7689 7779 15069 14979)
4(7778 15068 15069 7779)
4(7690 7780 15070 14980)
4(7779 15069 15070 7780)
4(7691 7781 15071 14981)
4(7780 15070 15071 7781)
4(7692 7782 15072 14982)
4(7781 15071 15072 7782)
4(7693 7783 15073 14983)
4(7782 15072 15073 7783)
4(7694 7784 15074 14984)
4(7783 15073 15074 7784)
4(7695 7785 15075 14985)
4(7784 15074 15075 7785)
4(7696 7786 15076 14986)
4(7785 15075 15076 7786)
4(7697 7787 15077 14987)
4(7786 15076 15077 7787)
4(7698 7788 15078 14988)
4(7787 15077 15078 7788)
4(7699 7789 15079 14989)
4(7788 15078 15079 7789)
4(7700 7790 15080 14990)
4(7789 15079 15080 7790)
4(7701 7791 15081 14991)
4(7790 15080 15081 7791)
4(7702 7792 15082 14992)
4(7791 15081 15082 7792)
4(7703 7793 15083 14993)
4(7792 15082 15083 7793)
4(7704 7794 15084 14994)
4(7793 15083 15084 7794)
4(7705 7795 15085 14995)
4(7794 15084 15085 7795)
4(7706 7796 15086 14996)
4(7795 15085 15086 7796)
4(7707 7797 15087 14997)
4(7796 15086 15087 7797)
4(7708 7798 15088 14998)
4(7797 15087 15088 7798)
4(7709 7799 15089 14999)
4(7798 15088 15089 7799)
4(7710 7800 15090 15000)
4(7799 15089 15090 7800)
4(7711 7801 15091 15001)
4(7800 15090 15091 7801)
4(7712 7802 15092 15002)
4(7801 15091 15092 7802)
4(7713 7803 15093 15003)
4(7802 15092 15093 7803)
4(7714 7804 15094 15004)
4(7803 15093 15094 7804)
4(7715 7805 15095 15005)
4(7804 15094 15095 7805)
4(7716 7806 15096 15006)
4(7805 15095 15096 7806)
4(7717 7807 15097 15007)
4(7806 15096 15097 7807)
4(7718 7808 15098 15008)
4(7807 15097 15098 7808)
4(7719 7809 15099 15009)
4(7808 15098 15099 7809)
4(7720 7810 15100 15010)
4(7809 15099 15100 7810)
4(7810 15100 15101 7811)
4(7722 7812 15102 15012)
4(943 2239 15102 7812)
4(7723 7813 15103 15013)
4(7812 15102 15103 7813)
4(7724 7814 15104 15014)
4(7813 15103 15104 7814)
4(7725 7815 15105 15015)
4(7814 15104 15105 7815)
4(7726 7816 15106 15016)
4(7815 15105 15106 7816)
4(7727 7817 15107 15017)
4(7816 15106 15107 7817)
4(7728 7818 15108 15018)
4(7817 15107 15108 7818)
4(7729 7819 15109 15019)
4(7818 15108 15109 7819)
4(7730 7820 15110 15020)
4(7819 15109 15110 7820)
4(7731 7821 15111 15021)
4(7820 15110 15111 7821)
4(7732 7822 15112 15022)
4(7821 15111 15112 7822)
4(7733 7823 15113 15023)
4(7822 15112 15113 7823)
4(7734 7824 15114 15024)
4(7823 15113 15114 7824)
4(7735 7825 15115 15025)
4(7824 15114 15115 7825)
4(7736 7826 15116 15026)
4(7825 15115 15116 7826)
4(7737 7827 15117 15027)
4(7826 15116 15117 7827)
4(7738 7828 15118 15028)
4(7827 15117 15118 7828)
4(7739 7829 15119 15029)
4(7828 15118 15119 7829)
4(7740 7830 15120 15030)
4(7829 15119 15120 7830)
4(7741 7831 15121 15031)
4(7830 15120 15121 7831)
4(7742 7832 15122 15032)
4(7831 15121 15122 7832)
4(7743 7833 15123 15033)
4(7832 15122 15123 7833)
4(7744 7834 15124 15034)
4(7833 15123 15124 7834)
4(7745 7835 15125 15035)
4(7834 15124 15125 7835)
4(7746 7836 15126 15036)
4(7835 15125 15126 7836)
4(7747 7837 15127 15037)
4(7836 15126 15127 7837)
4(7748 7838 15128 15038)
4(7837 15127 15128 7838)
4(7749 7839 15129 15039)
4(7838 15128 15129 7839)
4(7750 7840 15130 15040)
4(7839 15129 15130 7840)
4(7751 7841 15131 15041)
4(7840 15130 15131 7841)
4(7752 7842 15132 15042)
4(7841 15131 15132 7842)
4(7753 7843 15133 15043)
4(7842 15132 15133 7843)
4(7754 7844 15134 15044)
4(7843 15133 15134 7844)
4(7755 7845 15135 15045)
4(7844 15134 15135 7845)
4(7756 7846 15136 15046)
4(7845 15135 15136 7846)
4(7757 7847 15137 15047)
4(7846 15136 15137 7847)
4(7758 7848 15138 15048)
4(7847 15137 15138 7848)
4(7759 7849 15139 15049)
4(7848 15138 15139 7849)
4(7760 7850 15140 15050)
4(7849 15139 15140 7850)
4(7761 7851 15141 15051)
4(7850 15140 15141 7851)
4(7762 7852 15142 15052)
4(7851 15141 15142 7852)
4(7763 7853 15143 15053)
4(7852 15142 15143 7853)
4(7764 7854 15144 15054)
4(7853 15143 15144 7854)
4(7765 7855 15145 15055)
4(7854 15144 15145 7855)
4(7766 7856 15146 15056)
4(7855 15145 15146 7856)
4(7767 7857 15147 15057)
4(7856 15146 15147 7857)
4(7768 7858 15148 15058)
4(7857 15147 15148 7858)
4(7769 7859 15149 15059)
4(7858 15148 15149 7859)
4(7770 7860 15150 15060)
4(7859 15149 15150 7860)
4(7771 7861 15151 15061)
4(7860 15150 15151 7861)
4(7772 7862 15152 15062)
4(7861 15151 15152 7862)
4(7773 7863 15153 15063)
4(7862 15152 15153 7863)
4(7774 7864 15154 15064)
4(7863 15153 15154 7864)
4(7775 7865 15155 15065)
4(7864 15154 15155 7865)
4(7776 7866 15156 15066)
4(7865 15155 15156 7866)
4(7777 7867 15157 15067)
4(7866 15156 15157 7867)
4(7778 7868 15158 15068)
4(7867 15157 15158 7868)
4(7779 7869 15159 15069)
4(7868 15158 15159 7869)
4(7780 7870 15160 15070)
4(7869 15159 15160 7870)
4(7781 7871 15161 15071)
4(7870 15160 15161 7871)
4(7782 7872 15162 15072)
4(7871 15161 15162 7872)
4(7783 7873 15163 15073)
4(7872 15162 15163 7873)
4(7784 7874 15164 15074)
4(7873 15163 15164 7874)
4(7785 7875 15165 15075)
4(7874 15164 15165 7875)
4(7786 7876 15166 15076)
4(7875 15165 15166 7876)
4(7787 7877 15167 15077)
4(7876 15166 15167 7877)
4(7788 7878 15168 15078)
4(7877 15167 15168 7878)
4(7789 7879 15169 15079)
4(7878 15168 15169 7879)
4(7790 7880 15170 15080)
4(7879 15169 15170 7880)
4(7791 7881 15171 15081)
4(7880 15170 15171 7881)
4(7792 7882 15172 15082)
4(7881 15171 15172 7882)
4(7793 7883 15173 15083)
4(7882 15172 15173 7883)
4(7794 7884 15174 15084)
4(7883 15173 15174 7884)
4(7795 7885 15175 15085)
4(7884 15174 15175 7885)
4(7796 7886 15176 15086)
4(7885 15175 15176 7886)
4(7797 7887 15177 15087)
4(7886 15176 15177 7887)
4(7798 7888 15178 15088)
4(7887 15177 15178 7888)
4(7799 7889 15179 15089)
4(7888 15178 15179 7889)
4(7800 7890 15180 15090)
4(7889 15179 15180 7890)
4(7801 7891 15181 15091)
4(7890 15180 15181 7891)
4(7802 7892 15182 15092)
4(7891 15181 15182 7892)
4(7803 7893 15183 15093)
4(7892 15182 15183 7893)
4(7804 7894 15184 15094)
4(7893 15183 15184 7894)
4(7805 7895 15185 15095)
4(7894 15184 15185 7895)
4(7806 7896 15186 15096)
4(7895 15185 15186 7896)
4(7807 7897 15187 15097)
4(7896 15186 15187 7897)
4(7808 7898 15188 15098)
4(7897 15187 15188 7898)
4(7809 7899 15189 15099)
4(7898 15188 15189 7899)
4(7810 7900 15190 15100)
4(7899 15189 15190 7900)
4(7900 15190 15191 7901)
4(7812 7902 15192 15102)
4(959 2255 15192 7902)
4(7813 7903 15193 15103)
4(7902 15192 15193 7903)
4(7814 7904 15194 15104)
4(7903 15193 15194 7904)
4(7815 7905 15195 15105)
4(7904 15194 15195 7905)
4(7816 7906 15196 15106)
4(7905 15195 15196 7906)
4(7817 7907 15197 15107)
4(7906 15196 15197 7907)
4(7818 7908 15198 15108)
4(7907 15197 15198 7908)
4(7819 7909 15199 15109)
4(7908 15198 15199 7909)
4(7820 7910 15200 15110)
4(7909 15199 15200 7910)
4(7821 7911 15201 15111)
4(7910 15200 15201 7911)
4(7822 7912 15202 15112)
4(7911 15201 15202 7912)
4(7823 7913 15203 15113)
4(7912 15202 15203 7913)
4(7824 7914 15204 15114)
4(7913 15203 15204 7914)
4(7825 7915 15205 15115)
4(7914 15204 15205 7915)
4(7826 7916 15206 15116)
4(7915 15205 15206 7916)
4(7827 7917 15207 15117)
4(7916 15206 15207 7917)
4(7828 7918 15208 15118)
4(7917 15207 15208 7918)
4(7829 7919 15209 15119)
4(7918 15208 15209 7919)
4(7830 7920 15210 15120)
4(7919 15209 15210 7920)
4(7831 7921 15211 15121)
4(7920 15210 15211 7921)
4(7832 7922 15212 15122)
4(7921 15211 15212 7922)
4(7833 7923 15213 15123)
4(7922 15212 15213 7923)
4(7834 7924 15214 15124)
4(7923 15213 15214 7924)
4(7835 7925 15215 15125)
4(7924 15214 15215 7925)
4(7836 7926 15216 15126)
4(7925 15215 15216 7926)
4(7837 7927 15217 15127)
4(7926 15216 15217 7927)
4(7838 7928 15218 15128)
4(7927 15217 15218 7928)
4(7839 7929 15219 15129)
4(7928 15218 15219 7929)
4(7840 7930 15220 15130)
4(7929 15219 15220 7930)
4(7841 7931 15221 15131)
4(7930 15220 15221 7931)
4(7842 7932 15222 15132)
4(7931 15221 15222 7932)
4(7843 7933 15223 15133)
4(7932 15222 15223 7933)
4(7844 7934 15224 15134)
4(7933 15223 15224 7934)
4(7845 7935 15225 15135)
4(7934 15224 15225 7935)
4(7846 7936 15226 15136)
4(7935 15225 15226 7936)
4(7847 7937 15227 15137)
4(7936 15226 15227 7937)
4(7848 7938 15228 15138)
4(7937 15227 15228 7938)
4(7849 7939 15229 15139)
4(7938 15228 15229 7939)
4(7850 7940 15230 15140)
4(7939 15229 15230 7940)
4(7851 7941 15231 15141)
4(7940 15230 15231 7941)
4(7852 7942 15232 15142)
4(7941 15231 15232 7942)
4(7853 7943 15233 15143)
4(7942 15232 15233 7943)
4(7854 7944 15234 15144)
4(7943 15233 15234 7944)
4(7855 7945 15235 15145)
4(7944 15234 15235 7945)
4(7856 7946 15236 15146)
4(7945 15235 15236 7946)
4(7857 7947 15237 15147)
4(7946 15236 15237 7947)
4(7858 7948 15238 15148)
4(7947 15237 15238 7948)
4(7859 7949 15239 15149)
4(7948 15238 15239 7949)
4(7860 7950 15240 15150)
4(7949 15239 15240 7950)
4(7861 7951 15241 15151)
4(7950 15240 15241 7951)
4(7862 7952 15242 15152)
4(7951 15241 15242 7952)
4(7863 7953 15243 15153)
4(7952 15242 15243 7953)
4(7864 7954 15244 15154)
4(7953 15243 15244 7954)
4(7865 7955 15245 15155)
4(7954 15244 15245 7955)
4(7866 7956 15246 15156)
4(7955 15245 15246 7956)
4(7867 7957 15247 15157)
4(7956 15246 15247 7957)
4(7868 7958 15248 15158)
4(7957 15247 15248 7958)
4(7869 7959 15249 15159)
4(7958 15248 15249 7959)
4(7870 7960 15250 15160)
4(7959 15249 15250 7960)
4(7871 7961 15251 15161)
4(7960 15250 15251 7961)
4(7872 7962 15252 15162)
4(7961 15251 15252 7962)
4(7873 7963 15253 15163)
4(7962 15252 15253 7963)
4(7874 7964 15254 15164)
4(7963 15253 15254 7964)
4(7875 7965 15255 15165)
4(7964 15254 15255 7965)
4(7876 7966 15256 15166)
4(7965 15255 15256 7966)
4(7877 7967 15257 15167)
4(7966 15256 15257 7967)
4(7878 7968 15258 15168)
4(7967 15257 15258 7968)
4(7879 7969 15259 15169)
4(7968 15258 15259 7969)
4(7880 7970 15260 15170)
4(7969 15259 15260 7970)
4(7881 7971 15261 15171)
4(7970 15260 15261 7971)
4(7882 7972 15262 15172)
4(7971 15261 15262 7972)
4(7883 7973 15263 15173)
4(7972 15262 15263 7973)
4(7884 7974 15264 15174)
4(7973 15263 15264 7974)
4(7885 7975 15265 15175)
4(7974 15264 15265 7975)
4(7886 7976 15266 15176)
4(7975 15265 15266 7976)
4(7887 7977 15267 15177)
4(7976 15266 15267 7977)
4(7888 7978 15268 15178)
4(7977 15267 15268 7978)
4(7889 7979 15269 15179)
4(7978 15268 15269 7979)
4(7890 7980 15270 15180)
4(7979 15269 15270 7980)
4(7891 7981 15271 15181)
4(7980 15270 15271 7981)
4(7892 7982 15272 15182)
4(7981 15271 15272 7982)
4(7893 7983 15273 15183)
4(7982 15272 15273 7983)
4(7894 7984 15274 15184)
4(7983 15273 15274 7984)
4(7895 7985 15275 15185)
4(7984 15274 15275 7985)
4(7896 7986 15276 15186)
4(7985 15275 15276 7986)
4(7897 7987 15277 15187)
4(7986 15276 15277 7987)
4(7898 7988 15278 15188)
4(7987 15277 15278 7988)
4(7899 7989 15279 15189)
4(7988 15278 15279 7989)
4(7900 7990 15280 15190)
4(7989 15279 15280 7990)
4(7990 15280 15281 7991)
4(7902 7992 15282 15192)
4(975 2271 15282 7992)
4(7903 7993 15283 15193)
4(7992 15282 15283 7993)
4(7904 7994 15284 15194)
4(7993 15283 15284 7994)
4(7905 7995 15285 15195)
4(7994 15284 15285 7995)
4(7906 7996 15286 15196)
4(7995 15285 15286 7996)
4(7907 7997 15287 15197)
4(7996 15286 15287 7997)
4(7908 7998 15288 15198)
4(7997 15287 15288 7998)
4(7909 7999 15289 15199)
4(7998 15288 15289 7999)
4(7910 8000 15290 15200)
4(7999 15289 15290 8000)
4(7911 8001 15291 15201)
4(8000 15290 15291 8001)
4(7912 8002 15292 15202)
4(8001 15291 15292 8002)
4(7913 8003 15293 15203)
4(8002 15292 15293 8003)
4(7914 8004 15294 15204)
4(8003 15293 15294 8004)
4(7915 8005 15295 15205)
4(8004 15294 15295 8005)
4(7916 8006 15296 15206)
4(8005 15295 15296 8006)
4(7917 8007 15297 15207)
4(8006 15296 15297 8007)
4(7918 8008 15298 15208)
4(8007 15297 15298 8008)
4(7919 8009 15299 15209)
4(8008 15298 15299 8009)
4(7920 8010 15300 15210)
4(8009 15299 15300 8010)
4(7921 8011 15301 15211)
4(8010 15300 15301 8011)
4(7922 8012 15302 15212)
4(8011 15301 15302 8012)
4(7923 8013 15303 15213)
4(8012 15302 15303 8013)
4(7924 8014 15304 15214)
4(8013 15303 15304 8014)
4(7925 8015 15305 15215)
4(8014 15304 15305 8015)
4(7926 8016 15306 15216)
4(8015 15305 15306 8016)
4(7927 8017 15307 15217)
4(8016 15306 15307 8017)
4(7928 8018 15308 15218)
4(8017 15307 15308 8018)
4(7929 8019 15309 15219)
4(8018 15308 15309 8019)
4(7930 8020 15310 15220)
4(8019 15309 15310 8020)
4(7931 8021 15311 15221)
4(8020 15310 15311 8021)
4(7932 8022 15312 15222)
4(8021 15311 15312 8022)
4(7933 8023 15313 15223)
4(8022 15312 15313 8023)
4(7934 8024 15314 15224)
4(8023 15313 15314 8024)
4(7935 8025 15315 15225)
4(8024 15314 15315 8025)
4(7936 8026 15316 15226)
4(8025 15315 15316 8026)
4(7937 8027 15317 15227)
4(8026 15316 15317 8027)
4(7938 8028 15318 15228)
4(8027 15317 15318 8028)
4(7939 8029 15319 15229)
4(8028 15318 15319 8029)
4(7940 8030 15320 15230)
4(8029 15319 15320 8030)
4(7941 8031 15321 15231)
4(8030 15320 15321 8031)
4(7942 8032 15322 15232)
4(8031 15321 15322 8032)
4(7943 8033 15323 15233)
4(8032 15322 15323 8033)
4(7944 8034 15324 15234)
4(8033 15323 15324 8034)
4(7945 8035 15325 15235)
4(8034 15324 15325 8035)
4(7946 8036 15326 15236)
4(8035 15325 15326 8036)
4(7947 8037 15327 15237)
4(8036 15326 15327 8037)
4(7948 8038 15328 15238)
4(8037 15327 15328 8038)
4(7949 8039 15329 15239)
4(8038 15328 15329 8039)
4(7950 8040 15330 15240)
4(8039 15329 15330 8040)
4(7951 8041 15331 15241)
4(8040 15330 15331 8041)
4(7952 8042 15332 15242)
4(8041 15331 15332 8042)
4(7953 8043 15333 15243)
4(8042 15332 15333 8043)
4(7954 8044 15334 15244)
4(8043 15333 15334 8044)
4(7955 8045 15335 15245)
4(8044 15334 15335 8045)
4(7956 8046 15336 15246)
4(8045 15335 15336 8046)
4(7957 8047 15337 15247)
4(8046 15336 15337 8047)
4(7958 8048 15338 15248)
4(8047 15337 15338 8048)
4(7959 8049 15339 15249)
4(8048 15338 15339 8049)
4(7960 8050 15340 15250)
4(8049 15339 15340 8050)
4(7961 8051 15341 15251)
4(8050 15340 15341 8051)
4(7962 8052 15342 15252)
4(8051 15341 15342 8052)
4(7963 8053 15343 15253)
4(8052 15342 15343 8053)
4(7964 8054 15344 15254)
4(8053 15343 15344 8054)
4(7965 8055 15345 15255)
4(8054 15344 15345 8055)
4(7966 8056 15346 15256)
4(8055 15345 15346 8056)
4(7967 8057 15347 15257)
4(8056 15346 15347 8057)
4(7968 8058 15348 15258)
4(8057 15347 15348 8058)
4(7969 8059 15349 15259)
4(8058 15348 15349 8059)
4(7970 8060 15350 15260)
4(8059 15349 15350 8060)
4(7971 8061 15351 15261)
4(8060 15350 15351 8061)
4(7972 8062 15352 15262)
4(8061 15351 15352 8062)
4(7973 8063 15353 15263)
4(8062 15352 15353 8063)
4(7974 8064 15354 15264)
4(8063 15353 15354 8064)
4(7975 8065 15355 15265)
4(8064 15354 15355 8065)
4(7976 8066 15356 15266)
4(8065 15355 15356 8066)
4(7977 8067 15357 15267)
4(8066 15356 15357 8067)
4(7978 8068 15358 15268)
4(8067 15357 15358 8068)
4(7979 8069 15359 15269)
4(8068 15358 15359 8069)
4(7980 8070 15360 15270)
4(8069 15359 15360 8070)
4(7981 8071 15361 15271)
4(8070 15360 15361 8071)
4(7982 8072 15362 15272)
4(8071 15361 15362 8072)
4(7983 8073 15363 15273)
4(8072 15362 15363 8073)
4(7984 8074 15364 15274)
4(8073 15363 15364 8074)
4(7985 8075 15365 15275)
4(8074 15364 15365 8075)
4(7986 8076 15366 15276)
4(8075 15365 15366 8076)
4(7987 8077 15367 15277)
4(8076 15366 15367 8077)
4(7988 8078 15368 15278)
4(8077 15367 15368 8078)
4(7989 8079 15369 15279)
4(8078 15368 15369 8079)
4(7990 8080 15370 15280)
4(8079 15369 15370 8080)
4(8080 15370 15371 8081)
4(7992 8082 15372 15282)
4(991 2287 15372 8082)
4(7993 8083 15373 15283)
4(8082 15372 15373 8083)
4(7994 8084 15374 15284)
4(8083 15373 15374 8084)
4(7995 8085 15375 15285)
4(8084 15374 15375 8085)
4(7996 8086 15376 15286)
4(8085 15375 15376 8086)
4(7997 8087 15377 15287)
4(8086 15376 15377 8087)
4(7998 8088 15378 15288)
4(8087 15377 15378 8088)
4(7999 8089 15379 15289)
4(8088 15378 15379 8089)
4(8000 8090 15380 15290)
4(8089 15379 15380 8090)
4(8001 8091 15381 15291)
4(8090 15380 15381 8091)
4(8002 8092 15382 15292)
4(8091 15381 15382 8092)
4(8003 8093 15383 15293)
4(8092 15382 15383 8093)
4(8004 8094 15384 15294)
4(8093 15383 15384 8094)
4(8005 8095 15385 15295)
4(8094 15384 15385 8095)
4(8006 8096 15386 15296)
4(8095 15385 15386 8096)
4(8007 8097 15387 15297)
4(8096 15386 15387 8097)
4(8008 8098 15388 15298)
4(8097 15387 15388 8098)
4(8009 8099 15389 15299)
4(8098 15388 15389 8099)
4(8010 8100 15390 15300)
4(8099 15389 15390 8100)
4(8011 8101 15391 15301)
4(8100 15390 15391 8101)
4(8012 8102 15392 15302)
4(8101 15391 15392 8102)
4(8013 8103 15393 15303)
4(8102 15392 15393 8103)
4(8014 8104 15394 15304)
4(8103 15393 15394 8104)
4(8015 8105 15395 15305)
4(8104 15394 15395 8105)
4(8016 8106 15396 15306)
4(8105 15395 15396 8106)
4(8017 8107 15397 15307)
4(8106 15396 15397 8107)
4(8018 8108 15398 15308)
4(8107 15397 15398 8108)
4(8019 8109 15399 15309)
4(8108 15398 15399 8109)
4(8020 8110 15400 15310)
4(8109 15399 15400 8110)
4(8021 8111 15401 15311)
4(8110 15400 15401 8111)
4(8022 8112 15402 15312)
4(8111 15401 15402 8112)
4(8023 8113 15403 15313)
4(8112 15402 15403 8113)
4(8024 8114 15404 15314)
4(8113 15403 15404 8114)
4(8025 8115 15405 15315)
4(8114 15404 15405 8115)
4(8026 8116 15406 15316)
4(8115 15405 15406 8116)
4(8027 8117 15407 15317)
4(8116 15406 15407 8117)
4(8028 8118 15408 15318)
4(8117 15407 15408 8118)
4(8029 8119 15409 15319)
4(8118 15408 15409 8119)
4(8030 8120 15410 15320)
4(8119 15409 15410 8120)
4(8031 8121 15411 15321)
4(8120 15410 15411 8121)
4(8032 8122 15412 15322)
4(8121 15411 15412 8122)
4(8033 8123 15413 15323)
4(8122 15412 15413 8123)
4(8034 8124 15414 15324)
4(8123 15413 15414 8124)
4(8035 8125 15415 15325)
4(8124 15414 15415 8125)
4(8036 8126 15416 15326)
4(8125 15415 15416 8126)
4(8037 8127 15417 15327)
4(8126 15416 15417 8127)
4(8038 8128 15418 15328)
4(8127 15417 15418 8128)
4(8039 8129 15419 15329)
4(8128 15418 15419 8129)
4(8040 8130 15420 15330)
4(8129 15419 15420 8130)
4(8041 8131 15421 15331)
4(8130 15420 15421 8131)
4(8042 8132 15422 15332)
4(8131 15421 15422 8132)
4(8043 8133 15423 15333)
4(8132 15422 15423 8133)
4(8044 8134 15424 15334)
4(8133 15423 15424 8134)
4(8045 8135 15425 15335)
4(8134 15424 15425 8135)
4(8046 8136 15426 15336)
4(8135 15425 15426 8136)
4(8047 8137 15427 15337)
4(8136 15426 15427 8137)
4(8048 8138 15428 15338)
4(8137 15427 15428 8138)
4(8049 8139 15429 15339)
4(8138 15428 15429 8139)
4(8050 8140 15430 15340)
4(8139 15429 15430 8140)
4(8051 8141 15431 15341)
4(8140 15430 15431 8141)
4(8052 8142 15432 15342)
4(8141 15431 15432 8142)
4(8053 8143 15433 15343)
4(8142 15432 15433 8143)
4(8054 8144 15434 15344)
4(8143 15433 15434 8144)
4(8055 8145 15435 15345)
4(8144 15434 15435 8145)
4(8056 8146 15436 15346)
4(8145 15435 15436 8146)
4(8057 8147 15437 15347)
4(8146 15436 15437 8147)
4(8058 8148 15438 15348)
4(8147 15437 15438 8148)
4(8059 8149 15439 15349)
4(8148 15438 15439 8149)
4(8060 8150 15440 15350)
4(8149 15439 15440 8150)
4(8061 8151 15441 15351)
4(8150 15440 15441 8151)
4(8062 8152 15442 15352)
4(8151 15441 15442 8152)
4(8063 8153 15443 15353)
4(8152 15442 15443 8153)
4(8064 8154 15444 15354)
4(8153 15443 15444 8154)
4(8065 8155 15445 15355)
4(8154 15444 15445 8155)
4(8066 8156 15446 15356)
4(8155 15445 15446 8156)
4(8067 8157 15447 15357)
4(8156 15446 15447 8157)
4(8068 8158 15448 15358)
4(8157 15447 15448 8158)
4(8069 8159 15449 15359)
4(8158 15448 15449 8159)
4(8070 8160 15450 15360)
4(8159 15449 15450 8160)
4(8071 8161 15451 15361)
4(8160 15450 15451 8161)
4(8072 8162 15452 15362)
4(8161 15451 15452 8162)
4(8073 8163 15453 15363)
4(8162 15452 15453 8163)
4(8074 8164 15454 15364)
4(8163 15453 15454 8164)
4(8075 8165 15455 15365)
4(8164 15454 15455 8165)
4(8076 8166 15456 15366)
4(8165 15455 15456 8166)
4(8077 8167 15457 15367)
4(8166 15456 15457 8167)
4(8078 8168 15458 15368)
4(8167 15457 15458 8168)
4(8079 8169 15459 15369)
4(8168 15458 15459 8169)
4(8080 8170 15460 15370)
4(8169 15459 15460 8170)
4(8170 15460 15461 8171)
4(8082 8172 15462 15372)
4(1007 2303 15462 8172)
4(8083 8173 15463 15373)
4(8172 15462 15463 8173)
4(8084 8174 15464 15374)
4(8173 15463 15464 8174)
4(8085 8175 15465 15375)
4(8174 15464 15465 8175)
4(8086 8176 15466 15376)
4(8175 15465 15466 8176)
4(8087 8177 15467 15377)
4(8176 15466 15467 8177)
4(8088 8178 15468 15378)
4(8177 15467 15468 8178)
4(8089 8179 15469 15379)
4(8178 15468 15469 8179)
4(8090 8180 15470 15380)
4(8179 15469 15470 8180)
4(8091 8181 15471 15381)
4(8180 15470 15471 8181)
4(8092 8182 15472 15382)
4(8181 15471 15472 8182)
4(8093 8183 15473 15383)
4(8182 15472 15473 8183)
4(8094 8184 15474 15384)
4(8183 15473 15474 8184)
4(8095 8185 15475 15385)
4(8184 15474 15475 8185)
4(8096 8186 15476 15386)
4(8185 15475 15476 8186)
4(8097 8187 15477 15387)
4(8186 15476 15477 8187)
4(8098 8188 15478 15388)
4(8187 15477 15478 8188)
4(8099 8189 15479 15389)
4(8188 15478 15479 8189)
4(8100 8190 15480 15390)
4(8189 15479 15480 8190)
4(8101 8191 15481 15391)
4(8190 15480 15481 8191)
4(8102 8192 15482 15392)
4(8191 15481 15482 8192)
4(8103 8193 15483 15393)
4(8192 15482 15483 8193)
4(8104 8194 15484 15394)
4(8193 15483 15484 8194)
4(8105 8195 15485 15395)
4(8194 15484 15485 8195)
4(8106 8196 15486 15396)
4(8195 15485 15486 8196)
4(8107 8197 15487 15397)
4(8196 15486 15487 8197)
4(8108 8198 15488 15398)
4(8197 15487 15488 8198)
4(8109 8199 15489 15399)
4(8198 15488 15489 8199)
4(8110 8200 15490 15400)
4(8199 15489 15490 8200)
4(8111 8201 15491 15401)
4(8200 15490 15491 8201)
4(8112 8202 15492 15402)
4(8201 15491 15492 8202)
4(8113 8203 15493 15403)
4(8202 15492 15493 8203)
4(8114 8204 15494 15404)
4(8203 15493 15494 8204)
4(8115 8205 15495 15405)
4(8204 15494 15495 8205)
4(8116 8206 15496 15406)
4(8205 15495 15496 8206)
4(8117 8207 15497 15407)
4(8206 15496 15497 8207)
4(8118 8208 15498 15408)
4(8207 15497 15498 8208)
4(8119 8209 15499 15409)
4(8208 15498 15499 8209)
4(8120 8210 15500 15410)
4(8209 15499 15500 8210)
4(8121 8211 15501 15411)
4(8210 15500 15501 8211)
4(8122 8212 15502 15412)
4(8211 15501 15502 8212)
4(8123 8213 15503 15413)
4(8212 15502 15503 8213)
4(8124 8214 15504 15414)
4(8213 15503 15504 8214)
4(8125 8215 15505 15415)
4(8214 15504 15505 8215)
4(8126 8216 15506 15416)
4(8215 15505 15506 8216)
4(8127 8217 15507 15417)
4(8216 15506 15507 8217)
4(8128 8218 15508 15418)
4(8217 15507 15508 8218)
4(8129 8219 15509 15419)
4(8218 15508 15509 8219)
4(8130 8220 15510 15420)
4(8219 15509 15510 8220)
4(8131 8221 15511 15421)
4(8220 15510 15511 8221)
4(8132 8222 15512 15422)
4(8221 15511 15512 8222)
4(8133 8223 15513 15423)
4(8222 15512 15513 8223)
4(8134 8224 15514 15424)
4(8223 15513 15514 8224)
4(8135 8225 15515 15425)
4(8224 15514 15515 8225)
4(8136 8226 15516 15426)
4(8225 15515 15516 8226)
4(8137 8227 15517 15427)
4(8226 15516 15517 8227)
4(8138 8228 15518 15428)
4(8227 15517 15518 8228)
4(8139 8229 15519 15429)
4(8228 15518 15519 8229)
4(8140 8230 15520 15430)
4(8229 15519 15520 8230)
4(8141 8231 15521 15431)
4(8230 15520 15521 8231)
4(8142 8232 15522 15432)
4(8231 15521 15522 8232)
4(8143 8233 15523 15433)
4(8232 15522 15523 8233)
4(8144 8234 15524 15434)
4(8233 15523 15524 8234)
4(8145 8235 15525 15435)
4(8234 15524 15525 8235)
4(8146 8236 15526 15436)
4(8235 15525 15526 8236)
4(8147 8237 15527 15437)
4(8236 15526 15527 8237)
4(8148 8238 15528 15438)
4(8237 15527 15528 8238)
4(8149 8239 15529 15439)
4(8238 15528 15529 8239)
4(8150 8240 15530 15440)
4(8239 15529 15530 8240)
4(8151 8241 15531 15441)
4(8240 15530 15531 8241)
4(8152 8242 15532 15442)
4(8241 15531 15532 8242)
4(8153 8243 15533 15443)
4(8242 15532 15533 8243)
4(8154 8244 15534 15444)
4(8243 15533 15534 8244)
4(8155 8245 15535 15445)
4(8244 15534 15535 8245)
4(8156 8246 15536 15446)
4(8245 15535 15536 8246)
4(8157 8247 15537 15447)
4(8246 15536 15537 8247)
4(8158 8248 15538 15448)
4(8247 15537 15538 8248)
4(8159 8249 15539 15449)
4(8248 15538 15539 8249)
4(8160 8250 15540 15450)
4(8249 15539 15540 8250)
4(8161 8251 15541 15451)
4(8250 15540 15541 8251)
4(8162 8252 15542 15452)
4(8251 15541 15542 8252)
4(8163 8253 15543 15453)
4(8252 15542 15543 8253)
4(8164 8254 15544 15454)
4(8253 15543 15544 8254)
4(8165 8255 15545 15455)
4(8254 15544 15545 8255)
4(8166 8256 15546 15456)
4(8255 15545 15546 8256)
4(8167 8257 15547 15457)
4(8256 15546 15547 8257)
4(8168 8258 15548 15458)
4(8257 15547 15548 8258)
4(8169 8259 15549 15459)
4(8258 15548 15549 8259)
4(8170 8260 15550 15460)
4(8259 15549 15550 8260)
4(8260 15550 15551 8261)
4(8172 8262 15552 15462)
4(1023 2319 15552 8262)
4(8173 8263 15553 15463)
4(8262 15552 15553 8263)
4(8174 8264 15554 15464)
4(8263 15553 15554 8264)
4(8175 8265 15555 15465)
4(8264 15554 15555 8265)
4(8176 8266 15556 15466)
4(8265 15555 15556 8266)
4(8177 8267 15557 15467)
4(8266 15556 15557 8267)
4(8178 8268 15558 15468)
4(8267 15557 15558 8268)
4(8179 8269 15559 15469)
4(8268 15558 15559 8269)
4(8180 8270 15560 15470)
4(8269 15559 15560 8270)
4(8181 8271 15561 15471)
4(8270 15560 15561 8271)
4(8182 8272 15562 15472)
4(8271 15561 15562 8272)
4(8183 8273 15563 15473)
4(8272 15562 15563 8273)
4(8184 8274 15564 15474)
4(8273 15563 15564 8274)
4(8185 8275 15565 15475)
4(8274 15564 15565 8275)
4(8186 8276 15566 15476)
4(8275 15565 15566 8276)
4(8187 8277 15567 15477)
4(8276 15566 15567 8277)
4(8188 8278 15568 15478)
4(8277 15567 15568 8278)
4(8189 8279 15569 15479)
4(8278 15568 15569 8279)
4(8190 8280 15570 15480)
4(8279 15569 15570 8280)
4(8191 8281 15571 15481)
4(8280 15570 15571 8281)
4(8192 8282 15572 15482)
4(8281 15571 15572 8282)
4(8193 8283 15573 15483)
4(8282 15572 15573 8283)
4(8194 8284 15574 15484)
4(8283 15573 15574 8284)
4(8195 8285 15575 15485)
4(8284 15574 15575 8285)
4(8196 8286 15576 15486)
4(8285 15575 15576 8286)
4(8197 8287 15577 15487)
4(8286 15576 15577 8287)
4(8198 8288 15578 15488)
4(8287 15577 15578 8288)
4(8199 8289 15579 15489)
4(8288 15578 15579 8289)
4(8200 8290 15580 15490)
4(8289 15579 15580 8290)
4(8201 8291 15581 15491)
4(8290 15580 15581 8291)
4(8202 8292 15582 15492)
4(8291 15581 15582 8292)
4(8203 8293 15583 15493)
4(8292 15582 15583 8293)
4(8204 8294 15584 15494)
4(8293 15583 15584 8294)
4(8205 8295 15585 15495)
4(8294 15584 15585 8295)
4(8206 8296 15586 15496)
4(8295 15585 15586 8296)
4(8207 8297 15587 15497)
4(8296 15586 15587 8297)
4(8208 8298 15588 15498)
4(8297 15587 15588 8298)
4(8209 8299 15589 15499)
4(8298 15588 15589 8299)
4(8210 8300 15590 15500)
4(8299 15589 15590 8300)
4(8211 8301 15591 15501)
4(8300 15590 15591 8301)
4(8212 8302 15592 15502)
4(8301 15591 15592 8302)
4(8213 8303 15593 15503)
4(8302 15592 15593 8303)
4(8214 8304 15594 15504)
4(8303 15593 15594 8304)
4(8215 8305 15595 15505)
4(8304 15594 15595 8305)
4(8216 8306 15596 15506)
4(8305 15595 15596 8306)
4(8217 8307 15597 15507)
4(8306 15596 15597 8307)
4(8218 8308 15598 15508)
4(8307 15597 15598 8308)
4(8219 8309 15599 15509)
4(8308 15598 15599 8309)
4(8220 8310 15600 15510)
4(8309 15599 15600 8310)
4(8221 8311 15601 15511)
4(8310 15600 15601 8311)
4(8222 8312 15602 15512)
4(8311 15601 15602 8312)
4(8223 8313 15603 15513)
4(8312 15602 15603 8313)
4(8224 8314 15604 15514)
4(8313 15603 15604 8314)
4(8225 8315 15605 15515)
4(8314 15604 15605 8315)
4(8226 8316 15606 15516)
4(8315 15605 15606 8316)
4(8227 8317 15607 15517)
4(8316 15606 15607 8317)
4(8228 8318 15608 15518)
4(8317 15607 15608 8318)
4(8229 8319 15609 15519)
4(8318 15608 15609 8319)
4(8230 8320 15610 15520)
4(8319 15609 15610 8320)
4(8231 8321 15611 15521)
4(8320 15610 15611 8321)
4(8232 8322 15612 15522)
4(8321 15611 15612 8322)
4(8233 8323 15613 15523)
4(8322 15612 15613 8323)
4(8234 8324 15614 15524)
4(8323 15613 15614 8324)
4(8235 8325 15615 15525)
4(8324 15614 15615 8325)
4(8236 8326 15616 15526)
4(8325 15615 15616 8326)
4(8237 8327 15617 15527)
4(8326 15616 15617 8327)
4(8238 8328 15618 15528)
4(8327 15617 15618 8328)
4(8239 8329 15619 15529)
4(8328 15618 15619 8329)
4(8240 8330 15620 15530)
4(8329 15619 15620 8330)
4(8241 8331 15621 15531)
4(8330 15620 15621 8331)
4(8242 8332 15622 15532)
4(8331 15621 15622 8332)
4(8243 8333 15623 15533)
4(8332 15622 15623 8333)
4(8244 8334 15624 15534)
4(8333 15623 15624 8334)
4(8245 8335 15625 15535)
4(8334 15624 15625 8335)
4(8246 8336 15626 15536)
4(8335 15625 15626 8336)
4(8247 8337 15627 15537)
4(8336 15626 15627 8337)
4(8248 8338 15628 15538)
4(8337 15627 15628 8338)
4(8249 8339 15629 15539)
4(8338 15628 15629 8339)
4(8250 8340 15630 15540)
4(8339 15629 15630 8340)
4(8251 8341 15631 15541)
4(8340 15630 15631 8341)
4(8252 8342 15632 15542)
4(8341 15631 15632 8342)
4(8253 8343 15633 15543)
4(8342 15632 15633 8343)
4(8254 8344 15634 15544)
4(8343 15633 15634 8344)
4(8255 8345 15635 15545)
4(8344 15634 15635 8345)
4(8256 8346 15636 15546)
4(8345 15635 15636 8346)
4(8257 8347 15637 15547)
4(8346 15636 15637 8347)
4(8258 8348 15638 15548)
4(8347 15637 15638 8348)
4(8259 8349 15639 15549)
4(8348 15638 15639 8349)
4(8260 8350 15640 15550)
4(8349 15639 15640 8350)
4(8350 15640 15641 8351)
4(8262 8352 15642 15552)
4(1039 2335 15642 8352)
4(8263 8353 15643 15553)
4(8352 15642 15643 8353)
4(8264 8354 15644 15554)
4(8353 15643 15644 8354)
4(8265 8355 15645 15555)
4(8354 15644 15645 8355)
4(8266 8356 15646 15556)
4(8355 15645 15646 8356)
4(8267 8357 15647 15557)
4(8356 15646 15647 8357)
4(8268 8358 15648 15558)
4(8357 15647 15648 8358)
4(8269 8359 15649 15559)
4(8358 15648 15649 8359)
4(8270 8360 15650 15560)
4(8359 15649 15650 8360)
4(8271 8361 15651 15561)
4(8360 15650 15651 8361)
4(8272 8362 15652 15562)
4(8361 15651 15652 8362)
4(8273 8363 15653 15563)
4(8362 15652 15653 8363)
4(8274 8364 15654 15564)
4(8363 15653 15654 8364)
4(8275 8365 15655 15565)
4(8364 15654 15655 8365)
4(8276 8366 15656 15566)
4(8365 15655 15656 8366)
4(8277 8367 15657 15567)
4(8366 15656 15657 8367)
4(8278 8368 15658 15568)
4(8367 15657 15658 8368)
4(8279 8369 15659 15569)
4(8368 15658 15659 8369)
4(8280 8370 15660 15570)
4(8369 15659 15660 8370)
4(8281 8371 15661 15571)
4(8370 15660 15661 8371)
4(8282 8372 15662 15572)
4(8371 15661 15662 8372)
4(8283 8373 15663 15573)
4(8372 15662 15663 8373)
4(8284 8374 15664 15574)
4(8373 15663 15664 8374)
4(8285 8375 15665 15575)
4(8374 15664 15665 8375)
4(8286 8376 15666 15576)
4(8375 15665 15666 8376)
4(8287 8377 15667 15577)
4(8376 15666 15667 8377)
4(8288 8378 15668 15578)
4(8377 15667 15668 8378)
4(8289 8379 15669 15579)
4(8378 15668 15669 8379)
4(8290 8380 15670 15580)
4(8379 15669 15670 8380)
4(8291 8381 15671 15581)
4(8380 15670 15671 8381)
4(8292 8382 15672 15582)
4(8381 15671 15672 8382)
4(8293 8383 15673 15583)
4(8382 15672 15673 8383)
4(8294 8384 15674 15584)
4(8383 15673 15674 8384)
4(8295 8385 15675 15585)
4(8384 15674 15675 8385)
4(8296 8386 15676 15586)
4(8385 15675 15676 8386)
4(8297 8387 15677 15587)
4(8386 15676 15677 8387)
4(8298 8388 15678 15588)
4(8387 15677 15678 8388)
4(8299 8389 15679 15589)
4(8388 15678 15679 8389)
4(8300 8390 15680 15590)
4(8389 15679 15680 8390)
4(8301 8391 15681 15591)
4(8390 15680 15681 8391)
4(8302 8392 15682 15592)
4(8391 15681 15682 8392)
4(8303 8393 15683 15593)
4(8392 15682 15683 8393)
4(8304 8394 15684 15594)
4(8393 15683 15684 8394)
4(8305 8395 15685 15595)
4(8394 15684 15685 8395)
4(8306 8396 15686 15596)
4(8395 15685 15686 8396)
4(8307 8397 15687 15597)
4(8396 15686 15687 8397)
4(8308 8398 15688 15598)
4(8397 15687 15688 8398)
4(8309 8399 15689 15599)
4(8398 15688 15689 8399)
4(8310 8400 15690 15600)
4(8399 15689 15690 8400)
4(8311 8401 15691 15601)
4(8400 15690 15691 8401)
4(8312 8402 15692 15602)
4(8401 15691 15692 8402)
4(8313 8403 15693 15603)
4(8402 15692 15693 8403)
4(8314 8404 15694 15604)
4(8403 15693 15694 8404)
4(8315 8405 15695 15605)
4(8404 15694 15695 8405)
4(8316 8406 15696 15606)
4(8405 15695 15696 8406)
4(8317 8407 15697 15607)
4(8406 15696 15697 8407)
4(8318 8408 15698 15608)
4(8407 15697 15698 8408)
4(8319 8409 15699 15609)
4(8408 15698 15699 8409)
4(8320 8410 15700 15610)
4(8409 15699 15700 8410)
4(8321 8411 15701 15611)
4(8410 15700 15701 8411)
4(8322 8412 15702 15612)
4(8411 15701 15702 8412)
4(8323 8413 15703 15613)
4(8412 15702 15703 8413)
4(8324 8414 15704 15614)
4(8413 15703 15704 8414)
4(8325 8415 15705 15615)
4(8414 15704 15705 8415)
4(8326 8416 15706 15616)
4(8415 15705 15706 8416)
4(8327 8417 15707 15617)
4(8416 15706 15707 8417)
4(8328 8418 15708 15618)
4(8417 15707 15708 8418)
4(8329 8419 15709 15619)
4(8418 15708 15709 8419)
4(8330 8420 15710 15620)
4(8419 15709 15710 8420)
4(8331 8421 15711 15621)
4(8420 15710 15711 8421)
4(8332 8422 15712 15622)
4(8421 15711 15712 8422)
4(8333 8423 15713 15623)
4(8422 15712 15713 8423)
4(8334 8424 15714 15624)
4(8423 15713 15714 8424)
4(8335 8425 15715 15625)
4(8424 15714 15715 8425)
4(8336 8426 15716 15626)
4(8425 15715 15716 8426)
4(8337 8427 15717 15627)
4(8426 15716 15717 8427)
4(8338 8428 15718 15628)
4(8427 15717 15718 8428)
4(8339 8429 15719 15629)
4(8428 15718 15719 8429)
4(8340 8430 15720 15630)
4(8429 15719 15720 8430)
4(8341 8431 15721 15631)
4(8430 15720 15721 8431)
4(8342 8432 15722 15632)
4(8431 15721 15722 8432)
4(8343 8433 15723 15633)
4(8432 15722 15723 8433)
4(8344 8434 15724 15634)
4(8433 15723 15724 8434)
4(8345 8435 15725 15635)
4(8434 15724 15725 8435)
4(8346 8436 15726 15636)
4(8435 15725 15726 8436)
4(8347 8437 15727 15637)
4(8436 15726 15727 8437)
4(8348 8438 15728 15638)
4(8437 15727 15728 8438)
4(8349 8439 15729 15639)
4(8438 15728 15729 8439)
4(8350 8440 15730 15640)
4(8439 15729 15730 8440)
4(8440 15730 15731 8441)
4(8352 8442 15732 15642)
4(1055 2351 15732 8442)
4(8353 8443 15733 15643)
4(8442 15732 15733 8443)
4(8354 8444 15734 15644)
4(8443 15733 15734 8444)
4(8355 8445 15735 15645)
4(8444 15734 15735 8445)
4(8356 8446 15736 15646)
4(8445 15735 15736 8446)
4(8357 8447 15737 15647)
4(8446 15736 15737 8447)
4(8358 8448 15738 15648)
4(8447 15737 15738 8448)
4(8359 8449 15739 15649)
4(8448 15738 15739 8449)
4(8360 8450 15740 15650)
4(8449 15739 15740 8450)
4(8361 8451 15741 15651)
4(8450 15740 15741 8451)
4(8362 8452 15742 15652)
4(8451 15741 15742 8452)
4(8363 8453 15743 15653)
4(8452 15742 15743 8453)
4(8364 8454 15744 15654)
4(8453 15743 15744 8454)
4(8365 8455 15745 15655)
4(8454 15744 15745 8455)
4(8366 8456 15746 15656)
4(8455 15745 15746 8456)
4(8367 8457 15747 15657)
4(8456 15746 15747 8457)
4(8368 8458 15748 15658)
4(8457 15747 15748 8458)
4(8369 8459 15749 15659)
4(8458 15748 15749 8459)
4(8370 8460 15750 15660)
4(8459 15749 15750 8460)
4(8371 8461 15751 15661)
4(8460 15750 15751 8461)
4(8372 8462 15752 15662)
4(8461 15751 15752 8462)
4(8373 8463 15753 15663)
4(8462 15752 15753 8463)
4(8374 8464 15754 15664)
4(8463 15753 15754 8464)
4(8375 8465 15755 15665)
4(8464 15754 15755 8465)
4(8376 8466 15756 15666)
4(8465 15755 15756 8466)
4(8377 8467 15757 15667)
4(8466 15756 15757 8467)
4(8378 8468 15758 15668)
4(8467 15757 15758 8468)
4(8379 8469 15759 15669)
4(8468 15758 15759 8469)
4(8380 8470 15760 15670)
4(8469 15759 15760 8470)
4(8381 8471 15761 15671)
4(8470 15760 15761 8471)
4(8382 8472 15762 15672)
4(8471 15761 15762 8472)
4(8383 8473 15763 15673)
4(8472 15762 15763 8473)
4(8384 8474 15764 15674)
4(8473 15763 15764 8474)
4(8385 8475 15765 15675)
4(8474 15764 15765 8475)
4(8386 8476 15766 15676)
4(8475 15765 15766 8476)
4(8387 8477 15767 15677)
4(8476 15766 15767 8477)
4(8388 8478 15768 15678)
4(8477 15767 15768 8478)
4(8389 8479 15769 15679)
4(8478 15768 15769 8479)
4(8390 8480 15770 15680)
4(8479 15769 15770 8480)
4(8391 8481 15771 15681)
4(8480 15770 15771 8481)
4(8392 8482 15772 15682)
4(8481 15771 15772 8482)
4(8393 8483 15773 15683)
4(8482 15772 15773 8483)
4(8394 8484 15774 15684)
4(8483 15773 15774 8484)
4(8395 8485 15775 15685)
4(8484 15774 15775 8485)
4(8396 8486 15776 15686)
4(8485 15775 15776 8486)
4(8397 8487 15777 15687)
4(8486 15776 15777 8487)
4(8398 8488 15778 15688)
4(8487 15777 15778 8488)
4(8399 8489 15779 15689)
4(8488 15778 15779 8489)
4(8400 8490 15780 15690)
4(8489 15779 15780 8490)
4(8401 8491 15781 15691)
4(8490 15780 15781 8491)
4(8402 8492 15782 15692)
4(8491 15781 15782 8492)
4(8403 8493 15783 15693)
4(8492 15782 15783 8493)
4(8404 8494 15784 15694)
4(8493 15783 15784 8494)
4(8405 8495 15785 15695)
4(8494 15784 15785 8495)
4(8406 8496 15786 15696)
4(8495 15785 15786 8496)
4(8407 8497 15787 15697)
4(8496 15786 15787 8497)
4(8408 8498 15788 15698)
4(8497 15787 15788 8498)
4(8409 8499 15789 15699)
4(8498 15788 15789 8499)
4(8410 8500 15790 15700)
4(8499 15789 15790 8500)
4(8411 8501 15791 15701)
4(8500 15790 15791 8501)
4(8412 8502 15792 15702)
4(8501 15791 15792 8502)
4(8413 8503 15793 15703)
4(8502 15792 15793 8503)
4(8414 8504 15794 15704)
4(8503 15793 15794 8504)
4(8415 8505 15795 15705)
4(8504 15794 15795 8505)
4(8416 8506 15796 15706)
4(8505 15795 15796 8506)
4(8417 8507 15797 15707)
4(8506 15796 15797 8507)
4(8418 8508 15798 15708)
4(8507 15797 15798 8508)
4(8419 8509 15799 15709)
4(8508 15798 15799 8509)
4(8420 8510 15800 15710)
4(8509 15799 15800 8510)
4(8421 8511 15801 15711)
4(8510 15800 15801 8511)
4(8422 8512 15802 15712)
4(8511 15801 15802 8512)
4(8423 8513 15803 15713)
4(8512 15802 15803 8513)
4(8424 8514 15804 15714)
4(8513 15803 15804 8514)
4(8425 8515 15805 15715)
4(8514 15804 15805 8515)
4(8426 8516 15806 15716)
4(8515 15805 15806 8516)
4(8427 8517 15807 15717)
4(8516 15806 15807 8517)
4(8428 8518 15808 15718)
4(8517 15807 15808 8518)
4(8429 8519 15809 15719)
4(8518 15808 15809 8519)
4(8430 8520 15810 15720)
4(8519 15809 15810 8520)
4(8431 8521 15811 15721)
4(8520 15810 15811 8521)
4(8432 8522 15812 15722)
4(8521 15811 15812 8522)
4(8433 8523 15813 15723)
4(8522 15812 15813 8523)
4(8434 8524 15814 15724)
4(8523 15813 15814 8524)
4(8435 8525 15815 15725)
4(8524 15814 15815 8525)
4(8436 8526 15816 15726)
4(8525 15815 15816 8526)
4(8437 8527 15817 15727)
4(8526 15816 15817 8527)
4(8438 8528 15818 15728)
4(8527 15817 15818 8528)
4(8439 8529 15819 15729)
4(8528 15818 15819 8529)
4(8440 8530 15820 15730)
4(8529 15819 15820 8530)
4(8530 15820 15821 8531)
4(8442 8532 15822 15732)
4(1071 2367 15822 8532)
4(8443 8533 15823 15733)
4(8532 15822 15823 8533)
4(8444 8534 15824 15734)
4(8533 15823 15824 8534)
4(8445 8535 15825 15735)
4(8534 15824 15825 8535)
4(8446 8536 15826 15736)
4(8535 15825 15826 8536)
4(8447 8537 15827 15737)
4(8536 15826 15827 8537)
4(8448 8538 15828 15738)
4(8537 15827 15828 8538)
4(8449 8539 15829 15739)
4(8538 15828 15829 8539)
4(8450 8540 15830 15740)
4(8539 15829 15830 8540)
4(8451 8541 15831 15741)
4(8540 15830 15831 8541)
4(8452 8542 15832 15742)
4(8541 15831 15832 8542)
4(8453 8543 15833 15743)
4(8542 15832 15833 8543)
4(8454 8544 15834 15744)
4(8543 15833 15834 8544)
4(8455 8545 15835 15745)
4(8544 15834 15835 8545)
4(8456 8546 15836 15746)
4(8545 15835 15836 8546)
4(8457 8547 15837 15747)
4(8546 15836 15837 8547)
4(8458 8548 15838 15748)
4(8547 15837 15838 8548)
4(8459 8549 15839 15749)
4(8548 15838 15839 8549)
4(8460 8550 15840 15750)
4(8549 15839 15840 8550)
4(8461 8551 15841 15751)
4(8550 15840 15841 8551)
4(8462 8552 15842 15752)
4(8551 15841 15842 8552)
4(8463 8553 15843 15753)
4(8552 15842 15843 8553)
4(8464 8554 15844 15754)
4(8553 15843 15844 8554)
4(8465 8555 15845 15755)
4(8554 15844 15845 8555)
4(8466 8556 15846 15756)
4(8555 15845 15846 8556)
4(8467 8557 15847 15757)
4(8556 15846 15847 8557)
4(8468 8558 15848 15758)
4(8557 15847 15848 8558)
4(8469 8559 15849 15759)
4(8558 15848 15849 8559)
4(8470 8560 15850 15760)
4(8559 15849 15850 8560)
4(8471 8561 15851 15761)
4(8560 15850 15851 8561)
4(8472 8562 15852 15762)
4(8561 15851 15852 8562)
4(8473 8563 15853 15763)
4(8562 15852 15853 8563)
4(8474 8564 15854 15764)
4(8563 15853 15854 8564)
4(8475 8565 15855 15765)
4(8564 15854 15855 8565)
4(8476 8566 15856 15766)
4(8565 15855 15856 8566)
4(8477 8567 15857 15767)
4(8566 15856 15857 8567)
4(8478 8568 15858 15768)
4(8567 15857 15858 8568)
4(8479 8569 15859 15769)
4(8568 15858 15859 8569)
4(8480 8570 15860 15770)
4(8569 15859 15860 8570)
4(8481 8571 15861 15771)
4(8570 15860 15861 8571)
4(8482 8572 15862 15772)
4(8571 15861 15862 8572)
4(8483 8573 15863 15773)
4(8572 15862 15863 8573)
4(8484 8574 15864 15774)
4(8573 15863 15864 8574)
4(8485 8575 15865 15775)
4(8574 15864 15865 8575)
4(8486 8576 15866 15776)
4(8575 15865 15866 8576)
4(8487 8577 15867 15777)
4(8576 15866 15867 8577)
4(8488 8578 15868 15778)
4(8577 15867 15868 8578)
4(8489 8579 15869 15779)
4(8578 15868 15869 8579)
4(8490 8580 15870 15780)
4(8579 15869 15870 8580)
4(8491 8581 15871 15781)
4(8580 15870 15871 8581)
4(8492 8582 15872 15782)
4(8581 15871 15872 8582)
4(8493 8583 15873 15783)
4(8582 15872 15873 8583)
4(8494 8584 15874 15784)
4(8583 15873 15874 8584)
4(8495 8585 15875 15785)
4(8584 15874 15875 8585)
4(8496 8586 15876 15786)
4(8585 15875 15876 8586)
4(8497 8587 15877 15787)
4(8586 15876 15877 8587)
4(8498 8588 15878 15788)
4(8587 15877 15878 8588)
4(8499 8589 15879 15789)
4(8588 15878 15879 8589)
4(8500 8590 15880 15790)
4(8589 15879 15880 8590)
4(8501 8591 15881 15791)
4(8590 15880 15881 8591)
4(8502 8592 15882 15792)
4(8591 15881 15882 8592)
4(8503 8593 15883 15793)
4(8592 15882 15883 8593)
4(8504 8594 15884 15794)
4(8593 15883 15884 8594)
4(8505 8595 15885 15795)
4(8594 15884 15885 8595)
4(8506 8596 15886 15796)
4(8595 15885 15886 8596)
4(8507 8597 15887 15797)
4(8596 15886 15887 8597)
4(8508 8598 15888 15798)
4(8597 15887 15888 8598)
4(8509 8599 15889 15799)
4(8598 15888 15889 8599)
4(8510 8600 15890 15800)
4(8599 15889 15890 8600)
4(8511 8601 15891 15801)
4(8600 15890 15891 8601)
4(8512 8602 15892 15802)
4(8601 15891 15892 8602)
4(8513 8603 15893 15803)
4(8602 15892 15893 8603)
4(8514 8604 15894 15804)
4(8603 15893 15894 8604)
4(8515 8605 15895 15805)
4(8604 15894 15895 8605)
4(8516 8606 15896 15806)
4(8605 15895 15896 8606)
4(8517 8607 15897 15807)
4(8606 15896 15897 8607)
4(8518 8608 15898 15808)
4(8607 15897 15898 8608)
4(8519 8609 15899 15809)
4(8608 15898 15899 8609)
4(8520 8610 15900 15810)
4(8609 15899 15900 8610)
4(8521 8611 15901 15811)
4(8610 15900 15901 8611)
4(8522 8612 15902 15812)
4(8611 15901 15902 8612)
4(8523 8613 15903 15813)
4(8612 15902 15903 8613)
4(8524 8614 15904 15814)
4(8613 15903 15904 8614)
4(8525 8615 15905 15815)
4(8614 15904 15905 8615)
4(8526 8616 15906 15816)
4(8615 15905 15906 8616)
4(8527 8617 15907 15817)
4(8616 15906 15907 8617)
4(8528 8618 15908 15818)
4(8617 15907 15908 8618)
4(8529 8619 15909 15819)
4(8618 15908 15909 8619)
4(8530 8620 15910 15820)
4(8619 15909 15910 8620)
4(8620 15910 15911 8621)
4(8532 8622 15912 15822)
4(1087 2383 15912 8622)
4(8533 8623 15913 15823)
4(8622 15912 15913 8623)
4(8534 8624 15914 15824)
4(8623 15913 15914 8624)
4(8535 8625 15915 15825)
4(8624 15914 15915 8625)
4(8536 8626 15916 15826)
4(8625 15915 15916 8626)
4(8537 8627 15917 15827)
4(8626 15916 15917 8627)
4(8538 8628 15918 15828)
4(8627 15917 15918 8628)
4(8539 8629 15919 15829)
4(8628 15918 15919 8629)
4(8540 8630 15920 15830)
4(8629 15919 15920 8630)
4(8541 8631 15921 15831)
4(8630 15920 15921 8631)
4(8542 8632 15922 15832)
4(8631 15921 15922 8632)
4(8543 8633 15923 15833)
4(8632 15922 15923 8633)
4(8544 8634 15924 15834)
4(8633 15923 15924 8634)
4(8545 8635 15925 15835)
4(8634 15924 15925 8635)
4(8546 8636 15926 15836)
4(8635 15925 15926 8636)
4(8547 8637 15927 15837)
4(8636 15926 15927 8637)
4(8548 8638 15928 15838)
4(8637 15927 15928 8638)
4(8549 8639 15929 15839)
4(8638 15928 15929 8639)
4(8550 8640 15930 15840)
4(8639 15929 15930 8640)
4(8551 8641 15931 15841)
4(8640 15930 15931 8641)
4(8552 8642 15932 15842)
4(8641 15931 15932 8642)
4(8553 8643 15933 15843)
4(8642 15932 15933 8643)
4(8554 8644 15934 15844)
4(8643 15933 15934 8644)
4(8555 8645 15935 15845)
4(8644 15934 15935 8645)
4(8556 8646 15936 15846)
4(8645 15935 15936 8646)
4(8557 8647 15937 15847)
4(8646 15936 15937 8647)
4(8558 8648 15938 15848)
4(8647 15937 15938 8648)
4(8559 8649 15939 15849)
4(8648 15938 15939 8649)
4(8560 8650 15940 15850)
4(8649 15939 15940 8650)
4(8561 8651 15941 15851)
4(8650 15940 15941 8651)
4(8562 8652 15942 15852)
4(8651 15941 15942 8652)
4(8563 8653 15943 15853)
4(8652 15942 15943 8653)
4(8564 8654 15944 15854)
4(8653 15943 15944 8654)
4(8565 8655 15945 15855)
4(8654 15944 15945 8655)
4(8566 8656 15946 15856)
4(8655 15945 15946 8656)
4(8567 8657 15947 15857)
4(8656 15946 15947 8657)
4(8568 8658 15948 15858)
4(8657 15947 15948 8658)
4(8569 8659 15949 15859)
4(8658 15948 15949 8659)
4(8570 8660 15950 15860)
4(8659 15949 15950 8660)
4(8571 8661 15951 15861)
4(8660 15950 15951 8661)
4(8572 8662 15952 15862)
4(8661 15951 15952 8662)
4(8573 8663 15953 15863)
4(8662 15952 15953 8663)
4(8574 8664 15954 15864)
4(8663 15953 15954 8664)
4(8575 8665 15955 15865)
4(8664 15954 15955 8665)
4(8576 8666 15956 15866)
4(8665 15955 15956 8666)
4(8577 8667 15957 15867)
4(8666 15956 15957 8667)
4(8578 8668 15958 15868)
4(8667 15957 15958 8668)
4(8579 8669 15959 15869)
4(8668 15958 15959 8669)
4(8580 8670 15960 15870)
4(8669 15959 15960 8670)
4(8581 8671 15961 15871)
4(8670 15960 15961 8671)
4(8582 8672 15962 15872)
4(8671 15961 15962 8672)
4(8583 8673 15963 15873)
4(8672 15962 15963 8673)
4(8584 8674 15964 15874)
4(8673 15963 15964 8674)
4(8585 8675 15965 15875)
4(8674 15964 15965 8675)
4(8586 8676 15966 15876)
4(8675 15965 15966 8676)
4(8587 8677 15967 15877)
4(8676 15966 15967 8677)
4(8588 8678 15968 15878)
4(8677 15967 15968 8678)
4(8589 8679 15969 15879)
4(8678 15968 15969 8679)
4(8590 8680 15970 15880)
4(8679 15969 15970 8680)
4(8591 8681 15971 15881)
4(8680 15970 15971 8681)
4(8592 8682 15972 15882)
4(8681 15971 15972 8682)
4(8593 8683 15973 15883)
4(8682 15972 15973 8683)
4(8594 8684 15974 15884)
4(8683 15973 15974 8684)
4(8595 8685 15975 15885)
4(8684 15974 15975 8685)
4(8596 8686 15976 15886)
4(8685 15975 15976 8686)
4(8597 8687 15977 15887)
4(8686 15976 15977 8687)
4(8598 8688 15978 15888)
4(8687 15977 15978 8688)
4(8599 8689 15979 15889)
4(8688 15978 15979 8689)
4(8600 8690 15980 15890)
4(8689 15979 15980 8690)
4(8601 8691 15981 15891)
4(8690 15980 15981 8691)
4(8602 8692 15982 15892)
4(8691 15981 15982 8692)
4(8603 8693 15983 15893)
4(8692 15982 15983 8693)
4(8604 8694 15984 15894)
4(8693 15983 15984 8694)
4(8605 8695 15985 15895)
4(8694 15984 15985 8695)
4(8606 8696 15986 15896)
4(8695 15985 15986 8696)
4(8607 8697 15987 15897)
4(8696 15986 15987 8697)
4(8608 8698 15988 15898)
4(8697 15987 15988 8698)
4(8609 8699 15989 15899)
4(8698 15988 15989 8699)
4(8610 8700 15990 15900)
4(8699 15989 15990 8700)
4(8611 8701 15991 15901)
4(8700 15990 15991 8701)
4(8612 8702 15992 15902)
4(8701 15991 15992 8702)
4(8613 8703 15993 15903)
4(8702 15992 15993 8703)
4(8614 8704 15994 15904)
4(8703 15993 15994 8704)
4(8615 8705 15995 15905)
4(8704 15994 15995 8705)
4(8616 8706 15996 15906)
4(8705 15995 15996 8706)
4(8617 8707 15997 15907)
4(8706 15996 15997 8707)
4(8618 8708 15998 15908)
4(8707 15997 15998 8708)
4(8619 8709 15999 15909)
4(8708 15998 15999 8709)
4(8620 8710 16000 15910)
4(8709 15999 16000 8710)
4(8710 16000 16001 8711)
4(8622 8712 16002 15912)
4(1103 2399 16002 8712)
4(8623 8713 16003 15913)
4(8712 16002 16003 8713)
4(8624 8714 16004 15914)
4(8713 16003 16004 8714)
4(8625 8715 16005 15915)
4(8714 16004 16005 8715)
4(8626 8716 16006 15916)
4(8715 16005 16006 8716)
4(8627 8717 16007 15917)
4(8716 16006 16007 8717)
4(8628 8718 16008 15918)
4(8717 16007 16008 8718)
4(8629 8719 16009 15919)
4(8718 16008 16009 8719)
4(8630 8720 16010 15920)
4(8719 16009 16010 8720)
4(8631 8721 16011 15921)
4(8720 16010 16011 8721)
4(8632 8722 16012 15922)
4(8721 16011 16012 8722)
4(8633 8723 16013 15923)
4(8722 16012 16013 8723)
4(8634 8724 16014 15924)
4(8723 16013 16014 8724)
4(8635 8725 16015 15925)
4(8724 16014 16015 8725)
4(8636 8726 16016 15926)
4(8725 16015 16016 8726)
4(8637 8727 16017 15927)
4(8726 16016 16017 8727)
4(8638 8728 16018 15928)
4(8727 16017 16018 8728)
4(8639 8729 16019 15929)
4(8728 16018 16019 8729)
4(8640 8730 16020 15930)
4(8729 16019 16020 8730)
4(8641 8731 16021 15931)
4(8730 16020 16021 8731)
4(8642 8732 16022 15932)
4(8731 16021 16022 8732)
4(8643 8733 16023 15933)
4(8732 16022 16023 8733)
4(8644 8734 16024 15934)
4(8733 16023 16024 8734)
4(8645 8735 16025 15935)
4(8734 16024 16025 8735)
4(8646 8736 16026 15936)
4(8735 16025 16026 8736)
4(8647 8737 16027 15937)
4(8736 16026 16027 8737)
4(8648 8738 16028 15938)
4(8737 16027 16028 8738)
4(8649 8739 16029 15939)
4(8738 16028 16029 8739)
4(8650 8740 16030 15940)
4(8739 16029 16030 8740)
4(8651 8741 16031 15941)
4(8740 16030 16031 8741)
4(8652 8742 16032 15942)
4(8741 16031 16032 8742)
4(8653 8743 16033 15943)
4(8742 16032 16033 8743)
4(8654 8744 16034 15944)
4(8743 16033 16034 8744)
4(8655 8745 16035 15945)
4(8744 16034 16035 8745)
4(8656 8746 16036 15946)
4(8745 16035 16036 8746)
4(8657 8747 16037 15947)
4(8746 16036 16037 8747)
4(8658 8748 16038 15948)
4(8747 16037 16038 8748)
4(8659 8749 16039 15949)
4(8748 16038 16039 8749)
4(8660 8750 16040 15950)
4(8749 16039 16040 8750)
4(8661 8751 16041 15951)
4(8750 16040 16041 8751)
4(8662 8752 16042 15952)
4(8751 16041 16042 8752)
4(8663 8753 16043 15953)
4(8752 16042 16043 8753)
4(8664 8754 16044 15954)
4(8753 16043 16044 8754)
4(8665 8755 16045 15955)
4(8754 16044 16045 8755)
4(8666 8756 16046 15956)
4(8755 16045 16046 8756)
4(8667 8757 16047 15957)
4(8756 16046 16047 8757)
4(8668 8758 16048 15958)
4(8757 16047 16048 8758)
4(8669 8759 16049 15959)
4(8758 16048 16049 8759)
4(8670 8760 16050 15960)
4(8759 16049 16050 8760)
4(8671 8761 16051 15961)
4(8760 16050 16051 8761)
4(8672 8762 16052 15962)
4(8761 16051 16052 8762)
4(8673 8763 16053 15963)
4(8762 16052 16053 8763)
4(8674 8764 16054 15964)
4(8763 16053 16054 8764)
4(8675 8765 16055 15965)
4(8764 16054 16055 8765)
4(8676 8766 16056 15966)
4(8765 16055 16056 8766)
4(8677 8767 16057 15967)
4(8766 16056 16057 8767)
4(8678 8768 16058 15968)
4(8767 16057 16058 8768)
4(8679 8769 16059 15969)
4(8768 16058 16059 8769)
4(8680 8770 16060 15970)
4(8769 16059 16060 8770)
4(8681 8771 16061 15971)
4(8770 16060 16061 8771)
4(8682 8772 16062 15972)
4(8771 16061 16062 8772)
4(8683 8773 16063 15973)
4(8772 16062 16063 8773)
4(8684 8774 16064 15974)
4(8773 16063 16064 8774)
4(8685 8775 16065 15975)
4(8774 16064 16065 8775)
4(8686 8776 16066 15976)
4(8775 16065 16066 8776)
4(8687 8777 16067 15977)
4(8776 16066 16067 8777)
4(8688 8778 16068 15978)
4(8777 16067 16068 8778)
4(8689 8779 16069 15979)
4(8778 16068 16069 8779)
4(8690 8780 16070 15980)
4(8779 16069 16070 8780)
4(8691 8781 16071 15981)
4(8780 16070 16071 8781)
4(8692 8782 16072 15982)
4(8781 16071 16072 8782)
4(8693 8783 16073 15983)
4(8782 16072 16073 8783)
4(8694 8784 16074 15984)
4(8783 16073 16074 8784)
4(8695 8785 16075 15985)
4(8784 16074 16075 8785)
4(8696 8786 16076 15986)
4(8785 16075 16076 8786)
4(8697 8787 16077 15987)
4(8786 16076 16077 8787)
4(8698 8788 16078 15988)
4(8787 16077 16078 8788)
4(8699 8789 16079 15989)
4(8788 16078 16079 8789)
4(8700 8790 16080 15990)
4(8789 16079 16080 8790)
4(8701 8791 16081 15991)
4(8790 16080 16081 8791)
4(8702 8792 16082 15992)
4(8791 16081 16082 8792)
4(8703 8793 16083 15993)
4(8792 16082 16083 8793)
4(8704 8794 16084 15994)
4(8793 16083 16084 8794)
4(8705 8795 16085 15995)
4(8794 16084 16085 8795)
4(8706 8796 16086 15996)
4(8795 16085 16086 8796)
4(8707 8797 16087 15997)
4(8796 16086 16087 8797)
4(8708 8798 16088 15998)
4(8797 16087 16088 8798)
4(8709 8799 16089 15999)
4(8798 16088 16089 8799)
4(8710 8800 16090 16000)
4(8799 16089 16090 8800)
4(8800 16090 16091 8801)
4(8712 8802 16092 16002)
4(1119 2415 16092 8802)
4(8713 8803 16093 16003)
4(8802 16092 16093 8803)
4(8714 8804 16094 16004)
4(8803 16093 16094 8804)
4(8715 8805 16095 16005)
4(8804 16094 16095 8805)
4(8716 8806 16096 16006)
4(8805 16095 16096 8806)
4(8717 8807 16097 16007)
4(8806 16096 16097 8807)
4(8718 8808 16098 16008)
4(8807 16097 16098 8808)
4(8719 8809 16099 16009)
4(8808 16098 16099 8809)
4(8720 8810 16100 16010)
4(8809 16099 16100 8810)
4(8721 8811 16101 16011)
4(8810 16100 16101 8811)
4(8722 8812 16102 16012)
4(8811 16101 16102 8812)
4(8723 8813 16103 16013)
4(8812 16102 16103 8813)
4(8724 8814 16104 16014)
4(8813 16103 16104 8814)
4(8725 8815 16105 16015)
4(8814 16104 16105 8815)
4(8726 8816 16106 16016)
4(8815 16105 16106 8816)
4(8727 8817 16107 16017)
4(8816 16106 16107 8817)
4(8728 8818 16108 16018)
4(8817 16107 16108 8818)
4(8729 8819 16109 16019)
4(8818 16108 16109 8819)
4(8730 8820 16110 16020)
4(8819 16109 16110 8820)
4(8731 8821 16111 16021)
4(8820 16110 16111 8821)
4(8732 8822 16112 16022)
4(8821 16111 16112 8822)
4(8733 8823 16113 16023)
4(8822 16112 16113 8823)
4(8734 8824 16114 16024)
4(8823 16113 16114 8824)
4(8735 8825 16115 16025)
4(8824 16114 16115 8825)
4(8736 8826 16116 16026)
4(8825 16115 16116 8826)
4(8737 8827 16117 16027)
4(8826 16116 16117 8827)
4(8738 8828 16118 16028)
4(8827 16117 16118 8828)
4(8739 8829 16119 16029)
4(8828 16118 16119 8829)
4(8740 8830 16120 16030)
4(8829 16119 16120 8830)
4(8741 8831 16121 16031)
4(8830 16120 16121 8831)
4(8742 8832 16122 16032)
4(8831 16121 16122 8832)
4(8743 8833 16123 16033)
4(8832 16122 16123 8833)
4(8744 8834 16124 16034)
4(8833 16123 16124 8834)
4(8745 8835 16125 16035)
4(8834 16124 16125 8835)
4(8746 8836 16126 16036)
4(8835 16125 16126 8836)
4(8747 8837 16127 16037)
4(8836 16126 16127 8837)
4(8748 8838 16128 16038)
4(8837 16127 16128 8838)
4(8749 8839 16129 16039)
4(8838 16128 16129 8839)
4(8750 8840 16130 16040)
4(8839 16129 16130 8840)
4(8751 8841 16131 16041)
4(8840 16130 16131 8841)
4(8752 8842 16132 16042)
4(8841 16131 16132 8842)
4(8753 8843 16133 16043)
4(8842 16132 16133 8843)
4(8754 8844 16134 16044)
4(8843 16133 16134 8844)
4(8755 8845 16135 16045)
4(8844 16134 16135 8845)
4(8756 8846 16136 16046)
4(8845 16135 16136 8846)
4(8757 8847 16137 16047)
4(8846 16136 16137 8847)
4(8758 8848 16138 16048)
4(8847 16137 16138 8848)
4(8759 8849 16139 16049)
4(8848 16138 16139 8849)
4(8760 8850 16140 16050)
4(8849 16139 16140 8850)
4(8761 8851 16141 16051)
4(8850 16140 16141 8851)
4(8762 8852 16142 16052)
4(8851 16141 16142 8852)
4(8763 8853 16143 16053)
4(8852 16142 16143 8853)
4(8764 8854 16144 16054)
4(8853 16143 16144 8854)
4(8765 8855 16145 16055)
4(8854 16144 16145 8855)
4(8766 8856 16146 16056)
4(8855 16145 16146 8856)
4(8767 8857 16147 16057)
4(8856 16146 16147 8857)
4(8768 8858 16148 16058)
4(8857 16147 16148 8858)
4(8769 8859 16149 16059)
4(8858 16148 16149 8859)
4(8770 8860 16150 16060)
4(8859 16149 16150 8860)
4(8771 8861 16151 16061)
4(8860 16150 16151 8861)
4(8772 8862 16152 16062)
4(8861 16151 16152 8862)
4(8773 8863 16153 16063)
4(8862 16152 16153 8863)
4(8774 8864 16154 16064)
4(8863 16153 16154 8864)
4(8775 8865 16155 16065)
4(8864 16154 16155 8865)
4(8776 8866 16156 16066)
4(8865 16155 16156 8866)
4(8777 8867 16157 16067)
4(8866 16156 16157 8867)
4(8778 8868 16158 16068)
4(8867 16157 16158 8868)
4(8779 8869 16159 16069)
4(8868 16158 16159 8869)
4(8780 8870 16160 16070)
4(8869 16159 16160 8870)
4(8781 8871 16161 16071)
4(8870 16160 16161 8871)
4(8782 8872 16162 16072)
4(8871 16161 16162 8872)
4(8783 8873 16163 16073)
4(8872 16162 16163 8873)
4(8784 8874 16164 16074)
4(8873 16163 16164 8874)
4(8785 8875 16165 16075)
4(8874 16164 16165 8875)
4(8786 8876 16166 16076)
4(8875 16165 16166 8876)
4(8787 8877 16167 16077)
4(8876 16166 16167 8877)
4(8788 8878 16168 16078)
4(8877 16167 16168 8878)
4(8789 8879 16169 16079)
4(8878 16168 16169 8879)
4(8790 8880 16170 16080)
4(8879 16169 16170 8880)
4(8791 8881 16171 16081)
4(8880 16170 16171 8881)
4(8792 8882 16172 16082)
4(8881 16171 16172 8882)
4(8793 8883 16173 16083)
4(8882 16172 16173 8883)
4(8794 8884 16174 16084)
4(8883 16173 16174 8884)
4(8795 8885 16175 16085)
4(8884 16174 16175 8885)
4(8796 8886 16176 16086)
4(8885 16175 16176 8886)
4(8797 8887 16177 16087)
4(8886 16176 16177 8887)
4(8798 8888 16178 16088)
4(8887 16177 16178 8888)
4(8799 8889 16179 16089)
4(8888 16178 16179 8889)
4(8800 8890 16180 16090)
4(8889 16179 16180 8890)
4(8890 16180 16181 8891)
4(8802 8892 16182 16092)
4(1135 2431 16182 8892)
4(8803 8893 16183 16093)
4(8892 16182 16183 8893)
4(8804 8894 16184 16094)
4(8893 16183 16184 8894)
4(8805 8895 16185 16095)
4(8894 16184 16185 8895)
4(8806 8896 16186 16096)
4(8895 16185 16186 8896)
4(8807 8897 16187 16097)
4(8896 16186 16187 8897)
4(8808 8898 16188 16098)
4(8897 16187 16188 8898)
4(8809 8899 16189 16099)
4(8898 16188 16189 8899)
4(8810 8900 16190 16100)
4(8899 16189 16190 8900)
4(8811 8901 16191 16101)
4(8900 16190 16191 8901)
4(8812 8902 16192 16102)
4(8901 16191 16192 8902)
4(8813 8903 16193 16103)
4(8902 16192 16193 8903)
4(8814 8904 16194 16104)
4(8903 16193 16194 8904)
4(8815 8905 16195 16105)
4(8904 16194 16195 8905)
4(8816 8906 16196 16106)
4(8905 16195 16196 8906)
4(8817 8907 16197 16107)
4(8906 16196 16197 8907)
4(8818 8908 16198 16108)
4(8907 16197 16198 8908)
4(8819 8909 16199 16109)
4(8908 16198 16199 8909)
4(8820 8910 16200 16110)
4(8909 16199 16200 8910)
4(8821 8911 16201 16111)
4(8910 16200 16201 8911)
4(8822 8912 16202 16112)
4(8911 16201 16202 8912)
4(8823 8913 16203 16113)
4(8912 16202 16203 8913)
4(8824 8914 16204 16114)
4(8913 16203 16204 8914)
4(8825 8915 16205 16115)
4(8914 16204 16205 8915)
4(8826 8916 16206 16116)
4(8915 16205 16206 8916)
4(8827 8917 16207 16117)
4(8916 16206 16207 8917)
4(8828 8918 16208 16118)
4(8917 16207 16208 8918)
4(8829 8919 16209 16119)
4(8918 16208 16209 8919)
4(8830 8920 16210 16120)
4(8919 16209 16210 8920)
4(8831 8921 16211 16121)
4(8920 16210 16211 8921)
4(8832 8922 16212 16122)
4(8921 16211 16212 8922)
4(8833 8923 16213 16123)
4(8922 16212 16213 8923)
4(8834 8924 16214 16124)
4(8923 16213 16214 8924)
4(8835 8925 16215 16125)
4(8924 16214 16215 8925)
4(8836 8926 16216 16126)
4(8925 16215 16216 8926)
4(8837 8927 16217 16127)
4(8926 16216 16217 8927)
4(8838 8928 16218 16128)
4(8927 16217 16218 8928)
4(8839 8929 16219 16129)
4(8928 16218 16219 8929)
4(8840 8930 16220 16130)
4(8929 16219 16220 8930)
4(8841 8931 16221 16131)
4(8930 16220 16221 8931)
4(8842 8932 16222 16132)
4(8931 16221 16222 8932)
4(8843 8933 16223 16133)
4(8932 16222 16223 8933)
4(8844 8934 16224 16134)
4(8933 16223 16224 8934)
4(8845 8935 16225 16135)
4(8934 16224 16225 8935)
4(8846 8936 16226 16136)
4(8935 16225 16226 8936)
4(8847 8937 16227 16137)
4(8936 16226 16227 8937)
4(8848 8938 16228 16138)
4(8937 16227 16228 8938)
4(8849 8939 16229 16139)
4(8938 16228 16229 8939)
4(8850 8940 16230 16140)
4(8939 16229 16230 8940)
4(8851 8941 16231 16141)
4(8940 16230 16231 8941)
4(8852 8942 16232 16142)
4(8941 16231 16232 8942)
4(8853 8943 16233 16143)
4(8942 16232 16233 8943)
4(8854 8944 16234 16144)
4(8943 16233 16234 8944)
4(8855 8945 16235 16145)
4(8944 16234 16235 8945)
4(8856 8946 16236 16146)
4(8945 16235 16236 8946)
4(8857 8947 16237 16147)
4(8946 16236 16237 8947)
4(8858 8948 16238 16148)
4(8947 16237 16238 8948)
4(8859 8949 16239 16149)
4(8948 16238 16239 8949)
4(8860 8950 16240 16150)
4(8949 16239 16240 8950)
4(8861 8951 16241 16151)
4(8950 16240 16241 8951)
4(8862 8952 16242 16152)
4(8951 16241 16242 8952)
4(8863 8953 16243 16153)
4(8952 16242 16243 8953)
4(8864 8954 16244 16154)
4(8953 16243 16244 8954)
4(8865 8955 16245 16155)
4(8954 16244 16245 8955)
4(8866 8956 16246 16156)
4(8955 16245 16246 8956)
4(8867 8957 16247 16157)
4(8956 16246 16247 8957)
4(8868 8958 16248 16158)
4(8957 16247 16248 8958)
4(8869 8959 16249 16159)
4(8958 16248 16249 8959)
4(8870 8960 16250 16160)
4(8959 16249 16250 8960)
4(8871 8961 16251 16161)
4(8960 16250 16251 8961)
4(8872 8962 16252 16162)
4(8961 16251 16252 8962)
4(8873 8963 16253 16163)
4(8962 16252 16253 8963)
4(8874 8964 16254 16164)
4(8963 16253 16254 8964)
4(8875 8965 16255 16165)
4(8964 16254 16255 8965)
4(8876 8966 16256 16166)
4(8965 16255 16256 8966)
4(8877 8967 16257 16167)
4(8966 16256 16257 8967)
4(8878 8968 16258 16168)
4(8967 16257 16258 8968)
4(8879 8969 16259 16169)
4(8968 16258 16259 8969)
4(8880 8970 16260 16170)
4(8969 16259 16260 8970)
4(8881 8971 16261 16171)
4(8970 16260 16261 8971)
4(8882 8972 16262 16172)
4(8971 16261 16262 8972)
4(8883 8973 16263 16173)
4(8972 16262 16263 8973)
4(8884 8974 16264 16174)
4(8973 16263 16264 8974)
4(8885 8975 16265 16175)
4(8974 16264 16265 8975)
4(8886 8976 16266 16176)
4(8975 16265 16266 8976)
4(8887 8977 16267 16177)
4(8976 16266 16267 8977)
4(8888 8978 16268 16178)
4(8977 16267 16268 8978)
4(8889 8979 16269 16179)
4(8978 16268 16269 8979)
4(8890 8980 16270 16180)
4(8979 16269 16270 8980)
4(8980 16270 16271 8981)
4(8892 8982 16272 16182)
4(1151 2447 16272 8982)
4(8893 8983 16273 16183)
4(8982 16272 16273 8983)
4(8894 8984 16274 16184)
4(8983 16273 16274 8984)
4(8895 8985 16275 16185)
4(8984 16274 16275 8985)
4(8896 8986 16276 16186)
4(8985 16275 16276 8986)
4(8897 8987 16277 16187)
4(8986 16276 16277 8987)
4(8898 8988 16278 16188)
4(8987 16277 16278 8988)
4(8899 8989 16279 16189)
4(8988 16278 16279 8989)
4(8900 8990 16280 16190)
4(8989 16279 16280 8990)
4(8901 8991 16281 16191)
4(8990 16280 16281 8991)
4(8902 8992 16282 16192)
4(8991 16281 16282 8992)
4(8903 8993 16283 16193)
4(8992 16282 16283 8993)
4(8904 8994 16284 16194)
4(8993 16283 16284 8994)
4(8905 8995 16285 16195)
4(8994 16284 16285 8995)
4(8906 8996 16286 16196)
4(8995 16285 16286 8996)
4(8907 8997 16287 16197)
4(8996 16286 16287 8997)
4(8908 8998 16288 16198)
4(8997 16287 16288 8998)
4(8909 8999 16289 16199)
4(8998 16288 16289 8999)
4(8910 9000 16290 16200)
4(8999 16289 16290 9000)
4(8911 9001 16291 16201)
4(9000 16290 16291 9001)
4(8912 9002 16292 16202)
4(9001 16291 16292 9002)
4(8913 9003 16293 16203)
4(9002 16292 16293 9003)
4(8914 9004 16294 16204)
4(9003 16293 16294 9004)
4(8915 9005 16295 16205)
4(9004 16294 16295 9005)
4(8916 9006 16296 16206)
4(9005 16295 16296 9006)
4(8917 9007 16297 16207)
4(9006 16296 16297 9007)
4(8918 9008 16298 16208)
4(9007 16297 16298 9008)
4(8919 9009 16299 16209)
4(9008 16298 16299 9009)
4(8920 9010 16300 16210)
4(9009 16299 16300 9010)
4(8921 9011 16301 16211)
4(9010 16300 16301 9011)
4(8922 9012 16302 16212)
4(9011 16301 16302 9012)
4(8923 9013 16303 16213)
4(9012 16302 16303 9013)
4(8924 9014 16304 16214)
4(9013 16303 16304 9014)
4(8925 9015 16305 16215)
4(9014 16304 16305 9015)
4(8926 9016 16306 16216)
4(9015 16305 16306 9016)
4(8927 9017 16307 16217)
4(9016 16306 16307 9017)
4(8928 9018 16308 16218)
4(9017 16307 16308 9018)
4(8929 9019 16309 16219)
4(9018 16308 16309 9019)
4(8930 9020 16310 16220)
4(9019 16309 16310 9020)
4(8931 9021 16311 16221)
4(9020 16310 16311 9021)
4(8932 9022 16312 16222)
4(9021 16311 16312 9022)
4(8933 9023 16313 16223)
4(9022 16312 16313 9023)
4(8934 9024 16314 16224)
4(9023 16313 16314 9024)
4(8935 9025 16315 16225)
4(9024 16314 16315 9025)
4(8936 9026 16316 16226)
4(9025 16315 16316 9026)
4(8937 9027 16317 16227)
4(9026 16316 16317 9027)
4(8938 9028 16318 16228)
4(9027 16317 16318 9028)
4(8939 9029 16319 16229)
4(9028 16318 16319 9029)
4(8940 9030 16320 16230)
4(9029 16319 16320 9030)
4(8941 9031 16321 16231)
4(9030 16320 16321 9031)
4(8942 9032 16322 16232)
4(9031 16321 16322 9032)
4(8943 9033 16323 16233)
4(9032 16322 16323 9033)
4(8944 9034 16324 16234)
4(9033 16323 16324 9034)
4(8945 9035 16325 16235)
4(9034 16324 16325 9035)
4(8946 9036 16326 16236)
4(9035 16325 16326 9036)
4(8947 9037 16327 16237)
4(9036 16326 16327 9037)
4(8948 9038 16328 16238)
4(9037 16327 16328 9038)
4(8949 9039 16329 16239)
4(9038 16328 16329 9039)
4(8950 9040 16330 16240)
4(9039 16329 16330 9040)
4(8951 9041 16331 16241)
4(9040 16330 16331 9041)
4(8952 9042 16332 16242)
4(9041 16331 16332 9042)
4(8953 9043 16333 16243)
4(9042 16332 16333 9043)
4(8954 9044 16334 16244)
4(9043 16333 16334 9044)
4(8955 9045 16335 16245)
4(9044 16334 16335 9045)
4(8956 9046 16336 16246)
4(9045 16335 16336 9046)
4(8957 9047 16337 16247)
4(9046 16336 16337 9047)
4(8958 9048 16338 16248)
4(9047 16337 16338 9048)
4(8959 9049 16339 16249)
4(9048 16338 16339 9049)
4(8960 9050 16340 16250)
4(9049 16339 16340 9050)
4(8961 9051 16341 16251)
4(9050 16340 16341 9051)
4(8962 9052 16342 16252)
4(9051 16341 16342 9052)
4(8963 9053 16343 16253)
4(9052 16342 16343 9053)
4(8964 9054 16344 16254)
4(9053 16343 16344 9054)
4(8965 9055 16345 16255)
4(9054 16344 16345 9055)
4(8966 9056 16346 16256)
4(9055 16345 16346 9056)
4(8967 9057 16347 16257)
4(9056 16346 16347 9057)
4(8968 9058 16348 16258)
4(9057 16347 16348 9058)
4(8969 9059 16349 16259)
4(9058 16348 16349 9059)
4(8970 9060 16350 16260)
4(9059 16349 16350 9060)
4(8971 9061 16351 16261)
4(9060 16350 16351 9061)
4(8972 9062 16352 16262)
4(9061 16351 16352 9062)
4(8973 9063 16353 16263)
4(9062 16352 16353 9063)
4(8974 9064 16354 16264)
4(9063 16353 16354 9064)
4(8975 9065 16355 16265)
4(9064 16354 16355 9065)
4(8976 9066 16356 16266)
4(9065 16355 16356 9066)
4(8977 9067 16357 16267)
4(9066 16356 16357 9067)
4(8978 9068 16358 16268)
4(9067 16357 16358 9068)
4(8979 9069 16359 16269)
4(9068 16358 16359 9069)
4(8980 9070 16360 16270)
4(9069 16359 16360 9070)
4(9070 16360 16361 9071)
4(8982 9072 16362 16272)
4(1167 2463 16362 9072)
4(8983 9073 16363 16273)
4(9072 16362 16363 9073)
4(8984 9074 16364 16274)
4(9073 16363 16364 9074)
4(8985 9075 16365 16275)
4(9074 16364 16365 9075)
4(8986 9076 16366 16276)
4(9075 16365 16366 9076)
4(8987 9077 16367 16277)
4(9076 16366 16367 9077)
4(8988 9078 16368 16278)
4(9077 16367 16368 9078)
4(8989 9079 16369 16279)
4(9078 16368 16369 9079)
4(8990 9080 16370 16280)
4(9079 16369 16370 9080)
4(8991 9081 16371 16281)
4(9080 16370 16371 9081)
4(8992 9082 16372 16282)
4(9081 16371 16372 9082)
4(8993 9083 16373 16283)
4(9082 16372 16373 9083)
4(8994 9084 16374 16284)
4(9083 16373 16374 9084)
4(8995 9085 16375 16285)
4(9084 16374 16375 9085)
4(8996 9086 16376 16286)
4(9085 16375 16376 9086)
4(8997 9087 16377 16287)
4(9086 16376 16377 9087)
4(8998 9088 16378 16288)
4(9087 16377 16378 9088)
4(8999 9089 16379 16289)
4(9088 16378 16379 9089)
4(9000 9090 16380 16290)
4(9089 16379 16380 9090)
4(9001 9091 16381 16291)
4(9090 16380 16381 9091)
4(9002 9092 16382 16292)
4(9091 16381 16382 9092)
4(9003 9093 16383 16293)
4(9092 16382 16383 9093)
4(9004 9094 16384 16294)
4(9093 16383 16384 9094)
4(9005 9095 16385 16295)
4(9094 16384 16385 9095)
4(9006 9096 16386 16296)
4(9095 16385 16386 9096)
4(9007 9097 16387 16297)
4(9096 16386 16387 9097)
4(9008 9098 16388 16298)
4(9097 16387 16388 9098)
4(9009 9099 16389 16299)
4(9098 16388 16389 9099)
4(9010 9100 16390 16300)
4(9099 16389 16390 9100)
4(9011 9101 16391 16301)
4(9100 16390 16391 9101)
4(9012 9102 16392 16302)
4(9101 16391 16392 9102)
4(9013 9103 16393 16303)
4(9102 16392 16393 9103)
4(9014 9104 16394 16304)
4(9103 16393 16394 9104)
4(9015 9105 16395 16305)
4(9104 16394 16395 9105)
4(9016 9106 16396 16306)
4(9105 16395 16396 9106)
4(9017 9107 16397 16307)
4(9106 16396 16397 9107)
4(9018 9108 16398 16308)
4(9107 16397 16398 9108)
4(9019 9109 16399 16309)
4(9108 16398 16399 9109)
4(9020 9110 16400 16310)
4(9109 16399 16400 9110)
4(9021 9111 16401 16311)
4(9110 16400 16401 9111)
4(9022 9112 16402 16312)
4(9111 16401 16402 9112)
4(9023 9113 16403 16313)
4(9112 16402 16403 9113)
4(9024 9114 16404 16314)
4(9113 16403 16404 9114)
4(9025 9115 16405 16315)
4(9114 16404 16405 9115)
4(9026 9116 16406 16316)
4(9115 16405 16406 9116)
4(9027 9117 16407 16317)
4(9116 16406 16407 9117)
4(9028 9118 16408 16318)
4(9117 16407 16408 9118)
4(9029 9119 16409 16319)
4(9118 16408 16409 9119)
4(9030 9120 16410 16320)
4(9119 16409 16410 9120)
4(9031 9121 16411 16321)
4(9120 16410 16411 9121)
4(9032 9122 16412 16322)
4(9121 16411 16412 9122)
4(9033 9123 16413 16323)
4(9122 16412 16413 9123)
4(9034 9124 16414 16324)
4(9123 16413 16414 9124)
4(9035 9125 16415 16325)
4(9124 16414 16415 9125)
4(9036 9126 16416 16326)
4(9125 16415 16416 9126)
4(9037 9127 16417 16327)
4(9126 16416 16417 9127)
4(9038 9128 16418 16328)
4(9127 16417 16418 9128)
4(9039 9129 16419 16329)
4(9128 16418 16419 9129)
4(9040 9130 16420 16330)
4(9129 16419 16420 9130)
4(9041 9131 16421 16331)
4(9130 16420 16421 9131)
4(9042 9132 16422 16332)
4(9131 16421 16422 9132)
4(9043 9133 16423 16333)
4(9132 16422 16423 9133)
4(9044 9134 16424 16334)
4(9133 16423 16424 9134)
4(9045 9135 16425 16335)
4(9134 16424 16425 9135)
4(9046 9136 16426 16336)
4(9135 16425 16426 9136)
4(9047 9137 16427 16337)
4(9136 16426 16427 9137)
4(9048 9138 16428 16338)
4(9137 16427 16428 9138)
4(9049 9139 16429 16339)
4(9138 16428 16429 9139)
4(9050 9140 16430 16340)
4(9139 16429 16430 9140)
4(9051 9141 16431 16341)
4(9140 16430 16431 9141)
4(9052 9142 16432 16342)
4(9141 16431 16432 9142)
4(9053 9143 16433 16343)
4(9142 16432 16433 9143)
4(9054 9144 16434 16344)
4(9143 16433 16434 9144)
4(9055 9145 16435 16345)
4(9144 16434 16435 9145)
4(9056 9146 16436 16346)
4(9145 16435 16436 9146)
4(9057 9147 16437 16347)
4(9146 16436 16437 9147)
4(9058 9148 16438 16348)
4(9147 16437 16438 9148)
4(9059 9149 16439 16349)
4(9148 16438 16439 9149)
4(9060 9150 16440 16350)
4(9149 16439 16440 9150)
4(9061 9151 16441 16351)
4(9150 16440 16441 9151)
4(9062 9152 16442 16352)
4(9151 16441 16442 9152)
4(9063 9153 16443 16353)
4(9152 16442 16443 9153)
4(9064 9154 16444 16354)
4(9153 16443 16444 9154)
4(9065 9155 16445 16355)
4(9154 16444 16445 9155)
4(9066 9156 16446 16356)
4(9155 16445 16446 9156)
4(9067 9157 16447 16357)
4(9156 16446 16447 9157)
4(9068 9158 16448 16358)
4(9157 16447 16448 9158)
4(9069 9159 16449 16359)
4(9158 16448 16449 9159)
4(9070 9160 16450 16360)
4(9159 16449 16450 9160)
4(9160 16450 16451 9161)
4(9072 9162 16452 16362)
4(1183 2479 16452 9162)
4(9073 9163 16453 16363)
4(9162 16452 16453 9163)
4(9074 9164 16454 16364)
4(9163 16453 16454 9164)
4(9075 9165 16455 16365)
4(9164 16454 16455 9165)
4(9076 9166 16456 16366)
4(9165 16455 16456 9166)
4(9077 9167 16457 16367)
4(9166 16456 16457 9167)
4(9078 9168 16458 16368)
4(9167 16457 16458 9168)
4(9079 9169 16459 16369)
4(9168 16458 16459 9169)
4(9080 9170 16460 16370)
4(9169 16459 16460 9170)
4(9081 9171 16461 16371)
4(9170 16460 16461 9171)
4(9082 9172 16462 16372)
4(9171 16461 16462 9172)
4(9083 9173 16463 16373)
4(9172 16462 16463 9173)
4(9084 9174 16464 16374)
4(9173 16463 16464 9174)
4(9085 9175 16465 16375)
4(9174 16464 16465 9175)
4(9086 9176 16466 16376)
4(9175 16465 16466 9176)
4(9087 9177 16467 16377)
4(9176 16466 16467 9177)
4(9088 9178 16468 16378)
4(9177 16467 16468 9178)
4(9089 9179 16469 16379)
4(9178 16468 16469 9179)
4(9090 9180 16470 16380)
4(9179 16469 16470 9180)
4(9091 9181 16471 16381)
4(9180 16470 16471 9181)
4(9092 9182 16472 16382)
4(9181 16471 16472 9182)
4(9093 9183 16473 16383)
4(9182 16472 16473 9183)
4(9094 9184 16474 16384)
4(9183 16473 16474 9184)
4(9095 9185 16475 16385)
4(9184 16474 16475 9185)
4(9096 9186 16476 16386)
4(9185 16475 16476 9186)
4(9097 9187 16477 16387)
4(9186 16476 16477 9187)
4(9098 9188 16478 16388)
4(9187 16477 16478 9188)
4(9099 9189 16479 16389)
4(9188 16478 16479 9189)
4(9100 9190 16480 16390)
4(9189 16479 16480 9190)
4(9101 9191 16481 16391)
4(9190 16480 16481 9191)
4(9102 9192 16482 16392)
4(9191 16481 16482 9192)
4(9103 9193 16483 16393)
4(9192 16482 16483 9193)
4(9104 9194 16484 16394)
4(9193 16483 16484 9194)
4(9105 9195 16485 16395)
4(9194 16484 16485 9195)
4(9106 9196 16486 16396)
4(9195 16485 16486 9196)
4(9107 9197 16487 16397)
4(9196 16486 16487 9197)
4(9108 9198 16488 16398)
4(9197 16487 16488 9198)
4(9109 9199 16489 16399)
4(9198 16488 16489 9199)
4(9110 9200 16490 16400)
4(9199 16489 16490 9200)
4(9111 9201 16491 16401)
4(9200 16490 16491 9201)
4(9112 9202 16492 16402)
4(9201 16491 16492 9202)
4(9113 9203 16493 16403)
4(9202 16492 16493 9203)
4(9114 9204 16494 16404)
4(9203 16493 16494 9204)
4(9115 9205 16495 16405)
4(9204 16494 16495 9205)
4(9116 9206 16496 16406)
4(9205 16495 16496 9206)
4(9117 9207 16497 16407)
4(9206 16496 16497 9207)
4(9118 9208 16498 16408)
4(9207 16497 16498 9208)
4(9119 9209 16499 16409)
4(9208 16498 16499 9209)
4(9120 9210 16500 16410)
4(9209 16499 16500 9210)
4(9121 9211 16501 16411)
4(9210 16500 16501 9211)
4(9122 9212 16502 16412)
4(9211 16501 16502 9212)
4(9123 9213 16503 16413)
4(9212 16502 16503 9213)
4(9124 9214 16504 16414)
4(9213 16503 16504 9214)
4(9125 9215 16505 16415)
4(9214 16504 16505 9215)
4(9126 9216 16506 16416)
4(9215 16505 16506 9216)
4(9127 9217 16507 16417)
4(9216 16506 16507 9217)
4(9128 9218 16508 16418)
4(9217 16507 16508 9218)
4(9129 9219 16509 16419)
4(9218 16508 16509 9219)
4(9130 9220 16510 16420)
4(9219 16509 16510 9220)
4(9131 9221 16511 16421)
4(9220 16510 16511 9221)
4(9132 9222 16512 16422)
4(9221 16511 16512 9222)
4(9133 9223 16513 16423)
4(9222 16512 16513 9223)
4(9134 9224 16514 16424)
4(9223 16513 16514 9224)
4(9135 9225 16515 16425)
4(9224 16514 16515 9225)
4(9136 9226 16516 16426)
4(9225 16515 16516 9226)
4(9137 9227 16517 16427)
4(9226 16516 16517 9227)
4(9138 9228 16518 16428)
4(9227 16517 16518 9228)
4(9139 9229 16519 16429)
4(9228 16518 16519 9229)
4(9140 9230 16520 16430)
4(9229 16519 16520 9230)
4(9141 9231 16521 16431)
4(9230 16520 16521 9231)
4(9142 9232 16522 16432)
4(9231 16521 16522 9232)
4(9143 9233 16523 16433)
4(9232 16522 16523 9233)
4(9144 9234 16524 16434)
4(9233 16523 16524 9234)
4(9145 9235 16525 16435)
4(9234 16524 16525 9235)
4(9146 9236 16526 16436)
4(9235 16525 16526 9236)
4(9147 9237 16527 16437)
4(9236 16526 16527 9237)
4(9148 9238 16528 16438)
4(9237 16527 16528 9238)
4(9149 9239 16529 16439)
4(9238 16528 16529 9239)
4(9150 9240 16530 16440)
4(9239 16529 16530 9240)
4(9151 9241 16531 16441)
4(9240 16530 16531 9241)
4(9152 9242 16532 16442)
4(9241 16531 16532 9242)
4(9153 9243 16533 16443)
4(9242 16532 16533 9243)
4(9154 9244 16534 16444)
4(9243 16533 16534 9244)
4(9155 9245 16535 16445)
4(9244 16534 16535 9245)
4(9156 9246 16536 16446)
4(9245 16535 16536 9246)
4(9157 9247 16537 16447)
4(9246 16536 16537 9247)
4(9158 9248 16538 16448)
4(9247 16537 16538 9248)
4(9159 9249 16539 16449)
4(9248 16538 16539 9249)
4(9160 9250 16540 16450)
4(9249 16539 16540 9250)
4(9250 16540 16541 9251)
4(9162 9252 16542 16452)
4(1199 2495 16542 9252)
4(9163 9253 16543 16453)
4(9252 16542 16543 9253)
4(9164 9254 16544 16454)
4(9253 16543 16544 9254)
4(9165 9255 16545 16455)
4(9254 16544 16545 9255)
4(9166 9256 16546 16456)
4(9255 16545 16546 9256)
4(9167 9257 16547 16457)
4(9256 16546 16547 9257)
4(9168 9258 16548 16458)
4(9257 16547 16548 9258)
4(9169 9259 16549 16459)
4(9258 16548 16549 9259)
4(9170 9260 16550 16460)
4(9259 16549 16550 9260)
4(9171 9261 16551 16461)
4(9260 16550 16551 9261)
4(9172 9262 16552 16462)
4(9261 16551 16552 9262)
4(9173 9263 16553 16463)
4(9262 16552 16553 9263)
4(9174 9264 16554 16464)
4(9263 16553 16554 9264)
4(9175 9265 16555 16465)
4(9264 16554 16555 9265)
4(9176 9266 16556 16466)
4(9265 16555 16556 9266)
4(9177 9267 16557 16467)
4(9266 16556 16557 9267)
4(9178 9268 16558 16468)
4(9267 16557 16558 9268)
4(9179 9269 16559 16469)
4(9268 16558 16559 9269)
4(9180 9270 16560 16470)
4(9269 16559 16560 9270)
4(9181 9271 16561 16471)
4(9270 16560 16561 9271)
4(9182 9272 16562 16472)
4(9271 16561 16562 9272)
4(9183 9273 16563 16473)
4(9272 16562 16563 9273)
4(9184 9274 16564 16474)
4(9273 16563 16564 9274)
4(9185 9275 16565 16475)
4(9274 16564 16565 9275)
4(9186 9276 16566 16476)
4(9275 16565 16566 9276)
4(9187 9277 16567 16477)
4(9276 16566 16567 9277)
4(9188 9278 16568 16478)
4(9277 16567 16568 9278)
4(9189 9279 16569 16479)
4(9278 16568 16569 9279)
4(9190 9280 16570 16480)
4(9279 16569 16570 9280)
4(9191 9281 16571 16481)
4(9280 16570 16571 9281)
4(9192 9282 16572 16482)
4(9281 16571 16572 9282)
4(9193 9283 16573 16483)
4(9282 16572 16573 9283)
4(9194 9284 16574 16484)
4(9283 16573 16574 9284)
4(9195 9285 16575 16485)
4(9284 16574 16575 9285)
4(9196 9286 16576 16486)
4(9285 16575 16576 9286)
4(9197 9287 16577 16487)
4(9286 16576 16577 9287)
4(9198 9288 16578 16488)
4(9287 16577 16578 9288)
4(9199 9289 16579 16489)
4(9288 16578 16579 9289)
4(9200 9290 16580 16490)
4(9289 16579 16580 9290)
4(9201 9291 16581 16491)
4(9290 16580 16581 9291)
4(9202 9292 16582 16492)
4(9291 16581 16582 9292)
4(9203 9293 16583 16493)
4(9292 16582 16583 9293)
4(9204 9294 16584 16494)
4(9293 16583 16584 9294)
4(9205 9295 16585 16495)
4(9294 16584 16585 9295)
4(9206 9296 16586 16496)
4(9295 16585 16586 9296)
4(9207 9297 16587 16497)
4(9296 16586 16587 9297)
4(9208 9298 16588 16498)
4(9297 16587 16588 9298)
4(9209 9299 16589 16499)
4(9298 16588 16589 9299)
4(9210 9300 16590 16500)
4(9299 16589 16590 9300)
4(9211 9301 16591 16501)
4(9300 16590 16591 9301)
4(9212 9302 16592 16502)
4(9301 16591 16592 9302)
4(9213 9303 16593 16503)
4(9302 16592 16593 9303)
4(9214 9304 16594 16504)
4(9303 16593 16594 9304)
4(9215 9305 16595 16505)
4(9304 16594 16595 9305)
4(9216 9306 16596 16506)
4(9305 16595 16596 9306)
4(9217 9307 16597 16507)
4(9306 16596 16597 9307)
4(9218 9308 16598 16508)
4(9307 16597 16598 9308)
4(9219 9309 16599 16509)
4(9308 16598 16599 9309)
4(9220 9310 16600 16510)
4(9309 16599 16600 9310)
4(9221 9311 16601 16511)
4(9310 16600 16601 9311)
4(9222 9312 16602 16512)
4(9311 16601 16602 9312)
4(9223 9313 16603 16513)
4(9312 16602 16603 9313)
4(9224 9314 16604 16514)
4(9313 16603 16604 9314)
4(9225 9315 16605 16515)
4(9314 16604 16605 9315)
4(9226 9316 16606 16516)
4(9315 16605 16606 9316)
4(9227 9317 16607 16517)
4(9316 16606 16607 9317)
4(9228 9318 16608 16518)
4(9317 16607 16608 9318)
4(9229 9319 16609 16519)
4(9318 16608 16609 9319)
4(9230 9320 16610 16520)
4(9319 16609 16610 9320)
4(9231 9321 16611 16521)
4(9320 16610 16611 9321)
4(9232 9322 16612 16522)
4(9321 16611 16612 9322)
4(9233 9323 16613 16523)
4(9322 16612 16613 9323)
4(9234 9324 16614 16524)
4(9323 16613 16614 9324)
4(9235 9325 16615 16525)
4(9324 16614 16615 9325)
4(9236 9326 16616 16526)
4(9325 16615 16616 9326)
4(9237 9327 16617 16527)
4(9326 16616 16617 9327)
4(9238 9328 16618 16528)
4(9327 16617 16618 9328)
4(9239 9329 16619 16529)
4(9328 16618 16619 9329)
4(9240 9330 16620 16530)
4(9329 16619 16620 9330)
4(9241 9331 16621 16531)
4(9330 16620 16621 9331)
4(9242 9332 16622 16532)
4(9331 16621 16622 9332)
4(9243 9333 16623 16533)
4(9332 16622 16623 9333)
4(9244 9334 16624 16534)
4(9333 16623 16624 9334)
4(9245 9335 16625 16535)
4(9334 16624 16625 9335)
4(9246 9336 16626 16536)
4(9335 16625 16626 9336)
4(9247 9337 16627 16537)
4(9336 16626 16627 9337)
4(9248 9338 16628 16538)
4(9337 16627 16628 9338)
4(9249 9339 16629 16539)
4(9338 16628 16629 9339)
4(9250 9340 16630 16540)
4(9339 16629 16630 9340)
4(9340 16630 16631 9341)
4(9252 9342 16632 16542)
4(1215 2511 16632 9342)
4(9253 9343 16633 16543)
4(9342 16632 16633 9343)
4(9254 9344 16634 16544)
4(9343 16633 16634 9344)
4(9255 9345 16635 16545)
4(9344 16634 16635 9345)
4(9256 9346 16636 16546)
4(9345 16635 16636 9346)
4(9257 9347 16637 16547)
4(9346 16636 16637 9347)
4(9258 9348 16638 16548)
4(9347 16637 16638 9348)
4(9259 9349 16639 16549)
4(9348 16638 16639 9349)
4(9260 9350 16640 16550)
4(9349 16639 16640 9350)
4(9261 9351 16641 16551)
4(9350 16640 16641 9351)
4(9262 9352 16642 16552)
4(9351 16641 16642 9352)
4(9263 9353 16643 16553)
4(9352 16642 16643 9353)
4(9264 9354 16644 16554)
4(9353 16643 16644 9354)
4(9265 9355 16645 16555)
4(9354 16644 16645 9355)
4(9266 9356 16646 16556)
4(9355 16645 16646 9356)
4(9267 9357 16647 16557)
4(9356 16646 16647 9357)
4(9268 9358 16648 16558)
4(9357 16647 16648 9358)
4(9269 9359 16649 16559)
4(9358 16648 16649 9359)
4(9270 9360 16650 16560)
4(9359 16649 16650 9360)
4(9271 9361 16651 16561)
4(9360 16650 16651 9361)
4(9272 9362 16652 16562)
4(9361 16651 16652 9362)
4(9273 9363 16653 16563)
4(9362 16652 16653 9363)
4(9274 9364 16654 16564)
4(9363 16653 16654 9364)
4(9275 9365 16655 16565)
4(9364 16654 16655 9365)
4(9276 9366 16656 16566)
4(9365 16655 16656 9366)
4(9277 9367 16657 16567)
4(9366 16656 16657 9367)
4(9278 9368 16658 16568)
4(9367 16657 16658 9368)
4(9279 9369 16659 16569)
4(9368 16658 16659 9369)
4(9280 9370 16660 16570)
4(9369 16659 16660 9370)
4(9281 9371 16661 16571)
4(9370 16660 16661 9371)
4(9282 9372 16662 16572)
4(9371 16661 16662 9372)
4(9283 9373 16663 16573)
4(9372 16662 16663 9373)
4(9284 9374 16664 16574)
4(9373 16663 16664 9374)
4(9285 9375 16665 16575)
4(9374 16664 16665 9375)
4(9286 9376 16666 16576)
4(9375 16665 16666 9376)
4(9287 9377 16667 16577)
4(9376 16666 16667 9377)
4(9288 9378 16668 16578)
4(9377 16667 16668 9378)
4(9289 9379 16669 16579)
4(9378 16668 16669 9379)
4(9290 9380 16670 16580)
4(9379 16669 16670 9380)
4(9291 9381 16671 16581)
4(9380 16670 16671 9381)
4(9292 9382 16672 16582)
4(9381 16671 16672 9382)
4(9293 9383 16673 16583)
4(9382 16672 16673 9383)
4(9294 9384 16674 16584)
4(9383 16673 16674 9384)
4(9295 9385 16675 16585)
4(9384 16674 16675 9385)
4(9296 9386 16676 16586)
4(9385 16675 16676 9386)
4(9297 9387 16677 16587)
4(9386 16676 16677 9387)
4(9298 9388 16678 16588)
4(9387 16677 16678 9388)
4(9299 9389 16679 16589)
4(9388 16678 16679 9389)
4(9300 9390 16680 16590)
4(9389 16679 16680 9390)
4(9301 9391 16681 16591)
4(9390 16680 16681 9391)
4(9302 9392 16682 16592)
4(9391 16681 16682 9392)
4(9303 9393 16683 16593)
4(9392 16682 16683 9393)
4(9304 9394 16684 16594)
4(9393 16683 16684 9394)
4(9305 9395 16685 16595)
4(9394 16684 16685 9395)
4(9306 9396 16686 16596)
4(9395 16685 16686 9396)
4(9307 9397 16687 16597)
4(9396 16686 16687 9397)
4(9308 9398 16688 16598)
4(9397 16687 16688 9398)
4(9309 9399 16689 16599)
4(9398 16688 16689 9399)
4(9310 9400 16690 16600)
4(9399 16689 16690 9400)
4(9311 9401 16691 16601)
4(9400 16690 16691 9401)
4(9312 9402 16692 16602)
4(9401 16691 16692 9402)
4(9313 9403 16693 16603)
4(9402 16692 16693 9403)
4(9314 9404 16694 16604)
4(9403 16693 16694 9404)
4(9315 9405 16695 16605)
4(9404 16694 16695 9405)
4(9316 9406 16696 16606)
4(9405 16695 16696 9406)
4(9317 9407 16697 16607)
4(9406 16696 16697 9407)
4(9318 9408 16698 16608)
4(9407 16697 16698 9408)
4(9319 9409 16699 16609)
4(9408 16698 16699 9409)
4(9320 9410 16700 16610)
4(9409 16699 16700 9410)
4(9321 9411 16701 16611)
4(9410 16700 16701 9411)
4(9322 9412 16702 16612)
4(9411 16701 16702 9412)
4(9323 9413 16703 16613)
4(9412 16702 16703 9413)
4(9324 9414 16704 16614)
4(9413 16703 16704 9414)
4(9325 9415 16705 16615)
4(9414 16704 16705 9415)
4(9326 9416 16706 16616)
4(9415 16705 16706 9416)
4(9327 9417 16707 16617)
4(9416 16706 16707 9417)
4(9328 9418 16708 16618)
4(9417 16707 16708 9418)
4(9329 9419 16709 16619)
4(9418 16708 16709 9419)
4(9330 9420 16710 16620)
4(9419 16709 16710 9420)
4(9331 9421 16711 16621)
4(9420 16710 16711 9421)
4(9332 9422 16712 16622)
4(9421 16711 16712 9422)
4(9333 9423 16713 16623)
4(9422 16712 16713 9423)
4(9334 9424 16714 16624)
4(9423 16713 16714 9424)
4(9335 9425 16715 16625)
4(9424 16714 16715 9425)
4(9336 9426 16716 16626)
4(9425 16715 16716 9426)
4(9337 9427 16717 16627)
4(9426 16716 16717 9427)
4(9338 9428 16718 16628)
4(9427 16717 16718 9428)
4(9339 9429 16719 16629)
4(9428 16718 16719 9429)
4(9340 9430 16720 16630)
4(9429 16719 16720 9430)
4(9430 16720 16721 9431)
4(9342 9432 16722 16632)
4(1231 2527 16722 9432)
4(9343 9433 16723 16633)
4(9432 16722 16723 9433)
4(9344 9434 16724 16634)
4(9433 16723 16724 9434)
4(9345 9435 16725 16635)
4(9434 16724 16725 9435)
4(9346 9436 16726 16636)
4(9435 16725 16726 9436)
4(9347 9437 16727 16637)
4(9436 16726 16727 9437)
4(9348 9438 16728 16638)
4(9437 16727 16728 9438)
4(9349 9439 16729 16639)
4(9438 16728 16729 9439)
4(9350 9440 16730 16640)
4(9439 16729 16730 9440)
4(9351 9441 16731 16641)
4(9440 16730 16731 9441)
4(9352 9442 16732 16642)
4(9441 16731 16732 9442)
4(9353 9443 16733 16643)
4(9442 16732 16733 9443)
4(9354 9444 16734 16644)
4(9443 16733 16734 9444)
4(9355 9445 16735 16645)
4(9444 16734 16735 9445)
4(9356 9446 16736 16646)
4(9445 16735 16736 9446)
4(9357 9447 16737 16647)
4(9446 16736 16737 9447)
4(9358 9448 16738 16648)
4(9447 16737 16738 9448)
4(9359 9449 16739 16649)
4(9448 16738 16739 9449)
4(9360 9450 16740 16650)
4(9449 16739 16740 9450)
4(9361 9451 16741 16651)
4(9450 16740 16741 9451)
4(9362 9452 16742 16652)
4(9451 16741 16742 9452)
4(9363 9453 16743 16653)
4(9452 16742 16743 9453)
4(9364 9454 16744 16654)
4(9453 16743 16744 9454)
4(9365 9455 16745 16655)
4(9454 16744 16745 9455)
4(9366 9456 16746 16656)
4(9455 16745 16746 9456)
4(9367 9457 16747 16657)
4(9456 16746 16747 9457)
4(9368 9458 16748 16658)
4(9457 16747 16748 9458)
4(9369 9459 16749 16659)
4(9458 16748 16749 9459)
4(9370 9460 16750 16660)
4(9459 16749 16750 9460)
4(9371 9461 16751 16661)
4(9460 16750 16751 9461)
4(9372 9462 16752 16662)
4(9461 16751 16752 9462)
4(9373 9463 16753 16663)
4(9462 16752 16753 9463)
4(9374 9464 16754 16664)
4(9463 16753 16754 9464)
4(9375 9465 16755 16665)
4(9464 16754 16755 9465)
4(9376 9466 16756 16666)
4(9465 16755 16756 9466)
4(9377 9467 16757 16667)
4(9466 16756 16757 9467)
4(9378 9468 16758 16668)
4(9467 16757 16758 9468)
4(9379 9469 16759 16669)
4(9468 16758 16759 9469)
4(9380 9470 16760 16670)
4(9469 16759 16760 9470)
4(9381 9471 16761 16671)
4(9470 16760 16761 9471)
4(9382 9472 16762 16672)
4(9471 16761 16762 9472)
4(9383 9473 16763 16673)
4(9472 16762 16763 9473)
4(9384 9474 16764 16674)
4(9473 16763 16764 9474)
4(9385 9475 16765 16675)
4(9474 16764 16765 9475)
4(9386 9476 16766 16676)
4(9475 16765 16766 9476)
4(9387 9477 16767 16677)
4(9476 16766 16767 9477)
4(9388 9478 16768 16678)
4(9477 16767 16768 9478)
4(9389 9479 16769 16679)
4(9478 16768 16769 9479)
4(9390 9480 16770 16680)
4(9479 16769 16770 9480)
4(9391 9481 16771 16681)
4(9480 16770 16771 9481)
4(9392 9482 16772 16682)
4(9481 16771 16772 9482)
4(9393 9483 16773 16683)
4(9482 16772 16773 9483)
4(9394 9484 16774 16684)
4(9483 16773 16774 9484)
4(9395 9485 16775 16685)
4(9484 16774 16775 9485)
4(9396 9486 16776 16686)
4(9485 16775 16776 9486)
4(9397 9487 16777 16687)
4(9486 16776 16777 9487)
4(9398 9488 16778 16688)
4(9487 16777 16778 9488)
4(9399 9489 16779 16689)
4(9488 16778 16779 9489)
4(9400 9490 16780 16690)
4(9489 16779 16780 9490)
4(9401 9491 16781 16691)
4(9490 16780 16781 9491)
4(9402 9492 16782 16692)
4(9491 16781 16782 9492)
4(9403 9493 16783 16693)
4(9492 16782 16783 9493)
4(9404 9494 16784 16694)
4(9493 16783 16784 9494)
4(9405 9495 16785 16695)
4(9494 16784 16785 9495)
4(9406 9496 16786 16696)
4(9495 16785 16786 9496)
4(9407 9497 16787 16697)
4(9496 16786 16787 9497)
4(9408 9498 16788 16698)
4(9497 16787 16788 9498)
4(9409 9499 16789 16699)
4(9498 16788 16789 9499)
4(9410 9500 16790 16700)
4(9499 16789 16790 9500)
4(9411 9501 16791 16701)
4(9500 16790 16791 9501)
4(9412 9502 16792 16702)
4(9501 16791 16792 9502)
4(9413 9503 16793 16703)
4(9502 16792 16793 9503)
4(9414 9504 16794 16704)
4(9503 16793 16794 9504)
4(9415 9505 16795 16705)
4(9504 16794 16795 9505)
4(9416 9506 16796 16706)
4(9505 16795 16796 9506)
4(9417 9507 16797 16707)
4(9506 16796 16797 9507)
4(9418 9508 16798 16708)
4(9507 16797 16798 9508)
4(9419 9509 16799 16709)
4(9508 16798 16799 9509)
4(9420 9510 16800 16710)
4(9509 16799 16800 9510)
4(9421 9511 16801 16711)
4(9510 16800 16801 9511)
4(9422 9512 16802 16712)
4(9511 16801 16802 9512)
4(9423 9513 16803 16713)
4(9512 16802 16803 9513)
4(9424 9514 16804 16714)
4(9513 16803 16804 9514)
4(9425 9515 16805 16715)
4(9514 16804 16805 9515)
4(9426 9516 16806 16716)
4(9515 16805 16806 9516)
4(9427 9517 16807 16717)
4(9516 16806 16807 9517)
4(9428 9518 16808 16718)
4(9517 16807 16808 9518)
4(9429 9519 16809 16719)
4(9518 16808 16809 9519)
4(9430 9520 16810 16720)
4(9519 16809 16810 9520)
4(9520 16810 16811 9521)
4(9432 9522 16812 16722)
4(1247 2543 16812 9522)
4(9433 9523 16813 16723)
4(9522 16812 16813 9523)
4(9434 9524 16814 16724)
4(9523 16813 16814 9524)
4(9435 9525 16815 16725)
4(9524 16814 16815 9525)
4(9436 9526 16816 16726)
4(9525 16815 16816 9526)
4(9437 9527 16817 16727)
4(9526 16816 16817 9527)
4(9438 9528 16818 16728)
4(9527 16817 16818 9528)
4(9439 9529 16819 16729)
4(9528 16818 16819 9529)
4(9440 9530 16820 16730)
4(9529 16819 16820 9530)
4(9441 9531 16821 16731)
4(9530 16820 16821 9531)
4(9442 9532 16822 16732)
4(9531 16821 16822 9532)
4(9443 9533 16823 16733)
4(9532 16822 16823 9533)
4(9444 9534 16824 16734)
4(9533 16823 16824 9534)
4(9445 9535 16825 16735)
4(9534 16824 16825 9535)
4(9446 9536 16826 16736)
4(9535 16825 16826 9536)
4(9447 9537 16827 16737)
4(9536 16826 16827 9537)
4(9448 9538 16828 16738)
4(9537 16827 16828 9538)
4(9449 9539 16829 16739)
4(9538 16828 16829 9539)
4(9450 9540 16830 16740)
4(9539 16829 16830 9540)
4(9451 9541 16831 16741)
4(9540 16830 16831 9541)
4(9452 9542 16832 16742)
4(9541 16831 16832 9542)
4(9453 9543 16833 16743)
4(9542 16832 16833 9543)
4(9454 9544 16834 16744)
4(9543 16833 16834 9544)
4(9455 9545 16835 16745)
4(9544 16834 16835 9545)
4(9456 9546 16836 16746)
4(9545 16835 16836 9546)
4(9457 9547 16837 16747)
4(9546 16836 16837 9547)
4(9458 9548 16838 16748)
4(9547 16837 16838 9548)
4(9459 9549 16839 16749)
4(9548 16838 16839 9549)
4(9460 9550 16840 16750)
4(9549 16839 16840 9550)
4(9461 9551 16841 16751)
4(9550 16840 16841 9551)
4(9462 9552 16842 16752)
4(9551 16841 16842 9552)
4(9463 9553 16843 16753)
4(9552 16842 16843 9553)
4(9464 9554 16844 16754)
4(9553 16843 16844 9554)
4(9465 9555 16845 16755)
4(9554 16844 16845 9555)
4(9466 9556 16846 16756)
4(9555 16845 16846 9556)
4(9467 9557 16847 16757)
4(9556 16846 16847 9557)
4(9468 9558 16848 16758)
4(9557 16847 16848 9558)
4(9469 9559 16849 16759)
4(9558 16848 16849 9559)
4(9470 9560 16850 16760)
4(9559 16849 16850 9560)
4(9471 9561 16851 16761)
4(9560 16850 16851 9561)
4(9472 9562 16852 16762)
4(9561 16851 16852 9562)
4(9473 9563 16853 16763)
4(9562 16852 16853 9563)
4(9474 9564 16854 16764)
4(9563 16853 16854 9564)
4(9475 9565 16855 16765)
4(9564 16854 16855 9565)
4(9476 9566 16856 16766)
4(9565 16855 16856 9566)
4(9477 9567 16857 16767)
4(9566 16856 16857 9567)
4(9478 9568 16858 16768)
4(9567 16857 16858 9568)
4(9479 9569 16859 16769)
4(9568 16858 16859 9569)
4(9480 9570 16860 16770)
4(9569 16859 16860 9570)
4(9481 9571 16861 16771)
4(9570 16860 16861 9571)
4(9482 9572 16862 16772)
4(9571 16861 16862 9572)
4(9483 9573 16863 16773)
4(9572 16862 16863 9573)
4(9484 9574 16864 16774)
4(9573 16863 16864 9574)
4(9485 9575 16865 16775)
4(9574 16864 16865 9575)
4(9486 9576 16866 16776)
4(9575 16865 16866 9576)
4(9487 9577 16867 16777)
4(9576 16866 16867 9577)
4(9488 9578 16868 16778)
4(9577 16867 16868 9578)
4(9489 9579 16869 16779)
4(9578 16868 16869 9579)
4(9490 9580 16870 16780)
4(9579 16869 16870 9580)
4(9491 9581 16871 16781)
4(9580 16870 16871 9581)
4(9492 9582 16872 16782)
4(9581 16871 16872 9582)
4(9493 9583 16873 16783)
4(9582 16872 16873 9583)
4(9494 9584 16874 16784)
4(9583 16873 16874 9584)
4(9495 9585 16875 16785)
4(9584 16874 16875 9585)
4(9496 9586 16876 16786)
4(9585 16875 16876 9586)
4(9497 9587 16877 16787)
4(9586 16876 16877 9587)
4(9498 9588 16878 16788)
4(9587 16877 16878 9588)
4(9499 9589 16879 16789)
4(9588 16878 16879 9589)
4(9500 9590 16880 16790)
4(9589 16879 16880 9590)
4(9501 9591 16881 16791)
4(9590 16880 16881 9591)
4(9502 9592 16882 16792)
4(9591 16881 16882 9592)
4(9503 9593 16883 16793)
4(9592 16882 16883 9593)
4(9504 9594 16884 16794)
4(9593 16883 16884 9594)
4(9505 9595 16885 16795)
4(9594 16884 16885 9595)
4(9506 9596 16886 16796)
4(9595 16885 16886 9596)
4(9507 9597 16887 16797)
4(9596 16886 16887 9597)
4(9508 9598 16888 16798)
4(9597 16887 16888 9598)
4(9509 9599 16889 16799)
4(9598 16888 16889 9599)
4(9510 9600 16890 16800)
4(9599 16889 16890 9600)
4(9511 9601 16891 16801)
4(9600 16890 16891 9601)
4(9512 9602 16892 16802)
4(9601 16891 16892 9602)
4(9513 9603 16893 16803)
4(9602 16892 16893 9603)
4(9514 9604 16894 16804)
4(9603 16893 16894 9604)
4(9515 9605 16895 16805)
4(9604 16894 16895 9605)
4(9516 9606 16896 16806)
4(9605 16895 16896 9606)
4(9517 9607 16897 16807)
4(9606 16896 16897 9607)
4(9518 9608 16898 16808)
4(9607 16897 16898 9608)
4(9519 9609 16899 16809)
4(9608 16898 16899 9609)
4(9520 9610 16900 16810)
4(9609 16899 16900 9610)
4(9610 16900 16901 9611)
4(9522 9612 16902 16812)
4(1263 2559 16902 9612)
4(9523 9613 16903 16813)
4(9612 16902 16903 9613)
4(9524 9614 16904 16814)
4(9613 16903 16904 9614)
4(9525 9615 16905 16815)
4(9614 16904 16905 9615)
4(9526 9616 16906 16816)
4(9615 16905 16906 9616)
4(9527 9617 16907 16817)
4(9616 16906 16907 9617)
4(9528 9618 16908 16818)
4(9617 16907 16908 9618)
4(9529 9619 16909 16819)
4(9618 16908 16909 9619)
4(9530 9620 16910 16820)
4(9619 16909 16910 9620)
4(9531 9621 16911 16821)
4(9620 16910 16911 9621)
4(9532 9622 16912 16822)
4(9621 16911 16912 9622)
4(9533 9623 16913 16823)
4(9622 16912 16913 9623)
4(9534 9624 16914 16824)
4(9623 16913 16914 9624)
4(9535 9625 16915 16825)
4(9624 16914 16915 9625)
4(9536 9626 16916 16826)
4(9625 16915 16916 9626)
4(9537 9627 16917 16827)
4(9626 16916 16917 9627)
4(9538 9628 16918 16828)
4(9627 16917 16918 9628)
4(9539 9629 16919 16829)
4(9628 16918 16919 9629)
4(9540 9630 16920 16830)
4(9629 16919 16920 9630)
4(9541 9631 16921 16831)
4(9630 16920 16921 9631)
4(9542 9632 16922 16832)
4(9631 16921 16922 9632)
4(9543 9633 16923 16833)
4(9632 16922 16923 9633)
4(9544 9634 16924 16834)
4(9633 16923 16924 9634)
4(9545 9635 16925 16835)
4(9634 16924 16925 9635)
4(9546 9636 16926 16836)
4(9635 16925 16926 9636)
4(9547 9637 16927 16837)
4(9636 16926 16927 9637)
4(9548 9638 16928 16838)
4(9637 16927 16928 9638)
4(9549 9639 16929 16839)
4(9638 16928 16929 9639)
4(9550 9640 16930 16840)
4(9639 16929 16930 9640)
4(9551 9641 16931 16841)
4(9640 16930 16931 9641)
4(9552 9642 16932 16842)
4(9641 16931 16932 9642)
4(9553 9643 16933 16843)
4(9642 16932 16933 9643)
4(9554 9644 16934 16844)
4(9643 16933 16934 9644)
4(9555 9645 16935 16845)
4(9644 16934 16935 9645)
4(9556 9646 16936 16846)
4(9645 16935 16936 9646)
4(9557 9647 16937 16847)
4(9646 16936 16937 9647)
4(9558 9648 16938 16848)
4(9647 16937 16938 9648)
4(9559 9649 16939 16849)
4(9648 16938 16939 9649)
4(9560 9650 16940 16850)
4(9649 16939 16940 9650)
4(9561 9651 16941 16851)
4(9650 16940 16941 9651)
4(9562 9652 16942 16852)
4(9651 16941 16942 9652)
4(9563 9653 16943 16853)
4(9652 16942 16943 9653)
4(9564 9654 16944 16854)
4(9653 16943 16944 9654)
4(9565 9655 16945 16855)
4(9654 16944 16945 9655)
4(9566 9656 16946 16856)
4(9655 16945 16946 9656)
4(9567 9657 16947 16857)
4(9656 16946 16947 9657)
4(9568 9658 16948 16858)
4(9657 16947 16948 9658)
4(9569 9659 16949 16859)
4(9658 16948 16949 9659)
4(9570 9660 16950 16860)
4(9659 16949 16950 9660)
4(9571 9661 16951 16861)
4(9660 16950 16951 9661)
4(9572 9662 16952 16862)
4(9661 16951 16952 9662)
4(9573 9663 16953 16863)
4(9662 16952 16953 9663)
4(9574 9664 16954 16864)
4(9663 16953 16954 9664)
4(9575 9665 16955 16865)
4(9664 16954 16955 9665)
4(9576 9666 16956 16866)
4(9665 16955 16956 9666)
4(9577 9667 16957 16867)
4(9666 16956 16957 9667)
4(9578 9668 16958 16868)
4(9667 16957 16958 9668)
4(9579 9669 16959 16869)
4(9668 16958 16959 9669)
4(9580 9670 16960 16870)
4(9669 16959 16960 9670)
4(9581 9671 16961 16871)
4(9670 16960 16961 9671)
4(9582 9672 16962 16872)
4(9671 16961 16962 9672)
4(9583 9673 16963 16873)
4(9672 16962 16963 9673)
4(9584 9674 16964 16874)
4(9673 16963 16964 9674)
4(9585 9675 16965 16875)
4(9674 16964 16965 9675)
4(9586 9676 16966 16876)
4(9675 16965 16966 9676)
4(9587 9677 16967 16877)
4(9676 16966 16967 9677)
4(9588 9678 16968 16878)
4(9677 16967 16968 9678)
4(9589 9679 16969 16879)
4(9678 16968 16969 9679)
4(9590 9680 16970 16880)
4(9679 16969 16970 9680)
4(9591 9681 16971 16881)
4(9680 16970 16971 9681)
4(9592 9682 16972 16882)
4(9681 16971 16972 9682)
4(9593 9683 16973 16883)
4(9682 16972 16973 9683)
4(9594 9684 16974 16884)
4(9683 16973 16974 9684)
4(9595 9685 16975 16885)
4(9684 16974 16975 9685)
4(9596 9686 16976 16886)
4(9685 16975 16976 9686)
4(9597 9687 16977 16887)
4(9686 16976 16977 9687)
4(9598 9688 16978 16888)
4(9687 16977 16978 9688)
4(9599 9689 16979 16889)
4(9688 16978 16979 9689)
4(9600 9690 16980 16890)
4(9689 16979 16980 9690)
4(9601 9691 16981 16891)
4(9690 16980 16981 9691)
4(9602 9692 16982 16892)
4(9691 16981 16982 9692)
4(9603 9693 16983 16893)
4(9692 16982 16983 9693)
4(9604 9694 16984 16894)
4(9693 16983 16984 9694)
4(9605 9695 16985 16895)
4(9694 16984 16985 9695)
4(9606 9696 16986 16896)
4(9695 16985 16986 9696)
4(9607 9697 16987 16897)
4(9696 16986 16987 9697)
4(9608 9698 16988 16898)
4(9697 16987 16988 9698)
4(9609 9699 16989 16899)
4(9698 16988 16989 9699)
4(9610 9700 16990 16900)
4(9699 16989 16990 9700)
4(9700 16990 16991 9701)
4(9612 9702 16992 16902)
4(1279 2575 16992 9702)
4(9613 9703 16993 16903)
4(9702 16992 16993 9703)
4(9614 9704 16994 16904)
4(9703 16993 16994 9704)
4(9615 9705 16995 16905)
4(9704 16994 16995 9705)
4(9616 9706 16996 16906)
4(9705 16995 16996 9706)
4(9617 9707 16997 16907)
4(9706 16996 16997 9707)
4(9618 9708 16998 16908)
4(9707 16997 16998 9708)
4(9619 9709 16999 16909)
4(9708 16998 16999 9709)
4(9620 9710 17000 16910)
4(9709 16999 17000 9710)
4(9621 9711 17001 16911)
4(9710 17000 17001 9711)
4(9622 9712 17002 16912)
4(9711 17001 17002 9712)
4(9623 9713 17003 16913)
4(9712 17002 17003 9713)
4(9624 9714 17004 16914)
4(9713 17003 17004 9714)
4(9625 9715 17005 16915)
4(9714 17004 17005 9715)
4(9626 9716 17006 16916)
4(9715 17005 17006 9716)
4(9627 9717 17007 16917)
4(9716 17006 17007 9717)
4(9628 9718 17008 16918)
4(9717 17007 17008 9718)
4(9629 9719 17009 16919)
4(9718 17008 17009 9719)
4(9630 9720 17010 16920)
4(9719 17009 17010 9720)
4(9631 9721 17011 16921)
4(9720 17010 17011 9721)
4(9632 9722 17012 16922)
4(9721 17011 17012 9722)
4(9633 9723 17013 16923)
4(9722 17012 17013 9723)
4(9634 9724 17014 16924)
4(9723 17013 17014 9724)
4(9635 9725 17015 16925)
4(9724 17014 17015 9725)
4(9636 9726 17016 16926)
4(9725 17015 17016 9726)
4(9637 9727 17017 16927)
4(9726 17016 17017 9727)
4(9638 9728 17018 16928)
4(9727 17017 17018 9728)
4(9639 9729 17019 16929)
4(9728 17018 17019 9729)
4(9640 9730 17020 16930)
4(9729 17019 17020 9730)
4(9641 9731 17021 16931)
4(9730 17020 17021 9731)
4(9642 9732 17022 16932)
4(9731 17021 17022 9732)
4(9643 9733 17023 16933)
4(9732 17022 17023 9733)
4(9644 9734 17024 16934)
4(9733 17023 17024 9734)
4(9645 9735 17025 16935)
4(9734 17024 17025 9735)
4(9646 9736 17026 16936)
4(9735 17025 17026 9736)
4(9647 9737 17027 16937)
4(9736 17026 17027 9737)
4(9648 9738 17028 16938)
4(9737 17027 17028 9738)
4(9649 9739 17029 16939)
4(9738 17028 17029 9739)
4(9650 9740 17030 16940)
4(9739 17029 17030 9740)
4(9651 9741 17031 16941)
4(9740 17030 17031 9741)
4(9652 9742 17032 16942)
4(9741 17031 17032 9742)
4(9653 9743 17033 16943)
4(9742 17032 17033 9743)
4(9654 9744 17034 16944)
4(9743 17033 17034 9744)
4(9655 9745 17035 16945)
4(9744 17034 17035 9745)
4(9656 9746 17036 16946)
4(9745 17035 17036 9746)
4(9657 9747 17037 16947)
4(9746 17036 17037 9747)
4(9658 9748 17038 16948)
4(9747 17037 17038 9748)
4(9659 9749 17039 16949)
4(9748 17038 17039 9749)
4(9660 9750 17040 16950)
4(9749 17039 17040 9750)
4(9661 9751 17041 16951)
4(9750 17040 17041 9751)
4(9662 9752 17042 16952)
4(9751 17041 17042 9752)
4(9663 9753 17043 16953)
4(9752 17042 17043 9753)
4(9664 9754 17044 16954)
4(9753 17043 17044 9754)
4(9665 9755 17045 16955)
4(9754 17044 17045 9755)
4(9666 9756 17046 16956)
4(9755 17045 17046 9756)
4(9667 9757 17047 16957)
4(9756 17046 17047 9757)
4(9668 9758 17048 16958)
4(9757 17047 17048 9758)
4(9669 9759 17049 16959)
4(9758 17048 17049 9759)
4(9670 9760 17050 16960)
4(9759 17049 17050 9760)
4(9671 9761 17051 16961)
4(9760 17050 17051 9761)
4(9672 9762 17052 16962)
4(9761 17051 17052 9762)
4(9673 9763 17053 16963)
4(9762 17052 17053 9763)
4(9674 9764 17054 16964)
4(9763 17053 17054 9764)
4(9675 9765 17055 16965)
4(9764 17054 17055 9765)
4(9676 9766 17056 16966)
4(9765 17055 17056 9766)
4(9677 9767 17057 16967)
4(9766 17056 17057 9767)
4(9678 9768 17058 16968)
4(9767 17057 17058 9768)
4(9679 9769 17059 16969)
4(9768 17058 17059 9769)
4(9680 9770 17060 16970)
4(9769 17059 17060 9770)
4(9681 9771 17061 16971)
4(9770 17060 17061 9771)
4(9682 9772 17062 16972)
4(9771 17061 17062 9772)
4(9683 9773 17063 16973)
4(9772 17062 17063 9773)
4(9684 9774 17064 16974)
4(9773 17063 17064 9774)
4(9685 9775 17065 16975)
4(9774 17064 17065 9775)
4(9686 9776 17066 16976)
4(9775 17065 17066 9776)
4(9687 9777 17067 16977)
4(9776 17066 17067 9777)
4(9688 9778 17068 16978)
4(9777 17067 17068 9778)
4(9689 9779 17069 16979)
4(9778 17068 17069 9779)
4(9690 9780 17070 16980)
4(9779 17069 17070 9780)
4(9691 9781 17071 16981)
4(9780 17070 17071 9781)
4(9692 9782 17072 16982)
4(9781 17071 17072 9782)
4(9693 9783 17073 16983)
4(9782 17072 17073 9783)
4(9694 9784 17074 16984)
4(9783 17073 17074 9784)
4(9695 9785 17075 16985)
4(9784 17074 17075 9785)
4(9696 9786 17076 16986)
4(9785 17075 17076 9786)
4(9697 9787 17077 16987)
4(9786 17076 17077 9787)
4(9698 9788 17078 16988)
4(9787 17077 17078 9788)
4(9699 9789 17079 16989)
4(9788 17078 17079 9789)
4(9700 9790 17080 16990)
4(9789 17079 17080 9790)
4(9790 17080 17081 9791)
4(9702 9792 17082 16992)
4(9703 9793 17083 16993)
4(9704 9794 17084 16994)
4(9705 9795 17085 16995)
4(9706 9796 17086 16996)
4(9707 9797 17087 16997)
4(9708 9798 17088 16998)
4(9709 9799 17089 16999)
4(9710 9800 17090 17000)
4(9711 9801 17091 17001)
4(9712 9802 17092 17002)
4(9713 9803 17093 17003)
4(9714 9804 17094 17004)
4(9715 9805 17095 17005)
4(9716 9806 17096 17006)
4(9717 9807 17097 17007)
4(9718 9808 17098 17008)
4(9719 9809 17099 17009)
4(9720 9810 17100 17010)
4(9721 9811 17101 17011)
4(9722 9812 17102 17012)
4(9723 9813 17103 17013)
4(9724 9814 17104 17014)
4(9725 9815 17105 17015)
4(9726 9816 17106 17016)
4(9727 9817 17107 17017)
4(9728 9818 17108 17018)
4(9729 9819 17109 17019)
4(9730 9820 17110 17020)
4(9731 9821 17111 17021)
4(9732 9822 17112 17022)
4(9733 9823 17113 17023)
4(9734 9824 17114 17024)
4(9735 9825 17115 17025)
4(9736 9826 17116 17026)
4(9737 9827 17117 17027)
4(9738 9828 17118 17028)
4(9739 9829 17119 17029)
4(9740 9830 17120 17030)
4(9741 9831 17121 17031)
4(9742 9832 17122 17032)
4(9743 9833 17123 17033)
4(9744 9834 17124 17034)
4(9745 9835 17125 17035)
4(9746 9836 17126 17036)
4(9747 9837 17127 17037)
4(9748 9838 17128 17038)
4(9749 9839 17129 17039)
4(9750 9840 17130 17040)
4(9751 9841 17131 17041)
4(9752 9842 17132 17042)
4(9753 9843 17133 17043)
4(9754 9844 17134 17044)
4(9755 9845 17135 17045)
4(9756 9846 17136 17046)
4(9757 9847 17137 17047)
4(9758 9848 17138 17048)
4(9759 9849 17139 17049)
4(9760 9850 17140 17050)
4(9761 9851 17141 17051)
4(9762 9852 17142 17052)
4(9763 9853 17143 17053)
4(9764 9854 17144 17054)
4(9765 9855 17145 17055)
4(9766 9856 17146 17056)
4(9767 9857 17147 17057)
4(9768 9858 17148 17058)
4(9769 9859 17149 17059)
4(9770 9860 17150 17060)
4(9771 9861 17151 17061)
4(9772 9862 17152 17062)
4(9773 9863 17153 17063)
4(9774 9864 17154 17064)
4(9775 9865 17155 17065)
4(9776 9866 17156 17066)
4(9777 9867 17157 17067)
4(9778 9868 17158 17068)
4(9779 9869 17159 17069)
4(9780 9870 17160 17070)
4(9781 9871 17161 17071)
4(9782 9872 17162 17072)
4(9783 9873 17163 17073)
4(9784 9874 17164 17074)
4(9785 9875 17165 17075)
4(9786 9876 17166 17076)
4(9787 9877 17167 17077)
4(9788 9878 17168 17078)
4(9789 9879 17169 17079)
4(9790 9880 17170 17080)
4(0 1296 1312 16)
4(16 1312 1328 32)
4(32 1328 1344 48)
4(48 1344 1360 64)
4(64 1360 1376 80)
4(80 1376 1392 96)
4(96 1392 1408 112)
4(112 1408 1424 128)
4(128 1424 1440 144)
4(144 1440 1456 160)
4(160 1456 1472 176)
4(176 1472 1488 192)
4(192 1488 1504 208)
4(208 1504 1520 224)
4(224 1520 1536 240)
4(240 1536 1552 256)
4(256 1552 1568 272)
4(272 1568 1584 288)
4(288 1584 1600 304)
4(304 1600 1616 320)
4(320 1616 1632 336)
4(336 1632 1648 352)
4(352 1648 1664 368)
4(368 1664 1680 384)
4(384 1680 1696 400)
4(400 1696 1712 416)
4(416 1712 1728 432)
4(432 1728 1744 448)
4(448 1744 1760 464)
4(464 1760 1776 480)
4(480 1776 1792 496)
4(496 1792 1808 512)
4(512 1808 1824 528)
4(528 1824 1840 544)
4(544 1840 1856 560)
4(560 1856 1872 576)
4(576 1872 1888 592)
4(592 1888 1904 608)
4(608 1904 1920 624)
4(624 1920 1936 640)
4(640 1936 1952 656)
4(656 1952 1968 672)
4(672 1968 1984 688)
4(688 1984 2000 704)
4(704 2000 2016 720)
4(720 2016 2032 736)
4(736 2032 2048 752)
4(752 2048 2064 768)
4(768 2064 2080 784)
4(784 2080 2096 800)
4(800 2096 2112 816)
4(816 2112 2128 832)
4(832 2128 2144 848)
4(848 2144 2160 864)
4(864 2160 2176 880)
4(880 2176 2192 896)
4(896 2192 2208 912)
4(912 2208 2224 928)
4(928 2224 2240 944)
4(944 2240 2256 960)
4(960 2256 2272 976)
4(976 2272 2288 992)
4(992 2288 2304 1008)
4(1008 2304 2320 1024)
4(1024 2320 2336 1040)
4(1040 2336 2352 1056)
4(1056 2352 2368 1072)
4(1072 2368 2384 1088)
4(1088 2384 2400 1104)
4(1104 2400 2416 1120)
4(1120 2416 2432 1136)
4(1136 2432 2448 1152)
4(1152 2448 2464 1168)
4(1168 2464 2480 1184)
4(1184 2480 2496 1200)
4(1200 2496 2512 1216)
4(1216 2512 2528 1232)
4(1232 2528 2544 1248)
4(1248 2544 2560 1264)
4(1264 2560 2576 1280)
4(2681 2771 10061 9971)
4(2771 2861 10151 10061)
4(2861 2951 10241 10151)
4(2951 3041 10331 10241)
4(3041 3131 10421 10331)
4(3131 3221 10511 10421)
4(3221 3311 10601 10511)
4(3311 3401 10691 10601)
4(3401 3491 10781 10691)
4(3491 3581 10871 10781)
4(3581 3671 10961 10871)
4(3671 3761 11051 10961)
4(3761 3851 11141 11051)
4(3851 3941 11231 11141)
4(3941 4031 11321 11231)
4(4031 4121 11411 11321)
4(4121 4211 11501 11411)
4(4211 4301 11591 11501)
4(4301 4391 11681 11591)
4(4391 4481 11771 11681)
4(4481 4571 11861 11771)
4(4571 4661 11951 11861)
4(4661 4751 12041 11951)
4(4751 4841 12131 12041)
4(4841 4931 12221 12131)
4(4931 5021 12311 12221)
4(5021 5111 12401 12311)
4(5111 5201 12491 12401)
4(5201 5291 12581 12491)
4(5291 5381 12671 12581)
4(5381 5471 12761 12671)
4(5471 5561 12851 12761)
4(5561 5651 12941 12851)
4(5651 5741 13031 12941)
4(5741 5831 13121 13031)
4(5831 5921 13211 13121)
4(5921 6011 13301 13211)
4(6011 6101 13391 13301)
4(6101 6191 13481 13391)
4(6191 6281 13571 13481)
4(6281 6371 13661 13571)
4(6371 6461 13751 13661)
4(6461 6551 13841 13751)
4(6551 6641 13931 13841)
4(6641 6731 14021 13931)
4(6731 6821 14111 14021)
4(6821 6911 14201 14111)
4(6911 7001 14291 14201)
4(7001 7091 14381 14291)
4(7091 7181 14471 14381)
4(7181 7271 14561 14471)
4(7271 7361 14651 14561)
4(7361 7451 14741 14651)
4(7451 7541 14831 14741)
4(7541 7631 14921 14831)
4(7631 7721 15011 14921)
4(7721 7811 15101 15011)
4(7811 7901 15191 15101)
4(7901 7991 15281 15191)
4(7991 8081 15371 15281)
4(8081 8171 15461 15371)
4(8171 8261 15551 15461)
4(8261 8351 15641 15551)
4(8351 8441 15731 15641)
4(8441 8531 15821 15731)
4(8531 8621 15911 15821)
4(8621 8711 16001 15911)
4(8711 8801 16091 16001)
4(8801 8891 16181 16091)
4(8891 8981 16271 16181)
4(8981 9071 16361 16271)
4(9071 9161 16451 16361)
4(9161 9251 16541 16451)
4(9251 9341 16631 16541)
4(9341 9431 16721 16631)
4(9431 9521 16811 16721)
4(9521 9611 16901 16811)
4(9611 9701 16991 16901)
4(9701 9791 17081 16991)
4(9791 9881 17171 17081)
4(1280 2576 2577 1281)
4(1281 2577 2578 1282)
4(1282 2578 2579 1283)
4(1283 2579 2580 1284)
4(1284 2580 2581 1285)
4(1285 2581 2582 1286)
4(1286 2582 2583 1287)
4(1287 2583 2584 1288)
4(1288 2584 2585 1289)
4(1289 2585 2586 1290)
4(1290 2586 2587 1291)
4(1291 2587 2588 1292)
4(1292 2588 2589 1293)
4(1293 2589 2590 1294)
4(1294 2590 2591 1295)
4(1295 2591 17082 9792)
4(9792 17082 17083 9793)
4(9793 17083 17084 9794)
4(9794 17084 17085 9795)
4(9795 17085 17086 9796)
4(9796 17086 17087 9797)
4(9797 17087 17088 9798)
4(9798 17088 17089 9799)
4(9799 17089 17090 9800)
4(9800 17090 17091 9801)
4(9801 17091 17092 9802)
4(9802 17092 17093 9803)
4(9803 17093 17094 9804)
4(9804 17094 17095 9805)
4(9805 17095 17096 9806)
4(9806 17096 17097 9807)
4(9807 17097 17098 9808)
4(9808 17098 17099 9809)
4(9809 17099 17100 9810)
4(9810 17100 17101 9811)
4(9811 17101 17102 9812)
4(9812 17102 17103 9813)
4(9813 17103 17104 9814)
4(9814 17104 17105 9815)
4(9815 17105 17106 9816)
4(9816 17106 17107 9817)
4(9817 17107 17108 9818)
4(9818 17108 17109 9819)
4(9819 17109 17110 9820)
4(9820 17110 17111 9821)
4(9821 17111 17112 9822)
4(9822 17112 17113 9823)
4(9823 17113 17114 9824)
4(9824 17114 17115 9825)
4(9825 17115 17116 9826)
4(9826 17116 17117 9827)
4(9827 17117 17118 9828)
4(9828 17118 17119 9829)
4(9829 17119 17120 9830)
4(9830 17120 17121 9831)
4(9831 17121 17122 9832)
4(9832 17122 17123 9833)
4(9833 17123 17124 9834)
4(9834 17124 17125 9835)
4(9835 17125 17126 9836)
4(9836 17126 17127 9837)
4(9837 17127 17128 9838)
4(9838 17128 17129 9839)
4(9839 17129 17130 9840)
4(9840 17130 17131 9841)
4(9841 17131 17132 9842)
4(9842 17132 17133 9843)
4(9843 17133 17134 9844)
4(9844 17134 17135 9845)
4(9845 17135 17136 9846)
4(9846 17136 17137 9847)
4(9847 17137 17138 9848)
4(9848 17138 17139 9849)
4(9849 17139 17140 9850)
4(9850 17140 17141 9851)
4(9851 17141 17142 9852)
4(9852 17142 17143 9853)
4(9853 17143 17144 9854)
4(9854 17144 17145 9855)
4(9855 17145 17146 9856)
4(9856 17146 17147 9857)
4(9857 17147 17148 9858)
4(9858 17148 17149 9859)
4(9859 17149 17150 9860)
4(9860 17150 17151 9861)
4(9861 17151 17152 9862)
4(9862 17152 17153 9863)
4(9863 17153 17154 9864)
4(9864 17154 17155 9865)
4(9865 17155 17156 9866)
4(9866 17156 17157 9867)
4(9867 17157 17158 9868)
4(9868 17158 17159 9869)
4(9869 17159 17160 9870)
4(9870 17160 17161 9871)
4(9871 17161 17162 9872)
4(9872 17162 17163 9873)
4(9873 17163 17164 9874)
4(9874 17164 17165 9875)
4(9875 17165 17166 9876)
4(9876 17166 17167 9877)
4(9877 17167 17168 9878)
4(9878 17168 17169 9879)
4(9879 17169 17170 9880)
4(9880 17170 17171 9881)
4(0 1 1297 1296)
4(1 2 1298 1297)
4(2 3 1299 1298)
4(3 4 1300 1299)
4(4 5 1301 1300)
4(5 6 1302 1301)
4(6 7 1303 1302)
4(7 8 1304 1303)
4(8 9 1305 1304)
4(9 10 1306 1305)
4(10 11 1307 1306)
4(11 12 1308 1307)
4(12 13 1309 1308)
4(13 14 1310 1309)
4(14 15 1311 1310)
4(15 2592 9882 1311)
4(2592 2593 9883 9882)
4(2593 2594 9884 9883)
4(2594 2595 9885 9884)
4(2595 2596 9886 9885)
4(2596 2597 9887 9886)
4(2597 2598 9888 9887)
4(2598 2599 9889 9888)
4(2599 2600 9890 9889)
4(2600 2601 9891 9890)
4(2601 2602 9892 9891)
4(2602 2603 9893 9892)
4(2603 2604 9894 9893)
4(2604 2605 9895 9894)
4(2605 2606 9896 9895)
4(2606 2607 9897 9896)
4(2607 2608 9898 9897)
4(2608 2609 9899 9898)
4(2609 2610 9900 9899)
4(2610 2611 9901 9900)
4(2611 2612 9902 9901)
4(2612 2613 9903 9902)
4(2613 2614 9904 9903)
4(2614 2615 9905 9904)
4(2615 2616 9906 9905)
4(2616 2617 9907 9906)
4(2617 2618 9908 9907)
4(2618 2619 9909 9908)
4(2619 2620 9910 9909)
4(2620 2621 9911 9910)
4(2621 2622 9912 9911)
4(2622 2623 9913 9912)
4(2623 2624 9914 9913)
4(2624 2625 9915 9914)
4(2625 2626 9916 9915)
4(2626 2627 9917 9916)
4(2627 2628 9918 9917)
4(2628 2629 9919 9918)
4(2629 2630 9920 9919)
4(2630 2631 9921 9920)
4(2631 2632 9922 9921)
4(2632 2633 9923 9922)
4(2633 2634 9924 9923)
4(2634 2635 9925 9924)
4(2635 2636 9926 9925)
4(2636 2637 9927 9926)
4(2637 2638 9928 9927)
4(2638 2639 9929 9928)
4(2639 2640 9930 9929)
4(2640 2641 9931 9930)
4(2641 2642 9932 9931)
4(2642 2643 9933 9932)
4(2643 2644 9934 9933)
4(2644 2645 9935 9934)
4(2645 2646 9936 9935)
4(2646 2647 9937 9936)
4(2647 2648 9938 9937)
4(2648 2649 9939 9938)
4(2649 2650 9940 9939)
4(2650 2651 9941 9940)
4(2651 2652 9942 9941)
4(2652 2653 9943 9942)
4(2653 2654 9944 9943)
4(2654 2655 9945 9944)
4(2655 2656 9946 9945)
4(2656 2657 9947 9946)
4(2657 2658 9948 9947)
4(2658 2659 9949 9948)
4(2659 2660 9950 9949)
4(2660 2661 9951 9950)
4(2661 2662 9952 9951)
4(2662 2663 9953 9952)
4(2663 2664 9954 9953)
4(2664 2665 9955 9954)
4(2665 2666 9956 9955)
4(2666 2667 9957 9956)
4(2667 2668 9958 9957)
4(2668 2669 9959 9958)
4(2669 2670 9960 9959)
4(2670 2671 9961 9960)
4(2671 2672 9962 9961)
4(2672 2673 9963 9962)
4(2673 2674 9964 9963)
4(2674 2675 9965 9964)
4(2675 2676 9966 9965)
4(2676 2677 9967 9966)
4(2677 2678 9968 9967)
4(2678 2679 9969 9968)
4(2679 2680 9970 9969)
4(2680 2681 9971 9970)
4(1296 1297 1313 1312)
4(1312 1313 1329 1328)
4(1328 1329 1345 1344)
4(1344 1345 1361 1360)
4(1360 1361 1377 1376)
4(1376 1377 1393 1392)
4(1392 1393 1409 1408)
4(1408 1409 1425 1424)
4(1424 1425 1441 1440)
4(1440 1441 1457 1456)
4(1456 1457 1473 1472)
4(1472 1473 1489 1488)
4(1488 1489 1505 1504)
4(1504 1505 1521 1520)
4(1520 1521 1537 1536)
4(1536 1537 1553 1552)
4(1552 1553 1569 1568)
4(1568 1569 1585 1584)
4(1584 1585 1601 1600)
4(1600 1601 1617 1616)
4(1616 1617 1633 1632)
4(1632 1633 1649 1648)
4(1648 1649 1665 1664)
4(1664 1665 1681 1680)
4(1680 1681 1697 1696)
4(1696 1697 1713 1712)
4(1712 1713 1729 1728)
4(1728 1729 1745 1744)
4(1744 1745 1761 1760)
4(1760 1761 1777 1776)
4(1776 1777 1793 1792)
4(1792 1793 1809 1808)
4(1808 1809 1825 1824)
4(1824 1825 1841 1840)
4(1840 1841 1857 1856)
4(1856 1857 1873 1872)
4(1872 1873 1889 1888)
4(1888 1889 1905 1904)
4(1904 1905 1921 1920)
4(1920 1921 1937 1936)
4(1936 1937 1953 1952)
4(1952 1953 1969 1968)
4(1968 1969 1985 1984)
4(1984 1985 2001 2000)
4(2000 2001 2017 2016)
4(2016 2017 2033 2032)
4(2032 2033 2049 2048)
4(2048 2049 2065 2064)
4(2064 2065 2081 2080)
4(2080 2081 2097 2096)
4(2096 2097 2113 2112)
4(2112 2113 2129 2128)
4(2128 2129 2145 2144)
4(2144 2145 2161 2160)
4(2160 2161 2177 2176)
4(2176 2177 2193 2192)
4(2192 2193 2209 2208)
4(2208 2209 2225 2224)
4(2224 2225 2241 2240)
4(2240 2241 2257 2256)
4(2256 2257 2273 2272)
4(2272 2273 2289 2288)
4(2288 2289 2305 2304)
4(2304 2305 2321 2320)
4(2320 2321 2337 2336)
4(2336 2337 2353 2352)
4(2352 2353 2369 2368)
4(2368 2369 2385 2384)
4(2384 2385 2401 2400)
4(2400 2401 2417 2416)
4(2416 2417 2433 2432)
4(2432 2433 2449 2448)
4(2448 2449 2465 2464)
4(2464 2465 2481 2480)
4(2480 2481 2497 2496)
4(2496 2497 2513 2512)
4(2512 2513 2529 2528)
4(2528 2529 2545 2544)
4(2544 2545 2561 2560)
4(2560 2561 2577 2576)
4(1297 1298 1314 1313)
4(1313 1314 1330 1329)
4(1329 1330 1346 1345)
4(1345 1346 1362 1361)
4(1361 1362 1378 1377)
4(1377 1378 1394 1393)
4(1393 1394 1410 1409)
4(1409 1410 1426 1425)
4(1425 1426 1442 1441)
4(1441 1442 1458 1457)
4(1457 1458 1474 1473)
4(1473 1474 1490 1489)
4(1489 1490 1506 1505)
4(1505 1506 1522 1521)
4(1521 1522 1538 1537)
4(1537 1538 1554 1553)
4(1553 1554 1570 1569)
4(1569 1570 1586 1585)
4(1585 1586 1602 1601)
4(1601 1602 1618 1617)
4(1617 1618 1634 1633)
4(1633 1634 1650 1649)
4(1649 1650 1666 1665)
4(1665 1666 1682 1681)
4(1681 1682 1698 1697)
4(1697 1698 1714 1713)
4(1713 1714 1730 1729)
4(1729 1730 1746 1745)
4(1745 1746 1762 1761)
4(1761 1762 1778 1777)
4(1777 1778 1794 1793)
4(1793 1794 1810 1809)
4(1809 1810 1826 1825)
4(1825 1826 1842 1841)
4(1841 1842 1858 1857)
4(1857 1858 1874 1873)
4(1873 1874 1890 1889)
4(1889 1890 1906 1905)
4(1905 1906 1922 1921)
4(1921 1922 1938 1937)
4(1937 1938 1954 1953)
4(1953 1954 1970 1969)
4(1969 1970 1986 1985)
4(1985 1986 2002 2001)
4(2001 2002 2018 2017)
4(2017 2018 2034 2033)
4(2033 2034 2050 2049)
4(2049 2050 2066 2065)
4(2065 2066 2082 2081)
4(2081 2082 2098 2097)
4(2097 2098 2114 2113)
4(2113 2114 2130 2129)
4(2129 2130 2146 2145)
4(2145 2146 2162 2161)
4(2161 2162 2178 2177)
4(2177 2178 2194 2193)
4(2193 2194 2210 2209)
4(2209 2210 2226 2225)
4(2225 2226 2242 2241)
4(2241 2242 2258 2257)
4(2257 2258 2274 2273)
4(2273 2274 2290 2289)
4(2289 2290 2306 2305)
4(2305 2306 2322 2321)
4(2321 2322 2338 2337)
4(2337 2338 2354 2353)
4(2353 2354 2370 2369)
4(2369 2370 2386 2385)
4(2385 2386 2402 2401)
4(2401 2402 2418 2417)
4(2417 2418 2434 2433)
4(2433 2434 2450 2449)
4(2449 2450 2466 2465)
4(2465 2466 2482 2481)
4(2481 2482 2498 2497)
4(2497 2498 2514 2513)
4(2513 2514 2530 2529)
4(2529 2530 2546 2545)
4(2545 2546 2562 2561)
4(2561 2562 2578 2577)
4(1298 1299 1315 1314)
4(1314 1315 1331 1330)
4(1330 1331 1347 1346)
4(1346 1347 1363 1362)
4(1362 1363 1379 1378)
4(1378 1379 1395 1394)
4(1394 1395 1411 1410)
4(1410 1411 1427 1426)
4(1426 1427 1443 1442)
4(1442 1443 1459 1458)
4(1458 1459 1475 1474)
4(1474 1475 1491 1490)
4(1490 1491 1507 1506)
4(1506 1507 1523 1522)
4(1522 1523 1539 1538)
4(1538 1539 1555 1554)
4(1554 1555 1571 1570)
4(1570 1571 1587 1586)
4(1586 1587 1603 1602)
4(1602 1603 1619 1618)
4(1618 1619 1635 1634)
4(1634 1635 1651 1650)
4(1650 1651 1667 1666)
4(1666 1667 1683 1682)
4(1682 1683 1699 1698)
4(1698 1699 1715 1714)
4(1714 1715 1731 1730)
4(1730 1731 1747 1746)
4(1746 1747 1763 1762)
4(1762 1763 1779 1778)
4(1778 1779 1795 1794)
4(1794 1795 1811 1810)
4(1810 1811 1827 1826)
4(1826 1827 1843 1842)
4(1842 1843 1859 1858)
4(1858 1859 1875 1874)
4(1874 1875 1891 1890)
4(1890 1891 1907 1906)
4(1906 1907 1923 1922)
4(1922 1923 1939 1938)
4(1938 1939 1955 1954)
4(1954 1955 1971 1970)
4(1970 1971 1987 1986)
4(1986 1987 2003 2002)
4(2002 2003 2019 2018)
4(2018 2019 2035 2034)
4(2034 2035 2051 2050)
4(2050 2051 2067 2066)
4(2066 2067 2083 2082)
4(2082 2083 2099 2098)
4(2098 2099 2115 2114)
4(2114 2115 2131 2130)
4(2130 2131 2147 2146)
4(2146 2147 2163 2162)
4(2162 2163 2179 2178)
4(2178 2179 2195 2194)
4(2194 2195 2211 2210)
4(2210 2211 2227 2226)
4(2226 2227 2243 2242)
4(2242 2243 2259 2258)
4(2258 2259 2275 2274)
4(2274 2275 2291 2290)
4(2290 2291 2307 2306)
4(2306 2307 2323 2322)
4(2322 2323 2339 2338)
4(2338 2339 2355 2354)
4(2354 2355 2371 2370)
4(2370 2371 2387 2386)
4(2386 2387 2403 2402)
4(2402 2403 2419 2418)
4(2418 2419 2435 2434)
4(2434 2435 2451 2450)
4(2450 2451 2467 2466)
4(2466 2467 2483 2482)
4(2482 2483 2499 2498)
4(2498 2499 2515 2514)
4(2514 2515 2531 2530)
4(2530 2531 2547 2546)
4(2546 2547 2563 2562)
4(2562 2563 2579 2578)
4(1299 1300 1316 1315)
4(1315 1316 1332 1331)
4(1331 1332 1348 1347)
4(1347 1348 1364 1363)
4(1363 1364 1380 1379)
4(1379 1380 1396 1395)
4(1395 1396 1412 1411)
4(1411 1412 1428 1427)
4(1427 1428 1444 1443)
4(1443 1444 1460 1459)
4(1459 1460 1476 1475)
4(1475 1476 1492 1491)
4(1491 1492 1508 1507)
4(1507 1508 1524 1523)
4(1523 1524 1540 1539)
4(1539 1540 1556 1555)
4(1555 1556 1572 1571)
4(1571 1572 1588 1587)
4(1587 1588 1604 1603)
4(1603 1604 1620 1619)
4(1619 1620 1636 1635)
4(1635 1636 1652 1651)
4(1651 1652 1668 1667)
4(1667 1668 1684 1683)
4(1683 1684 1700 1699)
4(1699 1700 1716 1715)
4(1715 1716 1732 1731)
4(1731 1732 1748 1747)
4(1747 1748 1764 1763)
4(1763 1764 1780 1779)
4(1779 1780 1796 1795)
4(1795 1796 1812 1811)
4(1811 1812 1828 1827)
4(1827 1828 1844 1843)
4(1843 1844 1860 1859)
4(1859 1860 1876 1875)
4(1875 1876 1892 1891)
4(1891 1892 1908 1907)
4(1907 1908 1924 1923)
4(1923 1924 1940 1939)
4(1939 1940 1956 1955)
4(1955 1956 1972 1971)
4(1971 1972 1988 1987)
4(1987 1988 2004 2003)
4(2003 2004 2020 2019)
4(2019 2020 2036 2035)
4(2035 2036 2052 2051)
4(2051 2052 2068 2067)
4(2067 2068 2084 2083)
4(2083 2084 2100 2099)
4(2099 2100 2116 2115)
4(2115 2116 2132 2131)
4(2131 2132 2148 2147)
4(2147 2148 2164 2163)
4(2163 2164 2180 2179)
4(2179 2180 2196 2195)
4(2195 2196 2212 2211)
4(2211 2212 2228 2227)
4(2227 2228 2244 2243)
4(2243 2244 2260 2259)
4(2259 2260 2276 2275)
4(2275 2276 2292 2291)
4(2291 2292 2308 2307)
4(2307 2308 2324 2323)
4(2323 2324 2340 2339)
4(2339 2340 2356 2355)
4(2355 2356 2372 2371)
4(2371 2372 2388 2387)
4(2387 2388 2404 2403)
4(2403 2404 2420 2419)
4(2419 2420 2436 2435)
4(2435 2436 2452 2451)
4(2451 2452 2468 2467)
4(2467 2468 2484 2483)
4(2483 2484 2500 2499)
4(2499 2500 2516 2515)
4(2515 2516 2532 2531)
4(2531 2532 2548 2547)
4(2547 2548 2564 2563)
4(2563 2564 2580 2579)
4(1300 1301 1317 1316)
4(1316 1317 1333 1332)
4(1332 1333 1349 1348)
4(1348 1349 1365 1364)
4(1364 1365 1381 1380)
4(1380 1381 1397 1396)
4(1396 1397 1413 1412)
4(1412 1413 1429 1428)
4(1428 1429 1445 1444)
4(1444 1445 1461 1460)
4(1460 1461 1477 1476)
4(1476 1477 1493 1492)
4(1492 1493 1509 1508)
4(1508 1509 1525 1524)
4(1524 1525 1541 1540)
4(1540 1541 1557 1556)
4(1556 1557 1573 1572)
4(1572 1573 1589 1588)
4(1588 1589 1605 1604)
4(1604 1605 1621 1620)
4(1620 1621 1637 1636)
4(1636 1637 1653 1652)
4(1652 1653 1669 1668)
4(1668 1669 1685 1684)
4(1684 1685 1701 1700)
4(1700 1701 1717 1716)
4(1716 1717 1733 1732)
4(1732 1733 1749 1748)
4(1748 1749 1765 1764)
4(1764 1765 1781 1780)
4(1780 1781 1797 1796)
4(1796 1797 1813 1812)
4(1812 1813 1829 1828)
4(1828 1829 1845 1844)
4(1844 1845 1861 1860)
4(1860 1861 1877 1876)
4(1876 1877 1893 1892)
4(1892 1893 1909 1908)
4(1908 1909 1925 1924)
4(1924 1925 1941 1940)
4(1940 1941 1957 1956)
4(1956 1957 1973 1972)
4(1972 1973 1989 1988)
4(1988 1989 2005 2004)
4(2004 2005 2021 2020)
4(2020 2021 2037 2036)
4(2036 2037 2053 2052)
4(2052 2053 2069 2068)
4(2068 2069 2085 2084)
4(2084 2085 2101 2100)
4(2100 2101 2117 2116)
4(2116 2117 2133 2132)
4(2132 2133 2149 2148)
4(2148 2149 2165 2164)
4(2164 2165 2181 2180)
4(2180 2181 2197 2196)
4(2196 2197 2213 2212)
4(2212 2213 2229 2228)
4(2228 2229 2245 2244)
4(2244 2245 2261 2260)
4(2260 2261 2277 2276)
4(2276 2277 2293 2292)
4(2292 2293 2309 2308)
4(2308 2309 2325 2324)
4(2324 2325 2341 2340)
4(2340 2341 2357 2356)
4(2356 2357 2373 2372)
4(2372 2373 2389 2388)
4(2388 2389 2405 2404)
4(2404 2405 2421 2420)
4(2420 2421 2437 2436)
4(2436 2437 2453 2452)
4(2452 2453 2469 2468)
4(2468 2469 2485 2484)
4(2484 2485 2501 2500)
4(2500 2501 2517 2516)
4(2516 2517 2533 2532)
4(2532 2533 2549 2548)
4(2548 2549 2565 2564)
4(2564 2565 2581 2580)
4(1301 1302 1318 1317)
4(1317 1318 1334 1333)
4(1333 1334 1350 1349)
4(1349 1350 1366 1365)
4(1365 1366 1382 1381)
4(1381 1382 1398 1397)
4(1397 1398 1414 1413)
4(1413 1414 1430 1429)
4(1429 1430 1446 1445)
4(1445 1446 1462 1461)
4(1461 1462 1478 1477)
4(1477 1478 1494 1493)
4(1493 1494 1510 1509)
4(1509 1510 1526 1525)
4(1525 1526 1542 1541)
4(1541 1542 1558 1557)
4(1557 1558 1574 1573)
4(1573 1574 1590 1589)
4(1589 1590 1606 1605)
4(1605 1606 1622 1621)
4(1621 1622 1638 1637)
4(1637 1638 1654 1653)
4(1653 1654 1670 1669)
4(1669 1670 1686 1685)
4(1685 1686 1702 1701)
4(1701 1702 1718 1717)
4(1717 1718 1734 1733)
4(1733 1734 1750 1749)
4(1749 1750 1766 1765)
4(1765 1766 1782 1781)
4(1781 1782 1798 1797)
4(1797 1798 1814 1813)
4(1813 1814 1830 1829)
4(1829 1830 1846 1845)
4(1845 1846 1862 1861)
4(1861 1862 1878 1877)
4(1877 1878 1894 1893)
4(1893 1894 1910 1909)
4(1909 1910 1926 1925)
4(1925 1926 1942 1941)
4(1941 1942 1958 1957)
4(1957 1958 1974 1973)
4(1973 1974 1990 1989)
4(1989 1990 2006 2005)
4(2005 2006 2022 2021)
4(2021 2022 2038 2037)
4(2037 2038 2054 2053)
4(2053 2054 2070 2069)
4(2069 2070 2086 2085)
4(2085 2086 2102 2101)
4(2101 2102 2118 2117)
4(2117 2118 2134 2133)
4(2133 2134 2150 2149)
4(2149 2150 2166 2165)
4(2165 2166 2182 2181)
4(2181 2182 2198 2197)
4(2197 2198 2214 2213)
4(2213 2214 2230 2229)
4(2229 2230 2246 2245)
4(2245 2246 2262 2261)
4(2261 2262 2278 2277)
4(2277 2278 2294 2293)
4(2293 2294 2310 2309)
4(2309 2310 2326 2325)
4(2325 2326 2342 2341)
4(2341 2342 2358 2357)
4(2357 2358 2374 2373)
4(2373 2374 2390 2389)
4(2389 2390 2406 2405)
4(2405 2406 2422 2421)
4(2421 2422 2438 2437)
4(2437 2438 2454 2453)
4(2453 2454 2470 2469)
4(2469 2470 2486 2485)
4(2485 2486 2502 2501)
4(2501 2502 2518 2517)
4(2517 2518 2534 2533)
4(2533 2534 2550 2549)
4(2549 2550 2566 2565)
4(2565 2566 2582 2581)
4(1302 1303 1319 1318)
4(1318 1319 1335 1334)
4(1334 1335 1351 1350)
4(1350 1351 1367 1366)
4(1366 1367 1383 1382)
4(1382 1383 1399 1398)
4(1398 1399 1415 1414)
4(1414 1415 1431 1430)
4(1430 1431 1447 1446)
4(1446 1447 1463 1462)
4(1462 1463 1479 1478)
4(1478 1479 1495 1494)
4(1494 1495 1511 1510)
4(1510 1511 1527 1526)
4(1526 1527 1543 1542)
4(1542 1543 1559 1558)
4(1558 1559 1575 1574)
4(1574 1575 1591 1590)
4(1590 1591 1607 1606)
4(1606 1607 1623 1622)
4(1622 1623 1639 1638)
4(1638 1639 1655 1654)
4(1654 1655 1671 1670)
4(1670 1671 1687 1686)
4(1686 1687 1703 1702)
4(1702 1703 1719 1718)
4(1718 1719 1735 1734)
4(1734 1735 1751 1750)
4(1750 1751 1767 1766)
4(1766 1767 1783 1782)
4(1782 1783 1799 1798)
4(1798 1799 1815 1814)
4(1814 1815 1831 1830)
4(1830 1831 1847 1846)
4(1846 1847 1863 1862)
4(1862 1863 1879 1878)
4(1878 1879 1895 1894)
4(1894 1895 1911 1910)
4(1910 1911 1927 1926)
4(1926 1927 1943 1942)
4(1942 1943 1959 1958)
4(1958 1959 1975 1974)
4(1974 1975 1991 1990)
4(1990 1991 2007 2006)
4(2006 2007 2023 2022)
4(2022 2023 2039 2038)
4(2038 2039 2055 2054)
4(2054 2055 2071 2070)
4(2070 2071 2087 2086)
4(2086 2087 2103 2102)
4(2102 2103 2119 2118)
4(2118 2119 2135 2134)
4(2134 2135 2151 2150)
4(2150 2151 2167 2166)
4(2166 2167 2183 2182)
4(2182 2183 2199 2198)
4(2198 2199 2215 2214)
4(2214 2215 2231 2230)
4(2230 2231 2247 2246)
4(2246 2247 2263 2262)
4(2262 2263 2279 2278)
4(2278 2279 2295 2294)
4(2294 2295 2311 2310)
4(2310 2311 2327 2326)
4(2326 2327 2343 2342)
4(2342 2343 2359 2358)
4(2358 2359 2375 2374)
4(2374 2375 2391 2390)
4(2390 2391 2407 2406)
4(2406 2407 2423 2422)
4(2422 2423 2439 2438)
4(2438 2439 2455 2454)
4(2454 2455 2471 2470)
4(2470 2471 2487 2486)
4(2486 2487 2503 2502)
4(2502 2503 2519 2518)
4(2518 2519 2535 2534)
4(2534 2535 2551 2550)
4(2550 2551 2567 2566)
4(2566 2567 2583 2582)
4(1303 1304 1320 1319)
4(1319 1320 1336 1335)
4(1335 1336 1352 1351)
4(1351 1352 1368 1367)
4(1367 1368 1384 1383)
4(1383 1384 1400 1399)
4(1399 1400 1416 1415)
4(1415 1416 1432 1431)
4(1431 1432 1448 1447)
4(1447 1448 1464 1463)
4(1463 1464 1480 1479)
4(1479 1480 1496 1495)
4(1495 1496 1512 1511)
4(1511 1512 1528 1527)
4(1527 1528 1544 1543)
4(1543 1544 1560 1559)
4(1559 1560 1576 1575)
4(1575 1576 1592 1591)
4(1591 1592 1608 1607)
4(1607 1608 1624 1623)
4(1623 1624 1640 1639)
4(1639 1640 1656 1655)
4(1655 1656 1672 1671)
4(1671 1672 1688 1687)
4(1687 1688 1704 1703)
4(1703 1704 1720 1719)
4(1719 1720 1736 1735)
4(1735 1736 1752 1751)
4(1751 1752 1768 1767)
4(1767 1768 1784 1783)
4(1783 1784 1800 1799)
4(1799 1800 1816 1815)
4(1815 1816 1832 1831)
4(1831 1832 1848 1847)
4(1847 1848 1864 1863)
4(1863 1864 1880 1879)
4(1879 1880 1896 1895)
4(1895 1896 1912 1911)
4(1911 1912 1928 1927)
4(1927 1928 1944 1943)
4(1943 1944 1960 1959)
4(1959 1960 1976 1975)
4(1975 1976 1992 1991)
4(1991 1992 2008 2007)
4(2007 2008 2024 2023)
4(2023 2024 2040 2039)
4(2039 2040 2056 2055)
4(2055 2056 2072 2071)
4(2071 2072 2088 2087)
4(2087 2088 2104 2103)
4(2103 2104 2120 2119)
4(2119 2120 2136 2135)
4(2135 2136 2152 2151)
4(2151 2152 2168 2167)
4(2167 2168 2184 2183)
4(2183 2184 2200 2199)
4(2199 2200 2216 2215)
4(2215 2216 2232 2231)
4(2231 2232 2248 2247)
4(2247 2248 2264 2263)
4(2263 2264 2280 2279)
4(2279 2280 2296 2295)
4(2295 2296 2312 2311)
4(2311 2312 2328 2327)
4(2327 2328 2344 2343)
4(2343 2344 2360 2359)
4(2359 2360 2376 2375)
4(2375 2376 2392 2391)
4(2391 2392 2408 2407)
4(2407 2408 2424 2423)
4(2423 2424 2440 2439)
4(2439 2440 2456 2455)
4(2455 2456 2472 2471)
4(2471 2472 2488 2487)
4(2487 2488 2504 2503)
4(2503 2504 2520 2519)
4(2519 2520 2536 2535)
4(2535 2536 2552 2551)
4(2551 2552 2568 2567)
4(2567 2568 2584 2583)
4(1304 1305 1321 1320)
4(1320 1321 1337 1336)
4(1336 1337 1353 1352)
4(1352 1353 1369 1368)
4(1368 1369 1385 1384)
4(1384 1385 1401 1400)
4(1400 1401 1417 1416)
4(1416 1417 1433 1432)
4(1432 1433 1449 1448)
4(1448 1449 1465 1464)
4(1464 1465 1481 1480)
4(1480 1481 1497 1496)
4(1496 1497 1513 1512)
4(1512 1513 1529 1528)
4(1528 1529 1545 1544)
4(1544 1545 1561 1560)
4(1560 1561 1577 1576)
4(1576 1577 1593 1592)
4(1592 1593 1609 1608)
4(1608 1609 1625 1624)
4(1624 1625 1641 1640)
4(1640 1641 1657 1656)
4(1656 1657 1673 1672)
4(1672 1673 1689 1688)
4(1688 1689 1705 1704)
4(1704 1705 1721 1720)
4(1720 1721 1737 1736)
4(1736 1737 1753 1752)
4(1752 1753 1769 1768)
4(1768 1769 1785 1784)
4(1784 1785 1801 1800)
4(1800 1801 1817 1816)
4(1816 1817 1833 1832)
4(1832 1833 1849 1848)
4(1848 1849 1865 1864)
4(1864 1865 1881 1880)
4(1880 1881 1897 1896)
4(1896 1897 1913 1912)
4(1912 1913 1929 1928)
4(1928 1929 1945 1944)
4(1944 1945 1961 1960)
4(1960 1961 1977 1976)
4(1976 1977 1993 1992)
4(1992 1993 2009 2008)
4(2008 2009 2025 2024)
4(2024 2025 2041 2040)
4(2040 2041 2057 2056)
4(2056 2057 2073 2072)
4(2072 2073 2089 2088)
4(2088 2089 2105 2104)
4(2104 2105 2121 2120)
4(2120 2121 2137 2136)
4(2136 2137 2153 2152)
4(2152 2153 2169 2168)
4(2168 2169 2185 2184)
4(2184 2185 2201 2200)
4(2200 2201 2217 2216)
4(2216 2217 2233 2232)
4(2232 2233 2249 2248)
4(2248 2249 2265 2264)
4(2264 2265 2281 2280)
4(2280 2281 2297 2296)
4(2296 2297 2313 2312)
4(2312 2313 2329 2328)
4(2328 2329 2345 2344)
4(2344 2345 2361 2360)
4(2360 2361 2377 2376)
4(2376 2377 2393 2392)
4(2392 2393 2409 2408)
4(2408 2409 2425 2424)
4(2424 2425 2441 2440)
4(2440 2441 2457 2456)
4(2456 2457 2473 2472)
4(2472 2473 2489 2488)
4(2488 2489 2505 2504)
4(2504 2505 2521 2520)
4(2520 2521 2537 2536)
4(2536 2537 2553 2552)
4(2552 2553 2569 2568)
4(2568 2569 2585 2584)
4(1305 1306 1322 1321)
4(1321 1322 1338 1337)
4(1337 1338 1354 1353)
4(1353 1354 1370 1369)
4(1369 1370 1386 1385)
4(1385 1386 1402 1401)
4(1401 1402 1418 1417)
4(1417 1418 1434 1433)
4(1433 1434 1450 1449)
4(1449 1450 1466 1465)
4(1465 1466 1482 1481)
4(1481 1482 1498 1497)
4(1497 1498 1514 1513)
4(1513 1514 1530 1529)
4(1529 1530 1546 1545)
4(1545 1546 1562 1561)
4(1561 1562 1578 1577)
4(1577 1578 1594 1593)
4(1593 1594 1610 1609)
4(1609 1610 1626 1625)
4(1625 1626 1642 1641)
4(1641 1642 1658 1657)
4(1657 1658 1674 1673)
4(1673 1674 1690 1689)
4(1689 1690 1706 1705)
4(1705 1706 1722 1721)
4(1721 1722 1738 1737)
4(1737 1738 1754 1753)
4(1753 1754 1770 1769)
4(1769 1770 1786 1785)
4(1785 1786 1802 1801)
4(1801 1802 1818 1817)
4(1817 1818 1834 1833)
4(1833 1834 1850 1849)
4(1849 1850 1866 1865)
4(1865 1866 1882 1881)
4(1881 1882 1898 1897)
4(1897 1898 1914 1913)
4(1913 1914 1930 1929)
4(1929 1930 1946 1945)
4(1945 1946 1962 1961)
4(1961 1962 1978 1977)
4(1977 1978 1994 1993)
4(1993 1994 2010 2009)
4(2009 2010 2026 2025)
4(2025 2026 2042 2041)
4(2041 2042 2058 2057)
4(2057 2058 2074 2073)
4(2073 2074 2090 2089)
4(2089 2090 2106 2105)
4(2105 2106 2122 2121)
4(2121 2122 2138 2137)
4(2137 2138 2154 2153)
4(2153 2154 2170 2169)
4(2169 2170 2186 2185)
4(2185 2186 2202 2201)
4(2201 2202 2218 2217)
4(2217 2218 2234 2233)
4(2233 2234 2250 2249)
4(2249 2250 2266 2265)
4(2265 2266 2282 2281)
4(2281 2282 2298 2297)
4(2297 2298 2314 2313)
4(2313 2314 2330 2329)
4(2329 2330 2346 2345)
4(2345 2346 2362 2361)
4(2361 2362 2378 2377)
4(2377 2378 2394 2393)
4(2393 2394 2410 2409)
4(2409 2410 2426 2425)
4(2425 2426 2442 2441)
4(2441 2442 2458 2457)
4(2457 2458 2474 2473)
4(2473 2474 2490 2489)
4(2489 2490 2506 2505)
4(2505 2506 2522 2521)
4(2521 2522 2538 2537)
4(2537 2538 2554 2553)
4(2553 2554 2570 2569)
4(2569 2570 2586 2585)
4(1306 1307 1323 1322)
4(1322 1323 1339 1338)
4(1338 1339 1355 1354)
4(1354 1355 1371 1370)
4(1370 1371 1387 1386)
4(1386 1387 1403 1402)
4(1402 1403 1419 1418)
4(1418 1419 1435 1434)
4(1434 1435 1451 1450)
4(1450 1451 1467 1466)
4(1466 1467 1483 1482)
4(1482 1483 1499 1498)
4(1498 1499 1515 1514)
4(1514 1515 1531 1530)
4(1530 1531 1547 1546)
4(1546 1547 1563 1562)
4(1562 1563 1579 1578)
4(1578 1579 1595 1594)
4(1594 1595 1611 1610)
4(1610 1611 1627 1626)
4(1626 1627 1643 1642)
4(1642 1643 1659 1658)
4(1658 1659 1675 1674)
4(1674 1675 1691 1690)
4(1690 1691 1707 1706)
4(1706 1707 1723 1722)
4(1722 1723 1739 1738)
4(1738 1739 1755 1754)
4(1754 1755 1771 1770)
4(1770 1771 1787 1786)
4(1786 1787 1803 1802)
4(1802 1803 1819 1818)
4(1818 1819 1835 1834)
4(1834 1835 1851 1850)
4(1850 1851 1867 1866)
4(1866 1867 1883 1882)
4(1882 1883 1899 1898)
4(1898 1899 1915 1914)
4(1914 1915 1931 1930)
4(1930 1931 1947 1946)
4(1946 1947 1963 1962)
4(1962 1963 1979 1978)
4(1978 1979 1995 1994)
4(1994 1995 2011 2010)
4(2010 2011 2027 2026)
4(2026 2027 2043 2042)
4(2042 2043 2059 2058)
4(2058 2059 2075 2074)
4(2074 2075 2091 2090)
4(2090 2091 2107 2106)
4(2106 2107 2123 2122)
4(2122 2123 2139 2138)
4(2138 2139 2155 2154)
4(2154 2155 2171 2170)
4(2170 2171 2187 2186)
4(2186 2187 2203 2202)
4(2202 2203 2219 2218)
4(2218 2219 2235 2234)
4(2234 2235 2251 2250)
4(2250 2251 2267 2266)
4(2266 2267 2283 2282)
4(2282 2283 2299 2298)
4(2298 2299 2315 2314)
4(2314 2315 2331 2330)
4(2330 2331 2347 2346)
4(2346 2347 2363 2362)
4(2362 2363 2379 2378)
4(2378 2379 2395 2394)
4(2394 2395 2411 2410)
4(2410 2411 2427 2426)
4(2426 2427 2443 2442)
4(2442 2443 2459 2458)
4(2458 2459 2475 2474)
4(2474 2475 2491 2490)
4(2490 2491 2507 2506)
4(2506 2507 2523 2522)
4(2522 2523 2539 2538)
4(2538 2539 2555 2554)
4(2554 2555 2571 2570)
4(2570 2571 2587 2586)
4(1307 1308 1324 1323)
4(1323 1324 1340 1339)
4(1339 1340 1356 1355)
4(1355 1356 1372 1371)
4(1371 1372 1388 1387)
4(1387 1388 1404 1403)
4(1403 1404 1420 1419)
4(1419 1420 1436 1435)
4(1435 1436 1452 1451)
4(1451 1452 1468 1467)
4(1467 1468 1484 1483)
4(1483 1484 1500 1499)
4(1499 1500 1516 1515)
4(1515 1516 1532 1531)
4(1531 1532 1548 1547)
4(1547 1548 1564 1563)
4(1563 1564 1580 1579)
4(1579 1580 1596 1595)
4(1595 1596 1612 1611)
4(1611 1612 1628 1627)
4(1627 1628 1644 1643)
4(1643 1644 1660 1659)
4(1659 1660 1676 1675)
4(1675 1676 1692 1691)
4(1691 1692 1708 1707)
4(1707 1708 1724 1723)
4(1723 1724 1740 1739)
4(1739 1740 1756 1755)
4(1755 1756 1772 1771)
4(1771 1772 1788 1787)
4(1787 1788 1804 1803)
4(1803 1804 1820 1819)
4(1819 1820 1836 1835)
4(1835 1836 1852 1851)
4(1851 1852 1868 1867)
4(1867 1868 1884 1883)
4(1883 1884 1900 1899)
4(1899 1900 1916 1915)
4(1915 1916 1932 1931)
4(1931 1932 1948 1947)
4(1947 1948 1964 1963)
4(1963 1964 1980 1979)
4(1979 1980 1996 1995)
4(1995 1996 2012 2011)
4(2011 2012 2028 2027)
4(2027 2028 2044 2043)
4(2043 2044 2060 2059)
4(2059 2060 2076 2075)
4(2075 2076 2092 2091)
4(2091 2092 2108 2107)
4(2107 2108 2124 2123)
4(2123 2124 2140 2139)
4(2139 2140 2156 2155)
4(2155 2156 2172 2171)
4(2171 2172 2188 2187)
4(2187 2188 2204 2203)
4(2203 2204 2220 2219)
4(2219 2220 2236 2235)
4(2235 2236 2252 2251)
4(2251 2252 2268 2267)
4(2267 2268 2284 2283)
4(2283 2284 2300 2299)
4(2299 2300 2316 2315)
4(2315 2316 2332 2331)
4(2331 2332 2348 2347)
4(2347 2348 2364 2363)
4(2363 2364 2380 2379)
4(2379 2380 2396 2395)
4(2395 2396 2412 2411)
4(2411 2412 2428 2427)
4(2427 2428 2444 2443)
4(2443 2444 2460 2459)
4(2459 2460 2476 2475)
4(2475 2476 2492 2491)
4(2491 2492 2508 2507)
4(2507 2508 2524 2523)
4(2523 2524 2540 2539)
4(2539 2540 2556 2555)
4(2555 2556 2572 2571)
4(2571 2572 2588 2587)
4(1308 1309 1325 1324)
4(1324 1325 1341 1340)
4(1340 1341 1357 1356)
4(1356 1357 1373 1372)
4(1372 1373 1389 1388)
4(1388 1389 1405 1404)
4(1404 1405 1421 1420)
4(1420 1421 1437 1436)
4(1436 1437 1453 1452)
4(1452 1453 1469 1468)
4(1468 1469 1485 1484)
4(1484 1485 1501 1500)
4(1500 1501 1517 1516)
4(1516 1517 1533 1532)
4(1532 1533 1549 1548)
4(1548 1549 1565 1564)
4(1564 1565 1581 1580)
4(1580 1581 1597 1596)
4(1596 1597 1613 1612)
4(1612 1613 1629 1628)
4(1628 1629 1645 1644)
4(1644 1645 1661 1660)
4(1660 1661 1677 1676)
4(1676 1677 1693 1692)
4(1692 1693 1709 1708)
4(1708 1709 1725 1724)
4(1724 1725 1741 1740)
4(1740 1741 1757 1756)
4(1756 1757 1773 1772)
4(1772 1773 1789 1788)
4(1788 1789 1805 1804)
4(1804 1805 1821 1820)
4(1820 1821 1837 1836)
4(1836 1837 1853 1852)
4(1852 1853 1869 1868)
4(1868 1869 1885 1884)
4(1884 1885 1901 1900)
4(1900 1901 1917 1916)
4(1916 1917 1933 1932)
4(1932 1933 1949 1948)
4(1948 1949 1965 1964)
4(1964 1965 1981 1980)
4(1980 1981 1997 1996)
4(1996 1997 2013 2012)
4(2012 2013 2029 2028)
4(2028 2029 2045 2044)
4(2044 2045 2061 2060)
4(2060 2061 2077 2076)
4(2076 2077 2093 2092)
4(2092 2093 2109 2108)
4(2108 2109 2125 2124)
4(2124 2125 2141 2140)
4(2140 2141 2157 2156)
4(2156 2157 2173 2172)
4(2172 2173 2189 2188)
4(2188 2189 2205 2204)
4(2204 2205 2221 2220)
4(2220 2221 2237 2236)
4(2236 2237 2253 2252)
4(2252 2253 2269 2268)
4(2268 2269 2285 2284)
4(2284 2285 2301 2300)
4(2300 2301 2317 2316)
4(2316 2317 2333 2332)
4(2332 2333 2349 2348)
4(2348 2349 2365 2364)
4(2364 2365 2381 2380)
4(2380 2381 2397 2396)
4(2396 2397 2413 2412)
4(2412 2413 2429 2428)
4(2428 2429 2445 2444)
4(2444 2445 2461 2460)
4(2460 2461 2477 2476)
4(2476 2477 2493 2492)
4(2492 2493 2509 2508)
4(2508 2509 2525 2524)
4(2524 2525 2541 2540)
4(2540 2541 2557 2556)
4(2556 2557 2573 2572)
4(2572 2573 2589 2588)
4(1309 1310 1326 1325)
4(1325 1326 1342 1341)
4(1341 1342 1358 1357)
4(1357 1358 1374 1373)
4(1373 1374 1390 1389)
4(1389 1390 1406 1405)
4(1405 1406 1422 1421)
4(1421 1422 1438 1437)
4(1437 1438 1454 1453)
4(1453 1454 1470 1469)
4(1469 1470 1486 1485)
4(1485 1486 1502 1501)
4(1501 1502 1518 1517)
4(1517 1518 1534 1533)
4(1533 1534 1550 1549)
4(1549 1550 1566 1565)
4(1565 1566 1582 1581)
4(1581 1582 1598 1597)
4(1597 1598 1614 1613)
4(1613 1614 1630 1629)
4(1629 1630 1646 1645)
4(1645 1646 1662 1661)
4(1661 1662 1678 1677)
4(1677 1678 1694 1693)
4(1693 1694 1710 1709)
4(1709 1710 1726 1725)
4(1725 1726 1742 1741)
4(1741 1742 1758 1757)
4(1757 1758 1774 1773)
4(1773 1774 1790 1789)
4(1789 1790 1806 1805)
4(1805 1806 1822 1821)
4(1821 1822 1838 1837)
4(1837 1838 1854 1853)
4(1853 1854 1870 1869)
4(1869 1870 1886 1885)
4(1885 1886 1902 1901)
4(1901 1902 1918 1917)
4(1917 1918 1934 1933)
4(1933 1934 1950 1949)
4(1949 1950 1966 1965)
4(1965 1966 1982 1981)
4(1981 1982 1998 1997)
4(1997 1998 2014 2013)
4(2013 2014 2030 2029)
4(2029 2030 2046 2045)
4(2045 2046 2062 2061)
4(2061 2062 2078 2077)
4(2077 2078 2094 2093)
4(2093 2094 2110 2109)
4(2109 2110 2126 2125)
4(2125 2126 2142 2141)
4(2141 2142 2158 2157)
4(2157 2158 2174 2173)
4(2173 2174 2190 2189)
4(2189 2190 2206 2205)
4(2205 2206 2222 2221)
4(2221 2222 2238 2237)
4(2237 2238 2254 2253)
4(2253 2254 2270 2269)
4(2269 2270 2286 2285)
4(2285 2286 2302 2301)
4(2301 2302 2318 2317)
4(2317 2318 2334 2333)
4(2333 2334 2350 2349)
4(2349 2350 2366 2365)
4(2365 2366 2382 2381)
4(2381 2382 2398 2397)
4(2397 2398 2414 2413)
4(2413 2414 2430 2429)
4(2429 2430 2446 2445)
4(2445 2446 2462 2461)
4(2461 2462 2478 2477)
4(2477 2478 2494 2493)
4(2493 2494 2510 2509)
4(2509 2510 2526 2525)
4(2525 2526 2542 2541)
4(2541 2542 2558 2557)
4(2557 2558 2574 2573)
4(2573 2574 2590 2589)
4(1310 1311 1327 1326)
4(1326 1327 1343 1342)
4(1342 1343 1359 1358)
4(1358 1359 1375 1374)
4(1374 1375 1391 1390)
4(1390 1391 1407 1406)
4(1406 1407 1423 1422)
4(1422 1423 1439 1438)
4(1438 1439 1455 1454)
4(1454 1455 1471 1470)
4(1470 1471 1487 1486)
4(1486 1487 1503 1502)
4(1502 1503 1519 1518)
4(1518 1519 1535 1534)
4(1534 1535 1551 1550)
4(1550 1551 1567 1566)
4(1566 1567 1583 1582)
4(1582 1583 1599 1598)
4(1598 1599 1615 1614)
4(1614 1615 1631 1630)
4(1630 1631 1647 1646)
4(1646 1647 1663 1662)
4(1662 1663 1679 1678)
4(1678 1679 1695 1694)
4(1694 1695 1711 1710)
4(1710 1711 1727 1726)
4(1726 1727 1743 1742)
4(1742 1743 1759 1758)
4(1758 1759 1775 1774)
4(1774 1775 1791 1790)
4(1790 1791 1807 1806)
4(1806 1807 1823 1822)
4(1822 1823 1839 1838)
4(1838 1839 1855 1854)
4(1854 1855 1871 1870)
4(1870 1871 1887 1886)
4(1886 1887 1903 1902)
4(1902 1903 1919 1918)
4(1918 1919 1935 1934)
4(1934 1935 1951 1950)
4(1950 1951 1967 1966)
4(1966 1967 1983 1982)
4(1982 1983 1999 1998)
4(1998 1999 2015 2014)
4(2014 2015 2031 2030)
4(2030 2031 2047 2046)
4(2046 2047 2063 2062)
4(2062 2063 2079 2078)
4(2078 2079 2095 2094)
4(2094 2095 2111 2110)
4(2110 2111 2127 2126)
4(2126 2127 2143 2142)
4(2142 2143 2159 2158)
4(2158 2159 2175 2174)
4(2174 2175 2191 2190)
4(2190 2191 2207 2206)
4(2206 2207 2223 2222)
4(2222 2223 2239 2238)
4(2238 2239 2255 2254)
4(2254 2255 2271 2270)
4(2270 2271 2287 2286)
4(2286 2287 2303 2302)
4(2302 2303 2319 2318)
4(2318 2319 2335 2334)
4(2334 2335 2351 2350)
4(2350 2351 2367 2366)
4(2366 2367 2383 2382)
4(2382 2383 2399 2398)
4(2398 2399 2415 2414)
4(2414 2415 2431 2430)
4(2430 2431 2447 2446)
4(2446 2447 2463 2462)
4(2462 2463 2479 2478)
4(2478 2479 2495 2494)
4(2494 2495 2511 2510)
4(2510 2511 2527 2526)
4(2526 2527 2543 2542)
4(2542 2543 2559 2558)
4(2558 2559 2575 2574)
4(2574 2575 2591 2590)
4(1311 9882 9972 1327)
4(1327 9972 10062 1343)
4(1343 10062 10152 1359)
4(1359 10152 10242 1375)
4(1375 10242 10332 1391)
4(1391 10332 10422 1407)
4(1407 10422 10512 1423)
4(1423 10512 10602 1439)
4(1439 10602 10692 1455)
4(1455 10692 10782 1471)
4(1471 10782 10872 1487)
4(1487 10872 10962 1503)
4(1503 10962 11052 1519)
4(1519 11052 11142 1535)
4(1535 11142 11232 1551)
4(1551 11232 11322 1567)
4(1567 11322 11412 1583)
4(1583 11412 11502 1599)
4(1599 11502 11592 1615)
4(1615 11592 11682 1631)
4(1631 11682 11772 1647)
4(1647 11772 11862 1663)
4(1663 11862 11952 1679)
4(1679 11952 12042 1695)
4(1695 12042 12132 1711)
4(1711 12132 12222 1727)
4(1727 12222 12312 1743)
4(1743 12312 12402 1759)
4(1759 12402 12492 1775)
4(1775 12492 12582 1791)
4(1791 12582 12672 1807)
4(1807 12672 12762 1823)
4(1823 12762 12852 1839)
4(1839 12852 12942 1855)
4(1855 12942 13032 1871)
4(1871 13032 13122 1887)
4(1887 13122 13212 1903)
4(1903 13212 13302 1919)
4(1919 13302 13392 1935)
4(1935 13392 13482 1951)
4(1951 13482 13572 1967)
4(1967 13572 13662 1983)
4(1983 13662 13752 1999)
4(1999 13752 13842 2015)
4(2015 13842 13932 2031)
4(2031 13932 14022 2047)
4(2047 14022 14112 2063)
4(2063 14112 14202 2079)
4(2079 14202 14292 2095)
4(2095 14292 14382 2111)
4(2111 14382 14472 2127)
4(2127 14472 14562 2143)
4(2143 14562 14652 2159)
4(2159 14652 14742 2175)
4(2175 14742 14832 2191)
4(2191 14832 14922 2207)
4(2207 14922 15012 2223)
4(2223 15012 15102 2239)
4(2239 15102 15192 2255)
4(2255 15192 15282 2271)
4(2271 15282 15372 2287)
4(2287 15372 15462 2303)
4(2303 15462 15552 2319)
4(2319 15552 15642 2335)
4(2335 15642 15732 2351)
4(2351 15732 15822 2367)
4(2367 15822 15912 2383)
4(2383 15912 16002 2399)
4(2399 16002 16092 2415)
4(2415 16092 16182 2431)
4(2431 16182 16272 2447)
4(2447 16272 16362 2463)
4(2463 16362 16452 2479)
4(2479 16452 16542 2495)
4(2495 16542 16632 2511)
4(2511 16632 16722 2527)
4(2527 16722 16812 2543)
4(2543 16812 16902 2559)
4(2559 16902 16992 2575)
4(2575 16992 17082 2591)
4(9882 9883 9973 9972)
4(9972 9973 10063 10062)
4(10062 10063 10153 10152)
4(10152 10153 10243 10242)
4(10242 10243 10333 10332)
4(10332 10333 10423 10422)
4(10422 10423 10513 10512)
4(10512 10513 10603 10602)
4(10602 10603 10693 10692)
4(10692 10693 10783 10782)
4(10782 10783 10873 10872)
4(10872 10873 10963 10962)
4(10962 10963 11053 11052)
4(11052 11053 11143 11142)
4(11142 11143 11233 11232)
4(11232 11233 11323 11322)
4(11322 11323 11413 11412)
4(11412 11413 11503 11502)
4(11502 11503 11593 11592)
4(11592 11593 11683 11682)
4(11682 11683 11773 11772)
4(11772 11773 11863 11862)
4(11862 11863 11953 11952)
4(11952 11953 12043 12042)
4(12042 12043 12133 12132)
4(12132 12133 12223 12222)
4(12222 12223 12313 12312)
4(12312 12313 12403 12402)
4(12402 12403 12493 12492)
4(12492 12493 12583 12582)
4(12582 12583 12673 12672)
4(12672 12673 12763 12762)
4(12762 12763 12853 12852)
4(12852 12853 12943 12942)
4(12942 12943 13033 13032)
4(13032 13033 13123 13122)
4(13122 13123 13213 13212)
4(13212 13213 13303 13302)
4(13302 13303 13393 13392)
4(13392 13393 13483 13482)
4(13482 13483 13573 13572)
4(13572 13573 13663 13662)
4(13662 13663 13753 13752)
4(13752 13753 13843 13842)
4(13842 13843 13933 13932)
4(13932 13933 14023 14022)
4(14022 14023 14113 14112)
4(14112 14113 14203 14202)
4(14202 14203 14293 14292)
4(14292 14293 14383 14382)
4(14382 14383 14473 14472)
4(14472 14473 14563 14562)
4(14562 14563 14653 14652)
4(14652 14653 14743 14742)
4(14742 14743 14833 14832)
4(14832 14833 14923 14922)
4(14922 14923 15013 15012)
4(15012 15013 15103 15102)
4(15102 15103 15193 15192)
4(15192 15193 15283 15282)
4(15282 15283 15373 15372)
4(15372 15373 15463 15462)
4(15462 15463 15553 15552)
4(15552 15553 15643 15642)
4(15642 15643 15733 15732)
4(15732 15733 15823 15822)
4(15822 15823 15913 15912)
4(15912 15913 16003 16002)
4(16002 16003 16093 16092)
4(16092 16093 16183 16182)
4(16182 16183 16273 16272)
4(16272 16273 16363 16362)
4(16362 16363 16453 16452)
4(16452 16453 16543 16542)
4(16542 16543 16633 16632)
4(16632 16633 16723 16722)
4(16722 16723 16813 16812)
4(16812 16813 16903 16902)
4(16902 16903 16993 16992)
4(16992 16993 17083 17082)
4(9883 9884 9974 9973)
4(9973 9974 10064 10063)
4(10063 10064 10154 10153)
4(10153 10154 10244 10243)
4(10243 10244 10334 10333)
4(10333 10334 10424 10423)
4(10423 10424 10514 10513)
4(10513 10514 10604 10603)
4(10603 10604 10694 10693)
4(10693 10694 10784 10783)
4(10783 10784 10874 10873)
4(10873 10874 10964 10963)
4(10963 10964 11054 11053)
4(11053 11054 11144 11143)
4(11143 11144 11234 11233)
4(11233 11234 11324 11323)
4(11323 11324 11414 11413)
4(11413 11414 11504 11503)
4(11503 11504 11594 11593)
4(11593 11594 11684 11683)
4(11683 11684 11774 11773)
4(11773 11774 11864 11863)
4(11863 11864 11954 11953)
4(11953 11954 12044 12043)
4(12043 12044 12134 12133)
4(12133 12134 12224 12223)
4(12223 12224 12314 12313)
4(12313 12314 12404 12403)
4(12403 12404 12494 12493)
4(12493 12494 12584 12583)
4(12583 12584 12674 12673)
4(12673 12674 12764 12763)
4(12763 12764 12854 12853)
4(12853 12854 12944 12943)
4(12943 12944 13034 13033)
4(13033 13034 13124 13123)
4(13123 13124 13214 13213)
4(13213 13214 13304 13303)
4(13303 13304 13394 13393)
4(13393 13394 13484 13483)
4(13483 13484 13574 13573)
4(13573 13574 13664 13663)
4(13663 13664 13754 13753)
4(13753 13754 13844 13843)
4(13843 13844 13934 13933)
4(13933 13934 14024 14023)
4(14023 14024 14114 14113)
4(14113 14114 14204 14203)
4(14203 14204 14294 14293)
4(14293 14294 14384 14383)
4(14383 14384 14474 14473)
4(14473 14474 14564 14563)
4(14563 14564 14654 14653)
4(14653 14654 14744 14743)
4(14743 14744 14834 14833)
4(14833 14834 14924 14923)
4(14923 14924 15014 15013)
4(15013 15014 15104 15103)
4(15103 15104 15194 15193)
4(15193 15194 15284 15283)
4(15283 15284 15374 15373)
4(15373 15374 15464 15463)
4(15463 15464 15554 15553)
4(15553 15554 15644 15643)
4(15643 15644 15734 15733)
4(15733 15734 15824 15823)
4(15823 15824 15914 15913)
4(15913 15914 16004 16003)
4(16003 16004 16094 16093)
4(16093 16094 16184 16183)
4(16183 16184 16274 16273)
4(16273 16274 16364 16363)
4(16363 16364 16454 16453)
4(16453 16454 16544 16543)
4(16543 16544 16634 16633)
4(16633 16634 16724 16723)
4(16723 16724 16814 16813)
4(16813 16814 16904 16903)
4(16903 16904 16994 16993)
4(16993 16994 17084 17083)
4(9884 9885 9975 9974)
4(9974 9975 10065 10064)
4(10064 10065 10155 10154)
4(10154 10155 10245 10244)
4(10244 10245 10335 10334)
4(10334 10335 10425 10424)
4(10424 10425 10515 10514)
4(10514 10515 10605 10604)
4(10604 10605 10695 10694)
4(10694 10695 10785 10784)
4(10784 10785 10875 10874)
4(10874 10875 10965 10964)
4(10964 10965 11055 11054)
4(11054 11055 11145 11144)
4(11144 11145 11235 11234)
4(11234 11235 11325 11324)
4(11324 11325 11415 11414)
4(11414 11415 11505 11504)
4(11504 11505 11595 11594)
4(11594 11595 11685 11684)
4(11684 11685 11775 11774)
4(11774 11775 11865 11864)
4(11864 11865 11955 11954)
4(11954 11955 12045 12044)
4(12044 12045 12135 12134)
4(12134 12135 12225 12224)
4(12224 12225 12315 12314)
4(12314 12315 12405 12404)
4(12404 12405 12495 12494)
4(12494 12495 12585 12584)
4(12584 12585 12675 12674)
4(12674 12675 12765 12764)
4(12764 12765 12855 12854)
4(12854 12855 12945 12944)
4(12944 12945 13035 13034)
4(13034 13035 13125 13124)
4(13124 13125 13215 13214)
4(13214 13215 13305 13304)
4(13304 13305 13395 13394)
4(13394 13395 13485 13484)
4(13484 13485 13575 13574)
4(13574 13575 13665 13664)
4(13664 13665 13755 13754)
4(13754 13755 13845 13844)
4(13844 13845 13935 13934)
4(13934 13935 14025 14024)
4(14024 14025 14115 14114)
4(14114 14115 14205 14204)
4(14204 14205 14295 14294)
4(14294 14295 14385 14384)
4(14384 14385 14475 14474)
4(14474 14475 14565 14564)
4(14564 14565 14655 14654)
4(14654 14655 14745 14744)
4(14744 14745 14835 14834)
4(14834 14835 14925 14924)
4(14924 14925 15015 15014)
4(15014 15015 15105 15104)
4(15104 15105 15195 15194)
4(15194 15195 15285 15284)
4(15284 15285 15375 15374)
4(15374 15375 15465 15464)
4(15464 15465 15555 15554)
4(15554 15555 15645 15644)
4(15644 15645 15735 15734)
4(15734 15735 15825 15824)
4(15824 15825 15915 15914)
4(15914 15915 16005 16004)
4(16004 16005 16095 16094)
4(16094 16095 16185 16184)
4(16184 16185 16275 16274)
4(16274 16275 16365 16364)
4(16364 16365 16455 16454)
4(16454 16455 16545 16544)
4(16544 16545 16635 16634)
4(16634 16635 16725 16724)
4(16724 16725 16815 16814)
4(16814 16815 16905 16904)
4(16904 16905 16995 16994)
4(16994 16995 17085 17084)
4(9885 9886 9976 9975)
4(9975 9976 10066 10065)
4(10065 10066 10156 10155)
4(10155 10156 10246 10245)
4(10245 10246 10336 10335)
4(10335 10336 10426 10425)
4(10425 10426 10516 10515)
4(10515 10516 10606 10605)
4(10605 10606 10696 10695)
4(10695 10696 10786 10785)
4(10785 10786 10876 10875)
4(10875 10876 10966 10965)
4(10965 10966 11056 11055)
4(11055 11056 11146 11145)
4(11145 11146 11236 11235)
4(11235 11236 11326 11325)
4(11325 11326 11416 11415)
4(11415 11416 11506 11505)
4(11505 11506 11596 11595)
4(11595 11596 11686 11685)
4(11685 11686 11776 11775)
4(11775 11776 11866 11865)
4(11865 11866 11956 11955)
4(11955 11956 12046 12045)
4(12045 12046 12136 12135)
4(12135 12136 12226 12225)
4(12225 12226 12316 12315)
4(12315 12316 12406 12405)
4(12405 12406 12496 12495)
4(12495 12496 12586 12585)
4(12585 12586 12676 12675)
4(12675 12676 12766 12765)
4(12765 12766 12856 12855)
4(12855 12856 12946 12945)
4(12945 12946 13036 13035)
4(13035 13036 13126 13125)
4(13125 13126 13216 13215)
4(13215 13216 13306 13305)
4(13305 13306 13396 13395)
4(13395 13396 13486 13485)
4(13485 13486 13576 13575)
4(13575 13576 13666 13665)
4(13665 13666 13756 13755)
4(13755 13756 13846 13845)
4(13845 13846 13936 13935)
4(13935 13936 14026 14025)
4(14025 14026 14116 14115)
4(14115 14116 14206 14205)
4(14205 14206 14296 14295)
4(14295 14296 14386 14385)
4(14385 14386 14476 14475)
4(14475 14476 14566 14565)
4(14565 14566 14656 14655)
4(14655 14656 14746 14745)
4(14745 14746 14836 14835)
4(14835 14836 14926 14925)
4(14925 14926 15016 15015)
4(15015 15016 15106 15105)
4(15105 15106 15196 15195)
4(15195 15196 15286 15285)
4(15285 15286 15376 15375)
4(15375 15376 15466 15465)
4(15465 15466 15556 15555)
4(15555 15556 15646 15645)
4(15645 15646 15736 15735)
4(15735 15736 15826 15825)
4(15825 15826 15916 15915)
4(15915 15916 16006 16005)
4(16005 16006 16096 16095)
4(16095 16096 16186 16185)
4(16185 16186 16276 16275)
4(16275 16276 16366 16365)
4(16365 16366 16456 16455)
4(16455 16456 16546 16545)
4(16545 16546 16636 16635)
4(16635 16636 16726 16725)
4(16725 16726 16816 16815)
4(16815 16816 16906 16905)
4(16905 16906 16996 16995)
4(16995 16996 17086 17085)
4(9886 9887 9977 9976)
4(9976 9977 10067 10066)
4(10066 10067 10157 10156)
4(10156 10157 10247 10246)
4(10246 10247 10337 10336)
4(10336 10337 10427 10426)
4(10426 10427 10517 10516)
4(10516 10517 10607 10606)
4(10606 10607 10697 10696)
4(10696 10697 10787 10786)
4(10786 10787 10877 10876)
4(10876 10877 10967 10966)
4(10966 10967 11057 11056)
4(11056 11057 11147 11146)
4(11146 11147 11237 11236)
4(11236 11237 11327 11326)
4(11326 11327 11417 11416)
4(11416 11417 11507 11506)
4(11506 11507 11597 11596)
4(11596 11597 11687 11686)
4(11686 11687 11777 11776)
4(11776 11777 11867 11866)
4(11866 11867 11957 11956)
4(11956 11957 12047 12046)
4(12046 12047 12137 12136)
4(12136 12137 12227 12226)
4(12226 12227 12317 12316)
4(12316 12317 12407 12406)
4(12406 12407 12497 12496)
4(12496 12497 12587 12586)
4(12586 12587 12677 12676)
4(12676 12677 12767 12766)
4(12766 12767 12857 12856)
4(12856 12857 12947 12946)
4(12946 12947 13037 13036)
4(13036 13037 13127 13126)
4(13126 13127 13217 13216)
4(13216 13217 13307 13306)
4(13306 13307 13397 13396)
4(13396 13397 13487 13486)
4(13486 13487 13577 13576)
4(13576 13577 13667 13666)
4(13666 13667 13757 13756)
4(13756 13757 13847 13846)
4(13846 13847 13937 13936)
4(13936 13937 14027 14026)
4(14026 14027 14117 14116)
4(14116 14117 14207 14206)
4(14206 14207 14297 14296)
4(14296 14297 14387 14386)
4(14386 14387 14477 14476)
4(14476 14477 14567 14566)
4(14566 14567 14657 14656)
4(14656 14657 14747 14746)
4(14746 14747 14837 14836)
4(14836 14837 14927 14926)
4(14926 14927 15017 15016)
4(15016 15017 15107 15106)
4(15106 15107 15197 15196)
4(15196 15197 15287 15286)
4(15286 15287 15377 15376)
4(15376 15377 15467 15466)
4(15466 15467 15557 15556)
4(15556 15557 15647 15646)
4(15646 15647 15737 15736)
4(15736 15737 15827 15826)
4(15826 15827 15917 15916)
4(15916 15917 16007 16006)
4(16006 16007 16097 16096)
4(16096 16097 16187 16186)
4(16186 16187 16277 16276)
4(16276 16277 16367 16366)
4(16366 16367 16457 16456)
4(16456 16457 16547 16546)
4(16546 16547 16637 16636)
4(16636 16637 16727 16726)
4(16726 16727 16817 16816)
4(16816 16817 16907 16906)
4(16906 16907 16997 16996)
4(16996 16997 17087 17086)
4(9887 9888 9978 9977)
4(9977 9978 10068 10067)
4(10067 10068 10158 10157)
4(10157 10158 10248 10247)
4(10247 10248 10338 10337)
4(10337 10338 10428 10427)
4(10427 10428 10518 10517)
4(10517 10518 10608 10607)
4(10607 10608 10698 10697)
4(10697 10698 10788 10787)
4(10787 10788 10878 10877)
4(10877 10878 10968 10967)
4(10967 10968 11058 11057)
4(11057 11058 11148 11147)
4(11147 11148 11238 11237)
4(11237 11238 11328 11327)
4(11327 11328 11418 11417)
4(11417 11418 11508 11507)
4(11507 11508 11598 11597)
4(11597 11598 11688 11687)
4(11687 11688 11778 11777)
4(11777 11778 11868 11867)
4(11867 11868 11958 11957)
4(11957 11958 12048 12047)
4(12047 12048 12138 12137)
4(12137 12138 12228 12227)
4(12227 12228 12318 12317)
4(12317 12318 12408 12407)
4(12407 12408 12498 12497)
4(12497 12498 12588 12587)
4(12587 12588 12678 12677)
4(12677 12678 12768 12767)
4(12767 12768 12858 12857)
4(12857 12858 12948 12947)
4(12947 12948 13038 13037)
4(13037 13038 13128 13127)
4(13127 13128 13218 13217)
4(13217 13218 13308 13307)
4(13307 13308 13398 13397)
4(13397 13398 13488 13487)
4(13487 13488 13578 13577)
4(13577 13578 13668 13667)
4(13667 13668 13758 13757)
4(13757 13758 13848 13847)
4(13847 13848 13938 13937)
4(13937 13938 14028 14027)
4(14027 14028 14118 14117)
4(14117 14118 14208 14207)
4(14207 14208 14298 14297)
4(14297 14298 14388 14387)
4(14387 14388 14478 14477)
4(14477 14478 14568 14567)
4(14567 14568 14658 14657)
4(14657 14658 14748 14747)
4(14747 14748 14838 14837)
4(14837 14838 14928 14927)
4(14927 14928 15018 15017)
4(15017 15018 15108 15107)
4(15107 15108 15198 15197)
4(15197 15198 15288 15287)
4(15287 15288 15378 15377)
4(15377 15378 15468 15467)
4(15467 15468 15558 15557)
4(15557 15558 15648 15647)
4(15647 15648 15738 15737)
4(15737 15738 15828 15827)
4(15827 15828 15918 15917)
4(15917 15918 16008 16007)
4(16007 16008 16098 16097)
4(16097 16098 16188 16187)
4(16187 16188 16278 16277)
4(16277 16278 16368 16367)
4(16367 16368 16458 16457)
4(16457 16458 16548 16547)
4(16547 16548 16638 16637)
4(16637 16638 16728 16727)
4(16727 16728 16818 16817)
4(16817 16818 16908 16907)
4(16907 16908 16998 16997)
4(16997 16998 17088 17087)
4(9888 9889 9979 9978)
4(9978 9979 10069 10068)
4(10068 10069 10159 10158)
4(10158 10159 10249 10248)
4(10248 10249 10339 10338)
4(10338 10339 10429 10428)
4(10428 10429 10519 10518)
4(10518 10519 10609 10608)
4(10608 10609 10699 10698)
4(10698 10699 10789 10788)
4(10788 10789 10879 10878)
4(10878 10879 10969 10968)
4(10968 10969 11059 11058)
4(11058 11059 11149 11148)
4(11148 11149 11239 11238)
4(11238 11239 11329 11328)
4(11328 11329 11419 11418)
4(11418 11419 11509 11508)
4(11508 11509 11599 11598)
4(11598 11599 11689 11688)
4(11688 11689 11779 11778)
4(11778 11779 11869 11868)
4(11868 11869 11959 11958)
4(11958 11959 12049 12048)
4(12048 12049 12139 12138)
4(12138 12139 12229 12228)
4(12228 12229 12319 12318)
4(12318 12319 12409 12408)
4(12408 12409 12499 12498)
4(12498 12499 12589 12588)
4(12588 12589 12679 12678)
4(12678 12679 12769 12768)
4(12768 12769 12859 12858)
4(12858 12859 12949 12948)
4(12948 12949 13039 13038)
4(13038 13039 13129 13128)
4(13128 13129 13219 13218)
4(13218 13219 13309 13308)
4(13308 13309 13399 13398)
4(13398 13399 13489 13488)
4(13488 13489 13579 13578)
4(13578 13579 13669 13668)
4(13668 13669 13759 13758)
4(13758 13759 13849 13848)
4(13848 13849 13939 13938)
4(13938 13939 14029 14028)
4(14028 14029 14119 14118)
4(14118 14119 14209 14208)
4(14208 14209 14299 14298)
4(14298 14299 14389 14388)
4(14388 14389 14479 14478)
4(14478 14479 14569 14568)
4(14568 14569 14659 14658)
4(14658 14659 14749 14748)
4(14748 14749 14839 14838)
4(14838 14839 14929 14928)
4(14928 14929 15019 15018)
4(15018 15019 15109 15108)
4(15108 15109 15199 15198)
4(15198 15199 15289 15288)
4(15288 15289 15379 15378)
4(15378 15379 15469 15468)
4(15468 15469 15559 15558)
4(15558 15559 15649 15648)
4(15648 15649 15739 15738)
4(15738 15739 15829 15828)
4(15828 15829 15919 15918)
4(15918 15919 16009 16008)
4(16008 16009 16099 16098)
4(16098 16099 16189 16188)
4(16188 16189 16279 16278)
4(16278 16279 16369 16368)
4(16368 16369 16459 16458)
4(16458 16459 16549 16548)
4(16548 16549 16639 16638)
4(16638 16639 16729 16728)
4(16728 16729 16819 16818)
4(16818 16819 16909 16908)
4(16908 16909 16999 16998)
4(16998 16999 17089 17088)
4(9889 9890 9980 9979)
4(9979 9980 10070 10069)
4(10069 10070 10160 10159)
4(10159 10160 10250 10249)
4(10249 10250 10340 10339)
4(10339 10340 10430 10429)
4(10429 10430 10520 10519)
4(10519 10520 10610 10609)
4(10609 10610 10700 10699)
4(10699 10700 10790 10789)
4(10789 10790 10880 10879)
4(10879 10880 10970 10969)
4(10969 10970 11060 11059)
4(11059 11060 11150 11149)
4(11149 11150 11240 11239)
4(11239 11240 11330 11329)
4(11329 11330 11420 11419)
4(11419 11420 11510 11509)
4(11509 11510 11600 11599)
4(11599 11600 11690 11689)
4(11689 11690 11780 11779)
4(11779 11780 11870 11869)
4(11869 11870 11960 11959)
4(11959 11960 12050 12049)
4(12049 12050 12140 12139)
4(12139 12140 12230 12229)
4(12229 12230 12320 12319)
4(12319 12320 12410 12409)
4(12409 12410 12500 12499)
4(12499 12500 12590 12589)
4(12589 12590 12680 12679)
4(12679 12680 12770 12769)
4(12769 12770 12860 12859)
4(12859 12860 12950 12949)
4(12949 12950 13040 13039)
4(13039 13040 13130 13129)
4(13129 13130 13220 13219)
4(13219 13220 13310 13309)
4(13309 13310 13400 13399)
4(13399 13400 13490 13489)
4(13489 13490 13580 13579)
4(13579 13580 13670 13669)
4(13669 13670 13760 13759)
4(13759 13760 13850 13849)
4(13849 13850 13940 13939)
4(13939 13940 14030 14029)
4(14029 14030 14120 14119)
4(14119 14120 14210 14209)
4(14209 14210 14300 14299)
4(14299 14300 14390 14389)
4(14389 14390 14480 14479)
4(14479 14480 14570 14569)
4(14569 14570 14660 14659)
4(14659 14660 14750 14749)
4(14749 14750 14840 14839)
4(14839 14840 14930 14929)
4(14929 14930 15020 15019)
4(15019 15020 15110 15109)
4(15109 15110 15200 15199)
4(15199 15200 15290 15289)
4(15289 15290 15380 15379)
4(15379 15380 15470 15469)
4(15469 15470 15560 15559)
4(15559 15560 15650 15649)
4(15649 15650 15740 15739)
4(15739 15740 15830 15829)
4(15829 15830 15920 15919)
4(15919 15920 16010 16009)
4(16009 16010 16100 16099)
4(16099 16100 16190 16189)
4(16189 16190 16280 16279)
4(16279 16280 16370 16369)
4(16369 16370 16460 16459)
4(16459 16460 16550 16549)
4(16549 16550 16640 16639)
4(16639 16640 16730 16729)
4(16729 16730 16820 16819)
4(16819 16820 16910 16909)
4(16909 16910 17000 16999)
4(16999 17000 17090 17089)
4(9890 9891 9981 9980)
4(9980 9981 10071 10070)
4(10070 10071 10161 10160)
4(10160 10161 10251 10250)
4(10250 10251 10341 10340)
4(10340 10341 10431 10430)
4(10430 10431 10521 10520)
4(10520 10521 10611 10610)
4(10610 10611 10701 10700)
4(10700 10701 10791 10790)
4(10790 10791 10881 10880)
4(10880 10881 10971 10970)
4(10970 10971 11061 11060)
4(11060 11061 11151 11150)
4(11150 11151 11241 11240)
4(11240 11241 11331 11330)
4(11330 11331 11421 11420)
4(11420 11421 11511 11510)
4(11510 11511 11601 11600)
4(11600 11601 11691 11690)
4(11690 11691 11781 11780)
4(11780 11781 11871 11870)
4(11870 11871 11961 11960)
4(11960 11961 12051 12050)
4(12050 12051 12141 12140)
4(12140 12141 12231 12230)
4(12230 12231 12321 12320)
4(12320 12321 12411 12410)
4(12410 12411 12501 12500)
4(12500 12501 12591 12590)
4(12590 12591 12681 12680)
4(12680 12681 12771 12770)
4(12770 12771 12861 12860)
4(12860 12861 12951 12950)
4(12950 12951 13041 13040)
4(13040 13041 13131 13130)
4(13130 13131 13221 13220)
4(13220 13221 13311 13310)
4(13310 13311 13401 13400)
4(13400 13401 13491 13490)
4(13490 13491 13581 13580)
4(13580 13581 13671 13670)
4(13670 13671 13761 13760)
4(13760 13761 13851 13850)
4(13850 13851 13941 13940)
4(13940 13941 14031 14030)
4(14030 14031 14121 14120)
4(14120 14121 14211 14210)
4(14210 14211 14301 14300)
4(14300 14301 14391 14390)
4(14390 14391 14481 14480)
4(14480 14481 14571 14570)
4(14570 14571 14661 14660)
4(14660 14661 14751 14750)
4(14750 14751 14841 14840)
4(14840 14841 14931 14930)
4(14930 14931 15021 15020)
4(15020 15021 15111 15110)
4(15110 15111 15201 15200)
4(15200 15201 15291 15290)
4(15290 15291 15381 15380)
4(15380 15381 15471 15470)
4(15470 15471 15561 15560)
4(15560 15561 15651 15650)
4(15650 15651 15741 15740)
4(15740 15741 15831 15830)
4(15830 15831 15921 15920)
4(15920 15921 16011 16010)
4(16010 16011 16101 16100)
4(16100 16101 16191 16190)
4(16190 16191 16281 16280)
4(16280 16281 16371 16370)
4(16370 16371 16461 16460)
4(16460 16461 16551 16550)
4(16550 16551 16641 16640)
4(16640 16641 16731 16730)
4(16730 16731 16821 16820)
4(16820 16821 16911 16910)
4(16910 16911 17001 17000)
4(17000 17001 17091 17090)
4(9891 9892 9982 9981)
4(9981 9982 10072 10071)
4(10071 10072 10162 10161)
4(10161 10162 10252 10251)
4(10251 10252 10342 10341)
4(10341 10342 10432 10431)
4(10431 10432 10522 10521)
4(10521 10522 10612 10611)
4(10611 10612 10702 10701)
4(10701 10702 10792 10791)
4(10791 10792 10882 10881)
4(10881 10882 10972 10971)
4(10971 10972 11062 11061)
4(11061 11062 11152 11151)
4(11151 11152 11242 11241)
4(11241 11242 11332 11331)
4(11331 11332 11422 11421)
4(11421 11422 11512 11511)
4(11511 11512 11602 11601)
4(11601 11602 11692 11691)
4(11691 11692 11782 11781)
4(11781 11782 11872 11871)
4(11871 11872 11962 11961)
4(11961 11962 12052 12051)
4(12051 12052 12142 12141)
4(12141 12142 12232 12231)
4(12231 12232 12322 12321)
4(12321 12322 12412 12411)
4(12411 12412 12502 12501)
4(12501 12502 12592 12591)
4(12591 12592 12682 12681)
4(12681 12682 12772 12771)
4(12771 12772 12862 12861)
4(12861 12862 12952 12951)
4(12951 12952 13042 13041)
4(13041 13042 13132 13131)
4(13131 13132 13222 13221)
4(13221 13222 13312 13311)
4(13311 13312 13402 13401)
4(13401 13402 13492 13491)
4(13491 13492 13582 13581)
4(13581 13582 13672 13671)
4(13671 13672 13762 13761)
4(13761 13762 13852 13851)
4(13851 13852 13942 13941)
4(13941 13942 14032 14031)
4(14031 14032 14122 14121)
4(14121 14122 14212 14211)
4(14211 14212 14302 14301)
4(14301 14302 14392 14391)
4(14391 14392 14482 14481)
4(14481 14482 14572 14571)
4(14571 14572 14662 14661)
4(14661 14662 14752 14751)
4(14751 14752 14842 14841)
4(14841 14842 14932 14931)
4(14931 14932 15022 15021)
4(15021 15022 15112 15111)
4(15111 15112 15202 15201)
4(15201 15202 15292 15291)
4(15291 15292 15382 15381)
4(15381 15382 15472 15471)
4(15471 15472 15562 15561)
4(15561 15562 15652 15651)
4(15651 15652 15742 15741)
4(15741 15742 15832 15831)
4(15831 15832 15922 15921)
4(15921 15922 16012 16011)
4(16011 16012 16102 16101)
4(16101 16102 16192 16191)
4(16191 16192 16282 16281)
4(16281 16282 16372 16371)
4(16371 16372 16462 16461)
4(16461 16462 16552 16551)
4(16551 16552 16642 16641)
4(16641 16642 16732 16731)
4(16731 16732 16822 16821)
4(16821 16822 16912 16911)
4(16911 16912 17002 17001)
4(17001 17002 17092 17091)
4(9892 9893 9983 9982)
4(9982 9983 10073 10072)
4(10072 10073 10163 10162)
4(10162 10163 10253 10252)
4(10252 10253 10343 10342)
4(10342 10343 10433 10432)
4(10432 10433 10523 10522)
4(10522 10523 10613 10612)
4(10612 10613 10703 10702)
4(10702 10703 10793 10792)
4(10792 10793 10883 10882)
4(10882 10883 10973 10972)
4(10972 10973 11063 11062)
4(11062 11063 11153 11152)
4(11152 11153 11243 11242)
4(11242 11243 11333 11332)
4(11332 11333 11423 11422)
4(11422 11423 11513 11512)
4(11512 11513 11603 11602)
4(11602 11603 11693 11692)
4(11692 11693 11783 11782)
4(11782 11783 11873 11872)
4(11872 11873 11963 11962)
4(11962 11963 12053 12052)
4(12052 12053 12143 12142)
4(12142 12143 12233 12232)
4(12232 12233 12323 12322)
4(12322 12323 12413 12412)
4(12412 12413 12503 12502)
4(12502 12503 12593 12592)
4(12592 12593 12683 12682)
4(12682 12683 12773 12772)
4(12772 12773 12863 12862)
4(12862 12863 12953 12952)
4(12952 12953 13043 13042)
4(13042 13043 13133 13132)
4(13132 13133 13223 13222)
4(13222 13223 13313 13312)
4(13312 13313 13403 13402)
4(13402 13403 13493 13492)
4(13492 13493 13583 13582)
4(13582 13583 13673 13672)
4(13672 13673 13763 13762)
4(13762 13763 13853 13852)
4(13852 13853 13943 13942)
4(13942 13943 14033 14032)
4(14032 14033 14123 14122)
4(14122 14123 14213 14212)
4(14212 14213 14303 14302)
4(14302 14303 14393 14392)
4(14392 14393 14483 14482)
4(14482 14483 14573 14572)
4(14572 14573 14663 14662)
4(14662 14663 14753 14752)
4(14752 14753 14843 14842)
4(14842 14843 14933 14932)
4(14932 14933 15023 15022)
4(15022 15023 15113 15112)
4(15112 15113 15203 15202)
4(15202 15203 15293 15292)
4(15292 15293 15383 15382)
4(15382 15383 15473 15472)
4(15472 15473 15563 15562)
4(15562 15563 15653 15652)
4(15652 15653 15743 15742)
4(15742 15743 15833 15832)
4(15832 15833 15923 15922)
4(15922 15923 16013 16012)
4(16012 16013 16103 16102)
4(16102 16103 16193 16192)
4(16192 16193 16283 16282)
4(16282 16283 16373 16372)
4(16372 16373 16463 16462)
4(16462 16463 16553 16552)
4(16552 16553 16643 16642)
4(16642 16643 16733 16732)
4(16732 16733 16823 16822)
4(16822 16823 16913 16912)
4(16912 16913 17003 17002)
4(17002 17003 17093 17092)
4(9893 9894 9984 9983)
4(9983 9984 10074 10073)
4(10073 10074 10164 10163)
4(10163 10164 10254 10253)
4(10253 10254 10344 10343)
4(10343 10344 10434 10433)
4(10433 10434 10524 10523)
4(10523 10524 10614 10613)
4(10613 10614 10704 10703)
4(10703 10704 10794 10793)
4(10793 10794 10884 10883)
4(10883 10884 10974 10973)
4(10973 10974 11064 11063)
4(11063 11064 11154 11153)
4(11153 11154 11244 11243)
4(11243 11244 11334 11333)
4(11333 11334 11424 11423)
4(11423 11424 11514 11513)
4(11513 11514 11604 11603)
4(11603 11604 11694 11693)
4(11693 11694 11784 11783)
4(11783 11784 11874 11873)
4(11873 11874 11964 11963)
4(11963 11964 12054 12053)
4(12053 12054 12144 12143)
4(12143 12144 12234 12233)
4(12233 12234 12324 12323)
4(12323 12324 12414 12413)
4(12413 12414 12504 12503)
4(12503 12504 12594 12593)
4(12593 12594 12684 12683)
4(12683 12684 12774 12773)
4(12773 12774 12864 12863)
4(12863 12864 12954 12953)
4(12953 12954 13044 13043)
4(13043 13044 13134 13133)
4(13133 13134 13224 13223)
4(13223 13224 13314 13313)
4(13313 13314 13404 13403)
4(13403 13404 13494 13493)
4(13493 13494 13584 13583)
4(13583 13584 13674 13673)
4(13673 13674 13764 13763)
4(13763 13764 13854 13853)
4(13853 13854 13944 13943)
4(13943 13944 14034 14033)
4(14033 14034 14124 14123)
4(14123 14124 14214 14213)
4(14213 14214 14304 14303)
4(14303 14304 14394 14393)
4(14393 14394 14484 14483)
4(14483 14484 14574 14573)
4(14573 14574 14664 14663)
4(14663 14664 14754 14753)
4(14753 14754 14844 14843)
4(14843 14844 14934 14933)
4(14933 14934 15024 15023)
4(15023 15024 15114 15113)
4(15113 15114 15204 15203)
4(15203 15204 15294 15293)
4(15293 15294 15384 15383)
4(15383 15384 15474 15473)
4(15473 15474 15564 15563)
4(15563 15564 15654 15653)
4(15653 15654 15744 15743)
4(15743 15744 15834 15833)
4(15833 15834 15924 15923)
4(15923 15924 16014 16013)
4(16013 16014 16104 16103)
4(16103 16104 16194 16193)
4(16193 16194 16284 16283)
4(16283 16284 16374 16373)
4(16373 16374 16464 16463)
4(16463 16464 16554 16553)
4(16553 16554 16644 16643)
4(16643 16644 16734 16733)
4(16733 16734 16824 16823)
4(16823 16824 16914 16913)
4(16913 16914 17004 17003)
4(17003 17004 17094 17093)
4(9894 9895 9985 9984)
4(9984 9985 10075 10074)
4(10074 10075 10165 10164)
4(10164 10165 10255 10254)
4(10254 10255 10345 10344)
4(10344 10345 10435 10434)
4(10434 10435 10525 10524)
4(10524 10525 10615 10614)
4(10614 10615 10705 10704)
4(10704 10705 10795 10794)
4(10794 10795 10885 10884)
4(10884 10885 10975 10974)
4(10974 10975 11065 11064)
4(11064 11065 11155 11154)
4(11154 11155 11245 11244)
4(11244 11245 11335 11334)
4(11334 11335 11425 11424)
4(11424 11425 11515 11514)
4(11514 11515 11605 11604)
4(11604 11605 11695 11694)
4(11694 11695 11785 11784)
4(11784 11785 11875 11874)
4(11874 11875 11965 11964)
4(11964 11965 12055 12054)
4(12054 12055 12145 12144)
4(12144 12145 12235 12234)
4(12234 12235 12325 12324)
4(12324 12325 12415 12414)
4(12414 12415 12505 12504)
4(12504 12505 12595 12594)
4(12594 12595 12685 12684)
4(12684 12685 12775 12774)
4(12774 12775 12865 12864)
4(12864 12865 12955 12954)
4(12954 12955 13045 13044)
4(13044 13045 13135 13134)
4(13134 13135 13225 13224)
4(13224 13225 13315 13314)
4(13314 13315 13405 13404)
4(13404 13405 13495 13494)
4(13494 13495 13585 13584)
4(13584 13585 13675 13674)
4(13674 13675 13765 13764)
4(13764 13765 13855 13854)
4(13854 13855 13945 13944)
4(13944 13945 14035 14034)
4(14034 14035 14125 14124)
4(14124 14125 14215 14214)
4(14214 14215 14305 14304)
4(14304 14305 14395 14394)
4(14394 14395 14485 14484)
4(14484 14485 14575 14574)
4(14574 14575 14665 14664)
4(14664 14665 14755 14754)
4(14754 14755 14845 14844)
4(14844 14845 14935 14934)
4(14934 14935 15025 15024)
4(15024 15025 15115 15114)
4(15114 15115 15205 15204)
4(15204 15205 15295 15294)
4(15294 15295 15385 15384)
4(15384 15385 15475 15474)
4(15474 15475 15565 15564)
4(15564 15565 15655 15654)
4(15654 15655 15745 15744)
4(15744 15745 15835 15834)
4(15834 15835 15925 15924)
4(15924 15925 16015 16014)
4(16014 16015 16105 16104)
4(16104 16105 16195 16194)
4(16194 16195 16285 16284)
4(16284 16285 16375 16374)
4(16374 16375 16465 16464)
4(16464 16465 16555 16554)
4(16554 16555 16645 16644)
4(16644 16645 16735 16734)
4(16734 16735 16825 16824)
4(16824 16825 16915 16914)
4(16914 16915 17005 17004)
4(17004 17005 17095 17094)
4(9895 9896 9986 9985)
4(9985 9986 10076 10075)
4(10075 10076 10166 10165)
4(10165 10166 10256 10255)
4(10255 10256 10346 10345)
4(10345 10346 10436 10435)
4(10435 10436 10526 10525)
4(10525 10526 10616 10615)
4(10615 10616 10706 10705)
4(10705 10706 10796 10795)
4(10795 10796 10886 10885)
4(10885 10886 10976 10975)
4(10975 10976 11066 11065)
4(11065 11066 11156 11155)
4(11155 11156 11246 11245)
4(11245 11246 11336 11335)
4(11335 11336 11426 11425)
4(11425 11426 11516 11515)
4(11515 11516 11606 11605)
4(11605 11606 11696 11695)
4(11695 11696 11786 11785)
4(11785 11786 11876 11875)
4(11875 11876 11966 11965)
4(11965 11966 12056 12055)
4(12055 12056 12146 12145)
4(12145 12146 12236 12235)
4(12235 12236 12326 12325)
4(12325 12326 12416 12415)
4(12415 12416 12506 12505)
4(12505 12506 12596 12595)
4(12595 12596 12686 12685)
4(12685 12686 12776 12775)
4(12775 12776 12866 12865)
4(12865 12866 12956 12955)
4(12955 12956 13046 13045)
4(13045 13046 13136 13135)
4(13135 13136 13226 13225)
4(13225 13226 13316 13315)
4(13315 13316 13406 13405)
4(13405 13406 13496 13495)
4(13495 13496 13586 13585)
4(13585 13586 13676 13675)
4(13675 13676 13766 13765)
4(13765 13766 13856 13855)
4(13855 13856 13946 13945)
4(13945 13946 14036 14035)
4(14035 14036 14126 14125)
4(14125 14126 14216 14215)
4(14215 14216 14306 14305)
4(14305 14306 14396 14395)
4(14395 14396 14486 14485)
4(14485 14486 14576 14575)
4(14575 14576 14666 14665)
4(14665 14666 14756 14755)
4(14755 14756 14846 14845)
4(14845 14846 14936 14935)
4(14935 14936 15026 15025)
4(15025 15026 15116 15115)
4(15115 15116 15206 15205)
4(15205 15206 15296 15295)
4(15295 15296 15386 15385)
4(15385 15386 15476 15475)
4(15475 15476 15566 15565)
4(15565 15566 15656 15655)
4(15655 15656 15746 15745)
4(15745 15746 15836 15835)
4(15835 15836 15926 15925)
4(15925 15926 16016 16015)
4(16015 16016 16106 16105)
4(16105 16106 16196 16195)
4(16195 16196 16286 16285)
4(16285 16286 16376 16375)
4(16375 16376 16466 16465)
4(16465 16466 16556 16555)
4(16555 16556 16646 16645)
4(16645 16646 16736 16735)
4(16735 16736 16826 16825)
4(16825 16826 16916 16915)
4(16915 16916 17006 17005)
4(17005 17006 17096 17095)
4(9896 9897 9987 9986)
4(9986 9987 10077 10076)
4(10076 10077 10167 10166)
4(10166 10167 10257 10256)
4(10256 10257 10347 10346)
4(10346 10347 10437 10436)
4(10436 10437 10527 10526)
4(10526 10527 10617 10616)
4(10616 10617 10707 10706)
4(10706 10707 10797 10796)
4(10796 10797 10887 10886)
4(10886 10887 10977 10976)
4(10976 10977 11067 11066)
4(11066 11067 11157 11156)
4(11156 11157 11247 11246)
4(11246 11247 11337 11336)
4(11336 11337 11427 11426)
4(11426 11427 11517 11516)
4(11516 11517 11607 11606)
4(11606 11607 11697 11696)
4(11696 11697 11787 11786)
4(11786 11787 11877 11876)
4(11876 11877 11967 11966)
4(11966 11967 12057 12056)
4(12056 12057 12147 12146)
4(12146 12147 12237 12236)
4(12236 12237 12327 12326)
4(12326 12327 12417 12416)
4(12416 12417 12507 12506)
4(12506 12507 12597 12596)
4(12596 12597 12687 12686)
4(12686 12687 12777 12776)
4(12776 12777 12867 12866)
4(12866 12867 12957 12956)
4(12956 12957 13047 13046)
4(13046 13047 13137 13136)
4(13136 13137 13227 13226)
4(13226 13227 13317 13316)
4(13316 13317 13407 13406)
4(13406 13407 13497 13496)
4(13496 13497 13587 13586)
4(13586 13587 13677 13676)
4(13676 13677 13767 13766)
4(13766 13767 13857 13856)
4(13856 13857 13947 13946)
4(13946 13947 14037 14036)
4(14036 14037 14127 14126)
4(14126 14127 14217 14216)
4(14216 14217 14307 14306)
4(14306 14307 14397 14396)
4(14396 14397 14487 14486)
4(14486 14487 14577 14576)
4(14576 14577 14667 14666)
4(14666 14667 14757 14756)
4(14756 14757 14847 14846)
4(14846 14847 14937 14936)
4(14936 14937 15027 15026)
4(15026 15027 15117 15116)
4(15116 15117 15207 15206)
4(15206 15207 15297 15296)
4(15296 15297 15387 15386)
4(15386 15387 15477 15476)
4(15476 15477 15567 15566)
4(15566 15567 15657 15656)
4(15656 15657 15747 15746)
4(15746 15747 15837 15836)
4(15836 15837 15927 15926)
4(15926 15927 16017 16016)
4(16016 16017 16107 16106)
4(16106 16107 16197 16196)
4(16196 16197 16287 16286)
4(16286 16287 16377 16376)
4(16376 16377 16467 16466)
4(16466 16467 16557 16556)
4(16556 16557 16647 16646)
4(16646 16647 16737 16736)
4(16736 16737 16827 16826)
4(16826 16827 16917 16916)
4(16916 16917 17007 17006)
4(17006 17007 17097 17096)
4(9897 9898 9988 9987)
4(9987 9988 10078 10077)
4(10077 10078 10168 10167)
4(10167 10168 10258 10257)
4(10257 10258 10348 10347)
4(10347 10348 10438 10437)
4(10437 10438 10528 10527)
4(10527 10528 10618 10617)
4(10617 10618 10708 10707)
4(10707 10708 10798 10797)
4(10797 10798 10888 10887)
4(10887 10888 10978 10977)
4(10977 10978 11068 11067)
4(11067 11068 11158 11157)
4(11157 11158 11248 11247)
4(11247 11248 11338 11337)
4(11337 11338 11428 11427)
4(11427 11428 11518 11517)
4(11517 11518 11608 11607)
4(11607 11608 11698 11697)
4(11697 11698 11788 11787)
4(11787 11788 11878 11877)
4(11877 11878 11968 11967)
4(11967 11968 12058 12057)
4(12057 12058 12148 12147)
4(12147 12148 12238 12237)
4(12237 12238 12328 12327)
4(12327 12328 12418 12417)
4(12417 12418 12508 12507)
4(12507 12508 12598 12597)
4(12597 12598 12688 12687)
4(12687 12688 12778 12777)
4(12777 12778 12868 12867)
4(12867 12868 12958 12957)
4(12957 12958 13048 13047)
4(13047 13048 13138 13137)
4(13137 13138 13228 13227)
4(13227 13228 13318 13317)
4(13317 13318 13408 13407)
4(13407 13408 13498 13497)
4(13497 13498 13588 13587)
4(13587 13588 13678 13677)
4(13677 13678 13768 13767)
4(13767 13768 13858 13857)
4(13857 13858 13948 13947)
4(13947 13948 14038 14037)
4(14037 14038 14128 14127)
4(14127 14128 14218 14217)
4(14217 14218 14308 14307)
4(14307 14308 14398 14397)
4(14397 14398 14488 14487)
4(14487 14488 14578 14577)
4(14577 14578 14668 14667)
4(14667 14668 14758 14757)
4(14757 14758 14848 14847)
4(14847 14848 14938 14937)
4(14937 14938 15028 15027)
4(15027 15028 15118 15117)
4(15117 15118 15208 15207)
4(15207 15208 15298 15297)
4(15297 15298 15388 15387)
4(15387 15388 15478 15477)
4(15477 15478 15568 15567)
4(15567 15568 15658 15657)
4(15657 15658 15748 15747)
4(15747 15748 15838 15837)
4(15837 15838 15928 15927)
4(15927 15928 16018 16017)
4(16017 16018 16108 16107)
4(16107 16108 16198 16197)
4(16197 16198 16288 16287)
4(16287 16288 16378 16377)
4(16377 16378 16468 16467)
4(16467 16468 16558 16557)
4(16557 16558 16648 16647)
4(16647 16648 16738 16737)
4(16737 16738 16828 16827)
4(16827 16828 16918 16917)
4(16917 16918 17008 17007)
4(17007 17008 17098 17097)
4(9898 9899 9989 9988)
4(9988 9989 10079 10078)
4(10078 10079 10169 10168)
4(10168 10169 10259 10258)
4(10258 10259 10349 10348)
4(10348 10349 10439 10438)
4(10438 10439 10529 10528)
4(10528 10529 10619 10618)
4(10618 10619 10709 10708)
4(10708 10709 10799 10798)
4(10798 10799 10889 10888)
4(10888 10889 10979 10978)
4(10978 10979 11069 11068)
4(11068 11069 11159 11158)
4(11158 11159 11249 11248)
4(11248 11249 11339 11338)
4(11338 11339 11429 11428)
4(11428 11429 11519 11518)
4(11518 11519 11609 11608)
4(11608 11609 11699 11698)
4(11698 11699 11789 11788)
4(11788 11789 11879 11878)
4(11878 11879 11969 11968)
4(11968 11969 12059 12058)
4(12058 12059 12149 12148)
4(12148 12149 12239 12238)
4(12238 12239 12329 12328)
4(12328 12329 12419 12418)
4(12418 12419 12509 12508)
4(12508 12509 12599 12598)
4(12598 12599 12689 12688)
4(12688 12689 12779 12778)
4(12778 12779 12869 12868)
4(12868 12869 12959 12958)
4(12958 12959 13049 13048)
4(13048 13049 13139 13138)
4(13138 13139 13229 13228)
4(13228 13229 13319 13318)
4(13318 13319 13409 13408)
4(13408 13409 13499 13498)
4(13498 13499 13589 13588)
4(13588 13589 13679 13678)
4(13678 13679 13769 13768)
4(13768 13769 13859 13858)
4(13858 13859 13949 13948)
4(13948 13949 14039 14038)
4(14038 14039 14129 14128)
4(14128 14129 14219 14218)
4(14218 14219 14309 14308)
4(14308 14309 14399 14398)
4(14398 14399 14489 14488)
4(14488 14489 14579 14578)
4(14578 14579 14669 14668)
4(14668 14669 14759 14758)
4(14758 14759 14849 14848)
4(14848 14849 14939 14938)
4(14938 14939 15029 15028)
4(15028 15029 15119 15118)
4(15118 15119 15209 15208)
4(15208 15209 15299 15298)
4(15298 15299 15389 15388)
4(15388 15389 15479 15478)
4(15478 15479 15569 15568)
4(15568 15569 15659 15658)
4(15658 15659 15749 15748)
4(15748 15749 15839 15838)
4(15838 15839 15929 15928)
4(15928 15929 16019 16018)
4(16018 16019 16109 16108)
4(16108 16109 16199 16198)
4(16198 16199 16289 16288)
4(16288 16289 16379 16378)
4(16378 16379 16469 16468)
4(16468 16469 16559 16558)
4(16558 16559 16649 16648)
4(16648 16649 16739 16738)
4(16738 16739 16829 16828)
4(16828 16829 16919 16918)
4(16918 16919 17009 17008)
4(17008 17009 17099 17098)
4(9899 9900 9990 9989)
4(9989 9990 10080 10079)
4(10079 10080 10170 10169)
4(10169 10170 10260 10259)
4(10259 10260 10350 10349)
4(10349 10350 10440 10439)
4(10439 10440 10530 10529)
4(10529 10530 10620 10619)
4(10619 10620 10710 10709)
4(10709 10710 10800 10799)
4(10799 10800 10890 10889)
4(10889 10890 10980 10979)
4(10979 10980 11070 11069)
4(11069 11070 11160 11159)
4(11159 11160 11250 11249)
4(11249 11250 11340 11339)
4(11339 11340 11430 11429)
4(11429 11430 11520 11519)
4(11519 11520 11610 11609)
4(11609 11610 11700 11699)
4(11699 11700 11790 11789)
4(11789 11790 11880 11879)
4(11879 11880 11970 11969)
4(11969 11970 12060 12059)
4(12059 12060 12150 12149)
4(12149 12150 12240 12239)
4(12239 12240 12330 12329)
4(12329 12330 12420 12419)
4(12419 12420 12510 12509)
4(12509 12510 12600 12599)
4(12599 12600 12690 12689)
4(12689 12690 12780 12779)
4(12779 12780 12870 12869)
4(12869 12870 12960 12959)
4(12959 12960 13050 13049)
4(13049 13050 13140 13139)
4(13139 13140 13230 13229)
4(13229 13230 13320 13319)
4(13319 13320 13410 13409)
4(13409 13410 13500 13499)
4(13499 13500 13590 13589)
4(13589 13590 13680 13679)
4(13679 13680 13770 13769)
4(13769 13770 13860 13859)
4(13859 13860 13950 13949)
4(13949 13950 14040 14039)
4(14039 14040 14130 14129)
4(14129 14130 14220 14219)
4(14219 14220 14310 14309)
4(14309 14310 14400 14399)
4(14399 14400 14490 14489)
4(14489 14490 14580 14579)
4(14579 14580 14670 14669)
4(14669 14670 14760 14759)
4(14759 14760 14850 14849)
4(14849 14850 14940 14939)
4(14939 14940 15030 15029)
4(15029 15030 15120 15119)
4(15119 15120 15210 15209)
4(15209 15210 15300 15299)
4(15299 15300 15390 15389)
4(15389 15390 15480 15479)
4(15479 15480 15570 15569)
4(15569 15570 15660 15659)
4(15659 15660 15750 15749)
4(15749 15750 15840 15839)
4(15839 15840 15930 15929)
4(15929 15930 16020 16019)
4(16019 16020 16110 16109)
4(16109 16110 16200 16199)
4(16199 16200 16290 16289)
4(16289 16290 16380 16379)
4(16379 16380 16470 16469)
4(16469 16470 16560 16559)
4(16559 16560 16650 16649)
4(16649 16650 16740 16739)
4(16739 16740 16830 16829)
4(16829 16830 16920 16919)
4(16919 16920 17010 17009)
4(17009 17010 17100 17099)
4(9900 9901 9991 9990)
4(9990 9991 10081 10080)
4(10080 10081 10171 10170)
4(10170 10171 10261 10260)
4(10260 10261 10351 10350)
4(10350 10351 10441 10440)
4(10440 10441 10531 10530)
4(10530 10531 10621 10620)
4(10620 10621 10711 10710)
4(10710 10711 10801 10800)
4(10800 10801 10891 10890)
4(10890 10891 10981 10980)
4(10980 10981 11071 11070)
4(11070 11071 11161 11160)
4(11160 11161 11251 11250)
4(11250 11251 11341 11340)
4(11340 11341 11431 11430)
4(11430 11431 11521 11520)
4(11520 11521 11611 11610)
4(11610 11611 11701 11700)
4(11700 11701 11791 11790)
4(11790 11791 11881 11880)
4(11880 11881 11971 11970)
4(11970 11971 12061 12060)
4(12060 12061 12151 12150)
4(12150 12151 12241 12240)
4(12240 12241 12331 12330)
4(12330 12331 12421 12420)
4(12420 12421 12511 12510)
4(12510 12511 12601 12600)
4(12600 12601 12691 12690)
4(12690 12691 12781 12780)
4(12780 12781 12871 12870)
4(12870 12871 12961 12960)
4(12960 12961 13051 13050)
4(13050 13051 13141 13140)
4(13140 13141 13231 13230)
4(13230 13231 13321 13320)
4(13320 13321 13411 13410)
4(13410 13411 13501 13500)
4(13500 13501 13591 13590)
4(13590 13591 13681 13680)
4(13680 13681 13771 13770)
4(13770 13771 13861 13860)
4(13860 13861 13951 13950)
4(13950 13951 14041 14040)
4(14040 14041 14131 14130)
4(14130 14131 14221 14220)
4(14220 14221 14311 14310)
4(14310 14311 14401 14400)
4(14400 14401 14491 14490)
4(14490 14491 14581 14580)
4(14580 14581 14671 14670)
4(14670 14671 14761 14760)
4(14760 14761 14851 14850)
4(14850 14851 14941 14940)
4(14940 14941 15031 15030)
4(15030 15031 15121 15120)
4(15120 15121 15211 15210)
4(15210 15211 15301 15300)
4(15300 15301 15391 15390)
4(15390 15391 15481 15480)
4(15480 15481 15571 15570)
4(15570 15571 15661 15660)
4(15660 15661 15751 15750)
4(15750 15751 15841 15840)
4(15840 15841 15931 15930)
4(15930 15931 16021 16020)
4(16020 16021 16111 16110)
4(16110 16111 16201 16200)
4(16200 16201 16291 16290)
4(16290 16291 16381 16380)
4(16380 16381 16471 16470)
4(16470 16471 16561 16560)
4(16560 16561 16651 16650)
4(16650 16651 16741 16740)
4(16740 16741 16831 16830)
4(16830 16831 16921 16920)
4(16920 16921 17011 17010)
4(17010 17011 17101 17100)
4(9901 9902 9992 9991)
4(9991 9992 10082 10081)
4(10081 10082 10172 10171)
4(10171 10172 10262 10261)
4(10261 10262 10352 10351)
4(10351 10352 10442 10441)
4(10441 10442 10532 10531)
4(10531 10532 10622 10621)
4(10621 10622 10712 10711)
4(10711 10712 10802 10801)
4(10801 10802 10892 10891)
4(10891 10892 10982 10981)
4(10981 10982 11072 11071)
4(11071 11072 11162 11161)
4(11161 11162 11252 11251)
4(11251 11252 11342 11341)
4(11341 11342 11432 11431)
4(11431 11432 11522 11521)
4(11521 11522 11612 11611)
4(11611 11612 11702 11701)
4(11701 11702 11792 11791)
4(11791 11792 11882 11881)
4(11881 11882 11972 11971)
4(11971 11972 12062 12061)
4(12061 12062 12152 12151)
4(12151 12152 12242 12241)
4(12241 12242 12332 12331)
4(12331 12332 12422 12421)
4(12421 12422 12512 12511)
4(12511 12512 12602 12601)
4(12601 12602 12692 12691)
4(12691 12692 12782 12781)
4(12781 12782 12872 12871)
4(12871 12872 12962 12961)
4(12961 12962 13052 13051)
4(13051 13052 13142 13141)
4(13141 13142 13232 13231)
4(13231 13232 13322 13321)
4(13321 13322 13412 13411)
4(13411 13412 13502 13501)
4(13501 13502 13592 13591)
4(13591 13592 13682 13681)
4(13681 13682 13772 13771)
4(13771 13772 13862 13861)
4(13861 13862 13952 13951)
4(13951 13952 14042 14041)
4(14041 14042 14132 14131)
4(14131 14132 14222 14221)
4(14221 14222 14312 14311)
4(14311 14312 14402 14401)
4(14401 14402 14492 14491)
4(14491 14492 14582 14581)
4(14581 14582 14672 14671)
4(14671 14672 14762 14761)
4(14761 14762 14852 14851)
4(14851 14852 14942 14941)
4(14941 14942 15032 15031)
4(15031 15032 15122 15121)
4(15121 15122 15212 15211)
4(15211 15212 15302 15301)
4(15301 15302 15392 15391)
4(15391 15392 15482 15481)
4(15481 15482 15572 15571)
4(15571 15572 15662 15661)
4(15661 15662 15752 15751)
4(15751 15752 15842 15841)
4(15841 15842 15932 15931)
4(15931 15932 16022 16021)
4(16021 16022 16112 16111)
4(16111 16112 16202 16201)
4(16201 16202 16292 16291)
4(16291 16292 16382 16381)
4(16381 16382 16472 16471)
4(16471 16472 16562 16561)
4(16561 16562 16652 16651)
4(16651 16652 16742 16741)
4(16741 16742 16832 16831)
4(16831 16832 16922 16921)
4(16921 16922 17012 17011)
4(17011 17012 17102 17101)
4(9902 9903 9993 9992)
4(9992 9993 10083 10082)
4(10082 10083 10173 10172)
4(10172 10173 10263 10262)
4(10262 10263 10353 10352)
4(10352 10353 10443 10442)
4(10442 10443 10533 10532)
4(10532 10533 10623 10622)
4(10622 10623 10713 10712)
4(10712 10713 10803 10802)
4(10802 10803 10893 10892)
4(10892 10893 10983 10982)
4(10982 10983 11073 11072)
4(11072 11073 11163 11162)
4(11162 11163 11253 11252)
4(11252 11253 11343 11342)
4(11342 11343 11433 11432)
4(11432 11433 11523 11522)
4(11522 11523 11613 11612)
4(11612 11613 11703 11702)
4(11702 11703 11793 11792)
4(11792 11793 11883 11882)
4(11882 11883 11973 11972)
4(11972 11973 12063 12062)
4(12062 12063 12153 12152)
4(12152 12153 12243 12242)
4(12242 12243 12333 12332)
4(12332 12333 12423 12422)
4(12422 12423 12513 12512)
4(12512 12513 12603 12602)
4(12602 12603 12693 12692)
4(12692 12693 12783 12782)
4(12782 12783 12873 12872)
4(12872 12873 12963 12962)
4(12962 12963 13053 13052)
4(13052 13053 13143 13142)
4(13142 13143 13233 13232)
4(13232 13233 13323 13322)
4(13322 13323 13413 13412)
4(13412 13413 13503 13502)
4(13502 13503 13593 13592)
4(13592 13593 13683 13682)
4(13682 13683 13773 13772)
4(13772 13773 13863 13862)
4(13862 13863 13953 13952)
4(13952 13953 14043 14042)
4(14042 14043 14133 14132)
4(14132 14133 14223 14222)
4(14222 14223 14313 14312)
4(14312 14313 14403 14402)
4(14402 14403 14493 14492)
4(14492 14493 14583 14582)
4(14582 14583 14673 14672)
4(14672 14673 14763 14762)
4(14762 14763 14853 14852)
4(14852 14853 14943 14942)
4(14942 14943 15033 15032)
4(15032 15033 15123 15122)
4(15122 15123 15213 15212)
4(15212 15213 15303 15302)
4(15302 15303 15393 15392)
4(15392 15393 15483 15482)
4(15482 15483 15573 15572)
4(15572 15573 15663 15662)
4(15662 15663 15753 15752)
4(15752 15753 15843 15842)
4(15842 15843 15933 15932)
4(15932 15933 16023 16022)
4(16022 16023 16113 16112)
4(16112 16113 16203 16202)
4(16202 16203 16293 16292)
4(16292 16293 16383 16382)
4(16382 16383 16473 16472)
4(16472 16473 16563 16562)
4(16562 16563 16653 16652)
4(16652 16653 16743 16742)
4(16742 16743 16833 16832)
4(16832 16833 16923 16922)
4(16922 16923 17013 17012)
4(17012 17013 17103 17102)
4(9903 9904 9994 9993)
4(9993 9994 10084 10083)
4(10083 10084 10174 10173)
4(10173 10174 10264 10263)
4(10263 10264 10354 10353)
4(10353 10354 10444 10443)
4(10443 10444 10534 10533)
4(10533 10534 10624 10623)
4(10623 10624 10714 10713)
4(10713 10714 10804 10803)
4(10803 10804 10894 10893)
4(10893 10894 10984 10983)
4(10983 10984 11074 11073)
4(11073 11074 11164 11163)
4(11163 11164 11254 11253)
4(11253 11254 11344 11343)
4(11343 11344 11434 11433)
4(11433 11434 11524 11523)
4(11523 11524 11614 11613)
4(11613 11614 11704 11703)
4(11703 11704 11794 11793)
4(11793 11794 11884 11883)
4(11883 11884 11974 11973)
4(11973 11974 12064 12063)
4(12063 12064 12154 12153)
4(12153 12154 12244 12243)
4(12243 12244 12334 12333)
4(12333 12334 12424 12423)
4(12423 12424 12514 12513)
4(12513 12514 12604 12603)
4(12603 12604 12694 12693)
4(12693 12694 12784 12783)
4(12783 12784 12874 12873)
4(12873 12874 12964 12963)
4(12963 12964 13054 13053)
4(13053 13054 13144 13143)
4(13143 13144 13234 13233)
4(13233 13234 13324 13323)
4(13323 13324 13414 13413)
4(13413 13414 13504 13503)
4(13503 13504 13594 13593)
4(13593 13594 13684 13683)
4(13683 13684 13774 13773)
4(13773 13774 13864 13863)
4(13863 13864 13954 13953)
4(13953 13954 14044 14043)
4(14043 14044 14134 14133)
4(14133 14134 14224 14223)
4(14223 14224 14314 14313)
4(14313 14314 14404 14403)
4(14403 14404 14494 14493)
4(14493 14494 14584 14583)
4(14583 14584 14674 14673)
4(14673 14674 14764 14763)
4(14763 14764 14854 14853)
4(14853 14854 14944 14943)
4(14943 14944 15034 15033)
4(15033 15034 15124 15123)
4(15123 15124 15214 15213)
4(15213 15214 15304 15303)
4(15303 15304 15394 15393)
4(15393 15394 15484 15483)
4(15483 15484 15574 15573)
4(15573 15574 15664 15663)
4(15663 15664 15754 15753)
4(15753 15754 15844 15843)
4(15843 15844 15934 15933)
4(15933 15934 16024 16023)
4(16023 16024 16114 16113)
4(16113 16114 16204 16203)
4(16203 16204 16294 16293)
4(16293 16294 16384 16383)
4(16383 16384 16474 16473)
4(16473 16474 16564 16563)
4(16563 16564 16654 16653)
4(16653 16654 16744 16743)
4(16743 16744 16834 16833)
4(16833 16834 16924 16923)
4(16923 16924 17014 17013)
4(17013 17014 17104 17103)
4(9904 9905 9995 9994)
4(9994 9995 10085 10084)
4(10084 10085 10175 10174)
4(10174 10175 10265 10264)
4(10264 10265 10355 10354)
4(10354 10355 10445 10444)
4(10444 10445 10535 10534)
4(10534 10535 10625 10624)
4(10624 10625 10715 10714)
4(10714 10715 10805 10804)
4(10804 10805 10895 10894)
4(10894 10895 10985 10984)
4(10984 10985 11075 11074)
4(11074 11075 11165 11164)
4(11164 11165 11255 11254)
4(11254 11255 11345 11344)
4(11344 11345 11435 11434)
4(11434 11435 11525 11524)
4(11524 11525 11615 11614)
4(11614 11615 11705 11704)
4(11704 11705 11795 11794)
4(11794 11795 11885 11884)
4(11884 11885 11975 11974)
4(11974 11975 12065 12064)
4(12064 12065 12155 12154)
4(12154 12155 12245 12244)
4(12244 12245 12335 12334)
4(12334 12335 12425 12424)
4(12424 12425 12515 12514)
4(12514 12515 12605 12604)
4(12604 12605 12695 12694)
4(12694 12695 12785 12784)
4(12784 12785 12875 12874)
4(12874 12875 12965 12964)
4(12964 12965 13055 13054)
4(13054 13055 13145 13144)
4(13144 13145 13235 13234)
4(13234 13235 13325 13324)
4(13324 13325 13415 13414)
4(13414 13415 13505 13504)
4(13504 13505 13595 13594)
4(13594 13595 13685 13684)
4(13684 13685 13775 13774)
4(13774 13775 13865 13864)
4(13864 13865 13955 13954)
4(13954 13955 14045 14044)
4(14044 14045 14135 14134)
4(14134 14135 14225 14224)
4(14224 14225 14315 14314)
4(14314 14315 14405 14404)
4(14404 14405 14495 14494)
4(14494 14495 14585 14584)
4(14584 14585 14675 14674)
4(14674 14675 14765 14764)
4(14764 14765 14855 14854)
4(14854 14855 14945 14944)
4(14944 14945 15035 15034)
4(15034 15035 15125 15124)
4(15124 15125 15215 15214)
4(15214 15215 15305 15304)
4(15304 15305 15395 15394)
4(15394 15395 15485 15484)
4(15484 15485 15575 15574)
4(15574 15575 15665 15664)
4(15664 15665 15755 15754)
4(15754 15755 15845 15844)
4(15844 15845 15935 15934)
4(15934 15935 16025 16024)
4(16024 16025 16115 16114)
4(16114 16115 16205 16204)
4(16204 16205 16295 16294)
4(16294 16295 16385 16384)
4(16384 16385 16475 16474)
4(16474 16475 16565 16564)
4(16564 16565 16655 16654)
4(16654 16655 16745 16744)
4(16744 16745 16835 16834)
4(16834 16835 16925 16924)
4(16924 16925 17015 17014)
4(17014 17015 17105 17104)
4(9905 9906 9996 9995)
4(9995 9996 10086 10085)
4(10085 10086 10176 10175)
4(10175 10176 10266 10265)
4(10265 10266 10356 10355)
4(10355 10356 10446 10445)
4(10445 10446 10536 10535)
4(10535 10536 10626 10625)
4(10625 10626 10716 10715)
4(10715 10716 10806 10805)
4(10805 10806 10896 10895)
4(10895 10896 10986 10985)
4(10985 10986 11076 11075)
4(11075 11076 11166 11165)
4(11165 11166 11256 11255)
4(11255 11256 11346 11345)
4(11345 11346 11436 11435)
4(11435 11436 11526 11525)
4(11525 11526 11616 11615)
4(11615 11616 11706 11705)
4(11705 11706 11796 11795)
4(11795 11796 11886 11885)
4(11885 11886 11976 11975)
4(11975 11976 12066 12065)
4(12065 12066 12156 12155)
4(12155 12156 12246 12245)
4(12245 12246 12336 12335)
4(12335 12336 12426 12425)
4(12425 12426 12516 12515)
4(12515 12516 12606 12605)
4(12605 12606 12696 12695)
4(12695 12696 12786 12785)
4(12785 12786 12876 12875)
4(12875 12876 12966 12965)
4(12965 12966 13056 13055)
4(13055 13056 13146 13145)
4(13145 13146 13236 13235)
4(13235 13236 13326 13325)
4(13325 13326 13416 13415)
4(13415 13416 13506 13505)
4(13505 13506 13596 13595)
4(13595 13596 13686 13685)
4(13685 13686 13776 13775)
4(13775 13776 13866 13865)
4(13865 13866 13956 13955)
4(13955 13956 14046 14045)
4(14045 14046 14136 14135)
4(14135 14136 14226 14225)
4(14225 14226 14316 14315)
4(14315 14316 14406 14405)
4(14405 14406 14496 14495)
4(14495 14496 14586 14585)
4(14585 14586 14676 14675)
4(14675 14676 14766 14765)
4(14765 14766 14856 14855)
4(14855 14856 14946 14945)
4(14945 14946 15036 15035)
4(15035 15036 15126 15125)
4(15125 15126 15216 15215)
4(15215 15216 15306 15305)
4(15305 15306 15396 15395)
4(15395 15396 15486 15485)
4(15485 15486 15576 15575)
4(15575 15576 15666 15665)
4(15665 15666 15756 15755)
4(15755 15756 15846 15845)
4(15845 15846 15936 15935)
4(15935 15936 16026 16025)
4(16025 16026 16116 16115)
4(16115 16116 16206 16205)
4(16205 16206 16296 16295)
4(16295 16296 16386 16385)
4(16385 16386 16476 16475)
4(16475 16476 16566 16565)
4(16565 16566 16656 16655)
4(16655 16656 16746 16745)
4(16745 16746 16836 16835)
4(16835 16836 16926 16925)
4(16925 16926 17016 17015)
4(17015 17016 17106 17105)
4(9906 9907 9997 9996)
4(9996 9997 10087 10086)
4(10086 10087 10177 10176)
4(10176 10177 10267 10266)
4(10266 10267 10357 10356)
4(10356 10357 10447 10446)
4(10446 10447 10537 10536)
4(10536 10537 10627 10626)
4(10626 10627 10717 10716)
4(10716 10717 10807 10806)
4(10806 10807 10897 10896)
4(10896 10897 10987 10986)
4(10986 10987 11077 11076)
4(11076 11077 11167 11166)
4(11166 11167 11257 11256)
4(11256 11257 11347 11346)
4(11346 11347 11437 11436)
4(11436 11437 11527 11526)
4(11526 11527 11617 11616)
4(11616 11617 11707 11706)
4(11706 11707 11797 11796)
4(11796 11797 11887 11886)
4(11886 11887 11977 11976)
4(11976 11977 12067 12066)
4(12066 12067 12157 12156)
4(12156 12157 12247 12246)
4(12246 12247 12337 12336)
4(12336 12337 12427 12426)
4(12426 12427 12517 12516)
4(12516 12517 12607 12606)
4(12606 12607 12697 12696)
4(12696 12697 12787 12786)
4(12786 12787 12877 12876)
4(12876 12877 12967 12966)
4(12966 12967 13057 13056)
4(13056 13057 13147 13146)
4(13146 13147 13237 13236)
4(13236 13237 13327 13326)
4(13326 13327 13417 13416)
4(13416 13417 13507 13506)
4(13506 13507 13597 13596)
4(13596 13597 13687 13686)
4(13686 13687 13777 13776)
4(13776 13777 13867 13866)
4(13866 13867 13957 13956)
4(13956 13957 14047 14046)
4(14046 14047 14137 14136)
4(14136 14137 14227 14226)
4(14226 14227 14317 14316)
4(14316 14317 14407 14406)
4(14406 14407 14497 14496)
4(14496 14497 14587 14586)
4(14586 14587 14677 14676)
4(14676 14677 14767 14766)
4(14766 14767 14857 14856)
4(14856 14857 14947 14946)
4(14946 14947 15037 15036)
4(15036 15037 15127 15126)
4(15126 15127 15217 15216)
4(15216 15217 15307 15306)
4(15306 15307 15397 15396)
4(15396 15397 15487 15486)
4(15486 15487 15577 15576)
4(15576 15577 15667 15666)
4(15666 15667 15757 15756)
4(15756 15757 15847 15846)
4(15846 15847 15937 15936)
4(15936 15937 16027 16026)
4(16026 16027 16117 16116)
4(16116 16117 16207 16206)
4(16206 16207 16297 16296)
4(16296 16297 16387 16386)
4(16386 16387 16477 16476)
4(16476 16477 16567 16566)
4(16566 16567 16657 16656)
4(16656 16657 16747 16746)
4(16746 16747 16837 16836)
4(16836 16837 16927 16926)
4(16926 16927 17017 17016)
4(17016 17017 17107 17106)
4(9907 9908 9998 9997)
4(9997 9998 10088 10087)
4(10087 10088 10178 10177)
4(10177 10178 10268 10267)
4(10267 10268 10358 10357)
4(10357 10358 10448 10447)
4(10447 10448 10538 10537)
4(10537 10538 10628 10627)
4(10627 10628 10718 10717)
4(10717 10718 10808 10807)
4(10807 10808 10898 10897)
4(10897 10898 10988 10987)
4(10987 10988 11078 11077)
4(11077 11078 11168 11167)
4(11167 11168 11258 11257)
4(11257 11258 11348 11347)
4(11347 11348 11438 11437)
4(11437 11438 11528 11527)
4(11527 11528 11618 11617)
4(11617 11618 11708 11707)
4(11707 11708 11798 11797)
4(11797 11798 11888 11887)
4(11887 11888 11978 11977)
4(11977 11978 12068 12067)
4(12067 12068 12158 12157)
4(12157 12158 12248 12247)
4(12247 12248 12338 12337)
4(12337 12338 12428 12427)
4(12427 12428 12518 12517)
4(12517 12518 12608 12607)
4(12607 12608 12698 12697)
4(12697 12698 12788 12787)
4(12787 12788 12878 12877)
4(12877 12878 12968 12967)
4(12967 12968 13058 13057)
4(13057 13058 13148 13147)
4(13147 13148 13238 13237)
4(13237 13238 13328 13327)
4(13327 13328 13418 13417)
4(13417 13418 13508 13507)
4(13507 13508 13598 13597)
4(13597 13598 13688 13687)
4(13687 13688 13778 13777)
4(13777 13778 13868 13867)
4(13867 13868 13958 13957)
4(13957 13958 14048 14047)
4(14047 14048 14138 14137)
4(14137 14138 14228 14227)
4(14227 14228 14318 14317)
4(14317 14318 14408 14407)
4(14407 14408 14498 14497)
4(14497 14498 14588 14587)
4(14587 14588 14678 14677)
4(14677 14678 14768 14767)
4(14767 14768 14858 14857)
4(14857 14858 14948 14947)
4(14947 14948 15038 15037)
4(15037 15038 15128 15127)
4(15127 15128 15218 15217)
4(15217 15218 15308 15307)
4(15307 15308 15398 15397)
4(15397 15398 15488 15487)
4(15487 15488 15578 15577)
4(15577 15578 15668 15667)
4(15667 15668 15758 15757)
4(15757 15758 15848 15847)
4(15847 15848 15938 15937)
4(15937 15938 16028 16027)
4(16027 16028 16118 16117)
4(16117 16118 16208 16207)
4(16207 16208 16298 16297)
4(16297 16298 16388 16387)
4(16387 16388 16478 16477)
4(16477 16478 16568 16567)
4(16567 16568 16658 16657)
4(16657 16658 16748 16747)
4(16747 16748 16838 16837)
4(16837 16838 16928 16927)
4(16927 16928 17018 17017)
4(17017 17018 17108 17107)
4(9908 9909 9999 9998)
4(9998 9999 10089 10088)
4(10088 10089 10179 10178)
4(10178 10179 10269 10268)
4(10268 10269 10359 10358)
4(10358 10359 10449 10448)
4(10448 10449 10539 10538)
4(10538 10539 10629 10628)
4(10628 10629 10719 10718)
4(10718 10719 10809 10808)
4(10808 10809 10899 10898)
4(10898 10899 10989 10988)
4(10988 10989 11079 11078)
4(11078 11079 11169 11168)
4(11168 11169 11259 11258)
4(11258 11259 11349 11348)
4(11348 11349 11439 11438)
4(11438 11439 11529 11528)
4(11528 11529 11619 11618)
4(11618 11619 11709 11708)
4(11708 11709 11799 11798)
4(11798 11799 11889 11888)
4(11888 11889 11979 11978)
4(11978 11979 12069 12068)
4(12068 12069 12159 12158)
4(12158 12159 12249 12248)
4(12248 12249 12339 12338)
4(12338 12339 12429 12428)
4(12428 12429 12519 12518)
4(12518 12519 12609 12608)
4(12608 12609 12699 12698)
4(12698 12699 12789 12788)
4(12788 12789 12879 12878)
4(12878 12879 12969 12968)
4(12968 12969 13059 13058)
4(13058 13059 13149 13148)
4(13148 13149 13239 13238)
4(13238 13239 13329 13328)
4(13328 13329 13419 13418)
4(13418 13419 13509 13508)
4(13508 13509 13599 13598)
4(13598 13599 13689 13688)
4(13688 13689 13779 13778)
4(13778 13779 13869 13868)
4(13868 13869 13959 13958)
4(13958 13959 14049 14048)
4(14048 14049 14139 14138)
4(14138 14139 14229 14228)
4(14228 14229 14319 14318)
4(14318 14319 14409 14408)
4(14408 14409 14499 14498)
4(14498 14499 14589 14588)
4(14588 14589 14679 14678)
4(14678 14679 14769 14768)
4(14768 14769 14859 14858)
4(14858 14859 14949 14948)
4(14948 14949 15039 15038)
4(15038 15039 15129 15128)
4(15128 15129 15219 15218)
4(15218 15219 15309 15308)
4(15308 15309 15399 15398)
4(15398 15399 15489 15488)
4(15488 15489 15579 15578)
4(15578 15579 15669 15668)
4(15668 15669 15759 15758)
4(15758 15759 15849 15848)
4(15848 15849 15939 15938)
4(15938 15939 16029 16028)
4(16028 16029 16119 16118)
4(16118 16119 16209 16208)
4(16208 16209 16299 16298)
4(16298 16299 16389 16388)
4(16388 16389 16479 16478)
4(16478 16479 16569 16568)
4(16568 16569 16659 16658)
4(16658 16659 16749 16748)
4(16748 16749 16839 16838)
4(16838 16839 16929 16928)
4(16928 16929 17019 17018)
4(17018 17019 17109 17108)
4(9909 9910 10000 9999)
4(9999 10000 10090 10089)
4(10089 10090 10180 10179)
4(10179 10180 10270 10269)
4(10269 10270 10360 10359)
4(10359 10360 10450 10449)
4(10449 10450 10540 10539)
4(10539 10540 10630 10629)
4(10629 10630 10720 10719)
4(10719 10720 10810 10809)
4(10809 10810 10900 10899)
4(10899 10900 10990 10989)
4(10989 10990 11080 11079)
4(11079 11080 11170 11169)
4(11169 11170 11260 11259)
4(11259 11260 11350 11349)
4(11349 11350 11440 11439)
4(11439 11440 11530 11529)
4(11529 11530 11620 11619)
4(11619 11620 11710 11709)
4(11709 11710 11800 11799)
4(11799 11800 11890 11889)
4(11889 11890 11980 11979)
4(11979 11980 12070 12069)
4(12069 12070 12160 12159)
4(12159 12160 12250 12249)
4(12249 12250 12340 12339)
4(12339 12340 12430 12429)
4(12429 12430 12520 12519)
4(12519 12520 12610 12609)
4(12609 12610 12700 12699)
4(12699 12700 12790 12789)
4(12789 12790 12880 12879)
4(12879 12880 12970 12969)
4(12969 12970 13060 13059)
4(13059 13060 13150 13149)
4(13149 13150 13240 13239)
4(13239 13240 13330 13329)
4(13329 13330 13420 13419)
4(13419 13420 13510 13509)
4(13509 13510 13600 13599)
4(13599 13600 13690 13689)
4(13689 13690 13780 13779)
4(13779 13780 13870 13869)
4(13869 13870 13960 13959)
4(13959 13960 14050 14049)
4(14049 14050 14140 14139)
4(14139 14140 14230 14229)
4(14229 14230 14320 14319)
4(14319 14320 14410 14409)
4(14409 14410 14500 14499)
4(14499 14500 14590 14589)
4(14589 14590 14680 14679)
4(14679 14680 14770 14769)
4(14769 14770 14860 14859)
4(14859 14860 14950 14949)
4(14949 14950 15040 15039)
4(15039 15040 15130 15129)
4(15129 15130 15220 15219)
4(15219 15220 15310 15309)
4(15309 15310 15400 15399)
4(15399 15400 15490 15489)
4(15489 15490 15580 15579)
4(15579 15580 15670 15669)
4(15669 15670 15760 15759)
4(15759 15760 15850 15849)
4(15849 15850 15940 15939)
4(15939 15940 16030 16029)
4(16029 16030 16120 16119)
4(16119 16120 16210 16209)
4(16209 16210 16300 16299)
4(16299 16300 16390 16389)
4(16389 16390 16480 16479)
4(16479 16480 16570 16569)
4(16569 16570 16660 16659)
4(16659 16660 16750 16749)
4(16749 16750 16840 16839)
4(16839 16840 16930 16929)
4(16929 16930 17020 17019)
4(17019 17020 17110 17109)
4(9910 9911 10001 10000)
4(10000 10001 10091 10090)
4(10090 10091 10181 10180)
4(10180 10181 10271 10270)
4(10270 10271 10361 10360)
4(10360 10361 10451 10450)
4(10450 10451 10541 10540)
4(10540 10541 10631 10630)
4(10630 10631 10721 10720)
4(10720 10721 10811 10810)
4(10810 10811 10901 10900)
4(10900 10901 10991 10990)
4(10990 10991 11081 11080)
4(11080 11081 11171 11170)
4(11170 11171 11261 11260)
4(11260 11261 11351 11350)
4(11350 11351 11441 11440)
4(11440 11441 11531 11530)
4(11530 11531 11621 11620)
4(11620 11621 11711 11710)
4(11710 11711 11801 11800)
4(11800 11801 11891 11890)
4(11890 11891 11981 11980)
4(11980 11981 12071 12070)
4(12070 12071 12161 12160)
4(12160 12161 12251 12250)
4(12250 12251 12341 12340)
4(12340 12341 12431 12430)
4(12430 12431 12521 12520)
4(12520 12521 12611 12610)
4(12610 12611 12701 12700)
4(12700 12701 12791 12790)
4(12790 12791 12881 12880)
4(12880 12881 12971 12970)
4(12970 12971 13061 13060)
4(13060 13061 13151 13150)
4(13150 13151 13241 13240)
4(13240 13241 13331 13330)
4(13330 13331 13421 13420)
4(13420 13421 13511 13510)
4(13510 13511 13601 13600)
4(13600 13601 13691 13690)
4(13690 13691 13781 13780)
4(13780 13781 13871 13870)
4(13870 13871 13961 13960)
4(13960 13961 14051 14050)
4(14050 14051 14141 14140)
4(14140 14141 14231 14230)
4(14230 14231 14321 14320)
4(14320 14321 14411 14410)
4(14410 14411 14501 14500)
4(14500 14501 14591 14590)
4(14590 14591 14681 14680)
4(14680 14681 14771 14770)
4(14770 14771 14861 14860)
4(14860 14861 14951 14950)
4(14950 14951 15041 15040)
4(15040 15041 15131 15130)
4(15130 15131 15221 15220)
4(15220 15221 15311 15310)
4(15310 15311 15401 15400)
4(15400 15401 15491 15490)
4(15490 15491 15581 15580)
4(15580 15581 15671 15670)
4(15670 15671 15761 15760)
4(15760 15761 15851 15850)
4(15850 15851 15941 15940)
4(15940 15941 16031 16030)
4(16030 16031 16121 16120)
4(16120 16121 16211 16210)
4(16210 16211 16301 16300)
4(16300 16301 16391 16390)
4(16390 16391 16481 16480)
4(16480 16481 16571 16570)
4(16570 16571 16661 16660)
4(16660 16661 16751 16750)
4(16750 16751 16841 16840)
4(16840 16841 16931 16930)
4(16930 16931 17021 17020)
4(17020 17021 17111 17110)
4(9911 9912 10002 10001)
4(10001 10002 10092 10091)
4(10091 10092 10182 10181)
4(10181 10182 10272 10271)
4(10271 10272 10362 10361)
4(10361 10362 10452 10451)
4(10451 10452 10542 10541)
4(10541 10542 10632 10631)
4(10631 10632 10722 10721)
4(10721 10722 10812 10811)
4(10811 10812 10902 10901)
4(10901 10902 10992 10991)
4(10991 10992 11082 11081)
4(11081 11082 11172 11171)
4(11171 11172 11262 11261)
4(11261 11262 11352 11351)
4(11351 11352 11442 11441)
4(11441 11442 11532 11531)
4(11531 11532 11622 11621)
4(11621 11622 11712 11711)
4(11711 11712 11802 11801)
4(11801 11802 11892 11891)
4(11891 11892 11982 11981)
4(11981 11982 12072 12071)
4(12071 12072 12162 12161)
4(12161 12162 12252 12251)
4(12251 12252 12342 12341)
4(12341 12342 12432 12431)
4(12431 12432 12522 12521)
4(12521 12522 12612 12611)
4(12611 12612 12702 12701)
4(12701 12702 12792 12791)
4(12791 12792 12882 12881)
4(12881 12882 12972 12971)
4(12971 12972 13062 13061)
4(13061 13062 13152 13151)
4(13151 13152 13242 13241)
4(13241 13242 13332 13331)
4(13331 13332 13422 13421)
4(13421 13422 13512 13511)
4(13511 13512 13602 13601)
4(13601 13602 13692 13691)
4(13691 13692 13782 13781)
4(13781 13782 13872 13871)
4(13871 13872 13962 13961)
4(13961 13962 14052 14051)
4(14051 14052 14142 14141)
4(14141 14142 14232 14231)
4(14231 14232 14322 14321)
4(14321 14322 14412 14411)
4(14411 14412 14502 14501)
4(14501 14502 14592 14591)
4(14591 14592 14682 14681)
4(14681 14682 14772 14771)
4(14771 14772 14862 14861)
4(14861 14862 14952 14951)
4(14951 14952 15042 15041)
4(15041 15042 15132 15131)
4(15131 15132 15222 15221)
4(15221 15222 15312 15311)
4(15311 15312 15402 15401)
4(15401 15402 15492 15491)
4(15491 15492 15582 15581)
4(15581 15582 15672 15671)
4(15671 15672 15762 15761)
4(15761 15762 15852 15851)
4(15851 15852 15942 15941)
4(15941 15942 16032 16031)
4(16031 16032 16122 16121)
4(16121 16122 16212 16211)
4(16211 16212 16302 16301)
4(16301 16302 16392 16391)
4(16391 16392 16482 16481)
4(16481 16482 16572 16571)
4(16571 16572 16662 16661)
4(16661 16662 16752 16751)
4(16751 16752 16842 16841)
4(16841 16842 16932 16931)
4(16931 16932 17022 17021)
4(17021 17022 17112 17111)
4(9912 9913 10003 10002)
4(10002 10003 10093 10092)
4(10092 10093 10183 10182)
4(10182 10183 10273 10272)
4(10272 10273 10363 10362)
4(10362 10363 10453 10452)
4(10452 10453 10543 10542)
4(10542 10543 10633 10632)
4(10632 10633 10723 10722)
4(10722 10723 10813 10812)
4(10812 10813 10903 10902)
4(10902 10903 10993 10992)
4(10992 10993 11083 11082)
4(11082 11083 11173 11172)
4(11172 11173 11263 11262)
4(11262 11263 11353 11352)
4(11352 11353 11443 11442)
4(11442 11443 11533 11532)
4(11532 11533 11623 11622)
4(11622 11623 11713 11712)
4(11712 11713 11803 11802)
4(11802 11803 11893 11892)
4(11892 11893 11983 11982)
4(11982 11983 12073 12072)
4(12072 12073 12163 12162)
4(12162 12163 12253 12252)
4(12252 12253 12343 12342)
4(12342 12343 12433 12432)
4(12432 12433 12523 12522)
4(12522 12523 12613 12612)
4(12612 12613 12703 12702)
4(12702 12703 12793 12792)
4(12792 12793 12883 12882)
4(12882 12883 12973 12972)
4(12972 12973 13063 13062)
4(13062 13063 13153 13152)
4(13152 13153 13243 13242)
4(13242 13243 13333 13332)
4(13332 13333 13423 13422)
4(13422 13423 13513 13512)
4(13512 13513 13603 13602)
4(13602 13603 13693 13692)
4(13692 13693 13783 13782)
4(13782 13783 13873 13872)
4(13872 13873 13963 13962)
4(13962 13963 14053 14052)
4(14052 14053 14143 14142)
4(14142 14143 14233 14232)
4(14232 14233 14323 14322)
4(14322 14323 14413 14412)
4(14412 14413 14503 14502)
4(14502 14503 14593 14592)
4(14592 14593 14683 14682)
4(14682 14683 14773 14772)
4(14772 14773 14863 14862)
4(14862 14863 14953 14952)
4(14952 14953 15043 15042)
4(15042 15043 15133 15132)
4(15132 15133 15223 15222)
4(15222 15223 15313 15312)
4(15312 15313 15403 15402)
4(15402 15403 15493 15492)
4(15492 15493 15583 15582)
4(15582 15583 15673 15672)
4(15672 15673 15763 15762)
4(15762 15763 15853 15852)
4(15852 15853 15943 15942)
4(15942 15943 16033 16032)
4(16032 16033 16123 16122)
4(16122 16123 16213 16212)
4(16212 16213 16303 16302)
4(16302 16303 16393 16392)
4(16392 16393 16483 16482)
4(16482 16483 16573 16572)
4(16572 16573 16663 16662)
4(16662 16663 16753 16752)
4(16752 16753 16843 16842)
4(16842 16843 16933 16932)
4(16932 16933 17023 17022)
4(17022 17023 17113 17112)
4(9913 9914 10004 10003)
4(10003 10004 10094 10093)
4(10093 10094 10184 10183)
4(10183 10184 10274 10273)
4(10273 10274 10364 10363)
4(10363 10364 10454 10453)
4(10453 10454 10544 10543)
4(10543 10544 10634 10633)
4(10633 10634 10724 10723)
4(10723 10724 10814 10813)
4(10813 10814 10904 10903)
4(10903 10904 10994 10993)
4(10993 10994 11084 11083)
4(11083 11084 11174 11173)
4(11173 11174 11264 11263)
4(11263 11264 11354 11353)
4(11353 11354 11444 11443)
4(11443 11444 11534 11533)
4(11533 11534 11624 11623)
4(11623 11624 11714 11713)
4(11713 11714 11804 11803)
4(11803 11804 11894 11893)
4(11893 11894 11984 11983)
4(11983 11984 12074 12073)
4(12073 12074 12164 12163)
4(12163 12164 12254 12253)
4(12253 12254 12344 12343)
4(12343 12344 12434 12433)
4(12433 12434 12524 12523)
4(12523 12524 12614 12613)
4(12613 12614 12704 12703)
4(12703 12704 12794 12793)
4(12793 12794 12884 12883)
4(12883 12884 12974 12973)
4(12973 12974 13064 13063)
4(13063 13064 13154 13153)
4(13153 13154 13244 13243)
4(13243 13244 13334 13333)
4(13333 13334 13424 13423)
4(13423 13424 13514 13513)
4(13513 13514 13604 13603)
4(13603 13604 13694 13693)
4(13693 13694 13784 13783)
4(13783 13784 13874 13873)
4(13873 13874 13964 13963)
4(13963 13964 14054 14053)
4(14053 14054 14144 14143)
4(14143 14144 14234 14233)
4(14233 14234 14324 14323)
4(14323 14324 14414 14413)
4(14413 14414 14504 14503)
4(14503 14504 14594 14593)
4(14593 14594 14684 14683)
4(14683 14684 14774 14773)
4(14773 14774 14864 14863)
4(14863 14864 14954 14953)
4(14953 14954 15044 15043)
4(15043 15044 15134 15133)
4(15133 15134 15224 15223)
4(15223 15224 15314 15313)
4(15313 15314 15404 15403)
4(15403 15404 15494 15493)
4(15493 15494 15584 15583)
4(15583 15584 15674 15673)
4(15673 15674 15764 15763)
4(15763 15764 15854 15853)
4(15853 15854 15944 15943)
4(15943 15944 16034 16033)
4(16033 16034 16124 16123)
4(16123 16124 16214 16213)
4(16213 16214 16304 16303)
4(16303 16304 16394 16393)
4(16393 16394 16484 16483)
4(16483 16484 16574 16573)
4(16573 16574 16664 16663)
4(16663 16664 16754 16753)
4(16753 16754 16844 16843)
4(16843 16844 16934 16933)
4(16933 16934 17024 17023)
4(17023 17024 17114 17113)
4(9914 9915 10005 10004)
4(10004 10005 10095 10094)
4(10094 10095 10185 10184)
4(10184 10185 10275 10274)
4(10274 10275 10365 10364)
4(10364 10365 10455 10454)
4(10454 10455 10545 10544)
4(10544 10545 10635 10634)
4(10634 10635 10725 10724)
4(10724 10725 10815 10814)
4(10814 10815 10905 10904)
4(10904 10905 10995 10994)
4(10994 10995 11085 11084)
4(11084 11085 11175 11174)
4(11174 11175 11265 11264)
4(11264 11265 11355 11354)
4(11354 11355 11445 11444)
4(11444 11445 11535 11534)
4(11534 11535 11625 11624)
4(11624 11625 11715 11714)
4(11714 11715 11805 11804)
4(11804 11805 11895 11894)
4(11894 11895 11985 11984)
4(11984 11985 12075 12074)
4(12074 12075 12165 12164)
4(12164 12165 12255 12254)
4(12254 12255 12345 12344)
4(12344 12345 12435 12434)
4(12434 12435 12525 12524)
4(12524 12525 12615 12614)
4(12614 12615 12705 12704)
4(12704 12705 12795 12794)
4(12794 12795 12885 12884)
4(12884 12885 12975 12974)
4(12974 12975 13065 13064)
4(13064 13065 13155 13154)
4(13154 13155 13245 13244)
4(13244 13245 13335 13334)
4(13334 13335 13425 13424)
4(13424 13425 13515 13514)
4(13514 13515 13605 13604)
4(13604 13605 13695 13694)
4(13694 13695 13785 13784)
4(13784 13785 13875 13874)
4(13874 13875 13965 13964)
4(13964 13965 14055 14054)
4(14054 14055 14145 14144)
4(14144 14145 14235 14234)
4(14234 14235 14325 14324)
4(14324 14325 14415 14414)
4(14414 14415 14505 14504)
4(14504 14505 14595 14594)
4(14594 14595 14685 14684)
4(14684 14685 14775 14774)
4(14774 14775 14865 14864)
4(14864 14865 14955 14954)
4(14954 14955 15045 15044)
4(15044 15045 15135 15134)
4(15134 15135 15225 15224)
4(15224 15225 15315 15314)
4(15314 15315 15405 15404)
4(15404 15405 15495 15494)
4(15494 15495 15585 15584)
4(15584 15585 15675 15674)
4(15674 15675 15765 15764)
4(15764 15765 15855 15854)
4(15854 15855 15945 15944)
4(15944 15945 16035 16034)
4(16034 16035 16125 16124)
4(16124 16125 16215 16214)
4(16214 16215 16305 16304)
4(16304 16305 16395 16394)
4(16394 16395 16485 16484)
4(16484 16485 16575 16574)
4(16574 16575 16665 16664)
4(16664 16665 16755 16754)
4(16754 16755 16845 16844)
4(16844 16845 16935 16934)
4(16934 16935 17025 17024)
4(17024 17025 17115 17114)
4(9915 9916 10006 10005)
4(10005 10006 10096 10095)
4(10095 10096 10186 10185)
4(10185 10186 10276 10275)
4(10275 10276 10366 10365)
4(10365 10366 10456 10455)
4(10455 10456 10546 10545)
4(10545 10546 10636 10635)
4(10635 10636 10726 10725)
4(10725 10726 10816 10815)
4(10815 10816 10906 10905)
4(10905 10906 10996 10995)
4(10995 10996 11086 11085)
4(11085 11086 11176 11175)
4(11175 11176 11266 11265)
4(11265 11266 11356 11355)
4(11355 11356 11446 11445)
4(11445 11446 11536 11535)
4(11535 11536 11626 11625)
4(11625 11626 11716 11715)
4(11715 11716 11806 11805)
4(11805 11806 11896 11895)
4(11895 11896 11986 11985)
4(11985 11986 12076 12075)
4(12075 12076 12166 12165)
4(12165 12166 12256 12255)
4(12255 12256 12346 12345)
4(12345 12346 12436 12435)
4(12435 12436 12526 12525)
4(12525 12526 12616 12615)
4(12615 12616 12706 12705)
4(12705 12706 12796 12795)
4(12795 12796 12886 12885)
4(12885 12886 12976 12975)
4(12975 12976 13066 13065)
4(13065 13066 13156 13155)
4(13155 13156 13246 13245)
4(13245 13246 13336 13335)
4(13335 13336 13426 13425)
4(13425 13426 13516 13515)
4(13515 13516 13606 13605)
4(13605 13606 13696 13695)
4(13695 13696 13786 13785)
4(13785 13786 13876 13875)
4(13875 13876 13966 13965)
4(13965 13966 14056 14055)
4(14055 14056 14146 14145)
4(14145 14146 14236 14235)
4(14235 14236 14326 14325)
4(14325 14326 14416 14415)
4(14415 14416 14506 14505)
4(14505 14506 14596 14595)
4(14595 14596 14686 14685)
4(14685 14686 14776 14775)
4(14775 14776 14866 14865)
4(14865 14866 14956 14955)
4(14955 14956 15046 15045)
4(15045 15046 15136 15135)
4(15135 15136 15226 15225)
4(15225 15226 15316 15315)
4(15315 15316 15406 15405)
4(15405 15406 15496 15495)
4(15495 15496 15586 15585)
4(15585 15586 15676 15675)
4(15675 15676 15766 15765)
4(15765 15766 15856 15855)
4(15855 15856 15946 15945)
4(15945 15946 16036 16035)
4(16035 16036 16126 16125)
4(16125 16126 16216 16215)
4(16215 16216 16306 16305)
4(16305 16306 16396 16395)
4(16395 16396 16486 16485)
4(16485 16486 16576 16575)
4(16575 16576 16666 16665)
4(16665 16666 16756 16755)
4(16755 16756 16846 16845)
4(16845 16846 16936 16935)
4(16935 16936 17026 17025)
4(17025 17026 17116 17115)
4(9916 9917 10007 10006)
4(10006 10007 10097 10096)
4(10096 10097 10187 10186)
4(10186 10187 10277 10276)
4(10276 10277 10367 10366)
4(10366 10367 10457 10456)
4(10456 10457 10547 10546)
4(10546 10547 10637 10636)
4(10636 10637 10727 10726)
4(10726 10727 10817 10816)
4(10816 10817 10907 10906)
4(10906 10907 10997 10996)
4(10996 10997 11087 11086)
4(11086 11087 11177 11176)
4(11176 11177 11267 11266)
4(11266 11267 11357 11356)
4(11356 11357 11447 11446)
4(11446 11447 11537 11536)
4(11536 11537 11627 11626)
4(11626 11627 11717 11716)
4(11716 11717 11807 11806)
4(11806 11807 11897 11896)
4(11896 11897 11987 11986)
4(11986 11987 12077 12076)
4(12076 12077 12167 12166)
4(12166 12167 12257 12256)
4(12256 12257 12347 12346)
4(12346 12347 12437 12436)
4(12436 12437 12527 12526)
4(12526 12527 12617 12616)
4(12616 12617 12707 12706)
4(12706 12707 12797 12796)
4(12796 12797 12887 12886)
4(12886 12887 12977 12976)
4(12976 12977 13067 13066)
4(13066 13067 13157 13156)
4(13156 13157 13247 13246)
4(13246 13247 13337 13336)
4(13336 13337 13427 13426)
4(13426 13427 13517 13516)
4(13516 13517 13607 13606)
4(13606 13607 13697 13696)
4(13696 13697 13787 13786)
4(13786 13787 13877 13876)
4(13876 13877 13967 13966)
4(13966 13967 14057 14056)
4(14056 14057 14147 14146)
4(14146 14147 14237 14236)
4(14236 14237 14327 14326)
4(14326 14327 14417 14416)
4(14416 14417 14507 14506)
4(14506 14507 14597 14596)
4(14596 14597 14687 14686)
4(14686 14687 14777 14776)
4(14776 14777 14867 14866)
4(14866 14867 14957 14956)
4(14956 14957 15047 15046)
4(15046 15047 15137 15136)
4(15136 15137 15227 15226)
4(15226 15227 15317 15316)
4(15316 15317 15407 15406)
4(15406 15407 15497 15496)
4(15496 15497 15587 15586)
4(15586 15587 15677 15676)
4(15676 15677 15767 15766)
4(15766 15767 15857 15856)
4(15856 15857 15947 15946)
4(15946 15947 16037 16036)
4(16036 16037 16127 16126)
4(16126 16127 16217 16216)
4(16216 16217 16307 16306)
4(16306 16307 16397 16396)
4(16396 16397 16487 16486)
4(16486 16487 16577 16576)
4(16576 16577 16667 16666)
4(16666 16667 16757 16756)
4(16756 16757 16847 16846)
4(16846 16847 16937 16936)
4(16936 16937 17027 17026)
4(17026 17027 17117 17116)
4(9917 9918 10008 10007)
4(10007 10008 10098 10097)
4(10097 10098 10188 10187)
4(10187 10188 10278 10277)
4(10277 10278 10368 10367)
4(10367 10368 10458 10457)
4(10457 10458 10548 10547)
4(10547 10548 10638 10637)
4(10637 10638 10728 10727)
4(10727 10728 10818 10817)
4(10817 10818 10908 10907)
4(10907 10908 10998 10997)
4(10997 10998 11088 11087)
4(11087 11088 11178 11177)
4(11177 11178 11268 11267)
4(11267 11268 11358 11357)
4(11357 11358 11448 11447)
4(11447 11448 11538 11537)
4(11537 11538 11628 11627)
4(11627 11628 11718 11717)
4(11717 11718 11808 11807)
4(11807 11808 11898 11897)
4(11897 11898 11988 11987)
4(11987 11988 12078 12077)
4(12077 12078 12168 12167)
4(12167 12168 12258 12257)
4(12257 12258 12348 12347)
4(12347 12348 12438 12437)
4(12437 12438 12528 12527)
4(12527 12528 12618 12617)
4(12617 12618 12708 12707)
4(12707 12708 12798 12797)
4(12797 12798 12888 12887)
4(12887 12888 12978 12977)
4(12977 12978 13068 13067)
4(13067 13068 13158 13157)
4(13157 13158 13248 13247)
4(13247 13248 13338 13337)
4(13337 13338 13428 13427)
4(13427 13428 13518 13517)
4(13517 13518 13608 13607)
4(13607 13608 13698 13697)
4(13697 13698 13788 13787)
4(13787 13788 13878 13877)
4(13877 13878 13968 13967)
4(13967 13968 14058 14057)
4(14057 14058 14148 14147)
4(14147 14148 14238 14237)
4(14237 14238 14328 14327)
4(14327 14328 14418 14417)
4(14417 14418 14508 14507)
4(14507 14508 14598 14597)
4(14597 14598 14688 14687)
4(14687 14688 14778 14777)
4(14777 14778 14868 14867)
4(14867 14868 14958 14957)
4(14957 14958 15048 15047)
4(15047 15048 15138 15137)
4(15137 15138 15228 15227)
4(15227 15228 15318 15317)
4(15317 15318 15408 15407)
4(15407 15408 15498 15497)
4(15497 15498 15588 15587)
4(15587 15588 15678 15677)
4(15677 15678 15768 15767)
4(15767 15768 15858 15857)
4(15857 15858 15948 15947)
4(15947 15948 16038 16037)
4(16037 16038 16128 16127)
4(16127 16128 16218 16217)
4(16217 16218 16308 16307)
4(16307 16308 16398 16397)
4(16397 16398 16488 16487)
4(16487 16488 16578 16577)
4(16577 16578 16668 16667)
4(16667 16668 16758 16757)
4(16757 16758 16848 16847)
4(16847 16848 16938 16937)
4(16937 16938 17028 17027)
4(17027 17028 17118 17117)
4(9918 9919 10009 10008)
4(10008 10009 10099 10098)
4(10098 10099 10189 10188)
4(10188 10189 10279 10278)
4(10278 10279 10369 10368)
4(10368 10369 10459 10458)
4(10458 10459 10549 10548)
4(10548 10549 10639 10638)
4(10638 10639 10729 10728)
4(10728 10729 10819 10818)
4(10818 10819 10909 10908)
4(10908 10909 10999 10998)
4(10998 10999 11089 11088)
4(11088 11089 11179 11178)
4(11178 11179 11269 11268)
4(11268 11269 11359 11358)
4(11358 11359 11449 11448)
4(11448 11449 11539 11538)
4(11538 11539 11629 11628)
4(11628 11629 11719 11718)
4(11718 11719 11809 11808)
4(11808 11809 11899 11898)
4(11898 11899 11989 11988)
4(11988 11989 12079 12078)
4(12078 12079 12169 12168)
4(12168 12169 12259 12258)
4(12258 12259 12349 12348)
4(12348 12349 12439 12438)
4(12438 12439 12529 12528)
4(12528 12529 12619 12618)
4(12618 12619 12709 12708)
4(12708 12709 12799 12798)
4(12798 12799 12889 12888)
4(12888 12889 12979 12978)
4(12978 12979 13069 13068)
4(13068 13069 13159 13158)
4(13158 13159 13249 13248)
4(13248 13249 13339 13338)
4(13338 13339 13429 13428)
4(13428 13429 13519 13518)
4(13518 13519 13609 13608)
4(13608 13609 13699 13698)
4(13698 13699 13789 13788)
4(13788 13789 13879 13878)
4(13878 13879 13969 13968)
4(13968 13969 14059 14058)
4(14058 14059 14149 14148)
4(14148 14149 14239 14238)
4(14238 14239 14329 14328)
4(14328 14329 14419 14418)
4(14418 14419 14509 14508)
4(14508 14509 14599 14598)
4(14598 14599 14689 14688)
4(14688 14689 14779 14778)
4(14778 14779 14869 14868)
4(14868 14869 14959 14958)
4(14958 14959 15049 15048)
4(15048 15049 15139 15138)
4(15138 15139 15229 15228)
4(15228 15229 15319 15318)
4(15318 15319 15409 15408)
4(15408 15409 15499 15498)
4(15498 15499 15589 15588)
4(15588 15589 15679 15678)
4(15678 15679 15769 15768)
4(15768 15769 15859 15858)
4(15858 15859 15949 15948)
4(15948 15949 16039 16038)
4(16038 16039 16129 16128)
4(16128 16129 16219 16218)
4(16218 16219 16309 16308)
4(16308 16309 16399 16398)
4(16398 16399 16489 16488)
4(16488 16489 16579 16578)
4(16578 16579 16669 16668)
4(16668 16669 16759 16758)
4(16758 16759 16849 16848)
4(16848 16849 16939 16938)
4(16938 16939 17029 17028)
4(17028 17029 17119 17118)
4(9919 9920 10010 10009)
4(10009 10010 10100 10099)
4(10099 10100 10190 10189)
4(10189 10190 10280 10279)
4(10279 10280 10370 10369)
4(10369 10370 10460 10459)
4(10459 10460 10550 10549)
4(10549 10550 10640 10639)
4(10639 10640 10730 10729)
4(10729 10730 10820 10819)
4(10819 10820 10910 10909)
4(10909 10910 11000 10999)
4(10999 11000 11090 11089)
4(11089 11090 11180 11179)
4(11179 11180 11270 11269)
4(11269 11270 11360 11359)
4(11359 11360 11450 11449)
4(11449 11450 11540 11539)
4(11539 11540 11630 11629)
4(11629 11630 11720 11719)
4(11719 11720 11810 11809)
4(11809 11810 11900 11899)
4(11899 11900 11990 11989)
4(11989 11990 12080 12079)
4(12079 12080 12170 12169)
4(12169 12170 12260 12259)
4(12259 12260 12350 12349)
4(12349 12350 12440 12439)
4(12439 12440 12530 12529)
4(12529 12530 12620 12619)
4(12619 12620 12710 12709)
4(12709 12710 12800 12799)
4(12799 12800 12890 12889)
4(12889 12890 12980 12979)
4(12979 12980 13070 13069)
4(13069 13070 13160 13159)
4(13159 13160 13250 13249)
4(13249 13250 13340 13339)
4(13339 13340 13430 13429)
4(13429 13430 13520 13519)
4(13519 13520 13610 13609)
4(13609 13610 13700 13699)
4(13699 13700 13790 13789)
4(13789 13790 13880 13879)
4(13879 13880 13970 13969)
4(13969 13970 14060 14059)
4(14059 14060 14150 14149)
4(14149 14150 14240 14239)
4(14239 14240 14330 14329)
4(14329 14330 14420 14419)
4(14419 14420 14510 14509)
4(14509 14510 14600 14599)
4(14599 14600 14690 14689)
4(14689 14690 14780 14779)
4(14779 14780 14870 14869)
4(14869 14870 14960 14959)
4(14959 14960 15050 15049)
4(15049 15050 15140 15139)
4(15139 15140 15230 15229)
4(15229 15230 15320 15319)
4(15319 15320 15410 15409)
4(15409 15410 15500 15499)
4(15499 15500 15590 15589)
4(15589 15590 15680 15679)
4(15679 15680 15770 15769)
4(15769 15770 15860 15859)
4(15859 15860 15950 15949)
4(15949 15950 16040 16039)
4(16039 16040 16130 16129)
4(16129 16130 16220 16219)
4(16219 16220 16310 16309)
4(16309 16310 16400 16399)
4(16399 16400 16490 16489)
4(16489 16490 16580 16579)
4(16579 16580 16670 16669)
4(16669 16670 16760 16759)
4(16759 16760 16850 16849)
4(16849 16850 16940 16939)
4(16939 16940 17030 17029)
4(17029 17030 17120 17119)
4(9920 9921 10011 10010)
4(10010 10011 10101 10100)
4(10100 10101 10191 10190)
4(10190 10191 10281 10280)
4(10280 10281 10371 10370)
4(10370 10371 10461 10460)
4(10460 10461 10551 10550)
4(10550 10551 10641 10640)
4(10640 10641 10731 10730)
4(10730 10731 10821 10820)
4(10820 10821 10911 10910)
4(10910 10911 11001 11000)
4(11000 11001 11091 11090)
4(11090 11091 11181 11180)
4(11180 11181 11271 11270)
4(11270 11271 11361 11360)
4(11360 11361 11451 11450)
4(11450 11451 11541 11540)
4(11540 11541 11631 11630)
4(11630 11631 11721 11720)
4(11720 11721 11811 11810)
4(11810 11811 11901 11900)
4(11900 11901 11991 11990)
4(11990 11991 12081 12080)
4(12080 12081 12171 12170)
4(12170 12171 12261 12260)
4(12260 12261 12351 12350)
4(12350 12351 12441 12440)
4(12440 12441 12531 12530)
4(12530 12531 12621 12620)
4(12620 12621 12711 12710)
4(12710 12711 12801 12800)
4(12800 12801 12891 12890)
4(12890 12891 12981 12980)
4(12980 12981 13071 13070)
4(13070 13071 13161 13160)
4(13160 13161 13251 13250)
4(13250 13251 13341 13340)
4(13340 13341 13431 13430)
4(13430 13431 13521 13520)
4(13520 13521 13611 13610)
4(13610 13611 13701 13700)
4(13700 13701 13791 13790)
4(13790 13791 13881 13880)
4(13880 13881 13971 13970)
4(13970 13971 14061 14060)
4(14060 14061 14151 14150)
4(14150 14151 14241 14240)
4(14240 14241 14331 14330)
4(14330 14331 14421 14420)
4(14420 14421 14511 14510)
4(14510 14511 14601 14600)
4(14600 14601 14691 14690)
4(14690 14691 14781 14780)
4(14780 14781 14871 14870)
4(14870 14871 14961 14960)
4(14960 14961 15051 15050)
4(15050 15051 15141 15140)
4(15140 15141 15231 15230)
4(15230 15231 15321 15320)
4(15320 15321 15411 15410)
4(15410 15411 15501 15500)
4(15500 15501 15591 15590)
4(15590 15591 15681 15680)
4(15680 15681 15771 15770)
4(15770 15771 15861 15860)
4(15860 15861 15951 15950)
4(15950 15951 16041 16040)
4(16040 16041 16131 16130)
4(16130 16131 16221 16220)
4(16220 16221 16311 16310)
4(16310 16311 16401 16400)
4(16400 16401 16491 16490)
4(16490 16491 16581 16580)
4(16580 16581 16671 16670)
4(16670 16671 16761 16760)
4(16760 16761 16851 16850)
4(16850 16851 16941 16940)
4(16940 16941 17031 17030)
4(17030 17031 17121 17120)
4(9921 9922 10012 10011)
4(10011 10012 10102 10101)
4(10101 10102 10192 10191)
4(10191 10192 10282 10281)
4(10281 10282 10372 10371)
4(10371 10372 10462 10461)
4(10461 10462 10552 10551)
4(10551 10552 10642 10641)
4(10641 10642 10732 10731)
4(10731 10732 10822 10821)
4(10821 10822 10912 10911)
4(10911 10912 11002 11001)
4(11001 11002 11092 11091)
4(11091 11092 11182 11181)
4(11181 11182 11272 11271)
4(11271 11272 11362 11361)
4(11361 11362 11452 11451)
4(11451 11452 11542 11541)
4(11541 11542 11632 11631)
4(11631 11632 11722 11721)
4(11721 11722 11812 11811)
4(11811 11812 11902 11901)
4(11901 11902 11992 11991)
4(11991 11992 12082 12081)
4(12081 12082 12172 12171)
4(12171 12172 12262 12261)
4(12261 12262 12352 12351)
4(12351 12352 12442 12441)
4(12441 12442 12532 12531)
4(12531 12532 12622 12621)
4(12621 12622 12712 12711)
4(12711 12712 12802 12801)
4(12801 12802 12892 12891)
4(12891 12892 12982 12981)
4(12981 12982 13072 13071)
4(13071 13072 13162 13161)
4(13161 13162 13252 13251)
4(13251 13252 13342 13341)
4(13341 13342 13432 13431)
4(13431 13432 13522 13521)
4(13521 13522 13612 13611)
4(13611 13612 13702 13701)
4(13701 13702 13792 13791)
4(13791 13792 13882 13881)
4(13881 13882 13972 13971)
4(13971 13972 14062 14061)
4(14061 14062 14152 14151)
4(14151 14152 14242 14241)
4(14241 14242 14332 14331)
4(14331 14332 14422 14421)
4(14421 14422 14512 14511)
4(14511 14512 14602 14601)
4(14601 14602 14692 14691)
4(14691 14692 14782 14781)
4(14781 14782 14872 14871)
4(14871 14872 14962 14961)
4(14961 14962 15052 15051)
4(15051 15052 15142 15141)
4(15141 15142 15232 15231)
4(15231 15232 15322 15321)
4(15321 15322 15412 15411)
4(15411 15412 15502 15501)
4(15501 15502 15592 15591)
4(15591 15592 15682 15681)
4(15681 15682 15772 15771)
4(15771 15772 15862 15861)
4(15861 15862 15952 15951)
4(15951 15952 16042 16041)
4(16041 16042 16132 16131)
4(16131 16132 16222 16221)
4(16221 16222 16312 16311)
4(16311 16312 16402 16401)
4(16401 16402 16492 16491)
4(16491 16492 16582 16581)
4(16581 16582 16672 16671)
4(16671 16672 16762 16761)
4(16761 16762 16852 16851)
4(16851 16852 16942 16941)
4(16941 16942 17032 17031)
4(17031 17032 17122 17121)
4(9922 9923 10013 10012)
4(10012 10013 10103 10102)
4(10102 10103 10193 10192)
4(10192 10193 10283 10282)
4(10282 10283 10373 10372)
4(10372 10373 10463 10462)
4(10462 10463 10553 10552)
4(10552 10553 10643 10642)
4(10642 10643 10733 10732)
4(10732 10733 10823 10822)
4(10822 10823 10913 10912)
4(10912 10913 11003 11002)
4(11002 11003 11093 11092)
4(11092 11093 11183 11182)
4(11182 11183 11273 11272)
4(11272 11273 11363 11362)
4(11362 11363 11453 11452)
4(11452 11453 11543 11542)
4(11542 11543 11633 11632)
4(11632 11633 11723 11722)
4(11722 11723 11813 11812)
4(11812 11813 11903 11902)
4(11902 11903 11993 11992)
4(11992 11993 12083 12082)
4(12082 12083 12173 12172)
4(12172 12173 12263 12262)
4(12262 12263 12353 12352)
4(12352 12353 12443 12442)
4(12442 12443 12533 12532)
4(12532 12533 12623 12622)
4(12622 12623 12713 12712)
4(12712 12713 12803 12802)
4(12802 12803 12893 12892)
4(12892 12893 12983 12982)
4(12982 12983 13073 13072)
4(13072 13073 13163 13162)
4(13162 13163 13253 13252)
4(13252 13253 13343 13342)
4(13342 13343 13433 13432)
4(13432 13433 13523 13522)
4(13522 13523 13613 13612)
4(13612 13613 13703 13702)
4(13702 13703 13793 13792)
4(13792 13793 13883 13882)
4(13882 13883 13973 13972)
4(13972 13973 14063 14062)
4(14062 14063 14153 14152)
4(14152 14153 14243 14242)
4(14242 14243 14333 14332)
4(14332 14333 14423 14422)
4(14422 14423 14513 14512)
4(14512 14513 14603 14602)
4(14602 14603 14693 14692)
4(14692 14693 14783 14782)
4(14782 14783 14873 14872)
4(14872 14873 14963 14962)
4(14962 14963 15053 15052)
4(15052 15053 15143 15142)
4(15142 15143 15233 15232)
4(15232 15233 15323 15322)
4(15322 15323 15413 15412)
4(15412 15413 15503 15502)
4(15502 15503 15593 15592)
4(15592 15593 15683 15682)
4(15682 15683 15773 15772)
4(15772 15773 15863 15862)
4(15862 15863 15953 15952)
4(15952 15953 16043 16042)
4(16042 16043 16133 16132)
4(16132 16133 16223 16222)
4(16222 16223 16313 16312)
4(16312 16313 16403 16402)
4(16402 16403 16493 16492)
4(16492 16493 16583 16582)
4(16582 16583 16673 16672)
4(16672 16673 16763 16762)
4(16762 16763 16853 16852)
4(16852 16853 16943 16942)
4(16942 16943 17033 17032)
4(17032 17033 17123 17122)
4(9923 9924 10014 10013)
4(10013 10014 10104 10103)
4(10103 10104 10194 10193)
4(10193 10194 10284 10283)
4(10283 10284 10374 10373)
4(10373 10374 10464 10463)
4(10463 10464 10554 10553)
4(10553 10554 10644 10643)
4(10643 10644 10734 10733)
4(10733 10734 10824 10823)
4(10823 10824 10914 10913)
4(10913 10914 11004 11003)
4(11003 11004 11094 11093)
4(11093 11094 11184 11183)
4(11183 11184 11274 11273)
4(11273 11274 11364 11363)
4(11363 11364 11454 11453)
4(11453 11454 11544 11543)
4(11543 11544 11634 11633)
4(11633 11634 11724 11723)
4(11723 11724 11814 11813)
4(11813 11814 11904 11903)
4(11903 11904 11994 11993)
4(11993 11994 12084 12083)
4(12083 12084 12174 12173)
4(12173 12174 12264 12263)
4(12263 12264 12354 12353)
4(12353 12354 12444 12443)
4(12443 12444 12534 12533)
4(12533 12534 12624 12623)
4(12623 12624 12714 12713)
4(12713 12714 12804 12803)
4(12803 12804 12894 12893)
4(12893 12894 12984 12983)
4(12983 12984 13074 13073)
4(13073 13074 13164 13163)
4(13163 13164 13254 13253)
4(13253 13254 13344 13343)
4(13343 13344 13434 13433)
4(13433 13434 13524 13523)
4(13523 13524 13614 13613)
4(13613 13614 13704 13703)
4(13703 13704 13794 13793)
4(13793 13794 13884 13883)
4(13883 13884 13974 13973)
4(13973 13974 14064 14063)
4(14063 14064 14154 14153)
4(14153 14154 14244 14243)
4(14243 14244 14334 14333)
4(14333 14334 14424 14423)
4(14423 14424 14514 14513)
4(14513 14514 14604 14603)
4(14603 14604 14694 14693)
4(14693 14694 14784 14783)
4(14783 14784 14874 14873)
4(14873 14874 14964 14963)
4(14963 14964 15054 15053)
4(15053 15054 15144 15143)
4(15143 15144 15234 15233)
4(15233 15234 15324 15323)
4(15323 15324 15414 15413)
4(15413 15414 15504 15503)
4(15503 15504 15594 15593)
4(15593 15594 15684 15683)
4(15683 15684 15774 15773)
4(15773 15774 15864 15863)
4(15863 15864 15954 15953)
4(15953 15954 16044 16043)
4(16043 16044 16134 16133)
4(16133 16134 16224 16223)
4(16223 16224 16314 16313)
4(16313 16314 16404 16403)
4(16403 16404 16494 16493)
4(16493 16494 16584 16583)
4(16583 16584 16674 16673)
4(16673 16674 16764 16763)
4(16763 16764 16854 16853)
4(16853 16854 16944 16943)
4(16943 16944 17034 17033)
4(17033 17034 17124 17123)
4(9924 9925 10015 10014)
4(10014 10015 10105 10104)
4(10104 10105 10195 10194)
4(10194 10195 10285 10284)
4(10284 10285 10375 10374)
4(10374 10375 10465 10464)
4(10464 10465 10555 10554)
4(10554 10555 10645 10644)
4(10644 10645 10735 10734)
4(10734 10735 10825 10824)
4(10824 10825 10915 10914)
4(10914 10915 11005 11004)
4(11004 11005 11095 11094)
4(11094 11095 11185 11184)
4(11184 11185 11275 11274)
4(11274 11275 11365 11364)
4(11364 11365 11455 11454)
4(11454 11455 11545 11544)
4(11544 11545 11635 11634)
4(11634 11635 11725 11724)
4(11724 11725 11815 11814)
4(11814 11815 11905 11904)
4(11904 11905 11995 11994)
4(11994 11995 12085 12084)
4(12084 12085 12175 12174)
4(12174 12175 12265 12264)
4(12264 12265 12355 12354)
4(12354 12355 12445 12444)
4(12444 12445 12535 12534)
4(12534 12535 12625 12624)
4(12624 12625 12715 12714)
4(12714 12715 12805 12804)
4(12804 12805 12895 12894)
4(12894 12895 12985 12984)
4(12984 12985 13075 13074)
4(13074 13075 13165 13164)
4(13164 13165 13255 13254)
4(13254 13255 13345 13344)
4(13344 13345 13435 13434)
4(13434 13435 13525 13524)
4(13524 13525 13615 13614)
4(13614 13615 13705 13704)
4(13704 13705 13795 13794)
4(13794 13795 13885 13884)
4(13884 13885 13975 13974)
4(13974 13975 14065 14064)
4(14064 14065 14155 14154)
4(14154 14155 14245 14244)
4(14244 14245 14335 14334)
4(14334 14335 14425 14424)
4(14424 14425 14515 14514)
4(14514 14515 14605 14604)
4(14604 14605 14695 14694)
4(14694 14695 14785 14784)
4(14784 14785 14875 14874)
4(14874 14875 14965 14964)
4(14964 14965 15055 15054)
4(15054 15055 15145 15144)
4(15144 15145 15235 15234)
4(15234 15235 15325 15324)
4(15324 15325 15415 15414)
4(15414 15415 15505 15504)
4(15504 15505 15595 15594)
4(15594 15595 15685 15684)
4(15684 15685 15775 15774)
4(15774 15775 15865 15864)
4(15864 15865 15955 15954)
4(15954 15955 16045 16044)
4(16044 16045 16135 16134)
4(16134 16135 16225 16224)
4(16224 16225 16315 16314)
4(16314 16315 16405 16404)
4(16404 16405 16495 16494)
4(16494 16495 16585 16584)
4(16584 16585 16675 16674)
4(16674 16675 16765 16764)
4(16764 16765 16855 16854)
4(16854 16855 16945 16944)
4(16944 16945 17035 17034)
4(17034 17035 17125 17124)
4(9925 9926 10016 10015)
4(10015 10016 10106 10105)
4(10105 10106 10196 10195)
4(10195 10196 10286 10285)
4(10285 10286 10376 10375)
4(10375 10376 10466 10465)
4(10465 10466 10556 10555)
4(10555 10556 10646 10645)
4(10645 10646 10736 10735)
4(10735 10736 10826 10825)
4(10825 10826 10916 10915)
4(10915 10916 11006 11005)
4(11005 11006 11096 11095)
4(11095 11096 11186 11185)
4(11185 11186 11276 11275)
4(11275 11276 11366 11365)
4(11365 11366 11456 11455)
4(11455 11456 11546 11545)
4(11545 11546 11636 11635)
4(11635 11636 11726 11725)
4(11725 11726 11816 11815)
4(11815 11816 11906 11905)
4(11905 11906 11996 11995)
4(11995 11996 12086 12085)
4(12085 12086 12176 12175)
4(12175 12176 12266 12265)
4(12265 12266 12356 12355)
4(12355 12356 12446 12445)
4(12445 12446 12536 12535)
4(12535 12536 12626 12625)
4(12625 12626 12716 12715)
4(12715 12716 12806 12805)
4(12805 12806 12896 12895)
4(12895 12896 12986 12985)
4(12985 12986 13076 13075)
4(13075 13076 13166 13165)
4(13165 13166 13256 13255)
4(13255 13256 13346 13345)
4(13345 13346 13436 13435)
4(13435 13436 13526 13525)
4(13525 13526 13616 13615)
4(13615 13616 13706 13705)
4(13705 13706 13796 13795)
4(13795 13796 13886 13885)
4(13885 13886 13976 13975)
4(13975 13976 14066 14065)
4(14065 14066 14156 14155)
4(14155 14156 14246 14245)
4(14245 14246 14336 14335)
4(14335 14336 14426 14425)
4(14425 14426 14516 14515)
4(14515 14516 14606 14605)
4(14605 14606 14696 14695)
4(14695 14696 14786 14785)
4(14785 14786 14876 14875)
4(14875 14876 14966 14965)
4(14965 14966 15056 15055)
4(15055 15056 15146 15145)
4(15145 15146 15236 15235)
4(15235 15236 15326 15325)
4(15325 15326 15416 15415)
4(15415 15416 15506 15505)
4(15505 15506 15596 15595)
4(15595 15596 15686 15685)
4(15685 15686 15776 15775)
4(15775 15776 15866 15865)
4(15865 15866 15956 15955)
4(15955 15956 16046 16045)
4(16045 16046 16136 16135)
4(16135 16136 16226 16225)
4(16225 16226 16316 16315)
4(16315 16316 16406 16405)
4(16405 16406 16496 16495)
4(16495 16496 16586 16585)
4(16585 16586 16676 16675)
4(16675 16676 16766 16765)
4(16765 16766 16856 16855)
4(16855 16856 16946 16945)
4(16945 16946 17036 17035)
4(17035 17036 17126 17125)
4(9926 9927 10017 10016)
4(10016 10017 10107 10106)
4(10106 10107 10197 10196)
4(10196 10197 10287 10286)
4(10286 10287 10377 10376)
4(10376 10377 10467 10466)
4(10466 10467 10557 10556)
4(10556 10557 10647 10646)
4(10646 10647 10737 10736)
4(10736 10737 10827 10826)
4(10826 10827 10917 10916)
4(10916 10917 11007 11006)
4(11006 11007 11097 11096)
4(11096 11097 11187 11186)
4(11186 11187 11277 11276)
4(11276 11277 11367 11366)
4(11366 11367 11457 11456)
4(11456 11457 11547 11546)
4(11546 11547 11637 11636)
4(11636 11637 11727 11726)
4(11726 11727 11817 11816)
4(11816 11817 11907 11906)
4(11906 11907 11997 11996)
4(11996 11997 12087 12086)
4(12086 12087 12177 12176)
4(12176 12177 12267 12266)
4(12266 12267 12357 12356)
4(12356 12357 12447 12446)
4(12446 12447 12537 12536)
4(12536 12537 12627 12626)
4(12626 12627 12717 12716)
4(12716 12717 12807 12806)
4(12806 12807 12897 12896)
4(12896 12897 12987 12986)
4(12986 12987 13077 13076)
4(13076 13077 13167 13166)
4(13166 13167 13257 13256)
4(13256 13257 13347 13346)
4(13346 13347 13437 13436)
4(13436 13437 13527 13526)
4(13526 13527 13617 13616)
4(13616 13617 13707 13706)
4(13706 13707 13797 13796)
4(13796 13797 13887 13886)
4(13886 13887 13977 13976)
4(13976 13977 14067 14066)
4(14066 14067 14157 14156)
4(14156 14157 14247 14246)
4(14246 14247 14337 14336)
4(14336 14337 14427 14426)
4(14426 14427 14517 14516)
4(14516 14517 14607 14606)
4(14606 14607 14697 14696)
4(14696 14697 14787 14786)
4(14786 14787 14877 14876)
4(14876 14877 14967 14966)
4(14966 14967 15057 15056)
4(15056 15057 15147 15146)
4(15146 15147 15237 15236)
4(15236 15237 15327 15326)
4(15326 15327 15417 15416)
4(15416 15417 15507 15506)
4(15506 15507 15597 15596)
4(15596 15597 15687 15686)
4(15686 15687 15777 15776)
4(15776 15777 15867 15866)
4(15866 15867 15957 15956)
4(15956 15957 16047 16046)
4(16046 16047 16137 16136)
4(16136 16137 16227 16226)
4(16226 16227 16317 16316)
4(16316 16317 16407 16406)
4(16406 16407 16497 16496)
4(16496 16497 16587 16586)
4(16586 16587 16677 16676)
4(16676 16677 16767 16766)
4(16766 16767 16857 16856)
4(16856 16857 16947 16946)
4(16946 16947 17037 17036)
4(17036 17037 17127 17126)
4(9927 9928 10018 10017)
4(10017 10018 10108 10107)
4(10107 10108 10198 10197)
4(10197 10198 10288 10287)
4(10287 10288 10378 10377)
4(10377 10378 10468 10467)
4(10467 10468 10558 10557)
4(10557 10558 10648 10647)
4(10647 10648 10738 10737)
4(10737 10738 10828 10827)
4(10827 10828 10918 10917)
4(10917 10918 11008 11007)
4(11007 11008 11098 11097)
4(11097 11098 11188 11187)
4(11187 11188 11278 11277)
4(11277 11278 11368 11367)
4(11367 11368 11458 11457)
4(11457 11458 11548 11547)
4(11547 11548 11638 11637)
4(11637 11638 11728 11727)
4(11727 11728 11818 11817)
4(11817 11818 11908 11907)
4(11907 11908 11998 11997)
4(11997 11998 12088 12087)
4(12087 12088 12178 12177)
4(12177 12178 12268 12267)
4(12267 12268 12358 12357)
4(12357 12358 12448 12447)
4(12447 12448 12538 12537)
4(12537 12538 12628 12627)
4(12627 12628 12718 12717)
4(12717 12718 12808 12807)
4(12807 12808 12898 12897)
4(12897 12898 12988 12987)
4(12987 12988 13078 13077)
4(13077 13078 13168 13167)
4(13167 13168 13258 13257)
4(13257 13258 13348 13347)
4(13347 13348 13438 13437)
4(13437 13438 13528 13527)
4(13527 13528 13618 13617)
4(13617 13618 13708 13707)
4(13707 13708 13798 13797)
4(13797 13798 13888 13887)
4(13887 13888 13978 13977)
4(13977 13978 14068 14067)
4(14067 14068 14158 14157)
4(14157 14158 14248 14247)
4(14247 14248 14338 14337)
4(14337 14338 14428 14427)
4(14427 14428 14518 14517)
4(14517 14518 14608 14607)
4(14607 14608 14698 14697)
4(14697 14698 14788 14787)
4(14787 14788 14878 14877)
4(14877 14878 14968 14967)
4(14967 14968 15058 15057)
4(15057 15058 15148 15147)
4(15147 15148 15238 15237)
4(15237 15238 15328 15327)
4(15327 15328 15418 15417)
4(15417 15418 15508 15507)
4(15507 15508 15598 15597)
4(15597 15598 15688 15687)
4(15687 15688 15778 15777)
4(15777 15778 15868 15867)
4(15867 15868 15958 15957)
4(15957 15958 16048 16047)
4(16047 16048 16138 16137)
4(16137 16138 16228 16227)
4(16227 16228 16318 16317)
4(16317 16318 16408 16407)
4(16407 16408 16498 16497)
4(16497 16498 16588 16587)
4(16587 16588 16678 16677)
4(16677 16678 16768 16767)
4(16767 16768 16858 16857)
4(16857 16858 16948 16947)
4(16947 16948 17038 17037)
4(17037 17038 17128 17127)
4(9928 9929 10019 10018)
4(10018 10019 10109 10108)
4(10108 10109 10199 10198)
4(10198 10199 10289 10288)
4(10288 10289 10379 10378)
4(10378 10379 10469 10468)
4(10468 10469 10559 10558)
4(10558 10559 10649 10648)
4(10648 10649 10739 10738)
4(10738 10739 10829 10828)
4(10828 10829 10919 10918)
4(10918 10919 11009 11008)
4(11008 11009 11099 11098)
4(11098 11099 11189 11188)
4(11188 11189 11279 11278)
4(11278 11279 11369 11368)
4(11368 11369 11459 11458)
4(11458 11459 11549 11548)
4(11548 11549 11639 11638)
4(11638 11639 11729 11728)
4(11728 11729 11819 11818)
4(11818 11819 11909 11908)
4(11908 11909 11999 11998)
4(11998 11999 12089 12088)
4(12088 12089 12179 12178)
4(12178 12179 12269 12268)
4(12268 12269 12359 12358)
4(12358 12359 12449 12448)
4(12448 12449 12539 12538)
4(12538 12539 12629 12628)
4(12628 12629 12719 12718)
4(12718 12719 12809 12808)
4(12808 12809 12899 12898)
4(12898 12899 12989 12988)
4(12988 12989 13079 13078)
4(13078 13079 13169 13168)
4(13168 13169 13259 13258)
4(13258 13259 13349 13348)
4(13348 13349 13439 13438)
4(13438 13439 13529 13528)
4(13528 13529 13619 13618)
4(13618 13619 13709 13708)
4(13708 13709 13799 13798)
4(13798 13799 13889 13888)
4(13888 13889 13979 13978)
4(13978 13979 14069 14068)
4(14068 14069 14159 14158)
4(14158 14159 14249 14248)
4(14248 14249 14339 14338)
4(14338 14339 14429 14428)
4(14428 14429 14519 14518)
4(14518 14519 14609 14608)
4(14608 14609 14699 14698)
4(14698 14699 14789 14788)
4(14788 14789 14879 14878)
4(14878 14879 14969 14968)
4(14968 14969 15059 15058)
4(15058 15059 15149 15148)
4(15148 15149 15239 15238)
4(15238 15239 15329 15328)
4(15328 15329 15419 15418)
4(15418 15419 15509 15508)
4(15508 15509 15599 15598)
4(15598 15599 15689 15688)
4(15688 15689 15779 15778)
4(15778 15779 15869 15868)
4(15868 15869 15959 15958)
4(15958 15959 16049 16048)
4(16048 16049 16139 16138)
4(16138 16139 16229 16228)
4(16228 16229 16319 16318)
4(16318 16319 16409 16408)
4(16408 16409 16499 16498)
4(16498 16499 16589 16588)
4(16588 16589 16679 16678)
4(16678 16679 16769 16768)
4(16768 16769 16859 16858)
4(16858 16859 16949 16948)
4(16948 16949 17039 17038)
4(17038 17039 17129 17128)
4(9929 9930 10020 10019)
4(10019 10020 10110 10109)
4(10109 10110 10200 10199)
4(10199 10200 10290 10289)
4(10289 10290 10380 10379)
4(10379 10380 10470 10469)
4(10469 10470 10560 10559)
4(10559 10560 10650 10649)
4(10649 10650 10740 10739)
4(10739 10740 10830 10829)
4(10829 10830 10920 10919)
4(10919 10920 11010 11009)
4(11009 11010 11100 11099)
4(11099 11100 11190 11189)
4(11189 11190 11280 11279)
4(11279 11280 11370 11369)
4(11369 11370 11460 11459)
4(11459 11460 11550 11549)
4(11549 11550 11640 11639)
4(11639 11640 11730 11729)
4(11729 11730 11820 11819)
4(11819 11820 11910 11909)
4(11909 11910 12000 11999)
4(11999 12000 12090 12089)
4(12089 12090 12180 12179)
4(12179 12180 12270 12269)
4(12269 12270 12360 12359)
4(12359 12360 12450 12449)
4(12449 12450 12540 12539)
4(12539 12540 12630 12629)
4(12629 12630 12720 12719)
4(12719 12720 12810 12809)
4(12809 12810 12900 12899)
4(12899 12900 12990 12989)
4(12989 12990 13080 13079)
4(13079 13080 13170 13169)
4(13169 13170 13260 13259)
4(13259 13260 13350 13349)
4(13349 13350 13440 13439)
4(13439 13440 13530 13529)
4(13529 13530 13620 13619)
4(13619 13620 13710 13709)
4(13709 13710 13800 13799)
4(13799 13800 13890 13889)
4(13889 13890 13980 13979)
4(13979 13980 14070 14069)
4(14069 14070 14160 14159)
4(14159 14160 14250 14249)
4(14249 14250 14340 14339)
4(14339 14340 14430 14429)
4(14429 14430 14520 14519)
4(14519 14520 14610 14609)
4(14609 14610 14700 14699)
4(14699 14700 14790 14789)
4(14789 14790 14880 14879)
4(14879 14880 14970 14969)
4(14969 14970 15060 15059)
4(15059 15060 15150 15149)
4(15149 15150 15240 15239)
4(15239 15240 15330 15329)
4(15329 15330 15420 15419)
4(15419 15420 15510 15509)
4(15509 15510 15600 15599)
4(15599 15600 15690 15689)
4(15689 15690 15780 15779)
4(15779 15780 15870 15869)
4(15869 15870 15960 15959)
4(15959 15960 16050 16049)
4(16049 16050 16140 16139)
4(16139 16140 16230 16229)
4(16229 16230 16320 16319)
4(16319 16320 16410 16409)
4(16409 16410 16500 16499)
4(16499 16500 16590 16589)
4(16589 16590 16680 16679)
4(16679 16680 16770 16769)
4(16769 16770 16860 16859)
4(16859 16860 16950 16949)
4(16949 16950 17040 17039)
4(17039 17040 17130 17129)
4(9930 9931 10021 10020)
4(10020 10021 10111 10110)
4(10110 10111 10201 10200)
4(10200 10201 10291 10290)
4(10290 10291 10381 10380)
4(10380 10381 10471 10470)
4(10470 10471 10561 10560)
4(10560 10561 10651 10650)
4(10650 10651 10741 10740)
4(10740 10741 10831 10830)
4(10830 10831 10921 10920)
4(10920 10921 11011 11010)
4(11010 11011 11101 11100)
4(11100 11101 11191 11190)
4(11190 11191 11281 11280)
4(11280 11281 11371 11370)
4(11370 11371 11461 11460)
4(11460 11461 11551 11550)
4(11550 11551 11641 11640)
4(11640 11641 11731 11730)
4(11730 11731 11821 11820)
4(11820 11821 11911 11910)
4(11910 11911 12001 12000)
4(12000 12001 12091 12090)
4(12090 12091 12181 12180)
4(12180 12181 12271 12270)
4(12270 12271 12361 12360)
4(12360 12361 12451 12450)
4(12450 12451 12541 12540)
4(12540 12541 12631 12630)
4(12630 12631 12721 12720)
4(12720 12721 12811 12810)
4(12810 12811 12901 12900)
4(12900 12901 12991 12990)
4(12990 12991 13081 13080)
4(13080 13081 13171 13170)
4(13170 13171 13261 13260)
4(13260 13261 13351 13350)
4(13350 13351 13441 13440)
4(13440 13441 13531 13530)
4(13530 13531 13621 13620)
4(13620 13621 13711 13710)
4(13710 13711 13801 13800)
4(13800 13801 13891 13890)
4(13890 13891 13981 13980)
4(13980 13981 14071 14070)
4(14070 14071 14161 14160)
4(14160 14161 14251 14250)
4(14250 14251 14341 14340)
4(14340 14341 14431 14430)
4(14430 14431 14521 14520)
4(14520 14521 14611 14610)
4(14610 14611 14701 14700)
4(14700 14701 14791 14790)
4(14790 14791 14881 14880)
4(14880 14881 14971 14970)
4(14970 14971 15061 15060)
4(15060 15061 15151 15150)
4(15150 15151 15241 15240)
4(15240 15241 15331 15330)
4(15330 15331 15421 15420)
4(15420 15421 15511 15510)
4(15510 15511 15601 15600)
4(15600 15601 15691 15690)
4(15690 15691 15781 15780)
4(15780 15781 15871 15870)
4(15870 15871 15961 15960)
4(15960 15961 16051 16050)
4(16050 16051 16141 16140)
4(16140 16141 16231 16230)
4(16230 16231 16321 16320)
4(16320 16321 16411 16410)
4(16410 16411 16501 16500)
4(16500 16501 16591 16590)
4(16590 16591 16681 16680)
4(16680 16681 16771 16770)
4(16770 16771 16861 16860)
4(16860 16861 16951 16950)
4(16950 16951 17041 17040)
4(17040 17041 17131 17130)
4(9931 9932 10022 10021)
4(10021 10022 10112 10111)
4(10111 10112 10202 10201)
4(10201 10202 10292 10291)
4(10291 10292 10382 10381)
4(10381 10382 10472 10471)
4(10471 10472 10562 10561)
4(10561 10562 10652 10651)
4(10651 10652 10742 10741)
4(10741 10742 10832 10831)
4(10831 10832 10922 10921)
4(10921 10922 11012 11011)
4(11011 11012 11102 11101)
4(11101 11102 11192 11191)
4(11191 11192 11282 11281)
4(11281 11282 11372 11371)
4(11371 11372 11462 11461)
4(11461 11462 11552 11551)
4(11551 11552 11642 11641)
4(11641 11642 11732 11731)
4(11731 11732 11822 11821)
4(11821 11822 11912 11911)
4(11911 11912 12002 12001)
4(12001 12002 12092 12091)
4(12091 12092 12182 12181)
4(12181 12182 12272 12271)
4(12271 12272 12362 12361)
4(12361 12362 12452 12451)
4(12451 12452 12542 12541)
4(12541 12542 12632 12631)
4(12631 12632 12722 12721)
4(12721 12722 12812 12811)
4(12811 12812 12902 12901)
4(12901 12902 12992 12991)
4(12991 12992 13082 13081)
4(13081 13082 13172 13171)
4(13171 13172 13262 13261)
4(13261 13262 13352 13351)
4(13351 13352 13442 13441)
4(13441 13442 13532 13531)
4(13531 13532 13622 13621)
4(13621 13622 13712 13711)
4(13711 13712 13802 13801)
4(13801 13802 13892 13891)
4(13891 13892 13982 13981)
4(13981 13982 14072 14071)
4(14071 14072 14162 14161)
4(14161 14162 14252 14251)
4(14251 14252 14342 14341)
4(14341 14342 14432 14431)
4(14431 14432 14522 14521)
4(14521 14522 14612 14611)
4(14611 14612 14702 14701)
4(14701 14702 14792 14791)
4(14791 14792 14882 14881)
4(14881 14882 14972 14971)
4(14971 14972 15062 15061)
4(15061 15062 15152 15151)
4(15151 15152 15242 15241)
4(15241 15242 15332 15331)
4(15331 15332 15422 15421)
4(15421 15422 15512 15511)
4(15511 15512 15602 15601)
4(15601 15602 15692 15691)
4(15691 15692 15782 15781)
4(15781 15782 15872 15871)
4(15871 15872 15962 15961)
4(15961 15962 16052 16051)
4(16051 16052 16142 16141)
4(16141 16142 16232 16231)
4(16231 16232 16322 16321)
4(16321 16322 16412 16411)
4(16411 16412 16502 16501)
4(16501 16502 16592 16591)
4(16591 16592 16682 16681)
4(16681 16682 16772 16771)
4(16771 16772 16862 16861)
4(16861 16862 16952 16951)
4(16951 16952 17042 17041)
4(17041 17042 17132 17131)
4(9932 9933 10023 10022)
4(10022 10023 10113 10112)
4(10112 10113 10203 10202)
4(10202 10203 10293 10292)
4(10292 10293 10383 10382)
4(10382 10383 10473 10472)
4(10472 10473 10563 10562)
4(10562 10563 10653 10652)
4(10652 10653 10743 10742)
4(10742 10743 10833 10832)
4(10832 10833 10923 10922)
4(10922 10923 11013 11012)
4(11012 11013 11103 11102)
4(11102 11103 11193 11192)
4(11192 11193 11283 11282)
4(11282 11283 11373 11372)
4(11372 11373 11463 11462)
4(11462 11463 11553 11552)
4(11552 11553 11643 11642)
4(11642 11643 11733 11732)
4(11732 11733 11823 11822)
4(11822 11823 11913 11912)
4(11912 11913 12003 12002)
4(12002 12003 12093 12092)
4(12092 12093 12183 12182)
4(12182 12183 12273 12272)
4(12272 12273 12363 12362)
4(12362 12363 12453 12452)
4(12452 12453 12543 12542)
4(12542 12543 12633 12632)
4(12632 12633 12723 12722)
4(12722 12723 12813 12812)
4(12812 12813 12903 12902)
4(12902 12903 12993 12992)
4(12992 12993 13083 13082)
4(13082 13083 13173 13172)
4(13172 13173 13263 13262)
4(13262 13263 13353 13352)
4(13352 13353 13443 13442)
4(13442 13443 13533 13532)
4(13532 13533 13623 13622)
4(13622 13623 13713 13712)
4(13712 13713 13803 13802)
4(13802 13803 13893 13892)
4(13892 13893 13983 13982)
4(13982 13983 14073 14072)
4(14072 14073 14163 14162)
4(14162 14163 14253 14252)
4(14252 14253 14343 14342)
4(14342 14343 14433 14432)
4(14432 14433 14523 14522)
4(14522 14523 14613 14612)
4(14612 14613 14703 14702)
4(14702 14703 14793 14792)
4(14792 14793 14883 14882)
4(14882 14883 14973 14972)
4(14972 14973 15063 15062)
4(15062 15063 15153 15152)
4(15152 15153 15243 15242)
4(15242 15243 15333 15332)
4(15332 15333 15423 15422)
4(15422 15423 15513 15512)
4(15512 15513 15603 15602)
4(15602 15603 15693 15692)
4(15692 15693 15783 15782)
4(15782 15783 15873 15872)
4(15872 15873 15963 15962)
4(15962 15963 16053 16052)
4(16052 16053 16143 16142)
4(16142 16143 16233 16232)
4(16232 16233 16323 16322)
4(16322 16323 16413 16412)
4(16412 16413 16503 16502)
4(16502 16503 16593 16592)
4(16592 16593 16683 16682)
4(16682 16683 16773 16772)
4(16772 16773 16863 16862)
4(16862 16863 16953 16952)
4(16952 16953 17043 17042)
4(17042 17043 17133 17132)
4(9933 9934 10024 10023)
4(10023 10024 10114 10113)
4(10113 10114 10204 10203)
4(10203 10204 10294 10293)
4(10293 10294 10384 10383)
4(10383 10384 10474 10473)
4(10473 10474 10564 10563)
4(10563 10564 10654 10653)
4(10653 10654 10744 10743)
4(10743 10744 10834 10833)
4(10833 10834 10924 10923)
4(10923 10924 11014 11013)
4(11013 11014 11104 11103)
4(11103 11104 11194 11193)
4(11193 11194 11284 11283)
4(11283 11284 11374 11373)
4(11373 11374 11464 11463)
4(11463 11464 11554 11553)
4(11553 11554 11644 11643)
4(11643 11644 11734 11733)
4(11733 11734 11824 11823)
4(11823 11824 11914 11913)
4(11913 11914 12004 12003)
4(12003 12004 12094 12093)
4(12093 12094 12184 12183)
4(12183 12184 12274 12273)
4(12273 12274 12364 12363)
4(12363 12364 12454 12453)
4(12453 12454 12544 12543)
4(12543 12544 12634 12633)
4(12633 12634 12724 12723)
4(12723 12724 12814 12813)
4(12813 12814 12904 12903)
4(12903 12904 12994 12993)
4(12993 12994 13084 13083)
4(13083 13084 13174 13173)
4(13173 13174 13264 13263)
4(13263 13264 13354 13353)
4(13353 13354 13444 13443)
4(13443 13444 13534 13533)
4(13533 13534 13624 13623)
4(13623 13624 13714 13713)
4(13713 13714 13804 13803)
4(13803 13804 13894 13893)
4(13893 13894 13984 13983)
4(13983 13984 14074 14073)
4(14073 14074 14164 14163)
4(14163 14164 14254 14253)
4(14253 14254 14344 14343)
4(14343 14344 14434 14433)
4(14433 14434 14524 14523)
4(14523 14524 14614 14613)
4(14613 14614 14704 14703)
4(14703 14704 14794 14793)
4(14793 14794 14884 14883)
4(14883 14884 14974 14973)
4(14973 14974 15064 15063)
4(15063 15064 15154 15153)
4(15153 15154 15244 15243)
4(15243 15244 15334 15333)
4(15333 15334 15424 15423)
4(15423 15424 15514 15513)
4(15513 15514 15604 15603)
4(15603 15604 15694 15693)
4(15693 15694 15784 15783)
4(15783 15784 15874 15873)
4(15873 15874 15964 15963)
4(15963 15964 16054 16053)
4(16053 16054 16144 16143)
4(16143 16144 16234 16233)
4(16233 16234 16324 16323)
4(16323 16324 16414 16413)
4(16413 16414 16504 16503)
4(16503 16504 16594 16593)
4(16593 16594 16684 16683)
4(16683 16684 16774 16773)
4(16773 16774 16864 16863)
4(16863 16864 16954 16953)
4(16953 16954 17044 17043)
4(17043 17044 17134 17133)
4(9934 9935 10025 10024)
4(10024 10025 10115 10114)
4(10114 10115 10205 10204)
4(10204 10205 10295 10294)
4(10294 10295 10385 10384)
4(10384 10385 10475 10474)
4(10474 10475 10565 10564)
4(10564 10565 10655 10654)
4(10654 10655 10745 10744)
4(10744 10745 10835 10834)
4(10834 10835 10925 10924)
4(10924 10925 11015 11014)
4(11014 11015 11105 11104)
4(11104 11105 11195 11194)
4(11194 11195 11285 11284)
4(11284 11285 11375 11374)
4(11374 11375 11465 11464)
4(11464 11465 11555 11554)
4(11554 11555 11645 11644)
4(11644 11645 11735 11734)
4(11734 11735 11825 11824)
4(11824 11825 11915 11914)
4(11914 11915 12005 12004)
4(12004 12005 12095 12094)
4(12094 12095 12185 12184)
4(12184 12185 12275 12274)
4(12274 12275 12365 12364)
4(12364 12365 12455 12454)
4(12454 12455 12545 12544)
4(12544 12545 12635 12634)
4(12634 12635 12725 12724)
4(12724 12725 12815 12814)
4(12814 12815 12905 12904)
4(12904 12905 12995 12994)
4(12994 12995 13085 13084)
4(13084 13085 13175 13174)
4(13174 13175 13265 13264)
4(13264 13265 13355 13354)
4(13354 13355 13445 13444)
4(13444 13445 13535 13534)
4(13534 13535 13625 13624)
4(13624 13625 13715 13714)
4(13714 13715 13805 13804)
4(13804 13805 13895 13894)
4(13894 13895 13985 13984)
4(13984 13985 14075 14074)
4(14074 14075 14165 14164)
4(14164 14165 14255 14254)
4(14254 14255 14345 14344)
4(14344 14345 14435 14434)
4(14434 14435 14525 14524)
4(14524 14525 14615 14614)
4(14614 14615 14705 14704)
4(14704 14705 14795 14794)
4(14794 14795 14885 14884)
4(14884 14885 14975 14974)
4(14974 14975 15065 15064)
4(15064 15065 15155 15154)
4(15154 15155 15245 15244)
4(15244 15245 15335 15334)
4(15334 15335 15425 15424)
4(15424 15425 15515 15514)
4(15514 15515 15605 15604)
4(15604 15605 15695 15694)
4(15694 15695 15785 15784)
4(15784 15785 15875 15874)
4(15874 15875 15965 15964)
4(15964 15965 16055 16054)
4(16054 16055 16145 16144)
4(16144 16145 16235 16234)
4(16234 16235 16325 16324)
4(16324 16325 16415 16414)
4(16414 16415 16505 16504)
4(16504 16505 16595 16594)
4(16594 16595 16685 16684)
4(16684 16685 16775 16774)
4(16774 16775 16865 16864)
4(16864 16865 16955 16954)
4(16954 16955 17045 17044)
4(17044 17045 17135 17134)
4(9935 9936 10026 10025)
4(10025 10026 10116 10115)
4(10115 10116 10206 10205)
4(10205 10206 10296 10295)
4(10295 10296 10386 10385)
4(10385 10386 10476 10475)
4(10475 10476 10566 10565)
4(10565 10566 10656 10655)
4(10655 10656 10746 10745)
4(10745 10746 10836 10835)
4(10835 10836 10926 10925)
4(10925 10926 11016 11015)
4(11015 11016 11106 11105)
4(11105 11106 11196 11195)
4(11195 11196 11286 11285)
4(11285 11286 11376 11375)
4(11375 11376 11466 11465)
4(11465 11466 11556 11555)
4(11555 11556 11646 11645)
4(11645 11646 11736 11735)
4(11735 11736 11826 11825)
4(11825 11826 11916 11915)
4(11915 11916 12006 12005)
4(12005 12006 12096 12095)
4(12095 12096 12186 12185)
4(12185 12186 12276 12275)
4(12275 12276 12366 12365)
4(12365 12366 12456 12455)
4(12455 12456 12546 12545)
4(12545 12546 12636 12635)
4(12635 12636 12726 12725)
4(12725 12726 12816 12815)
4(12815 12816 12906 12905)
4(12905 12906 12996 12995)
4(12995 12996 13086 13085)
4(13085 13086 13176 13175)
4(13175 13176 13266 13265)
4(13265 13266 13356 13355)
4(13355 13356 13446 13445)
4(13445 13446 13536 13535)
4(13535 13536 13626 13625)
4(13625 13626 13716 13715)
4(13715 13716 13806 13805)
4(13805 13806 13896 13895)
4(13895 13896 13986 13985)
4(13985 13986 14076 14075)
4(14075 14076 14166 14165)
4(14165 14166 14256 14255)
4(14255 14256 14346 14345)
4(14345 14346 14436 14435)
4(14435 14436 14526 14525)
4(14525 14526 14616 14615)
4(14615 14616 14706 14705)
4(14705 14706 14796 14795)
4(14795 14796 14886 14885)
4(14885 14886 14976 14975)
4(14975 14976 15066 15065)
4(15065 15066 15156 15155)
4(15155 15156 15246 15245)
4(15245 15246 15336 15335)
4(15335 15336 15426 15425)
4(15425 15426 15516 15515)
4(15515 15516 15606 15605)
4(15605 15606 15696 15695)
4(15695 15696 15786 15785)
4(15785 15786 15876 15875)
4(15875 15876 15966 15965)
4(15965 15966 16056 16055)
4(16055 16056 16146 16145)
4(16145 16146 16236 16235)
4(16235 16236 16326 16325)
4(16325 16326 16416 16415)
4(16415 16416 16506 16505)
4(16505 16506 16596 16595)
4(16595 16596 16686 16685)
4(16685 16686 16776 16775)
4(16775 16776 16866 16865)
4(16865 16866 16956 16955)
4(16955 16956 17046 17045)
4(17045 17046 17136 17135)
4(9936 9937 10027 10026)
4(10026 10027 10117 10116)
4(10116 10117 10207 10206)
4(10206 10207 10297 10296)
4(10296 10297 10387 10386)
4(10386 10387 10477 10476)
4(10476 10477 10567 10566)
4(10566 10567 10657 10656)
4(10656 10657 10747 10746)
4(10746 10747 10837 10836)
4(10836 10837 10927 10926)
4(10926 10927 11017 11016)
4(11016 11017 11107 11106)
4(11106 11107 11197 11196)
4(11196 11197 11287 11286)
4(11286 11287 11377 11376)
4(11376 11377 11467 11466)
4(11466 11467 11557 11556)
4(11556 11557 11647 11646)
4(11646 11647 11737 11736)
4(11736 11737 11827 11826)
4(11826 11827 11917 11916)
4(11916 11917 12007 12006)
4(12006 12007 12097 12096)
4(12096 12097 12187 12186)
4(12186 12187 12277 12276)
4(12276 12277 12367 12366)
4(12366 12367 12457 12456)
4(12456 12457 12547 12546)
4(12546 12547 12637 12636)
4(12636 12637 12727 12726)
4(12726 12727 12817 12816)
4(12816 12817 12907 12906)
4(12906 12907 12997 12996)
4(12996 12997 13087 13086)
4(13086 13087 13177 13176)
4(13176 13177 13267 13266)
4(13266 13267 13357 13356)
4(13356 13357 13447 13446)
4(13446 13447 13537 13536)
4(13536 13537 13627 13626)
4(13626 13627 13717 13716)
4(13716 13717 13807 13806)
4(13806 13807 13897 13896)
4(13896 13897 13987 13986)
4(13986 13987 14077 14076)
4(14076 14077 14167 14166)
4(14166 14167 14257 14256)
4(14256 14257 14347 14346)
4(14346 14347 14437 14436)
4(14436 14437 14527 14526)
4(14526 14527 14617 14616)
4(14616 14617 14707 14706)
4(14706 14707 14797 14796)
4(14796 14797 14887 14886)
4(14886 14887 14977 14976)
4(14976 14977 15067 15066)
4(15066 15067 15157 15156)
4(15156 15157 15247 15246)
4(15246 15247 15337 15336)
4(15336 15337 15427 15426)
4(15426 15427 15517 15516)
4(15516 15517 15607 15606)
4(15606 15607 15697 15696)
4(15696 15697 15787 15786)
4(15786 15787 15877 15876)
4(15876 15877 15967 15966)
4(15966 15967 16057 16056)
4(16056 16057 16147 16146)
4(16146 16147 16237 16236)
4(16236 16237 16327 16326)
4(16326 16327 16417 16416)
4(16416 16417 16507 16506)
4(16506 16507 16597 16596)
4(16596 16597 16687 16686)
4(16686 16687 16777 16776)
4(16776 16777 16867 16866)
4(16866 16867 16957 16956)
4(16956 16957 17047 17046)
4(17046 17047 17137 17136)
4(9937 9938 10028 10027)
4(10027 10028 10118 10117)
4(10117 10118 10208 10207)
4(10207 10208 10298 10297)
4(10297 10298 10388 10387)
4(10387 10388 10478 10477)
4(10477 10478 10568 10567)
4(10567 10568 10658 10657)
4(10657 10658 10748 10747)
4(10747 10748 10838 10837)
4(10837 10838 10928 10927)
4(10927 10928 11018 11017)
4(11017 11018 11108 11107)
4(11107 11108 11198 11197)
4(11197 11198 11288 11287)
4(11287 11288 11378 11377)
4(11377 11378 11468 11467)
4(11467 11468 11558 11557)
4(11557 11558 11648 11647)
4(11647 11648 11738 11737)
4(11737 11738 11828 11827)
4(11827 11828 11918 11917)
4(11917 11918 12008 12007)
4(12007 12008 12098 12097)
4(12097 12098 12188 12187)
4(12187 12188 12278 12277)
4(12277 12278 12368 12367)
4(12367 12368 12458 12457)
4(12457 12458 12548 12547)
4(12547 12548 12638 12637)
4(12637 12638 12728 12727)
4(12727 12728 12818 12817)
4(12817 12818 12908 12907)
4(12907 12908 12998 12997)
4(12997 12998 13088 13087)
4(13087 13088 13178 13177)
4(13177 13178 13268 13267)
4(13267 13268 13358 13357)
4(13357 13358 13448 13447)
4(13447 13448 13538 13537)
4(13537 13538 13628 13627)
4(13627 13628 13718 13717)
4(13717 13718 13808 13807)
4(13807 13808 13898 13897)
4(13897 13898 13988 13987)
4(13987 13988 14078 14077)
4(14077 14078 14168 14167)
4(14167 14168 14258 14257)
4(14257 14258 14348 14347)
4(14347 14348 14438 14437)
4(14437 14438 14528 14527)
4(14527 14528 14618 14617)
4(14617 14618 14708 14707)
4(14707 14708 14798 14797)
4(14797 14798 14888 14887)
4(14887 14888 14978 14977)
4(14977 14978 15068 15067)
4(15067 15068 15158 15157)
4(15157 15158 15248 15247)
4(15247 15248 15338 15337)
4(15337 15338 15428 15427)
4(15427 15428 15518 15517)
4(15517 15518 15608 15607)
4(15607 15608 15698 15697)
4(15697 15698 15788 15787)
4(15787 15788 15878 15877)
4(15877 15878 15968 15967)
4(15967 15968 16058 16057)
4(16057 16058 16148 16147)
4(16147 16148 16238 16237)
4(16237 16238 16328 16327)
4(16327 16328 16418 16417)
4(16417 16418 16508 16507)
4(16507 16508 16598 16597)
4(16597 16598 16688 16687)
4(16687 16688 16778 16777)
4(16777 16778 16868 16867)
4(16867 16868 16958 16957)
4(16957 16958 17048 17047)
4(17047 17048 17138 17137)
4(9938 9939 10029 10028)
4(10028 10029 10119 10118)
4(10118 10119 10209 10208)
4(10208 10209 10299 10298)
4(10298 10299 10389 10388)
4(10388 10389 10479 10478)
4(10478 10479 10569 10568)
4(10568 10569 10659 10658)
4(10658 10659 10749 10748)
4(10748 10749 10839 10838)
4(10838 10839 10929 10928)
4(10928 10929 11019 11018)
4(11018 11019 11109 11108)
4(11108 11109 11199 11198)
4(11198 11199 11289 11288)
4(11288 11289 11379 11378)
4(11378 11379 11469 11468)
4(11468 11469 11559 11558)
4(11558 11559 11649 11648)
4(11648 11649 11739 11738)
4(11738 11739 11829 11828)
4(11828 11829 11919 11918)
4(11918 11919 12009 12008)
4(12008 12009 12099 12098)
4(12098 12099 12189 12188)
4(12188 12189 12279 12278)
4(12278 12279 12369 12368)
4(12368 12369 12459 12458)
4(12458 12459 12549 12548)
4(12548 12549 12639 12638)
4(12638 12639 12729 12728)
4(12728 12729 12819 12818)
4(12818 12819 12909 12908)
4(12908 12909 12999 12998)
4(12998 12999 13089 13088)
4(13088 13089 13179 13178)
4(13178 13179 13269 13268)
4(13268 13269 13359 13358)
4(13358 13359 13449 13448)
4(13448 13449 13539 13538)
4(13538 13539 13629 13628)
4(13628 13629 13719 13718)
4(13718 13719 13809 13808)
4(13808 13809 13899 13898)
4(13898 13899 13989 13988)
4(13988 13989 14079 14078)
4(14078 14079 14169 14168)
4(14168 14169 14259 14258)
4(14258 14259 14349 14348)
4(14348 14349 14439 14438)
4(14438 14439 14529 14528)
4(14528 14529 14619 14618)
4(14618 14619 14709 14708)
4(14708 14709 14799 14798)
4(14798 14799 14889 14888)
4(14888 14889 14979 14978)
4(14978 14979 15069 15068)
4(15068 15069 15159 15158)
4(15158 15159 15249 15248)
4(15248 15249 15339 15338)
4(15338 15339 15429 15428)
4(15428 15429 15519 15518)
4(15518 15519 15609 15608)
4(15608 15609 15699 15698)
4(15698 15699 15789 15788)
4(15788 15789 15879 15878)
4(15878 15879 15969 15968)
4(15968 15969 16059 16058)
4(16058 16059 16149 16148)
4(16148 16149 16239 16238)
4(16238 16239 16329 16328)
4(16328 16329 16419 16418)
4(16418 16419 16509 16508)
4(16508 16509 16599 16598)
4(16598 16599 16689 16688)
4(16688 16689 16779 16778)
4(16778 16779 16869 16868)
4(16868 16869 16959 16958)
4(16958 16959 17049 17048)
4(17048 17049 17139 17138)
4(9939 9940 10030 10029)
4(10029 10030 10120 10119)
4(10119 10120 10210 10209)
4(10209 10210 10300 10299)
4(10299 10300 10390 10389)
4(10389 10390 10480 10479)
4(10479 10480 10570 10569)
4(10569 10570 10660 10659)
4(10659 10660 10750 10749)
4(10749 10750 10840 10839)
4(10839 10840 10930 10929)
4(10929 10930 11020 11019)
4(11019 11020 11110 11109)
4(11109 11110 11200 11199)
4(11199 11200 11290 11289)
4(11289 11290 11380 11379)
4(11379 11380 11470 11469)
4(11469 11470 11560 11559)
4(11559 11560 11650 11649)
4(11649 11650 11740 11739)
4(11739 11740 11830 11829)
4(11829 11830 11920 11919)
4(11919 11920 12010 12009)
4(12009 12010 12100 12099)
4(12099 12100 12190 12189)
4(12189 12190 12280 12279)
4(12279 12280 12370 12369)
4(12369 12370 12460 12459)
4(12459 12460 12550 12549)
4(12549 12550 12640 12639)
4(12639 12640 12730 12729)
4(12729 12730 12820 12819)
4(12819 12820 12910 12909)
4(12909 12910 13000 12999)
4(12999 13000 13090 13089)
4(13089 13090 13180 13179)
4(13179 13180 13270 13269)
4(13269 13270 13360 13359)
4(13359 13360 13450 13449)
4(13449 13450 13540 13539)
4(13539 13540 13630 13629)
4(13629 13630 13720 13719)
4(13719 13720 13810 13809)
4(13809 13810 13900 13899)
4(13899 13900 13990 13989)
4(13989 13990 14080 14079)
4(14079 14080 14170 14169)
4(14169 14170 14260 14259)
4(14259 14260 14350 14349)
4(14349 14350 14440 14439)
4(14439 14440 14530 14529)
4(14529 14530 14620 14619)
4(14619 14620 14710 14709)
4(14709 14710 14800 14799)
4(14799 14800 14890 14889)
4(14889 14890 14980 14979)
4(14979 14980 15070 15069)
4(15069 15070 15160 15159)
4(15159 15160 15250 15249)
4(15249 15250 15340 15339)
4(15339 15340 15430 15429)
4(15429 15430 15520 15519)
4(15519 15520 15610 15609)
4(15609 15610 15700 15699)
4(15699 15700 15790 15789)
4(15789 15790 15880 15879)
4(15879 15880 15970 15969)
4(15969 15970 16060 16059)
4(16059 16060 16150 16149)
4(16149 16150 16240 16239)
4(16239 16240 16330 16329)
4(16329 16330 16420 16419)
4(16419 16420 16510 16509)
4(16509 16510 16600 16599)
4(16599 16600 16690 16689)
4(16689 16690 16780 16779)
4(16779 16780 16870 16869)
4(16869 16870 16960 16959)
4(16959 16960 17050 17049)
4(17049 17050 17140 17139)
4(9940 9941 10031 10030)
4(10030 10031 10121 10120)
4(10120 10121 10211 10210)
4(10210 10211 10301 10300)
4(10300 10301 10391 10390)
4(10390 10391 10481 10480)
4(10480 10481 10571 10570)
4(10570 10571 10661 10660)
4(10660 10661 10751 10750)
4(10750 10751 10841 10840)
4(10840 10841 10931 10930)
4(10930 10931 11021 11020)
4(11020 11021 11111 11110)
4(11110 11111 11201 11200)
4(11200 11201 11291 11290)
4(11290 11291 11381 11380)
4(11380 11381 11471 11470)
4(11470 11471 11561 11560)
4(11560 11561 11651 11650)
4(11650 11651 11741 11740)
4(11740 11741 11831 11830)
4(11830 11831 11921 11920)
4(11920 11921 12011 12010)
4(12010 12011 12101 12100)
4(12100 12101 12191 12190)
4(12190 12191 12281 12280)
4(12280 12281 12371 12370)
4(12370 12371 12461 12460)
4(12460 12461 12551 12550)
4(12550 12551 12641 12640)
4(12640 12641 12731 12730)
4(12730 12731 12821 12820)
4(12820 12821 12911 12910)
4(12910 12911 13001 13000)
4(13000 13001 13091 13090)
4(13090 13091 13181 13180)
4(13180 13181 13271 13270)
4(13270 13271 13361 13360)
4(13360 13361 13451 13450)
4(13450 13451 13541 13540)
4(13540 13541 13631 13630)
4(13630 13631 13721 13720)
4(13720 13721 13811 13810)
4(13810 13811 13901 13900)
4(13900 13901 13991 13990)
4(13990 13991 14081 14080)
4(14080 14081 14171 14170)
4(14170 14171 14261 14260)
4(14260 14261 14351 14350)
4(14350 14351 14441 14440)
4(14440 14441 14531 14530)
4(14530 14531 14621 14620)
4(14620 14621 14711 14710)
4(14710 14711 14801 14800)
4(14800 14801 14891 14890)
4(14890 14891 14981 14980)
4(14980 14981 15071 15070)
4(15070 15071 15161 15160)
4(15160 15161 15251 15250)
4(15250 15251 15341 15340)
4(15340 15341 15431 15430)
4(15430 15431 15521 15520)
4(15520 15521 15611 15610)
4(15610 15611 15701 15700)
4(15700 15701 15791 15790)
4(15790 15791 15881 15880)
4(15880 15881 15971 15970)
4(15970 15971 16061 16060)
4(16060 16061 16151 16150)
4(16150 16151 16241 16240)
4(16240 16241 16331 16330)
4(16330 16331 16421 16420)
4(16420 16421 16511 16510)
4(16510 16511 16601 16600)
4(16600 16601 16691 16690)
4(16690 16691 16781 16780)
4(16780 16781 16871 16870)
4(16870 16871 16961 16960)
4(16960 16961 17051 17050)
4(17050 17051 17141 17140)
4(9941 9942 10032 10031)
4(10031 10032 10122 10121)
4(10121 10122 10212 10211)
4(10211 10212 10302 10301)
4(10301 10302 10392 10391)
4(10391 10392 10482 10481)
4(10481 10482 10572 10571)
4(10571 10572 10662 10661)
4(10661 10662 10752 10751)
4(10751 10752 10842 10841)
4(10841 10842 10932 10931)
4(10931 10932 11022 11021)
4(11021 11022 11112 11111)
4(11111 11112 11202 11201)
4(11201 11202 11292 11291)
4(11291 11292 11382 11381)
4(11381 11382 11472 11471)
4(11471 11472 11562 11561)
4(11561 11562 11652 11651)
4(11651 11652 11742 11741)
4(11741 11742 11832 11831)
4(11831 11832 11922 11921)
4(11921 11922 12012 12011)
4(12011 12012 12102 12101)
4(12101 12102 12192 12191)
4(12191 12192 12282 12281)
4(12281 12282 12372 12371)
4(12371 12372 12462 12461)
4(12461 12462 12552 12551)
4(12551 12552 12642 12641)
4(12641 12642 12732 12731)
4(12731 12732 12822 12821)
4(12821 12822 12912 12911)
4(12911 12912 13002 13001)
4(13001 13002 13092 13091)
4(13091 13092 13182 13181)
4(13181 13182 13272 13271)
4(13271 13272 13362 13361)
4(13361 13362 13452 13451)
4(13451 13452 13542 13541)
4(13541 13542 13632 13631)
4(13631 13632 13722 13721)
4(13721 13722 13812 13811)
4(13811 13812 13902 13901)
4(13901 13902 13992 13991)
4(13991 13992 14082 14081)
4(14081 14082 14172 14171)
4(14171 14172 14262 14261)
4(14261 14262 14352 14351)
4(14351 14352 14442 14441)
4(14441 14442 14532 14531)
4(14531 14532 14622 14621)
4(14621 14622 14712 14711)
4(14711 14712 14802 14801)
4(14801 14802 14892 14891)
4(14891 14892 14982 14981)
4(14981 14982 15072 15071)
4(15071 15072 15162 15161)
4(15161 15162 15252 15251)
4(15251 15252 15342 15341)
4(15341 15342 15432 15431)
4(15431 15432 15522 15521)
4(15521 15522 15612 15611)
4(15611 15612 15702 15701)
4(15701 15702 15792 15791)
4(15791 15792 15882 15881)
4(15881 15882 15972 15971)
4(15971 15972 16062 16061)
4(16061 16062 16152 16151)
4(16151 16152 16242 16241)
4(16241 16242 16332 16331)
4(16331 16332 16422 16421)
4(16421 16422 16512 16511)
4(16511 16512 16602 16601)
4(16601 16602 16692 16691)
4(16691 16692 16782 16781)
4(16781 16782 16872 16871)
4(16871 16872 16962 16961)
4(16961 16962 17052 17051)
4(17051 17052 17142 17141)
4(9942 9943 10033 10032)
4(10032 10033 10123 10122)
4(10122 10123 10213 10212)
4(10212 10213 10303 10302)
4(10302 10303 10393 10392)
4(10392 10393 10483 10482)
4(10482 10483 10573 10572)
4(10572 10573 10663 10662)
4(10662 10663 10753 10752)
4(10752 10753 10843 10842)
4(10842 10843 10933 10932)
4(10932 10933 11023 11022)
4(11022 11023 11113 11112)
4(11112 11113 11203 11202)
4(11202 11203 11293 11292)
4(11292 11293 11383 11382)
4(11382 11383 11473 11472)
4(11472 11473 11563 11562)
4(11562 11563 11653 11652)
4(11652 11653 11743 11742)
4(11742 11743 11833 11832)
4(11832 11833 11923 11922)
4(11922 11923 12013 12012)
4(12012 12013 12103 12102)
4(12102 12103 12193 12192)
4(12192 12193 12283 12282)
4(12282 12283 12373 12372)
4(12372 12373 12463 12462)
4(12462 12463 12553 12552)
4(12552 12553 12643 12642)
4(12642 12643 12733 12732)
4(12732 12733 12823 12822)
4(12822 12823 12913 12912)
4(12912 12913 13003 13002)
4(13002 13003 13093 13092)
4(13092 13093 13183 13182)
4(13182 13183 13273 13272)
4(13272 13273 13363 13362)
4(13362 13363 13453 13452)
4(13452 13453 13543 13542)
4(13542 13543 13633 13632)
4(13632 13633 13723 13722)
4(13722 13723 13813 13812)
4(13812 13813 13903 13902)
4(13902 13903 13993 13992)
4(13992 13993 14083 14082)
4(14082 14083 14173 14172)
4(14172 14173 14263 14262)
4(14262 14263 14353 14352)
4(14352 14353 14443 14442)
4(14442 14443 14533 14532)
4(14532 14533 14623 14622)
4(14622 14623 14713 14712)
4(14712 14713 14803 14802)
4(14802 14803 14893 14892)
4(14892 14893 14983 14982)
4(14982 14983 15073 15072)
4(15072 15073 15163 15162)
4(15162 15163 15253 15252)
4(15252 15253 15343 15342)
4(15342 15343 15433 15432)
4(15432 15433 15523 15522)
4(15522 15523 15613 15612)
4(15612 15613 15703 15702)
4(15702 15703 15793 15792)
4(15792 15793 15883 15882)
4(15882 15883 15973 15972)
4(15972 15973 16063 16062)
4(16062 16063 16153 16152)
4(16152 16153 16243 16242)
4(16242 16243 16333 16332)
4(16332 16333 16423 16422)
4(16422 16423 16513 16512)
4(16512 16513 16603 16602)
4(16602 16603 16693 16692)
4(16692 16693 16783 16782)
4(16782 16783 16873 16872)
4(16872 16873 16963 16962)
4(16962 16963 17053 17052)
4(17052 17053 17143 17142)
4(9943 9944 10034 10033)
4(10033 10034 10124 10123)
4(10123 10124 10214 10213)
4(10213 10214 10304 10303)
4(10303 10304 10394 10393)
4(10393 10394 10484 10483)
4(10483 10484 10574 10573)
4(10573 10574 10664 10663)
4(10663 10664 10754 10753)
4(10753 10754 10844 10843)
4(10843 10844 10934 10933)
4(10933 10934 11024 11023)
4(11023 11024 11114 11113)
4(11113 11114 11204 11203)
4(11203 11204 11294 11293)
4(11293 11294 11384 11383)
4(11383 11384 11474 11473)
4(11473 11474 11564 11563)
4(11563 11564 11654 11653)
4(11653 11654 11744 11743)
4(11743 11744 11834 11833)
4(11833 11834 11924 11923)
4(11923 11924 12014 12013)
4(12013 12014 12104 12103)
4(12103 12104 12194 12193)
4(12193 12194 12284 12283)
4(12283 12284 12374 12373)
4(12373 12374 12464 12463)
4(12463 12464 12554 12553)
4(12553 12554 12644 12643)
4(12643 12644 12734 12733)
4(12733 12734 12824 12823)
4(12823 12824 12914 12913)
4(12913 12914 13004 13003)
4(13003 13004 13094 13093)
4(13093 13094 13184 13183)
4(13183 13184 13274 13273)
4(13273 13274 13364 13363)
4(13363 13364 13454 13453)
4(13453 13454 13544 13543)
4(13543 13544 13634 13633)
4(13633 13634 13724 13723)
4(13723 13724 13814 13813)
4(13813 13814 13904 13903)
4(13903 13904 13994 13993)
4(13993 13994 14084 14083)
4(14083 14084 14174 14173)
4(14173 14174 14264 14263)
4(14263 14264 14354 14353)
4(14353 14354 14444 14443)
4(14443 14444 14534 14533)
4(14533 14534 14624 14623)
4(14623 14624 14714 14713)
4(14713 14714 14804 14803)
4(14803 14804 14894 14893)
4(14893 14894 14984 14983)
4(14983 14984 15074 15073)
4(15073 15074 15164 15163)
4(15163 15164 15254 15253)
4(15253 15254 15344 15343)
4(15343 15344 15434 15433)
4(15433 15434 15524 15523)
4(15523 15524 15614 15613)
4(15613 15614 15704 15703)
4(15703 15704 15794 15793)
4(15793 15794 15884 15883)
4(15883 15884 15974 15973)
4(15973 15974 16064 16063)
4(16063 16064 16154 16153)
4(16153 16154 16244 16243)
4(16243 16244 16334 16333)
4(16333 16334 16424 16423)
4(16423 16424 16514 16513)
4(16513 16514 16604 16603)
4(16603 16604 16694 16693)
4(16693 16694 16784 16783)
4(16783 16784 16874 16873)
4(16873 16874 16964 16963)
4(16963 16964 17054 17053)
4(17053 17054 17144 17143)
4(9944 9945 10035 10034)
4(10034 10035 10125 10124)
4(10124 10125 10215 10214)
4(10214 10215 10305 10304)
4(10304 10305 10395 10394)
4(10394 10395 10485 10484)
4(10484 10485 10575 10574)
4(10574 10575 10665 10664)
4(10664 10665 10755 10754)
4(10754 10755 10845 10844)
4(10844 10845 10935 10934)
4(10934 10935 11025 11024)
4(11024 11025 11115 11114)
4(11114 11115 11205 11204)
4(11204 11205 11295 11294)
4(11294 11295 11385 11384)
4(11384 11385 11475 11474)
4(11474 11475 11565 11564)
4(11564 11565 11655 11654)
4(11654 11655 11745 11744)
4(11744 11745 11835 11834)
4(11834 11835 11925 11924)
4(11924 11925 12015 12014)
4(12014 12015 12105 12104)
4(12104 12105 12195 12194)
4(12194 12195 12285 12284)
4(12284 12285 12375 12374)
4(12374 12375 12465 12464)
4(12464 12465 12555 12554)
4(12554 12555 12645 12644)
4(12644 12645 12735 12734)
4(12734 12735 12825 12824)
4(12824 12825 12915 12914)
4(12914 12915 13005 13004)
4(13004 13005 13095 13094)
4(13094 13095 13185 13184)
4(13184 13185 13275 13274)
4(13274 13275 13365 13364)
4(13364 13365 13455 13454)
4(13454 13455 13545 13544)
4(13544 13545 13635 13634)
4(13634 13635 13725 13724)
4(13724 13725 13815 13814)
4(13814 13815 13905 13904)
4(13904 13905 13995 13994)
4(13994 13995 14085 14084)
4(14084 14085 14175 14174)
4(14174 14175 14265 14264)
4(14264 14265 14355 14354)
4(14354 14355 14445 14444)
4(14444 14445 14535 14534)
4(14534 14535 14625 14624)
4(14624 14625 14715 14714)
4(14714 14715 14805 14804)
4(14804 14805 14895 14894)
4(14894 14895 14985 14984)
4(14984 14985 15075 15074)
4(15074 15075 15165 15164)
4(15164 15165 15255 15254)
4(15254 15255 15345 15344)
4(15344 15345 15435 15434)
4(15434 15435 15525 15524)
4(15524 15525 15615 15614)
4(15614 15615 15705 15704)
4(15704 15705 15795 15794)
4(15794 15795 15885 15884)
4(15884 15885 15975 15974)
4(15974 15975 16065 16064)
4(16064 16065 16155 16154)
4(16154 16155 16245 16244)
4(16244 16245 16335 16334)
4(16334 16335 16425 16424)
4(16424 16425 16515 16514)
4(16514 16515 16605 16604)
4(16604 16605 16695 16694)
4(16694 16695 16785 16784)
4(16784 16785 16875 16874)
4(16874 16875 16965 16964)
4(16964 16965 17055 17054)
4(17054 17055 17145 17144)
4(9945 9946 10036 10035)
4(10035 10036 10126 10125)
4(10125 10126 10216 10215)
4(10215 10216 10306 10305)
4(10305 10306 10396 10395)
4(10395 10396 10486 10485)
4(10485 10486 10576 10575)
4(10575 10576 10666 10665)
4(10665 10666 10756 10755)
4(10755 10756 10846 10845)
4(10845 10846 10936 10935)
4(10935 10936 11026 11025)
4(11025 11026 11116 11115)
4(11115 11116 11206 11205)
4(11205 11206 11296 11295)
4(11295 11296 11386 11385)
4(11385 11386 11476 11475)
4(11475 11476 11566 11565)
4(11565 11566 11656 11655)
4(11655 11656 11746 11745)
4(11745 11746 11836 11835)
4(11835 11836 11926 11925)
4(11925 11926 12016 12015)
4(12015 12016 12106 12105)
4(12105 12106 12196 12195)
4(12195 12196 12286 12285)
4(12285 12286 12376 12375)
4(12375 12376 12466 12465)
4(12465 12466 12556 12555)
4(12555 12556 12646 12645)
4(12645 12646 12736 12735)
4(12735 12736 12826 12825)
4(12825 12826 12916 12915)
4(12915 12916 13006 13005)
4(13005 13006 13096 13095)
4(13095 13096 13186 13185)
4(13185 13186 13276 13275)
4(13275 13276 13366 13365)
4(13365 13366 13456 13455)
4(13455 13456 13546 13545)
4(13545 13546 13636 13635)
4(13635 13636 13726 13725)
4(13725 13726 13816 13815)
4(13815 13816 13906 13905)
4(13905 13906 13996 13995)
4(13995 13996 14086 14085)
4(14085 14086 14176 14175)
4(14175 14176 14266 14265)
4(14265 14266 14356 14355)
4(14355 14356 14446 14445)
4(14445 14446 14536 14535)
4(14535 14536 14626 14625)
4(14625 14626 14716 14715)
4(14715 14716 14806 14805)
4(14805 14806 14896 14895)
4(14895 14896 14986 14985)
4(14985 14986 15076 15075)
4(15075 15076 15166 15165)
4(15165 15166 15256 15255)
4(15255 15256 15346 15345)
4(15345 15346 15436 15435)
4(15435 15436 15526 15525)
4(15525 15526 15616 15615)
4(15615 15616 15706 15705)
4(15705 15706 15796 15795)
4(15795 15796 15886 15885)
4(15885 15886 15976 15975)
4(15975 15976 16066 16065)
4(16065 16066 16156 16155)
4(16155 16156 16246 16245)
4(16245 16246 16336 16335)
4(16335 16336 16426 16425)
4(16425 16426 16516 16515)
4(16515 16516 16606 16605)
4(16605 16606 16696 16695)
4(16695 16696 16786 16785)
4(16785 16786 16876 16875)
4(16875 16876 16966 16965)
4(16965 16966 17056 17055)
4(17055 17056 17146 17145)
4(9946 9947 10037 10036)
4(10036 10037 10127 10126)
4(10126 10127 10217 10216)
4(10216 10217 10307 10306)
4(10306 10307 10397 10396)
4(10396 10397 10487 10486)
4(10486 10487 10577 10576)
4(10576 10577 10667 10666)
4(10666 10667 10757 10756)
4(10756 10757 10847 10846)
4(10846 10847 10937 10936)
4(10936 10937 11027 11026)
4(11026 11027 11117 11116)
4(11116 11117 11207 11206)
4(11206 11207 11297 11296)
4(11296 11297 11387 11386)
4(11386 11387 11477 11476)
4(11476 11477 11567 11566)
4(11566 11567 11657 11656)
4(11656 11657 11747 11746)
4(11746 11747 11837 11836)
4(11836 11837 11927 11926)
4(11926 11927 12017 12016)
4(12016 12017 12107 12106)
4(12106 12107 12197 12196)
4(12196 12197 12287 12286)
4(12286 12287 12377 12376)
4(12376 12377 12467 12466)
4(12466 12467 12557 12556)
4(12556 12557 12647 12646)
4(12646 12647 12737 12736)
4(12736 12737 12827 12826)
4(12826 12827 12917 12916)
4(12916 12917 13007 13006)
4(13006 13007 13097 13096)
4(13096 13097 13187 13186)
4(13186 13187 13277 13276)
4(13276 13277 13367 13366)
4(13366 13367 13457 13456)
4(13456 13457 13547 13546)
4(13546 13547 13637 13636)
4(13636 13637 13727 13726)
4(13726 13727 13817 13816)
4(13816 13817 13907 13906)
4(13906 13907 13997 13996)
4(13996 13997 14087 14086)
4(14086 14087 14177 14176)
4(14176 14177 14267 14266)
4(14266 14267 14357 14356)
4(14356 14357 14447 14446)
4(14446 14447 14537 14536)
4(14536 14537 14627 14626)
4(14626 14627 14717 14716)
4(14716 14717 14807 14806)
4(14806 14807 14897 14896)
4(14896 14897 14987 14986)
4(14986 14987 15077 15076)
4(15076 15077 15167 15166)
4(15166 15167 15257 15256)
4(15256 15257 15347 15346)
4(15346 15347 15437 15436)
4(15436 15437 15527 15526)
4(15526 15527 15617 15616)
4(15616 15617 15707 15706)
4(15706 15707 15797 15796)
4(15796 15797 15887 15886)
4(15886 15887 15977 15976)
4(15976 15977 16067 16066)
4(16066 16067 16157 16156)
4(16156 16157 16247 16246)
4(16246 16247 16337 16336)
4(16336 16337 16427 16426)
4(16426 16427 16517 16516)
4(16516 16517 16607 16606)
4(16606 16607 16697 16696)
4(16696 16697 16787 16786)
4(16786 16787 16877 16876)
4(16876 16877 16967 16966)
4(16966 16967 17057 17056)
4(17056 17057 17147 17146)
4(9947 9948 10038 10037)
4(10037 10038 10128 10127)
4(10127 10128 10218 10217)
4(10217 10218 10308 10307)
4(10307 10308 10398 10397)
4(10397 10398 10488 10487)
4(10487 10488 10578 10577)
4(10577 10578 10668 10667)
4(10667 10668 10758 10757)
4(10757 10758 10848 10847)
4(10847 10848 10938 10937)
4(10937 10938 11028 11027)
4(11027 11028 11118 11117)
4(11117 11118 11208 11207)
4(11207 11208 11298 11297)
4(11297 11298 11388 11387)
4(11387 11388 11478 11477)
4(11477 11478 11568 11567)
4(11567 11568 11658 11657)
4(11657 11658 11748 11747)
4(11747 11748 11838 11837)
4(11837 11838 11928 11927)
4(11927 11928 12018 12017)
4(12017 12018 12108 12107)
4(12107 12108 12198 12197)
4(12197 12198 12288 12287)
4(12287 12288 12378 12377)
4(12377 12378 12468 12467)
4(12467 12468 12558 12557)
4(12557 12558 12648 12647)
4(12647 12648 12738 12737)
4(12737 12738 12828 12827)
4(12827 12828 12918 12917)
4(12917 12918 13008 13007)
4(13007 13008 13098 13097)
4(13097 13098 13188 13187)
4(13187 13188 13278 13277)
4(13277 13278 13368 13367)
4(13367 13368 13458 13457)
4(13457 13458 13548 13547)
4(13547 13548 13638 13637)
4(13637 13638 13728 13727)
4(13727 13728 13818 13817)
4(13817 13818 13908 13907)
4(13907 13908 13998 13997)
4(13997 13998 14088 14087)
4(14087 14088 14178 14177)
4(14177 14178 14268 14267)
4(14267 14268 14358 14357)
4(14357 14358 14448 14447)
4(14447 14448 14538 14537)
4(14537 14538 14628 14627)
4(14627 14628 14718 14717)
4(14717 14718 14808 14807)
4(14807 14808 14898 14897)
4(14897 14898 14988 14987)
4(14987 14988 15078 15077)
4(15077 15078 15168 15167)
4(15167 15168 15258 15257)
4(15257 15258 15348 15347)
4(15347 15348 15438 15437)
4(15437 15438 15528 15527)
4(15527 15528 15618 15617)
4(15617 15618 15708 15707)
4(15707 15708 15798 15797)
4(15797 15798 15888 15887)
4(15887 15888 15978 15977)
4(15977 15978 16068 16067)
4(16067 16068 16158 16157)
4(16157 16158 16248 16247)
4(16247 16248 16338 16337)
4(16337 16338 16428 16427)
4(16427 16428 16518 16517)
4(16517 16518 16608 16607)
4(16607 16608 16698 16697)
4(16697 16698 16788 16787)
4(16787 16788 16878 16877)
4(16877 16878 16968 16967)
4(16967 16968 17058 17057)
4(17057 17058 17148 17147)
4(9948 9949 10039 10038)
4(10038 10039 10129 10128)
4(10128 10129 10219 10218)
4(10218 10219 10309 10308)
4(10308 10309 10399 10398)
4(10398 10399 10489 10488)
4(10488 10489 10579 10578)
4(10578 10579 10669 10668)
4(10668 10669 10759 10758)
4(10758 10759 10849 10848)
4(10848 10849 10939 10938)
4(10938 10939 11029 11028)
4(11028 11029 11119 11118)
4(11118 11119 11209 11208)
4(11208 11209 11299 11298)
4(11298 11299 11389 11388)
4(11388 11389 11479 11478)
4(11478 11479 11569 11568)
4(11568 11569 11659 11658)
4(11658 11659 11749 11748)
4(11748 11749 11839 11838)
4(11838 11839 11929 11928)
4(11928 11929 12019 12018)
4(12018 12019 12109 12108)
4(12108 12109 12199 12198)
4(12198 12199 12289 12288)
4(12288 12289 12379 12378)
4(12378 12379 12469 12468)
4(12468 12469 12559 12558)
4(12558 12559 12649 12648)
4(12648 12649 12739 12738)
4(12738 12739 12829 12828)
4(12828 12829 12919 12918)
4(12918 12919 13009 13008)
4(13008 13009 13099 13098)
4(13098 13099 13189 13188)
4(13188 13189 13279 13278)
4(13278 13279 13369 13368)
4(13368 13369 13459 13458)
4(13458 13459 13549 13548)
4(13548 13549 13639 13638)
4(13638 13639 13729 13728)
4(13728 13729 13819 13818)
4(13818 13819 13909 13908)
4(13908 13909 13999 13998)
4(13998 13999 14089 14088)
4(14088 14089 14179 14178)
4(14178 14179 14269 14268)
4(14268 14269 14359 14358)
4(14358 14359 14449 14448)
4(14448 14449 14539 14538)
4(14538 14539 14629 14628)
4(14628 14629 14719 14718)
4(14718 14719 14809 14808)
4(14808 14809 14899 14898)
4(14898 14899 14989 14988)
4(14988 14989 15079 15078)
4(15078 15079 15169 15168)
4(15168 15169 15259 15258)
4(15258 15259 15349 15348)
4(15348 15349 15439 15438)
4(15438 15439 15529 15528)
4(15528 15529 15619 15618)
4(15618 15619 15709 15708)
4(15708 15709 15799 15798)
4(15798 15799 15889 15888)
4(15888 15889 15979 15978)
4(15978 15979 16069 16068)
4(16068 16069 16159 16158)
4(16158 16159 16249 16248)
4(16248 16249 16339 16338)
4(16338 16339 16429 16428)
4(16428 16429 16519 16518)
4(16518 16519 16609 16608)
4(16608 16609 16699 16698)
4(16698 16699 16789 16788)
4(16788 16789 16879 16878)
4(16878 16879 16969 16968)
4(16968 16969 17059 17058)
4(17058 17059 17149 17148)
4(9949 9950 10040 10039)
4(10039 10040 10130 10129)
4(10129 10130 10220 10219)
4(10219 10220 10310 10309)
4(10309 10310 10400 10399)
4(10399 10400 10490 10489)
4(10489 10490 10580 10579)
4(10579 10580 10670 10669)
4(10669 10670 10760 10759)
4(10759 10760 10850 10849)
4(10849 10850 10940 10939)
4(10939 10940 11030 11029)
4(11029 11030 11120 11119)
4(11119 11120 11210 11209)
4(11209 11210 11300 11299)
4(11299 11300 11390 11389)
4(11389 11390 11480 11479)
4(11479 11480 11570 11569)
4(11569 11570 11660 11659)
4(11659 11660 11750 11749)
4(11749 11750 11840 11839)
4(11839 11840 11930 11929)
4(11929 11930 12020 12019)
4(12019 12020 12110 12109)
4(12109 12110 12200 12199)
4(12199 12200 12290 12289)
4(12289 12290 12380 12379)
4(12379 12380 12470 12469)
4(12469 12470 12560 12559)
4(12559 12560 12650 12649)
4(12649 12650 12740 12739)
4(12739 12740 12830 12829)
4(12829 12830 12920 12919)
4(12919 12920 13010 13009)
4(13009 13010 13100 13099)
4(13099 13100 13190 13189)
4(13189 13190 13280 13279)
4(13279 13280 13370 13369)
4(13369 13370 13460 13459)
4(13459 13460 13550 13549)
4(13549 13550 13640 13639)
4(13639 13640 13730 13729)
4(13729 13730 13820 13819)
4(13819 13820 13910 13909)
4(13909 13910 14000 13999)
4(13999 14000 14090 14089)
4(14089 14090 14180 14179)
4(14179 14180 14270 14269)
4(14269 14270 14360 14359)
4(14359 14360 14450 14449)
4(14449 14450 14540 14539)
4(14539 14540 14630 14629)
4(14629 14630 14720 14719)
4(14719 14720 14810 14809)
4(14809 14810 14900 14899)
4(14899 14900 14990 14989)
4(14989 14990 15080 15079)
4(15079 15080 15170 15169)
4(15169 15170 15260 15259)
4(15259 15260 15350 15349)
4(15349 15350 15440 15439)
4(15439 15440 15530 15529)
4(15529 15530 15620 15619)
4(15619 15620 15710 15709)
4(15709 15710 15800 15799)
4(15799 15800 15890 15889)
4(15889 15890 15980 15979)
4(15979 15980 16070 16069)
4(16069 16070 16160 16159)
4(16159 16160 16250 16249)
4(16249 16250 16340 16339)
4(16339 16340 16430 16429)
4(16429 16430 16520 16519)
4(16519 16520 16610 16609)
4(16609 16610 16700 16699)
4(16699 16700 16790 16789)
4(16789 16790 16880 16879)
4(16879 16880 16970 16969)
4(16969 16970 17060 17059)
4(17059 17060 17150 17149)
4(9950 9951 10041 10040)
4(10040 10041 10131 10130)
4(10130 10131 10221 10220)
4(10220 10221 10311 10310)
4(10310 10311 10401 10400)
4(10400 10401 10491 10490)
4(10490 10491 10581 10580)
4(10580 10581 10671 10670)
4(10670 10671 10761 10760)
4(10760 10761 10851 10850)
4(10850 10851 10941 10940)
4(10940 10941 11031 11030)
4(11030 11031 11121 11120)
4(11120 11121 11211 11210)
4(11210 11211 11301 11300)
4(11300 11301 11391 11390)
4(11390 11391 11481 11480)
4(11480 11481 11571 11570)
4(11570 11571 11661 11660)
4(11660 11661 11751 11750)
4(11750 11751 11841 11840)
4(11840 11841 11931 11930)
4(11930 11931 12021 12020)
4(12020 12021 12111 12110)
4(12110 12111 12201 12200)
4(12200 12201 12291 12290)
4(12290 12291 12381 12380)
4(12380 12381 12471 12470)
4(12470 12471 12561 12560)
4(12560 12561 12651 12650)
4(12650 12651 12741 12740)
4(12740 12741 12831 12830)
4(12830 12831 12921 12920)
4(12920 12921 13011 13010)
4(13010 13011 13101 13100)
4(13100 13101 13191 13190)
4(13190 13191 13281 13280)
4(13280 13281 13371 13370)
4(13370 13371 13461 13460)
4(13460 13461 13551 13550)
4(13550 13551 13641 13640)
4(13640 13641 13731 13730)
4(13730 13731 13821 13820)
4(13820 13821 13911 13910)
4(13910 13911 14001 14000)
4(14000 14001 14091 14090)
4(14090 14091 14181 14180)
4(14180 14181 14271 14270)
4(14270 14271 14361 14360)
4(14360 14361 14451 14450)
4(14450 14451 14541 14540)
4(14540 14541 14631 14630)
4(14630 14631 14721 14720)
4(14720 14721 14811 14810)
4(14810 14811 14901 14900)
4(14900 14901 14991 14990)
4(14990 14991 15081 15080)
4(15080 15081 15171 15170)
4(15170 15171 15261 15260)
4(15260 15261 15351 15350)
4(15350 15351 15441 15440)
4(15440 15441 15531 15530)
4(15530 15531 15621 15620)
4(15620 15621 15711 15710)
4(15710 15711 15801 15800)
4(15800 15801 15891 15890)
4(15890 15891 15981 15980)
4(15980 15981 16071 16070)
4(16070 16071 16161 16160)
4(16160 16161 16251 16250)
4(16250 16251 16341 16340)
4(16340 16341 16431 16430)
4(16430 16431 16521 16520)
4(16520 16521 16611 16610)
4(16610 16611 16701 16700)
4(16700 16701 16791 16790)
4(16790 16791 16881 16880)
4(16880 16881 16971 16970)
4(16970 16971 17061 17060)
4(17060 17061 17151 17150)
4(9951 9952 10042 10041)
4(10041 10042 10132 10131)
4(10131 10132 10222 10221)
4(10221 10222 10312 10311)
4(10311 10312 10402 10401)
4(10401 10402 10492 10491)
4(10491 10492 10582 10581)
4(10581 10582 10672 10671)
4(10671 10672 10762 10761)
4(10761 10762 10852 10851)
4(10851 10852 10942 10941)
4(10941 10942 11032 11031)
4(11031 11032 11122 11121)
4(11121 11122 11212 11211)
4(11211 11212 11302 11301)
4(11301 11302 11392 11391)
4(11391 11392 11482 11481)
4(11481 11482 11572 11571)
4(11571 11572 11662 11661)
4(11661 11662 11752 11751)
4(11751 11752 11842 11841)
4(11841 11842 11932 11931)
4(11931 11932 12022 12021)
4(12021 12022 12112 12111)
4(12111 12112 12202 12201)
4(12201 12202 12292 12291)
4(12291 12292 12382 12381)
4(12381 12382 12472 12471)
4(12471 12472 12562 12561)
4(12561 12562 12652 12651)
4(12651 12652 12742 12741)
4(12741 12742 12832 12831)
4(12831 12832 12922 12921)
4(12921 12922 13012 13011)
4(13011 13012 13102 13101)
4(13101 13102 13192 13191)
4(13191 13192 13282 13281)
4(13281 13282 13372 13371)
4(13371 13372 13462 13461)
4(13461 13462 13552 13551)
4(13551 13552 13642 13641)
4(13641 13642 13732 13731)
4(13731 13732 13822 13821)
4(13821 13822 13912 13911)
4(13911 13912 14002 14001)
4(14001 14002 14092 14091)
4(14091 14092 14182 14181)
4(14181 14182 14272 14271)
4(14271 14272 14362 14361)
4(14361 14362 14452 14451)
4(14451 14452 14542 14541)
4(14541 14542 14632 14631)
4(14631 14632 14722 14721)
4(14721 14722 14812 14811)
4(14811 14812 14902 14901)
4(14901 14902 14992 14991)
4(14991 14992 15082 15081)
4(15081 15082 15172 15171)
4(15171 15172 15262 15261)
4(15261 15262 15352 15351)
4(15351 15352 15442 15441)
4(15441 15442 15532 15531)
4(15531 15532 15622 15621)
4(15621 15622 15712 15711)
4(15711 15712 15802 15801)
4(15801 15802 15892 15891)
4(15891 15892 15982 15981)
4(15981 15982 16072 16071)
4(16071 16072 16162 16161)
4(16161 16162 16252 16251)
4(16251 16252 16342 16341)
4(16341 16342 16432 16431)
4(16431 16432 16522 16521)
4(16521 16522 16612 16611)
4(16611 16612 16702 16701)
4(16701 16702 16792 16791)
4(16791 16792 16882 16881)
4(16881 16882 16972 16971)
4(16971 16972 17062 17061)
4(17061 17062 17152 17151)
4(9952 9953 10043 10042)
4(10042 10043 10133 10132)
4(10132 10133 10223 10222)
4(10222 10223 10313 10312)
4(10312 10313 10403 10402)
4(10402 10403 10493 10492)
4(10492 10493 10583 10582)
4(10582 10583 10673 10672)
4(10672 10673 10763 10762)
4(10762 10763 10853 10852)
4(10852 10853 10943 10942)
4(10942 10943 11033 11032)
4(11032 11033 11123 11122)
4(11122 11123 11213 11212)
4(11212 11213 11303 11302)
4(11302 11303 11393 11392)
4(11392 11393 11483 11482)
4(11482 11483 11573 11572)
4(11572 11573 11663 11662)
4(11662 11663 11753 11752)
4(11752 11753 11843 11842)
4(11842 11843 11933 11932)
4(11932 11933 12023 12022)
4(12022 12023 12113 12112)
4(12112 12113 12203 12202)
4(12202 12203 12293 12292)
4(12292 12293 12383 12382)
4(12382 12383 12473 12472)
4(12472 12473 12563 12562)
4(12562 12563 12653 12652)
4(12652 12653 12743 12742)
4(12742 12743 12833 12832)
4(12832 12833 12923 12922)
4(12922 12923 13013 13012)
4(13012 13013 13103 13102)
4(13102 13103 13193 13192)
4(13192 13193 13283 13282)
4(13282 13283 13373 13372)
4(13372 13373 13463 13462)
4(13462 13463 13553 13552)
4(13552 13553 13643 13642)
4(13642 13643 13733 13732)
4(13732 13733 13823 13822)
4(13822 13823 13913 13912)
4(13912 13913 14003 14002)
4(14002 14003 14093 14092)
4(14092 14093 14183 14182)
4(14182 14183 14273 14272)
4(14272 14273 14363 14362)
4(14362 14363 14453 14452)
4(14452 14453 14543 14542)
4(14542 14543 14633 14632)
4(14632 14633 14723 14722)
4(14722 14723 14813 14812)
4(14812 14813 14903 14902)
4(14902 14903 14993 14992)
4(14992 14993 15083 15082)
4(15082 15083 15173 15172)
4(15172 15173 15263 15262)
4(15262 15263 15353 15352)
4(15352 15353 15443 15442)
4(15442 15443 15533 15532)
4(15532 15533 15623 15622)
4(15622 15623 15713 15712)
4(15712 15713 15803 15802)
4(15802 15803 15893 15892)
4(15892 15893 15983 15982)
4(15982 15983 16073 16072)
4(16072 16073 16163 16162)
4(16162 16163 16253 16252)
4(16252 16253 16343 16342)
4(16342 16343 16433 16432)
4(16432 16433 16523 16522)
4(16522 16523 16613 16612)
4(16612 16613 16703 16702)
4(16702 16703 16793 16792)
4(16792 16793 16883 16882)
4(16882 16883 16973 16972)
4(16972 16973 17063 17062)
4(17062 17063 17153 17152)
4(9953 9954 10044 10043)
4(10043 10044 10134 10133)
4(10133 10134 10224 10223)
4(10223 10224 10314 10313)
4(10313 10314 10404 10403)
4(10403 10404 10494 10493)
4(10493 10494 10584 10583)
4(10583 10584 10674 10673)
4(10673 10674 10764 10763)
4(10763 10764 10854 10853)
4(10853 10854 10944 10943)
4(10943 10944 11034 11033)
4(11033 11034 11124 11123)
4(11123 11124 11214 11213)
4(11213 11214 11304 11303)
4(11303 11304 11394 11393)
4(11393 11394 11484 11483)
4(11483 11484 11574 11573)
4(11573 11574 11664 11663)
4(11663 11664 11754 11753)
4(11753 11754 11844 11843)
4(11843 11844 11934 11933)
4(11933 11934 12024 12023)
4(12023 12024 12114 12113)
4(12113 12114 12204 12203)
4(12203 12204 12294 12293)
4(12293 12294 12384 12383)
4(12383 12384 12474 12473)
4(12473 12474 12564 12563)
4(12563 12564 12654 12653)
4(12653 12654 12744 12743)
4(12743 12744 12834 12833)
4(12833 12834 12924 12923)
4(12923 12924 13014 13013)
4(13013 13014 13104 13103)
4(13103 13104 13194 13193)
4(13193 13194 13284 13283)
4(13283 13284 13374 13373)
4(13373 13374 13464 13463)
4(13463 13464 13554 13553)
4(13553 13554 13644 13643)
4(13643 13644 13734 13733)
4(13733 13734 13824 13823)
4(13823 13824 13914 13913)
4(13913 13914 14004 14003)
4(14003 14004 14094 14093)
4(14093 14094 14184 14183)
4(14183 14184 14274 14273)
4(14273 14274 14364 14363)
4(14363 14364 14454 14453)
4(14453 14454 14544 14543)
4(14543 14544 14634 14633)
4(14633 14634 14724 14723)
4(14723 14724 14814 14813)
4(14813 14814 14904 14903)
4(14903 14904 14994 14993)
4(14993 14994 15084 15083)
4(15083 15084 15174 15173)
4(15173 15174 15264 15263)
4(15263 15264 15354 15353)
4(15353 15354 15444 15443)
4(15443 15444 15534 15533)
4(15533 15534 15624 15623)
4(15623 15624 15714 15713)
4(15713 15714 15804 15803)
4(15803 15804 15894 15893)
4(15893 15894 15984 15983)
4(15983 15984 16074 16073)
4(16073 16074 16164 16163)
4(16163 16164 16254 16253)
4(16253 16254 16344 16343)
4(16343 16344 16434 16433)
4(16433 16434 16524 16523)
4(16523 16524 16614 16613)
4(16613 16614 16704 16703)
4(16703 16704 16794 16793)
4(16793 16794 16884 16883)
4(16883 16884 16974 16973)
4(16973 16974 17064 17063)
4(17063 17064 17154 17153)
4(9954 9955 10045 10044)
4(10044 10045 10135 10134)
4(10134 10135 10225 10224)
4(10224 10225 10315 10314)
4(10314 10315 10405 10404)
4(10404 10405 10495 10494)
4(10494 10495 10585 10584)
4(10584 10585 10675 10674)
4(10674 10675 10765 10764)
4(10764 10765 10855 10854)
4(10854 10855 10945 10944)
4(10944 10945 11035 11034)
4(11034 11035 11125 11124)
4(11124 11125 11215 11214)
4(11214 11215 11305 11304)
4(11304 11305 11395 11394)
4(11394 11395 11485 11484)
4(11484 11485 11575 11574)
4(11574 11575 11665 11664)
4(11664 11665 11755 11754)
4(11754 11755 11845 11844)
4(11844 11845 11935 11934)
4(11934 11935 12025 12024)
4(12024 12025 12115 12114)
4(12114 12115 12205 12204)
4(12204 12205 12295 12294)
4(12294 12295 12385 12384)
4(12384 12385 12475 12474)
4(12474 12475 12565 12564)
4(12564 12565 12655 12654)
4(12654 12655 12745 12744)
4(12744 12745 12835 12834)
4(12834 12835 12925 12924)
4(12924 12925 13015 13014)
4(13014 13015 13105 13104)
4(13104 13105 13195 13194)
4(13194 13195 13285 13284)
4(13284 13285 13375 13374)
4(13374 13375 13465 13464)
4(13464 13465 13555 13554)
4(13554 13555 13645 13644)
4(13644 13645 13735 13734)
4(13734 13735 13825 13824)
4(13824 13825 13915 13914)
4(13914 13915 14005 14004)
4(14004 14005 14095 14094)
4(14094 14095 14185 14184)
4(14184 14185 14275 14274)
4(14274 14275 14365 14364)
4(14364 14365 14455 14454)
4(14454 14455 14545 14544)
4(14544 14545 14635 14634)
4(14634 14635 14725 14724)
4(14724 14725 14815 14814)
4(14814 14815 14905 14904)
4(14904 14905 14995 14994)
4(14994 14995 15085 15084)
4(15084 15085 15175 15174)
4(15174 15175 15265 15264)
4(15264 15265 15355 15354)
4(15354 15355 15445 15444)
4(15444 15445 15535 15534)
4(15534 15535 15625 15624)
4(15624 15625 15715 15714)
4(15714 15715 15805 15804)
4(15804 15805 15895 15894)
4(15894 15895 15985 15984)
4(15984 15985 16075 16074)
4(16074 16075 16165 16164)
4(16164 16165 16255 16254)
4(16254 16255 16345 16344)
4(16344 16345 16435 16434)
4(16434 16435 16525 16524)
4(16524 16525 16615 16614)
4(16614 16615 16705 16704)
4(16704 16705 16795 16794)
4(16794 16795 16885 16884)
4(16884 16885 16975 16974)
4(16974 16975 17065 17064)
4(17064 17065 17155 17154)
4(9955 9956 10046 10045)
4(10045 10046 10136 10135)
4(10135 10136 10226 10225)
4(10225 10226 10316 10315)
4(10315 10316 10406 10405)
4(10405 10406 10496 10495)
4(10495 10496 10586 10585)
4(10585 10586 10676 10675)
4(10675 10676 10766 10765)
4(10765 10766 10856 10855)
4(10855 10856 10946 10945)
4(10945 10946 11036 11035)
4(11035 11036 11126 11125)
4(11125 11126 11216 11215)
4(11215 11216 11306 11305)
4(11305 11306 11396 11395)
4(11395 11396 11486 11485)
4(11485 11486 11576 11575)
4(11575 11576 11666 11665)
4(11665 11666 11756 11755)
4(11755 11756 11846 11845)
4(11845 11846 11936 11935)
4(11935 11936 12026 12025)
4(12025 12026 12116 12115)
4(12115 12116 12206 12205)
4(12205 12206 12296 12295)
4(12295 12296 12386 12385)
4(12385 12386 12476 12475)
4(12475 12476 12566 12565)
4(12565 12566 12656 12655)
4(12655 12656 12746 12745)
4(12745 12746 12836 12835)
4(12835 12836 12926 12925)
4(12925 12926 13016 13015)
4(13015 13016 13106 13105)
4(13105 13106 13196 13195)
4(13195 13196 13286 13285)
4(13285 13286 13376 13375)
4(13375 13376 13466 13465)
4(13465 13466 13556 13555)
4(13555 13556 13646 13645)
4(13645 13646 13736 13735)
4(13735 13736 13826 13825)
4(13825 13826 13916 13915)
4(13915 13916 14006 14005)
4(14005 14006 14096 14095)
4(14095 14096 14186 14185)
4(14185 14186 14276 14275)
4(14275 14276 14366 14365)
4(14365 14366 14456 14455)
4(14455 14456 14546 14545)
4(14545 14546 14636 14635)
4(14635 14636 14726 14725)
4(14725 14726 14816 14815)
4(14815 14816 14906 14905)
4(14905 14906 14996 14995)
4(14995 14996 15086 15085)
4(15085 15086 15176 15175)
4(15175 15176 15266 15265)
4(15265 15266 15356 15355)
4(15355 15356 15446 15445)
4(15445 15446 15536 15535)
4(15535 15536 15626 15625)
4(15625 15626 15716 15715)
4(15715 15716 15806 15805)
4(15805 15806 15896 15895)
4(15895 15896 15986 15985)
4(15985 15986 16076 16075)
4(16075 16076 16166 16165)
4(16165 16166 16256 16255)
4(16255 16256 16346 16345)
4(16345 16346 16436 16435)
4(16435 16436 16526 16525)
4(16525 16526 16616 16615)
4(16615 16616 16706 16705)
4(16705 16706 16796 16795)
4(16795 16796 16886 16885)
4(16885 16886 16976 16975)
4(16975 16976 17066 17065)
4(17065 17066 17156 17155)
4(9956 9957 10047 10046)
4(10046 10047 10137 10136)
4(10136 10137 10227 10226)
4(10226 10227 10317 10316)
4(10316 10317 10407 10406)
4(10406 10407 10497 10496)
4(10496 10497 10587 10586)
4(10586 10587 10677 10676)
4(10676 10677 10767 10766)
4(10766 10767 10857 10856)
4(10856 10857 10947 10946)
4(10946 10947 11037 11036)
4(11036 11037 11127 11126)
4(11126 11127 11217 11216)
4(11216 11217 11307 11306)
4(11306 11307 11397 11396)
4(11396 11397 11487 11486)
4(11486 11487 11577 11576)
4(11576 11577 11667 11666)
4(11666 11667 11757 11756)
4(11756 11757 11847 11846)
4(11846 11847 11937 11936)
4(11936 11937 12027 12026)
4(12026 12027 12117 12116)
4(12116 12117 12207 12206)
4(12206 12207 12297 12296)
4(12296 12297 12387 12386)
4(12386 12387 12477 12476)
4(12476 12477 12567 12566)
4(12566 12567 12657 12656)
4(12656 12657 12747 12746)
4(12746 12747 12837 12836)
4(12836 12837 12927 12926)
4(12926 12927 13017 13016)
4(13016 13017 13107 13106)
4(13106 13107 13197 13196)
4(13196 13197 13287 13286)
4(13286 13287 13377 13376)
4(13376 13377 13467 13466)
4(13466 13467 13557 13556)
4(13556 13557 13647 13646)
4(13646 13647 13737 13736)
4(13736 13737 13827 13826)
4(13826 13827 13917 13916)
4(13916 13917 14007 14006)
4(14006 14007 14097 14096)
4(14096 14097 14187 14186)
4(14186 14187 14277 14276)
4(14276 14277 14367 14366)
4(14366 14367 14457 14456)
4(14456 14457 14547 14546)
4(14546 14547 14637 14636)
4(14636 14637 14727 14726)
4(14726 14727 14817 14816)
4(14816 14817 14907 14906)
4(14906 14907 14997 14996)
4(14996 14997 15087 15086)
4(15086 15087 15177 15176)
4(15176 15177 15267 15266)
4(15266 15267 15357 15356)
4(15356 15357 15447 15446)
4(15446 15447 15537 15536)
4(15536 15537 15627 15626)
4(15626 15627 15717 15716)
4(15716 15717 15807 15806)
4(15806 15807 15897 15896)
4(15896 15897 15987 15986)
4(15986 15987 16077 16076)
4(16076 16077 16167 16166)
4(16166 16167 16257 16256)
4(16256 16257 16347 16346)
4(16346 16347 16437 16436)
4(16436 16437 16527 16526)
4(16526 16527 16617 16616)
4(16616 16617 16707 16706)
4(16706 16707 16797 16796)
4(16796 16797 16887 16886)
4(16886 16887 16977 16976)
4(16976 16977 17067 17066)
4(17066 17067 17157 17156)
4(9957 9958 10048 10047)
4(10047 10048 10138 10137)
4(10137 10138 10228 10227)
4(10227 10228 10318 10317)
4(10317 10318 10408 10407)
4(10407 10408 10498 10497)
4(10497 10498 10588 10587)
4(10587 10588 10678 10677)
4(10677 10678 10768 10767)
4(10767 10768 10858 10857)
4(10857 10858 10948 10947)
4(10947 10948 11038 11037)
4(11037 11038 11128 11127)
4(11127 11128 11218 11217)
4(11217 11218 11308 11307)
4(11307 11308 11398 11397)
4(11397 11398 11488 11487)
4(11487 11488 11578 11577)
4(11577 11578 11668 11667)
4(11667 11668 11758 11757)
4(11757 11758 11848 11847)
4(11847 11848 11938 11937)
4(11937 11938 12028 12027)
4(12027 12028 12118 12117)
4(12117 12118 12208 12207)
4(12207 12208 12298 12297)
4(12297 12298 12388 12387)
4(12387 12388 12478 12477)
4(12477 12478 12568 12567)
4(12567 12568 12658 12657)
4(12657 12658 12748 12747)
4(12747 12748 12838 12837)
4(12837 12838 12928 12927)
4(12927 12928 13018 13017)
4(13017 13018 13108 13107)
4(13107 13108 13198 13197)
4(13197 13198 13288 13287)
4(13287 13288 13378 13377)
4(13377 13378 13468 13467)
4(13467 13468 13558 13557)
4(13557 13558 13648 13647)
4(13647 13648 13738 13737)
4(13737 13738 13828 13827)
4(13827 13828 13918 13917)
4(13917 13918 14008 14007)
4(14007 14008 14098 14097)
4(14097 14098 14188 14187)
4(14187 14188 14278 14277)
4(14277 14278 14368 14367)
4(14367 14368 14458 14457)
4(14457 14458 14548 14547)
4(14547 14548 14638 14637)
4(14637 14638 14728 14727)
4(14727 14728 14818 14817)
4(14817 14818 14908 14907)
4(14907 14908 14998 14997)
4(14997 14998 15088 15087)
4(15087 15088 15178 15177)
4(15177 15178 15268 15267)
4(15267 15268 15358 15357)
4(15357 15358 15448 15447)
4(15447 15448 15538 15537)
4(15537 15538 15628 15627)
4(15627 15628 15718 15717)
4(15717 15718 15808 15807)
4(15807 15808 15898 15897)
4(15897 15898 15988 15987)
4(15987 15988 16078 16077)
4(16077 16078 16168 16167)
4(16167 16168 16258 16257)
4(16257 16258 16348 16347)
4(16347 16348 16438 16437)
4(16437 16438 16528 16527)
4(16527 16528 16618 16617)
4(16617 16618 16708 16707)
4(16707 16708 16798 16797)
4(16797 16798 16888 16887)
4(16887 16888 16978 16977)
4(16977 16978 17068 17067)
4(17067 17068 17158 17157)
4(9958 9959 10049 10048)
4(10048 10049 10139 10138)
4(10138 10139 10229 10228)
4(10228 10229 10319 10318)
4(10318 10319 10409 10408)
4(10408 10409 10499 10498)
4(10498 10499 10589 10588)
4(10588 10589 10679 10678)
4(10678 10679 10769 10768)
4(10768 10769 10859 10858)
4(10858 10859 10949 10948)
4(10948 10949 11039 11038)
4(11038 11039 11129 11128)
4(11128 11129 11219 11218)
4(11218 11219 11309 11308)
4(11308 11309 11399 11398)
4(11398 11399 11489 11488)
4(11488 11489 11579 11578)
4(11578 11579 11669 11668)
4(11668 11669 11759 11758)
4(11758 11759 11849 11848)
4(11848 11849 11939 11938)
4(11938 11939 12029 12028)
4(12028 12029 12119 12118)
4(12118 12119 12209 12208)
4(12208 12209 12299 12298)
4(12298 12299 12389 12388)
4(12388 12389 12479 12478)
4(12478 12479 12569 12568)
4(12568 12569 12659 12658)
4(12658 12659 12749 12748)
4(12748 12749 12839 12838)
4(12838 12839 12929 12928)
4(12928 12929 13019 13018)
4(13018 13019 13109 13108)
4(13108 13109 13199 13198)
4(13198 13199 13289 13288)
4(13288 13289 13379 13378)
4(13378 13379 13469 13468)
4(13468 13469 13559 13558)
4(13558 13559 13649 13648)
4(13648 13649 13739 13738)
4(13738 13739 13829 13828)
4(13828 13829 13919 13918)
4(13918 13919 14009 14008)
4(14008 14009 14099 14098)
4(14098 14099 14189 14188)
4(14188 14189 14279 14278)
4(14278 14279 14369 14368)
4(14368 14369 14459 14458)
4(14458 14459 14549 14548)
4(14548 14549 14639 14638)
4(14638 14639 14729 14728)
4(14728 14729 14819 14818)
4(14818 14819 14909 14908)
4(14908 14909 14999 14998)
4(14998 14999 15089 15088)
4(15088 15089 15179 15178)
4(15178 15179 15269 15268)
4(15268 15269 15359 15358)
4(15358 15359 15449 15448)
4(15448 15449 15539 15538)
4(15538 15539 15629 15628)
4(15628 15629 15719 15718)
4(15718 15719 15809 15808)
4(15808 15809 15899 15898)
4(15898 15899 15989 15988)
4(15988 15989 16079 16078)
4(16078 16079 16169 16168)
4(16168 16169 16259 16258)
4(16258 16259 16349 16348)
4(16348 16349 16439 16438)
4(16438 16439 16529 16528)
4(16528 16529 16619 16618)
4(16618 16619 16709 16708)
4(16708 16709 16799 16798)
4(16798 16799 16889 16888)
4(16888 16889 16979 16978)
4(16978 16979 17069 17068)
4(17068 17069 17159 17158)
4(9959 9960 10050 10049)
4(10049 10050 10140 10139)
4(10139 10140 10230 10229)
4(10229 10230 10320 10319)
4(10319 10320 10410 10409)
4(10409 10410 10500 10499)
4(10499 10500 10590 10589)
4(10589 10590 10680 10679)
4(10679 10680 10770 10769)
4(10769 10770 10860 10859)
4(10859 10860 10950 10949)
4(10949 10950 11040 11039)
4(11039 11040 11130 11129)
4(11129 11130 11220 11219)
4(11219 11220 11310 11309)
4(11309 11310 11400 11399)
4(11399 11400 11490 11489)
4(11489 11490 11580 11579)
4(11579 11580 11670 11669)
4(11669 11670 11760 11759)
4(11759 11760 11850 11849)
4(11849 11850 11940 11939)
4(11939 11940 12030 12029)
4(12029 12030 12120 12119)
4(12119 12120 12210 12209)
4(12209 12210 12300 12299)
4(12299 12300 12390 12389)
4(12389 12390 12480 12479)
4(12479 12480 12570 12569)
4(12569 12570 12660 12659)
4(12659 12660 12750 12749)
4(12749 12750 12840 12839)
4(12839 12840 12930 12929)
4(12929 12930 13020 13019)
4(13019 13020 13110 13109)
4(13109 13110 13200 13199)
4(13199 13200 13290 13289)
4(13289 13290 13380 13379)
4(13379 13380 13470 13469)
4(13469 13470 13560 13559)
4(13559 13560 13650 13649)
4(13649 13650 13740 13739)
4(13739 13740 13830 13829)
4(13829 13830 13920 13919)
4(13919 13920 14010 14009)
4(14009 14010 14100 14099)
4(14099 14100 14190 14189)
4(14189 14190 14280 14279)
4(14279 14280 14370 14369)
4(14369 14370 14460 14459)
4(14459 14460 14550 14549)
4(14549 14550 14640 14639)
4(14639 14640 14730 14729)
4(14729 14730 14820 14819)
4(14819 14820 14910 14909)
4(14909 14910 15000 14999)
4(14999 15000 15090 15089)
4(15089 15090 15180 15179)
4(15179 15180 15270 15269)
4(15269 15270 15360 15359)
4(15359 15360 15450 15449)
4(15449 15450 15540 15539)
4(15539 15540 15630 15629)
4(15629 15630 15720 15719)
4(15719 15720 15810 15809)
4(15809 15810 15900 15899)
4(15899 15900 15990 15989)
4(15989 15990 16080 16079)
4(16079 16080 16170 16169)
4(16169 16170 16260 16259)
4(16259 16260 16350 16349)
4(16349 16350 16440 16439)
4(16439 16440 16530 16529)
4(16529 16530 16620 16619)
4(16619 16620 16710 16709)
4(16709 16710 16800 16799)
4(16799 16800 16890 16889)
4(16889 16890 16980 16979)
4(16979 16980 17070 17069)
4(17069 17070 17160 17159)
4(9960 9961 10051 10050)
4(10050 10051 10141 10140)
4(10140 10141 10231 10230)
4(10230 10231 10321 10320)
4(10320 10321 10411 10410)
4(10410 10411 10501 10500)
4(10500 10501 10591 10590)
4(10590 10591 10681 10680)
4(10680 10681 10771 10770)
4(10770 10771 10861 10860)
4(10860 10861 10951 10950)
4(10950 10951 11041 11040)
4(11040 11041 11131 11130)
4(11130 11131 11221 11220)
4(11220 11221 11311 11310)
4(11310 11311 11401 11400)
4(11400 11401 11491 11490)
4(11490 11491 11581 11580)
4(11580 11581 11671 11670)
4(11670 11671 11761 11760)
4(11760 11761 11851 11850)
4(11850 11851 11941 11940)
4(11940 11941 12031 12030)
4(12030 12031 12121 12120)
4(12120 12121 12211 12210)
4(12210 12211 12301 12300)
4(12300 12301 12391 12390)
4(12390 12391 12481 12480)
4(12480 12481 12571 12570)
4(12570 12571 12661 12660)
4(12660 12661 12751 12750)
4(12750 12751 12841 12840)
4(12840 12841 12931 12930)
4(12930 12931 13021 13020)
4(13020 13021 13111 13110)
4(13110 13111 13201 13200)
4(13200 13201 13291 13290)
4(13290 13291 13381 13380)
4(13380 13381 13471 13470)
4(13470 13471 13561 13560)
4(13560 13561 13651 13650)
4(13650 13651 13741 13740)
4(13740 13741 13831 13830)
4(13830 13831 13921 13920)
4(13920 13921 14011 14010)
4(14010 14011 14101 14100)
4(14100 14101 14191 14190)
4(14190 14191 14281 14280)
4(14280 14281 14371 14370)
4(14370 14371 14461 14460)
4(14460 14461 14551 14550)
4(14550 14551 14641 14640)
4(14640 14641 14731 14730)
4(14730 14731 14821 14820)
4(14820 14821 14911 14910)
4(14910 14911 15001 15000)
4(15000 15001 15091 15090)
4(15090 15091 15181 15180)
4(15180 15181 15271 15270)
4(15270 15271 15361 15360)
4(15360 15361 15451 15450)
4(15450 15451 15541 15540)
4(15540 15541 15631 15630)
4(15630 15631 15721 15720)
4(15720 15721 15811 15810)
4(15810 15811 15901 15900)
4(15900 15901 15991 15990)
4(15990 15991 16081 16080)
4(16080 16081 16171 16170)
4(16170 16171 16261 16260)
4(16260 16261 16351 16350)
4(16350 16351 16441 16440)
4(16440 16441 16531 16530)
4(16530 16531 16621 16620)
4(16620 16621 16711 16710)
4(16710 16711 16801 16800)
4(16800 16801 16891 16890)
4(16890 16891 16981 16980)
4(16980 16981 17071 17070)
4(17070 17071 17161 17160)
4(9961 9962 10052 10051)
4(10051 10052 10142 10141)
4(10141 10142 10232 10231)
4(10231 10232 10322 10321)
4(10321 10322 10412 10411)
4(10411 10412 10502 10501)
4(10501 10502 10592 10591)
4(10591 10592 10682 10681)
4(10681 10682 10772 10771)
4(10771 10772 10862 10861)
4(10861 10862 10952 10951)
4(10951 10952 11042 11041)
4(11041 11042 11132 11131)
4(11131 11132 11222 11221)
4(11221 11222 11312 11311)
4(11311 11312 11402 11401)
4(11401 11402 11492 11491)
4(11491 11492 11582 11581)
4(11581 11582 11672 11671)
4(11671 11672 11762 11761)
4(11761 11762 11852 11851)
4(11851 11852 11942 11941)
4(11941 11942 12032 12031)
4(12031 12032 12122 12121)
4(12121 12122 12212 12211)
4(12211 12212 12302 12301)
4(12301 12302 12392 12391)
4(12391 12392 12482 12481)
4(12481 12482 12572 12571)
4(12571 12572 12662 12661)
4(12661 12662 12752 12751)
4(12751 12752 12842 12841)
4(12841 12842 12932 12931)
4(12931 12932 13022 13021)
4(13021 13022 13112 13111)
4(13111 13112 13202 13201)
4(13201 13202 13292 13291)
4(13291 13292 13382 13381)
4(13381 13382 13472 13471)
4(13471 13472 13562 13561)
4(13561 13562 13652 13651)
4(13651 13652 13742 13741)
4(13741 13742 13832 13831)
4(13831 13832 13922 13921)
4(13921 13922 14012 14011)
4(14011 14012 14102 14101)
4(14101 14102 14192 14191)
4(14191 14192 14282 14281)
4(14281 14282 14372 14371)
4(14371 14372 14462 14461)
4(14461 14462 14552 14551)
4(14551 14552 14642 14641)
4(14641 14642 14732 14731)
4(14731 14732 14822 14821)
4(14821 14822 14912 14911)
4(14911 14912 15002 15001)
4(15001 15002 15092 15091)
4(15091 15092 15182 15181)
4(15181 15182 15272 15271)
4(15271 15272 15362 15361)
4(15361 15362 15452 15451)
4(15451 15452 15542 15541)
4(15541 15542 15632 15631)
4(15631 15632 15722 15721)
4(15721 15722 15812 15811)
4(15811 15812 15902 15901)
4(15901 15902 15992 15991)
4(15991 15992 16082 16081)
4(16081 16082 16172 16171)
4(16171 16172 16262 16261)
4(16261 16262 16352 16351)
4(16351 16352 16442 16441)
4(16441 16442 16532 16531)
4(16531 16532 16622 16621)
4(16621 16622 16712 16711)
4(16711 16712 16802 16801)
4(16801 16802 16892 16891)
4(16891 16892 16982 16981)
4(16981 16982 17072 17071)
4(17071 17072 17162 17161)
4(9962 9963 10053 10052)
4(10052 10053 10143 10142)
4(10142 10143 10233 10232)
4(10232 10233 10323 10322)
4(10322 10323 10413 10412)
4(10412 10413 10503 10502)
4(10502 10503 10593 10592)
4(10592 10593 10683 10682)
4(10682 10683 10773 10772)
4(10772 10773 10863 10862)
4(10862 10863 10953 10952)
4(10952 10953 11043 11042)
4(11042 11043 11133 11132)
4(11132 11133 11223 11222)
4(11222 11223 11313 11312)
4(11312 11313 11403 11402)
4(11402 11403 11493 11492)
4(11492 11493 11583 11582)
4(11582 11583 11673 11672)
4(11672 11673 11763 11762)
4(11762 11763 11853 11852)
4(11852 11853 11943 11942)
4(11942 11943 12033 12032)
4(12032 12033 12123 12122)
4(12122 12123 12213 12212)
4(12212 12213 12303 12302)
4(12302 12303 12393 12392)
4(12392 12393 12483 12482)
4(12482 12483 12573 12572)
4(12572 12573 12663 12662)
4(12662 12663 12753 12752)
4(12752 12753 12843 12842)
4(12842 12843 12933 12932)
4(12932 12933 13023 13022)
4(13022 13023 13113 13112)
4(13112 13113 13203 13202)
4(13202 13203 13293 13292)
4(13292 13293 13383 13382)
4(13382 13383 13473 13472)
4(13472 13473 13563 13562)
4(13562 13563 13653 13652)
4(13652 13653 13743 13742)
4(13742 13743 13833 13832)
4(13832 13833 13923 13922)
4(13922 13923 14013 14012)
4(14012 14013 14103 14102)
4(14102 14103 14193 14192)
4(14192 14193 14283 14282)
4(14282 14283 14373 14372)
4(14372 14373 14463 14462)
4(14462 14463 14553 14552)
4(14552 14553 14643 14642)
4(14642 14643 14733 14732)
4(14732 14733 14823 14822)
4(14822 14823 14913 14912)
4(14912 14913 15003 15002)
4(15002 15003 15093 15092)
4(15092 15093 15183 15182)
4(15182 15183 15273 15272)
4(15272 15273 15363 15362)
4(15362 15363 15453 15452)
4(15452 15453 15543 15542)
4(15542 15543 15633 15632)
4(15632 15633 15723 15722)
4(15722 15723 15813 15812)
4(15812 15813 15903 15902)
4(15902 15903 15993 15992)
4(15992 15993 16083 16082)
4(16082 16083 16173 16172)
4(16172 16173 16263 16262)
4(16262 16263 16353 16352)
4(16352 16353 16443 16442)
4(16442 16443 16533 16532)
4(16532 16533 16623 16622)
4(16622 16623 16713 16712)
4(16712 16713 16803 16802)
4(16802 16803 16893 16892)
4(16892 16893 16983 16982)
4(16982 16983 17073 17072)
4(17072 17073 17163 17162)
4(9963 9964 10054 10053)
4(10053 10054 10144 10143)
4(10143 10144 10234 10233)
4(10233 10234 10324 10323)
4(10323 10324 10414 10413)
4(10413 10414 10504 10503)
4(10503 10504 10594 10593)
4(10593 10594 10684 10683)
4(10683 10684 10774 10773)
4(10773 10774 10864 10863)
4(10863 10864 10954 10953)
4(10953 10954 11044 11043)
4(11043 11044 11134 11133)
4(11133 11134 11224 11223)
4(11223 11224 11314 11313)
4(11313 11314 11404 11403)
4(11403 11404 11494 11493)
4(11493 11494 11584 11583)
4(11583 11584 11674 11673)
4(11673 11674 11764 11763)
4(11763 11764 11854 11853)
4(11853 11854 11944 11943)
4(11943 11944 12034 12033)
4(12033 12034 12124 12123)
4(12123 12124 12214 12213)
4(12213 12214 12304 12303)
4(12303 12304 12394 12393)
4(12393 12394 12484 12483)
4(12483 12484 12574 12573)
4(12573 12574 12664 12663)
4(12663 12664 12754 12753)
4(12753 12754 12844 12843)
4(12843 12844 12934 12933)
4(12933 12934 13024 13023)
4(13023 13024 13114 13113)
4(13113 13114 13204 13203)
4(13203 13204 13294 13293)
4(13293 13294 13384 13383)
4(13383 13384 13474 13473)
4(13473 13474 13564 13563)
4(13563 13564 13654 13653)
4(13653 13654 13744 13743)
4(13743 13744 13834 13833)
4(13833 13834 13924 13923)
4(13923 13924 14014 14013)
4(14013 14014 14104 14103)
4(14103 14104 14194 14193)
4(14193 14194 14284 14283)
4(14283 14284 14374 14373)
4(14373 14374 14464 14463)
4(14463 14464 14554 14553)
4(14553 14554 14644 14643)
4(14643 14644 14734 14733)
4(14733 14734 14824 14823)
4(14823 14824 14914 14913)
4(14913 14914 15004 15003)
4(15003 15004 15094 15093)
4(15093 15094 15184 15183)
4(15183 15184 15274 15273)
4(15273 15274 15364 15363)
4(15363 15364 15454 15453)
4(15453 15454 15544 15543)
4(15543 15544 15634 15633)
4(15633 15634 15724 15723)
4(15723 15724 15814 15813)
4(15813 15814 15904 15903)
4(15903 15904 15994 15993)
4(15993 15994 16084 16083)
4(16083 16084 16174 16173)
4(16173 16174 16264 16263)
4(16263 16264 16354 16353)
4(16353 16354 16444 16443)
4(16443 16444 16534 16533)
4(16533 16534 16624 16623)
4(16623 16624 16714 16713)
4(16713 16714 16804 16803)
4(16803 16804 16894 16893)
4(16893 16894 16984 16983)
4(16983 16984 17074 17073)
4(17073 17074 17164 17163)
4(9964 9965 10055 10054)
4(10054 10055 10145 10144)
4(10144 10145 10235 10234)
4(10234 10235 10325 10324)
4(10324 10325 10415 10414)
4(10414 10415 10505 10504)
4(10504 10505 10595 10594)
4(10594 10595 10685 10684)
4(10684 10685 10775 10774)
4(10774 10775 10865 10864)
4(10864 10865 10955 10954)
4(10954 10955 11045 11044)
4(11044 11045 11135 11134)
4(11134 11135 11225 11224)
4(11224 11225 11315 11314)
4(11314 11315 11405 11404)
4(11404 11405 11495 11494)
4(11494 11495 11585 11584)
4(11584 11585 11675 11674)
4(11674 11675 11765 11764)
4(11764 11765 11855 11854)
4(11854 11855 11945 11944)
4(11944 11945 12035 12034)
4(12034 12035 12125 12124)
4(12124 12125 12215 12214)
4(12214 12215 12305 12304)
4(12304 12305 12395 12394)
4(12394 12395 12485 12484)
4(12484 12485 12575 12574)
4(12574 12575 12665 12664)
4(12664 12665 12755 12754)
4(12754 12755 12845 12844)
4(12844 12845 12935 12934)
4(12934 12935 13025 13024)
4(13024 13025 13115 13114)
4(13114 13115 13205 13204)
4(13204 13205 13295 13294)
4(13294 13295 13385 13384)
4(13384 13385 13475 13474)
4(13474 13475 13565 13564)
4(13564 13565 13655 13654)
4(13654 13655 13745 13744)
4(13744 13745 13835 13834)
4(13834 13835 13925 13924)
4(13924 13925 14015 14014)
4(14014 14015 14105 14104)
4(14104 14105 14195 14194)
4(14194 14195 14285 14284)
4(14284 14285 14375 14374)
4(14374 14375 14465 14464)
4(14464 14465 14555 14554)
4(14554 14555 14645 14644)
4(14644 14645 14735 14734)
4(14734 14735 14825 14824)
4(14824 14825 14915 14914)
4(14914 14915 15005 15004)
4(15004 15005 15095 15094)
4(15094 15095 15185 15184)
4(15184 15185 15275 15274)
4(15274 15275 15365 15364)
4(15364 15365 15455 15454)
4(15454 15455 15545 15544)
4(15544 15545 15635 15634)
4(15634 15635 15725 15724)
4(15724 15725 15815 15814)
4(15814 15815 15905 15904)
4(15904 15905 15995 15994)
4(15994 15995 16085 16084)
4(16084 16085 16175 16174)
4(16174 16175 16265 16264)
4(16264 16265 16355 16354)
4(16354 16355 16445 16444)
4(16444 16445 16535 16534)
4(16534 16535 16625 16624)
4(16624 16625 16715 16714)
4(16714 16715 16805 16804)
4(16804 16805 16895 16894)
4(16894 16895 16985 16984)
4(16984 16985 17075 17074)
4(17074 17075 17165 17164)
4(9965 9966 10056 10055)
4(10055 10056 10146 10145)
4(10145 10146 10236 10235)
4(10235 10236 10326 10325)
4(10325 10326 10416 10415)
4(10415 10416 10506 10505)
4(10505 10506 10596 10595)
4(10595 10596 10686 10685)
4(10685 10686 10776 10775)
4(10775 10776 10866 10865)
4(10865 10866 10956 10955)
4(10955 10956 11046 11045)
4(11045 11046 11136 11135)
4(11135 11136 11226 11225)
4(11225 11226 11316 11315)
4(11315 11316 11406 11405)
4(11405 11406 11496 11495)
4(11495 11496 11586 11585)
4(11585 11586 11676 11675)
4(11675 11676 11766 11765)
4(11765 11766 11856 11855)
4(11855 11856 11946 11945)
4(11945 11946 12036 12035)
4(12035 12036 12126 12125)
4(12125 12126 12216 12215)
4(12215 12216 12306 12305)
4(12305 12306 12396 12395)
4(12395 12396 12486 12485)
4(12485 12486 12576 12575)
4(12575 12576 12666 12665)
4(12665 12666 12756 12755)
4(12755 12756 12846 12845)
4(12845 12846 12936 12935)
4(12935 12936 13026 13025)
4(13025 13026 13116 13115)
4(13115 13116 13206 13205)
4(13205 13206 13296 13295)
4(13295 13296 13386 13385)
4(13385 13386 13476 13475)
4(13475 13476 13566 13565)
4(13565 13566 13656 13655)
4(13655 13656 13746 13745)
4(13745 13746 13836 13835)
4(13835 13836 13926 13925)
4(13925 13926 14016 14015)
4(14015 14016 14106 14105)
4(14105 14106 14196 14195)
4(14195 14196 14286 14285)
4(14285 14286 14376 14375)
4(14375 14376 14466 14465)
4(14465 14466 14556 14555)
4(14555 14556 14646 14645)
4(14645 14646 14736 14735)
4(14735 14736 14826 14825)
4(14825 14826 14916 14915)
4(14915 14916 15006 15005)
4(15005 15006 15096 15095)
4(15095 15096 15186 15185)
4(15185 15186 15276 15275)
4(15275 15276 15366 15365)
4(15365 15366 15456 15455)
4(15455 15456 15546 15545)
4(15545 15546 15636 15635)
4(15635 15636 15726 15725)
4(15725 15726 15816 15815)
4(15815 15816 15906 15905)
4(15905 15906 15996 15995)
4(15995 15996 16086 16085)
4(16085 16086 16176 16175)
4(16175 16176 16266 16265)
4(16265 16266 16356 16355)
4(16355 16356 16446 16445)
4(16445 16446 16536 16535)
4(16535 16536 16626 16625)
4(16625 16626 16716 16715)
4(16715 16716 16806 16805)
4(16805 16806 16896 16895)
4(16895 16896 16986 16985)
4(16985 16986 17076 17075)
4(17075 17076 17166 17165)
4(9966 9967 10057 10056)
4(10056 10057 10147 10146)
4(10146 10147 10237 10236)
4(10236 10237 10327 10326)
4(10326 10327 10417 10416)
4(10416 10417 10507 10506)
4(10506 10507 10597 10596)
4(10596 10597 10687 10686)
4(10686 10687 10777 10776)
4(10776 10777 10867 10866)
4(10866 10867 10957 10956)
4(10956 10957 11047 11046)
4(11046 11047 11137 11136)
4(11136 11137 11227 11226)
4(11226 11227 11317 11316)
4(11316 11317 11407 11406)
4(11406 11407 11497 11496)
4(11496 11497 11587 11586)
4(11586 11587 11677 11676)
4(11676 11677 11767 11766)
4(11766 11767 11857 11856)
4(11856 11857 11947 11946)
4(11946 11947 12037 12036)
4(12036 12037 12127 12126)
4(12126 12127 12217 12216)
4(12216 12217 12307 12306)
4(12306 12307 12397 12396)
4(12396 12397 12487 12486)
4(12486 12487 12577 12576)
4(12576 12577 12667 12666)
4(12666 12667 12757 12756)
4(12756 12757 12847 12846)
4(12846 12847 12937 12936)
4(12936 12937 13027 13026)
4(13026 13027 13117 13116)
4(13116 13117 13207 13206)
4(13206 13207 13297 13296)
4(13296 13297 13387 13386)
4(13386 13387 13477 13476)
4(13476 13477 13567 13566)
4(13566 13567 13657 13656)
4(13656 13657 13747 13746)
4(13746 13747 13837 13836)
4(13836 13837 13927 13926)
4(13926 13927 14017 14016)
4(14016 14017 14107 14106)
4(14106 14107 14197 14196)
4(14196 14197 14287 14286)
4(14286 14287 14377 14376)
4(14376 14377 14467 14466)
4(14466 14467 14557 14556)
4(14556 14557 14647 14646)
4(14646 14647 14737 14736)
4(14736 14737 14827 14826)
4(14826 14827 14917 14916)
4(14916 14917 15007 15006)
4(15006 15007 15097 15096)
4(15096 15097 15187 15186)
4(15186 15187 15277 15276)
4(15276 15277 15367 15366)
4(15366 15367 15457 15456)
4(15456 15457 15547 15546)
4(15546 15547 15637 15636)
4(15636 15637 15727 15726)
4(15726 15727 15817 15816)
4(15816 15817 15907 15906)
4(15906 15907 15997 15996)
4(15996 15997 16087 16086)
4(16086 16087 16177 16176)
4(16176 16177 16267 16266)
4(16266 16267 16357 16356)
4(16356 16357 16447 16446)
4(16446 16447 16537 16536)
4(16536 16537 16627 16626)
4(16626 16627 16717 16716)
4(16716 16717 16807 16806)
4(16806 16807 16897 16896)
4(16896 16897 16987 16986)
4(16986 16987 17077 17076)
4(17076 17077 17167 17166)
4(9967 9968 10058 10057)
4(10057 10058 10148 10147)
4(10147 10148 10238 10237)
4(10237 10238 10328 10327)
4(10327 10328 10418 10417)
4(10417 10418 10508 10507)
4(10507 10508 10598 10597)
4(10597 10598 10688 10687)
4(10687 10688 10778 10777)
4(10777 10778 10868 10867)
4(10867 10868 10958 10957)
4(10957 10958 11048 11047)
4(11047 11048 11138 11137)
4(11137 11138 11228 11227)
4(11227 11228 11318 11317)
4(11317 11318 11408 11407)
4(11407 11408 11498 11497)
4(11497 11498 11588 11587)
4(11587 11588 11678 11677)
4(11677 11678 11768 11767)
4(11767 11768 11858 11857)
4(11857 11858 11948 11947)
4(11947 11948 12038 12037)
4(12037 12038 12128 12127)
4(12127 12128 12218 12217)
4(12217 12218 12308 12307)
4(12307 12308 12398 12397)
4(12397 12398 12488 12487)
4(12487 12488 12578 12577)
4(12577 12578 12668 12667)
4(12667 12668 12758 12757)
4(12757 12758 12848 12847)
4(12847 12848 12938 12937)
4(12937 12938 13028 13027)
4(13027 13028 13118 13117)
4(13117 13118 13208 13207)
4(13207 13208 13298 13297)
4(13297 13298 13388 13387)
4(13387 13388 13478 13477)
4(13477 13478 13568 13567)
4(13567 13568 13658 13657)
4(13657 13658 13748 13747)
4(13747 13748 13838 13837)
4(13837 13838 13928 13927)
4(13927 13928 14018 14017)
4(14017 14018 14108 14107)
4(14107 14108 14198 14197)
4(14197 14198 14288 14287)
4(14287 14288 14378 14377)
4(14377 14378 14468 14467)
4(14467 14468 14558 14557)
4(14557 14558 14648 14647)
4(14647 14648 14738 14737)
4(14737 14738 14828 14827)
4(14827 14828 14918 14917)
4(14917 14918 15008 15007)
4(15007 15008 15098 15097)
4(15097 15098 15188 15187)
4(15187 15188 15278 15277)
4(15277 15278 15368 15367)
4(15367 15368 15458 15457)
4(15457 15458 15548 15547)
4(15547 15548 15638 15637)
4(15637 15638 15728 15727)
4(15727 15728 15818 15817)
4(15817 15818 15908 15907)
4(15907 15908 15998 15997)
4(15997 15998 16088 16087)
4(16087 16088 16178 16177)
4(16177 16178 16268 16267)
4(16267 16268 16358 16357)
4(16357 16358 16448 16447)
4(16447 16448 16538 16537)
4(16537 16538 16628 16627)
4(16627 16628 16718 16717)
4(16717 16718 16808 16807)
4(16807 16808 16898 16897)
4(16897 16898 16988 16987)
4(16987 16988 17078 17077)
4(17077 17078 17168 17167)
4(9968 9969 10059 10058)
4(10058 10059 10149 10148)
4(10148 10149 10239 10238)
4(10238 10239 10329 10328)
4(10328 10329 10419 10418)
4(10418 10419 10509 10508)
4(10508 10509 10599 10598)
4(10598 10599 10689 10688)
4(10688 10689 10779 10778)
4(10778 10779 10869 10868)
4(10868 10869 10959 10958)
4(10958 10959 11049 11048)
4(11048 11049 11139 11138)
4(11138 11139 11229 11228)
4(11228 11229 11319 11318)
4(11318 11319 11409 11408)
4(11408 11409 11499 11498)
4(11498 11499 11589 11588)
4(11588 11589 11679 11678)
4(11678 11679 11769 11768)
4(11768 11769 11859 11858)
4(11858 11859 11949 11948)
4(11948 11949 12039 12038)
4(12038 12039 12129 12128)
4(12128 12129 12219 12218)
4(12218 12219 12309 12308)
4(12308 12309 12399 12398)
4(12398 12399 12489 12488)
4(12488 12489 12579 12578)
4(12578 12579 12669 12668)
4(12668 12669 12759 12758)
4(12758 12759 12849 12848)
4(12848 12849 12939 12938)
4(12938 12939 13029 13028)
4(13028 13029 13119 13118)
4(13118 13119 13209 13208)
4(13208 13209 13299 13298)
4(13298 13299 13389 13388)
4(13388 13389 13479 13478)
4(13478 13479 13569 13568)
4(13568 13569 13659 13658)
4(13658 13659 13749 13748)
4(13748 13749 13839 13838)
4(13838 13839 13929 13928)
4(13928 13929 14019 14018)
4(14018 14019 14109 14108)
4(14108 14109 14199 14198)
4(14198 14199 14289 14288)
4(14288 14289 14379 14378)
4(14378 14379 14469 14468)
4(14468 14469 14559 14558)
4(14558 14559 14649 14648)
4(14648 14649 14739 14738)
4(14738 14739 14829 14828)
4(14828 14829 14919 14918)
4(14918 14919 15009 15008)
4(15008 15009 15099 15098)
4(15098 15099 15189 15188)
4(15188 15189 15279 15278)
4(15278 15279 15369 15368)
4(15368 15369 15459 15458)
4(15458 15459 15549 15548)
4(15548 15549 15639 15638)
4(15638 15639 15729 15728)
4(15728 15729 15819 15818)
4(15818 15819 15909 15908)
4(15908 15909 15999 15998)
4(15998 15999 16089 16088)
4(16088 16089 16179 16178)
4(16178 16179 16269 16268)
4(16268 16269 16359 16358)
4(16358 16359 16449 16448)
4(16448 16449 16539 16538)
4(16538 16539 16629 16628)
4(16628 16629 16719 16718)
4(16718 16719 16809 16808)
4(16808 16809 16899 16898)
4(16898 16899 16989 16988)
4(16988 16989 17079 17078)
4(17078 17079 17169 17168)
4(9969 9970 10060 10059)
4(10059 10060 10150 10149)
4(10149 10150 10240 10239)
4(10239 10240 10330 10329)
4(10329 10330 10420 10419)
4(10419 10420 10510 10509)
4(10509 10510 10600 10599)
4(10599 10600 10690 10689)
4(10689 10690 10780 10779)
4(10779 10780 10870 10869)
4(10869 10870 10960 10959)
4(10959 10960 11050 11049)
4(11049 11050 11140 11139)
4(11139 11140 11230 11229)
4(11229 11230 11320 11319)
4(11319 11320 11410 11409)
4(11409 11410 11500 11499)
4(11499 11500 11590 11589)
4(11589 11590 11680 11679)
4(11679 11680 11770 11769)
4(11769 11770 11860 11859)
4(11859 11860 11950 11949)
4(11949 11950 12040 12039)
4(12039 12040 12130 12129)
4(12129 12130 12220 12219)
4(12219 12220 12310 12309)
4(12309 12310 12400 12399)
4(12399 12400 12490 12489)
4(12489 12490 12580 12579)
4(12579 12580 12670 12669)
4(12669 12670 12760 12759)
4(12759 12760 12850 12849)
4(12849 12850 12940 12939)
4(12939 12940 13030 13029)
4(13029 13030 13120 13119)
4(13119 13120 13210 13209)
4(13209 13210 13300 13299)
4(13299 13300 13390 13389)
4(13389 13390 13480 13479)
4(13479 13480 13570 13569)
4(13569 13570 13660 13659)
4(13659 13660 13750 13749)
4(13749 13750 13840 13839)
4(13839 13840 13930 13929)
4(13929 13930 14020 14019)
4(14019 14020 14110 14109)
4(14109 14110 14200 14199)
4(14199 14200 14290 14289)
4(14289 14290 14380 14379)
4(14379 14380 14470 14469)
4(14469 14470 14560 14559)
4(14559 14560 14650 14649)
4(14649 14650 14740 14739)
4(14739 14740 14830 14829)
4(14829 14830 14920 14919)
4(14919 14920 15010 15009)
4(15009 15010 15100 15099)
4(15099 15100 15190 15189)
4(15189 15190 15280 15279)
4(15279 15280 15370 15369)
4(15369 15370 15460 15459)
4(15459 15460 15550 15549)
4(15549 15550 15640 15639)
4(15639 15640 15730 15729)
4(15729 15730 15820 15819)
4(15819 15820 15910 15909)
4(15909 15910 16000 15999)
4(15999 16000 16090 16089)
4(16089 16090 16180 16179)
4(16179 16180 16270 16269)
4(16269 16270 16360 16359)
4(16359 16360 16450 16449)
4(16449 16450 16540 16539)
4(16539 16540 16630 16629)
4(16629 16630 16720 16719)
4(16719 16720 16810 16809)
4(16809 16810 16900 16899)
4(16899 16900 16990 16989)
4(16989 16990 17080 17079)
4(17079 17080 17170 17169)
4(9970 9971 10061 10060)
4(10060 10061 10151 10150)
4(10150 10151 10241 10240)
4(10240 10241 10331 10330)
4(10330 10331 10421 10420)
4(10420 10421 10511 10510)
4(10510 10511 10601 10600)
4(10600 10601 10691 10690)
4(10690 10691 10781 10780)
4(10780 10781 10871 10870)
4(10870 10871 10961 10960)
4(10960 10961 11051 11050)
4(11050 11051 11141 11140)
4(11140 11141 11231 11230)
4(11230 11231 11321 11320)
4(11320 11321 11411 11410)
4(11410 11411 11501 11500)
4(11500 11501 11591 11590)
4(11590 11591 11681 11680)
4(11680 11681 11771 11770)
4(11770 11771 11861 11860)
4(11860 11861 11951 11950)
4(11950 11951 12041 12040)
4(12040 12041 12131 12130)
4(12130 12131 12221 12220)
4(12220 12221 12311 12310)
4(12310 12311 12401 12400)
4(12400 12401 12491 12490)
4(12490 12491 12581 12580)
4(12580 12581 12671 12670)
4(12670 12671 12761 12760)
4(12760 12761 12851 12850)
4(12850 12851 12941 12940)
4(12940 12941 13031 13030)
4(13030 13031 13121 13120)
4(13120 13121 13211 13210)
4(13210 13211 13301 13300)
4(13300 13301 13391 13390)
4(13390 13391 13481 13480)
4(13480 13481 13571 13570)
4(13570 13571 13661 13660)
4(13660 13661 13751 13750)
4(13750 13751 13841 13840)
4(13840 13841 13931 13930)
4(13930 13931 14021 14020)
4(14020 14021 14111 14110)
4(14110 14111 14201 14200)
4(14200 14201 14291 14290)
4(14290 14291 14381 14380)
4(14380 14381 14471 14470)
4(14470 14471 14561 14560)
4(14560 14561 14651 14650)
4(14650 14651 14741 14740)
4(14740 14741 14831 14830)
4(14830 14831 14921 14920)
4(14920 14921 15011 15010)
4(15010 15011 15101 15100)
4(15100 15101 15191 15190)
4(15190 15191 15281 15280)
4(15280 15281 15371 15370)
4(15370 15371 15461 15460)
4(15460 15461 15551 15550)
4(15550 15551 15641 15640)
4(15640 15641 15731 15730)
4(15730 15731 15821 15820)
4(15820 15821 15911 15910)
4(15910 15911 16001 16000)
4(16000 16001 16091 16090)
4(16090 16091 16181 16180)
4(16180 16181 16271 16270)
4(16270 16271 16361 16360)
4(16360 16361 16451 16450)
4(16450 16451 16541 16540)
4(16540 16541 16631 16630)
4(16630 16631 16721 16720)
4(16720 16721 16811 16810)
4(16810 16811 16901 16900)
4(16900 16901 16991 16990)
4(16990 16991 17081 17080)
4(17080 17081 17171 17170)
4(0 16 17 1)
4(16 32 33 17)
4(32 48 49 33)
4(48 64 65 49)
4(64 80 81 65)
4(80 96 97 81)
4(96 112 113 97)
4(112 128 129 113)
4(128 144 145 129)
4(144 160 161 145)
4(160 176 177 161)
4(176 192 193 177)
4(192 208 209 193)
4(208 224 225 209)
4(224 240 241 225)
4(240 256 257 241)
4(256 272 273 257)
4(272 288 289 273)
4(288 304 305 289)
4(304 320 321 305)
4(320 336 337 321)
4(336 352 353 337)
4(352 368 369 353)
4(368 384 385 369)
4(384 400 401 385)
4(400 416 417 401)
4(416 432 433 417)
4(432 448 449 433)
4(448 464 465 449)
4(464 480 481 465)
4(480 496 497 481)
4(496 512 513 497)
4(512 528 529 513)
4(528 544 545 529)
4(544 560 561 545)
4(560 576 577 561)
4(576 592 593 577)
4(592 608 609 593)
4(608 624 625 609)
4(624 640 641 625)
4(640 656 657 641)
4(656 672 673 657)
4(672 688 689 673)
4(688 704 705 689)
4(704 720 721 705)
4(720 736 737 721)
4(736 752 753 737)
4(752 768 769 753)
4(768 784 785 769)
4(784 800 801 785)
4(800 816 817 801)
4(816 832 833 817)
4(832 848 849 833)
4(848 864 865 849)
4(864 880 881 865)
4(880 896 897 881)
4(896 912 913 897)
4(912 928 929 913)
4(928 944 945 929)
4(944 960 961 945)
4(960 976 977 961)
4(976 992 993 977)
4(992 1008 1009 993)
4(1008 1024 1025 1009)
4(1024 1040 1041 1025)
4(1040 1056 1057 1041)
4(1056 1072 1073 1057)
4(1072 1088 1089 1073)
4(1088 1104 1105 1089)
4(1104 1120 1121 1105)
4(1120 1136 1137 1121)
4(1136 1152 1153 1137)
4(1152 1168 1169 1153)
4(1168 1184 1185 1169)
4(1184 1200 1201 1185)
4(1200 1216 1217 1201)
4(1216 1232 1233 1217)
4(1232 1248 1249 1233)
4(1248 1264 1265 1249)
4(1264 1280 1281 1265)
4(1 17 18 2)
4(17 33 34 18)
4(33 49 50 34)
4(49 65 66 50)
4(65 81 82 66)
4(81 97 98 82)
4(97 113 114 98)
4(113 129 130 114)
4(129 145 146 130)
4(145 161 162 146)
4(161 177 178 162)
4(177 193 194 178)
4(193 209 210 194)
4(209 225 226 210)
4(225 241 242 226)
4(241 257 258 242)
4(257 273 274 258)
4(273 289 290 274)
4(289 305 306 290)
4(305 321 322 306)
4(321 337 338 322)
4(337 353 354 338)
4(353 369 370 354)
4(369 385 386 370)
4(385 401 402 386)
4(401 417 418 402)
4(417 433 434 418)
4(433 449 450 434)
4(449 465 466 450)
4(465 481 482 466)
4(481 497 498 482)
4(497 513 514 498)
4(513 529 530 514)
4(529 545 546 530)
4(545 561 562 546)
4(561 577 578 562)
4(577 593 594 578)
4(593 609 610 594)
4(609 625 626 610)
4(625 641 642 626)
4(641 657 658 642)
4(657 673 674 658)
4(673 689 690 674)
4(689 705 706 690)
4(705 721 722 706)
4(721 737 738 722)
4(737 753 754 738)
4(753 769 770 754)
4(769 785 786 770)
4(785 801 802 786)
4(801 817 818 802)
4(817 833 834 818)
4(833 849 850 834)
4(849 865 866 850)
4(865 881 882 866)
4(881 897 898 882)
4(897 913 914 898)
4(913 929 930 914)
4(929 945 946 930)
4(945 961 962 946)
4(961 977 978 962)
4(977 993 994 978)
4(993 1009 1010 994)
4(1009 1025 1026 1010)
4(1025 1041 1042 1026)
4(1041 1057 1058 1042)
4(1057 1073 1074 1058)
4(1073 1089 1090 1074)
4(1089 1105 1106 1090)
4(1105 1121 1122 1106)
4(1121 1137 1138 1122)
4(1137 1153 1154 1138)
4(1153 1169 1170 1154)
4(1169 1185 1186 1170)
4(1185 1201 1202 1186)
4(1201 1217 1218 1202)
4(1217 1233 1234 1218)
4(1233 1249 1250 1234)
4(1249 1265 1266 1250)
4(1265 1281 1282 1266)
4(2 18 19 3)
4(18 34 35 19)
4(34 50 51 35)
4(50 66 67 51)
4(66 82 83 67)
4(82 98 99 83)
4(98 114 115 99)
4(114 130 131 115)
4(130 146 147 131)
4(146 162 163 147)
4(162 178 179 163)
4(178 194 195 179)
4(194 210 211 195)
4(210 226 227 211)
4(226 242 243 227)
4(242 258 259 243)
4(258 274 275 259)
4(274 290 291 275)
4(290 306 307 291)
4(306 322 323 307)
4(322 338 339 323)
4(338 354 355 339)
4(354 370 371 355)
4(370 386 387 371)
4(386 402 403 387)
4(402 418 419 403)
4(418 434 435 419)
4(434 450 451 435)
4(450 466 467 451)
4(466 482 483 467)
4(482 498 499 483)
4(498 514 515 499)
4(514 530 531 515)
4(530 546 547 531)
4(546 562 563 547)
4(562 578 579 563)
4(578 594 595 579)
4(594 610 611 595)
4(610 626 627 611)
4(626 642 643 627)
4(642 658 659 643)
4(658 674 675 659)
4(674 690 691 675)
4(690 706 707 691)
4(706 722 723 707)
4(722 738 739 723)
4(738 754 755 739)
4(754 770 771 755)
4(770 786 787 771)
4(786 802 803 787)
4(802 818 819 803)
4(818 834 835 819)
4(834 850 851 835)
4(850 866 867 851)
4(866 882 883 867)
4(882 898 899 883)
4(898 914 915 899)
4(914 930 931 915)
4(930 946 947 931)
4(946 962 963 947)
4(962 978 979 963)
4(978 994 995 979)
4(994 1010 1011 995)
4(1010 1026 1027 1011)
4(1026 1042 1043 1027)
4(1042 1058 1059 1043)
4(1058 1074 1075 1059)
4(1074 1090 1091 1075)
4(1090 1106 1107 1091)
4(1106 1122 1123 1107)
4(1122 1138 1139 1123)
4(1138 1154 1155 1139)
4(1154 1170 1171 1155)
4(1170 1186 1187 1171)
4(1186 1202 1203 1187)
4(1202 1218 1219 1203)
4(1218 1234 1235 1219)
4(1234 1250 1251 1235)
4(1250 1266 1267 1251)
4(1266 1282 1283 1267)
4(3 19 20 4)
4(19 35 36 20)
4(35 51 52 36)
4(51 67 68 52)
4(67 83 84 68)
4(83 99 100 84)
4(99 115 116 100)
4(115 131 132 116)
4(131 147 148 132)
4(147 163 164 148)
4(163 179 180 164)
4(179 195 196 180)
4(195 211 212 196)
4(211 227 228 212)
4(227 243 244 228)
4(243 259 260 244)
4(259 275 276 260)
4(275 291 292 276)
4(291 307 308 292)
4(307 323 324 308)
4(323 339 340 324)
4(339 355 356 340)
4(355 371 372 356)
4(371 387 388 372)
4(387 403 404 388)
4(403 419 420 404)
4(419 435 436 420)
4(435 451 452 436)
4(451 467 468 452)
4(467 483 484 468)
4(483 499 500 484)
4(499 515 516 500)
4(515 531 532 516)
4(531 547 548 532)
4(547 563 564 548)
4(563 579 580 564)
4(579 595 596 580)
4(595 611 612 596)
4(611 627 628 612)
4(627 643 644 628)
4(643 659 660 644)
4(659 675 676 660)
4(675 691 692 676)
4(691 707 708 692)
4(707 723 724 708)
4(723 739 740 724)
4(739 755 756 740)
4(755 771 772 756)
4(771 787 788 772)
4(787 803 804 788)
4(803 819 820 804)
4(819 835 836 820)
4(835 851 852 836)
4(851 867 868 852)
4(867 883 884 868)
4(883 899 900 884)
4(899 915 916 900)
4(915 931 932 916)
4(931 947 948 932)
4(947 963 964 948)
4(963 979 980 964)
4(979 995 996 980)
4(995 1011 1012 996)
4(1011 1027 1028 1012)
4(1027 1043 1044 1028)
4(1043 1059 1060 1044)
4(1059 1075 1076 1060)
4(1075 1091 1092 1076)
4(1091 1107 1108 1092)
4(1107 1123 1124 1108)
4(1123 1139 1140 1124)
4(1139 1155 1156 1140)
4(1155 1171 1172 1156)
4(1171 1187 1188 1172)
4(1187 1203 1204 1188)
4(1203 1219 1220 1204)
4(1219 1235 1236 1220)
4(1235 1251 1252 1236)
4(1251 1267 1268 1252)
4(1267 1283 1284 1268)
4(4 20 21 5)
4(20 36 37 21)
4(36 52 53 37)
4(52 68 69 53)
4(68 84 85 69)
4(84 100 101 85)
4(100 116 117 101)
4(116 132 133 117)
4(132 148 149 133)
4(148 164 165 149)
4(164 180 181 165)
4(180 196 197 181)
4(196 212 213 197)
4(212 228 229 213)
4(228 244 245 229)
4(244 260 261 245)
4(260 276 277 261)
4(276 292 293 277)
4(292 308 309 293)
4(308 324 325 309)
4(324 340 341 325)
4(340 356 357 341)
4(356 372 373 357)
4(372 388 389 373)
4(388 404 405 389)
4(404 420 421 405)
4(420 436 437 421)
4(436 452 453 437)
4(452 468 469 453)
4(468 484 485 469)
4(484 500 501 485)
4(500 516 517 501)
4(516 532 533 517)
4(532 548 549 533)
4(548 564 565 549)
4(564 580 581 565)
4(580 596 597 581)
4(596 612 613 597)
4(612 628 629 613)
4(628 644 645 629)
4(644 660 661 645)
4(660 676 677 661)
4(676 692 693 677)
4(692 708 709 693)
4(708 724 725 709)
4(724 740 741 725)
4(740 756 757 741)
4(756 772 773 757)
4(772 788 789 773)
4(788 804 805 789)
4(804 820 821 805)
4(820 836 837 821)
4(836 852 853 837)
4(852 868 869 853)
4(868 884 885 869)
4(884 900 901 885)
4(900 916 917 901)
4(916 932 933 917)
4(932 948 949 933)
4(948 964 965 949)
4(964 980 981 965)
4(980 996 997 981)
4(996 1012 1013 997)
4(1012 1028 1029 1013)
4(1028 1044 1045 1029)
4(1044 1060 1061 1045)
4(1060 1076 1077 1061)
4(1076 1092 1093 1077)
4(1092 1108 1109 1093)
4(1108 1124 1125 1109)
4(1124 1140 1141 1125)
4(1140 1156 1157 1141)
4(1156 1172 1173 1157)
4(1172 1188 1189 1173)
4(1188 1204 1205 1189)
4(1204 1220 1221 1205)
4(1220 1236 1237 1221)
4(1236 1252 1253 1237)
4(1252 1268 1269 1253)
4(1268 1284 1285 1269)
4(5 21 22 6)
4(21 37 38 22)
4(37 53 54 38)
4(53 69 70 54)
4(69 85 86 70)
4(85 101 102 86)
4(101 117 118 102)
4(117 133 134 118)
4(133 149 150 134)
4(149 165 166 150)
4(165 181 182 166)
4(181 197 198 182)
4(197 213 214 198)
4(213 229 230 214)
4(229 245 246 230)
4(245 261 262 246)
4(261 277 278 262)
4(277 293 294 278)
4(293 309 310 294)
4(309 325 326 310)
4(325 341 342 326)
4(341 357 358 342)
4(357 373 374 358)
4(373 389 390 374)
4(389 405 406 390)
4(405 421 422 406)
4(421 437 438 422)
4(437 453 454 438)
4(453 469 470 454)
4(469 485 486 470)
4(485 501 502 486)
4(501 517 518 502)
4(517 533 534 518)
4(533 549 550 534)
4(549 565 566 550)
4(565 581 582 566)
4(581 597 598 582)
4(597 613 614 598)
4(613 629 630 614)
4(629 645 646 630)
4(645 661 662 646)
4(661 677 678 662)
4(677 693 694 678)
4(693 709 710 694)
4(709 725 726 710)
4(725 741 742 726)
4(741 757 758 742)
4(757 773 774 758)
4(773 789 790 774)
4(789 805 806 790)
4(805 821 822 806)
4(821 837 838 822)
4(837 853 854 838)
4(853 869 870 854)
4(869 885 886 870)
4(885 901 902 886)
4(901 917 918 902)
4(917 933 934 918)
4(933 949 950 934)
4(949 965 966 950)
4(965 981 982 966)
4(981 997 998 982)
4(997 1013 1014 998)
4(1013 1029 1030 1014)
4(1029 1045 1046 1030)
4(1045 1061 1062 1046)
4(1061 1077 1078 1062)
4(1077 1093 1094 1078)
4(1093 1109 1110 1094)
4(1109 1125 1126 1110)
4(1125 1141 1142 1126)
4(1141 1157 1158 1142)
4(1157 1173 1174 1158)
4(1173 1189 1190 1174)
4(1189 1205 1206 1190)
4(1205 1221 1222 1206)
4(1221 1237 1238 1222)
4(1237 1253 1254 1238)
4(1253 1269 1270 1254)
4(1269 1285 1286 1270)
4(6 22 23 7)
4(22 38 39 23)
4(38 54 55 39)
4(54 70 71 55)
4(70 86 87 71)
4(86 102 103 87)
4(102 118 119 103)
4(118 134 135 119)
4(134 150 151 135)
4(150 166 167 151)
4(166 182 183 167)
4(182 198 199 183)
4(198 214 215 199)
4(214 230 231 215)
4(230 246 247 231)
4(246 262 263 247)
4(262 278 279 263)
4(278 294 295 279)
4(294 310 311 295)
4(310 326 327 311)
4(326 342 343 327)
4(342 358 359 343)
4(358 374 375 359)
4(374 390 391 375)
4(390 406 407 391)
4(406 422 423 407)
4(422 438 439 423)
4(438 454 455 439)
4(454 470 471 455)
4(470 486 487 471)
4(486 502 503 487)
4(502 518 519 503)
4(518 534 535 519)
4(534 550 551 535)
4(550 566 567 551)
4(566 582 583 567)
4(582 598 599 583)
4(598 614 615 599)
4(614 630 631 615)
4(630 646 647 631)
4(646 662 663 647)
4(662 678 679 663)
4(678 694 695 679)
4(694 710 711 695)
4(710 726 727 711)
4(726 742 743 727)
4(742 758 759 743)
4(758 774 775 759)
4(774 790 791 775)
4(790 806 807 791)
4(806 822 823 807)
4(822 838 839 823)
4(838 854 855 839)
4(854 870 871 855)
4(870 886 887 871)
4(886 902 903 887)
4(902 918 919 903)
4(918 934 935 919)
4(934 950 951 935)
4(950 966 967 951)
4(966 982 983 967)
4(982 998 999 983)
4(998 1014 1015 999)
4(1014 1030 1031 1015)
4(1030 1046 1047 1031)
4(1046 1062 1063 1047)
4(1062 1078 1079 1063)
4(1078 1094 1095 1079)
4(1094 1110 1111 1095)
4(1110 1126 1127 1111)
4(1126 1142 1143 1127)
4(1142 1158 1159 1143)
4(1158 1174 1175 1159)
4(1174 1190 1191 1175)
4(1190 1206 1207 1191)
4(1206 1222 1223 1207)
4(1222 1238 1239 1223)
4(1238 1254 1255 1239)
4(1254 1270 1271 1255)
4(1270 1286 1287 1271)
4(7 23 24 8)
4(23 39 40 24)
4(39 55 56 40)
4(55 71 72 56)
4(71 87 88 72)
4(87 103 104 88)
4(103 119 120 104)
4(119 135 136 120)
4(135 151 152 136)
4(151 167 168 152)
4(167 183 184 168)
4(183 199 200 184)
4(199 215 216 200)
4(215 231 232 216)
4(231 247 248 232)
4(247 263 264 248)
4(263 279 280 264)
4(279 295 296 280)
4(295 311 312 296)
4(311 327 328 312)
4(327 343 344 328)
4(343 359 360 344)
4(359 375 376 360)
4(375 391 392 376)
4(391 407 408 392)
4(407 423 424 408)
4(423 439 440 424)
4(439 455 456 440)
4(455 471 472 456)
4(471 487 488 472)
4(487 503 504 488)
4(503 519 520 504)
4(519 535 536 520)
4(535 551 552 536)
4(551 567 568 552)
4(567 583 584 568)
4(583 599 600 584)
4(599 615 616 600)
4(615 631 632 616)
4(631 647 648 632)
4(647 663 664 648)
4(663 679 680 664)
4(679 695 696 680)
4(695 711 712 696)
4(711 727 728 712)
4(727 743 744 728)
4(743 759 760 744)
4(759 775 776 760)
4(775 791 792 776)
4(791 807 808 792)
4(807 823 824 808)
4(823 839 840 824)
4(839 855 856 840)
4(855 871 872 856)
4(871 887 888 872)
4(887 903 904 888)
4(903 919 920 904)
4(919 935 936 920)
4(935 951 952 936)
4(951 967 968 952)
4(967 983 984 968)
4(983 999 1000 984)
4(999 1015 1016 1000)
4(1015 1031 1032 1016)
4(1031 1047 1048 1032)
4(1047 1063 1064 1048)
4(1063 1079 1080 1064)
4(1079 1095 1096 1080)
4(1095 1111 1112 1096)
4(1111 1127 1128 1112)
4(1127 1143 1144 1128)
4(1143 1159 1160 1144)
4(1159 1175 1176 1160)
4(1175 1191 1192 1176)
4(1191 1207 1208 1192)
4(1207 1223 1224 1208)
4(1223 1239 1240 1224)
4(1239 1255 1256 1240)
4(1255 1271 1272 1256)
4(1271 1287 1288 1272)
4(8 24 25 9)
4(24 40 41 25)
4(40 56 57 41)
4(56 72 73 57)
4(72 88 89 73)
4(88 104 105 89)
4(104 120 121 105)
4(120 136 137 121)
4(136 152 153 137)
4(152 168 169 153)
4(168 184 185 169)
4(184 200 201 185)
4(200 216 217 201)
4(216 232 233 217)
4(232 248 249 233)
4(248 264 265 249)
4(264 280 281 265)
4(280 296 297 281)
4(296 312 313 297)
4(312 328 329 313)
4(328 344 345 329)
4(344 360 361 345)
4(360 376 377 361)
4(376 392 393 377)
4(392 408 409 393)
4(408 424 425 409)
4(424 440 441 425)
4(440 456 457 441)
4(456 472 473 457)
4(472 488 489 473)
4(488 504 505 489)
4(504 520 521 505)
4(520 536 537 521)
4(536 552 553 537)
4(552 568 569 553)
4(568 584 585 569)
4(584 600 601 585)
4(600 616 617 601)
4(616 632 633 617)
4(632 648 649 633)
4(648 664 665 649)
4(664 680 681 665)
4(680 696 697 681)
4(696 712 713 697)
4(712 728 729 713)
4(728 744 745 729)
4(744 760 761 745)
4(760 776 777 761)
4(776 792 793 777)
4(792 808 809 793)
4(808 824 825 809)
4(824 840 841 825)
4(840 856 857 841)
4(856 872 873 857)
4(872 888 889 873)
4(888 904 905 889)
4(904 920 921 905)
4(920 936 937 921)
4(936 952 953 937)
4(952 968 969 953)
4(968 984 985 969)
4(984 1000 1001 985)
4(1000 1016 1017 1001)
4(1016 1032 1033 1017)
4(1032 1048 1049 1033)
4(1048 1064 1065 1049)
4(1064 1080 1081 1065)
4(1080 1096 1097 1081)
4(1096 1112 1113 1097)
4(1112 1128 1129 1113)
4(1128 1144 1145 1129)
4(1144 1160 1161 1145)
4(1160 1176 1177 1161)
4(1176 1192 1193 1177)
4(1192 1208 1209 1193)
4(1208 1224 1225 1209)
4(1224 1240 1241 1225)
4(1240 1256 1257 1241)
4(1256 1272 1273 1257)
4(1272 1288 1289 1273)
4(9 25 26 10)
4(25 41 42 26)
4(41 57 58 42)
4(57 73 74 58)
4(73 89 90 74)
4(89 105 106 90)
4(105 121 122 106)
4(121 137 138 122)
4(137 153 154 138)
4(153 169 170 154)
4(169 185 186 170)
4(185 201 202 186)
4(201 217 218 202)
4(217 233 234 218)
4(233 249 250 234)
4(249 265 266 250)
4(265 281 282 266)
4(281 297 298 282)
4(297 313 314 298)
4(313 329 330 314)
4(329 345 346 330)
4(345 361 362 346)
4(361 377 378 362)
4(377 393 394 378)
4(393 409 410 394)
4(409 425 426 410)
4(425 441 442 426)
4(441 457 458 442)
4(457 473 474 458)
4(473 489 490 474)
4(489 505 506 490)
4(505 521 522 506)
4(521 537 538 522)
4(537 553 554 538)
4(553 569 570 554)
4(569 585 586 570)
4(585 601 602 586)
4(601 617 618 602)
4(617 633 634 618)
4(633 649 650 634)
4(649 665 666 650)
4(665 681 682 666)
4(681 697 698 682)
4(697 713 714 698)
4(713 729 730 714)
4(729 745 746 730)
4(745 761 762 746)
4(761 777 778 762)
4(777 793 794 778)
4(793 809 810 794)
4(809 825 826 810)
4(825 841 842 826)
4(841 857 858 842)
4(857 873 874 858)
4(873 889 890 874)
4(889 905 906 890)
4(905 921 922 906)
4(921 937 938 922)
4(937 953 954 938)
4(953 969 970 954)
4(969 985 986 970)
4(985 1001 1002 986)
4(1001 1017 1018 1002)
4(1017 1033 1034 1018)
4(1033 1049 1050 1034)
4(1049 1065 1066 1050)
4(1065 1081 1082 1066)
4(1081 1097 1098 1082)
4(1097 1113 1114 1098)
4(1113 1129 1130 1114)
4(1129 1145 1146 1130)
4(1145 1161 1162 1146)
4(1161 1177 1178 1162)
4(1177 1193 1194 1178)
4(1193 1209 1210 1194)
4(1209 1225 1226 1210)
4(1225 1241 1242 1226)
4(1241 1257 1258 1242)
4(1257 1273 1274 1258)
4(1273 1289 1290 1274)
4(10 26 27 11)
4(26 42 43 27)
4(42 58 59 43)
4(58 74 75 59)
4(74 90 91 75)
4(90 106 107 91)
4(106 122 123 107)
4(122 138 139 123)
4(138 154 155 139)
4(154 170 171 155)
4(170 186 187 171)
4(186 202 203 187)
4(202 218 219 203)
4(218 234 235 219)
4(234 250 251 235)
4(250 266 267 251)
4(266 282 283 267)
4(282 298 299 283)
4(298 314 315 299)
4(314 330 331 315)
4(330 346 347 331)
4(346 362 363 347)
4(362 378 379 363)
4(378 394 395 379)
4(394 410 411 395)
4(410 426 427 411)
4(426 442 443 427)
4(442 458 459 443)
4(458 474 475 459)
4(474 490 491 475)
4(490 506 507 491)
4(506 522 523 507)
4(522 538 539 523)
4(538 554 555 539)
4(554 570 571 555)
4(570 586 587 571)
4(586 602 603 587)
4(602 618 619 603)
4(618 634 635 619)
4(634 650 651 635)
4(650 666 667 651)
4(666 682 683 667)
4(682 698 699 683)
4(698 714 715 699)
4(714 730 731 715)
4(730 746 747 731)
4(746 762 763 747)
4(762 778 779 763)
4(778 794 795 779)
4(794 810 811 795)
4(810 826 827 811)
4(826 842 843 827)
4(842 858 859 843)
4(858 874 875 859)
4(874 890 891 875)
4(890 906 907 891)
4(906 922 923 907)
4(922 938 939 923)
4(938 954 955 939)
4(954 970 971 955)
4(970 986 987 971)
4(986 1002 1003 987)
4(1002 1018 1019 1003)
4(1018 1034 1035 1019)
4(1034 1050 1051 1035)
4(1050 1066 1067 1051)
4(1066 1082 1083 1067)
4(1082 1098 1099 1083)
4(1098 1114 1115 1099)
4(1114 1130 1131 1115)
4(1130 1146 1147 1131)
4(1146 1162 1163 1147)
4(1162 1178 1179 1163)
4(1178 1194 1195 1179)
4(1194 1210 1211 1195)
4(1210 1226 1227 1211)
4(1226 1242 1243 1227)
4(1242 1258 1259 1243)
4(1258 1274 1275 1259)
4(1274 1290 1291 1275)
4(11 27 28 12)
4(27 43 44 28)
4(43 59 60 44)
4(59 75 76 60)
4(75 91 92 76)
4(91 107 108 92)
4(107 123 124 108)
4(123 139 140 124)
4(139 155 156 140)
4(155 171 172 156)
4(171 187 188 172)
4(187 203 204 188)
4(203 219 220 204)
4(219 235 236 220)
4(235 251 252 236)
4(251 267 268 252)
4(267 283 284 268)
4(283 299 300 284)
4(299 315 316 300)
4(315 331 332 316)
4(331 347 348 332)
4(347 363 364 348)
4(363 379 380 364)
4(379 395 396 380)
4(395 411 412 396)
4(411 427 428 412)
4(427 443 444 428)
4(443 459 460 444)
4(459 475 476 460)
4(475 491 492 476)
4(491 507 508 492)
4(507 523 524 508)
4(523 539 540 524)
4(539 555 556 540)
4(555 571 572 556)
4(571 587 588 572)
4(587 603 604 588)
4(603 619 620 604)
4(619 635 636 620)
4(635 651 652 636)
4(651 667 668 652)
4(667 683 684 668)
4(683 699 700 684)
4(699 715 716 700)
4(715 731 732 716)
4(731 747 748 732)
4(747 763 764 748)
4(763 779 780 764)
4(779 795 796 780)
4(795 811 812 796)
4(811 827 828 812)
4(827 843 844 828)
4(843 859 860 844)
4(859 875 876 860)
4(875 891 892 876)
4(891 907 908 892)
4(907 923 924 908)
4(923 939 940 924)
4(939 955 956 940)
4(955 971 972 956)
4(971 987 988 972)
4(987 1003 1004 988)
4(1003 1019 1020 1004)
4(1019 1035 1036 1020)
4(1035 1051 1052 1036)
4(1051 1067 1068 1052)
4(1067 1083 1084 1068)
4(1083 1099 1100 1084)
4(1099 1115 1116 1100)
4(1115 1131 1132 1116)
4(1131 1147 1148 1132)
4(1147 1163 1164 1148)
4(1163 1179 1180 1164)
4(1179 1195 1196 1180)
4(1195 1211 1212 1196)
4(1211 1227 1228 1212)
4(1227 1243 1244 1228)
4(1243 1259 1260 1244)
4(1259 1275 1276 1260)
4(1275 1291 1292 1276)
4(12 28 29 13)
4(28 44 45 29)
4(44 60 61 45)
4(60 76 77 61)
4(76 92 93 77)
4(92 108 109 93)
4(108 124 125 109)
4(124 140 141 125)
4(140 156 157 141)
4(156 172 173 157)
4(172 188 189 173)
4(188 204 205 189)
4(204 220 221 205)
4(220 236 237 221)
4(236 252 253 237)
4(252 268 269 253)
4(268 284 285 269)
4(284 300 301 285)
4(300 316 317 301)
4(316 332 333 317)
4(332 348 349 333)
4(348 364 365 349)
4(364 380 381 365)
4(380 396 397 381)
4(396 412 413 397)
4(412 428 429 413)
4(428 444 445 429)
4(444 460 461 445)
4(460 476 477 461)
4(476 492 493 477)
4(492 508 509 493)
4(508 524 525 509)
4(524 540 541 525)
4(540 556 557 541)
4(556 572 573 557)
4(572 588 589 573)
4(588 604 605 589)
4(604 620 621 605)
4(620 636 637 621)
4(636 652 653 637)
4(652 668 669 653)
4(668 684 685 669)
4(684 700 701 685)
4(700 716 717 701)
4(716 732 733 717)
4(732 748 749 733)
4(748 764 765 749)
4(764 780 781 765)
4(780 796 797 781)
4(796 812 813 797)
4(812 828 829 813)
4(828 844 845 829)
4(844 860 861 845)
4(860 876 877 861)
4(876 892 893 877)
4(892 908 909 893)
4(908 924 925 909)
4(924 940 941 925)
4(940 956 957 941)
4(956 972 973 957)
4(972 988 989 973)
4(988 1004 1005 989)
4(1004 1020 1021 1005)
4(1020 1036 1037 1021)
4(1036 1052 1053 1037)
4(1052 1068 1069 1053)
4(1068 1084 1085 1069)
4(1084 1100 1101 1085)
4(1100 1116 1117 1101)
4(1116 1132 1133 1117)
4(1132 1148 1149 1133)
4(1148 1164 1165 1149)
4(1164 1180 1181 1165)
4(1180 1196 1197 1181)
4(1196 1212 1213 1197)
4(1212 1228 1229 1213)
4(1228 1244 1245 1229)
4(1244 1260 1261 1245)
4(1260 1276 1277 1261)
4(1276 1292 1293 1277)
4(13 29 30 14)
4(29 45 46 30)
4(45 61 62 46)
4(61 77 78 62)
4(77 93 94 78)
4(93 109 110 94)
4(109 125 126 110)
4(125 141 142 126)
4(141 157 158 142)
4(157 173 174 158)
4(173 189 190 174)
4(189 205 206 190)
4(205 221 222 206)
4(221 237 238 222)
4(237 253 254 238)
4(253 269 270 254)
4(269 285 286 270)
4(285 301 302 286)
4(301 317 318 302)
4(317 333 334 318)
4(333 349 350 334)
4(349 365 366 350)
4(365 381 382 366)
4(381 397 398 382)
4(397 413 414 398)
4(413 429 430 414)
4(429 445 446 430)
4(445 461 462 446)
4(461 477 478 462)
4(477 493 494 478)
4(493 509 510 494)
4(509 525 526 510)
4(525 541 542 526)
4(541 557 558 542)
4(557 573 574 558)
4(573 589 590 574)
4(589 605 606 590)
4(605 621 622 606)
4(621 637 638 622)
4(637 653 654 638)
4(653 669 670 654)
4(669 685 686 670)
4(685 701 702 686)
4(701 717 718 702)
4(717 733 734 718)
4(733 749 750 734)
4(749 765 766 750)
4(765 781 782 766)
4(781 797 798 782)
4(797 813 814 798)
4(813 829 830 814)
4(829 845 846 830)
4(845 861 862 846)
4(861 877 878 862)
4(877 893 894 878)
4(893 909 910 894)
4(909 925 926 910)
4(925 941 942 926)
4(941 957 958 942)
4(957 973 974 958)
4(973 989 990 974)
4(989 1005 1006 990)
4(1005 1021 1022 1006)
4(1021 1037 1038 1022)
4(1037 1053 1054 1038)
4(1053 1069 1070 1054)
4(1069 1085 1086 1070)
4(1085 1101 1102 1086)
4(1101 1117 1118 1102)
4(1117 1133 1134 1118)
4(1133 1149 1150 1134)
4(1149 1165 1166 1150)
4(1165 1181 1182 1166)
4(1181 1197 1198 1182)
4(1197 1213 1214 1198)
4(1213 1229 1230 1214)
4(1229 1245 1246 1230)
4(1245 1261 1262 1246)
4(1261 1277 1278 1262)
4(1277 1293 1294 1278)
4(14 30 31 15)
4(30 46 47 31)
4(46 62 63 47)
4(62 78 79 63)
4(78 94 95 79)
4(94 110 111 95)
4(110 126 127 111)
4(126 142 143 127)
4(142 158 159 143)
4(158 174 175 159)
4(174 190 191 175)
4(190 206 207 191)
4(206 222 223 207)
4(222 238 239 223)
4(238 254 255 239)
4(254 270 271 255)
4(270 286 287 271)
4(286 302 303 287)
4(302 318 319 303)
4(318 334 335 319)
4(334 350 351 335)
4(350 366 367 351)
4(366 382 383 367)
4(382 398 399 383)
4(398 414 415 399)
4(414 430 431 415)
4(430 446 447 431)
4(446 462 463 447)
4(462 478 479 463)
4(478 494 495 479)
4(494 510 511 495)
4(510 526 527 511)
4(526 542 543 527)
4(542 558 559 543)
4(558 574 575 559)
4(574 590 591 575)
4(590 606 607 591)
4(606 622 623 607)
4(622 638 639 623)
4(638 654 655 639)
4(654 670 671 655)
4(670 686 687 671)
4(686 702 703 687)
4(702 718 719 703)
4(718 734 735 719)
4(734 750 751 735)
4(750 766 767 751)
4(766 782 783 767)
4(782 798 799 783)
4(798 814 815 799)
4(814 830 831 815)
4(830 846 847 831)
4(846 862 863 847)
4(862 878 879 863)
4(878 894 895 879)
4(894 910 911 895)
4(910 926 927 911)
4(926 942 943 927)
4(942 958 959 943)
4(958 974 975 959)
4(974 990 991 975)
4(990 1006 1007 991)
4(1006 1022 1023 1007)
4(1022 1038 1039 1023)
4(1038 1054 1055 1039)
4(1054 1070 1071 1055)
4(1070 1086 1087 1071)
4(1086 1102 1103 1087)
4(1102 1118 1119 1103)
4(1118 1134 1135 1119)
4(1134 1150 1151 1135)
4(1150 1166 1167 1151)
4(1166 1182 1183 1167)
4(1182 1198 1199 1183)
4(1198 1214 1215 1199)
4(1214 1230 1231 1215)
4(1230 1246 1247 1231)
4(1246 1262 1263 1247)
4(1262 1278 1279 1263)
4(1278 1294 1295 1279)
4(15 31 2682 2592)
4(31 47 2772 2682)
4(47 63 2862 2772)
4(63 79 2952 2862)
4(79 95 3042 2952)
4(95 111 3132 3042)
4(111 127 3222 3132)
4(127 143 3312 3222)
4(143 159 3402 3312)
4(159 175 3492 3402)
4(175 191 3582 3492)
4(191 207 3672 3582)
4(207 223 3762 3672)
4(223 239 3852 3762)
4(239 255 3942 3852)
4(255 271 4032 3942)
4(271 287 4122 4032)
4(287 303 4212 4122)
4(303 319 4302 4212)
4(319 335 4392 4302)
4(335 351 4482 4392)
4(351 367 4572 4482)
4(367 383 4662 4572)
4(383 399 4752 4662)
4(399 415 4842 4752)
4(415 431 4932 4842)
4(431 447 5022 4932)
4(447 463 5112 5022)
4(463 479 5202 5112)
4(479 495 5292 5202)
4(495 511 5382 5292)
4(511 527 5472 5382)
4(527 543 5562 5472)
4(543 559 5652 5562)
4(559 575 5742 5652)
4(575 591 5832 5742)
4(591 607 5922 5832)
4(607 623 6012 5922)
4(623 639 6102 6012)
4(639 655 6192 6102)
4(655 671 6282 6192)
4(671 687 6372 6282)
4(687 703 6462 6372)
4(703 719 6552 6462)
4(719 735 6642 6552)
4(735 751 6732 6642)
4(751 767 6822 6732)
4(767 783 6912 6822)
4(783 799 7002 6912)
4(799 815 7092 7002)
4(815 831 7182 7092)
4(831 847 7272 7182)
4(847 863 7362 7272)
4(863 879 7452 7362)
4(879 895 7542 7452)
4(895 911 7632 7542)
4(911 927 7722 7632)
4(927 943 7812 7722)
4(943 959 7902 7812)
4(959 975 7992 7902)
4(975 991 8082 7992)
4(991 1007 8172 8082)
4(1007 1023 8262 8172)
4(1023 1039 8352 8262)
4(1039 1055 8442 8352)
4(1055 1071 8532 8442)
4(1071 1087 8622 8532)
4(1087 1103 8712 8622)
4(1103 1119 8802 8712)
4(1119 1135 8892 8802)
4(1135 1151 8982 8892)
4(1151 1167 9072 8982)
4(1167 1183 9162 9072)
4(1183 1199 9252 9162)
4(1199 1215 9342 9252)
4(1215 1231 9432 9342)
4(1231 1247 9522 9432)
4(1247 1263 9612 9522)
4(1263 1279 9702 9612)
4(1279 1295 9792 9702)
4(2592 2682 2683 2593)
4(2682 2772 2773 2683)
4(2772 2862 2863 2773)
4(2862 2952 2953 2863)
4(2952 3042 3043 2953)
4(3042 3132 3133 3043)
4(3132 3222 3223 3133)
4(3222 3312 3313 3223)
4(3312 3402 3403 3313)
4(3402 3492 3493 3403)
4(3492 3582 3583 3493)
4(3582 3672 3673 3583)
4(3672 3762 3763 3673)
4(3762 3852 3853 3763)
4(3852 3942 3943 3853)
4(3942 4032 4033 3943)
4(4032 4122 4123 4033)
4(4122 4212 4213 4123)
4(4212 4302 4303 4213)
4(4302 4392 4393 4303)
4(4392 4482 4483 4393)
4(4482 4572 4573 4483)
4(4572 4662 4663 4573)
4(4662 4752 4753 4663)
4(4752 4842 4843 4753)
4(4842 4932 4933 4843)
4(4932 5022 5023 4933)
4(5022 5112 5113 5023)
4(5112 5202 5203 5113)
4(5202 5292 5293 5203)
4(5292 5382 5383 5293)
4(5382 5472 5473 5383)
4(5472 5562 5563 5473)
4(5562 5652 5653 5563)
4(5652 5742 5743 5653)
4(5742 5832 5833 5743)
4(5832 5922 5923 5833)
4(5922 6012 6013 5923)
4(6012 6102 6103 6013)
4(6102 6192 6193 6103)
4(6192 6282 6283 6193)
4(6282 6372 6373 6283)
4(6372 6462 6463 6373)
4(6462 6552 6553 6463)
4(6552 6642 6643 6553)
4(6642 6732 6733 6643)
4(6732 6822 6823 6733)
4(6822 6912 6913 6823)
4(6912 7002 7003 6913)
4(7002 7092 7093 7003)
4(7092 7182 7183 7093)
4(7182 7272 7273 7183)
4(7272 7362 7363 7273)
4(7362 7452 7453 7363)
4(7452 7542 7543 7453)
4(7542 7632 7633 7543)
4(7632 7722 7723 7633)
4(7722 7812 7813 7723)
4(7812 7902 7903 7813)
4(7902 7992 7993 7903)
4(7992 8082 8083 7993)
4(8082 8172 8173 8083)
4(8172 8262 8263 8173)
4(8262 8352 8353 8263)
4(8352 8442 8443 8353)
4(8442 8532 8533 8443)
4(8532 8622 8623 8533)
4(8622 8712 8713 8623)
4(8712 8802 8803 8713)
4(8802 8892 8893 8803)
4(8892 8982 8983 8893)
4(8982 9072 9073 8983)
4(9072 9162 9163 9073)
4(9162 9252 9253 9163)
4(9252 9342 9343 9253)
4(9342 9432 9433 9343)
4(9432 9522 9523 9433)
4(9522 9612 9613 9523)
4(9612 9702 9703 9613)
4(9702 9792 9793 9703)
4(2593 2683 2684 2594)
4(2683 2773 2774 2684)
4(2773 2863 2864 2774)
4(2863 2953 2954 2864)
4(2953 3043 3044 2954)
4(3043 3133 3134 3044)
4(3133 3223 3224 3134)
4(3223 3313 3314 3224)
4(3313 3403 3404 3314)
4(3403 3493 3494 3404)
4(3493 3583 3584 3494)
4(3583 3673 3674 3584)
4(3673 3763 3764 3674)
4(3763 3853 3854 3764)
4(3853 3943 3944 3854)
4(3943 4033 4034 3944)
4(4033 4123 4124 4034)
4(4123 4213 4214 4124)
4(4213 4303 4304 4214)
4(4303 4393 4394 4304)
4(4393 4483 4484 4394)
4(4483 4573 4574 4484)
4(4573 4663 4664 4574)
4(4663 4753 4754 4664)
4(4753 4843 4844 4754)
4(4843 4933 4934 4844)
4(4933 5023 5024 4934)
4(5023 5113 5114 5024)
4(5113 5203 5204 5114)
4(5203 5293 5294 5204)
4(5293 5383 5384 5294)
4(5383 5473 5474 5384)
4(5473 5563 5564 5474)
4(5563 5653 5654 5564)
4(5653 5743 5744 5654)
4(5743 5833 5834 5744)
4(5833 5923 5924 5834)
4(5923 6013 6014 5924)
4(6013 6103 6104 6014)
4(6103 6193 6194 6104)
4(6193 6283 6284 6194)
4(6283 6373 6374 6284)
4(6373 6463 6464 6374)
4(6463 6553 6554 6464)
4(6553 6643 6644 6554)
4(6643 6733 6734 6644)
4(6733 6823 6824 6734)
4(6823 6913 6914 6824)
4(6913 7003 7004 6914)
4(7003 7093 7094 7004)
4(7093 7183 7184 7094)
4(7183 7273 7274 7184)
4(7273 7363 7364 7274)
4(7363 7453 7454 7364)
4(7453 7543 7544 7454)
4(7543 7633 7634 7544)
4(7633 7723 7724 7634)
4(7723 7813 7814 7724)
4(7813 7903 7904 7814)
4(7903 7993 7994 7904)
4(7993 8083 8084 7994)
4(8083 8173 8174 8084)
4(8173 8263 8264 8174)
4(8263 8353 8354 8264)
4(8353 8443 8444 8354)
4(8443 8533 8534 8444)
4(8533 8623 8624 8534)
4(8623 8713 8714 8624)
4(8713 8803 8804 8714)
4(8803 8893 8894 8804)
4(8893 8983 8984 8894)
4(8983 9073 9074 8984)
4(9073 9163 9164 9074)
4(9163 9253 9254 9164)
4(9253 9343 9344 9254)
4(9343 9433 9434 9344)
4(9433 9523 9524 9434)
4(9523 9613 9614 9524)
4(9613 9703 9704 9614)
4(9703 9793 9794 9704)
4(2594 2684 2685 2595)
4(2684 2774 2775 2685)
4(2774 2864 2865 2775)
4(2864 2954 2955 2865)
4(2954 3044 3045 2955)
4(3044 3134 3135 3045)
4(3134 3224 3225 3135)
4(3224 3314 3315 3225)
4(3314 3404 3405 3315)
4(3404 3494 3495 3405)
4(3494 3584 3585 3495)
4(3584 3674 3675 3585)
4(3674 3764 3765 3675)
4(3764 3854 3855 3765)
4(3854 3944 3945 3855)
4(3944 4034 4035 3945)
4(4034 4124 4125 4035)
4(4124 4214 4215 4125)
4(4214 4304 4305 4215)
4(4304 4394 4395 4305)
4(4394 4484 4485 4395)
4(4484 4574 4575 4485)
4(4574 4664 4665 4575)
4(4664 4754 4755 4665)
4(4754 4844 4845 4755)
4(4844 4934 4935 4845)
4(4934 5024 5025 4935)
4(5024 5114 5115 5025)
4(5114 5204 5205 5115)
4(5204 5294 5295 5205)
4(5294 5384 5385 5295)
4(5384 5474 5475 5385)
4(5474 5564 5565 5475)
4(5564 5654 5655 5565)
4(5654 5744 5745 5655)
4(5744 5834 5835 5745)
4(5834 5924 5925 5835)
4(5924 6014 6015 5925)
4(6014 6104 6105 6015)
4(6104 6194 6195 6105)
4(6194 6284 6285 6195)
4(6284 6374 6375 6285)
4(6374 6464 6465 6375)
4(6464 6554 6555 6465)
4(6554 6644 6645 6555)
4(6644 6734 6735 6645)
4(6734 6824 6825 6735)
4(6824 6914 6915 6825)
4(6914 7004 7005 6915)
4(7004 7094 7095 7005)
4(7094 7184 7185 7095)
4(7184 7274 7275 7185)
4(7274 7364 7365 7275)
4(7364 7454 7455 7365)
4(7454 7544 7545 7455)
4(7544 7634 7635 7545)
4(7634 7724 7725 7635)
4(7724 7814 7815 7725)
4(7814 7904 7905 7815)
4(7904 7994 7995 7905)
4(7994 8084 8085 7995)
4(8084 8174 8175 8085)
4(8174 8264 8265 8175)
4(8264 8354 8355 8265)
4(8354 8444 8445 8355)
4(8444 8534 8535 8445)
4(8534 8624 8625 8535)
4(8624 8714 8715 8625)
4(8714 8804 8805 8715)
4(8804 8894 8895 8805)
4(8894 8984 8985 8895)
4(8984 9074 9075 8985)
4(9074 9164 9165 9075)
4(9164 9254 9255 9165)
4(9254 9344 9345 9255)
4(9344 9434 9435 9345)
4(9434 9524 9525 9435)
4(9524 9614 9615 9525)
4(9614 9704 9705 9615)
4(9704 9794 9795 9705)
4(2595 2685 2686 2596)
4(2685 2775 2776 2686)
4(2775 2865 2866 2776)
4(2865 2955 2956 2866)
4(2955 3045 3046 2956)
4(3045 3135 3136 3046)
4(3135 3225 3226 3136)
4(3225 3315 3316 3226)
4(3315 3405 3406 3316)
4(3405 3495 3496 3406)
4(3495 3585 3586 3496)
4(3585 3675 3676 3586)
4(3675 3765 3766 3676)
4(3765 3855 3856 3766)
4(3855 3945 3946 3856)
4(3945 4035 4036 3946)
4(4035 4125 4126 4036)
4(4125 4215 4216 4126)
4(4215 4305 4306 4216)
4(4305 4395 4396 4306)
4(4395 4485 4486 4396)
4(4485 4575 4576 4486)
4(4575 4665 4666 4576)
4(4665 4755 4756 4666)
4(4755 4845 4846 4756)
4(4845 4935 4936 4846)
4(4935 5025 5026 4936)
4(5025 5115 5116 5026)
4(5115 5205 5206 5116)
4(5205 5295 5296 5206)
4(5295 5385 5386 5296)
4(5385 5475 5476 5386)
4(5475 5565 5566 5476)
4(5565 5655 5656 5566)
4(5655 5745 5746 5656)
4(5745 5835 5836 5746)
4(5835 5925 5926 5836)
4(5925 6015 6016 5926)
4(6015 6105 6106 6016)
4(6105 6195 6196 6106)
4(6195 6285 6286 6196)
4(6285 6375 6376 6286)
4(6375 6465 6466 6376)
4(6465 6555 6556 6466)
4(6555 6645 6646 6556)
4(6645 6735 6736 6646)
4(6735 6825 6826 6736)
4(6825 6915 6916 6826)
4(6915 7005 7006 6916)
4(7005 7095 7096 7006)
4(7095 7185 7186 7096)
4(7185 7275 7276 7186)
4(7275 7365 7366 7276)
4(7365 7455 7456 7366)
4(7455 7545 7546 7456)
4(7545 7635 7636 7546)
4(7635 7725 7726 7636)
4(7725 7815 7816 7726)
4(7815 7905 7906 7816)
4(7905 7995 7996 7906)
4(7995 8085 8086 7996)
4(8085 8175 8176 8086)
4(8175 8265 8266 8176)
4(8265 8355 8356 8266)
4(8355 8445 8446 8356)
4(8445 8535 8536 8446)
4(8535 8625 8626 8536)
4(8625 8715 8716 8626)
4(8715 8805 8806 8716)
4(8805 8895 8896 8806)
4(8895 8985 8986 8896)
4(8985 9075 9076 8986)
4(9075 9165 9166 9076)
4(9165 9255 9256 9166)
4(9255 9345 9346 9256)
4(9345 9435 9436 9346)
4(9435 9525 9526 9436)
4(9525 9615 9616 9526)
4(9615 9705 9706 9616)
4(9705 9795 9796 9706)
4(2596 2686 2687 2597)
4(2686 2776 2777 2687)
4(2776 2866 2867 2777)
4(2866 2956 2957 2867)
4(2956 3046 3047 2957)
4(3046 3136 3137 3047)
4(3136 3226 3227 3137)
4(3226 3316 3317 3227)
4(3316 3406 3407 3317)
4(3406 3496 3497 3407)
4(3496 3586 3587 3497)
4(3586 3676 3677 3587)
4(3676 3766 3767 3677)
4(3766 3856 3857 3767)
4(3856 3946 3947 3857)
4(3946 4036 4037 3947)
4(4036 4126 4127 4037)
4(4126 4216 4217 4127)
4(4216 4306 4307 4217)
4(4306 4396 4397 4307)
4(4396 4486 4487 4397)
4(4486 4576 4577 4487)
4(4576 4666 4667 4577)
4(4666 4756 4757 4667)
4(4756 4846 4847 4757)
4(4846 4936 4937 4847)
4(4936 5026 5027 4937)
4(5026 5116 5117 5027)
4(5116 5206 5207 5117)
4(5206 5296 5297 5207)
4(5296 5386 5387 5297)
4(5386 5476 5477 5387)
4(5476 5566 5567 5477)
4(5566 5656 5657 5567)
4(5656 5746 5747 5657)
4(5746 5836 5837 5747)
4(5836 5926 5927 5837)
4(5926 6016 6017 5927)
4(6016 6106 6107 6017)
4(6106 6196 6197 6107)
4(6196 6286 6287 6197)
4(6286 6376 6377 6287)
4(6376 6466 6467 6377)
4(6466 6556 6557 6467)
4(6556 6646 6647 6557)
4(6646 6736 6737 6647)
4(6736 6826 6827 6737)
4(6826 6916 6917 6827)
4(6916 7006 7007 6917)
4(7006 7096 7097 7007)
4(7096 7186 7187 7097)
4(7186 7276 7277 7187)
4(7276 7366 7367 7277)
4(7366 7456 7457 7367)
4(7456 7546 7547 7457)
4(7546 7636 7637 7547)
4(7636 7726 7727 7637)
4(7726 7816 7817 7727)
4(7816 7906 7907 7817)
4(7906 7996 7997 7907)
4(7996 8086 8087 7997)
4(8086 8176 8177 8087)
4(8176 8266 8267 8177)
4(8266 8356 8357 8267)
4(8356 8446 8447 8357)
4(8446 8536 8537 8447)
4(8536 8626 8627 8537)
4(8626 8716 8717 8627)
4(8716 8806 8807 8717)
4(8806 8896 8897 8807)
4(8896 8986 8987 8897)
4(8986 9076 9077 8987)
4(9076 9166 9167 9077)
4(9166 9256 9257 9167)
4(9256 9346 9347 9257)
4(9346 9436 9437 9347)
4(9436 9526 9527 9437)
4(9526 9616 9617 9527)
4(9616 9706 9707 9617)
4(9706 9796 9797 9707)
4(2597 2687 2688 2598)
4(2687 2777 2778 2688)
4(2777 2867 2868 2778)
4(2867 2957 2958 2868)
4(2957 3047 3048 2958)
4(3047 3137 3138 3048)
4(3137 3227 3228 3138)
4(3227 3317 3318 3228)
4(3317 3407 3408 3318)
4(3407 3497 3498 3408)
4(3497 3587 3588 3498)
4(3587 3677 3678 3588)
4(3677 3767 3768 3678)
4(3767 3857 3858 3768)
4(3857 3947 3948 3858)
4(3947 4037 4038 3948)
4(4037 4127 4128 4038)
4(4127 4217 4218 4128)
4(4217 4307 4308 4218)
4(4307 4397 4398 4308)
4(4397 4487 4488 4398)
4(4487 4577 4578 4488)
4(4577 4667 4668 4578)
4(4667 4757 4758 4668)
4(4757 4847 4848 4758)
4(4847 4937 4938 4848)
4(4937 5027 5028 4938)
4(5027 5117 5118 5028)
4(5117 5207 5208 5118)
4(5207 5297 5298 5208)
4(5297 5387 5388 5298)
4(5387 5477 5478 5388)
4(5477 5567 5568 5478)
4(5567 5657 5658 5568)
4(5657 5747 5748 5658)
4(5747 5837 5838 5748)
4(5837 5927 5928 5838)
4(5927 6017 6018 5928)
4(6017 6107 6108 6018)
4(6107 6197 6198 6108)
4(6197 6287 6288 6198)
4(6287 6377 6378 6288)
4(6377 6467 6468 6378)
4(6467 6557 6558 6468)
4(6557 6647 6648 6558)
4(6647 6737 6738 6648)
4(6737 6827 6828 6738)
4(6827 6917 6918 6828)
4(6917 7007 7008 6918)
4(7007 7097 7098 7008)
4(7097 7187 7188 7098)
4(7187 7277 7278 7188)
4(7277 7367 7368 7278)
4(7367 7457 7458 7368)
4(7457 7547 7548 7458)
4(7547 7637 7638 7548)
4(7637 7727 7728 7638)
4(7727 7817 7818 7728)
4(7817 7907 7908 7818)
4(7907 7997 7998 7908)
4(7997 8087 8088 7998)
4(8087 8177 8178 8088)
4(8177 8267 8268 8178)
4(8267 8357 8358 8268)
4(8357 8447 8448 8358)
4(8447 8537 8538 8448)
4(8537 8627 8628 8538)
4(8627 8717 8718 8628)
4(8717 8807 8808 8718)
4(8807 8897 8898 8808)
4(8897 8987 8988 8898)
4(8987 9077 9078 8988)
4(9077 9167 9168 9078)
4(9167 9257 9258 9168)
4(9257 9347 9348 9258)
4(9347 9437 9438 9348)
4(9437 9527 9528 9438)
4(9527 9617 9618 9528)
4(9617 9707 9708 9618)
4(9707 9797 9798 9708)
4(2598 2688 2689 2599)
4(2688 2778 2779 2689)
4(2778 2868 2869 2779)
4(2868 2958 2959 2869)
4(2958 3048 3049 2959)
4(3048 3138 3139 3049)
4(3138 3228 3229 3139)
4(3228 3318 3319 3229)
4(3318 3408 3409 3319)
4(3408 3498 3499 3409)
4(3498 3588 3589 3499)
4(3588 3678 3679 3589)
4(3678 3768 3769 3679)
4(3768 3858 3859 3769)
4(3858 3948 3949 3859)
4(3948 4038 4039 3949)
4(4038 4128 4129 4039)
4(4128 4218 4219 4129)
4(4218 4308 4309 4219)
4(4308 4398 4399 4309)
4(4398 4488 4489 4399)
4(4488 4578 4579 4489)
4(4578 4668 4669 4579)
4(4668 4758 4759 4669)
4(4758 4848 4849 4759)
4(4848 4938 4939 4849)
4(4938 5028 5029 4939)
4(5028 5118 5119 5029)
4(5118 5208 5209 5119)
4(5208 5298 5299 5209)
4(5298 5388 5389 5299)
4(5388 5478 5479 5389)
4(5478 5568 5569 5479)
4(5568 5658 5659 5569)
4(5658 5748 5749 5659)
4(5748 5838 5839 5749)
4(5838 5928 5929 5839)
4(5928 6018 6019 5929)
4(6018 6108 6109 6019)
4(6108 6198 6199 6109)
4(6198 6288 6289 6199)
4(6288 6378 6379 6289)
4(6378 6468 6469 6379)
4(6468 6558 6559 6469)
4(6558 6648 6649 6559)
4(6648 6738 6739 6649)
4(6738 6828 6829 6739)
4(6828 6918 6919 6829)
4(6918 7008 7009 6919)
4(7008 7098 7099 7009)
4(7098 7188 7189 7099)
4(7188 7278 7279 7189)
4(7278 7368 7369 7279)
4(7368 7458 7459 7369)
4(7458 7548 7549 7459)
4(7548 7638 7639 7549)
4(7638 7728 7729 7639)
4(7728 7818 7819 7729)
4(7818 7908 7909 7819)
4(7908 7998 7999 7909)
4(7998 8088 8089 7999)
4(8088 8178 8179 8089)
4(8178 8268 8269 8179)
4(8268 8358 8359 8269)
4(8358 8448 8449 8359)
4(8448 8538 8539 8449)
4(8538 8628 8629 8539)
4(8628 8718 8719 8629)
4(8718 8808 8809 8719)
4(8808 8898 8899 8809)
4(8898 8988 8989 8899)
4(8988 9078 9079 8989)
4(9078 9168 9169 9079)
4(9168 9258 9259 9169)
4(9258 9348 9349 9259)
4(9348 9438 9439 9349)
4(9438 9528 9529 9439)
4(9528 9618 9619 9529)
4(9618 9708 9709 9619)
4(9708 9798 9799 9709)
4(2599 2689 2690 2600)
4(2689 2779 2780 2690)
4(2779 2869 2870 2780)
4(2869 2959 2960 2870)
4(2959 3049 3050 2960)
4(3049 3139 3140 3050)
4(3139 3229 3230 3140)
4(3229 3319 3320 3230)
4(3319 3409 3410 3320)
4(3409 3499 3500 3410)
4(3499 3589 3590 3500)
4(3589 3679 3680 3590)
4(3679 3769 3770 3680)
4(3769 3859 3860 3770)
4(3859 3949 3950 3860)
4(3949 4039 4040 3950)
4(4039 4129 4130 4040)
4(4129 4219 4220 4130)
4(4219 4309 4310 4220)
4(4309 4399 4400 4310)
4(4399 4489 4490 4400)
4(4489 4579 4580 4490)
4(4579 4669 4670 4580)
4(4669 4759 4760 4670)
4(4759 4849 4850 4760)
4(4849 4939 4940 4850)
4(4939 5029 5030 4940)
4(5029 5119 5120 5030)
4(5119 5209 5210 5120)
4(5209 5299 5300 5210)
4(5299 5389 5390 5300)
4(5389 5479 5480 5390)
4(5479 5569 5570 5480)
4(5569 5659 5660 5570)
4(5659 5749 5750 5660)
4(5749 5839 5840 5750)
4(5839 5929 5930 5840)
4(5929 6019 6020 5930)
4(6019 6109 6110 6020)
4(6109 6199 6200 6110)
4(6199 6289 6290 6200)
4(6289 6379 6380 6290)
4(6379 6469 6470 6380)
4(6469 6559 6560 6470)
4(6559 6649 6650 6560)
4(6649 6739 6740 6650)
4(6739 6829 6830 6740)
4(6829 6919 6920 6830)
4(6919 7009 7010 6920)
4(7009 7099 7100 7010)
4(7099 7189 7190 7100)
4(7189 7279 7280 7190)
4(7279 7369 7370 7280)
4(7369 7459 7460 7370)
4(7459 7549 7550 7460)
4(7549 7639 7640 7550)
4(7639 7729 7730 7640)
4(7729 7819 7820 7730)
4(7819 7909 7910 7820)
4(7909 7999 8000 7910)
4(7999 8089 8090 8000)
4(8089 8179 8180 8090)
4(8179 8269 8270 8180)
4(8269 8359 8360 8270)
4(8359 8449 8450 8360)
4(8449 8539 8540 8450)
4(8539 8629 8630 8540)
4(8629 8719 8720 8630)
4(8719 8809 8810 8720)
4(8809 8899 8900 8810)
4(8899 8989 8990 8900)
4(8989 9079 9080 8990)
4(9079 9169 9170 9080)
4(9169 9259 9260 9170)
4(9259 9349 9350 9260)
4(9349 9439 9440 9350)
4(9439 9529 9530 9440)
4(9529 9619 9620 9530)
4(9619 9709 9710 9620)
4(9709 9799 9800 9710)
4(2600 2690 2691 2601)
4(2690 2780 2781 2691)
4(2780 2870 2871 2781)
4(2870 2960 2961 2871)
4(2960 3050 3051 2961)
4(3050 3140 3141 3051)
4(3140 3230 3231 3141)
4(3230 3320 3321 3231)
4(3320 3410 3411 3321)
4(3410 3500 3501 3411)
4(3500 3590 3591 3501)
4(3590 3680 3681 3591)
4(3680 3770 3771 3681)
4(3770 3860 3861 3771)
4(3860 3950 3951 3861)
4(3950 4040 4041 3951)
4(4040 4130 4131 4041)
4(4130 4220 4221 4131)
4(4220 4310 4311 4221)
4(4310 4400 4401 4311)
4(4400 4490 4491 4401)
4(4490 4580 4581 4491)
4(4580 4670 4671 4581)
4(4670 4760 4761 4671)
4(4760 4850 4851 4761)
4(4850 4940 4941 4851)
4(4940 5030 5031 4941)
4(5030 5120 5121 5031)
4(5120 5210 5211 5121)
4(5210 5300 5301 5211)
4(5300 5390 5391 5301)
4(5390 5480 5481 5391)
4(5480 5570 5571 5481)
4(5570 5660 5661 5571)
4(5660 5750 5751 5661)
4(5750 5840 5841 5751)
4(5840 5930 5931 5841)
4(5930 6020 6021 5931)
4(6020 6110 6111 6021)
4(6110 6200 6201 6111)
4(6200 6290 6291 6201)
4(6290 6380 6381 6291)
4(6380 6470 6471 6381)
4(6470 6560 6561 6471)
4(6560 6650 6651 6561)
4(6650 6740 6741 6651)
4(6740 6830 6831 6741)
4(6830 6920 6921 6831)
4(6920 7010 7011 6921)
4(7010 7100 7101 7011)
4(7100 7190 7191 7101)
4(7190 7280 7281 7191)
4(7280 7370 7371 7281)
4(7370 7460 7461 7371)
4(7460 7550 7551 7461)
4(7550 7640 7641 7551)
4(7640 7730 7731 7641)
4(7730 7820 7821 7731)
4(7820 7910 7911 7821)
4(7910 8000 8001 7911)
4(8000 8090 8091 8001)
4(8090 8180 8181 8091)
4(8180 8270 8271 8181)
4(8270 8360 8361 8271)
4(8360 8450 8451 8361)
4(8450 8540 8541 8451)
4(8540 8630 8631 8541)
4(8630 8720 8721 8631)
4(8720 8810 8811 8721)
4(8810 8900 8901 8811)
4(8900 8990 8991 8901)
4(8990 9080 9081 8991)
4(9080 9170 9171 9081)
4(9170 9260 9261 9171)
4(9260 9350 9351 9261)
4(9350 9440 9441 9351)
4(9440 9530 9531 9441)
4(9530 9620 9621 9531)
4(9620 9710 9711 9621)
4(9710 9800 9801 9711)
4(2601 2691 2692 2602)
4(2691 2781 2782 2692)
4(2781 2871 2872 2782)
4(2871 2961 2962 2872)
4(2961 3051 3052 2962)
4(3051 3141 3142 3052)
4(3141 3231 3232 3142)
4(3231 3321 3322 3232)
4(3321 3411 3412 3322)
4(3411 3501 3502 3412)
4(3501 3591 3592 3502)
4(3591 3681 3682 3592)
4(3681 3771 3772 3682)
4(3771 3861 3862 3772)
4(3861 3951 3952 3862)
4(3951 4041 4042 3952)
4(4041 4131 4132 4042)
4(4131 4221 4222 4132)
4(4221 4311 4312 4222)
4(4311 4401 4402 4312)
4(4401 4491 4492 4402)
4(4491 4581 4582 4492)
4(4581 4671 4672 4582)
4(4671 4761 4762 4672)
4(4761 4851 4852 4762)
4(4851 4941 4942 4852)
4(4941 5031 5032 4942)
4(5031 5121 5122 5032)
4(5121 5211 5212 5122)
4(5211 5301 5302 5212)
4(5301 5391 5392 5302)
4(5391 5481 5482 5392)
4(5481 5571 5572 5482)
4(5571 5661 5662 5572)
4(5661 5751 5752 5662)
4(5751 5841 5842 5752)
4(5841 5931 5932 5842)
4(5931 6021 6022 5932)
4(6021 6111 6112 6022)
4(6111 6201 6202 6112)
4(6201 6291 6292 6202)
4(6291 6381 6382 6292)
4(6381 6471 6472 6382)
4(6471 6561 6562 6472)
4(6561 6651 6652 6562)
4(6651 6741 6742 6652)
4(6741 6831 6832 6742)
4(6831 6921 6922 6832)
4(6921 7011 7012 6922)
4(7011 7101 7102 7012)
4(7101 7191 7192 7102)
4(7191 7281 7282 7192)
4(7281 7371 7372 7282)
4(7371 7461 7462 7372)
4(7461 7551 7552 7462)
4(7551 7641 7642 7552)
4(7641 7731 7732 7642)
4(7731 7821 7822 7732)
4(7821 7911 7912 7822)
4(7911 8001 8002 7912)
4(8001 8091 8092 8002)
4(8091 8181 8182 8092)
4(8181 8271 8272 8182)
4(8271 8361 8362 8272)
4(8361 8451 8452 8362)
4(8451 8541 8542 8452)
4(8541 8631 8632 8542)
4(8631 8721 8722 8632)
4(8721 8811 8812 8722)
4(8811 8901 8902 8812)
4(8901 8991 8992 8902)
4(8991 9081 9082 8992)
4(9081 9171 9172 9082)
4(9171 9261 9262 9172)
4(9261 9351 9352 9262)
4(9351 9441 9442 9352)
4(9441 9531 9532 9442)
4(9531 9621 9622 9532)
4(9621 9711 9712 9622)
4(9711 9801 9802 9712)
4(2602 2692 2693 2603)
4(2692 2782 2783 2693)
4(2782 2872 2873 2783)
4(2872 2962 2963 2873)
4(2962 3052 3053 2963)
4(3052 3142 3143 3053)
4(3142 3232 3233 3143)
4(3232 3322 3323 3233)
4(3322 3412 3413 3323)
4(3412 3502 3503 3413)
4(3502 3592 3593 3503)
4(3592 3682 3683 3593)
4(3682 3772 3773 3683)
4(3772 3862 3863 3773)
4(3862 3952 3953 3863)
4(3952 4042 4043 3953)
4(4042 4132 4133 4043)
4(4132 4222 4223 4133)
4(4222 4312 4313 4223)
4(4312 4402 4403 4313)
4(4402 4492 4493 4403)
4(4492 4582 4583 4493)
4(4582 4672 4673 4583)
4(4672 4762 4763 4673)
4(4762 4852 4853 4763)
4(4852 4942 4943 4853)
4(4942 5032 5033 4943)
4(5032 5122 5123 5033)
4(5122 5212 5213 5123)
4(5212 5302 5303 5213)
4(5302 5392 5393 5303)
4(5392 5482 5483 5393)
4(5482 5572 5573 5483)
4(5572 5662 5663 5573)
4(5662 5752 5753 5663)
4(5752 5842 5843 5753)
4(5842 5932 5933 5843)
4(5932 6022 6023 5933)
4(6022 6112 6113 6023)
4(6112 6202 6203 6113)
4(6202 6292 6293 6203)
4(6292 6382 6383 6293)
4(6382 6472 6473 6383)
4(6472 6562 6563 6473)
4(6562 6652 6653 6563)
4(6652 6742 6743 6653)
4(6742 6832 6833 6743)
4(6832 6922 6923 6833)
4(6922 7012 7013 6923)
4(7012 7102 7103 7013)
4(7102 7192 7193 7103)
4(7192 7282 7283 7193)
4(7282 7372 7373 7283)
4(7372 7462 7463 7373)
4(7462 7552 7553 7463)
4(7552 7642 7643 7553)
4(7642 7732 7733 7643)
4(7732 7822 7823 7733)
4(7822 7912 7913 7823)
4(7912 8002 8003 7913)
4(8002 8092 8093 8003)
4(8092 8182 8183 8093)
4(8182 8272 8273 8183)
4(8272 8362 8363 8273)
4(8362 8452 8453 8363)
4(8452 8542 8543 8453)
4(8542 8632 8633 8543)
4(8632 8722 8723 8633)
4(8722 8812 8813 8723)
4(8812 8902 8903 8813)
4(8902 8992 8993 8903)
4(8992 9082 9083 8993)
4(9082 9172 9173 9083)
4(9172 9262 9263 9173)
4(9262 9352 9353 9263)
4(9352 9442 9443 9353)
4(9442 9532 9533 9443)
4(9532 9622 9623 9533)
4(9622 9712 9713 9623)
4(9712 9802 9803 9713)
4(2603 2693 2694 2604)
4(2693 2783 2784 2694)
4(2783 2873 2874 2784)
4(2873 2963 2964 2874)
4(2963 3053 3054 2964)
4(3053 3143 3144 3054)
4(3143 3233 3234 3144)
4(3233 3323 3324 3234)
4(3323 3413 3414 3324)
4(3413 3503 3504 3414)
4(3503 3593 3594 3504)
4(3593 3683 3684 3594)
4(3683 3773 3774 3684)
4(3773 3863 3864 3774)
4(3863 3953 3954 3864)
4(3953 4043 4044 3954)
4(4043 4133 4134 4044)
4(4133 4223 4224 4134)
4(4223 4313 4314 4224)
4(4313 4403 4404 4314)
4(4403 4493 4494 4404)
4(4493 4583 4584 4494)
4(4583 4673 4674 4584)
4(4673 4763 4764 4674)
4(4763 4853 4854 4764)
4(4853 4943 4944 4854)
4(4943 5033 5034 4944)
4(5033 5123 5124 5034)
4(5123 5213 5214 5124)
4(5213 5303 5304 5214)
4(5303 5393 5394 5304)
4(5393 5483 5484 5394)
4(5483 5573 5574 5484)
4(5573 5663 5664 5574)
4(5663 5753 5754 5664)
4(5753 5843 5844 5754)
4(5843 5933 5934 5844)
4(5933 6023 6024 5934)
4(6023 6113 6114 6024)
4(6113 6203 6204 6114)
4(6203 6293 6294 6204)
4(6293 6383 6384 6294)
4(6383 6473 6474 6384)
4(6473 6563 6564 6474)
4(6563 6653 6654 6564)
4(6653 6743 6744 6654)
4(6743 6833 6834 6744)
4(6833 6923 6924 6834)
4(6923 7013 7014 6924)
4(7013 7103 7104 7014)
4(7103 7193 7194 7104)
4(7193 7283 7284 7194)
4(7283 7373 7374 7284)
4(7373 7463 7464 7374)
4(7463 7553 7554 7464)
4(7553 7643 7644 7554)
4(7643 7733 7734 7644)
4(7733 7823 7824 7734)
4(7823 7913 7914 7824)
4(7913 8003 8004 7914)
4(8003 8093 8094 8004)
4(8093 8183 8184 8094)
4(8183 8273 8274 8184)
4(8273 8363 8364 8274)
4(8363 8453 8454 8364)
4(8453 8543 8544 8454)
4(8543 8633 8634 8544)
4(8633 8723 8724 8634)
4(8723 8813 8814 8724)
4(8813 8903 8904 8814)
4(8903 8993 8994 8904)
4(8993 9083 9084 8994)
4(9083 9173 9174 9084)
4(9173 9263 9264 9174)
4(9263 9353 9354 9264)
4(9353 9443 9444 9354)
4(9443 9533 9534 9444)
4(9533 9623 9624 9534)
4(9623 9713 9714 9624)
4(9713 9803 9804 9714)
4(2604 2694 2695 2605)
4(2694 2784 2785 2695)
4(2784 2874 2875 2785)
4(2874 2964 2965 2875)
4(2964 3054 3055 2965)
4(3054 3144 3145 3055)
4(3144 3234 3235 3145)
4(3234 3324 3325 3235)
4(3324 3414 3415 3325)
4(3414 3504 3505 3415)
4(3504 3594 3595 3505)
4(3594 3684 3685 3595)
4(3684 3774 3775 3685)
4(3774 3864 3865 3775)
4(3864 3954 3955 3865)
4(3954 4044 4045 3955)
4(4044 4134 4135 4045)
4(4134 4224 4225 4135)
4(4224 4314 4315 4225)
4(4314 4404 4405 4315)
4(4404 4494 4495 4405)
4(4494 4584 4585 4495)
4(4584 4674 4675 4585)
4(4674 4764 4765 4675)
4(4764 4854 4855 4765)
4(4854 4944 4945 4855)
4(4944 5034 5035 4945)
4(5034 5124 5125 5035)
4(5124 5214 5215 5125)
4(5214 5304 5305 5215)
4(5304 5394 5395 5305)
4(5394 5484 5485 5395)
4(5484 5574 5575 5485)
4(5574 5664 5665 5575)
4(5664 5754 5755 5665)
4(5754 5844 5845 5755)
4(5844 5934 5935 5845)
4(5934 6024 6025 5935)
4(6024 6114 6115 6025)
4(6114 6204 6205 6115)
4(6204 6294 6295 6205)
4(6294 6384 6385 6295)
4(6384 6474 6475 6385)
4(6474 6564 6565 6475)
4(6564 6654 6655 6565)
4(6654 6744 6745 6655)
4(6744 6834 6835 6745)
4(6834 6924 6925 6835)
4(6924 7014 7015 6925)
4(7014 7104 7105 7015)
4(7104 7194 7195 7105)
4(7194 7284 7285 7195)
4(7284 7374 7375 7285)
4(7374 7464 7465 7375)
4(7464 7554 7555 7465)
4(7554 7644 7645 7555)
4(7644 7734 7735 7645)
4(7734 7824 7825 7735)
4(7824 7914 7915 7825)
4(7914 8004 8005 7915)
4(8004 8094 8095 8005)
4(8094 8184 8185 8095)
4(8184 8274 8275 8185)
4(8274 8364 8365 8275)
4(8364 8454 8455 8365)
4(8454 8544 8545 8455)
4(8544 8634 8635 8545)
4(8634 8724 8725 8635)
4(8724 8814 8815 8725)
4(8814 8904 8905 8815)
4(8904 8994 8995 8905)
4(8994 9084 9085 8995)
4(9084 9174 9175 9085)
4(9174 9264 9265 9175)
4(9264 9354 9355 9265)
4(9354 9444 9445 9355)
4(9444 9534 9535 9445)
4(9534 9624 9625 9535)
4(9624 9714 9715 9625)
4(9714 9804 9805 9715)
4(2605 2695 2696 2606)
4(2695 2785 2786 2696)
4(2785 2875 2876 2786)
4(2875 2965 2966 2876)
4(2965 3055 3056 2966)
4(3055 3145 3146 3056)
4(3145 3235 3236 3146)
4(3235 3325 3326 3236)
4(3325 3415 3416 3326)
4(3415 3505 3506 3416)
4(3505 3595 3596 3506)
4(3595 3685 3686 3596)
4(3685 3775 3776 3686)
4(3775 3865 3866 3776)
4(3865 3955 3956 3866)
4(3955 4045 4046 3956)
4(4045 4135 4136 4046)
4(4135 4225 4226 4136)
4(4225 4315 4316 4226)
4(4315 4405 4406 4316)
4(4405 4495 4496 4406)
4(4495 4585 4586 4496)
4(4585 4675 4676 4586)
4(4675 4765 4766 4676)
4(4765 4855 4856 4766)
4(4855 4945 4946 4856)
4(4945 5035 5036 4946)
4(5035 5125 5126 5036)
4(5125 5215 5216 5126)
4(5215 5305 5306 5216)
4(5305 5395 5396 5306)
4(5395 5485 5486 5396)
4(5485 5575 5576 5486)
4(5575 5665 5666 5576)
4(5665 5755 5756 5666)
4(5755 5845 5846 5756)
4(5845 5935 5936 5846)
4(5935 6025 6026 5936)
4(6025 6115 6116 6026)
4(6115 6205 6206 6116)
4(6205 6295 6296 6206)
4(6295 6385 6386 6296)
4(6385 6475 6476 6386)
4(6475 6565 6566 6476)
4(6565 6655 6656 6566)
4(6655 6745 6746 6656)
4(6745 6835 6836 6746)
4(6835 6925 6926 6836)
4(6925 7015 7016 6926)
4(7015 7105 7106 7016)
4(7105 7195 7196 7106)
4(7195 7285 7286 7196)
4(7285 7375 7376 7286)
4(7375 7465 7466 7376)
4(7465 7555 7556 7466)
4(7555 7645 7646 7556)
4(7645 7735 7736 7646)
4(7735 7825 7826 7736)
4(7825 7915 7916 7826)
4(7915 8005 8006 7916)
4(8005 8095 8096 8006)
4(8095 8185 8186 8096)
4(8185 8275 8276 8186)
4(8275 8365 8366 8276)
4(8365 8455 8456 8366)
4(8455 8545 8546 8456)
4(8545 8635 8636 8546)
4(8635 8725 8726 8636)
4(8725 8815 8816 8726)
4(8815 8905 8906 8816)
4(8905 8995 8996 8906)
4(8995 9085 9086 8996)
4(9085 9175 9176 9086)
4(9175 9265 9266 9176)
4(9265 9355 9356 9266)
4(9355 9445 9446 9356)
4(9445 9535 9536 9446)
4(9535 9625 9626 9536)
4(9625 9715 9716 9626)
4(9715 9805 9806 9716)
4(2606 2696 2697 2607)
4(2696 2786 2787 2697)
4(2786 2876 2877 2787)
4(2876 2966 2967 2877)
4(2966 3056 3057 2967)
4(3056 3146 3147 3057)
4(3146 3236 3237 3147)
4(3236 3326 3327 3237)
4(3326 3416 3417 3327)
4(3416 3506 3507 3417)
4(3506 3596 3597 3507)
4(3596 3686 3687 3597)
4(3686 3776 3777 3687)
4(3776 3866 3867 3777)
4(3866 3956 3957 3867)
4(3956 4046 4047 3957)
4(4046 4136 4137 4047)
4(4136 4226 4227 4137)
4(4226 4316 4317 4227)
4(4316 4406 4407 4317)
4(4406 4496 4497 4407)
4(4496 4586 4587 4497)
4(4586 4676 4677 4587)
4(4676 4766 4767 4677)
4(4766 4856 4857 4767)
4(4856 4946 4947 4857)
4(4946 5036 5037 4947)
4(5036 5126 5127 5037)
4(5126 5216 5217 5127)
4(5216 5306 5307 5217)
4(5306 5396 5397 5307)
4(5396 5486 5487 5397)
4(5486 5576 5577 5487)
4(5576 5666 5667 5577)
4(5666 5756 5757 5667)
4(5756 5846 5847 5757)
4(5846 5936 5937 5847)
4(5936 6026 6027 5937)
4(6026 6116 6117 6027)
4(6116 6206 6207 6117)
4(6206 6296 6297 6207)
4(6296 6386 6387 6297)
4(6386 6476 6477 6387)
4(6476 6566 6567 6477)
4(6566 6656 6657 6567)
4(6656 6746 6747 6657)
4(6746 6836 6837 6747)
4(6836 6926 6927 6837)
4(6926 7016 7017 6927)
4(7016 7106 7107 7017)
4(7106 7196 7197 7107)
4(7196 7286 7287 7197)
4(7286 7376 7377 7287)
4(7376 7466 7467 7377)
4(7466 7556 7557 7467)
4(7556 7646 7647 7557)
4(7646 7736 7737 7647)
4(7736 7826 7827 7737)
4(7826 7916 7917 7827)
4(7916 8006 8007 7917)
4(8006 8096 8097 8007)
4(8096 8186 8187 8097)
4(8186 8276 8277 8187)
4(8276 8366 8367 8277)
4(8366 8456 8457 8367)
4(8456 8546 8547 8457)
4(8546 8636 8637 8547)
4(8636 8726 8727 8637)
4(8726 8816 8817 8727)
4(8816 8906 8907 8817)
4(8906 8996 8997 8907)
4(8996 9086 9087 8997)
4(9086 9176 9177 9087)
4(9176 9266 9267 9177)
4(9266 9356 9357 9267)
4(9356 9446 9447 9357)
4(9446 9536 9537 9447)
4(9536 9626 9627 9537)
4(9626 9716 9717 9627)
4(9716 9806 9807 9717)
4(2607 2697 2698 2608)
4(2697 2787 2788 2698)
4(2787 2877 2878 2788)
4(2877 2967 2968 2878)
4(2967 3057 3058 2968)
4(3057 3147 3148 3058)
4(3147 3237 3238 3148)
4(3237 3327 3328 3238)
4(3327 3417 3418 3328)
4(3417 3507 3508 3418)
4(3507 3597 3598 3508)
4(3597 3687 3688 3598)
4(3687 3777 3778 3688)
4(3777 3867 3868 3778)
4(3867 3957 3958 3868)
4(3957 4047 4048 3958)
4(4047 4137 4138 4048)
4(4137 4227 4228 4138)
4(4227 4317 4318 4228)
4(4317 4407 4408 4318)
4(4407 4497 4498 4408)
4(4497 4587 4588 4498)
4(4587 4677 4678 4588)
4(4677 4767 4768 4678)
4(4767 4857 4858 4768)
4(4857 4947 4948 4858)
4(4947 5037 5038 4948)
4(5037 5127 5128 5038)
4(5127 5217 5218 5128)
4(5217 5307 5308 5218)
4(5307 5397 5398 5308)
4(5397 5487 5488 5398)
4(5487 5577 5578 5488)
4(5577 5667 5668 5578)
4(5667 5757 5758 5668)
4(5757 5847 5848 5758)
4(5847 5937 5938 5848)
4(5937 6027 6028 5938)
4(6027 6117 6118 6028)
4(6117 6207 6208 6118)
4(6207 6297 6298 6208)
4(6297 6387 6388 6298)
4(6387 6477 6478 6388)
4(6477 6567 6568 6478)
4(6567 6657 6658 6568)
4(6657 6747 6748 6658)
4(6747 6837 6838 6748)
4(6837 6927 6928 6838)
4(6927 7017 7018 6928)
4(7017 7107 7108 7018)
4(7107 7197 7198 7108)
4(7197 7287 7288 7198)
4(7287 7377 7378 7288)
4(7377 7467 7468 7378)
4(7467 7557 7558 7468)
4(7557 7647 7648 7558)
4(7647 7737 7738 7648)
4(7737 7827 7828 7738)
4(7827 7917 7918 7828)
4(7917 8007 8008 7918)
4(8007 8097 8098 8008)
4(8097 8187 8188 8098)
4(8187 8277 8278 8188)
4(8277 8367 8368 8278)
4(8367 8457 8458 8368)
4(8457 8547 8548 8458)
4(8547 8637 8638 8548)
4(8637 8727 8728 8638)
4(8727 8817 8818 8728)
4(8817 8907 8908 8818)
4(8907 8997 8998 8908)
4(8997 9087 9088 8998)
4(9087 9177 9178 9088)
4(9177 9267 9268 9178)
4(9267 9357 9358 9268)
4(9357 9447 9448 9358)
4(9447 9537 9538 9448)
4(9537 9627 9628 9538)
4(9627 9717 9718 9628)
4(9717 9807 9808 9718)
4(2608 2698 2699 2609)
4(2698 2788 2789 2699)
4(2788 2878 2879 2789)
4(2878 2968 2969 2879)
4(2968 3058 3059 2969)
4(3058 3148 3149 3059)
4(3148 3238 3239 3149)
4(3238 3328 3329 3239)
4(3328 3418 3419 3329)
4(3418 3508 3509 3419)
4(3508 3598 3599 3509)
4(3598 3688 3689 3599)
4(3688 3778 3779 3689)
4(3778 3868 3869 3779)
4(3868 3958 3959 3869)
4(3958 4048 4049 3959)
4(4048 4138 4139 4049)
4(4138 4228 4229 4139)
4(4228 4318 4319 4229)
4(4318 4408 4409 4319)
4(4408 4498 4499 4409)
4(4498 4588 4589 4499)
4(4588 4678 4679 4589)
4(4678 4768 4769 4679)
4(4768 4858 4859 4769)
4(4858 4948 4949 4859)
4(4948 5038 5039 4949)
4(5038 5128 5129 5039)
4(5128 5218 5219 5129)
4(5218 5308 5309 5219)
4(5308 5398 5399 5309)
4(5398 5488 5489 5399)
4(5488 5578 5579 5489)
4(5578 5668 5669 5579)
4(5668 5758 5759 5669)
4(5758 5848 5849 5759)
4(5848 5938 5939 5849)
4(5938 6028 6029 5939)
4(6028 6118 6119 6029)
4(6118 6208 6209 6119)
4(6208 6298 6299 6209)
4(6298 6388 6389 6299)
4(6388 6478 6479 6389)
4(6478 6568 6569 6479)
4(6568 6658 6659 6569)
4(6658 6748 6749 6659)
4(6748 6838 6839 6749)
4(6838 6928 6929 6839)
4(6928 7018 7019 6929)
4(7018 7108 7109 7019)
4(7108 7198 7199 7109)
4(7198 7288 7289 7199)
4(7288 7378 7379 7289)
4(7378 7468 7469 7379)
4(7468 7558 7559 7469)
4(7558 7648 7649 7559)
4(7648 7738 7739 7649)
4(7738 7828 7829 7739)
4(7828 7918 7919 7829)
4(7918 8008 8009 7919)
4(8008 8098 8099 8009)
4(8098 8188 8189 8099)
4(8188 8278 8279 8189)
4(8278 8368 8369 8279)
4(8368 8458 8459 8369)
4(8458 8548 8549 8459)
4(8548 8638 8639 8549)
4(8638 8728 8729 8639)
4(8728 8818 8819 8729)
4(8818 8908 8909 8819)
4(8908 8998 8999 8909)
4(8998 9088 9089 8999)
4(9088 9178 9179 9089)
4(9178 9268 9269 9179)
4(9268 9358 9359 9269)
4(9358 9448 9449 9359)
4(9448 9538 9539 9449)
4(9538 9628 9629 9539)
4(9628 9718 9719 9629)
4(9718 9808 9809 9719)
4(2609 2699 2700 2610)
4(2699 2789 2790 2700)
4(2789 2879 2880 2790)
4(2879 2969 2970 2880)
4(2969 3059 3060 2970)
4(3059 3149 3150 3060)
4(3149 3239 3240 3150)
4(3239 3329 3330 3240)
4(3329 3419 3420 3330)
4(3419 3509 3510 3420)
4(3509 3599 3600 3510)
4(3599 3689 3690 3600)
4(3689 3779 3780 3690)
4(3779 3869 3870 3780)
4(3869 3959 3960 3870)
4(3959 4049 4050 3960)
4(4049 4139 4140 4050)
4(4139 4229 4230 4140)
4(4229 4319 4320 4230)
4(4319 4409 4410 4320)
4(4409 4499 4500 4410)
4(4499 4589 4590 4500)
4(4589 4679 4680 4590)
4(4679 4769 4770 4680)
4(4769 4859 4860 4770)
4(4859 4949 4950 4860)
4(4949 5039 5040 4950)
4(5039 5129 5130 5040)
4(5129 5219 5220 5130)
4(5219 5309 5310 5220)
4(5309 5399 5400 5310)
4(5399 5489 5490 5400)
4(5489 5579 5580 5490)
4(5579 5669 5670 5580)
4(5669 5759 5760 5670)
4(5759 5849 5850 5760)
4(5849 5939 5940 5850)
4(5939 6029 6030 5940)
4(6029 6119 6120 6030)
4(6119 6209 6210 6120)
4(6209 6299 6300 6210)
4(6299 6389 6390 6300)
4(6389 6479 6480 6390)
4(6479 6569 6570 6480)
4(6569 6659 6660 6570)
4(6659 6749 6750 6660)
4(6749 6839 6840 6750)
4(6839 6929 6930 6840)
4(6929 7019 7020 6930)
4(7019 7109 7110 7020)
4(7109 7199 7200 7110)
4(7199 7289 7290 7200)
4(7289 7379 7380 7290)
4(7379 7469 7470 7380)
4(7469 7559 7560 7470)
4(7559 7649 7650 7560)
4(7649 7739 7740 7650)
4(7739 7829 7830 7740)
4(7829 7919 7920 7830)
4(7919 8009 8010 7920)
4(8009 8099 8100 8010)
4(8099 8189 8190 8100)
4(8189 8279 8280 8190)
4(8279 8369 8370 8280)
4(8369 8459 8460 8370)
4(8459 8549 8550 8460)
4(8549 8639 8640 8550)
4(8639 8729 8730 8640)
4(8729 8819 8820 8730)
4(8819 8909 8910 8820)
4(8909 8999 9000 8910)
4(8999 9089 9090 9000)
4(9089 9179 9180 9090)
4(9179 9269 9270 9180)
4(9269 9359 9360 9270)
4(9359 9449 9450 9360)
4(9449 9539 9540 9450)
4(9539 9629 9630 9540)
4(9629 9719 9720 9630)
4(9719 9809 9810 9720)
4(2610 2700 2701 2611)
4(2700 2790 2791 2701)
4(2790 2880 2881 2791)
4(2880 2970 2971 2881)
4(2970 3060 3061 2971)
4(3060 3150 3151 3061)
4(3150 3240 3241 3151)
4(3240 3330 3331 3241)
4(3330 3420 3421 3331)
4(3420 3510 3511 3421)
4(3510 3600 3601 3511)
4(3600 3690 3691 3601)
4(3690 3780 3781 3691)
4(3780 3870 3871 3781)
4(3870 3960 3961 3871)
4(3960 4050 4051 3961)
4(4050 4140 4141 4051)
4(4140 4230 4231 4141)
4(4230 4320 4321 4231)
4(4320 4410 4411 4321)
4(4410 4500 4501 4411)
4(4500 4590 4591 4501)
4(4590 4680 4681 4591)
4(4680 4770 4771 4681)
4(4770 4860 4861 4771)
4(4860 4950 4951 4861)
4(4950 5040 5041 4951)
4(5040 5130 5131 5041)
4(5130 5220 5221 5131)
4(5220 5310 5311 5221)
4(5310 5400 5401 5311)
4(5400 5490 5491 5401)
4(5490 5580 5581 5491)
4(5580 5670 5671 5581)
4(5670 5760 5761 5671)
4(5760 5850 5851 5761)
4(5850 5940 5941 5851)
4(5940 6030 6031 5941)
4(6030 6120 6121 6031)
4(6120 6210 6211 6121)
4(6210 6300 6301 6211)
4(6300 6390 6391 6301)
4(6390 6480 6481 6391)
4(6480 6570 6571 6481)
4(6570 6660 6661 6571)
4(6660 6750 6751 6661)
4(6750 6840 6841 6751)
4(6840 6930 6931 6841)
4(6930 7020 7021 6931)
4(7020 7110 7111 7021)
4(7110 7200 7201 7111)
4(7200 7290 7291 7201)
4(7290 7380 7381 7291)
4(7380 7470 7471 7381)
4(7470 7560 7561 7471)
4(7560 7650 7651 7561)
4(7650 7740 7741 7651)
4(7740 7830 7831 7741)
4(7830 7920 7921 7831)
4(7920 8010 8011 7921)
4(8010 8100 8101 8011)
4(8100 8190 8191 8101)
4(8190 8280 8281 8191)
4(8280 8370 8371 8281)
4(8370 8460 8461 8371)
4(8460 8550 8551 8461)
4(8550 8640 8641 8551)
4(8640 8730 8731 8641)
4(8730 8820 8821 8731)
4(8820 8910 8911 8821)
4(8910 9000 9001 8911)
4(9000 9090 9091 9001)
4(9090 9180 9181 9091)
4(9180 9270 9271 9181)
4(9270 9360 9361 9271)
4(9360 9450 9451 9361)
4(9450 9540 9541 9451)
4(9540 9630 9631 9541)
4(9630 9720 9721 9631)
4(9720 9810 9811 9721)
4(2611 2701 2702 2612)
4(2701 2791 2792 2702)
4(2791 2881 2882 2792)
4(2881 2971 2972 2882)
4(2971 3061 3062 2972)
4(3061 3151 3152 3062)
4(3151 3241 3242 3152)
4(3241 3331 3332 3242)
4(3331 3421 3422 3332)
4(3421 3511 3512 3422)
4(3511 3601 3602 3512)
4(3601 3691 3692 3602)
4(3691 3781 3782 3692)
4(3781 3871 3872 3782)
4(3871 3961 3962 3872)
4(3961 4051 4052 3962)
4(4051 4141 4142 4052)
4(4141 4231 4232 4142)
4(4231 4321 4322 4232)
4(4321 4411 4412 4322)
4(4411 4501 4502 4412)
4(4501 4591 4592 4502)
4(4591 4681 4682 4592)
4(4681 4771 4772 4682)
4(4771 4861 4862 4772)
4(4861 4951 4952 4862)
4(4951 5041 5042 4952)
4(5041 5131 5132 5042)
4(5131 5221 5222 5132)
4(5221 5311 5312 5222)
4(5311 5401 5402 5312)
4(5401 5491 5492 5402)
4(5491 5581 5582 5492)
4(5581 5671 5672 5582)
4(5671 5761 5762 5672)
4(5761 5851 5852 5762)
4(5851 5941 5942 5852)
4(5941 6031 6032 5942)
4(6031 6121 6122 6032)
4(6121 6211 6212 6122)
4(6211 6301 6302 6212)
4(6301 6391 6392 6302)
4(6391 6481 6482 6392)
4(6481 6571 6572 6482)
4(6571 6661 6662 6572)
4(6661 6751 6752 6662)
4(6751 6841 6842 6752)
4(6841 6931 6932 6842)
4(6931 7021 7022 6932)
4(7021 7111 7112 7022)
4(7111 7201 7202 7112)
4(7201 7291 7292 7202)
4(7291 7381 7382 7292)
4(7381 7471 7472 7382)
4(7471 7561 7562 7472)
4(7561 7651 7652 7562)
4(7651 7741 7742 7652)
4(7741 7831 7832 7742)
4(7831 7921 7922 7832)
4(7921 8011 8012 7922)
4(8011 8101 8102 8012)
4(8101 8191 8192 8102)
4(8191 8281 8282 8192)
4(8281 8371 8372 8282)
4(8371 8461 8462 8372)
4(8461 8551 8552 8462)
4(8551 8641 8642 8552)
4(8641 8731 8732 8642)
4(8731 8821 8822 8732)
4(8821 8911 8912 8822)
4(8911 9001 9002 8912)
4(9001 9091 9092 9002)
4(9091 9181 9182 9092)
4(9181 9271 9272 9182)
4(9271 9361 9362 9272)
4(9361 9451 9452 9362)
4(9451 9541 9542 9452)
4(9541 9631 9632 9542)
4(9631 9721 9722 9632)
4(9721 9811 9812 9722)
4(2612 2702 2703 2613)
4(2702 2792 2793 2703)
4(2792 2882 2883 2793)
4(2882 2972 2973 2883)
4(2972 3062 3063 2973)
4(3062 3152 3153 3063)
4(3152 3242 3243 3153)
4(3242 3332 3333 3243)
4(3332 3422 3423 3333)
4(3422 3512 3513 3423)
4(3512 3602 3603 3513)
4(3602 3692 3693 3603)
4(3692 3782 3783 3693)
4(3782 3872 3873 3783)
4(3872 3962 3963 3873)
4(3962 4052 4053 3963)
4(4052 4142 4143 4053)
4(4142 4232 4233 4143)
4(4232 4322 4323 4233)
4(4322 4412 4413 4323)
4(4412 4502 4503 4413)
4(4502 4592 4593 4503)
4(4592 4682 4683 4593)
4(4682 4772 4773 4683)
4(4772 4862 4863 4773)
4(4862 4952 4953 4863)
4(4952 5042 5043 4953)
4(5042 5132 5133 5043)
4(5132 5222 5223 5133)
4(5222 5312 5313 5223)
4(5312 5402 5403 5313)
4(5402 5492 5493 5403)
4(5492 5582 5583 5493)
4(5582 5672 5673 5583)
4(5672 5762 5763 5673)
4(5762 5852 5853 5763)
4(5852 5942 5943 5853)
4(5942 6032 6033 5943)
4(6032 6122 6123 6033)
4(6122 6212 6213 6123)
4(6212 6302 6303 6213)
4(6302 6392 6393 6303)
4(6392 6482 6483 6393)
4(6482 6572 6573 6483)
4(6572 6662 6663 6573)
4(6662 6752 6753 6663)
4(6752 6842 6843 6753)
4(6842 6932 6933 6843)
4(6932 7022 7023 6933)
4(7022 7112 7113 7023)
4(7112 7202 7203 7113)
4(7202 7292 7293 7203)
4(7292 7382 7383 7293)
4(7382 7472 7473 7383)
4(7472 7562 7563 7473)
4(7562 7652 7653 7563)
4(7652 7742 7743 7653)
4(7742 7832 7833 7743)
4(7832 7922 7923 7833)
4(7922 8012 8013 7923)
4(8012 8102 8103 8013)
4(8102 8192 8193 8103)
4(8192 8282 8283 8193)
4(8282 8372 8373 8283)
4(8372 8462 8463 8373)
4(8462 8552 8553 8463)
4(8552 8642 8643 8553)
4(8642 8732 8733 8643)
4(8732 8822 8823 8733)
4(8822 8912 8913 8823)
4(8912 9002 9003 8913)
4(9002 9092 9093 9003)
4(9092 9182 9183 9093)
4(9182 9272 9273 9183)
4(9272 9362 9363 9273)
4(9362 9452 9453 9363)
4(9452 9542 9543 9453)
4(9542 9632 9633 9543)
4(9632 9722 9723 9633)
4(9722 9812 9813 9723)
4(2613 2703 2704 2614)
4(2703 2793 2794 2704)
4(2793 2883 2884 2794)
4(2883 2973 2974 2884)
4(2973 3063 3064 2974)
4(3063 3153 3154 3064)
4(3153 3243 3244 3154)
4(3243 3333 3334 3244)
4(3333 3423 3424 3334)
4(3423 3513 3514 3424)
4(3513 3603 3604 3514)
4(3603 3693 3694 3604)
4(3693 3783 3784 3694)
4(3783 3873 3874 3784)
4(3873 3963 3964 3874)
4(3963 4053 4054 3964)
4(4053 4143 4144 4054)
4(4143 4233 4234 4144)
4(4233 4323 4324 4234)
4(4323 4413 4414 4324)
4(4413 4503 4504 4414)
4(4503 4593 4594 4504)
4(4593 4683 4684 4594)
4(4683 4773 4774 4684)
4(4773 4863 4864 4774)
4(4863 4953 4954 4864)
4(4953 5043 5044 4954)
4(5043 5133 5134 5044)
4(5133 5223 5224 5134)
4(5223 5313 5314 5224)
4(5313 5403 5404 5314)
4(5403 5493 5494 5404)
4(5493 5583 5584 5494)
4(5583 5673 5674 5584)
4(5673 5763 5764 5674)
4(5763 5853 5854 5764)
4(5853 5943 5944 5854)
4(5943 6033 6034 5944)
4(6033 6123 6124 6034)
4(6123 6213 6214 6124)
4(6213 6303 6304 6214)
4(6303 6393 6394 6304)
4(6393 6483 6484 6394)
4(6483 6573 6574 6484)
4(6573 6663 6664 6574)
4(6663 6753 6754 6664)
4(6753 6843 6844 6754)
4(6843 6933 6934 6844)
4(6933 7023 7024 6934)
4(7023 7113 7114 7024)
4(7113 7203 7204 7114)
4(7203 7293 7294 7204)
4(7293 7383 7384 7294)
4(7383 7473 7474 7384)
4(7473 7563 7564 7474)
4(7563 7653 7654 7564)
4(7653 7743 7744 7654)
4(7743 7833 7834 7744)
4(7833 7923 7924 7834)
4(7923 8013 8014 7924)
4(8013 8103 8104 8014)
4(8103 8193 8194 8104)
4(8193 8283 8284 8194)
4(8283 8373 8374 8284)
4(8373 8463 8464 8374)
4(8463 8553 8554 8464)
4(8553 8643 8644 8554)
4(8643 8733 8734 8644)
4(8733 8823 8824 8734)
4(8823 8913 8914 8824)
4(8913 9003 9004 8914)
4(9003 9093 9094 9004)
4(9093 9183 9184 9094)
4(9183 9273 9274 9184)
4(9273 9363 9364 9274)
4(9363 9453 9454 9364)
4(9453 9543 9544 9454)
4(9543 9633 9634 9544)
4(9633 9723 9724 9634)
4(9723 9813 9814 9724)
4(2614 2704 2705 2615)
4(2704 2794 2795 2705)
4(2794 2884 2885 2795)
4(2884 2974 2975 2885)
4(2974 3064 3065 2975)
4(3064 3154 3155 3065)
4(3154 3244 3245 3155)
4(3244 3334 3335 3245)
4(3334 3424 3425 3335)
4(3424 3514 3515 3425)
4(3514 3604 3605 3515)
4(3604 3694 3695 3605)
4(3694 3784 3785 3695)
4(3784 3874 3875 3785)
4(3874 3964 3965 3875)
4(3964 4054 4055 3965)
4(4054 4144 4145 4055)
4(4144 4234 4235 4145)
4(4234 4324 4325 4235)
4(4324 4414 4415 4325)
4(4414 4504 4505 4415)
4(4504 4594 4595 4505)
4(4594 4684 4685 4595)
4(4684 4774 4775 4685)
4(4774 4864 4865 4775)
4(4864 4954 4955 4865)
4(4954 5044 5045 4955)
4(5044 5134 5135 5045)
4(5134 5224 5225 5135)
4(5224 5314 5315 5225)
4(5314 5404 5405 5315)
4(5404 5494 5495 5405)
4(5494 5584 5585 5495)
4(5584 5674 5675 5585)
4(5674 5764 5765 5675)
4(5764 5854 5855 5765)
4(5854 5944 5945 5855)
4(5944 6034 6035 5945)
4(6034 6124 6125 6035)
4(6124 6214 6215 6125)
4(6214 6304 6305 6215)
4(6304 6394 6395 6305)
4(6394 6484 6485 6395)
4(6484 6574 6575 6485)
4(6574 6664 6665 6575)
4(6664 6754 6755 6665)
4(6754 6844 6845 6755)
4(6844 6934 6935 6845)
4(6934 7024 7025 6935)
4(7024 7114 7115 7025)
4(7114 7204 7205 7115)
4(7204 7294 7295 7205)
4(7294 7384 7385 7295)
4(7384 7474 7475 7385)
4(7474 7564 7565 7475)
4(7564 7654 7655 7565)
4(7654 7744 7745 7655)
4(7744 7834 7835 7745)
4(7834 7924 7925 7835)
4(7924 8014 8015 7925)
4(8014 8104 8105 8015)
4(8104 8194 8195 8105)
4(8194 8284 8285 8195)
4(8284 8374 8375 8285)
4(8374 8464 8465 8375)
4(8464 8554 8555 8465)
4(8554 8644 8645 8555)
4(8644 8734 8735 8645)
4(8734 8824 8825 8735)
4(8824 8914 8915 8825)
4(8914 9004 9005 8915)
4(9004 9094 9095 9005)
4(9094 9184 9185 9095)
4(9184 9274 9275 9185)
4(9274 9364 9365 9275)
4(9364 9454 9455 9365)
4(9454 9544 9545 9455)
4(9544 9634 9635 9545)
4(9634 9724 9725 9635)
4(9724 9814 9815 9725)
4(2615 2705 2706 2616)
4(2705 2795 2796 2706)
4(2795 2885 2886 2796)
4(2885 2975 2976 2886)
4(2975 3065 3066 2976)
4(3065 3155 3156 3066)
4(3155 3245 3246 3156)
4(3245 3335 3336 3246)
4(3335 3425 3426 3336)
4(3425 3515 3516 3426)
4(3515 3605 3606 3516)
4(3605 3695 3696 3606)
4(3695 3785 3786 3696)
4(3785 3875 3876 3786)
4(3875 3965 3966 3876)
4(3965 4055 4056 3966)
4(4055 4145 4146 4056)
4(4145 4235 4236 4146)
4(4235 4325 4326 4236)
4(4325 4415 4416 4326)
4(4415 4505 4506 4416)
4(4505 4595 4596 4506)
4(4595 4685 4686 4596)
4(4685 4775 4776 4686)
4(4775 4865 4866 4776)
4(4865 4955 4956 4866)
4(4955 5045 5046 4956)
4(5045 5135 5136 5046)
4(5135 5225 5226 5136)
4(5225 5315 5316 5226)
4(5315 5405 5406 5316)
4(5405 5495 5496 5406)
4(5495 5585 5586 5496)
4(5585 5675 5676 5586)
4(5675 5765 5766 5676)
4(5765 5855 5856 5766)
4(5855 5945 5946 5856)
4(5945 6035 6036 5946)
4(6035 6125 6126 6036)
4(6125 6215 6216 6126)
4(6215 6305 6306 6216)
4(6305 6395 6396 6306)
4(6395 6485 6486 6396)
4(6485 6575 6576 6486)
4(6575 6665 6666 6576)
4(6665 6755 6756 6666)
4(6755 6845 6846 6756)
4(6845 6935 6936 6846)
4(6935 7025 7026 6936)
4(7025 7115 7116 7026)
4(7115 7205 7206 7116)
4(7205 7295 7296 7206)
4(7295 7385 7386 7296)
4(7385 7475 7476 7386)
4(7475 7565 7566 7476)
4(7565 7655 7656 7566)
4(7655 7745 7746 7656)
4(7745 7835 7836 7746)
4(7835 7925 7926 7836)
4(7925 8015 8016 7926)
4(8015 8105 8106 8016)
4(8105 8195 8196 8106)
4(8195 8285 8286 8196)
4(8285 8375 8376 8286)
4(8375 8465 8466 8376)
4(8465 8555 8556 8466)
4(8555 8645 8646 8556)
4(8645 8735 8736 8646)
4(8735 8825 8826 8736)
4(8825 8915 8916 8826)
4(8915 9005 9006 8916)
4(9005 9095 9096 9006)
4(9095 9185 9186 9096)
4(9185 9275 9276 9186)
4(9275 9365 9366 9276)
4(9365 9455 9456 9366)
4(9455 9545 9546 9456)
4(9545 9635 9636 9546)
4(9635 9725 9726 9636)
4(9725 9815 9816 9726)
4(2616 2706 2707 2617)
4(2706 2796 2797 2707)
4(2796 2886 2887 2797)
4(2886 2976 2977 2887)
4(2976 3066 3067 2977)
4(3066 3156 3157 3067)
4(3156 3246 3247 3157)
4(3246 3336 3337 3247)
4(3336 3426 3427 3337)
4(3426 3516 3517 3427)
4(3516 3606 3607 3517)
4(3606 3696 3697 3607)
4(3696 3786 3787 3697)
4(3786 3876 3877 3787)
4(3876 3966 3967 3877)
4(3966 4056 4057 3967)
4(4056 4146 4147 4057)
4(4146 4236 4237 4147)
4(4236 4326 4327 4237)
4(4326 4416 4417 4327)
4(4416 4506 4507 4417)
4(4506 4596 4597 4507)
4(4596 4686 4687 4597)
4(4686 4776 4777 4687)
4(4776 4866 4867 4777)
4(4866 4956 4957 4867)
4(4956 5046 5047 4957)
4(5046 5136 5137 5047)
4(5136 5226 5227 5137)
4(5226 5316 5317 5227)
4(5316 5406 5407 5317)
4(5406 5496 5497 5407)
4(5496 5586 5587 5497)
4(5586 5676 5677 5587)
4(5676 5766 5767 5677)
4(5766 5856 5857 5767)
4(5856 5946 5947 5857)
4(5946 6036 6037 5947)
4(6036 6126 6127 6037)
4(6126 6216 6217 6127)
4(6216 6306 6307 6217)
4(6306 6396 6397 6307)
4(6396 6486 6487 6397)
4(6486 6576 6577 6487)
4(6576 6666 6667 6577)
4(6666 6756 6757 6667)
4(6756 6846 6847 6757)
4(6846 6936 6937 6847)
4(6936 7026 7027 6937)
4(7026 7116 7117 7027)
4(7116 7206 7207 7117)
4(7206 7296 7297 7207)
4(7296 7386 7387 7297)
4(7386 7476 7477 7387)
4(7476 7566 7567 7477)
4(7566 7656 7657 7567)
4(7656 7746 7747 7657)
4(7746 7836 7837 7747)
4(7836 7926 7927 7837)
4(7926 8016 8017 7927)
4(8016 8106 8107 8017)
4(8106 8196 8197 8107)
4(8196 8286 8287 8197)
4(8286 8376 8377 8287)
4(8376 8466 8467 8377)
4(8466 8556 8557 8467)
4(8556 8646 8647 8557)
4(8646 8736 8737 8647)
4(8736 8826 8827 8737)
4(8826 8916 8917 8827)
4(8916 9006 9007 8917)
4(9006 9096 9097 9007)
4(9096 9186 9187 9097)
4(9186 9276 9277 9187)
4(9276 9366 9367 9277)
4(9366 9456 9457 9367)
4(9456 9546 9547 9457)
4(9546 9636 9637 9547)
4(9636 9726 9727 9637)
4(9726 9816 9817 9727)
4(2617 2707 2708 2618)
4(2707 2797 2798 2708)
4(2797 2887 2888 2798)
4(2887 2977 2978 2888)
4(2977 3067 3068 2978)
4(3067 3157 3158 3068)
4(3157 3247 3248 3158)
4(3247 3337 3338 3248)
4(3337 3427 3428 3338)
4(3427 3517 3518 3428)
4(3517 3607 3608 3518)
4(3607 3697 3698 3608)
4(3697 3787 3788 3698)
4(3787 3877 3878 3788)
4(3877 3967 3968 3878)
4(3967 4057 4058 3968)
4(4057 4147 4148 4058)
4(4147 4237 4238 4148)
4(4237 4327 4328 4238)
4(4327 4417 4418 4328)
4(4417 4507 4508 4418)
4(4507 4597 4598 4508)
4(4597 4687 4688 4598)
4(4687 4777 4778 4688)
4(4777 4867 4868 4778)
4(4867 4957 4958 4868)
4(4957 5047 5048 4958)
4(5047 5137 5138 5048)
4(5137 5227 5228 5138)
4(5227 5317 5318 5228)
4(5317 5407 5408 5318)
4(5407 5497 5498 5408)
4(5497 5587 5588 5498)
4(5587 5677 5678 5588)
4(5677 5767 5768 5678)
4(5767 5857 5858 5768)
4(5857 5947 5948 5858)
4(5947 6037 6038 5948)
4(6037 6127 6128 6038)
4(6127 6217 6218 6128)
4(6217 6307 6308 6218)
4(6307 6397 6398 6308)
4(6397 6487 6488 6398)
4(6487 6577 6578 6488)
4(6577 6667 6668 6578)
4(6667 6757 6758 6668)
4(6757 6847 6848 6758)
4(6847 6937 6938 6848)
4(6937 7027 7028 6938)
4(7027 7117 7118 7028)
4(7117 7207 7208 7118)
4(7207 7297 7298 7208)
4(7297 7387 7388 7298)
4(7387 7477 7478 7388)
4(7477 7567 7568 7478)
4(7567 7657 7658 7568)
4(7657 7747 7748 7658)
4(7747 7837 7838 7748)
4(7837 7927 7928 7838)
4(7927 8017 8018 7928)
4(8017 8107 8108 8018)
4(8107 8197 8198 8108)
4(8197 8287 8288 8198)
4(8287 8377 8378 8288)
4(8377 8467 8468 8378)
4(8467 8557 8558 8468)
4(8557 8647 8648 8558)
4(8647 8737 8738 8648)
4(8737 8827 8828 8738)
4(8827 8917 8918 8828)
4(8917 9007 9008 8918)
4(9007 9097 9098 9008)
4(9097 9187 9188 9098)
4(9187 9277 9278 9188)
4(9277 9367 9368 9278)
4(9367 9457 9458 9368)
4(9457 9547 9548 9458)
4(9547 9637 9638 9548)
4(9637 9727 9728 9638)
4(9727 9817 9818 9728)
4(2618 2708 2709 2619)
4(2708 2798 2799 2709)
4(2798 2888 2889 2799)
4(2888 2978 2979 2889)
4(2978 3068 3069 2979)
4(3068 3158 3159 3069)
4(3158 3248 3249 3159)
4(3248 3338 3339 3249)
4(3338 3428 3429 3339)
4(3428 3518 3519 3429)
4(3518 3608 3609 3519)
4(3608 3698 3699 3609)
4(3698 3788 3789 3699)
4(3788 3878 3879 3789)
4(3878 3968 3969 3879)
4(3968 4058 4059 3969)
4(4058 4148 4149 4059)
4(4148 4238 4239 4149)
4(4238 4328 4329 4239)
4(4328 4418 4419 4329)
4(4418 4508 4509 4419)
4(4508 4598 4599 4509)
4(4598 4688 4689 4599)
4(4688 4778 4779 4689)
4(4778 4868 4869 4779)
4(4868 4958 4959 4869)
4(4958 5048 5049 4959)
4(5048 5138 5139 5049)
4(5138 5228 5229 5139)
4(5228 5318 5319 5229)
4(5318 5408 5409 5319)
4(5408 5498 5499 5409)
4(5498 5588 5589 5499)
4(5588 5678 5679 5589)
4(5678 5768 5769 5679)
4(5768 5858 5859 5769)
4(5858 5948 5949 5859)
4(5948 6038 6039 5949)
4(6038 6128 6129 6039)
4(6128 6218 6219 6129)
4(6218 6308 6309 6219)
4(6308 6398 6399 6309)
4(6398 6488 6489 6399)
4(6488 6578 6579 6489)
4(6578 6668 6669 6579)
4(6668 6758 6759 6669)
4(6758 6848 6849 6759)
4(6848 6938 6939 6849)
4(6938 7028 7029 6939)
4(7028 7118 7119 7029)
4(7118 7208 7209 7119)
4(7208 7298 7299 7209)
4(7298 7388 7389 7299)
4(7388 7478 7479 7389)
4(7478 7568 7569 7479)
4(7568 7658 7659 7569)
4(7658 7748 7749 7659)
4(7748 7838 7839 7749)
4(7838 7928 7929 7839)
4(7928 8018 8019 7929)
4(8018 8108 8109 8019)
4(8108 8198 8199 8109)
4(8198 8288 8289 8199)
4(8288 8378 8379 8289)
4(8378 8468 8469 8379)
4(8468 8558 8559 8469)
4(8558 8648 8649 8559)
4(8648 8738 8739 8649)
4(8738 8828 8829 8739)
4(8828 8918 8919 8829)
4(8918 9008 9009 8919)
4(9008 9098 9099 9009)
4(9098 9188 9189 9099)
4(9188 9278 9279 9189)
4(9278 9368 9369 9279)
4(9368 9458 9459 9369)
4(9458 9548 9549 9459)
4(9548 9638 9639 9549)
4(9638 9728 9729 9639)
4(9728 9818 9819 9729)
4(2619 2709 2710 2620)
4(2709 2799 2800 2710)
4(2799 2889 2890 2800)
4(2889 2979 2980 2890)
4(2979 3069 3070 2980)
4(3069 3159 3160 3070)
4(3159 3249 3250 3160)
4(3249 3339 3340 3250)
4(3339 3429 3430 3340)
4(3429 3519 3520 3430)
4(3519 3609 3610 3520)
4(3609 3699 3700 3610)
4(3699 3789 3790 3700)
4(3789 3879 3880 3790)
4(3879 3969 3970 3880)
4(3969 4059 4060 3970)
4(4059 4149 4150 4060)
4(4149 4239 4240 4150)
4(4239 4329 4330 4240)
4(4329 4419 4420 4330)
4(4419 4509 4510 4420)
4(4509 4599 4600 4510)
4(4599 4689 4690 4600)
4(4689 4779 4780 4690)
4(4779 4869 4870 4780)
4(4869 4959 4960 4870)
4(4959 5049 5050 4960)
4(5049 5139 5140 5050)
4(5139 5229 5230 5140)
4(5229 5319 5320 5230)
4(5319 5409 5410 5320)
4(5409 5499 5500 5410)
4(5499 5589 5590 5500)
4(5589 5679 5680 5590)
4(5679 5769 5770 5680)
4(5769 5859 5860 5770)
4(5859 5949 5950 5860)
4(5949 6039 6040 5950)
4(6039 6129 6130 6040)
4(6129 6219 6220 6130)
4(6219 6309 6310 6220)
4(6309 6399 6400 6310)
4(6399 6489 6490 6400)
4(6489 6579 6580 6490)
4(6579 6669 6670 6580)
4(6669 6759 6760 6670)
4(6759 6849 6850 6760)
4(6849 6939 6940 6850)
4(6939 7029 7030 6940)
4(7029 7119 7120 7030)
4(7119 7209 7210 7120)
4(7209 7299 7300 7210)
4(7299 7389 7390 7300)
4(7389 7479 7480 7390)
4(7479 7569 7570 7480)
4(7569 7659 7660 7570)
4(7659 7749 7750 7660)
4(7749 7839 7840 7750)
4(7839 7929 7930 7840)
4(7929 8019 8020 7930)
4(8019 8109 8110 8020)
4(8109 8199 8200 8110)
4(8199 8289 8290 8200)
4(8289 8379 8380 8290)
4(8379 8469 8470 8380)
4(8469 8559 8560 8470)
4(8559 8649 8650 8560)
4(8649 8739 8740 8650)
4(8739 8829 8830 8740)
4(8829 8919 8920 8830)
4(8919 9009 9010 8920)
4(9009 9099 9100 9010)
4(9099 9189 9190 9100)
4(9189 9279 9280 9190)
4(9279 9369 9370 9280)
4(9369 9459 9460 9370)
4(9459 9549 9550 9460)
4(9549 9639 9640 9550)
4(9639 9729 9730 9640)
4(9729 9819 9820 9730)
4(2620 2710 2711 2621)
4(2710 2800 2801 2711)
4(2800 2890 2891 2801)
4(2890 2980 2981 2891)
4(2980 3070 3071 2981)
4(3070 3160 3161 3071)
4(3160 3250 3251 3161)
4(3250 3340 3341 3251)
4(3340 3430 3431 3341)
4(3430 3520 3521 3431)
4(3520 3610 3611 3521)
4(3610 3700 3701 3611)
4(3700 3790 3791 3701)
4(3790 3880 3881 3791)
4(3880 3970 3971 3881)
4(3970 4060 4061 3971)
4(4060 4150 4151 4061)
4(4150 4240 4241 4151)
4(4240 4330 4331 4241)
4(4330 4420 4421 4331)
4(4420 4510 4511 4421)
4(4510 4600 4601 4511)
4(4600 4690 4691 4601)
4(4690 4780 4781 4691)
4(4780 4870 4871 4781)
4(4870 4960 4961 4871)
4(4960 5050 5051 4961)
4(5050 5140 5141 5051)
4(5140 5230 5231 5141)
4(5230 5320 5321 5231)
4(5320 5410 5411 5321)
4(5410 5500 5501 5411)
4(5500 5590 5591 5501)
4(5590 5680 5681 5591)
4(5680 5770 5771 5681)
4(5770 5860 5861 5771)
4(5860 5950 5951 5861)
4(5950 6040 6041 5951)
4(6040 6130 6131 6041)
4(6130 6220 6221 6131)
4(6220 6310 6311 6221)
4(6310 6400 6401 6311)
4(6400 6490 6491 6401)
4(6490 6580 6581 6491)
4(6580 6670 6671 6581)
4(6670 6760 6761 6671)
4(6760 6850 6851 6761)
4(6850 6940 6941 6851)
4(6940 7030 7031 6941)
4(7030 7120 7121 7031)
4(7120 7210 7211 7121)
4(7210 7300 7301 7211)
4(7300 7390 7391 7301)
4(7390 7480 7481 7391)
4(7480 7570 7571 7481)
4(7570 7660 7661 7571)
4(7660 7750 7751 7661)
4(7750 7840 7841 7751)
4(7840 7930 7931 7841)
4(7930 8020 8021 7931)
4(8020 8110 8111 8021)
4(8110 8200 8201 8111)
4(8200 8290 8291 8201)
4(8290 8380 8381 8291)
4(8380 8470 8471 8381)
4(8470 8560 8561 8471)
4(8560 8650 8651 8561)
4(8650 8740 8741 8651)
4(8740 8830 8831 8741)
4(8830 8920 8921 8831)
4(8920 9010 9011 8921)
4(9010 9100 9101 9011)
4(9100 9190 9191 9101)
4(9190 9280 9281 9191)
4(9280 9370 9371 9281)
4(9370 9460 9461 9371)
4(9460 9550 9551 9461)
4(9550 9640 9641 9551)
4(9640 9730 9731 9641)
4(9730 9820 9821 9731)
4(2621 2711 2712 2622)
4(2711 2801 2802 2712)
4(2801 2891 2892 2802)
4(2891 2981 2982 2892)
4(2981 3071 3072 2982)
4(3071 3161 3162 3072)
4(3161 3251 3252 3162)
4(3251 3341 3342 3252)
4(3341 3431 3432 3342)
4(3431 3521 3522 3432)
4(3521 3611 3612 3522)
4(3611 3701 3702 3612)
4(3701 3791 3792 3702)
4(3791 3881 3882 3792)
4(3881 3971 3972 3882)
4(3971 4061 4062 3972)
4(4061 4151 4152 4062)
4(4151 4241 4242 4152)
4(4241 4331 4332 4242)
4(4331 4421 4422 4332)
4(4421 4511 4512 4422)
4(4511 4601 4602 4512)
4(4601 4691 4692 4602)
4(4691 4781 4782 4692)
4(4781 4871 4872 4782)
4(4871 4961 4962 4872)
4(4961 5051 5052 4962)
4(5051 5141 5142 5052)
4(5141 5231 5232 5142)
4(5231 5321 5322 5232)
4(5321 5411 5412 5322)
4(5411 5501 5502 5412)
4(5501 5591 5592 5502)
4(5591 5681 5682 5592)
4(5681 5771 5772 5682)
4(5771 5861 5862 5772)
4(5861 5951 5952 5862)
4(5951 6041 6042 5952)
4(6041 6131 6132 6042)
4(6131 6221 6222 6132)
4(6221 6311 6312 6222)
4(6311 6401 6402 6312)
4(6401 6491 6492 6402)
4(6491 6581 6582 6492)
4(6581 6671 6672 6582)
4(6671 6761 6762 6672)
4(6761 6851 6852 6762)
4(6851 6941 6942 6852)
4(6941 7031 7032 6942)
4(7031 7121 7122 7032)
4(7121 7211 7212 7122)
4(7211 7301 7302 7212)
4(7301 7391 7392 7302)
4(7391 7481 7482 7392)
4(7481 7571 7572 7482)
4(7571 7661 7662 7572)
4(7661 7751 7752 7662)
4(7751 7841 7842 7752)
4(7841 7931 7932 7842)
4(7931 8021 8022 7932)
4(8021 8111 8112 8022)
4(8111 8201 8202 8112)
4(8201 8291 8292 8202)
4(8291 8381 8382 8292)
4(8381 8471 8472 8382)
4(8471 8561 8562 8472)
4(8561 8651 8652 8562)
4(8651 8741 8742 8652)
4(8741 8831 8832 8742)
4(8831 8921 8922 8832)
4(8921 9011 9012 8922)
4(9011 9101 9102 9012)
4(9101 9191 9192 9102)
4(9191 9281 9282 9192)
4(9281 9371 9372 9282)
4(9371 9461 9462 9372)
4(9461 9551 9552 9462)
4(9551 9641 9642 9552)
4(9641 9731 9732 9642)
4(9731 9821 9822 9732)
4(2622 2712 2713 2623)
4(2712 2802 2803 2713)
4(2802 2892 2893 2803)
4(2892 2982 2983 2893)
4(2982 3072 3073 2983)
4(3072 3162 3163 3073)
4(3162 3252 3253 3163)
4(3252 3342 3343 3253)
4(3342 3432 3433 3343)
4(3432 3522 3523 3433)
4(3522 3612 3613 3523)
4(3612 3702 3703 3613)
4(3702 3792 3793 3703)
4(3792 3882 3883 3793)
4(3882 3972 3973 3883)
4(3972 4062 4063 3973)
4(4062 4152 4153 4063)
4(4152 4242 4243 4153)
4(4242 4332 4333 4243)
4(4332 4422 4423 4333)
4(4422 4512 4513 4423)
4(4512 4602 4603 4513)
4(4602 4692 4693 4603)
4(4692 4782 4783 4693)
4(4782 4872 4873 4783)
4(4872 4962 4963 4873)
4(4962 5052 5053 4963)
4(5052 5142 5143 5053)
4(5142 5232 5233 5143)
4(5232 5322 5323 5233)
4(5322 5412 5413 5323)
4(5412 5502 5503 5413)
4(5502 5592 5593 5503)
4(5592 5682 5683 5593)
4(5682 5772 5773 5683)
4(5772 5862 5863 5773)
4(5862 5952 5953 5863)
4(5952 6042 6043 5953)
4(6042 6132 6133 6043)
4(6132 6222 6223 6133)
4(6222 6312 6313 6223)
4(6312 6402 6403 6313)
4(6402 6492 6493 6403)
4(6492 6582 6583 6493)
4(6582 6672 6673 6583)
4(6672 6762 6763 6673)
4(6762 6852 6853 6763)
4(6852 6942 6943 6853)
4(6942 7032 7033 6943)
4(7032 7122 7123 7033)
4(7122 7212 7213 7123)
4(7212 7302 7303 7213)
4(7302 7392 7393 7303)
4(7392 7482 7483 7393)
4(7482 7572 7573 7483)
4(7572 7662 7663 7573)
4(7662 7752 7753 7663)
4(7752 7842 7843 7753)
4(7842 7932 7933 7843)
4(7932 8022 8023 7933)
4(8022 8112 8113 8023)
4(8112 8202 8203 8113)
4(8202 8292 8293 8203)
4(8292 8382 8383 8293)
4(8382 8472 8473 8383)
4(8472 8562 8563 8473)
4(8562 8652 8653 8563)
4(8652 8742 8743 8653)
4(8742 8832 8833 8743)
4(8832 8922 8923 8833)
4(8922 9012 9013 8923)
4(9012 9102 9103 9013)
4(9102 9192 9193 9103)
4(9192 9282 9283 9193)
4(9282 9372 9373 9283)
4(9372 9462 9463 9373)
4(9462 9552 9553 9463)
4(9552 9642 9643 9553)
4(9642 9732 9733 9643)
4(9732 9822 9823 9733)
4(2623 2713 2714 2624)
4(2713 2803 2804 2714)
4(2803 2893 2894 2804)
4(2893 2983 2984 2894)
4(2983 3073 3074 2984)
4(3073 3163 3164 3074)
4(3163 3253 3254 3164)
4(3253 3343 3344 3254)
4(3343 3433 3434 3344)
4(3433 3523 3524 3434)
4(3523 3613 3614 3524)
4(3613 3703 3704 3614)
4(3703 3793 3794 3704)
4(3793 3883 3884 3794)
4(3883 3973 3974 3884)
4(3973 4063 4064 3974)
4(4063 4153 4154 4064)
4(4153 4243 4244 4154)
4(4243 4333 4334 4244)
4(4333 4423 4424 4334)
4(4423 4513 4514 4424)
4(4513 4603 4604 4514)
4(4603 4693 4694 4604)
4(4693 4783 4784 4694)
4(4783 4873 4874 4784)
4(4873 4963 4964 4874)
4(4963 5053 5054 4964)
4(5053 5143 5144 5054)
4(5143 5233 5234 5144)
4(5233 5323 5324 5234)
4(5323 5413 5414 5324)
4(5413 5503 5504 5414)
4(5503 5593 5594 5504)
4(5593 5683 5684 5594)
4(5683 5773 5774 5684)
4(5773 5863 5864 5774)
4(5863 5953 5954 5864)
4(5953 6043 6044 5954)
4(6043 6133 6134 6044)
4(6133 6223 6224 6134)
4(6223 6313 6314 6224)
4(6313 6403 6404 6314)
4(6403 6493 6494 6404)
4(6493 6583 6584 6494)
4(6583 6673 6674 6584)
4(6673 6763 6764 6674)
4(6763 6853 6854 6764)
4(6853 6943 6944 6854)
4(6943 7033 7034 6944)
4(7033 7123 7124 7034)
4(7123 7213 7214 7124)
4(7213 7303 7304 7214)
4(7303 7393 7394 7304)
4(7393 7483 7484 7394)
4(7483 7573 7574 7484)
4(7573 7663 7664 7574)
4(7663 7753 7754 7664)
4(7753 7843 7844 7754)
4(7843 7933 7934 7844)
4(7933 8023 8024 7934)
4(8023 8113 8114 8024)
4(8113 8203 8204 8114)
4(8203 8293 8294 8204)
4(8293 8383 8384 8294)
4(8383 8473 8474 8384)
4(8473 8563 8564 8474)
4(8563 8653 8654 8564)
4(8653 8743 8744 8654)
4(8743 8833 8834 8744)
4(8833 8923 8924 8834)
4(8923 9013 9014 8924)
4(9013 9103 9104 9014)
4(9103 9193 9194 9104)
4(9193 9283 9284 9194)
4(9283 9373 9374 9284)
4(9373 9463 9464 9374)
4(9463 9553 9554 9464)
4(9553 9643 9644 9554)
4(9643 9733 9734 9644)
4(9733 9823 9824 9734)
4(2624 2714 2715 2625)
4(2714 2804 2805 2715)
4(2804 2894 2895 2805)
4(2894 2984 2985 2895)
4(2984 3074 3075 2985)
4(3074 3164 3165 3075)
4(3164 3254 3255 3165)
4(3254 3344 3345 3255)
4(3344 3434 3435 3345)
4(3434 3524 3525 3435)
4(3524 3614 3615 3525)
4(3614 3704 3705 3615)
4(3704 3794 3795 3705)
4(3794 3884 3885 3795)
4(3884 3974 3975 3885)
4(3974 4064 4065 3975)
4(4064 4154 4155 4065)
4(4154 4244 4245 4155)
4(4244 4334 4335 4245)
4(4334 4424 4425 4335)
4(4424 4514 4515 4425)
4(4514 4604 4605 4515)
4(4604 4694 4695 4605)
4(4694 4784 4785 4695)
4(4784 4874 4875 4785)
4(4874 4964 4965 4875)
4(4964 5054 5055 4965)
4(5054 5144 5145 5055)
4(5144 5234 5235 5145)
4(5234 5324 5325 5235)
4(5324 5414 5415 5325)
4(5414 5504 5505 5415)
4(5504 5594 5595 5505)
4(5594 5684 5685 5595)
4(5684 5774 5775 5685)
4(5774 5864 5865 5775)
4(5864 5954 5955 5865)
4(5954 6044 6045 5955)
4(6044 6134 6135 6045)
4(6134 6224 6225 6135)
4(6224 6314 6315 6225)
4(6314 6404 6405 6315)
4(6404 6494 6495 6405)
4(6494 6584 6585 6495)
4(6584 6674 6675 6585)
4(6674 6764 6765 6675)
4(6764 6854 6855 6765)
4(6854 6944 6945 6855)
4(6944 7034 7035 6945)
4(7034 7124 7125 7035)
4(7124 7214 7215 7125)
4(7214 7304 7305 7215)
4(7304 7394 7395 7305)
4(7394 7484 7485 7395)
4(7484 7574 7575 7485)
4(7574 7664 7665 7575)
4(7664 7754 7755 7665)
4(7754 7844 7845 7755)
4(7844 7934 7935 7845)
4(7934 8024 8025 7935)
4(8024 8114 8115 8025)
4(8114 8204 8205 8115)
4(8204 8294 8295 8205)
4(8294 8384 8385 8295)
4(8384 8474 8475 8385)
4(8474 8564 8565 8475)
4(8564 8654 8655 8565)
4(8654 8744 8745 8655)
4(8744 8834 8835 8745)
4(8834 8924 8925 8835)
4(8924 9014 9015 8925)
4(9014 9104 9105 9015)
4(9104 9194 9195 9105)
4(9194 9284 9285 9195)
4(9284 9374 9375 9285)
4(9374 9464 9465 9375)
4(9464 9554 9555 9465)
4(9554 9644 9645 9555)
4(9644 9734 9735 9645)
4(9734 9824 9825 9735)
4(2625 2715 2716 2626)
4(2715 2805 2806 2716)
4(2805 2895 2896 2806)
4(2895 2985 2986 2896)
4(2985 3075 3076 2986)
4(3075 3165 3166 3076)
4(3165 3255 3256 3166)
4(3255 3345 3346 3256)
4(3345 3435 3436 3346)
4(3435 3525 3526 3436)
4(3525 3615 3616 3526)
4(3615 3705 3706 3616)
4(3705 3795 3796 3706)
4(3795 3885 3886 3796)
4(3885 3975 3976 3886)
4(3975 4065 4066 3976)
4(4065 4155 4156 4066)
4(4155 4245 4246 4156)
4(4245 4335 4336 4246)
4(4335 4425 4426 4336)
4(4425 4515 4516 4426)
4(4515 4605 4606 4516)
4(4605 4695 4696 4606)
4(4695 4785 4786 4696)
4(4785 4875 4876 4786)
4(4875 4965 4966 4876)
4(4965 5055 5056 4966)
4(5055 5145 5146 5056)
4(5145 5235 5236 5146)
4(5235 5325 5326 5236)
4(5325 5415 5416 5326)
4(5415 5505 5506 5416)
4(5505 5595 5596 5506)
4(5595 5685 5686 5596)
4(5685 5775 5776 5686)
4(5775 5865 5866 5776)
4(5865 5955 5956 5866)
4(5955 6045 6046 5956)
4(6045 6135 6136 6046)
4(6135 6225 6226 6136)
4(6225 6315 6316 6226)
4(6315 6405 6406 6316)
4(6405 6495 6496 6406)
4(6495 6585 6586 6496)
4(6585 6675 6676 6586)
4(6675 6765 6766 6676)
4(6765 6855 6856 6766)
4(6855 6945 6946 6856)
4(6945 7035 7036 6946)
4(7035 7125 7126 7036)
4(7125 7215 7216 7126)
4(7215 7305 7306 7216)
4(7305 7395 7396 7306)
4(7395 7485 7486 7396)
4(7485 7575 7576 7486)
4(7575 7665 7666 7576)
4(7665 7755 7756 7666)
4(7755 7845 7846 7756)
4(7845 7935 7936 7846)
4(7935 8025 8026 7936)
4(8025 8115 8116 8026)
4(8115 8205 8206 8116)
4(8205 8295 8296 8206)
4(8295 8385 8386 8296)
4(8385 8475 8476 8386)
4(8475 8565 8566 8476)
4(8565 8655 8656 8566)
4(8655 8745 8746 8656)
4(8745 8835 8836 8746)
4(8835 8925 8926 8836)
4(8925 9015 9016 8926)
4(9015 9105 9106 9016)
4(9105 9195 9196 9106)
4(9195 9285 9286 9196)
4(9285 9375 9376 9286)
4(9375 9465 9466 9376)
4(9465 9555 9556 9466)
4(9555 9645 9646 9556)
4(9645 9735 9736 9646)
4(9735 9825 9826 9736)
4(2626 2716 2717 2627)
4(2716 2806 2807 2717)
4(2806 2896 2897 2807)
4(2896 2986 2987 2897)
4(2986 3076 3077 2987)
4(3076 3166 3167 3077)
4(3166 3256 3257 3167)
4(3256 3346 3347 3257)
4(3346 3436 3437 3347)
4(3436 3526 3527 3437)
4(3526 3616 3617 3527)
4(3616 3706 3707 3617)
4(3706 3796 3797 3707)
4(3796 3886 3887 3797)
4(3886 3976 3977 3887)
4(3976 4066 4067 3977)
4(4066 4156 4157 4067)
4(4156 4246 4247 4157)
4(4246 4336 4337 4247)
4(4336 4426 4427 4337)
4(4426 4516 4517 4427)
4(4516 4606 4607 4517)
4(4606 4696 4697 4607)
4(4696 4786 4787 4697)
4(4786 4876 4877 4787)
4(4876 4966 4967 4877)
4(4966 5056 5057 4967)
4(5056 5146 5147 5057)
4(5146 5236 5237 5147)
4(5236 5326 5327 5237)
4(5326 5416 5417 5327)
4(5416 5506 5507 5417)
4(5506 5596 5597 5507)
4(5596 5686 5687 5597)
4(5686 5776 5777 5687)
4(5776 5866 5867 5777)
4(5866 5956 5957 5867)
4(5956 6046 6047 5957)
4(6046 6136 6137 6047)
4(6136 6226 6227 6137)
4(6226 6316 6317 6227)
4(6316 6406 6407 6317)
4(6406 6496 6497 6407)
4(6496 6586 6587 6497)
4(6586 6676 6677 6587)
4(6676 6766 6767 6677)
4(6766 6856 6857 6767)
4(6856 6946 6947 6857)
4(6946 7036 7037 6947)
4(7036 7126 7127 7037)
4(7126 7216 7217 7127)
4(7216 7306 7307 7217)
4(7306 7396 7397 7307)
4(7396 7486 7487 7397)
4(7486 7576 7577 7487)
4(7576 7666 7667 7577)
4(7666 7756 7757 7667)
4(7756 7846 7847 7757)
4(7846 7936 7937 7847)
4(7936 8026 8027 7937)
4(8026 8116 8117 8027)
4(8116 8206 8207 8117)
4(8206 8296 8297 8207)
4(8296 8386 8387 8297)
4(8386 8476 8477 8387)
4(8476 8566 8567 8477)
4(8566 8656 8657 8567)
4(8656 8746 8747 8657)
4(8746 8836 8837 8747)
4(8836 8926 8927 8837)
4(8926 9016 9017 8927)
4(9016 9106 9107 9017)
4(9106 9196 9197 9107)
4(9196 9286 9287 9197)
4(9286 9376 9377 9287)
4(9376 9466 9467 9377)
4(9466 9556 9557 9467)
4(9556 9646 9647 9557)
4(9646 9736 9737 9647)
4(9736 9826 9827 9737)
4(2627 2717 2718 2628)
4(2717 2807 2808 2718)
4(2807 2897 2898 2808)
4(2897 2987 2988 2898)
4(2987 3077 3078 2988)
4(3077 3167 3168 3078)
4(3167 3257 3258 3168)
4(3257 3347 3348 3258)
4(3347 3437 3438 3348)
4(3437 3527 3528 3438)
4(3527 3617 3618 3528)
4(3617 3707 3708 3618)
4(3707 3797 3798 3708)
4(3797 3887 3888 3798)
4(3887 3977 3978 3888)
4(3977 4067 4068 3978)
4(4067 4157 4158 4068)
4(4157 4247 4248 4158)
4(4247 4337 4338 4248)
4(4337 4427 4428 4338)
4(4427 4517 4518 4428)
4(4517 4607 4608 4518)
4(4607 4697 4698 4608)
4(4697 4787 4788 4698)
4(4787 4877 4878 4788)
4(4877 4967 4968 4878)
4(4967 5057 5058 4968)
4(5057 5147 5148 5058)
4(5147 5237 5238 5148)
4(5237 5327 5328 5238)
4(5327 5417 5418 5328)
4(5417 5507 5508 5418)
4(5507 5597 5598 5508)
4(5597 5687 5688 5598)
4(5687 5777 5778 5688)
4(5777 5867 5868 5778)
4(5867 5957 5958 5868)
4(5957 6047 6048 5958)
4(6047 6137 6138 6048)
4(6137 6227 6228 6138)
4(6227 6317 6318 6228)
4(6317 6407 6408 6318)
4(6407 6497 6498 6408)
4(6497 6587 6588 6498)
4(6587 6677 6678 6588)
4(6677 6767 6768 6678)
4(6767 6857 6858 6768)
4(6857 6947 6948 6858)
4(6947 7037 7038 6948)
4(7037 7127 7128 7038)
4(7127 7217 7218 7128)
4(7217 7307 7308 7218)
4(7307 7397 7398 7308)
4(7397 7487 7488 7398)
4(7487 7577 7578 7488)
4(7577 7667 7668 7578)
4(7667 7757 7758 7668)
4(7757 7847 7848 7758)
4(7847 7937 7938 7848)
4(7937 8027 8028 7938)
4(8027 8117 8118 8028)
4(8117 8207 8208 8118)
4(8207 8297 8298 8208)
4(8297 8387 8388 8298)
4(8387 8477 8478 8388)
4(8477 8567 8568 8478)
4(8567 8657 8658 8568)
4(8657 8747 8748 8658)
4(8747 8837 8838 8748)
4(8837 8927 8928 8838)
4(8927 9017 9018 8928)
4(9017 9107 9108 9018)
4(9107 9197 9198 9108)
4(9197 9287 9288 9198)
4(9287 9377 9378 9288)
4(9377 9467 9468 9378)
4(9467 9557 9558 9468)
4(9557 9647 9648 9558)
4(9647 9737 9738 9648)
4(9737 9827 9828 9738)
4(2628 2718 2719 2629)
4(2718 2808 2809 2719)
4(2808 2898 2899 2809)
4(2898 2988 2989 2899)
4(2988 3078 3079 2989)
4(3078 3168 3169 3079)
4(3168 3258 3259 3169)
4(3258 3348 3349 3259)
4(3348 3438 3439 3349)
4(3438 3528 3529 3439)
4(3528 3618 3619 3529)
4(3618 3708 3709 3619)
4(3708 3798 3799 3709)
4(3798 3888 3889 3799)
4(3888 3978 3979 3889)
4(3978 4068 4069 3979)
4(4068 4158 4159 4069)
4(4158 4248 4249 4159)
4(4248 4338 4339 4249)
4(4338 4428 4429 4339)
4(4428 4518 4519 4429)
4(4518 4608 4609 4519)
4(4608 4698 4699 4609)
4(4698 4788 4789 4699)
4(4788 4878 4879 4789)
4(4878 4968 4969 4879)
4(4968 5058 5059 4969)
4(5058 5148 5149 5059)
4(5148 5238 5239 5149)
4(5238 5328 5329 5239)
4(5328 5418 5419 5329)
4(5418 5508 5509 5419)
4(5508 5598 5599 5509)
4(5598 5688 5689 5599)
4(5688 5778 5779 5689)
4(5778 5868 5869 5779)
4(5868 5958 5959 5869)
4(5958 6048 6049 5959)
4(6048 6138 6139 6049)
4(6138 6228 6229 6139)
4(6228 6318 6319 6229)
4(6318 6408 6409 6319)
4(6408 6498 6499 6409)
4(6498 6588 6589 6499)
4(6588 6678 6679 6589)
4(6678 6768 6769 6679)
4(6768 6858 6859 6769)
4(6858 6948 6949 6859)
4(6948 7038 7039 6949)
4(7038 7128 7129 7039)
4(7128 7218 7219 7129)
4(7218 7308 7309 7219)
4(7308 7398 7399 7309)
4(7398 7488 7489 7399)
4(7488 7578 7579 7489)
4(7578 7668 7669 7579)
4(7668 7758 7759 7669)
4(7758 7848 7849 7759)
4(7848 7938 7939 7849)
4(7938 8028 8029 7939)
4(8028 8118 8119 8029)
4(8118 8208 8209 8119)
4(8208 8298 8299 8209)
4(8298 8388 8389 8299)
4(8388 8478 8479 8389)
4(8478 8568 8569 8479)
4(8568 8658 8659 8569)
4(8658 8748 8749 8659)
4(8748 8838 8839 8749)
4(8838 8928 8929 8839)
4(8928 9018 9019 8929)
4(9018 9108 9109 9019)
4(9108 9198 9199 9109)
4(9198 9288 9289 9199)
4(9288 9378 9379 9289)
4(9378 9468 9469 9379)
4(9468 9558 9559 9469)
4(9558 9648 9649 9559)
4(9648 9738 9739 9649)
4(9738 9828 9829 9739)
4(2629 2719 2720 2630)
4(2719 2809 2810 2720)
4(2809 2899 2900 2810)
4(2899 2989 2990 2900)
4(2989 3079 3080 2990)
4(3079 3169 3170 3080)
4(3169 3259 3260 3170)
4(3259 3349 3350 3260)
4(3349 3439 3440 3350)
4(3439 3529 3530 3440)
4(3529 3619 3620 3530)
4(3619 3709 3710 3620)
4(3709 3799 3800 3710)
4(3799 3889 3890 3800)
4(3889 3979 3980 3890)
4(3979 4069 4070 3980)
4(4069 4159 4160 4070)
4(4159 4249 4250 4160)
4(4249 4339 4340 4250)
4(4339 4429 4430 4340)
4(4429 4519 4520 4430)
4(4519 4609 4610 4520)
4(4609 4699 4700 4610)
4(4699 4789 4790 4700)
4(4789 4879 4880 4790)
4(4879 4969 4970 4880)
4(4969 5059 5060 4970)
4(5059 5149 5150 5060)
4(5149 5239 5240 5150)
4(5239 5329 5330 5240)
4(5329 5419 5420 5330)
4(5419 5509 5510 5420)
4(5509 5599 5600 5510)
4(5599 5689 5690 5600)
4(5689 5779 5780 5690)
4(5779 5869 5870 5780)
4(5869 5959 5960 5870)
4(5959 6049 6050 5960)
4(6049 6139 6140 6050)
4(6139 6229 6230 6140)
4(6229 6319 6320 6230)
4(6319 6409 6410 6320)
4(6409 6499 6500 6410)
4(6499 6589 6590 6500)
4(6589 6679 6680 6590)
4(6679 6769 6770 6680)
4(6769 6859 6860 6770)
4(6859 6949 6950 6860)
4(6949 7039 7040 6950)
4(7039 7129 7130 7040)
4(7129 7219 7220 7130)
4(7219 7309 7310 7220)
4(7309 7399 7400 7310)
4(7399 7489 7490 7400)
4(7489 7579 7580 7490)
4(7579 7669 7670 7580)
4(7669 7759 7760 7670)
4(7759 7849 7850 7760)
4(7849 7939 7940 7850)
4(7939 8029 8030 7940)
4(8029 8119 8120 8030)
4(8119 8209 8210 8120)
4(8209 8299 8300 8210)
4(8299 8389 8390 8300)
4(8389 8479 8480 8390)
4(8479 8569 8570 8480)
4(8569 8659 8660 8570)
4(8659 8749 8750 8660)
4(8749 8839 8840 8750)
4(8839 8929 8930 8840)
4(8929 9019 9020 8930)
4(9019 9109 9110 9020)
4(9109 9199 9200 9110)
4(9199 9289 9290 9200)
4(9289 9379 9380 9290)
4(9379 9469 9470 9380)
4(9469 9559 9560 9470)
4(9559 9649 9650 9560)
4(9649 9739 9740 9650)
4(9739 9829 9830 9740)
4(2630 2720 2721 2631)
4(2720 2810 2811 2721)
4(2810 2900 2901 2811)
4(2900 2990 2991 2901)
4(2990 3080 3081 2991)
4(3080 3170 3171 3081)
4(3170 3260 3261 3171)
4(3260 3350 3351 3261)
4(3350 3440 3441 3351)
4(3440 3530 3531 3441)
4(3530 3620 3621 3531)
4(3620 3710 3711 3621)
4(3710 3800 3801 3711)
4(3800 3890 3891 3801)
4(3890 3980 3981 3891)
4(3980 4070 4071 3981)
4(4070 4160 4161 4071)
4(4160 4250 4251 4161)
4(4250 4340 4341 4251)
4(4340 4430 4431 4341)
4(4430 4520 4521 4431)
4(4520 4610 4611 4521)
4(4610 4700 4701 4611)
4(4700 4790 4791 4701)
4(4790 4880 4881 4791)
4(4880 4970 4971 4881)
4(4970 5060 5061 4971)
4(5060 5150 5151 5061)
4(5150 5240 5241 5151)
4(5240 5330 5331 5241)
4(5330 5420 5421 5331)
4(5420 5510 5511 5421)
4(5510 5600 5601 5511)
4(5600 5690 5691 5601)
4(5690 5780 5781 5691)
4(5780 5870 5871 5781)
4(5870 5960 5961 5871)
4(5960 6050 6051 5961)
4(6050 6140 6141 6051)
4(6140 6230 6231 6141)
4(6230 6320 6321 6231)
4(6320 6410 6411 6321)
4(6410 6500 6501 6411)
4(6500 6590 6591 6501)
4(6590 6680 6681 6591)
4(6680 6770 6771 6681)
4(6770 6860 6861 6771)
4(6860 6950 6951 6861)
4(6950 7040 7041 6951)
4(7040 7130 7131 7041)
4(7130 7220 7221 7131)
4(7220 7310 7311 7221)
4(7310 7400 7401 7311)
4(7400 7490 7491 7401)
4(7490 7580 7581 7491)
4(7580 7670 7671 7581)
4(7670 7760 7761 7671)
4(7760 7850 7851 7761)
4(7850 7940 7941 7851)
4(7940 8030 8031 7941)
4(8030 8120 8121 8031)
4(8120 8210 8211 8121)
4(8210 8300 8301 8211)
4(8300 8390 8391 8301)
4(8390 8480 8481 8391)
4(8480 8570 8571 8481)
4(8570 8660 8661 8571)
4(8660 8750 8751 8661)
4(8750 8840 8841 8751)
4(8840 8930 8931 8841)
4(8930 9020 9021 8931)
4(9020 9110 9111 9021)
4(9110 9200 9201 9111)
4(9200 9290 9291 9201)
4(9290 9380 9381 9291)
4(9380 9470 9471 9381)
4(9470 9560 9561 9471)
4(9560 9650 9651 9561)
4(9650 9740 9741 9651)
4(9740 9830 9831 9741)
4(2631 2721 2722 2632)
4(2721 2811 2812 2722)
4(2811 2901 2902 2812)
4(2901 2991 2992 2902)
4(2991 3081 3082 2992)
4(3081 3171 3172 3082)
4(3171 3261 3262 3172)
4(3261 3351 3352 3262)
4(3351 3441 3442 3352)
4(3441 3531 3532 3442)
4(3531 3621 3622 3532)
4(3621 3711 3712 3622)
4(3711 3801 3802 3712)
4(3801 3891 3892 3802)
4(3891 3981 3982 3892)
4(3981 4071 4072 3982)
4(4071 4161 4162 4072)
4(4161 4251 4252 4162)
4(4251 4341 4342 4252)
4(4341 4431 4432 4342)
4(4431 4521 4522 4432)
4(4521 4611 4612 4522)
4(4611 4701 4702 4612)
4(4701 4791 4792 4702)
4(4791 4881 4882 4792)
4(4881 4971 4972 4882)
4(4971 5061 5062 4972)
4(5061 5151 5152 5062)
4(5151 5241 5242 5152)
4(5241 5331 5332 5242)
4(5331 5421 5422 5332)
4(5421 5511 5512 5422)
4(5511 5601 5602 5512)
4(5601 5691 5692 5602)
4(5691 5781 5782 5692)
4(5781 5871 5872 5782)
4(5871 5961 5962 5872)
4(5961 6051 6052 5962)
4(6051 6141 6142 6052)
4(6141 6231 6232 6142)
4(6231 6321 6322 6232)
4(6321 6411 6412 6322)
4(6411 6501 6502 6412)
4(6501 6591 6592 6502)
4(6591 6681 6682 6592)
4(6681 6771 6772 6682)
4(6771 6861 6862 6772)
4(6861 6951 6952 6862)
4(6951 7041 7042 6952)
4(7041 7131 7132 7042)
4(7131 7221 7222 7132)
4(7221 7311 7312 7222)
4(7311 7401 7402 7312)
4(7401 7491 7492 7402)
4(7491 7581 7582 7492)
4(7581 7671 7672 7582)
4(7671 7761 7762 7672)
4(7761 7851 7852 7762)
4(7851 7941 7942 7852)
4(7941 8031 8032 7942)
4(8031 8121 8122 8032)
4(8121 8211 8212 8122)
4(8211 8301 8302 8212)
4(8301 8391 8392 8302)
4(8391 8481 8482 8392)
4(8481 8571 8572 8482)
4(8571 8661 8662 8572)
4(8661 8751 8752 8662)
4(8751 8841 8842 8752)
4(8841 8931 8932 8842)
4(8931 9021 9022 8932)
4(9021 9111 9112 9022)
4(9111 9201 9202 9112)
4(9201 9291 9292 9202)
4(9291 9381 9382 9292)
4(9381 9471 9472 9382)
4(9471 9561 9562 9472)
4(9561 9651 9652 9562)
4(9651 9741 9742 9652)
4(9741 9831 9832 9742)
4(2632 2722 2723 2633)
4(2722 2812 2813 2723)
4(2812 2902 2903 2813)
4(2902 2992 2993 2903)
4(2992 3082 3083 2993)
4(3082 3172 3173 3083)
4(3172 3262 3263 3173)
4(3262 3352 3353 3263)
4(3352 3442 3443 3353)
4(3442 3532 3533 3443)
4(3532 3622 3623 3533)
4(3622 3712 3713 3623)
4(3712 3802 3803 3713)
4(3802 3892 3893 3803)
4(3892 3982 3983 3893)
4(3982 4072 4073 3983)
4(4072 4162 4163 4073)
4(4162 4252 4253 4163)
4(4252 4342 4343 4253)
4(4342 4432 4433 4343)
4(4432 4522 4523 4433)
4(4522 4612 4613 4523)
4(4612 4702 4703 4613)
4(4702 4792 4793 4703)
4(4792 4882 4883 4793)
4(4882 4972 4973 4883)
4(4972 5062 5063 4973)
4(5062 5152 5153 5063)
4(5152 5242 5243 5153)
4(5242 5332 5333 5243)
4(5332 5422 5423 5333)
4(5422 5512 5513 5423)
4(5512 5602 5603 5513)
4(5602 5692 5693 5603)
4(5692 5782 5783 5693)
4(5782 5872 5873 5783)
4(5872 5962 5963 5873)
4(5962 6052 6053 5963)
4(6052 6142 6143 6053)
4(6142 6232 6233 6143)
4(6232 6322 6323 6233)
4(6322 6412 6413 6323)
4(6412 6502 6503 6413)
4(6502 6592 6593 6503)
4(6592 6682 6683 6593)
4(6682 6772 6773 6683)
4(6772 6862 6863 6773)
4(6862 6952 6953 6863)
4(6952 7042 7043 6953)
4(7042 7132 7133 7043)
4(7132 7222 7223 7133)
4(7222 7312 7313 7223)
4(7312 7402 7403 7313)
4(7402 7492 7493 7403)
4(7492 7582 7583 7493)
4(7582 7672 7673 7583)
4(7672 7762 7763 7673)
4(7762 7852 7853 7763)
4(7852 7942 7943 7853)
4(7942 8032 8033 7943)
4(8032 8122 8123 8033)
4(8122 8212 8213 8123)
4(8212 8302 8303 8213)
4(8302 8392 8393 8303)
4(8392 8482 8483 8393)
4(8482 8572 8573 8483)
4(8572 8662 8663 8573)
4(8662 8752 8753 8663)
4(8752 8842 8843 8753)
4(8842 8932 8933 8843)
4(8932 9022 9023 8933)
4(9022 9112 9113 9023)
4(9112 9202 9203 9113)
4(9202 9292 9293 9203)
4(9292 9382 9383 9293)
4(9382 9472 9473 9383)
4(9472 9562 9563 9473)
4(9562 9652 9653 9563)
4(9652 9742 9743 9653)
4(9742 9832 9833 9743)
4(2633 2723 2724 2634)
4(2723 2813 2814 2724)
4(2813 2903 2904 2814)
4(2903 2993 2994 2904)
4(2993 3083 3084 2994)
4(3083 3173 3174 3084)
4(3173 3263 3264 3174)
4(3263 3353 3354 3264)
4(3353 3443 3444 3354)
4(3443 3533 3534 3444)
4(3533 3623 3624 3534)
4(3623 3713 3714 3624)
4(3713 3803 3804 3714)
4(3803 3893 3894 3804)
4(3893 3983 3984 3894)
4(3983 4073 4074 3984)
4(4073 4163 4164 4074)
4(4163 4253 4254 4164)
4(4253 4343 4344 4254)
4(4343 4433 4434 4344)
4(4433 4523 4524 4434)
4(4523 4613 4614 4524)
4(4613 4703 4704 4614)
4(4703 4793 4794 4704)
4(4793 4883 4884 4794)
4(4883 4973 4974 4884)
4(4973 5063 5064 4974)
4(5063 5153 5154 5064)
4(5153 5243 5244 5154)
4(5243 5333 5334 5244)
4(5333 5423 5424 5334)
4(5423 5513 5514 5424)
4(5513 5603 5604 5514)
4(5603 5693 5694 5604)
4(5693 5783 5784 5694)
4(5783 5873 5874 5784)
4(5873 5963 5964 5874)
4(5963 6053 6054 5964)
4(6053 6143 6144 6054)
4(6143 6233 6234 6144)
4(6233 6323 6324 6234)
4(6323 6413 6414 6324)
4(6413 6503 6504 6414)
4(6503 6593 6594 6504)
4(6593 6683 6684 6594)
4(6683 6773 6774 6684)
4(6773 6863 6864 6774)
4(6863 6953 6954 6864)
4(6953 7043 7044 6954)
4(7043 7133 7134 7044)
4(7133 7223 7224 7134)
4(7223 7313 7314 7224)
4(7313 7403 7404 7314)
4(7403 7493 7494 7404)
4(7493 7583 7584 7494)
4(7583 7673 7674 7584)
4(7673 7763 7764 7674)
4(7763 7853 7854 7764)
4(7853 7943 7944 7854)
4(7943 8033 8034 7944)
4(8033 8123 8124 8034)
4(8123 8213 8214 8124)
4(8213 8303 8304 8214)
4(8303 8393 8394 8304)
4(8393 8483 8484 8394)
4(8483 8573 8574 8484)
4(8573 8663 8664 8574)
4(8663 8753 8754 8664)
4(8753 8843 8844 8754)
4(8843 8933 8934 8844)
4(8933 9023 9024 8934)
4(9023 9113 9114 9024)
4(9113 9203 9204 9114)
4(9203 9293 9294 9204)
4(9293 9383 9384 9294)
4(9383 9473 9474 9384)
4(9473 9563 9564 9474)
4(9563 9653 9654 9564)
4(9653 9743 9744 9654)
4(9743 9833 9834 9744)
4(2634 2724 2725 2635)
4(2724 2814 2815 2725)
4(2814 2904 2905 2815)
4(2904 2994 2995 2905)
4(2994 3084 3085 2995)
4(3084 3174 3175 3085)
4(3174 3264 3265 3175)
4(3264 3354 3355 3265)
4(3354 3444 3445 3355)
4(3444 3534 3535 3445)
4(3534 3624 3625 3535)
4(3624 3714 3715 3625)
4(3714 3804 3805 3715)
4(3804 3894 3895 3805)
4(3894 3984 3985 3895)
4(3984 4074 4075 3985)
4(4074 4164 4165 4075)
4(4164 4254 4255 4165)
4(4254 4344 4345 4255)
4(4344 4434 4435 4345)
4(4434 4524 4525 4435)
4(4524 4614 4615 4525)
4(4614 4704 4705 4615)
4(4704 4794 4795 4705)
4(4794 4884 4885 4795)
4(4884 4974 4975 4885)
4(4974 5064 5065 4975)
4(5064 5154 5155 5065)
4(5154 5244 5245 5155)
4(5244 5334 5335 5245)
4(5334 5424 5425 5335)
4(5424 5514 5515 5425)
4(5514 5604 5605 5515)
4(5604 5694 5695 5605)
4(5694 5784 5785 5695)
4(5784 5874 5875 5785)
4(5874 5964 5965 5875)
4(5964 6054 6055 5965)
4(6054 6144 6145 6055)
4(6144 6234 6235 6145)
4(6234 6324 6325 6235)
4(6324 6414 6415 6325)
4(6414 6504 6505 6415)
4(6504 6594 6595 6505)
4(6594 6684 6685 6595)
4(6684 6774 6775 6685)
4(6774 6864 6865 6775)
4(6864 6954 6955 6865)
4(6954 7044 7045 6955)
4(7044 7134 7135 7045)
4(7134 7224 7225 7135)
4(7224 7314 7315 7225)
4(7314 7404 7405 7315)
4(7404 7494 7495 7405)
4(7494 7584 7585 7495)
4(7584 7674 7675 7585)
4(7674 7764 7765 7675)
4(7764 7854 7855 7765)
4(7854 7944 7945 7855)
4(7944 8034 8035 7945)
4(8034 8124 8125 8035)
4(8124 8214 8215 8125)
4(8214 8304 8305 8215)
4(8304 8394 8395 8305)
4(8394 8484 8485 8395)
4(8484 8574 8575 8485)
4(8574 8664 8665 8575)
4(8664 8754 8755 8665)
4(8754 8844 8845 8755)
4(8844 8934 8935 8845)
4(8934 9024 9025 8935)
4(9024 9114 9115 9025)
4(9114 9204 9205 9115)
4(9204 9294 9295 9205)
4(9294 9384 9385 9295)
4(9384 9474 9475 9385)
4(9474 9564 9565 9475)
4(9564 9654 9655 9565)
4(9654 9744 9745 9655)
4(9744 9834 9835 9745)
4(2635 2725 2726 2636)
4(2725 2815 2816 2726)
4(2815 2905 2906 2816)
4(2905 2995 2996 2906)
4(2995 3085 3086 2996)
4(3085 3175 3176 3086)
4(3175 3265 3266 3176)
4(3265 3355 3356 3266)
4(3355 3445 3446 3356)
4(3445 3535 3536 3446)
4(3535 3625 3626 3536)
4(3625 3715 3716 3626)
4(3715 3805 3806 3716)
4(3805 3895 3896 3806)
4(3895 3985 3986 3896)
4(3985 4075 4076 3986)
4(4075 4165 4166 4076)
4(4165 4255 4256 4166)
4(4255 4345 4346 4256)
4(4345 4435 4436 4346)
4(4435 4525 4526 4436)
4(4525 4615 4616 4526)
4(4615 4705 4706 4616)
4(4705 4795 4796 4706)
4(4795 4885 4886 4796)
4(4885 4975 4976 4886)
4(4975 5065 5066 4976)
4(5065 5155 5156 5066)
4(5155 5245 5246 5156)
4(5245 5335 5336 5246)
4(5335 5425 5426 5336)
4(5425 5515 5516 5426)
4(5515 5605 5606 5516)
4(5605 5695 5696 5606)
4(5695 5785 5786 5696)
4(5785 5875 5876 5786)
4(5875 5965 5966 5876)
4(5965 6055 6056 5966)
4(6055 6145 6146 6056)
4(6145 6235 6236 6146)
4(6235 6325 6326 6236)
4(6325 6415 6416 6326)
4(6415 6505 6506 6416)
4(6505 6595 6596 6506)
4(6595 6685 6686 6596)
4(6685 6775 6776 6686)
4(6775 6865 6866 6776)
4(6865 6955 6956 6866)
4(6955 7045 7046 6956)
4(7045 7135 7136 7046)
4(7135 7225 7226 7136)
4(7225 7315 7316 7226)
4(7315 7405 7406 7316)
4(7405 7495 7496 7406)
4(7495 7585 7586 7496)
4(7585 7675 7676 7586)
4(7675 7765 7766 7676)
4(7765 7855 7856 7766)
4(7855 7945 7946 7856)
4(7945 8035 8036 7946)
4(8035 8125 8126 8036)
4(8125 8215 8216 8126)
4(8215 8305 8306 8216)
4(8305 8395 8396 8306)
4(8395 8485 8486 8396)
4(8485 8575 8576 8486)
4(8575 8665 8666 8576)
4(8665 8755 8756 8666)
4(8755 8845 8846 8756)
4(8845 8935 8936 8846)
4(8935 9025 9026 8936)
4(9025 9115 9116 9026)
4(9115 9205 9206 9116)
4(9205 9295 9296 9206)
4(9295 9385 9386 9296)
4(9385 9475 9476 9386)
4(9475 9565 9566 9476)
4(9565 9655 9656 9566)
4(9655 9745 9746 9656)
4(9745 9835 9836 9746)
4(2636 2726 2727 2637)
4(2726 2816 2817 2727)
4(2816 2906 2907 2817)
4(2906 2996 2997 2907)
4(2996 3086 3087 2997)
4(3086 3176 3177 3087)
4(3176 3266 3267 3177)
4(3266 3356 3357 3267)
4(3356 3446 3447 3357)
4(3446 3536 3537 3447)
4(3536 3626 3627 3537)
4(3626 3716 3717 3627)
4(3716 3806 3807 3717)
4(3806 3896 3897 3807)
4(3896 3986 3987 3897)
4(3986 4076 4077 3987)
4(4076 4166 4167 4077)
4(4166 4256 4257 4167)
4(4256 4346 4347 4257)
4(4346 4436 4437 4347)
4(4436 4526 4527 4437)
4(4526 4616 4617 4527)
4(4616 4706 4707 4617)
4(4706 4796 4797 4707)
4(4796 4886 4887 4797)
4(4886 4976 4977 4887)
4(4976 5066 5067 4977)
4(5066 5156 5157 5067)
4(5156 5246 5247 5157)
4(5246 5336 5337 5247)
4(5336 5426 5427 5337)
4(5426 5516 5517 5427)
4(5516 5606 5607 5517)
4(5606 5696 5697 5607)
4(5696 5786 5787 5697)
4(5786 5876 5877 5787)
4(5876 5966 5967 5877)
4(5966 6056 6057 5967)
4(6056 6146 6147 6057)
4(6146 6236 6237 6147)
4(6236 6326 6327 6237)
4(6326 6416 6417 6327)
4(6416 6506 6507 6417)
4(6506 6596 6597 6507)
4(6596 6686 6687 6597)
4(6686 6776 6777 6687)
4(6776 6866 6867 6777)
4(6866 6956 6957 6867)
4(6956 7046 7047 6957)
4(7046 7136 7137 7047)
4(7136 7226 7227 7137)
4(7226 7316 7317 7227)
4(7316 7406 7407 7317)
4(7406 7496 7497 7407)
4(7496 7586 7587 7497)
4(7586 7676 7677 7587)
4(7676 7766 7767 7677)
4(7766 7856 7857 7767)
4(7856 7946 7947 7857)
4(7946 8036 8037 7947)
4(8036 8126 8127 8037)
4(8126 8216 8217 8127)
4(8216 8306 8307 8217)
4(8306 8396 8397 8307)
4(8396 8486 8487 8397)
4(8486 8576 8577 8487)
4(8576 8666 8667 8577)
4(8666 8756 8757 8667)
4(8756 8846 8847 8757)
4(8846 8936 8937 8847)
4(8936 9026 9027 8937)
4(9026 9116 9117 9027)
4(9116 9206 9207 9117)
4(9206 9296 9297 9207)
4(9296 9386 9387 9297)
4(9386 9476 9477 9387)
4(9476 9566 9567 9477)
4(9566 9656 9657 9567)
4(9656 9746 9747 9657)
4(9746 9836 9837 9747)
4(2637 2727 2728 2638)
4(2727 2817 2818 2728)
4(2817 2907 2908 2818)
4(2907 2997 2998 2908)
4(2997 3087 3088 2998)
4(3087 3177 3178 3088)
4(3177 3267 3268 3178)
4(3267 3357 3358 3268)
4(3357 3447 3448 3358)
4(3447 3537 3538 3448)
4(3537 3627 3628 3538)
4(3627 3717 3718 3628)
4(3717 3807 3808 3718)
4(3807 3897 3898 3808)
4(3897 3987 3988 3898)
4(3987 4077 4078 3988)
4(4077 4167 4168 4078)
4(4167 4257 4258 4168)
4(4257 4347 4348 4258)
4(4347 4437 4438 4348)
4(4437 4527 4528 4438)
4(4527 4617 4618 4528)
4(4617 4707 4708 4618)
4(4707 4797 4798 4708)
4(4797 4887 4888 4798)
4(4887 4977 4978 4888)
4(4977 5067 5068 4978)
4(5067 5157 5158 5068)
4(5157 5247 5248 5158)
4(5247 5337 5338 5248)
4(5337 5427 5428 5338)
4(5427 5517 5518 5428)
4(5517 5607 5608 5518)
4(5607 5697 5698 5608)
4(5697 5787 5788 5698)
4(5787 5877 5878 5788)
4(5877 5967 5968 5878)
4(5967 6057 6058 5968)
4(6057 6147 6148 6058)
4(6147 6237 6238 6148)
4(6237 6327 6328 6238)
4(6327 6417 6418 6328)
4(6417 6507 6508 6418)
4(6507 6597 6598 6508)
4(6597 6687 6688 6598)
4(6687 6777 6778 6688)
4(6777 6867 6868 6778)
4(6867 6957 6958 6868)
4(6957 7047 7048 6958)
4(7047 7137 7138 7048)
4(7137 7227 7228 7138)
4(7227 7317 7318 7228)
4(7317 7407 7408 7318)
4(7407 7497 7498 7408)
4(7497 7587 7588 7498)
4(7587 7677 7678 7588)
4(7677 7767 7768 7678)
4(7767 7857 7858 7768)
4(7857 7947 7948 7858)
4(7947 8037 8038 7948)
4(8037 8127 8128 8038)
4(8127 8217 8218 8128)
4(8217 8307 8308 8218)
4(8307 8397 8398 8308)
4(8397 8487 8488 8398)
4(8487 8577 8578 8488)
4(8577 8667 8668 8578)
4(8667 8757 8758 8668)
4(8757 8847 8848 8758)
4(8847 8937 8938 8848)
4(8937 9027 9028 8938)
4(9027 9117 9118 9028)
4(9117 9207 9208 9118)
4(9207 9297 9298 9208)
4(9297 9387 9388 9298)
4(9387 9477 9478 9388)
4(9477 9567 9568 9478)
4(9567 9657 9658 9568)
4(9657 9747 9748 9658)
4(9747 9837 9838 9748)
4(2638 2728 2729 2639)
4(2728 2818 2819 2729)
4(2818 2908 2909 2819)
4(2908 2998 2999 2909)
4(2998 3088 3089 2999)
4(3088 3178 3179 3089)
4(3178 3268 3269 3179)
4(3268 3358 3359 3269)
4(3358 3448 3449 3359)
4(3448 3538 3539 3449)
4(3538 3628 3629 3539)
4(3628 3718 3719 3629)
4(3718 3808 3809 3719)
4(3808 3898 3899 3809)
4(3898 3988 3989 3899)
4(3988 4078 4079 3989)
4(4078 4168 4169 4079)
4(4168 4258 4259 4169)
4(4258 4348 4349 4259)
4(4348 4438 4439 4349)
4(4438 4528 4529 4439)
4(4528 4618 4619 4529)
4(4618 4708 4709 4619)
4(4708 4798 4799 4709)
4(4798 4888 4889 4799)
4(4888 4978 4979 4889)
4(4978 5068 5069 4979)
4(5068 5158 5159 5069)
4(5158 5248 5249 5159)
4(5248 5338 5339 5249)
4(5338 5428 5429 5339)
4(5428 5518 5519 5429)
4(5518 5608 5609 5519)
4(5608 5698 5699 5609)
4(5698 5788 5789 5699)
4(5788 5878 5879 5789)
4(5878 5968 5969 5879)
4(5968 6058 6059 5969)
4(6058 6148 6149 6059)
4(6148 6238 6239 6149)
4(6238 6328 6329 6239)
4(6328 6418 6419 6329)
4(6418 6508 6509 6419)
4(6508 6598 6599 6509)
4(6598 6688 6689 6599)
4(6688 6778 6779 6689)
4(6778 6868 6869 6779)
4(6868 6958 6959 6869)
4(6958 7048 7049 6959)
4(7048 7138 7139 7049)
4(7138 7228 7229 7139)
4(7228 7318 7319 7229)
4(7318 7408 7409 7319)
4(7408 7498 7499 7409)
4(7498 7588 7589 7499)
4(7588 7678 7679 7589)
4(7678 7768 7769 7679)
4(7768 7858 7859 7769)
4(7858 7948 7949 7859)
4(7948 8038 8039 7949)
4(8038 8128 8129 8039)
4(8128 8218 8219 8129)
4(8218 8308 8309 8219)
4(8308 8398 8399 8309)
4(8398 8488 8489 8399)
4(8488 8578 8579 8489)
4(8578 8668 8669 8579)
4(8668 8758 8759 8669)
4(8758 8848 8849 8759)
4(8848 8938 8939 8849)
4(8938 9028 9029 8939)
4(9028 9118 9119 9029)
4(9118 9208 9209 9119)
4(9208 9298 9299 9209)
4(9298 9388 9389 9299)
4(9388 9478 9479 9389)
4(9478 9568 9569 9479)
4(9568 9658 9659 9569)
4(9658 9748 9749 9659)
4(9748 9838 9839 9749)
4(2639 2729 2730 2640)
4(2729 2819 2820 2730)
4(2819 2909 2910 2820)
4(2909 2999 3000 2910)
4(2999 3089 3090 3000)
4(3089 3179 3180 3090)
4(3179 3269 3270 3180)
4(3269 3359 3360 3270)
4(3359 3449 3450 3360)
4(3449 3539 3540 3450)
4(3539 3629 3630 3540)
4(3629 3719 3720 3630)
4(3719 3809 3810 3720)
4(3809 3899 3900 3810)
4(3899 3989 3990 3900)
4(3989 4079 4080 3990)
4(4079 4169 4170 4080)
4(4169 4259 4260 4170)
4(4259 4349 4350 4260)
4(4349 4439 4440 4350)
4(4439 4529 4530 4440)
4(4529 4619 4620 4530)
4(4619 4709 4710 4620)
4(4709 4799 4800 4710)
4(4799 4889 4890 4800)
4(4889 4979 4980 4890)
4(4979 5069 5070 4980)
4(5069 5159 5160 5070)
4(5159 5249 5250 5160)
4(5249 5339 5340 5250)
4(5339 5429 5430 5340)
4(5429 5519 5520 5430)
4(5519 5609 5610 5520)
4(5609 5699 5700 5610)
4(5699 5789 5790 5700)
4(5789 5879 5880 5790)
4(5879 5969 5970 5880)
4(5969 6059 6060 5970)
4(6059 6149 6150 6060)
4(6149 6239 6240 6150)
4(6239 6329 6330 6240)
4(6329 6419 6420 6330)
4(6419 6509 6510 6420)
4(6509 6599 6600 6510)
4(6599 6689 6690 6600)
4(6689 6779 6780 6690)
4(6779 6869 6870 6780)
4(6869 6959 6960 6870)
4(6959 7049 7050 6960)
4(7049 7139 7140 7050)
4(7139 7229 7230 7140)
4(7229 7319 7320 7230)
4(7319 7409 7410 7320)
4(7409 7499 7500 7410)
4(7499 7589 7590 7500)
4(7589 7679 7680 7590)
4(7679 7769 7770 7680)
4(7769 7859 7860 7770)
4(7859 7949 7950 7860)
4(7949 8039 8040 7950)
4(8039 8129 8130 8040)
4(8129 8219 8220 8130)
4(8219 8309 8310 8220)
4(8309 8399 8400 8310)
4(8399 8489 8490 8400)
4(8489 8579 8580 8490)
4(8579 8669 8670 8580)
4(8669 8759 8760 8670)
4(8759 8849 8850 8760)
4(8849 8939 8940 8850)
4(8939 9029 9030 8940)
4(9029 9119 9120 9030)
4(9119 9209 9210 9120)
4(9209 9299 9300 9210)
4(9299 9389 9390 9300)
4(9389 9479 9480 9390)
4(9479 9569 9570 9480)
4(9569 9659 9660 9570)
4(9659 9749 9750 9660)
4(9749 9839 9840 9750)
4(2640 2730 2731 2641)
4(2730 2820 2821 2731)
4(2820 2910 2911 2821)
4(2910 3000 3001 2911)
4(3000 3090 3091 3001)
4(3090 3180 3181 3091)
4(3180 3270 3271 3181)
4(3270 3360 3361 3271)
4(3360 3450 3451 3361)
4(3450 3540 3541 3451)
4(3540 3630 3631 3541)
4(3630 3720 3721 3631)
4(3720 3810 3811 3721)
4(3810 3900 3901 3811)
4(3900 3990 3991 3901)
4(3990 4080 4081 3991)
4(4080 4170 4171 4081)
4(4170 4260 4261 4171)
4(4260 4350 4351 4261)
4(4350 4440 4441 4351)
4(4440 4530 4531 4441)
4(4530 4620 4621 4531)
4(4620 4710 4711 4621)
4(4710 4800 4801 4711)
4(4800 4890 4891 4801)
4(4890 4980 4981 4891)
4(4980 5070 5071 4981)
4(5070 5160 5161 5071)
4(5160 5250 5251 5161)
4(5250 5340 5341 5251)
4(5340 5430 5431 5341)
4(5430 5520 5521 5431)
4(5520 5610 5611 5521)
4(5610 5700 5701 5611)
4(5700 5790 5791 5701)
4(5790 5880 5881 5791)
4(5880 5970 5971 5881)
4(5970 6060 6061 5971)
4(6060 6150 6151 6061)
4(6150 6240 6241 6151)
4(6240 6330 6331 6241)
4(6330 6420 6421 6331)
4(6420 6510 6511 6421)
4(6510 6600 6601 6511)
4(6600 6690 6691 6601)
4(6690 6780 6781 6691)
4(6780 6870 6871 6781)
4(6870 6960 6961 6871)
4(6960 7050 7051 6961)
4(7050 7140 7141 7051)
4(7140 7230 7231 7141)
4(7230 7320 7321 7231)
4(7320 7410 7411 7321)
4(7410 7500 7501 7411)
4(7500 7590 7591 7501)
4(7590 7680 7681 7591)
4(7680 7770 7771 7681)
4(7770 7860 7861 7771)
4(7860 7950 7951 7861)
4(7950 8040 8041 7951)
4(8040 8130 8131 8041)
4(8130 8220 8221 8131)
4(8220 8310 8311 8221)
4(8310 8400 8401 8311)
4(8400 8490 8491 8401)
4(8490 8580 8581 8491)
4(8580 8670 8671 8581)
4(8670 8760 8761 8671)
4(8760 8850 8851 8761)
4(8850 8940 8941 8851)
4(8940 9030 9031 8941)
4(9030 9120 9121 9031)
4(9120 9210 9211 9121)
4(9210 9300 9301 9211)
4(9300 9390 9391 9301)
4(9390 9480 9481 9391)
4(9480 9570 9571 9481)
4(9570 9660 9661 9571)
4(9660 9750 9751 9661)
4(9750 9840 9841 9751)
4(2641 2731 2732 2642)
4(2731 2821 2822 2732)
4(2821 2911 2912 2822)
4(2911 3001 3002 2912)
4(3001 3091 3092 3002)
4(3091 3181 3182 3092)
4(3181 3271 3272 3182)
4(3271 3361 3362 3272)
4(3361 3451 3452 3362)
4(3451 3541 3542 3452)
4(3541 3631 3632 3542)
4(3631 3721 3722 3632)
4(3721 3811 3812 3722)
4(3811 3901 3902 3812)
4(3901 3991 3992 3902)
4(3991 4081 4082 3992)
4(4081 4171 4172 4082)
4(4171 4261 4262 4172)
4(4261 4351 4352 4262)
4(4351 4441 4442 4352)
4(4441 4531 4532 4442)
4(4531 4621 4622 4532)
4(4621 4711 4712 4622)
4(4711 4801 4802 4712)
4(4801 4891 4892 4802)
4(4891 4981 4982 4892)
4(4981 5071 5072 4982)
4(5071 5161 5162 5072)
4(5161 5251 5252 5162)
4(5251 5341 5342 5252)
4(5341 5431 5432 5342)
4(5431 5521 5522 5432)
4(5521 5611 5612 5522)
4(5611 5701 5702 5612)
4(5701 5791 5792 5702)
4(5791 5881 5882 5792)
4(5881 5971 5972 5882)
4(5971 6061 6062 5972)
4(6061 6151 6152 6062)
4(6151 6241 6242 6152)
4(6241 6331 6332 6242)
4(6331 6421 6422 6332)
4(6421 6511 6512 6422)
4(6511 6601 6602 6512)
4(6601 6691 6692 6602)
4(6691 6781 6782 6692)
4(6781 6871 6872 6782)
4(6871 6961 6962 6872)
4(6961 7051 7052 6962)
4(7051 7141 7142 7052)
4(7141 7231 7232 7142)
4(7231 7321 7322 7232)
4(7321 7411 7412 7322)
4(7411 7501 7502 7412)
4(7501 7591 7592 7502)
4(7591 7681 7682 7592)
4(7681 7771 7772 7682)
4(7771 7861 7862 7772)
4(7861 7951 7952 7862)
4(7951 8041 8042 7952)
4(8041 8131 8132 8042)
4(8131 8221 8222 8132)
4(8221 8311 8312 8222)
4(8311 8401 8402 8312)
4(8401 8491 8492 8402)
4(8491 8581 8582 8492)
4(8581 8671 8672 8582)
4(8671 8761 8762 8672)
4(8761 8851 8852 8762)
4(8851 8941 8942 8852)
4(8941 9031 9032 8942)
4(9031 9121 9122 9032)
4(9121 9211 9212 9122)
4(9211 9301 9302 9212)
4(9301 9391 9392 9302)
4(9391 9481 9482 9392)
4(9481 9571 9572 9482)
4(9571 9661 9662 9572)
4(9661 9751 9752 9662)
4(9751 9841 9842 9752)
4(2642 2732 2733 2643)
4(2732 2822 2823 2733)
4(2822 2912 2913 2823)
4(2912 3002 3003 2913)
4(3002 3092 3093 3003)
4(3092 3182 3183 3093)
4(3182 3272 3273 3183)
4(3272 3362 3363 3273)
4(3362 3452 3453 3363)
4(3452 3542 3543 3453)
4(3542 3632 3633 3543)
4(3632 3722 3723 3633)
4(3722 3812 3813 3723)
4(3812 3902 3903 3813)
4(3902 3992 3993 3903)
4(3992 4082 4083 3993)
4(4082 4172 4173 4083)
4(4172 4262 4263 4173)
4(4262 4352 4353 4263)
4(4352 4442 4443 4353)
4(4442 4532 4533 4443)
4(4532 4622 4623 4533)
4(4622 4712 4713 4623)
4(4712 4802 4803 4713)
4(4802 4892 4893 4803)
4(4892 4982 4983 4893)
4(4982 5072 5073 4983)
4(5072 5162 5163 5073)
4(5162 5252 5253 5163)
4(5252 5342 5343 5253)
4(5342 5432 5433 5343)
4(5432 5522 5523 5433)
4(5522 5612 5613 5523)
4(5612 5702 5703 5613)
4(5702 5792 5793 5703)
4(5792 5882 5883 5793)
4(5882 5972 5973 5883)
4(5972 6062 6063 5973)
4(6062 6152 6153 6063)
4(6152 6242 6243 6153)
4(6242 6332 6333 6243)
4(6332 6422 6423 6333)
4(6422 6512 6513 6423)
4(6512 6602 6603 6513)
4(6602 6692 6693 6603)
4(6692 6782 6783 6693)
4(6782 6872 6873 6783)
4(6872 6962 6963 6873)
4(6962 7052 7053 6963)
4(7052 7142 7143 7053)
4(7142 7232 7233 7143)
4(7232 7322 7323 7233)
4(7322 7412 7413 7323)
4(7412 7502 7503 7413)
4(7502 7592 7593 7503)
4(7592 7682 7683 7593)
4(7682 7772 7773 7683)
4(7772 7862 7863 7773)
4(7862 7952 7953 7863)
4(7952 8042 8043 7953)
4(8042 8132 8133 8043)
4(8132 8222 8223 8133)
4(8222 8312 8313 8223)
4(8312 8402 8403 8313)
4(8402 8492 8493 8403)
4(8492 8582 8583 8493)
4(8582 8672 8673 8583)
4(8672 8762 8763 8673)
4(8762 8852 8853 8763)
4(8852 8942 8943 8853)
4(8942 9032 9033 8943)
4(9032 9122 9123 9033)
4(9122 9212 9213 9123)
4(9212 9302 9303 9213)
4(9302 9392 9393 9303)
4(9392 9482 9483 9393)
4(9482 9572 9573 9483)
4(9572 9662 9663 9573)
4(9662 9752 9753 9663)
4(9752 9842 9843 9753)
4(2643 2733 2734 2644)
4(2733 2823 2824 2734)
4(2823 2913 2914 2824)
4(2913 3003 3004 2914)
4(3003 3093 3094 3004)
4(3093 3183 3184 3094)
4(3183 3273 3274 3184)
4(3273 3363 3364 3274)
4(3363 3453 3454 3364)
4(3453 3543 3544 3454)
4(3543 3633 3634 3544)
4(3633 3723 3724 3634)
4(3723 3813 3814 3724)
4(3813 3903 3904 3814)
4(3903 3993 3994 3904)
4(3993 4083 4084 3994)
4(4083 4173 4174 4084)
4(4173 4263 4264 4174)
4(4263 4353 4354 4264)
4(4353 4443 4444 4354)
4(4443 4533 4534 4444)
4(4533 4623 4624 4534)
4(4623 4713 4714 4624)
4(4713 4803 4804 4714)
4(4803 4893 4894 4804)
4(4893 4983 4984 4894)
4(4983 5073 5074 4984)
4(5073 5163 5164 5074)
4(5163 5253 5254 5164)
4(5253 5343 5344 5254)
4(5343 5433 5434 5344)
4(5433 5523 5524 5434)
4(5523 5613 5614 5524)
4(5613 5703 5704 5614)
4(5703 5793 5794 5704)
4(5793 5883 5884 5794)
4(5883 5973 5974 5884)
4(5973 6063 6064 5974)
4(6063 6153 6154 6064)
4(6153 6243 6244 6154)
4(6243 6333 6334 6244)
4(6333 6423 6424 6334)
4(6423 6513 6514 6424)
4(6513 6603 6604 6514)
4(6603 6693 6694 6604)
4(6693 6783 6784 6694)
4(6783 6873 6874 6784)
4(6873 6963 6964 6874)
4(6963 7053 7054 6964)
4(7053 7143 7144 7054)
4(7143 7233 7234 7144)
4(7233 7323 7324 7234)
4(7323 7413 7414 7324)
4(7413 7503 7504 7414)
4(7503 7593 7594 7504)
4(7593 7683 7684 7594)
4(7683 7773 7774 7684)
4(7773 7863 7864 7774)
4(7863 7953 7954 7864)
4(7953 8043 8044 7954)
4(8043 8133 8134 8044)
4(8133 8223 8224 8134)
4(8223 8313 8314 8224)
4(8313 8403 8404 8314)
4(8403 8493 8494 8404)
4(8493 8583 8584 8494)
4(8583 8673 8674 8584)
4(8673 8763 8764 8674)
4(8763 8853 8854 8764)
4(8853 8943 8944 8854)
4(8943 9033 9034 8944)
4(9033 9123 9124 9034)
4(9123 9213 9214 9124)
4(9213 9303 9304 9214)
4(9303 9393 9394 9304)
4(9393 9483 9484 9394)
4(9483 9573 9574 9484)
4(9573 9663 9664 9574)
4(9663 9753 9754 9664)
4(9753 9843 9844 9754)
4(2644 2734 2735 2645)
4(2734 2824 2825 2735)
4(2824 2914 2915 2825)
4(2914 3004 3005 2915)
4(3004 3094 3095 3005)
4(3094 3184 3185 3095)
4(3184 3274 3275 3185)
4(3274 3364 3365 3275)
4(3364 3454 3455 3365)
4(3454 3544 3545 3455)
4(3544 3634 3635 3545)
4(3634 3724 3725 3635)
4(3724 3814 3815 3725)
4(3814 3904 3905 3815)
4(3904 3994 3995 3905)
4(3994 4084 4085 3995)
4(4084 4174 4175 4085)
4(4174 4264 4265 4175)
4(4264 4354 4355 4265)
4(4354 4444 4445 4355)
4(4444 4534 4535 4445)
4(4534 4624 4625 4535)
4(4624 4714 4715 4625)
4(4714 4804 4805 4715)
4(4804 4894 4895 4805)
4(4894 4984 4985 4895)
4(4984 5074 5075 4985)
4(5074 5164 5165 5075)
4(5164 5254 5255 5165)
4(5254 5344 5345 5255)
4(5344 5434 5435 5345)
4(5434 5524 5525 5435)
4(5524 5614 5615 5525)
4(5614 5704 5705 5615)
4(5704 5794 5795 5705)
4(5794 5884 5885 5795)
4(5884 5974 5975 5885)
4(5974 6064 6065 5975)
4(6064 6154 6155 6065)
4(6154 6244 6245 6155)
4(6244 6334 6335 6245)
4(6334 6424 6425 6335)
4(6424 6514 6515 6425)
4(6514 6604 6605 6515)
4(6604 6694 6695 6605)
4(6694 6784 6785 6695)
4(6784 6874 6875 6785)
4(6874 6964 6965 6875)
4(6964 7054 7055 6965)
4(7054 7144 7145 7055)
4(7144 7234 7235 7145)
4(7234 7324 7325 7235)
4(7324 7414 7415 7325)
4(7414 7504 7505 7415)
4(7504 7594 7595 7505)
4(7594 7684 7685 7595)
4(7684 7774 7775 7685)
4(7774 7864 7865 7775)
4(7864 7954 7955 7865)
4(7954 8044 8045 7955)
4(8044 8134 8135 8045)
4(8134 8224 8225 8135)
4(8224 8314 8315 8225)
4(8314 8404 8405 8315)
4(8404 8494 8495 8405)
4(8494 8584 8585 8495)
4(8584 8674 8675 8585)
4(8674 8764 8765 8675)
4(8764 8854 8855 8765)
4(8854 8944 8945 8855)
4(8944 9034 9035 8945)
4(9034 9124 9125 9035)
4(9124 9214 9215 9125)
4(9214 9304 9305 9215)
4(9304 9394 9395 9305)
4(9394 9484 9485 9395)
4(9484 9574 9575 9485)
4(9574 9664 9665 9575)
4(9664 9754 9755 9665)
4(9754 9844 9845 9755)
4(2645 2735 2736 2646)
4(2735 2825 2826 2736)
4(2825 2915 2916 2826)
4(2915 3005 3006 2916)
4(3005 3095 3096 3006)
4(3095 3185 3186 3096)
4(3185 3275 3276 3186)
4(3275 3365 3366 3276)
4(3365 3455 3456 3366)
4(3455 3545 3546 3456)
4(3545 3635 3636 3546)
4(3635 3725 3726 3636)
4(3725 3815 3816 3726)
4(3815 3905 3906 3816)
4(3905 3995 3996 3906)
4(3995 4085 4086 3996)
4(4085 4175 4176 4086)
4(4175 4265 4266 4176)
4(4265 4355 4356 4266)
4(4355 4445 4446 4356)
4(4445 4535 4536 4446)
4(4535 4625 4626 4536)
4(4625 4715 4716 4626)
4(4715 4805 4806 4716)
4(4805 4895 4896 4806)
4(4895 4985 4986 4896)
4(4985 5075 5076 4986)
4(5075 5165 5166 5076)
4(5165 5255 5256 5166)
4(5255 5345 5346 5256)
4(5345 5435 5436 5346)
4(5435 5525 5526 5436)
4(5525 5615 5616 5526)
4(5615 5705 5706 5616)
4(5705 5795 5796 5706)
4(5795 5885 5886 5796)
4(5885 5975 5976 5886)
4(5975 6065 6066 5976)
4(6065 6155 6156 6066)
4(6155 6245 6246 6156)
4(6245 6335 6336 6246)
4(6335 6425 6426 6336)
4(6425 6515 6516 6426)
4(6515 6605 6606 6516)
4(6605 6695 6696 6606)
4(6695 6785 6786 6696)
4(6785 6875 6876 6786)
4(6875 6965 6966 6876)
4(6965 7055 7056 6966)
4(7055 7145 7146 7056)
4(7145 7235 7236 7146)
4(7235 7325 7326 7236)
4(7325 7415 7416 7326)
4(7415 7505 7506 7416)
4(7505 7595 7596 7506)
4(7595 7685 7686 7596)
4(7685 7775 7776 7686)
4(7775 7865 7866 7776)
4(7865 7955 7956 7866)
4(7955 8045 8046 7956)
4(8045 8135 8136 8046)
4(8135 8225 8226 8136)
4(8225 8315 8316 8226)
4(8315 8405 8406 8316)
4(8405 8495 8496 8406)
4(8495 8585 8586 8496)
4(8585 8675 8676 8586)
4(8675 8765 8766 8676)
4(8765 8855 8856 8766)
4(8855 8945 8946 8856)
4(8945 9035 9036 8946)
4(9035 9125 9126 9036)
4(9125 9215 9216 9126)
4(9215 9305 9306 9216)
4(9305 9395 9396 9306)
4(9395 9485 9486 9396)
4(9485 9575 9576 9486)
4(9575 9665 9666 9576)
4(9665 9755 9756 9666)
4(9755 9845 9846 9756)
4(2646 2736 2737 2647)
4(2736 2826 2827 2737)
4(2826 2916 2917 2827)
4(2916 3006 3007 2917)
4(3006 3096 3097 3007)
4(3096 3186 3187 3097)
4(3186 3276 3277 3187)
4(3276 3366 3367 3277)
4(3366 3456 3457 3367)
4(3456 3546 3547 3457)
4(3546 3636 3637 3547)
4(3636 3726 3727 3637)
4(3726 3816 3817 3727)
4(3816 3906 3907 3817)
4(3906 3996 3997 3907)
4(3996 4086 4087 3997)
4(4086 4176 4177 4087)
4(4176 4266 4267 4177)
4(4266 4356 4357 4267)
4(4356 4446 4447 4357)
4(4446 4536 4537 4447)
4(4536 4626 4627 4537)
4(4626 4716 4717 4627)
4(4716 4806 4807 4717)
4(4806 4896 4897 4807)
4(4896 4986 4987 4897)
4(4986 5076 5077 4987)
4(5076 5166 5167 5077)
4(5166 5256 5257 5167)
4(5256 5346 5347 5257)
4(5346 5436 5437 5347)
4(5436 5526 5527 5437)
4(5526 5616 5617 5527)
4(5616 5706 5707 5617)
4(5706 5796 5797 5707)
4(5796 5886 5887 5797)
4(5886 5976 5977 5887)
4(5976 6066 6067 5977)
4(6066 6156 6157 6067)
4(6156 6246 6247 6157)
4(6246 6336 6337 6247)
4(6336 6426 6427 6337)
4(6426 6516 6517 6427)
4(6516 6606 6607 6517)
4(6606 6696 6697 6607)
4(6696 6786 6787 6697)
4(6786 6876 6877 6787)
4(6876 6966 6967 6877)
4(6966 7056 7057 6967)
4(7056 7146 7147 7057)
4(7146 7236 7237 7147)
4(7236 7326 7327 7237)
4(7326 7416 7417 7327)
4(7416 7506 7507 7417)
4(7506 7596 7597 7507)
4(7596 7686 7687 7597)
4(7686 7776 7777 7687)
4(7776 7866 7867 7777)
4(7866 7956 7957 7867)
4(7956 8046 8047 7957)
4(8046 8136 8137 8047)
4(8136 8226 8227 8137)
4(8226 8316 8317 8227)
4(8316 8406 8407 8317)
4(8406 8496 8497 8407)
4(8496 8586 8587 8497)
4(8586 8676 8677 8587)
4(8676 8766 8767 8677)
4(8766 8856 8857 8767)
4(8856 8946 8947 8857)
4(8946 9036 9037 8947)
4(9036 9126 9127 9037)
4(9126 9216 9217 9127)
4(9216 9306 9307 9217)
4(9306 9396 9397 9307)
4(9396 9486 9487 9397)
4(9486 9576 9577 9487)
4(9576 9666 9667 9577)
4(9666 9756 9757 9667)
4(9756 9846 9847 9757)
4(2647 2737 2738 2648)
4(2737 2827 2828 2738)
4(2827 2917 2918 2828)
4(2917 3007 3008 2918)
4(3007 3097 3098 3008)
4(3097 3187 3188 3098)
4(3187 3277 3278 3188)
4(3277 3367 3368 3278)
4(3367 3457 3458 3368)
4(3457 3547 3548 3458)
4(3547 3637 3638 3548)
4(3637 3727 3728 3638)
4(3727 3817 3818 3728)
4(3817 3907 3908 3818)
4(3907 3997 3998 3908)
4(3997 4087 4088 3998)
4(4087 4177 4178 4088)
4(4177 4267 4268 4178)
4(4267 4357 4358 4268)
4(4357 4447 4448 4358)
4(4447 4537 4538 4448)
4(4537 4627 4628 4538)
4(4627 4717 4718 4628)
4(4717 4807 4808 4718)
4(4807 4897 4898 4808)
4(4897 4987 4988 4898)
4(4987 5077 5078 4988)
4(5077 5167 5168 5078)
4(5167 5257 5258 5168)
4(5257 5347 5348 5258)
4(5347 5437 5438 5348)
4(5437 5527 5528 5438)
4(5527 5617 5618 5528)
4(5617 5707 5708 5618)
4(5707 5797 5798 5708)
4(5797 5887 5888 5798)
4(5887 5977 5978 5888)
4(5977 6067 6068 5978)
4(6067 6157 6158 6068)
4(6157 6247 6248 6158)
4(6247 6337 6338 6248)
4(6337 6427 6428 6338)
4(6427 6517 6518 6428)
4(6517 6607 6608 6518)
4(6607 6697 6698 6608)
4(6697 6787 6788 6698)
4(6787 6877 6878 6788)
4(6877 6967 6968 6878)
4(6967 7057 7058 6968)
4(7057 7147 7148 7058)
4(7147 7237 7238 7148)
4(7237 7327 7328 7238)
4(7327 7417 7418 7328)
4(7417 7507 7508 7418)
4(7507 7597 7598 7508)
4(7597 7687 7688 7598)
4(7687 7777 7778 7688)
4(7777 7867 7868 7778)
4(7867 7957 7958 7868)
4(7957 8047 8048 7958)
4(8047 8137 8138 8048)
4(8137 8227 8228 8138)
4(8227 8317 8318 8228)
4(8317 8407 8408 8318)
4(8407 8497 8498 8408)
4(8497 8587 8588 8498)
4(8587 8677 8678 8588)
4(8677 8767 8768 8678)
4(8767 8857 8858 8768)
4(8857 8947 8948 8858)
4(8947 9037 9038 8948)
4(9037 9127 9128 9038)
4(9127 9217 9218 9128)
4(9217 9307 9308 9218)
4(9307 9397 9398 9308)
4(9397 9487 9488 9398)
4(9487 9577 9578 9488)
4(9577 9667 9668 9578)
4(9667 9757 9758 9668)
4(9757 9847 9848 9758)
4(2648 2738 2739 2649)
4(2738 2828 2829 2739)
4(2828 2918 2919 2829)
4(2918 3008 3009 2919)
4(3008 3098 3099 3009)
4(3098 3188 3189 3099)
4(3188 3278 3279 3189)
4(3278 3368 3369 3279)
4(3368 3458 3459 3369)
4(3458 3548 3549 3459)
4(3548 3638 3639 3549)
4(3638 3728 3729 3639)
4(3728 3818 3819 3729)
4(3818 3908 3909 3819)
4(3908 3998 3999 3909)
4(3998 4088 4089 3999)
4(4088 4178 4179 4089)
4(4178 4268 4269 4179)
4(4268 4358 4359 4269)
4(4358 4448 4449 4359)
4(4448 4538 4539 4449)
4(4538 4628 4629 4539)
4(4628 4718 4719 4629)
4(4718 4808 4809 4719)
4(4808 4898 4899 4809)
4(4898 4988 4989 4899)
4(4988 5078 5079 4989)
4(5078 5168 5169 5079)
4(5168 5258 5259 5169)
4(5258 5348 5349 5259)
4(5348 5438 5439 5349)
4(5438 5528 5529 5439)
4(5528 5618 5619 5529)
4(5618 5708 5709 5619)
4(5708 5798 5799 5709)
4(5798 5888 5889 5799)
4(5888 5978 5979 5889)
4(5978 6068 6069 5979)
4(6068 6158 6159 6069)
4(6158 6248 6249 6159)
4(6248 6338 6339 6249)
4(6338 6428 6429 6339)
4(6428 6518 6519 6429)
4(6518 6608 6609 6519)
4(6608 6698 6699 6609)
4(6698 6788 6789 6699)
4(6788 6878 6879 6789)
4(6878 6968 6969 6879)
4(6968 7058 7059 6969)
4(7058 7148 7149 7059)
4(7148 7238 7239 7149)
4(7238 7328 7329 7239)
4(7328 7418 7419 7329)
4(7418 7508 7509 7419)
4(7508 7598 7599 7509)
4(7598 7688 7689 7599)
4(7688 7778 7779 7689)
4(7778 7868 7869 7779)
4(7868 7958 7959 7869)
4(7958 8048 8049 7959)
4(8048 8138 8139 8049)
4(8138 8228 8229 8139)
4(8228 8318 8319 8229)
4(8318 8408 8409 8319)
4(8408 8498 8499 8409)
4(8498 8588 8589 8499)
4(8588 8678 8679 8589)
4(8678 8768 8769 8679)
4(8768 8858 8859 8769)
4(8858 8948 8949 8859)
4(8948 9038 9039 8949)
4(9038 9128 9129 9039)
4(9128 9218 9219 9129)
4(9218 9308 9309 9219)
4(9308 9398 9399 9309)
4(9398 9488 9489 9399)
4(9488 9578 9579 9489)
4(9578 9668 9669 9579)
4(9668 9758 9759 9669)
4(9758 9848 9849 9759)
4(2649 2739 2740 2650)
4(2739 2829 2830 2740)
4(2829 2919 2920 2830)
4(2919 3009 3010 2920)
4(3009 3099 3100 3010)
4(3099 3189 3190 3100)
4(3189 3279 3280 3190)
4(3279 3369 3370 3280)
4(3369 3459 3460 3370)
4(3459 3549 3550 3460)
4(3549 3639 3640 3550)
4(3639 3729 3730 3640)
4(3729 3819 3820 3730)
4(3819 3909 3910 3820)
4(3909 3999 4000 3910)
4(3999 4089 4090 4000)
4(4089 4179 4180 4090)
4(4179 4269 4270 4180)
4(4269 4359 4360 4270)
4(4359 4449 4450 4360)
4(4449 4539 4540 4450)
4(4539 4629 4630 4540)
4(4629 4719 4720 4630)
4(4719 4809 4810 4720)
4(4809 4899 4900 4810)
4(4899 4989 4990 4900)
4(4989 5079 5080 4990)
4(5079 5169 5170 5080)
4(5169 5259 5260 5170)
4(5259 5349 5350 5260)
4(5349 5439 5440 5350)
4(5439 5529 5530 5440)
4(5529 5619 5620 5530)
4(5619 5709 5710 5620)
4(5709 5799 5800 5710)
4(5799 5889 5890 5800)
4(5889 5979 5980 5890)
4(5979 6069 6070 5980)
4(6069 6159 6160 6070)
4(6159 6249 6250 6160)
4(6249 6339 6340 6250)
4(6339 6429 6430 6340)
4(6429 6519 6520 6430)
4(6519 6609 6610 6520)
4(6609 6699 6700 6610)
4(6699 6789 6790 6700)
4(6789 6879 6880 6790)
4(6879 6969 6970 6880)
4(6969 7059 7060 6970)
4(7059 7149 7150 7060)
4(7149 7239 7240 7150)
4(7239 7329 7330 7240)
4(7329 7419 7420 7330)
4(7419 7509 7510 7420)
4(7509 7599 7600 7510)
4(7599 7689 7690 7600)
4(7689 7779 7780 7690)
4(7779 7869 7870 7780)
4(7869 7959 7960 7870)
4(7959 8049 8050 7960)
4(8049 8139 8140 8050)
4(8139 8229 8230 8140)
4(8229 8319 8320 8230)
4(8319 8409 8410 8320)
4(8409 8499 8500 8410)
4(8499 8589 8590 8500)
4(8589 8679 8680 8590)
4(8679 8769 8770 8680)
4(8769 8859 8860 8770)
4(8859 8949 8950 8860)
4(8949 9039 9040 8950)
4(9039 9129 9130 9040)
4(9129 9219 9220 9130)
4(9219 9309 9310 9220)
4(9309 9399 9400 9310)
4(9399 9489 9490 9400)
4(9489 9579 9580 9490)
4(9579 9669 9670 9580)
4(9669 9759 9760 9670)
4(9759 9849 9850 9760)
4(2650 2740 2741 2651)
4(2740 2830 2831 2741)
4(2830 2920 2921 2831)
4(2920 3010 3011 2921)
4(3010 3100 3101 3011)
4(3100 3190 3191 3101)
4(3190 3280 3281 3191)
4(3280 3370 3371 3281)
4(3370 3460 3461 3371)
4(3460 3550 3551 3461)
4(3550 3640 3641 3551)
4(3640 3730 3731 3641)
4(3730 3820 3821 3731)
4(3820 3910 3911 3821)
4(3910 4000 4001 3911)
4(4000 4090 4091 4001)
4(4090 4180 4181 4091)
4(4180 4270 4271 4181)
4(4270 4360 4361 4271)
4(4360 4450 4451 4361)
4(4450 4540 4541 4451)
4(4540 4630 4631 4541)
4(4630 4720 4721 4631)
4(4720 4810 4811 4721)
4(4810 4900 4901 4811)
4(4900 4990 4991 4901)
4(4990 5080 5081 4991)
4(5080 5170 5171 5081)
4(5170 5260 5261 5171)
4(5260 5350 5351 5261)
4(5350 5440 5441 5351)
4(5440 5530 5531 5441)
4(5530 5620 5621 5531)
4(5620 5710 5711 5621)
4(5710 5800 5801 5711)
4(5800 5890 5891 5801)
4(5890 5980 5981 5891)
4(5980 6070 6071 5981)
4(6070 6160 6161 6071)
4(6160 6250 6251 6161)
4(6250 6340 6341 6251)
4(6340 6430 6431 6341)
4(6430 6520 6521 6431)
4(6520 6610 6611 6521)
4(6610 6700 6701 6611)
4(6700 6790 6791 6701)
4(6790 6880 6881 6791)
4(6880 6970 6971 6881)
4(6970 7060 7061 6971)
4(7060 7150 7151 7061)
4(7150 7240 7241 7151)
4(7240 7330 7331 7241)
4(7330 7420 7421 7331)
4(7420 7510 7511 7421)
4(7510 7600 7601 7511)
4(7600 7690 7691 7601)
4(7690 7780 7781 7691)
4(7780 7870 7871 7781)
4(7870 7960 7961 7871)
4(7960 8050 8051 7961)
4(8050 8140 8141 8051)
4(8140 8230 8231 8141)
4(8230 8320 8321 8231)
4(8320 8410 8411 8321)
4(8410 8500 8501 8411)
4(8500 8590 8591 8501)
4(8590 8680 8681 8591)
4(8680 8770 8771 8681)
4(8770 8860 8861 8771)
4(8860 8950 8951 8861)
4(8950 9040 9041 8951)
4(9040 9130 9131 9041)
4(9130 9220 9221 9131)
4(9220 9310 9311 9221)
4(9310 9400 9401 9311)
4(9400 9490 9491 9401)
4(9490 9580 9581 9491)
4(9580 9670 9671 9581)
4(9670 9760 9761 9671)
4(9760 9850 9851 9761)
4(2651 2741 2742 2652)
4(2741 2831 2832 2742)
4(2831 2921 2922 2832)
4(2921 3011 3012 2922)
4(3011 3101 3102 3012)
4(3101 3191 3192 3102)
4(3191 3281 3282 3192)
4(3281 3371 3372 3282)
4(3371 3461 3462 3372)
4(3461 3551 3552 3462)
4(3551 3641 3642 3552)
4(3641 3731 3732 3642)
4(3731 3821 3822 3732)
4(3821 3911 3912 3822)
4(3911 4001 4002 3912)
4(4001 4091 4092 4002)
4(4091 4181 4182 4092)
4(4181 4271 4272 4182)
4(4271 4361 4362 4272)
4(4361 4451 4452 4362)
4(4451 4541 4542 4452)
4(4541 4631 4632 4542)
4(4631 4721 4722 4632)
4(4721 4811 4812 4722)
4(4811 4901 4902 4812)
4(4901 4991 4992 4902)
4(4991 5081 5082 4992)
4(5081 5171 5172 5082)
4(5171 5261 5262 5172)
4(5261 5351 5352 5262)
4(5351 5441 5442 5352)
4(5441 5531 5532 5442)
4(5531 5621 5622 5532)
4(5621 5711 5712 5622)
4(5711 5801 5802 5712)
4(5801 5891 5892 5802)
4(5891 5981 5982 5892)
4(5981 6071 6072 5982)
4(6071 6161 6162 6072)
4(6161 6251 6252 6162)
4(6251 6341 6342 6252)
4(6341 6431 6432 6342)
4(6431 6521 6522 6432)
4(6521 6611 6612 6522)
4(6611 6701 6702 6612)
4(6701 6791 6792 6702)
4(6791 6881 6882 6792)
4(6881 6971 6972 6882)
4(6971 7061 7062 6972)
4(7061 7151 7152 7062)
4(7151 7241 7242 7152)
4(7241 7331 7332 7242)
4(7331 7421 7422 7332)
4(7421 7511 7512 7422)
4(7511 7601 7602 7512)
4(7601 7691 7692 7602)
4(7691 7781 7782 7692)
4(7781 7871 7872 7782)
4(7871 7961 7962 7872)
4(7961 8051 8052 7962)
4(8051 8141 8142 8052)
4(8141 8231 8232 8142)
4(8231 8321 8322 8232)
4(8321 8411 8412 8322)
4(8411 8501 8502 8412)
4(8501 8591 8592 8502)
4(8591 8681 8682 8592)
4(8681 8771 8772 8682)
4(8771 8861 8862 8772)
4(8861 8951 8952 8862)
4(8951 9041 9042 8952)
4(9041 9131 9132 9042)
4(9131 9221 9222 9132)
4(9221 9311 9312 9222)
4(9311 9401 9402 9312)
4(9401 9491 9492 9402)
4(9491 9581 9582 9492)
4(9581 9671 9672 9582)
4(9671 9761 9762 9672)
4(9761 9851 9852 9762)
4(2652 2742 2743 2653)
4(2742 2832 2833 2743)
4(2832 2922 2923 2833)
4(2922 3012 3013 2923)
4(3012 3102 3103 3013)
4(3102 3192 3193 3103)
4(3192 3282 3283 3193)
4(3282 3372 3373 3283)
4(3372 3462 3463 3373)
4(3462 3552 3553 3463)
4(3552 3642 3643 3553)
4(3642 3732 3733 3643)
4(3732 3822 3823 3733)
4(3822 3912 3913 3823)
4(3912 4002 4003 3913)
4(4002 4092 4093 4003)
4(4092 4182 4183 4093)
4(4182 4272 4273 4183)
4(4272 4362 4363 4273)
4(4362 4452 4453 4363)
4(4452 4542 4543 4453)
4(4542 4632 4633 4543)
4(4632 4722 4723 4633)
4(4722 4812 4813 4723)
4(4812 4902 4903 4813)
4(4902 4992 4993 4903)
4(4992 5082 5083 4993)
4(5082 5172 5173 5083)
4(5172 5262 5263 5173)
4(5262 5352 5353 5263)
4(5352 5442 5443 5353)
4(5442 5532 5533 5443)
4(5532 5622 5623 5533)
4(5622 5712 5713 5623)
4(5712 5802 5803 5713)
4(5802 5892 5893 5803)
4(5892 5982 5983 5893)
4(5982 6072 6073 5983)
4(6072 6162 6163 6073)
4(6162 6252 6253 6163)
4(6252 6342 6343 6253)
4(6342 6432 6433 6343)
4(6432 6522 6523 6433)
4(6522 6612 6613 6523)
4(6612 6702 6703 6613)
4(6702 6792 6793 6703)
4(6792 6882 6883 6793)
4(6882 6972 6973 6883)
4(6972 7062 7063 6973)
4(7062 7152 7153 7063)
4(7152 7242 7243 7153)
4(7242 7332 7333 7243)
4(7332 7422 7423 7333)
4(7422 7512 7513 7423)
4(7512 7602 7603 7513)
4(7602 7692 7693 7603)
4(7692 7782 7783 7693)
4(7782 7872 7873 7783)
4(7872 7962 7963 7873)
4(7962 8052 8053 7963)
4(8052 8142 8143 8053)
4(8142 8232 8233 8143)
4(8232 8322 8323 8233)
4(8322 8412 8413 8323)
4(8412 8502 8503 8413)
4(8502 8592 8593 8503)
4(8592 8682 8683 8593)
4(8682 8772 8773 8683)
4(8772 8862 8863 8773)
4(8862 8952 8953 8863)
4(8952 9042 9043 8953)
4(9042 9132 9133 9043)
4(9132 9222 9223 9133)
4(9222 9312 9313 9223)
4(9312 9402 9403 9313)
4(9402 9492 9493 9403)
4(9492 9582 9583 9493)
4(9582 9672 9673 9583)
4(9672 9762 9763 9673)
4(9762 9852 9853 9763)
4(2653 2743 2744 2654)
4(2743 2833 2834 2744)
4(2833 2923 2924 2834)
4(2923 3013 3014 2924)
4(3013 3103 3104 3014)
4(3103 3193 3194 3104)
4(3193 3283 3284 3194)
4(3283 3373 3374 3284)
4(3373 3463 3464 3374)
4(3463 3553 3554 3464)
4(3553 3643 3644 3554)
4(3643 3733 3734 3644)
4(3733 3823 3824 3734)
4(3823 3913 3914 3824)
4(3913 4003 4004 3914)
4(4003 4093 4094 4004)
4(4093 4183 4184 4094)
4(4183 4273 4274 4184)
4(4273 4363 4364 4274)
4(4363 4453 4454 4364)
4(4453 4543 4544 4454)
4(4543 4633 4634 4544)
4(4633 4723 4724 4634)
4(4723 4813 4814 4724)
4(4813 4903 4904 4814)
4(4903 4993 4994 4904)
4(4993 5083 5084 4994)
4(5083 5173 5174 5084)
4(5173 5263 5264 5174)
4(5263 5353 5354 5264)
4(5353 5443 5444 5354)
4(5443 5533 5534 5444)
4(5533 5623 5624 5534)
4(5623 5713 5714 5624)
4(5713 5803 5804 5714)
4(5803 5893 5894 5804)
4(5893 5983 5984 5894)
4(5983 6073 6074 5984)
4(6073 6163 6164 6074)
4(6163 6253 6254 6164)
4(6253 6343 6344 6254)
4(6343 6433 6434 6344)
4(6433 6523 6524 6434)
4(6523 6613 6614 6524)
4(6613 6703 6704 6614)
4(6703 6793 6794 6704)
4(6793 6883 6884 6794)
4(6883 6973 6974 6884)
4(6973 7063 7064 6974)
4(7063 7153 7154 7064)
4(7153 7243 7244 7154)
4(7243 7333 7334 7244)
4(7333 7423 7424 7334)
4(7423 7513 7514 7424)
4(7513 7603 7604 7514)
4(7603 7693 7694 7604)
4(7693 7783 7784 7694)
4(7783 7873 7874 7784)
4(7873 7963 7964 7874)
4(7963 8053 8054 7964)
4(8053 8143 8144 8054)
4(8143 8233 8234 8144)
4(8233 8323 8324 8234)
4(8323 8413 8414 8324)
4(8413 8503 8504 8414)
4(8503 8593 8594 8504)
4(8593 8683 8684 8594)
4(8683 8773 8774 8684)
4(8773 8863 8864 8774)
4(8863 8953 8954 8864)
4(8953 9043 9044 8954)
4(9043 9133 9134 9044)
4(9133 9223 9224 9134)
4(9223 9313 9314 9224)
4(9313 9403 9404 9314)
4(9403 9493 9494 9404)
4(9493 9583 9584 9494)
4(9583 9673 9674 9584)
4(9673 9763 9764 9674)
4(9763 9853 9854 9764)
4(2654 2744 2745 2655)
4(2744 2834 2835 2745)
4(2834 2924 2925 2835)
4(2924 3014 3015 2925)
4(3014 3104 3105 3015)
4(3104 3194 3195 3105)
4(3194 3284 3285 3195)
4(3284 3374 3375 3285)
4(3374 3464 3465 3375)
4(3464 3554 3555 3465)
4(3554 3644 3645 3555)
4(3644 3734 3735 3645)
4(3734 3824 3825 3735)
4(3824 3914 3915 3825)
4(3914 4004 4005 3915)
4(4004 4094 4095 4005)
4(4094 4184 4185 4095)
4(4184 4274 4275 4185)
4(4274 4364 4365 4275)
4(4364 4454 4455 4365)
4(4454 4544 4545 4455)
4(4544 4634 4635 4545)
4(4634 4724 4725 4635)
4(4724 4814 4815 4725)
4(4814 4904 4905 4815)
4(4904 4994 4995 4905)
4(4994 5084 5085 4995)
4(5084 5174 5175 5085)
4(5174 5264 5265 5175)
4(5264 5354 5355 5265)
4(5354 5444 5445 5355)
4(5444 5534 5535 5445)
4(5534 5624 5625 5535)
4(5624 5714 5715 5625)
4(5714 5804 5805 5715)
4(5804 5894 5895 5805)
4(5894 5984 5985 5895)
4(5984 6074 6075 5985)
4(6074 6164 6165 6075)
4(6164 6254 6255 6165)
4(6254 6344 6345 6255)
4(6344 6434 6435 6345)
4(6434 6524 6525 6435)
4(6524 6614 6615 6525)
4(6614 6704 6705 6615)
4(6704 6794 6795 6705)
4(6794 6884 6885 6795)
4(6884 6974 6975 6885)
4(6974 7064 7065 6975)
4(7064 7154 7155 7065)
4(7154 7244 7245 7155)
4(7244 7334 7335 7245)
4(7334 7424 7425 7335)
4(7424 7514 7515 7425)
4(7514 7604 7605 7515)
4(7604 7694 7695 7605)
4(7694 7784 7785 7695)
4(7784 7874 7875 7785)
4(7874 7964 7965 7875)
4(7964 8054 8055 7965)
4(8054 8144 8145 8055)
4(8144 8234 8235 8145)
4(8234 8324 8325 8235)
4(8324 8414 8415 8325)
4(8414 8504 8505 8415)
4(8504 8594 8595 8505)
4(8594 8684 8685 8595)
4(8684 8774 8775 8685)
4(8774 8864 8865 8775)
4(8864 8954 8955 8865)
4(8954 9044 9045 8955)
4(9044 9134 9135 9045)
4(9134 9224 9225 9135)
4(9224 9314 9315 9225)
4(9314 9404 9405 9315)
4(9404 9494 9495 9405)
4(9494 9584 9585 9495)
4(9584 9674 9675 9585)
4(9674 9764 9765 9675)
4(9764 9854 9855 9765)
4(2655 2745 2746 2656)
4(2745 2835 2836 2746)
4(2835 2925 2926 2836)
4(2925 3015 3016 2926)
4(3015 3105 3106 3016)
4(3105 3195 3196 3106)
4(3195 3285 3286 3196)
4(3285 3375 3376 3286)
4(3375 3465 3466 3376)
4(3465 3555 3556 3466)
4(3555 3645 3646 3556)
4(3645 3735 3736 3646)
4(3735 3825 3826 3736)
4(3825 3915 3916 3826)
4(3915 4005 4006 3916)
4(4005 4095 4096 4006)
4(4095 4185 4186 4096)
4(4185 4275 4276 4186)
4(4275 4365 4366 4276)
4(4365 4455 4456 4366)
4(4455 4545 4546 4456)
4(4545 4635 4636 4546)
4(4635 4725 4726 4636)
4(4725 4815 4816 4726)
4(4815 4905 4906 4816)
4(4905 4995 4996 4906)
4(4995 5085 5086 4996)
4(5085 5175 5176 5086)
4(5175 5265 5266 5176)
4(5265 5355 5356 5266)
4(5355 5445 5446 5356)
4(5445 5535 5536 5446)
4(5535 5625 5626 5536)
4(5625 5715 5716 5626)
4(5715 5805 5806 5716)
4(5805 5895 5896 5806)
4(5895 5985 5986 5896)
4(5985 6075 6076 5986)
4(6075 6165 6166 6076)
4(6165 6255 6256 6166)
4(6255 6345 6346 6256)
4(6345 6435 6436 6346)
4(6435 6525 6526 6436)
4(6525 6615 6616 6526)
4(6615 6705 6706 6616)
4(6705 6795 6796 6706)
4(6795 6885 6886 6796)
4(6885 6975 6976 6886)
4(6975 7065 7066 6976)
4(7065 7155 7156 7066)
4(7155 7245 7246 7156)
4(7245 7335 7336 7246)
4(7335 7425 7426 7336)
4(7425 7515 7516 7426)
4(7515 7605 7606 7516)
4(7605 7695 7696 7606)
4(7695 7785 7786 7696)
4(7785 7875 7876 7786)
4(7875 7965 7966 7876)
4(7965 8055 8056 7966)
4(8055 8145 8146 8056)
4(8145 8235 8236 8146)
4(8235 8325 8326 8236)
4(8325 8415 8416 8326)
4(8415 8505 8506 8416)
4(8505 8595 8596 8506)
4(8595 8685 8686 8596)
4(8685 8775 8776 8686)
4(8775 8865 8866 8776)
4(8865 8955 8956 8866)
4(8955 9045 9046 8956)
4(9045 9135 9136 9046)
4(9135 9225 9226 9136)
4(9225 9315 9316 9226)
4(9315 9405 9406 9316)
4(9405 9495 9496 9406)
4(9495 9585 9586 9496)
4(9585 9675 9676 9586)
4(9675 9765 9766 9676)
4(9765 9855 9856 9766)
4(2656 2746 2747 2657)
4(2746 2836 2837 2747)
4(2836 2926 2927 2837)
4(2926 3016 3017 2927)
4(3016 3106 3107 3017)
4(3106 3196 3197 3107)
4(3196 3286 3287 3197)
4(3286 3376 3377 3287)
4(3376 3466 3467 3377)
4(3466 3556 3557 3467)
4(3556 3646 3647 3557)
4(3646 3736 3737 3647)
4(3736 3826 3827 3737)
4(3826 3916 3917 3827)
4(3916 4006 4007 3917)
4(4006 4096 4097 4007)
4(4096 4186 4187 4097)
4(4186 4276 4277 4187)
4(4276 4366 4367 4277)
4(4366 4456 4457 4367)
4(4456 4546 4547 4457)
4(4546 4636 4637 4547)
4(4636 4726 4727 4637)
4(4726 4816 4817 4727)
4(4816 4906 4907 4817)
4(4906 4996 4997 4907)
4(4996 5086 5087 4997)
4(5086 5176 5177 5087)
4(5176 5266 5267 5177)
4(5266 5356 5357 5267)
4(5356 5446 5447 5357)
4(5446 5536 5537 5447)
4(5536 5626 5627 5537)
4(5626 5716 5717 5627)
4(5716 5806 5807 5717)
4(5806 5896 5897 5807)
4(5896 5986 5987 5897)
4(5986 6076 6077 5987)
4(6076 6166 6167 6077)
4(6166 6256 6257 6167)
4(6256 6346 6347 6257)
4(6346 6436 6437 6347)
4(6436 6526 6527 6437)
4(6526 6616 6617 6527)
4(6616 6706 6707 6617)
4(6706 6796 6797 6707)
4(6796 6886 6887 6797)
4(6886 6976 6977 6887)
4(6976 7066 7067 6977)
4(7066 7156 7157 7067)
4(7156 7246 7247 7157)
4(7246 7336 7337 7247)
4(7336 7426 7427 7337)
4(7426 7516 7517 7427)
4(7516 7606 7607 7517)
4(7606 7696 7697 7607)
4(7696 7786 7787 7697)
4(7786 7876 7877 7787)
4(7876 7966 7967 7877)
4(7966 8056 8057 7967)
4(8056 8146 8147 8057)
4(8146 8236 8237 8147)
4(8236 8326 8327 8237)
4(8326 8416 8417 8327)
4(8416 8506 8507 8417)
4(8506 8596 8597 8507)
4(8596 8686 8687 8597)
4(8686 8776 8777 8687)
4(8776 8866 8867 8777)
4(8866 8956 8957 8867)
4(8956 9046 9047 8957)
4(9046 9136 9137 9047)
4(9136 9226 9227 9137)
4(9226 9316 9317 9227)
4(9316 9406 9407 9317)
4(9406 9496 9497 9407)
4(9496 9586 9587 9497)
4(9586 9676 9677 9587)
4(9676 9766 9767 9677)
4(9766 9856 9857 9767)
4(2657 2747 2748 2658)
4(2747 2837 2838 2748)
4(2837 2927 2928 2838)
4(2927 3017 3018 2928)
4(3017 3107 3108 3018)
4(3107 3197 3198 3108)
4(3197 3287 3288 3198)
4(3287 3377 3378 3288)
4(3377 3467 3468 3378)
4(3467 3557 3558 3468)
4(3557 3647 3648 3558)
4(3647 3737 3738 3648)
4(3737 3827 3828 3738)
4(3827 3917 3918 3828)
4(3917 4007 4008 3918)
4(4007 4097 4098 4008)
4(4097 4187 4188 4098)
4(4187 4277 4278 4188)
4(4277 4367 4368 4278)
4(4367 4457 4458 4368)
4(4457 4547 4548 4458)
4(4547 4637 4638 4548)
4(4637 4727 4728 4638)
4(4727 4817 4818 4728)
4(4817 4907 4908 4818)
4(4907 4997 4998 4908)
4(4997 5087 5088 4998)
4(5087 5177 5178 5088)
4(5177 5267 5268 5178)
4(5267 5357 5358 5268)
4(5357 5447 5448 5358)
4(5447 5537 5538 5448)
4(5537 5627 5628 5538)
4(5627 5717 5718 5628)
4(5717 5807 5808 5718)
4(5807 5897 5898 5808)
4(5897 5987 5988 5898)
4(5987 6077 6078 5988)
4(6077 6167 6168 6078)
4(6167 6257 6258 6168)
4(6257 6347 6348 6258)
4(6347 6437 6438 6348)
4(6437 6527 6528 6438)
4(6527 6617 6618 6528)
4(6617 6707 6708 6618)
4(6707 6797 6798 6708)
4(6797 6887 6888 6798)
4(6887 6977 6978 6888)
4(6977 7067 7068 6978)
4(7067 7157 7158 7068)
4(7157 7247 7248 7158)
4(7247 7337 7338 7248)
4(7337 7427 7428 7338)
4(7427 7517 7518 7428)
4(7517 7607 7608 7518)
4(7607 7697 7698 7608)
4(7697 7787 7788 7698)
4(7787 7877 7878 7788)
4(7877 7967 7968 7878)
4(7967 8057 8058 7968)
4(8057 8147 8148 8058)
4(8147 8237 8238 8148)
4(8237 8327 8328 8238)
4(8327 8417 8418 8328)
4(8417 8507 8508 8418)
4(8507 8597 8598 8508)
4(8597 8687 8688 8598)
4(8687 8777 8778 8688)
4(8777 8867 8868 8778)
4(8867 8957 8958 8868)
4(8957 9047 9048 8958)
4(9047 9137 9138 9048)
4(9137 9227 9228 9138)
4(9227 9317 9318 9228)
4(9317 9407 9408 9318)
4(9407 9497 9498 9408)
4(9497 9587 9588 9498)
4(9587 9677 9678 9588)
4(9677 9767 9768 9678)
4(9767 9857 9858 9768)
4(2658 2748 2749 2659)
4(2748 2838 2839 2749)
4(2838 2928 2929 2839)
4(2928 3018 3019 2929)
4(3018 3108 3109 3019)
4(3108 3198 3199 3109)
4(3198 3288 3289 3199)
4(3288 3378 3379 3289)
4(3378 3468 3469 3379)
4(3468 3558 3559 3469)
4(3558 3648 3649 3559)
4(3648 3738 3739 3649)
4(3738 3828 3829 3739)
4(3828 3918 3919 3829)
4(3918 4008 4009 3919)
4(4008 4098 4099 4009)
4(4098 4188 4189 4099)
4(4188 4278 4279 4189)
4(4278 4368 4369 4279)
4(4368 4458 4459 4369)
4(4458 4548 4549 4459)
4(4548 4638 4639 4549)
4(4638 4728 4729 4639)
4(4728 4818 4819 4729)
4(4818 4908 4909 4819)
4(4908 4998 4999 4909)
4(4998 5088 5089 4999)
4(5088 5178 5179 5089)
4(5178 5268 5269 5179)
4(5268 5358 5359 5269)
4(5358 5448 5449 5359)
4(5448 5538 5539 5449)
4(5538 5628 5629 5539)
4(5628 5718 5719 5629)
4(5718 5808 5809 5719)
4(5808 5898 5899 5809)
4(5898 5988 5989 5899)
4(5988 6078 6079 5989)
4(6078 6168 6169 6079)
4(6168 6258 6259 6169)
4(6258 6348 6349 6259)
4(6348 6438 6439 6349)
4(6438 6528 6529 6439)
4(6528 6618 6619 6529)
4(6618 6708 6709 6619)
4(6708 6798 6799 6709)
4(6798 6888 6889 6799)
4(6888 6978 6979 6889)
4(6978 7068 7069 6979)
4(7068 7158 7159 7069)
4(7158 7248 7249 7159)
4(7248 7338 7339 7249)
4(7338 7428 7429 7339)
4(7428 7518 7519 7429)
4(7518 7608 7609 7519)
4(7608 7698 7699 7609)
4(7698 7788 7789 7699)
4(7788 7878 7879 7789)
4(7878 7968 7969 7879)
4(7968 8058 8059 7969)
4(8058 8148 8149 8059)
4(8148 8238 8239 8149)
4(8238 8328 8329 8239)
4(8328 8418 8419 8329)
4(8418 8508 8509 8419)
4(8508 8598 8599 8509)
4(8598 8688 8689 8599)
4(8688 8778 8779 8689)
4(8778 8868 8869 8779)
4(8868 8958 8959 8869)
4(8958 9048 9049 8959)
4(9048 9138 9139 9049)
4(9138 9228 9229 9139)
4(9228 9318 9319 9229)
4(9318 9408 9409 9319)
4(9408 9498 9499 9409)
4(9498 9588 9589 9499)
4(9588 9678 9679 9589)
4(9678 9768 9769 9679)
4(9768 9858 9859 9769)
4(2659 2749 2750 2660)
4(2749 2839 2840 2750)
4(2839 2929 2930 2840)
4(2929 3019 3020 2930)
4(3019 3109 3110 3020)
4(3109 3199 3200 3110)
4(3199 3289 3290 3200)
4(3289 3379 3380 3290)
4(3379 3469 3470 3380)
4(3469 3559 3560 3470)
4(3559 3649 3650 3560)
4(3649 3739 3740 3650)
4(3739 3829 3830 3740)
4(3829 3919 3920 3830)
4(3919 4009 4010 3920)
4(4009 4099 4100 4010)
4(4099 4189 4190 4100)
4(4189 4279 4280 4190)
4(4279 4369 4370 4280)
4(4369 4459 4460 4370)
4(4459 4549 4550 4460)
4(4549 4639 4640 4550)
4(4639 4729 4730 4640)
4(4729 4819 4820 4730)
4(4819 4909 4910 4820)
4(4909 4999 5000 4910)
4(4999 5089 5090 5000)
4(5089 5179 5180 5090)
4(5179 5269 5270 5180)
4(5269 5359 5360 5270)
4(5359 5449 5450 5360)
4(5449 5539 5540 5450)
4(5539 5629 5630 5540)
4(5629 5719 5720 5630)
4(5719 5809 5810 5720)
4(5809 5899 5900 5810)
4(5899 5989 5990 5900)
4(5989 6079 6080 5990)
4(6079 6169 6170 6080)
4(6169 6259 6260 6170)
4(6259 6349 6350 6260)
4(6349 6439 6440 6350)
4(6439 6529 6530 6440)
4(6529 6619 6620 6530)
4(6619 6709 6710 6620)
4(6709 6799 6800 6710)
4(6799 6889 6890 6800)
4(6889 6979 6980 6890)
4(6979 7069 7070 6980)
4(7069 7159 7160 7070)
4(7159 7249 7250 7160)
4(7249 7339 7340 7250)
4(7339 7429 7430 7340)
4(7429 7519 7520 7430)
4(7519 7609 7610 7520)
4(7609 7699 7700 7610)
4(7699 7789 7790 7700)
4(7789 7879 7880 7790)
4(7879 7969 7970 7880)
4(7969 8059 8060 7970)
4(8059 8149 8150 8060)
4(8149 8239 8240 8150)
4(8239 8329 8330 8240)
4(8329 8419 8420 8330)
4(8419 8509 8510 8420)
4(8509 8599 8600 8510)
4(8599 8689 8690 8600)
4(8689 8779 8780 8690)
4(8779 8869 8870 8780)
4(8869 8959 8960 8870)
4(8959 9049 9050 8960)
4(9049 9139 9140 9050)
4(9139 9229 9230 9140)
4(9229 9319 9320 9230)
4(9319 9409 9410 9320)
4(9409 9499 9500 9410)
4(9499 9589 9590 9500)
4(9589 9679 9680 9590)
4(9679 9769 9770 9680)
4(9769 9859 9860 9770)
4(2660 2750 2751 2661)
4(2750 2840 2841 2751)
4(2840 2930 2931 2841)
4(2930 3020 3021 2931)
4(3020 3110 3111 3021)
4(3110 3200 3201 3111)
4(3200 3290 3291 3201)
4(3290 3380 3381 3291)
4(3380 3470 3471 3381)
4(3470 3560 3561 3471)
4(3560 3650 3651 3561)
4(3650 3740 3741 3651)
4(3740 3830 3831 3741)
4(3830 3920 3921 3831)
4(3920 4010 4011 3921)
4(4010 4100 4101 4011)
4(4100 4190 4191 4101)
4(4190 4280 4281 4191)
4(4280 4370 4371 4281)
4(4370 4460 4461 4371)
4(4460 4550 4551 4461)
4(4550 4640 4641 4551)
4(4640 4730 4731 4641)
4(4730 4820 4821 4731)
4(4820 4910 4911 4821)
4(4910 5000 5001 4911)
4(5000 5090 5091 5001)
4(5090 5180 5181 5091)
4(5180 5270 5271 5181)
4(5270 5360 5361 5271)
4(5360 5450 5451 5361)
4(5450 5540 5541 5451)
4(5540 5630 5631 5541)
4(5630 5720 5721 5631)
4(5720 5810 5811 5721)
4(5810 5900 5901 5811)
4(5900 5990 5991 5901)
4(5990 6080 6081 5991)
4(6080 6170 6171 6081)
4(6170 6260 6261 6171)
4(6260 6350 6351 6261)
4(6350 6440 6441 6351)
4(6440 6530 6531 6441)
4(6530 6620 6621 6531)
4(6620 6710 6711 6621)
4(6710 6800 6801 6711)
4(6800 6890 6891 6801)
4(6890 6980 6981 6891)
4(6980 7070 7071 6981)
4(7070 7160 7161 7071)
4(7160 7250 7251 7161)
4(7250 7340 7341 7251)
4(7340 7430 7431 7341)
4(7430 7520 7521 7431)
4(7520 7610 7611 7521)
4(7610 7700 7701 7611)
4(7700 7790 7791 7701)
4(7790 7880 7881 7791)
4(7880 7970 7971 7881)
4(7970 8060 8061 7971)
4(8060 8150 8151 8061)
4(8150 8240 8241 8151)
4(8240 8330 8331 8241)
4(8330 8420 8421 8331)
4(8420 8510 8511 8421)
4(8510 8600 8601 8511)
4(8600 8690 8691 8601)
4(8690 8780 8781 8691)
4(8780 8870 8871 8781)
4(8870 8960 8961 8871)
4(8960 9050 9051 8961)
4(9050 9140 9141 9051)
4(9140 9230 9231 9141)
4(9230 9320 9321 9231)
4(9320 9410 9411 9321)
4(9410 9500 9501 9411)
4(9500 9590 9591 9501)
4(9590 9680 9681 9591)
4(9680 9770 9771 9681)
4(9770 9860 9861 9771)
4(2661 2751 2752 2662)
4(2751 2841 2842 2752)
4(2841 2931 2932 2842)
4(2931 3021 3022 2932)
4(3021 3111 3112 3022)
4(3111 3201 3202 3112)
4(3201 3291 3292 3202)
4(3291 3381 3382 3292)
4(3381 3471 3472 3382)
4(3471 3561 3562 3472)
4(3561 3651 3652 3562)
4(3651 3741 3742 3652)
4(3741 3831 3832 3742)
4(3831 3921 3922 3832)
4(3921 4011 4012 3922)
4(4011 4101 4102 4012)
4(4101 4191 4192 4102)
4(4191 4281 4282 4192)
4(4281 4371 4372 4282)
4(4371 4461 4462 4372)
4(4461 4551 4552 4462)
4(4551 4641 4642 4552)
4(4641 4731 4732 4642)
4(4731 4821 4822 4732)
4(4821 4911 4912 4822)
4(4911 5001 5002 4912)
4(5001 5091 5092 5002)
4(5091 5181 5182 5092)
4(5181 5271 5272 5182)
4(5271 5361 5362 5272)
4(5361 5451 5452 5362)
4(5451 5541 5542 5452)
4(5541 5631 5632 5542)
4(5631 5721 5722 5632)
4(5721 5811 5812 5722)
4(5811 5901 5902 5812)
4(5901 5991 5992 5902)
4(5991 6081 6082 5992)
4(6081 6171 6172 6082)
4(6171 6261 6262 6172)
4(6261 6351 6352 6262)
4(6351 6441 6442 6352)
4(6441 6531 6532 6442)
4(6531 6621 6622 6532)
4(6621 6711 6712 6622)
4(6711 6801 6802 6712)
4(6801 6891 6892 6802)
4(6891 6981 6982 6892)
4(6981 7071 7072 6982)
4(7071 7161 7162 7072)
4(7161 7251 7252 7162)
4(7251 7341 7342 7252)
4(7341 7431 7432 7342)
4(7431 7521 7522 7432)
4(7521 7611 7612 7522)
4(7611 7701 7702 7612)
4(7701 7791 7792 7702)
4(7791 7881 7882 7792)
4(7881 7971 7972 7882)
4(7971 8061 8062 7972)
4(8061 8151 8152 8062)
4(8151 8241 8242 8152)
4(8241 8331 8332 8242)
4(8331 8421 8422 8332)
4(8421 8511 8512 8422)
4(8511 8601 8602 8512)
4(8601 8691 8692 8602)
4(8691 8781 8782 8692)
4(8781 8871 8872 8782)
4(8871 8961 8962 8872)
4(8961 9051 9052 8962)
4(9051 9141 9142 9052)
4(9141 9231 9232 9142)
4(9231 9321 9322 9232)
4(9321 9411 9412 9322)
4(9411 9501 9502 9412)
4(9501 9591 9592 9502)
4(9591 9681 9682 9592)
4(9681 9771 9772 9682)
4(9771 9861 9862 9772)
4(2662 2752 2753 2663)
4(2752 2842 2843 2753)
4(2842 2932 2933 2843)
4(2932 3022 3023 2933)
4(3022 3112 3113 3023)
4(3112 3202 3203 3113)
4(3202 3292 3293 3203)
4(3292 3382 3383 3293)
4(3382 3472 3473 3383)
4(3472 3562 3563 3473)
4(3562 3652 3653 3563)
4(3652 3742 3743 3653)
4(3742 3832 3833 3743)
4(3832 3922 3923 3833)
4(3922 4012 4013 3923)
4(4012 4102 4103 4013)
4(4102 4192 4193 4103)
4(4192 4282 4283 4193)
4(4282 4372 4373 4283)
4(4372 4462 4463 4373)
4(4462 4552 4553 4463)
4(4552 4642 4643 4553)
4(4642 4732 4733 4643)
4(4732 4822 4823 4733)
4(4822 4912 4913 4823)
4(4912 5002 5003 4913)
4(5002 5092 5093 5003)
4(5092 5182 5183 5093)
4(5182 5272 5273 5183)
4(5272 5362 5363 5273)
4(5362 5452 5453 5363)
4(5452 5542 5543 5453)
4(5542 5632 5633 5543)
4(5632 5722 5723 5633)
4(5722 5812 5813 5723)
4(5812 5902 5903 5813)
4(5902 5992 5993 5903)
4(5992 6082 6083 5993)
4(6082 6172 6173 6083)
4(6172 6262 6263 6173)
4(6262 6352 6353 6263)
4(6352 6442 6443 6353)
4(6442 6532 6533 6443)
4(6532 6622 6623 6533)
4(6622 6712 6713 6623)
4(6712 6802 6803 6713)
4(6802 6892 6893 6803)
4(6892 6982 6983 6893)
4(6982 7072 7073 6983)
4(7072 7162 7163 7073)
4(7162 7252 7253 7163)
4(7252 7342 7343 7253)
4(7342 7432 7433 7343)
4(7432 7522 7523 7433)
4(7522 7612 7613 7523)
4(7612 7702 7703 7613)
4(7702 7792 7793 7703)
4(7792 7882 7883 7793)
4(7882 7972 7973 7883)
4(7972 8062 8063 7973)
4(8062 8152 8153 8063)
4(8152 8242 8243 8153)
4(8242 8332 8333 8243)
4(8332 8422 8423 8333)
4(8422 8512 8513 8423)
4(8512 8602 8603 8513)
4(8602 8692 8693 8603)
4(8692 8782 8783 8693)
4(8782 8872 8873 8783)
4(8872 8962 8963 8873)
4(8962 9052 9053 8963)
4(9052 9142 9143 9053)
4(9142 9232 9233 9143)
4(9232 9322 9323 9233)
4(9322 9412 9413 9323)
4(9412 9502 9503 9413)
4(9502 9592 9593 9503)
4(9592 9682 9683 9593)
4(9682 9772 9773 9683)
4(9772 9862 9863 9773)
4(2663 2753 2754 2664)
4(2753 2843 2844 2754)
4(2843 2933 2934 2844)
4(2933 3023 3024 2934)
4(3023 3113 3114 3024)
4(3113 3203 3204 3114)
4(3203 3293 3294 3204)
4(3293 3383 3384 3294)
4(3383 3473 3474 3384)
4(3473 3563 3564 3474)
4(3563 3653 3654 3564)
4(3653 3743 3744 3654)
4(3743 3833 3834 3744)
4(3833 3923 3924 3834)
4(3923 4013 4014 3924)
4(4013 4103 4104 4014)
4(4103 4193 4194 4104)
4(4193 4283 4284 4194)
4(4283 4373 4374 4284)
4(4373 4463 4464 4374)
4(4463 4553 4554 4464)
4(4553 4643 4644 4554)
4(4643 4733 4734 4644)
4(4733 4823 4824 4734)
4(4823 4913 4914 4824)
4(4913 5003 5004 4914)
4(5003 5093 5094 5004)
4(5093 5183 5184 5094)
4(5183 5273 5274 5184)
4(5273 5363 5364 5274)
4(5363 5453 5454 5364)
4(5453 5543 5544 5454)
4(5543 5633 5634 5544)
4(5633 5723 5724 5634)
4(5723 5813 5814 5724)
4(5813 5903 5904 5814)
4(5903 5993 5994 5904)
4(5993 6083 6084 5994)
4(6083 6173 6174 6084)
4(6173 6263 6264 6174)
4(6263 6353 6354 6264)
4(6353 6443 6444 6354)
4(6443 6533 6534 6444)
4(6533 6623 6624 6534)
4(6623 6713 6714 6624)
4(6713 6803 6804 6714)
4(6803 6893 6894 6804)
4(6893 6983 6984 6894)
4(6983 7073 7074 6984)
4(7073 7163 7164 7074)
4(7163 7253 7254 7164)
4(7253 7343 7344 7254)
4(7343 7433 7434 7344)
4(7433 7523 7524 7434)
4(7523 7613 7614 7524)
4(7613 7703 7704 7614)
4(7703 7793 7794 7704)
4(7793 7883 7884 7794)
4(7883 7973 7974 7884)
4(7973 8063 8064 7974)
4(8063 8153 8154 8064)
4(8153 8243 8244 8154)
4(8243 8333 8334 8244)
4(8333 8423 8424 8334)
4(8423 8513 8514 8424)
4(8513 8603 8604 8514)
4(8603 8693 8694 8604)
4(8693 8783 8784 8694)
4(8783 8873 8874 8784)
4(8873 8963 8964 8874)
4(8963 9053 9054 8964)
4(9053 9143 9144 9054)
4(9143 9233 9234 9144)
4(9233 9323 9324 9234)
4(9323 9413 9414 9324)
4(9413 9503 9504 9414)
4(9503 9593 9594 9504)
4(9593 9683 9684 9594)
4(9683 9773 9774 9684)
4(9773 9863 9864 9774)
4(2664 2754 2755 2665)
4(2754 2844 2845 2755)
4(2844 2934 2935 2845)
4(2934 3024 3025 2935)
4(3024 3114 3115 3025)
4(3114 3204 3205 3115)
4(3204 3294 3295 3205)
4(3294 3384 3385 3295)
4(3384 3474 3475 3385)
4(3474 3564 3565 3475)
4(3564 3654 3655 3565)
4(3654 3744 3745 3655)
4(3744 3834 3835 3745)
4(3834 3924 3925 3835)
4(3924 4014 4015 3925)
4(4014 4104 4105 4015)
4(4104 4194 4195 4105)
4(4194 4284 4285 4195)
4(4284 4374 4375 4285)
4(4374 4464 4465 4375)
4(4464 4554 4555 4465)
4(4554 4644 4645 4555)
4(4644 4734 4735 4645)
4(4734 4824 4825 4735)
4(4824 4914 4915 4825)
4(4914 5004 5005 4915)
4(5004 5094 5095 5005)
4(5094 5184 5185 5095)
4(5184 5274 5275 5185)
4(5274 5364 5365 5275)
4(5364 5454 5455 5365)
4(5454 5544 5545 5455)
4(5544 5634 5635 5545)
4(5634 5724 5725 5635)
4(5724 5814 5815 5725)
4(5814 5904 5905 5815)
4(5904 5994 5995 5905)
4(5994 6084 6085 5995)
4(6084 6174 6175 6085)
4(6174 6264 6265 6175)
4(6264 6354 6355 6265)
4(6354 6444 6445 6355)
4(6444 6534 6535 6445)
4(6534 6624 6625 6535)
4(6624 6714 6715 6625)
4(6714 6804 6805 6715)
4(6804 6894 6895 6805)
4(6894 6984 6985 6895)
4(6984 7074 7075 6985)
4(7074 7164 7165 7075)
4(7164 7254 7255 7165)
4(7254 7344 7345 7255)
4(7344 7434 7435 7345)
4(7434 7524 7525 7435)
4(7524 7614 7615 7525)
4(7614 7704 7705 7615)
4(7704 7794 7795 7705)
4(7794 7884 7885 7795)
4(7884 7974 7975 7885)
4(7974 8064 8065 7975)
4(8064 8154 8155 8065)
4(8154 8244 8245 8155)
4(8244 8334 8335 8245)
4(8334 8424 8425 8335)
4(8424 8514 8515 8425)
4(8514 8604 8605 8515)
4(8604 8694 8695 8605)
4(8694 8784 8785 8695)
4(8784 8874 8875 8785)
4(8874 8964 8965 8875)
4(8964 9054 9055 8965)
4(9054 9144 9145 9055)
4(9144 9234 9235 9145)
4(9234 9324 9325 9235)
4(9324 9414 9415 9325)
4(9414 9504 9505 9415)
4(9504 9594 9595 9505)
4(9594 9684 9685 9595)
4(9684 9774 9775 9685)
4(9774 9864 9865 9775)
4(2665 2755 2756 2666)
4(2755 2845 2846 2756)
4(2845 2935 2936 2846)
4(2935 3025 3026 2936)
4(3025 3115 3116 3026)
4(3115 3205 3206 3116)
4(3205 3295 3296 3206)
4(3295 3385 3386 3296)
4(3385 3475 3476 3386)
4(3475 3565 3566 3476)
4(3565 3655 3656 3566)
4(3655 3745 3746 3656)
4(3745 3835 3836 3746)
4(3835 3925 3926 3836)
4(3925 4015 4016 3926)
4(4015 4105 4106 4016)
4(4105 4195 4196 4106)
4(4195 4285 4286 4196)
4(4285 4375 4376 4286)
4(4375 4465 4466 4376)
4(4465 4555 4556 4466)
4(4555 4645 4646 4556)
4(4645 4735 4736 4646)
4(4735 4825 4826 4736)
4(4825 4915 4916 4826)
4(4915 5005 5006 4916)
4(5005 5095 5096 5006)
4(5095 5185 5186 5096)
4(5185 5275 5276 5186)
4(5275 5365 5366 5276)
4(5365 5455 5456 5366)
4(5455 5545 5546 5456)
4(5545 5635 5636 5546)
4(5635 5725 5726 5636)
4(5725 5815 5816 5726)
4(5815 5905 5906 5816)
4(5905 5995 5996 5906)
4(5995 6085 6086 5996)
4(6085 6175 6176 6086)
4(6175 6265 6266 6176)
4(6265 6355 6356 6266)
4(6355 6445 6446 6356)
4(6445 6535 6536 6446)
4(6535 6625 6626 6536)
4(6625 6715 6716 6626)
4(6715 6805 6806 6716)
4(6805 6895 6896 6806)
4(6895 6985 6986 6896)
4(6985 7075 7076 6986)
4(7075 7165 7166 7076)
4(7165 7255 7256 7166)
4(7255 7345 7346 7256)
4(7345 7435 7436 7346)
4(7435 7525 7526 7436)
4(7525 7615 7616 7526)
4(7615 7705 7706 7616)
4(7705 7795 7796 7706)
4(7795 7885 7886 7796)
4(7885 7975 7976 7886)
4(7975 8065 8066 7976)
4(8065 8155 8156 8066)
4(8155 8245 8246 8156)
4(8245 8335 8336 8246)
4(8335 8425 8426 8336)
4(8425 8515 8516 8426)
4(8515 8605 8606 8516)
4(8605 8695 8696 8606)
4(8695 8785 8786 8696)
4(8785 8875 8876 8786)
4(8875 8965 8966 8876)
4(8965 9055 9056 8966)
4(9055 9145 9146 9056)
4(9145 9235 9236 9146)
4(9235 9325 9326 9236)
4(9325 9415 9416 9326)
4(9415 9505 9506 9416)
4(9505 9595 9596 9506)
4(9595 9685 9686 9596)
4(9685 9775 9776 9686)
4(9775 9865 9866 9776)
4(2666 2756 2757 2667)
4(2756 2846 2847 2757)
4(2846 2936 2937 2847)
4(2936 3026 3027 2937)
4(3026 3116 3117 3027)
4(3116 3206 3207 3117)
4(3206 3296 3297 3207)
4(3296 3386 3387 3297)
4(3386 3476 3477 3387)
4(3476 3566 3567 3477)
4(3566 3656 3657 3567)
4(3656 3746 3747 3657)
4(3746 3836 3837 3747)
4(3836 3926 3927 3837)
4(3926 4016 4017 3927)
4(4016 4106 4107 4017)
4(4106 4196 4197 4107)
4(4196 4286 4287 4197)
4(4286 4376 4377 4287)
4(4376 4466 4467 4377)
4(4466 4556 4557 4467)
4(4556 4646 4647 4557)
4(4646 4736 4737 4647)
4(4736 4826 4827 4737)
4(4826 4916 4917 4827)
4(4916 5006 5007 4917)
4(5006 5096 5097 5007)
4(5096 5186 5187 5097)
4(5186 5276 5277 5187)
4(5276 5366 5367 5277)
4(5366 5456 5457 5367)
4(5456 5546 5547 5457)
4(5546 5636 5637 5547)
4(5636 5726 5727 5637)
4(5726 5816 5817 5727)
4(5816 5906 5907 5817)
4(5906 5996 5997 5907)
4(5996 6086 6087 5997)
4(6086 6176 6177 6087)
4(6176 6266 6267 6177)
4(6266 6356 6357 6267)
4(6356 6446 6447 6357)
4(6446 6536 6537 6447)
4(6536 6626 6627 6537)
4(6626 6716 6717 6627)
4(6716 6806 6807 6717)
4(6806 6896 6897 6807)
4(6896 6986 6987 6897)
4(6986 7076 7077 6987)
4(7076 7166 7167 7077)
4(7166 7256 7257 7167)
4(7256 7346 7347 7257)
4(7346 7436 7437 7347)
4(7436 7526 7527 7437)
4(7526 7616 7617 7527)
4(7616 7706 7707 7617)
4(7706 7796 7797 7707)
4(7796 7886 7887 7797)
4(7886 7976 7977 7887)
4(7976 8066 8067 7977)
4(8066 8156 8157 8067)
4(8156 8246 8247 8157)
4(8246 8336 8337 8247)
4(8336 8426 8427 8337)
4(8426 8516 8517 8427)
4(8516 8606 8607 8517)
4(8606 8696 8697 8607)
4(8696 8786 8787 8697)
4(8786 8876 8877 8787)
4(8876 8966 8967 8877)
4(8966 9056 9057 8967)
4(9056 9146 9147 9057)
4(9146 9236 9237 9147)
4(9236 9326 9327 9237)
4(9326 9416 9417 9327)
4(9416 9506 9507 9417)
4(9506 9596 9597 9507)
4(9596 9686 9687 9597)
4(9686 9776 9777 9687)
4(9776 9866 9867 9777)
4(2667 2757 2758 2668)
4(2757 2847 2848 2758)
4(2847 2937 2938 2848)
4(2937 3027 3028 2938)
4(3027 3117 3118 3028)
4(3117 3207 3208 3118)
4(3207 3297 3298 3208)
4(3297 3387 3388 3298)
4(3387 3477 3478 3388)
4(3477 3567 3568 3478)
4(3567 3657 3658 3568)
4(3657 3747 3748 3658)
4(3747 3837 3838 3748)
4(3837 3927 3928 3838)
4(3927 4017 4018 3928)
4(4017 4107 4108 4018)
4(4107 4197 4198 4108)
4(4197 4287 4288 4198)
4(4287 4377 4378 4288)
4(4377 4467 4468 4378)
4(4467 4557 4558 4468)
4(4557 4647 4648 4558)
4(4647 4737 4738 4648)
4(4737 4827 4828 4738)
4(4827 4917 4918 4828)
4(4917 5007 5008 4918)
4(5007 5097 5098 5008)
4(5097 5187 5188 5098)
4(5187 5277 5278 5188)
4(5277 5367 5368 5278)
4(5367 5457 5458 5368)
4(5457 5547 5548 5458)
4(5547 5637 5638 5548)
4(5637 5727 5728 5638)
4(5727 5817 5818 5728)
4(5817 5907 5908 5818)
4(5907 5997 5998 5908)
4(5997 6087 6088 5998)
4(6087 6177 6178 6088)
4(6177 6267 6268 6178)
4(6267 6357 6358 6268)
4(6357 6447 6448 6358)
4(6447 6537 6538 6448)
4(6537 6627 6628 6538)
4(6627 6717 6718 6628)
4(6717 6807 6808 6718)
4(6807 6897 6898 6808)
4(6897 6987 6988 6898)
4(6987 7077 7078 6988)
4(7077 7167 7168 7078)
4(7167 7257 7258 7168)
4(7257 7347 7348 7258)
4(7347 7437 7438 7348)
4(7437 7527 7528 7438)
4(7527 7617 7618 7528)
4(7617 7707 7708 7618)
4(7707 7797 7798 7708)
4(7797 7887 7888 7798)
4(7887 7977 7978 7888)
4(7977 8067 8068 7978)
4(8067 8157 8158 8068)
4(8157 8247 8248 8158)
4(8247 8337 8338 8248)
4(8337 8427 8428 8338)
4(8427 8517 8518 8428)
4(8517 8607 8608 8518)
4(8607 8697 8698 8608)
4(8697 8787 8788 8698)
4(8787 8877 8878 8788)
4(8877 8967 8968 8878)
4(8967 9057 9058 8968)
4(9057 9147 9148 9058)
4(9147 9237 9238 9148)
4(9237 9327 9328 9238)
4(9327 9417 9418 9328)
4(9417 9507 9508 9418)
4(9507 9597 9598 9508)
4(9597 9687 9688 9598)
4(9687 9777 9778 9688)
4(9777 9867 9868 9778)
4(2668 2758 2759 2669)
4(2758 2848 2849 2759)
4(2848 2938 2939 2849)
4(2938 3028 3029 2939)
4(3028 3118 3119 3029)
4(3118 3208 3209 3119)
4(3208 3298 3299 3209)
4(3298 3388 3389 3299)
4(3388 3478 3479 3389)
4(3478 3568 3569 3479)
4(3568 3658 3659 3569)
4(3658 3748 3749 3659)
4(3748 3838 3839 3749)
4(3838 3928 3929 3839)
4(3928 4018 4019 3929)
4(4018 4108 4109 4019)
4(4108 4198 4199 4109)
4(4198 4288 4289 4199)
4(4288 4378 4379 4289)
4(4378 4468 4469 4379)
4(4468 4558 4559 4469)
4(4558 4648 4649 4559)
4(4648 4738 4739 4649)
4(4738 4828 4829 4739)
4(4828 4918 4919 4829)
4(4918 5008 5009 4919)
4(5008 5098 5099 5009)
4(5098 5188 5189 5099)
4(5188 5278 5279 5189)
4(5278 5368 5369 5279)
4(5368 5458 5459 5369)
4(5458 5548 5549 5459)
4(5548 5638 5639 5549)
4(5638 5728 5729 5639)
4(5728 5818 5819 5729)
4(5818 5908 5909 5819)
4(5908 5998 5999 5909)
4(5998 6088 6089 5999)
4(6088 6178 6179 6089)
4(6178 6268 6269 6179)
4(6268 6358 6359 6269)
4(6358 6448 6449 6359)
4(6448 6538 6539 6449)
4(6538 6628 6629 6539)
4(6628 6718 6719 6629)
4(6718 6808 6809 6719)
4(6808 6898 6899 6809)
4(6898 6988 6989 6899)
4(6988 7078 7079 6989)
4(7078 7168 7169 7079)
4(7168 7258 7259 7169)
4(7258 7348 7349 7259)
4(7348 7438 7439 7349)
4(7438 7528 7529 7439)
4(7528 7618 7619 7529)
4(7618 7708 7709 7619)
4(7708 7798 7799 7709)
4(7798 7888 7889 7799)
4(7888 7978 7979 7889)
4(7978 8068 8069 7979)
4(8068 8158 8159 8069)
4(8158 8248 8249 8159)
4(8248 8338 8339 8249)
4(8338 8428 8429 8339)
4(8428 8518 8519 8429)
4(8518 8608 8609 8519)
4(8608 8698 8699 8609)
4(8698 8788 8789 8699)
4(8788 8878 8879 8789)
4(8878 8968 8969 8879)
4(8968 9058 9059 8969)
4(9058 9148 9149 9059)
4(9148 9238 9239 9149)
4(9238 9328 9329 9239)
4(9328 9418 9419 9329)
4(9418 9508 9509 9419)
4(9508 9598 9599 9509)
4(9598 9688 9689 9599)
4(9688 9778 9779 9689)
4(9778 9868 9869 9779)
4(2669 2759 2760 2670)
4(2759 2849 2850 2760)
4(2849 2939 2940 2850)
4(2939 3029 3030 2940)
4(3029 3119 3120 3030)
4(3119 3209 3210 3120)
4(3209 3299 3300 3210)
4(3299 3389 3390 3300)
4(3389 3479 3480 3390)
4(3479 3569 3570 3480)
4(3569 3659 3660 3570)
4(3659 3749 3750 3660)
4(3749 3839 3840 3750)
4(3839 3929 3930 3840)
4(3929 4019 4020 3930)
4(4019 4109 4110 4020)
4(4109 4199 4200 4110)
4(4199 4289 4290 4200)
4(4289 4379 4380 4290)
4(4379 4469 4470 4380)
4(4469 4559 4560 4470)
4(4559 4649 4650 4560)
4(4649 4739 4740 4650)
4(4739 4829 4830 4740)
4(4829 4919 4920 4830)
4(4919 5009 5010 4920)
4(5009 5099 5100 5010)
4(5099 5189 5190 5100)
4(5189 5279 5280 5190)
4(5279 5369 5370 5280)
4(5369 5459 5460 5370)
4(5459 5549 5550 5460)
4(5549 5639 5640 5550)
4(5639 5729 5730 5640)
4(5729 5819 5820 5730)
4(5819 5909 5910 5820)
4(5909 5999 6000 5910)
4(5999 6089 6090 6000)
4(6089 6179 6180 6090)
4(6179 6269 6270 6180)
4(6269 6359 6360 6270)
4(6359 6449 6450 6360)
4(6449 6539 6540 6450)
4(6539 6629 6630 6540)
4(6629 6719 6720 6630)
4(6719 6809 6810 6720)
4(6809 6899 6900 6810)
4(6899 6989 6990 6900)
4(6989 7079 7080 6990)
4(7079 7169 7170 7080)
4(7169 7259 7260 7170)
4(7259 7349 7350 7260)
4(7349 7439 7440 7350)
4(7439 7529 7530 7440)
4(7529 7619 7620 7530)
4(7619 7709 7710 7620)
4(7709 7799 7800 7710)
4(7799 7889 7890 7800)
4(7889 7979 7980 7890)
4(7979 8069 8070 7980)
4(8069 8159 8160 8070)
4(8159 8249 8250 8160)
4(8249 8339 8340 8250)
4(8339 8429 8430 8340)
4(8429 8519 8520 8430)
4(8519 8609 8610 8520)
4(8609 8699 8700 8610)
4(8699 8789 8790 8700)
4(8789 8879 8880 8790)
4(8879 8969 8970 8880)
4(8969 9059 9060 8970)
4(9059 9149 9150 9060)
4(9149 9239 9240 9150)
4(9239 9329 9330 9240)
4(9329 9419 9420 9330)
4(9419 9509 9510 9420)
4(9509 9599 9600 9510)
4(9599 9689 9690 9600)
4(9689 9779 9780 9690)
4(9779 9869 9870 9780)
4(2670 2760 2761 2671)
4(2760 2850 2851 2761)
4(2850 2940 2941 2851)
4(2940 3030 3031 2941)
4(3030 3120 3121 3031)
4(3120 3210 3211 3121)
4(3210 3300 3301 3211)
4(3300 3390 3391 3301)
4(3390 3480 3481 3391)
4(3480 3570 3571 3481)
4(3570 3660 3661 3571)
4(3660 3750 3751 3661)
4(3750 3840 3841 3751)
4(3840 3930 3931 3841)
4(3930 4020 4021 3931)
4(4020 4110 4111 4021)
4(4110 4200 4201 4111)
4(4200 4290 4291 4201)
4(4290 4380 4381 4291)
4(4380 4470 4471 4381)
4(4470 4560 4561 4471)
4(4560 4650 4651 4561)
4(4650 4740 4741 4651)
4(4740 4830 4831 4741)
4(4830 4920 4921 4831)
4(4920 5010 5011 4921)
4(5010 5100 5101 5011)
4(5100 5190 5191 5101)
4(5190 5280 5281 5191)
4(5280 5370 5371 5281)
4(5370 5460 5461 5371)
4(5460 5550 5551 5461)
4(5550 5640 5641 5551)
4(5640 5730 5731 5641)
4(5730 5820 5821 5731)
4(5820 5910 5911 5821)
4(5910 6000 6001 5911)
4(6000 6090 6091 6001)
4(6090 6180 6181 6091)
4(6180 6270 6271 6181)
4(6270 6360 6361 6271)
4(6360 6450 6451 6361)
4(6450 6540 6541 6451)
4(6540 6630 6631 6541)
4(6630 6720 6721 6631)
4(6720 6810 6811 6721)
4(6810 6900 6901 6811)
4(6900 6990 6991 6901)
4(6990 7080 7081 6991)
4(7080 7170 7171 7081)
4(7170 7260 7261 7171)
4(7260 7350 7351 7261)
4(7350 7440 7441 7351)
4(7440 7530 7531 7441)
4(7530 7620 7621 7531)
4(7620 7710 7711 7621)
4(7710 7800 7801 7711)
4(7800 7890 7891 7801)
4(7890 7980 7981 7891)
4(7980 8070 8071 7981)
4(8070 8160 8161 8071)
4(8160 8250 8251 8161)
4(8250 8340 8341 8251)
4(8340 8430 8431 8341)
4(8430 8520 8521 8431)
4(8520 8610 8611 8521)
4(8610 8700 8701 8611)
4(8700 8790 8791 8701)
4(8790 8880 8881 8791)
4(8880 8970 8971 8881)
4(8970 9060 9061 8971)
4(9060 9150 9151 9061)
4(9150 9240 9241 9151)
4(9240 9330 9331 9241)
4(9330 9420 9421 9331)
4(9420 9510 9511 9421)
4(9510 9600 9601 9511)
4(9600 9690 9691 9601)
4(9690 9780 9781 9691)
4(9780 9870 9871 9781)
4(2671 2761 2762 2672)
4(2761 2851 2852 2762)
4(2851 2941 2942 2852)
4(2941 3031 3032 2942)
4(3031 3121 3122 3032)
4(3121 3211 3212 3122)
4(3211 3301 3302 3212)
4(3301 3391 3392 3302)
4(3391 3481 3482 3392)
4(3481 3571 3572 3482)
4(3571 3661 3662 3572)
4(3661 3751 3752 3662)
4(3751 3841 3842 3752)
4(3841 3931 3932 3842)
4(3931 4021 4022 3932)
4(4021 4111 4112 4022)
4(4111 4201 4202 4112)
4(4201 4291 4292 4202)
4(4291 4381 4382 4292)
4(4381 4471 4472 4382)
4(4471 4561 4562 4472)
4(4561 4651 4652 4562)
4(4651 4741 4742 4652)
4(4741 4831 4832 4742)
4(4831 4921 4922 4832)
4(4921 5011 5012 4922)
4(5011 5101 5102 5012)
4(5101 5191 5192 5102)
4(5191 5281 5282 5192)
4(5281 5371 5372 5282)
4(5371 5461 5462 5372)
4(5461 5551 5552 5462)
4(5551 5641 5642 5552)
4(5641 5731 5732 5642)
4(5731 5821 5822 5732)
4(5821 5911 5912 5822)
4(5911 6001 6002 5912)
4(6001 6091 6092 6002)
4(6091 6181 6182 6092)
4(6181 6271 6272 6182)
4(6271 6361 6362 6272)
4(6361 6451 6452 6362)
4(6451 6541 6542 6452)
4(6541 6631 6632 6542)
4(6631 6721 6722 6632)
4(6721 6811 6812 6722)
4(6811 6901 6902 6812)
4(6901 6991 6992 6902)
4(6991 7081 7082 6992)
4(7081 7171 7172 7082)
4(7171 7261 7262 7172)
4(7261 7351 7352 7262)
4(7351 7441 7442 7352)
4(7441 7531 7532 7442)
4(7531 7621 7622 7532)
4(7621 7711 7712 7622)
4(7711 7801 7802 7712)
4(7801 7891 7892 7802)
4(7891 7981 7982 7892)
4(7981 8071 8072 7982)
4(8071 8161 8162 8072)
4(8161 8251 8252 8162)
4(8251 8341 8342 8252)
4(8341 8431 8432 8342)
4(8431 8521 8522 8432)
4(8521 8611 8612 8522)
4(8611 8701 8702 8612)
4(8701 8791 8792 8702)
4(8791 8881 8882 8792)
4(8881 8971 8972 8882)
4(8971 9061 9062 8972)
4(9061 9151 9152 9062)
4(9151 9241 9242 9152)
4(9241 9331 9332 9242)
4(9331 9421 9422 9332)
4(9421 9511 9512 9422)
4(9511 9601 9602 9512)
4(9601 9691 9692 9602)
4(9691 9781 9782 9692)
4(9781 9871 9872 9782)
4(2672 2762 2763 2673)
4(2762 2852 2853 2763)
4(2852 2942 2943 2853)
4(2942 3032 3033 2943)
4(3032 3122 3123 3033)
4(3122 3212 3213 3123)
4(3212 3302 3303 3213)
4(3302 3392 3393 3303)
4(3392 3482 3483 3393)
4(3482 3572 3573 3483)
4(3572 3662 3663 3573)
4(3662 3752 3753 3663)
4(3752 3842 3843 3753)
4(3842 3932 3933 3843)
4(3932 4022 4023 3933)
4(4022 4112 4113 4023)
4(4112 4202 4203 4113)
4(4202 4292 4293 4203)
4(4292 4382 4383 4293)
4(4382 4472 4473 4383)
4(4472 4562 4563 4473)
4(4562 4652 4653 4563)
4(4652 4742 4743 4653)
4(4742 4832 4833 4743)
4(4832 4922 4923 4833)
4(4922 5012 5013 4923)
4(5012 5102 5103 5013)
4(5102 5192 5193 5103)
4(5192 5282 5283 5193)
4(5282 5372 5373 5283)
4(5372 5462 5463 5373)
4(5462 5552 5553 5463)
4(5552 5642 5643 5553)
4(5642 5732 5733 5643)
4(5732 5822 5823 5733)
4(5822 5912 5913 5823)
4(5912 6002 6003 5913)
4(6002 6092 6093 6003)
4(6092 6182 6183 6093)
4(6182 6272 6273 6183)
4(6272 6362 6363 6273)
4(6362 6452 6453 6363)
4(6452 6542 6543 6453)
4(6542 6632 6633 6543)
4(6632 6722 6723 6633)
4(6722 6812 6813 6723)
4(6812 6902 6903 6813)
4(6902 6992 6993 6903)
4(6992 7082 7083 6993)
4(7082 7172 7173 7083)
4(7172 7262 7263 7173)
4(7262 7352 7353 7263)
4(7352 7442 7443 7353)
4(7442 7532 7533 7443)
4(7532 7622 7623 7533)
4(7622 7712 7713 7623)
4(7712 7802 7803 7713)
4(7802 7892 7893 7803)
4(7892 7982 7983 7893)
4(7982 8072 8073 7983)
4(8072 8162 8163 8073)
4(8162 8252 8253 8163)
4(8252 8342 8343 8253)
4(8342 8432 8433 8343)
4(8432 8522 8523 8433)
4(8522 8612 8613 8523)
4(8612 8702 8703 8613)
4(8702 8792 8793 8703)
4(8792 8882 8883 8793)
4(8882 8972 8973 8883)
4(8972 9062 9063 8973)
4(9062 9152 9153 9063)
4(9152 9242 9243 9153)
4(9242 9332 9333 9243)
4(9332 9422 9423 9333)
4(9422 9512 9513 9423)
4(9512 9602 9603 9513)
4(9602 9692 9693 9603)
4(9692 9782 9783 9693)
4(9782 9872 9873 9783)
4(2673 2763 2764 2674)
4(2763 2853 2854 2764)
4(2853 2943 2944 2854)
4(2943 3033 3034 2944)
4(3033 3123 3124 3034)
4(3123 3213 3214 3124)
4(3213 3303 3304 3214)
4(3303 3393 3394 3304)
4(3393 3483 3484 3394)
4(3483 3573 3574 3484)
4(3573 3663 3664 3574)
4(3663 3753 3754 3664)
4(3753 3843 3844 3754)
4(3843 3933 3934 3844)
4(3933 4023 4024 3934)
4(4023 4113 4114 4024)
4(4113 4203 4204 4114)
4(4203 4293 4294 4204)
4(4293 4383 4384 4294)
4(4383 4473 4474 4384)
4(4473 4563 4564 4474)
4(4563 4653 4654 4564)
4(4653 4743 4744 4654)
4(4743 4833 4834 4744)
4(4833 4923 4924 4834)
4(4923 5013 5014 4924)
4(5013 5103 5104 5014)
4(5103 5193 5194 5104)
4(5193 5283 5284 5194)
4(5283 5373 5374 5284)
4(5373 5463 5464 5374)
4(5463 5553 5554 5464)
4(5553 5643 5644 5554)
4(5643 5733 5734 5644)
4(5733 5823 5824 5734)
4(5823 5913 5914 5824)
4(5913 6003 6004 5914)
4(6003 6093 6094 6004)
4(6093 6183 6184 6094)
4(6183 6273 6274 6184)
4(6273 6363 6364 6274)
4(6363 6453 6454 6364)
4(6453 6543 6544 6454)
4(6543 6633 6634 6544)
4(6633 6723 6724 6634)
4(6723 6813 6814 6724)
4(6813 6903 6904 6814)
4(6903 6993 6994 6904)
4(6993 7083 7084 6994)
4(7083 7173 7174 7084)
4(7173 7263 7264 7174)
4(7263 7353 7354 7264)
4(7353 7443 7444 7354)
4(7443 7533 7534 7444)
4(7533 7623 7624 7534)
4(7623 7713 7714 7624)
4(7713 7803 7804 7714)
4(7803 7893 7894 7804)
4(7893 7983 7984 7894)
4(7983 8073 8074 7984)
4(8073 8163 8164 8074)
4(8163 8253 8254 8164)
4(8253 8343 8344 8254)
4(8343 8433 8434 8344)
4(8433 8523 8524 8434)
4(8523 8613 8614 8524)
4(8613 8703 8704 8614)
4(8703 8793 8794 8704)
4(8793 8883 8884 8794)
4(8883 8973 8974 8884)
4(8973 9063 9064 8974)
4(9063 9153 9154 9064)
4(9153 9243 9244 9154)
4(9243 9333 9334 9244)
4(9333 9423 9424 9334)
4(9423 9513 9514 9424)
4(9513 9603 9604 9514)
4(9603 9693 9694 9604)
4(9693 9783 9784 9694)
4(9783 9873 9874 9784)
4(2674 2764 2765 2675)
4(2764 2854 2855 2765)
4(2854 2944 2945 2855)
4(2944 3034 3035 2945)
4(3034 3124 3125 3035)
4(3124 3214 3215 3125)
4(3214 3304 3305 3215)
4(3304 3394 3395 3305)
4(3394 3484 3485 3395)
4(3484 3574 3575 3485)
4(3574 3664 3665 3575)
4(3664 3754 3755 3665)
4(3754 3844 3845 3755)
4(3844 3934 3935 3845)
4(3934 4024 4025 3935)
4(4024 4114 4115 4025)
4(4114 4204 4205 4115)
4(4204 4294 4295 4205)
4(4294 4384 4385 4295)
4(4384 4474 4475 4385)
4(4474 4564 4565 4475)
4(4564 4654 4655 4565)
4(4654 4744 4745 4655)
4(4744 4834 4835 4745)
4(4834 4924 4925 4835)
4(4924 5014 5015 4925)
4(5014 5104 5105 5015)
4(5104 5194 5195 5105)
4(5194 5284 5285 5195)
4(5284 5374 5375 5285)
4(5374 5464 5465 5375)
4(5464 5554 5555 5465)
4(5554 5644 5645 5555)
4(5644 5734 5735 5645)
4(5734 5824 5825 5735)
4(5824 5914 5915 5825)
4(5914 6004 6005 5915)
4(6004 6094 6095 6005)
4(6094 6184 6185 6095)
4(6184 6274 6275 6185)
4(6274 6364 6365 6275)
4(6364 6454 6455 6365)
4(6454 6544 6545 6455)
4(6544 6634 6635 6545)
4(6634 6724 6725 6635)
4(6724 6814 6815 6725)
4(6814 6904 6905 6815)
4(6904 6994 6995 6905)
4(6994 7084 7085 6995)
4(7084 7174 7175 7085)
4(7174 7264 7265 7175)
4(7264 7354 7355 7265)
4(7354 7444 7445 7355)
4(7444 7534 7535 7445)
4(7534 7624 7625 7535)
4(7624 7714 7715 7625)
4(7714 7804 7805 7715)
4(7804 7894 7895 7805)
4(7894 7984 7985 7895)
4(7984 8074 8075 7985)
4(8074 8164 8165 8075)
4(8164 8254 8255 8165)
4(8254 8344 8345 8255)
4(8344 8434 8435 8345)
4(8434 8524 8525 8435)
4(8524 8614 8615 8525)
4(8614 8704 8705 8615)
4(8704 8794 8795 8705)
4(8794 8884 8885 8795)
4(8884 8974 8975 8885)
4(8974 9064 9065 8975)
4(9064 9154 9155 9065)
4(9154 9244 9245 9155)
4(9244 9334 9335 9245)
4(9334 9424 9425 9335)
4(9424 9514 9515 9425)
4(9514 9604 9605 9515)
4(9604 9694 9695 9605)
4(9694 9784 9785 9695)
4(9784 9874 9875 9785)
4(2675 2765 2766 2676)
4(2765 2855 2856 2766)
4(2855 2945 2946 2856)
4(2945 3035 3036 2946)
4(3035 3125 3126 3036)
4(3125 3215 3216 3126)
4(3215 3305 3306 3216)
4(3305 3395 3396 3306)
4(3395 3485 3486 3396)
4(3485 3575 3576 3486)
4(3575 3665 3666 3576)
4(3665 3755 3756 3666)
4(3755 3845 3846 3756)
4(3845 3935 3936 3846)
4(3935 4025 4026 3936)
4(4025 4115 4116 4026)
4(4115 4205 4206 4116)
4(4205 4295 4296 4206)
4(4295 4385 4386 4296)
4(4385 4475 4476 4386)
4(4475 4565 4566 4476)
4(4565 4655 4656 4566)
4(4655 4745 4746 4656)
4(4745 4835 4836 4746)
4(4835 4925 4926 4836)
4(4925 5015 5016 4926)
4(5015 5105 5106 5016)
4(5105 5195 5196 5106)
4(5195 5285 5286 5196)
4(5285 5375 5376 5286)
4(5375 5465 5466 5376)
4(5465 5555 5556 5466)
4(5555 5645 5646 5556)
4(5645 5735 5736 5646)
4(5735 5825 5826 5736)
4(5825 5915 5916 5826)
4(5915 6005 6006 5916)
4(6005 6095 6096 6006)
4(6095 6185 6186 6096)
4(6185 6275 6276 6186)
4(6275 6365 6366 6276)
4(6365 6455 6456 6366)
4(6455 6545 6546 6456)
4(6545 6635 6636 6546)
4(6635 6725 6726 6636)
4(6725 6815 6816 6726)
4(6815 6905 6906 6816)
4(6905 6995 6996 6906)
4(6995 7085 7086 6996)
4(7085 7175 7176 7086)
4(7175 7265 7266 7176)
4(7265 7355 7356 7266)
4(7355 7445 7446 7356)
4(7445 7535 7536 7446)
4(7535 7625 7626 7536)
4(7625 7715 7716 7626)
4(7715 7805 7806 7716)
4(7805 7895 7896 7806)
4(7895 7985 7986 7896)
4(7985 8075 8076 7986)
4(8075 8165 8166 8076)
4(8165 8255 8256 8166)
4(8255 8345 8346 8256)
4(8345 8435 8436 8346)
4(8435 8525 8526 8436)
4(8525 8615 8616 8526)
4(8615 8705 8706 8616)
4(8705 8795 8796 8706)
4(8795 8885 8886 8796)
4(8885 8975 8976 8886)
4(8975 9065 9066 8976)
4(9065 9155 9156 9066)
4(9155 9245 9246 9156)
4(9245 9335 9336 9246)
4(9335 9425 9426 9336)
4(9425 9515 9516 9426)
4(9515 9605 9606 9516)
4(9605 9695 9696 9606)
4(9695 9785 9786 9696)
4(9785 9875 9876 9786)
4(2676 2766 2767 2677)
4(2766 2856 2857 2767)
4(2856 2946 2947 2857)
4(2946 3036 3037 2947)
4(3036 3126 3127 3037)
4(3126 3216 3217 3127)
4(3216 3306 3307 3217)
4(3306 3396 3397 3307)
4(3396 3486 3487 3397)
4(3486 3576 3577 3487)
4(3576 3666 3667 3577)
4(3666 3756 3757 3667)
4(3756 3846 3847 3757)
4(3846 3936 3937 3847)
4(3936 4026 4027 3937)
4(4026 4116 4117 4027)
4(4116 4206 4207 4117)
4(4206 4296 4297 4207)
4(4296 4386 4387 4297)
4(4386 4476 4477 4387)
4(4476 4566 4567 4477)
4(4566 4656 4657 4567)
4(4656 4746 4747 4657)
4(4746 4836 4837 4747)
4(4836 4926 4927 4837)
4(4926 5016 5017 4927)
4(5016 5106 5107 5017)
4(5106 5196 5197 5107)
4(5196 5286 5287 5197)
4(5286 5376 5377 5287)
4(5376 5466 5467 5377)
4(5466 5556 5557 5467)
4(5556 5646 5647 5557)
4(5646 5736 5737 5647)
4(5736 5826 5827 5737)
4(5826 5916 5917 5827)
4(5916 6006 6007 5917)
4(6006 6096 6097 6007)
4(6096 6186 6187 6097)
4(6186 6276 6277 6187)
4(6276 6366 6367 6277)
4(6366 6456 6457 6367)
4(6456 6546 6547 6457)
4(6546 6636 6637 6547)
4(6636 6726 6727 6637)
4(6726 6816 6817 6727)
4(6816 6906 6907 6817)
4(6906 6996 6997 6907)
4(6996 7086 7087 6997)
4(7086 7176 7177 7087)
4(7176 7266 7267 7177)
4(7266 7356 7357 7267)
4(7356 7446 7447 7357)
4(7446 7536 7537 7447)
4(7536 7626 7627 7537)
4(7626 7716 7717 7627)
4(7716 7806 7807 7717)
4(7806 7896 7897 7807)
4(7896 7986 7987 7897)
4(7986 8076 8077 7987)
4(8076 8166 8167 8077)
4(8166 8256 8257 8167)
4(8256 8346 8347 8257)
4(8346 8436 8437 8347)
4(8436 8526 8527 8437)
4(8526 8616 8617 8527)
4(8616 8706 8707 8617)
4(8706 8796 8797 8707)
4(8796 8886 8887 8797)
4(8886 8976 8977 8887)
4(8976 9066 9067 8977)
4(9066 9156 9157 9067)
4(9156 9246 9247 9157)
4(9246 9336 9337 9247)
4(9336 9426 9427 9337)
4(9426 9516 9517 9427)
4(9516 9606 9607 9517)
4(9606 9696 9697 9607)
4(9696 9786 9787 9697)
4(9786 9876 9877 9787)
4(2677 2767 2768 2678)
4(2767 2857 2858 2768)
4(2857 2947 2948 2858)
4(2947 3037 3038 2948)
4(3037 3127 3128 3038)
4(3127 3217 3218 3128)
4(3217 3307 3308 3218)
4(3307 3397 3398 3308)
4(3397 3487 3488 3398)
4(3487 3577 3578 3488)
4(3577 3667 3668 3578)
4(3667 3757 3758 3668)
4(3757 3847 3848 3758)
4(3847 3937 3938 3848)
4(3937 4027 4028 3938)
4(4027 4117 4118 4028)
4(4117 4207 4208 4118)
4(4207 4297 4298 4208)
4(4297 4387 4388 4298)
4(4387 4477 4478 4388)
4(4477 4567 4568 4478)
4(4567 4657 4658 4568)
4(4657 4747 4748 4658)
4(4747 4837 4838 4748)
4(4837 4927 4928 4838)
4(4927 5017 5018 4928)
4(5017 5107 5108 5018)
4(5107 5197 5198 5108)
4(5197 5287 5288 5198)
4(5287 5377 5378 5288)
4(5377 5467 5468 5378)
4(5467 5557 5558 5468)
4(5557 5647 5648 5558)
4(5647 5737 5738 5648)
4(5737 5827 5828 5738)
4(5827 5917 5918 5828)
4(5917 6007 6008 5918)
4(6007 6097 6098 6008)
4(6097 6187 6188 6098)
4(6187 6277 6278 6188)
4(6277 6367 6368 6278)
4(6367 6457 6458 6368)
4(6457 6547 6548 6458)
4(6547 6637 6638 6548)
4(6637 6727 6728 6638)
4(6727 6817 6818 6728)
4(6817 6907 6908 6818)
4(6907 6997 6998 6908)
4(6997 7087 7088 6998)
4(7087 7177 7178 7088)
4(7177 7267 7268 7178)
4(7267 7357 7358 7268)
4(7357 7447 7448 7358)
4(7447 7537 7538 7448)
4(7537 7627 7628 7538)
4(7627 7717 7718 7628)
4(7717 7807 7808 7718)
4(7807 7897 7898 7808)
4(7897 7987 7988 7898)
4(7987 8077 8078 7988)
4(8077 8167 8168 8078)
4(8167 8257 8258 8168)
4(8257 8347 8348 8258)
4(8347 8437 8438 8348)
4(8437 8527 8528 8438)
4(8527 8617 8618 8528)
4(8617 8707 8708 8618)
4(8707 8797 8798 8708)
4(8797 8887 8888 8798)
4(8887 8977 8978 8888)
4(8977 9067 9068 8978)
4(9067 9157 9158 9068)
4(9157 9247 9248 9158)
4(9247 9337 9338 9248)
4(9337 9427 9428 9338)
4(9427 9517 9518 9428)
4(9517 9607 9608 9518)
4(9607 9697 9698 9608)
4(9697 9787 9788 9698)
4(9787 9877 9878 9788)
4(2678 2768 2769 2679)
4(2768 2858 2859 2769)
4(2858 2948 2949 2859)
4(2948 3038 3039 2949)
4(3038 3128 3129 3039)
4(3128 3218 3219 3129)
4(3218 3308 3309 3219)
4(3308 3398 3399 3309)
4(3398 3488 3489 3399)
4(3488 3578 3579 3489)
4(3578 3668 3669 3579)
4(3668 3758 3759 3669)
4(3758 3848 3849 3759)
4(3848 3938 3939 3849)
4(3938 4028 4029 3939)
4(4028 4118 4119 4029)
4(4118 4208 4209 4119)
4(4208 4298 4299 4209)
4(4298 4388 4389 4299)
4(4388 4478 4479 4389)
4(4478 4568 4569 4479)
4(4568 4658 4659 4569)
4(4658 4748 4749 4659)
4(4748 4838 4839 4749)
4(4838 4928 4929 4839)
4(4928 5018 5019 4929)
4(5018 5108 5109 5019)
4(5108 5198 5199 5109)
4(5198 5288 5289 5199)
4(5288 5378 5379 5289)
4(5378 5468 5469 5379)
4(5468 5558 5559 5469)
4(5558 5648 5649 5559)
4(5648 5738 5739 5649)
4(5738 5828 5829 5739)
4(5828 5918 5919 5829)
4(5918 6008 6009 5919)
4(6008 6098 6099 6009)
4(6098 6188 6189 6099)
4(6188 6278 6279 6189)
4(6278 6368 6369 6279)
4(6368 6458 6459 6369)
4(6458 6548 6549 6459)
4(6548 6638 6639 6549)
4(6638 6728 6729 6639)
4(6728 6818 6819 6729)
4(6818 6908 6909 6819)
4(6908 6998 6999 6909)
4(6998 7088 7089 6999)
4(7088 7178 7179 7089)
4(7178 7268 7269 7179)
4(7268 7358 7359 7269)
4(7358 7448 7449 7359)
4(7448 7538 7539 7449)
4(7538 7628 7629 7539)
4(7628 7718 7719 7629)
4(7718 7808 7809 7719)
4(7808 7898 7899 7809)
4(7898 7988 7989 7899)
4(7988 8078 8079 7989)
4(8078 8168 8169 8079)
4(8168 8258 8259 8169)
4(8258 8348 8349 8259)
4(8348 8438 8439 8349)
4(8438 8528 8529 8439)
4(8528 8618 8619 8529)
4(8618 8708 8709 8619)
4(8708 8798 8799 8709)
4(8798 8888 8889 8799)
4(8888 8978 8979 8889)
4(8978 9068 9069 8979)
4(9068 9158 9159 9069)
4(9158 9248 9249 9159)
4(9248 9338 9339 9249)
4(9338 9428 9429 9339)
4(9428 9518 9519 9429)
4(9518 9608 9609 9519)
4(9608 9698 9699 9609)
4(9698 9788 9789 9699)
4(9788 9878 9879 9789)
4(2679 2769 2770 2680)
4(2769 2859 2860 2770)
4(2859 2949 2950 2860)
4(2949 3039 3040 2950)
4(3039 3129 3130 3040)
4(3129 3219 3220 3130)
4(3219 3309 3310 3220)
4(3309 3399 3400 3310)
4(3399 3489 3490 3400)
4(3489 3579 3580 3490)
4(3579 3669 3670 3580)
4(3669 3759 3760 3670)
4(3759 3849 3850 3760)
4(3849 3939 3940 3850)
4(3939 4029 4030 3940)
4(4029 4119 4120 4030)
4(4119 4209 4210 4120)
4(4209 4299 4300 4210)
4(4299 4389 4390 4300)
4(4389 4479 4480 4390)
4(4479 4569 4570 4480)
4(4569 4659 4660 4570)
4(4659 4749 4750 4660)
4(4749 4839 4840 4750)
4(4839 4929 4930 4840)
4(4929 5019 5020 4930)
4(5019 5109 5110 5020)
4(5109 5199 5200 5110)
4(5199 5289 5290 5200)
4(5289 5379 5380 5290)
4(5379 5469 5470 5380)
4(5469 5559 5560 5470)
4(5559 5649 5650 5560)
4(5649 5739 5740 5650)
4(5739 5829 5830 5740)
4(5829 5919 5920 5830)
4(5919 6009 6010 5920)
4(6009 6099 6100 6010)
4(6099 6189 6190 6100)
4(6189 6279 6280 6190)
4(6279 6369 6370 6280)
4(6369 6459 6460 6370)
4(6459 6549 6550 6460)
4(6549 6639 6640 6550)
4(6639 6729 6730 6640)
4(6729 6819 6820 6730)
4(6819 6909 6910 6820)
4(6909 6999 7000 6910)
4(6999 7089 7090 7000)
4(7089 7179 7180 7090)
4(7179 7269 7270 7180)
4(7269 7359 7360 7270)
4(7359 7449 7450 7360)
4(7449 7539 7540 7450)
4(7539 7629 7630 7540)
4(7629 7719 7720 7630)
4(7719 7809 7810 7720)
4(7809 7899 7900 7810)
4(7899 7989 7990 7900)
4(7989 8079 8080 7990)
4(8079 8169 8170 8080)
4(8169 8259 8260 8170)
4(8259 8349 8350 8260)
4(8349 8439 8440 8350)
4(8439 8529 8530 8440)
4(8529 8619 8620 8530)
4(8619 8709 8710 8620)
4(8709 8799 8800 8710)
4(8799 8889 8890 8800)
4(8889 8979 8980 8890)
4(8979 9069 9070 8980)
4(9069 9159 9160 9070)
4(9159 9249 9250 9160)
4(9249 9339 9340 9250)
4(9339 9429 9430 9340)
4(9429 9519 9520 9430)
4(9519 9609 9610 9520)
4(9609 9699 9700 9610)
4(9699 9789 9790 9700)
4(9789 9879 9880 9790)
4(2680 2770 2771 2681)
4(2770 2860 2861 2771)
4(2860 2950 2951 2861)
4(2950 3040 3041 2951)
4(3040 3130 3131 3041)
4(3130 3220 3221 3131)
4(3220 3310 3311 3221)
4(3310 3400 3401 3311)
4(3400 3490 3491 3401)
4(3490 3580 3581 3491)
4(3580 3670 3671 3581)
4(3670 3760 3761 3671)
4(3760 3850 3851 3761)
4(3850 3940 3941 3851)
4(3940 4030 4031 3941)
4(4030 4120 4121 4031)
4(4120 4210 4211 4121)
4(4210 4300 4301 4211)
4(4300 4390 4391 4301)
4(4390 4480 4481 4391)
4(4480 4570 4571 4481)
4(4570 4660 4661 4571)
4(4660 4750 4751 4661)
4(4750 4840 4841 4751)
4(4840 4930 4931 4841)
4(4930 5020 5021 4931)
4(5020 5110 5111 5021)
4(5110 5200 5201 5111)
4(5200 5290 5291 5201)
4(5290 5380 5381 5291)
4(5380 5470 5471 5381)
4(5470 5560 5561 5471)
4(5560 5650 5651 5561)
4(5650 5740 5741 5651)
4(5740 5830 5831 5741)
4(5830 5920 5921 5831)
4(5920 6010 6011 5921)
4(6010 6100 6101 6011)
4(6100 6190 6191 6101)
4(6190 6280 6281 6191)
4(6280 6370 6371 6281)
4(6370 6460 6461 6371)
4(6460 6550 6551 6461)
4(6550 6640 6641 6551)
4(6640 6730 6731 6641)
4(6730 6820 6821 6731)
4(6820 6910 6911 6821)
4(6910 7000 7001 6911)
4(7000 7090 7091 7001)
4(7090 7180 7181 7091)
4(7180 7270 7271 7181)
4(7270 7360 7361 7271)
4(7360 7450 7451 7361)
4(7450 7540 7541 7451)
4(7540 7630 7631 7541)
4(7630 7720 7721 7631)
4(7720 7810 7811 7721)
4(7810 7900 7901 7811)
4(7900 7990 7991 7901)
4(7990 8080 8081 7991)
4(8080 8170 8171 8081)
4(8170 8260 8261 8171)
4(8260 8350 8351 8261)
4(8350 8440 8441 8351)
4(8440 8530 8531 8441)
4(8530 8620 8621 8531)
4(8620 8710 8711 8621)
4(8710 8800 8801 8711)
4(8800 8890 8891 8801)
4(8890 8980 8981 8891)
4(8980 9070 9071 8981)
4(9070 9160 9161 9071)
4(9160 9250 9251 9161)
4(9250 9340 9341 9251)
4(9340 9430 9431 9341)
4(9430 9520 9521 9431)
4(9520 9610 9611 9521)
4(9610 9700 9701 9611)
4(9700 9790 9791 9701)
4(9790 9880 9881 9791)
)


// ************************************************************************* //
