/*--------------------------------*- C++ -*----------------------------------*\
| =========                 |                                                 |
| \\      /  F ield         | OpenFOAM: The Open Source CFD Toolbox           |
|  \\    /   O peration     | Version:  2312                                  |
|   \\  /    A nd           | Website:  www.openfoam.com                      |
|    \\/     M anipulation  |                                                 |
\*---------------------------------------------------------------------------*/
FoamFile
{
    version     2.0;
    format      ascii;
    arch        "LSB;label=32;scalar=64";
    class       vectorField;
    location    "constant/polyMesh";
    object      points;
}
// * * * * * * * * * * * * * * * * * * * * * * * * * * * * * * * * * * * * * //


17172
(
(-0.3333333333 0 0)
(-0.2780948484 0 0)
(-0.2312336721 0 0)
(-0.1914793259 0 0)
(-0.1577540087 0 0)
(-0.1291433753 0 0)
(-0.1048717476 0 0)
(-0.0842810847 0 0)
(-0.06681314202 0 0)
(-0.05199433691 0 0)
(-0.03942290883 0 0)
(-0.0287580271 0 0)
(-0.01971055042 0 0)
(-0.01203518783 0 0)
(-0.005523848489 0 0)
(0 0 0)
(-0.3333333333 0.006363241108 0)
(-0.2780948484 0.006363241108 0)
(-0.2312336721 0.006363241108 0)
(-0.1914793259 0.006363241108 0)
(-0.1577540087 0.006363241108 0)
(-0.1291433753 0.006363241108 0)
(-0.1048717476 0.006363241108 0)
(-0.0842810847 0.006363241108 0)
(-0.06681314202 0.006363241108 0)
(-0.05199433691 0.006363241108 0)
(-0.03942290883 0.006363241108 0)
(-0.0287580271 0.006363241108 0)
(-0.01971055042 0.006363241108 0)
(-0.01203518783 0.006363241108 0)
(-0.005523848489 0.006363241108 0)
(0 0.006363241108 0)
(-0.3333333333 0.01291467868 0)
(-0.2780948484 0.01291467868 0)
(-0.2312336721 0.01291467868 0)
(-0.1914793259 0.01291467868 0)
(-0.1577540087 0.01291467868 0)
(-0.1291433753 0.01291467868 0)
(-0.1048717476 0.01291467868 0)
(-0.0842810847 0.01291467868 0)
(-0.06681314202 0.01291467868 0)
(-0.05199433691 0.01291467868 0)
(-0.03942290883 0.01291467868 0)
(-0.0287580271 0.01291467868 0)
(-0.01971055042 0.01291467868 0)
(-0.01203518783 0.01291467868 0)
(-0.005523848489 0.01291467868 0)
(0 0.01291467868 0)
(-0.3333333333 0.01965987874 0)
(-0.2780948484 0.01965987874 0)
(-0.2312336721 0.01965987874 0)
(-0.1914793259 0.01965987874 0)
(-0.1577540087 0.01965987874 0)
(-0.1291433753 0.01965987874 0)
(-0.1048717476 0.01965987874 0)
(-0.0842810847 0.01965987874 0)
(-0.06681314202 0.01965987874 0)
(-0.05199433691 0.01965987874 0)
(-0.03942290883 0.01965987874 0)
(-0.0287580271 0.01965987874 0)
(-0.01971055042 0.01965987874 0)
(-0.01203518783 0.01965987874 0)
(-0.005523848489 0.01965987874 0)
(0 0.01965987874 0)
(-0.3333333333 0.02660457191 0)
(-0.2780948484 0.02660457191 0)
(-0.2312336721 0.02660457191 0)
(-0.1914793259 0.02660457191 0)
(-0.1577540087 0.02660457191 0)
(-0.1291433753 0.02660457191 0)
(-0.1048717476 0.02660457191 0)
(-0.0842810847 0.02660457191 0)
(-0.06681314202 0.02660457191 0)
(-0.05199433691 0.02660457191 0)
(-0.03942290883 0.02660457191 0)
(-0.0287580271 0.02660457191 0)
(-0.01971055042 0.02660457191 0)
(-0.01203518783 0.02660457191 0)
(-0.005523848489 0.02660457191 0)
(0 0.02660457191 0)
(-0.3333333333 0.03375465833 0)
(-0.2780948484 0.03375465833 0)
(-0.2312336721 0.03375465833 0)
(-0.1914793259 0.03375465833 0)
(-0.1577540087 0.03375465833 0)
(-0.1291433753 0.03375465833 0)
(-0.1048717476 0.03375465833 0)
(-0.0842810847 0.03375465833 0)
(-0.06681314202 0.03375465833 0)
(-0.05199433691 0.03375465833 0)
(-0.03942290883 0.03375465833 0)
(-0.0287580271 0.03375465833 0)
(-0.01971055042 0.03375465833 0)
(-0.01203518783 0.03375465833 0)
(-0.005523848489 0.03375465833 0)
(0 0.03375465833 0)
(-0.3333333333 0.0411162126 0)
(-0.2780948484 0.0411162126 0)
(-0.2312336721 0.0411162126 0)
(-0.1914793259 0.0411162126 0)
(-0.1577540087 0.0411162126 0)
(-0.1291433753 0.0411162126 0)
(-0.1048717476 0.0411162126 0)
(-0.0842810847 0.0411162126 0)
(-0.06681314202 0.0411162126 0)
(-0.05199433691 0.0411162126 0)
(-0.03942290883 0.0411162126 0)
(-0.0287580271 0.0411162126 0)
(-0.01971055042 0.0411162126 0)
(-0.01203518783 0.0411162126 0)
(-0.005523848489 0.0411162126 0)
(0 0.0411162126 0)
(-0.3333333333 0.04869548902 0)
(-0.2780948484 0.04869548902 0)
(-0.2312336721 0.04869548902 0)
(-0.1914793259 0.04869548902 0)
(-0.1577540087 0.04869548902 0)
(-0.1291433753 0.04869548902 0)
(-0.1048717476 0.04869548902 0)
(-0.0842810847 0.04869548902 0)
(-0.06681314202 0.04869548902 0)
(-0.05199433691 0.04869548902 0)
(-0.03942290883 0.04869548902 0)
(-0.0287580271 0.04869548902 0)
(-0.01971055042 0.04869548902 0)
(-0.01203518783 0.04869548902 0)
(-0.005523848489 0.04869548902 0)
(0 0.04869548902 0)
(-0.3333333333 0.05649892685 0)
(-0.2780948484 0.05649892685 0)
(-0.2312336721 0.05649892685 0)
(-0.1914793259 0.05649892685 0)
(-0.1577540087 0.05649892685 0)
(-0.1291433753 0.05649892685 0)
(-0.1048717476 0.05649892685 0)
(-0.0842810847 0.05649892685 0)
(-0.06681314202 0.05649892685 0)
(-0.05199433691 0.05649892685 0)
(-0.03942290883 0.05649892685 0)
(-0.0287580271 0.05649892685 0)
(-0.01971055042 0.05649892685 0)
(-0.01203518783 0.05649892685 0)
(-0.005523848489 0.05649892685 0)
(0 0.05649892685 0)
(-0.3333333333 0.06453315577 0)
(-0.2780948484 0.06453315577 0)
(-0.2312336721 0.06453315577 0)
(-0.1914793259 0.06453315577 0)
(-0.1577540087 0.06453315577 0)
(-0.1291433753 0.06453315577 0)
(-0.1048717476 0.06453315577 0)
(-0.0842810847 0.06453315577 0)
(-0.06681314202 0.06453315577 0)
(-0.05199433691 0.06453315577 0)
(-0.03942290883 0.06453315577 0)
(-0.0287580271 0.06453315577 0)
(-0.01971055042 0.06453315577 0)
(-0.01203518783 0.06453315577 0)
(-0.005523848489 0.06453315577 0)
(0 0.06453315577 0)
(-0.3333333333 0.07280500157 0)
(-0.2780948484 0.07280500157 0)
(-0.2312336721 0.07280500157 0)
(-0.1914793259 0.07280500157 0)
(-0.1577540087 0.07280500157 0)
(-0.1291433753 0.07280500157 0)
(-0.1048717476 0.07280500157 0)
(-0.0842810847 0.07280500157 0)
(-0.06681314202 0.07280500157 0)
(-0.05199433691 0.07280500157 0)
(-0.03942290883 0.07280500157 0)
(-0.0287580271 0.07280500157 0)
(-0.01971055042 0.07280500157 0)
(-0.01203518783 0.07280500157 0)
(-0.005523848489 0.07280500157 0)
(0 0.07280500157 0)
(-0.3333333333 0.0813214919 0)
(-0.2780948484 0.0813214919 0)
(-0.2312336721 0.0813214919 0)
(-0.1914793259 0.0813214919 0)
(-0.1577540087 0.0813214919 0)
(-0.1291433753 0.0813214919 0)
(-0.1048717476 0.0813214919 0)
(-0.0842810847 0.0813214919 0)
(-0.06681314202 0.0813214919 0)
(-0.05199433691 0.0813214919 0)
(-0.03942290883 0.0813214919 0)
(-0.0287580271 0.0813214919 0)
(-0.01971055042 0.0813214919 0)
(-0.01203518783 0.0813214919 0)
(-0.005523848489 0.0813214919 0)
(0 0.0813214919 0)
(-0.3333333333 0.09008986226 0)
(-0.2780948484 0.09008986226 0)
(-0.2312336721 0.09008986226 0)
(-0.1914793259 0.09008986226 0)
(-0.1577540087 0.09008986226 0)
(-0.1291433753 0.09008986226 0)
(-0.1048717476 0.09008986226 0)
(-0.0842810847 0.09008986226 0)
(-0.06681314202 0.09008986226 0)
(-0.05199433691 0.09008986226 0)
(-0.03942290883 0.09008986226 0)
(-0.0287580271 0.09008986226 0)
(-0.01971055042 0.09008986226 0)
(-0.01203518783 0.09008986226 0)
(-0.005523848489 0.09008986226 0)
(0 0.09008986226 0)
(-0.3333333333 0.09911756216 0)
(-0.2780948484 0.09911756216 0)
(-0.2312336721 0.09911756216 0)
(-0.1914793259 0.09911756216 0)
(-0.1577540087 0.09911756216 0)
(-0.1291433753 0.09911756216 0)
(-0.1048717476 0.09911756216 0)
(-0.0842810847 0.09911756216 0)
(-0.06681314202 0.09911756216 0)
(-0.05199433691 0.09911756216 0)
(-0.03942290883 0.09911756216 0)
(-0.0287580271 0.09911756216 0)
(-0.01971055042 0.09911756216 0)
(-0.01203518783 0.09911756216 0)
(-0.005523848489 0.09911756216 0)
(0 0.09911756216 0)
(-0.3333333333 0.1084122614 0)
(-0.2780948484 0.1084122614 0)
(-0.2312336721 0.1084122614 0)
(-0.1914793259 0.1084122614 0)
(-0.1577540087 0.1084122614 0)
(-0.1291433753 0.1084122614 0)
(-0.1048717476 0.1084122614 0)
(-0.0842810847 0.1084122614 0)
(-0.06681314202 0.1084122614 0)
(-0.05199433691 0.1084122614 0)
(-0.03942290883 0.1084122614 0)
(-0.0287580271 0.1084122614 0)
(-0.01971055042 0.1084122614 0)
(-0.01203518783 0.1084122614 0)
(-0.005523848489 0.1084122614 0)
(0 0.1084122614 0)
(-0.3333333333 0.1179818566 0)
(-0.2780948484 0.1179818566 0)
(-0.2312336721 0.1179818566 0)
(-0.1914793259 0.1179818566 0)
(-0.1577540087 0.1179818566 0)
(-0.1291433753 0.1179818566 0)
(-0.1048717476 0.1179818566 0)
(-0.0842810847 0.1179818566 0)
(-0.06681314202 0.1179818566 0)
(-0.05199433691 0.1179818566 0)
(-0.03942290883 0.1179818566 0)
(-0.0287580271 0.1179818566 0)
(-0.01971055042 0.1179818566 0)
(-0.01203518783 0.1179818566 0)
(-0.005523848489 0.1179818566 0)
(0 0.1179818566 0)
(-0.3333333333 0.1278344781 0)
(-0.2780948484 0.1278344781 0)
(-0.2312336721 0.1278344781 0)
(-0.1914793259 0.1278344781 0)
(-0.1577540087 0.1278344781 0)
(-0.1291433753 0.1278344781 0)
(-0.1048717476 0.1278344781 0)
(-0.0842810847 0.1278344781 0)
(-0.06681314202 0.1278344781 0)
(-0.05199433691 0.1278344781 0)
(-0.03942290883 0.1278344781 0)
(-0.0287580271 0.1278344781 0)
(-0.01971055042 0.1278344781 0)
(-0.01203518783 0.1278344781 0)
(-0.005523848489 0.1278344781 0)
(0 0.1278344781 0)
(-0.3333333333 0.1379784964 0)
(-0.2780948484 0.1379784964 0)
(-0.2312336721 0.1379784964 0)
(-0.1914793259 0.1379784964 0)
(-0.1577540087 0.1379784964 0)
(-0.1291433753 0.1379784964 0)
(-0.1048717476 0.1379784964 0)
(-0.0842810847 0.1379784964 0)
(-0.06681314202 0.1379784964 0)
(-0.05199433691 0.1379784964 0)
(-0.03942290883 0.1379784964 0)
(-0.0287580271 0.1379784964 0)
(-0.01971055042 0.1379784964 0)
(-0.01203518783 0.1379784964 0)
(-0.005523848489 0.1379784964 0)
(0 0.1379784964 0)
(-0.3333333333 0.1484225298 0)
(-0.2780948484 0.1484225298 0)
(-0.2312336721 0.1484225298 0)
(-0.1914793259 0.1484225298 0)
(-0.1577540087 0.1484225298 0)
(-0.1291433753 0.1484225298 0)
(-0.1048717476 0.1484225298 0)
(-0.0842810847 0.1484225298 0)
(-0.06681314202 0.1484225298 0)
(-0.05199433691 0.1484225298 0)
(-0.03942290883 0.1484225298 0)
(-0.0287580271 0.1484225298 0)
(-0.01971055042 0.1484225298 0)
(-0.01203518783 0.1484225298 0)
(-0.005523848489 0.1484225298 0)
(0 0.1484225298 0)
(-0.3333333333 0.1591754515 0)
(-0.2780948484 0.1591754515 0)
(-0.2312336721 0.1591754515 0)
(-0.1914793259 0.1591754515 0)
(-0.1577540087 0.1591754515 0)
(-0.1291433753 0.1591754515 0)
(-0.1048717476 0.1591754515 0)
(-0.0842810847 0.1591754515 0)
(-0.06681314202 0.1591754515 0)
(-0.05199433691 0.1591754515 0)
(-0.03942290883 0.1591754515 0)
(-0.0287580271 0.1591754515 0)
(-0.01971055042 0.1591754515 0)
(-0.01203518783 0.1591754515 0)
(-0.005523848489 0.1591754515 0)
(0 0.1591754515 0)
(-0.3333333333 0.1702463968 0)
(-0.2780948484 0.1702463968 0)
(-0.2312336721 0.1702463968 0)
(-0.1914793259 0.1702463968 0)
(-0.1577540087 0.1702463968 0)
(-0.1291433753 0.1702463968 0)
(-0.1048717476 0.1702463968 0)
(-0.0842810847 0.1702463968 0)
(-0.06681314202 0.1702463968 0)
(-0.05199433691 0.1702463968 0)
(-0.03942290883 0.1702463968 0)
(-0.0287580271 0.1702463968 0)
(-0.01971055042 0.1702463968 0)
(-0.01203518783 0.1702463968 0)
(-0.005523848489 0.1702463968 0)
(0 0.1702463968 0)
(-0.3333333333 0.1816447717 0)
(-0.2780948484 0.1816447717 0)
(-0.2312336721 0.1816447717 0)
(-0.1914793259 0.1816447717 0)
(-0.1577540087 0.1816447717 0)
(-0.1291433753 0.1816447717 0)
(-0.1048717476 0.1816447717 0)
(-0.0842810847 0.1816447717 0)
(-0.06681314202 0.1816447717 0)
(-0.05199433691 0.1816447717 0)
(-0.03942290883 0.1816447717 0)
(-0.0287580271 0.1816447717 0)
(-0.01971055042 0.1816447717 0)
(-0.01203518783 0.1816447717 0)
(-0.005523848489 0.1816447717 0)
(0 0.1816447717 0)
(-0.3333333333 0.19338026 0)
(-0.2780948484 0.19338026 0)
(-0.2312336721 0.19338026 0)
(-0.1914793259 0.19338026 0)
(-0.1577540087 0.19338026 0)
(-0.1291433753 0.19338026 0)
(-0.1048717476 0.19338026 0)
(-0.0842810847 0.19338026 0)
(-0.06681314202 0.19338026 0)
(-0.05199433691 0.19338026 0)
(-0.03942290883 0.19338026 0)
(-0.0287580271 0.19338026 0)
(-0.01971055042 0.19338026 0)
(-0.01203518783 0.19338026 0)
(-0.005523848489 0.19338026 0)
(0 0.19338026 0)
(-0.3333333333 0.205462832 0)
(-0.2780948484 0.205462832 0)
(-0.2312336721 0.205462832 0)
(-0.1914793259 0.205462832 0)
(-0.1577540087 0.205462832 0)
(-0.1291433753 0.205462832 0)
(-0.1048717476 0.205462832 0)
(-0.0842810847 0.205462832 0)
(-0.06681314202 0.205462832 0)
(-0.05199433691 0.205462832 0)
(-0.03942290883 0.205462832 0)
(-0.0287580271 0.205462832 0)
(-0.01971055042 0.205462832 0)
(-0.01203518783 0.205462832 0)
(-0.005523848489 0.205462832 0)
(0 0.205462832 0)
(-0.3333333333 0.2179027529 0)
(-0.2780948484 0.2179027529 0)
(-0.2312336721 0.2179027529 0)
(-0.1914793259 0.2179027529 0)
(-0.1577540087 0.2179027529 0)
(-0.1291433753 0.2179027529 0)
(-0.1048717476 0.2179027529 0)
(-0.0842810847 0.2179027529 0)
(-0.06681314202 0.2179027529 0)
(-0.05199433691 0.2179027529 0)
(-0.03942290883 0.2179027529 0)
(-0.0287580271 0.2179027529 0)
(-0.01971055042 0.2179027529 0)
(-0.01203518783 0.2179027529 0)
(-0.005523848489 0.2179027529 0)
(0 0.2179027529 0)
(-0.3333333333 0.2307105916 0)
(-0.2780948484 0.2307105916 0)
(-0.2312336721 0.2307105916 0)
(-0.1914793259 0.2307105916 0)
(-0.1577540087 0.2307105916 0)
(-0.1291433753 0.2307105916 0)
(-0.1048717476 0.2307105916 0)
(-0.0842810847 0.2307105916 0)
(-0.06681314202 0.2307105916 0)
(-0.05199433691 0.2307105916 0)
(-0.03942290883 0.2307105916 0)
(-0.0287580271 0.2307105916 0)
(-0.01971055042 0.2307105916 0)
(-0.01203518783 0.2307105916 0)
(-0.005523848489 0.2307105916 0)
(0 0.2307105916 0)
(-0.3333333333 0.2438972293 0)
(-0.2780948484 0.2438972293 0)
(-0.2312336721 0.2438972293 0)
(-0.1914793259 0.2438972293 0)
(-0.1577540087 0.2438972293 0)
(-0.1291433753 0.2438972293 0)
(-0.1048717476 0.2438972293 0)
(-0.0842810847 0.2438972293 0)
(-0.06681314202 0.2438972293 0)
(-0.05199433691 0.2438972293 0)
(-0.03942290883 0.2438972293 0)
(-0.0287580271 0.2438972293 0)
(-0.01971055042 0.2438972293 0)
(-0.01203518783 0.2438972293 0)
(-0.005523848489 0.2438972293 0)
(0 0.2438972293 0)
(-0.3333333333 0.2574738693 0)
(-0.2780948484 0.2574738693 0)
(-0.2312336721 0.2574738693 0)
(-0.1914793259 0.2574738693 0)
(-0.1577540087 0.2574738693 0)
(-0.1291433753 0.2574738693 0)
(-0.1048717476 0.2574738693 0)
(-0.0842810847 0.2574738693 0)
(-0.06681314202 0.2574738693 0)
(-0.05199433691 0.2574738693 0)
(-0.03942290883 0.2574738693 0)
(-0.0287580271 0.2574738693 0)
(-0.01971055042 0.2574738693 0)
(-0.01203518783 0.2574738693 0)
(-0.005523848489 0.2574738693 0)
(0 0.2574738693 0)
(-0.3333333333 0.2714520462 0)
(-0.2780948484 0.2714520462 0)
(-0.2312336721 0.2714520462 0)
(-0.1914793259 0.2714520462 0)
(-0.1577540087 0.2714520462 0)
(-0.1291433753 0.2714520462 0)
(-0.1048717476 0.2714520462 0)
(-0.0842810847 0.2714520462 0)
(-0.06681314202 0.2714520462 0)
(-0.05199433691 0.2714520462 0)
(-0.03942290883 0.2714520462 0)
(-0.0287580271 0.2714520462 0)
(-0.01971055042 0.2714520462 0)
(-0.01203518783 0.2714520462 0)
(-0.005523848489 0.2714520462 0)
(0 0.2714520462 0)
(-0.3333333333 0.2858436356 0)
(-0.2780948484 0.2858436356 0)
(-0.2312336721 0.2858436356 0)
(-0.1914793259 0.2858436356 0)
(-0.1577540087 0.2858436356 0)
(-0.1291433753 0.2858436356 0)
(-0.1048717476 0.2858436356 0)
(-0.0842810847 0.2858436356 0)
(-0.06681314202 0.2858436356 0)
(-0.05199433691 0.2858436356 0)
(-0.03942290883 0.2858436356 0)
(-0.0287580271 0.2858436356 0)
(-0.01971055042 0.2858436356 0)
(-0.01203518783 0.2858436356 0)
(-0.005523848489 0.2858436356 0)
(0 0.2858436356 0)
(-0.3333333333 0.3006608644 0)
(-0.2780948484 0.3006608644 0)
(-0.2312336721 0.3006608644 0)
(-0.1914793259 0.3006608644 0)
(-0.1577540087 0.3006608644 0)
(-0.1291433753 0.3006608644 0)
(-0.1048717476 0.3006608644 0)
(-0.0842810847 0.3006608644 0)
(-0.06681314202 0.3006608644 0)
(-0.05199433691 0.3006608644 0)
(-0.03942290883 0.3006608644 0)
(-0.0287580271 0.3006608644 0)
(-0.01971055042 0.3006608644 0)
(-0.01203518783 0.3006608644 0)
(-0.005523848489 0.3006608644 0)
(0 0.3006608644 0)
(-0.3333333333 0.3159163211 0)
(-0.2780948484 0.3159163211 0)
(-0.2312336721 0.3159163211 0)
(-0.1914793259 0.3159163211 0)
(-0.1577540087 0.3159163211 0)
(-0.1291433753 0.3159163211 0)
(-0.1048717476 0.3159163211 0)
(-0.0842810847 0.3159163211 0)
(-0.06681314202 0.3159163211 0)
(-0.05199433691 0.3159163211 0)
(-0.03942290883 0.3159163211 0)
(-0.0287580271 0.3159163211 0)
(-0.01971055042 0.3159163211 0)
(-0.01203518783 0.3159163211 0)
(-0.005523848489 0.3159163211 0)
(0 0.3159163211 0)
(-0.3333333333 0.3316229666 0)
(-0.2780948484 0.3316229666 0)
(-0.2312336721 0.3316229666 0)
(-0.1914793259 0.3316229666 0)
(-0.1577540087 0.3316229666 0)
(-0.1291433753 0.3316229666 0)
(-0.1048717476 0.3316229666 0)
(-0.0842810847 0.3316229666 0)
(-0.06681314202 0.3316229666 0)
(-0.05199433691 0.3316229666 0)
(-0.03942290883 0.3316229666 0)
(-0.0287580271 0.3316229666 0)
(-0.01971055042 0.3316229666 0)
(-0.01203518783 0.3316229666 0)
(-0.005523848489 0.3316229666 0)
(0 0.3316229666 0)
(-0.3333333333 0.3477941451 0)
(-0.2780948484 0.3477941451 0)
(-0.2312336721 0.3477941451 0)
(-0.1914793259 0.3477941451 0)
(-0.1577540087 0.3477941451 0)
(-0.1291433753 0.3477941451 0)
(-0.1048717476 0.3477941451 0)
(-0.0842810847 0.3477941451 0)
(-0.06681314202 0.3477941451 0)
(-0.05199433691 0.3477941451 0)
(-0.03942290883 0.3477941451 0)
(-0.0287580271 0.3477941451 0)
(-0.01971055042 0.3477941451 0)
(-0.01203518783 0.3477941451 0)
(-0.005523848489 0.3477941451 0)
(0 0.3477941451 0)
(-0.3333333333 0.3644435954 0)
(-0.2780948484 0.3644435954 0)
(-0.2312336721 0.3644435954 0)
(-0.1914793259 0.3644435954 0)
(-0.1577540087 0.3644435954 0)
(-0.1291433753 0.3644435954 0)
(-0.1048717476 0.3644435954 0)
(-0.0842810847 0.3644435954 0)
(-0.06681314202 0.3644435954 0)
(-0.05199433691 0.3644435954 0)
(-0.03942290883 0.3644435954 0)
(-0.0287580271 0.3644435954 0)
(-0.01971055042 0.3644435954 0)
(-0.01203518783 0.3644435954 0)
(-0.005523848489 0.3644435954 0)
(0 0.3644435954 0)
(-0.3333333333 0.3815854626 0)
(-0.2780948484 0.3815854626 0)
(-0.2312336721 0.3815854626 0)
(-0.1914793259 0.3815854626 0)
(-0.1577540087 0.3815854626 0)
(-0.1291433753 0.3815854626 0)
(-0.1048717476 0.3815854626 0)
(-0.0842810847 0.3815854626 0)
(-0.06681314202 0.3815854626 0)
(-0.05199433691 0.3815854626 0)
(-0.03942290883 0.3815854626 0)
(-0.0287580271 0.3815854626 0)
(-0.01971055042 0.3815854626 0)
(-0.01203518783 0.3815854626 0)
(-0.005523848489 0.3815854626 0)
(0 0.3815854626 0)
(-0.3333333333 0.3992343102 0)
(-0.2780948484 0.3992343102 0)
(-0.2312336721 0.3992343102 0)
(-0.1914793259 0.3992343102 0)
(-0.1577540087 0.3992343102 0)
(-0.1291433753 0.3992343102 0)
(-0.1048717476 0.3992343102 0)
(-0.0842810847 0.3992343102 0)
(-0.06681314202 0.3992343102 0)
(-0.05199433691 0.3992343102 0)
(-0.03942290883 0.3992343102 0)
(-0.0287580271 0.3992343102 0)
(-0.01971055042 0.3992343102 0)
(-0.01203518783 0.3992343102 0)
(-0.005523848489 0.3992343102 0)
(0 0.3992343102 0)
(-0.3333333333 0.4174051325 0)
(-0.2780948484 0.4174051325 0)
(-0.2312336721 0.4174051325 0)
(-0.1914793259 0.4174051325 0)
(-0.1577540087 0.4174051325 0)
(-0.1291433753 0.4174051325 0)
(-0.1048717476 0.4174051325 0)
(-0.0842810847 0.4174051325 0)
(-0.06681314202 0.4174051325 0)
(-0.05199433691 0.4174051325 0)
(-0.03942290883 0.4174051325 0)
(-0.0287580271 0.4174051325 0)
(-0.01971055042 0.4174051325 0)
(-0.01203518783 0.4174051325 0)
(-0.005523848489 0.4174051325 0)
(0 0.4174051325 0)
(-0.3333333333 0.4361133672 0)
(-0.2780948484 0.4361133672 0)
(-0.2312336721 0.4361133672 0)
(-0.1914793259 0.4361133672 0)
(-0.1577540087 0.4361133672 0)
(-0.1291433753 0.4361133672 0)
(-0.1048717476 0.4361133672 0)
(-0.0842810847 0.4361133672 0)
(-0.06681314202 0.4361133672 0)
(-0.05199433691 0.4361133672 0)
(-0.03942290883 0.4361133672 0)
(-0.0287580271 0.4361133672 0)
(-0.01971055042 0.4361133672 0)
(-0.01203518783 0.4361133672 0)
(-0.005523848489 0.4361133672 0)
(0 0.4361133672 0)
(-0.3333333333 0.4553749086 0)
(-0.2780948484 0.4553749086 0)
(-0.2312336721 0.4553749086 0)
(-0.1914793259 0.4553749086 0)
(-0.1577540087 0.4553749086 0)
(-0.1291433753 0.4553749086 0)
(-0.1048717476 0.4553749086 0)
(-0.0842810847 0.4553749086 0)
(-0.06681314202 0.4553749086 0)
(-0.05199433691 0.4553749086 0)
(-0.03942290883 0.4553749086 0)
(-0.0287580271 0.4553749086 0)
(-0.01971055042 0.4553749086 0)
(-0.01203518783 0.4553749086 0)
(-0.005523848489 0.4553749086 0)
(0 0.4553749086 0)
(-0.3333333333 0.475206121 0)
(-0.2780948484 0.475206121 0)
(-0.2312336721 0.475206121 0)
(-0.1914793259 0.475206121 0)
(-0.1577540087 0.475206121 0)
(-0.1291433753 0.475206121 0)
(-0.1048717476 0.475206121 0)
(-0.0842810847 0.475206121 0)
(-0.06681314202 0.475206121 0)
(-0.05199433691 0.475206121 0)
(-0.03942290883 0.475206121 0)
(-0.0287580271 0.475206121 0)
(-0.01971055042 0.475206121 0)
(-0.01203518783 0.475206121 0)
(-0.005523848489 0.475206121 0)
(0 0.475206121 0)
(-0.3333333333 0.4956238527 0)
(-0.2780948484 0.4956238527 0)
(-0.2312336721 0.4956238527 0)
(-0.1914793259 0.4956238527 0)
(-0.1577540087 0.4956238527 0)
(-0.1291433753 0.4956238527 0)
(-0.1048717476 0.4956238527 0)
(-0.0842810847 0.4956238527 0)
(-0.06681314202 0.4956238527 0)
(-0.05199433691 0.4956238527 0)
(-0.03942290883 0.4956238527 0)
(-0.0287580271 0.4956238527 0)
(-0.01971055042 0.4956238527 0)
(-0.01203518783 0.4956238527 0)
(-0.005523848489 0.4956238527 0)
(0 0.4956238527 0)
(-0.3333333333 0.5166454504 0)
(-0.2780948484 0.5166454504 0)
(-0.2312336721 0.5166454504 0)
(-0.1914793259 0.5166454504 0)
(-0.1577540087 0.5166454504 0)
(-0.1291433753 0.5166454504 0)
(-0.1048717476 0.5166454504 0)
(-0.0842810847 0.5166454504 0)
(-0.06681314202 0.5166454504 0)
(-0.05199433691 0.5166454504 0)
(-0.03942290883 0.5166454504 0)
(-0.0287580271 0.5166454504 0)
(-0.01971055042 0.5166454504 0)
(-0.01203518783 0.5166454504 0)
(-0.005523848489 0.5166454504 0)
(0 0.5166454504 0)
(-0.3333333333 0.5382887738 0)
(-0.2780948484 0.5382887738 0)
(-0.2312336721 0.5382887738 0)
(-0.1914793259 0.5382887738 0)
(-0.1577540087 0.5382887738 0)
(-0.1291433753 0.5382887738 0)
(-0.1048717476 0.5382887738 0)
(-0.0842810847 0.5382887738 0)
(-0.06681314202 0.5382887738 0)
(-0.05199433691 0.5382887738 0)
(-0.03942290883 0.5382887738 0)
(-0.0287580271 0.5382887738 0)
(-0.01971055042 0.5382887738 0)
(-0.01203518783 0.5382887738 0)
(-0.005523848489 0.5382887738 0)
(0 0.5382887738 0)
(-0.3333333333 0.5605722108 0)
(-0.2780948484 0.5605722108 0)
(-0.2312336721 0.5605722108 0)
(-0.1914793259 0.5605722108 0)
(-0.1577540087 0.5605722108 0)
(-0.1291433753 0.5605722108 0)
(-0.1048717476 0.5605722108 0)
(-0.0842810847 0.5605722108 0)
(-0.06681314202 0.5605722108 0)
(-0.05199433691 0.5605722108 0)
(-0.03942290883 0.5605722108 0)
(-0.0287580271 0.5605722108 0)
(-0.01971055042 0.5605722108 0)
(-0.01203518783 0.5605722108 0)
(-0.005523848489 0.5605722108 0)
(0 0.5605722108 0)
(-0.3333333333 0.583514693 0)
(-0.2780948484 0.583514693 0)
(-0.2312336721 0.583514693 0)
(-0.1914793259 0.583514693 0)
(-0.1577540087 0.583514693 0)
(-0.1291433753 0.583514693 0)
(-0.1048717476 0.583514693 0)
(-0.0842810847 0.583514693 0)
(-0.06681314202 0.583514693 0)
(-0.05199433691 0.583514693 0)
(-0.03942290883 0.583514693 0)
(-0.0287580271 0.583514693 0)
(-0.01971055042 0.583514693 0)
(-0.01203518783 0.583514693 0)
(-0.005523848489 0.583514693 0)
(0 0.583514693 0)
(-0.3333333333 0.6071357122 0)
(-0.2780948484 0.6071357122 0)
(-0.2312336721 0.6071357122 0)
(-0.1914793259 0.6071357122 0)
(-0.1577540087 0.6071357122 0)
(-0.1291433753 0.6071357122 0)
(-0.1048717476 0.6071357122 0)
(-0.0842810847 0.6071357122 0)
(-0.06681314202 0.6071357122 0)
(-0.05199433691 0.6071357122 0)
(-0.03942290883 0.6071357122 0)
(-0.0287580271 0.6071357122 0)
(-0.01971055042 0.6071357122 0)
(-0.01203518783 0.6071357122 0)
(-0.005523848489 0.6071357122 0)
(0 0.6071357122 0)
(-0.3333333333 0.6314553365 0)
(-0.2780948484 0.6314553365 0)
(-0.2312336721 0.6314553365 0)
(-0.1914793259 0.6314553365 0)
(-0.1577540087 0.6314553365 0)
(-0.1291433753 0.6314553365 0)
(-0.1048717476 0.6314553365 0)
(-0.0842810847 0.6314553365 0)
(-0.06681314202 0.6314553365 0)
(-0.05199433691 0.6314553365 0)
(-0.03942290883 0.6314553365 0)
(-0.0287580271 0.6314553365 0)
(-0.01971055042 0.6314553365 0)
(-0.01203518783 0.6314553365 0)
(-0.005523848489 0.6314553365 0)
(0 0.6314553365 0)
(-0.3333333333 0.6564942274 0)
(-0.2780948484 0.6564942274 0)
(-0.2312336721 0.6564942274 0)
(-0.1914793259 0.6564942274 0)
(-0.1577540087 0.6564942274 0)
(-0.1291433753 0.6564942274 0)
(-0.1048717476 0.6564942274 0)
(-0.0842810847 0.6564942274 0)
(-0.06681314202 0.6564942274 0)
(-0.05199433691 0.6564942274 0)
(-0.03942290883 0.6564942274 0)
(-0.0287580271 0.6564942274 0)
(-0.01971055042 0.6564942274 0)
(-0.01203518783 0.6564942274 0)
(-0.005523848489 0.6564942274 0)
(0 0.6564942274 0)
(-0.3333333333 0.6822736577 0)
(-0.2780948484 0.6822736577 0)
(-0.2312336721 0.6822736577 0)
(-0.1914793259 0.6822736577 0)
(-0.1577540087 0.6822736577 0)
(-0.1291433753 0.6822736577 0)
(-0.1048717476 0.6822736577 0)
(-0.0842810847 0.6822736577 0)
(-0.06681314202 0.6822736577 0)
(-0.05199433691 0.6822736577 0)
(-0.03942290883 0.6822736577 0)
(-0.0287580271 0.6822736577 0)
(-0.01971055042 0.6822736577 0)
(-0.01203518783 0.6822736577 0)
(-0.005523848489 0.6822736577 0)
(0 0.6822736577 0)
(-0.3333333333 0.7088155293 0)
(-0.2780948484 0.7088155293 0)
(-0.2312336721 0.7088155293 0)
(-0.1914793259 0.7088155293 0)
(-0.1577540087 0.7088155293 0)
(-0.1291433753 0.7088155293 0)
(-0.1048717476 0.7088155293 0)
(-0.0842810847 0.7088155293 0)
(-0.06681314202 0.7088155293 0)
(-0.05199433691 0.7088155293 0)
(-0.03942290883 0.7088155293 0)
(-0.0287580271 0.7088155293 0)
(-0.01971055042 0.7088155293 0)
(-0.01203518783 0.7088155293 0)
(-0.005523848489 0.7088155293 0)
(0 0.7088155293 0)
(-0.3333333333 0.7361423918 0)
(-0.2780948484 0.7361423918 0)
(-0.2312336721 0.7361423918 0)
(-0.1914793259 0.7361423918 0)
(-0.1577540087 0.7361423918 0)
(-0.1291433753 0.7361423918 0)
(-0.1048717476 0.7361423918 0)
(-0.0842810847 0.7361423918 0)
(-0.06681314202 0.7361423918 0)
(-0.05199433691 0.7361423918 0)
(-0.03942290883 0.7361423918 0)
(-0.0287580271 0.7361423918 0)
(-0.01971055042 0.7361423918 0)
(-0.01203518783 0.7361423918 0)
(-0.005523848489 0.7361423918 0)
(0 0.7361423918 0)
(-0.3333333333 0.7642774618 0)
(-0.2780948484 0.7642774618 0)
(-0.2312336721 0.7642774618 0)
(-0.1914793259 0.7642774618 0)
(-0.1577540087 0.7642774618 0)
(-0.1291433753 0.7642774618 0)
(-0.1048717476 0.7642774618 0)
(-0.0842810847 0.7642774618 0)
(-0.06681314202 0.7642774618 0)
(-0.05199433691 0.7642774618 0)
(-0.03942290883 0.7642774618 0)
(-0.0287580271 0.7642774618 0)
(-0.01971055042 0.7642774618 0)
(-0.01203518783 0.7642774618 0)
(-0.005523848489 0.7642774618 0)
(0 0.7642774618 0)
(-0.3333333333 0.7932446424 0)
(-0.2780948484 0.7932446424 0)
(-0.2312336721 0.7932446424 0)
(-0.1914793259 0.7932446424 0)
(-0.1577540087 0.7932446424 0)
(-0.1291433753 0.7932446424 0)
(-0.1048717476 0.7932446424 0)
(-0.0842810847 0.7932446424 0)
(-0.06681314202 0.7932446424 0)
(-0.05199433691 0.7932446424 0)
(-0.03942290883 0.7932446424 0)
(-0.0287580271 0.7932446424 0)
(-0.01971055042 0.7932446424 0)
(-0.01203518783 0.7932446424 0)
(-0.005523848489 0.7932446424 0)
(0 0.7932446424 0)
(-0.3333333333 0.8230685438 0)
(-0.2780948484 0.8230685438 0)
(-0.2312336721 0.8230685438 0)
(-0.1914793259 0.8230685438 0)
(-0.1577540087 0.8230685438 0)
(-0.1291433753 0.8230685438 0)
(-0.1048717476 0.8230685438 0)
(-0.0842810847 0.8230685438 0)
(-0.06681314202 0.8230685438 0)
(-0.05199433691 0.8230685438 0)
(-0.03942290883 0.8230685438 0)
(-0.0287580271 0.8230685438 0)
(-0.01971055042 0.8230685438 0)
(-0.01203518783 0.8230685438 0)
(-0.005523848489 0.8230685438 0)
(0 0.8230685438 0)
(-0.3333333333 0.853774504 0)
(-0.2780948484 0.853774504 0)
(-0.2312336721 0.853774504 0)
(-0.1914793259 0.853774504 0)
(-0.1577540087 0.853774504 0)
(-0.1291433753 0.853774504 0)
(-0.1048717476 0.853774504 0)
(-0.0842810847 0.853774504 0)
(-0.06681314202 0.853774504 0)
(-0.05199433691 0.853774504 0)
(-0.03942290883 0.853774504 0)
(-0.0287580271 0.853774504 0)
(-0.01971055042 0.853774504 0)
(-0.01203518783 0.853774504 0)
(-0.005523848489 0.853774504 0)
(0 0.853774504 0)
(-0.3333333333 0.8853886105 0)
(-0.2780948484 0.8853886105 0)
(-0.2312336721 0.8853886105 0)
(-0.1914793259 0.8853886105 0)
(-0.1577540087 0.8853886105 0)
(-0.1291433753 0.8853886105 0)
(-0.1048717476 0.8853886105 0)
(-0.0842810847 0.8853886105 0)
(-0.06681314202 0.8853886105 0)
(-0.05199433691 0.8853886105 0)
(-0.03942290883 0.8853886105 0)
(-0.0287580271 0.8853886105 0)
(-0.01971055042 0.8853886105 0)
(-0.01203518783 0.8853886105 0)
(-0.005523848489 0.8853886105 0)
(0 0.8853886105 0)
(-0.3333333333 0.917937722 0)
(-0.2780948484 0.917937722 0)
(-0.2312336721 0.917937722 0)
(-0.1914793259 0.917937722 0)
(-0.1577540087 0.917937722 0)
(-0.1291433753 0.917937722 0)
(-0.1048717476 0.917937722 0)
(-0.0842810847 0.917937722 0)
(-0.06681314202 0.917937722 0)
(-0.05199433691 0.917937722 0)
(-0.03942290883 0.917937722 0)
(-0.0287580271 0.917937722 0)
(-0.01971055042 0.917937722 0)
(-0.01203518783 0.917937722 0)
(-0.005523848489 0.917937722 0)
(0 0.917937722 0)
(-0.3333333333 0.951449492 0)
(-0.2780948484 0.951449492 0)
(-0.2312336721 0.951449492 0)
(-0.1914793259 0.951449492 0)
(-0.1577540087 0.951449492 0)
(-0.1291433753 0.951449492 0)
(-0.1048717476 0.951449492 0)
(-0.0842810847 0.951449492 0)
(-0.06681314202 0.951449492 0)
(-0.05199433691 0.951449492 0)
(-0.03942290883 0.951449492 0)
(-0.0287580271 0.951449492 0)
(-0.01971055042 0.951449492 0)
(-0.01203518783 0.951449492 0)
(-0.005523848489 0.951449492 0)
(0 0.951449492 0)
(-0.3333333333 0.9859523916 0)
(-0.2780948484 0.9859523916 0)
(-0.2312336721 0.9859523916 0)
(-0.1914793259 0.9859523916 0)
(-0.1577540087 0.9859523916 0)
(-0.1291433753 0.9859523916 0)
(-0.1048717476 0.9859523916 0)
(-0.0842810847 0.9859523916 0)
(-0.06681314202 0.9859523916 0)
(-0.05199433691 0.9859523916 0)
(-0.03942290883 0.9859523916 0)
(-0.0287580271 0.9859523916 0)
(-0.01971055042 0.9859523916 0)
(-0.01203518783 0.9859523916 0)
(-0.005523848489 0.9859523916 0)
(0 0.9859523916 0)
(-0.3333333333 1.021475734 0)
(-0.2780948484 1.021475734 0)
(-0.2312336721 1.021475734 0)
(-0.1914793259 1.021475734 0)
(-0.1577540087 1.021475734 0)
(-0.1291433753 1.021475734 0)
(-0.1048717476 1.021475734 0)
(-0.0842810847 1.021475734 0)
(-0.06681314202 1.021475734 0)
(-0.05199433691 1.021475734 0)
(-0.03942290883 1.021475734 0)
(-0.0287580271 1.021475734 0)
(-0.01971055042 1.021475734 0)
(-0.01203518783 1.021475734 0)
(-0.005523848489 1.021475734 0)
(0 1.021475734 0)
(-0.3333333333 1.058049699 0)
(-0.2780948484 1.058049699 0)
(-0.2312336721 1.058049699 0)
(-0.1914793259 1.058049699 0)
(-0.1577540087 1.058049699 0)
(-0.1291433753 1.058049699 0)
(-0.1048717476 1.058049699 0)
(-0.0842810847 1.058049699 0)
(-0.06681314202 1.058049699 0)
(-0.05199433691 1.058049699 0)
(-0.03942290883 1.058049699 0)
(-0.0287580271 1.058049699 0)
(-0.01971055042 1.058049699 0)
(-0.01203518783 1.058049699 0)
(-0.005523848489 1.058049699 0)
(0 1.058049699 0)
(-0.3333333333 1.095705361 0)
(-0.2780948484 1.095705361 0)
(-0.2312336721 1.095705361 0)
(-0.1914793259 1.095705361 0)
(-0.1577540087 1.095705361 0)
(-0.1291433753 1.095705361 0)
(-0.1048717476 1.095705361 0)
(-0.0842810847 1.095705361 0)
(-0.06681314202 1.095705361 0)
(-0.05199433691 1.095705361 0)
(-0.03942290883 1.095705361 0)
(-0.0287580271 1.095705361 0)
(-0.01971055042 1.095705361 0)
(-0.01203518783 1.095705361 0)
(-0.005523848489 1.095705361 0)
(0 1.095705361 0)
(-0.3333333333 1.134474709 0)
(-0.2780948484 1.134474709 0)
(-0.2312336721 1.134474709 0)
(-0.1914793259 1.134474709 0)
(-0.1577540087 1.134474709 0)
(-0.1291433753 1.134474709 0)
(-0.1048717476 1.134474709 0)
(-0.0842810847 1.134474709 0)
(-0.06681314202 1.134474709 0)
(-0.05199433691 1.134474709 0)
(-0.03942290883 1.134474709 0)
(-0.0287580271 1.134474709 0)
(-0.01971055042 1.134474709 0)
(-0.01203518783 1.134474709 0)
(-0.005523848489 1.134474709 0)
(0 1.134474709 0)
(-0.3333333333 1.174390684 0)
(-0.2780948484 1.174390684 0)
(-0.2312336721 1.174390684 0)
(-0.1914793259 1.174390684 0)
(-0.1577540087 1.174390684 0)
(-0.1291433753 1.174390684 0)
(-0.1048717476 1.174390684 0)
(-0.0842810847 1.174390684 0)
(-0.06681314202 1.174390684 0)
(-0.05199433691 1.174390684 0)
(-0.03942290883 1.174390684 0)
(-0.0287580271 1.174390684 0)
(-0.01971055042 1.174390684 0)
(-0.01203518783 1.174390684 0)
(-0.005523848489 1.174390684 0)
(0 1.174390684 0)
(-0.3333333333 1.215487196 0)
(-0.2780948484 1.215487196 0)
(-0.2312336721 1.215487196 0)
(-0.1914793259 1.215487196 0)
(-0.1577540087 1.215487196 0)
(-0.1291433753 1.215487196 0)
(-0.1048717476 1.215487196 0)
(-0.0842810847 1.215487196 0)
(-0.06681314202 1.215487196 0)
(-0.05199433691 1.215487196 0)
(-0.03942290883 1.215487196 0)
(-0.0287580271 1.215487196 0)
(-0.01971055042 1.215487196 0)
(-0.01203518783 1.215487196 0)
(-0.005523848489 1.215487196 0)
(0 1.215487196 0)
(-0.3333333333 1.25779916 0)
(-0.2780948484 1.25779916 0)
(-0.2312336721 1.25779916 0)
(-0.1914793259 1.25779916 0)
(-0.1577540087 1.25779916 0)
(-0.1291433753 1.25779916 0)
(-0.1048717476 1.25779916 0)
(-0.0842810847 1.25779916 0)
(-0.06681314202 1.25779916 0)
(-0.05199433691 1.25779916 0)
(-0.03942290883 1.25779916 0)
(-0.0287580271 1.25779916 0)
(-0.01971055042 1.25779916 0)
(-0.01203518783 1.25779916 0)
(-0.005523848489 1.25779916 0)
(0 1.25779916 0)
(-0.3333333333 1.301362525 0)
(-0.2780948484 1.301362525 0)
(-0.2312336721 1.301362525 0)
(-0.1914793259 1.301362525 0)
(-0.1577540087 1.301362525 0)
(-0.1291433753 1.301362525 0)
(-0.1048717476 1.301362525 0)
(-0.0842810847 1.301362525 0)
(-0.06681314202 1.301362525 0)
(-0.05199433691 1.301362525 0)
(-0.03942290883 1.301362525 0)
(-0.0287580271 1.301362525 0)
(-0.01971055042 1.301362525 0)
(-0.01203518783 1.301362525 0)
(-0.005523848489 1.301362525 0)
(0 1.301362525 0)
(-0.3333333333 1.346214301 0)
(-0.2780948484 1.346214301 0)
(-0.2312336721 1.346214301 0)
(-0.1914793259 1.346214301 0)
(-0.1577540087 1.346214301 0)
(-0.1291433753 1.346214301 0)
(-0.1048717476 1.346214301 0)
(-0.0842810847 1.346214301 0)
(-0.06681314202 1.346214301 0)
(-0.05199433691 1.346214301 0)
(-0.03942290883 1.346214301 0)
(-0.0287580271 1.346214301 0)
(-0.01971055042 1.346214301 0)
(-0.01203518783 1.346214301 0)
(-0.005523848489 1.346214301 0)
(0 1.346214301 0)
(-0.3333333333 1.392392594 0)
(-0.2780948484 1.392392594 0)
(-0.2312336721 1.392392594 0)
(-0.1914793259 1.392392594 0)
(-0.1577540087 1.392392594 0)
(-0.1291433753 1.392392594 0)
(-0.1048717476 1.392392594 0)
(-0.0842810847 1.392392594 0)
(-0.06681314202 1.392392594 0)
(-0.05199433691 1.392392594 0)
(-0.03942290883 1.392392594 0)
(-0.0287580271 1.392392594 0)
(-0.01971055042 1.392392594 0)
(-0.01203518783 1.392392594 0)
(-0.005523848489 1.392392594 0)
(0 1.392392594 0)
(-0.3333333333 1.439936636 0)
(-0.2780948484 1.439936636 0)
(-0.2312336721 1.439936636 0)
(-0.1914793259 1.439936636 0)
(-0.1577540087 1.439936636 0)
(-0.1291433753 1.439936636 0)
(-0.1048717476 1.439936636 0)
(-0.0842810847 1.439936636 0)
(-0.06681314202 1.439936636 0)
(-0.05199433691 1.439936636 0)
(-0.03942290883 1.439936636 0)
(-0.0287580271 1.439936636 0)
(-0.01971055042 1.439936636 0)
(-0.01203518783 1.439936636 0)
(-0.005523848489 1.439936636 0)
(0 1.439936636 0)
(-0.3333333333 1.48888682 0)
(-0.2780948484 1.48888682 0)
(-0.2312336721 1.48888682 0)
(-0.1914793259 1.48888682 0)
(-0.1577540087 1.48888682 0)
(-0.1291433753 1.48888682 0)
(-0.1048717476 1.48888682 0)
(-0.0842810847 1.48888682 0)
(-0.06681314202 1.48888682 0)
(-0.05199433691 1.48888682 0)
(-0.03942290883 1.48888682 0)
(-0.0287580271 1.48888682 0)
(-0.01971055042 1.48888682 0)
(-0.01203518783 1.48888682 0)
(-0.005523848489 1.48888682 0)
(0 1.48888682 0)
(-0.3333333333 1.539284733 0)
(-0.2780948484 1.539284733 0)
(-0.2312336721 1.539284733 0)
(-0.1914793259 1.539284733 0)
(-0.1577540087 1.539284733 0)
(-0.1291433753 1.539284733 0)
(-0.1048717476 1.539284733 0)
(-0.0842810847 1.539284733 0)
(-0.06681314202 1.539284733 0)
(-0.05199433691 1.539284733 0)
(-0.03942290883 1.539284733 0)
(-0.0287580271 1.539284733 0)
(-0.01971055042 1.539284733 0)
(-0.01203518783 1.539284733 0)
(-0.005523848489 1.539284733 0)
(0 1.539284733 0)
(-0.3333333333 1.591173193 0)
(-0.2780948484 1.591173193 0)
(-0.2312336721 1.591173193 0)
(-0.1914793259 1.591173193 0)
(-0.1577540087 1.591173193 0)
(-0.1291433753 1.591173193 0)
(-0.1048717476 1.591173193 0)
(-0.0842810847 1.591173193 0)
(-0.06681314202 1.591173193 0)
(-0.05199433691 1.591173193 0)
(-0.03942290883 1.591173193 0)
(-0.0287580271 1.591173193 0)
(-0.01971055042 1.591173193 0)
(-0.01203518783 1.591173193 0)
(-0.005523848489 1.591173193 0)
(0 1.591173193 0)
(-0.3333333333 1.644596284 0)
(-0.2780948484 1.644596284 0)
(-0.2312336721 1.644596284 0)
(-0.1914793259 1.644596284 0)
(-0.1577540087 1.644596284 0)
(-0.1291433753 1.644596284 0)
(-0.1048717476 1.644596284 0)
(-0.0842810847 1.644596284 0)
(-0.06681314202 1.644596284 0)
(-0.05199433691 1.644596284 0)
(-0.03942290883 1.644596284 0)
(-0.0287580271 1.644596284 0)
(-0.01971055042 1.644596284 0)
(-0.01203518783 1.644596284 0)
(-0.005523848489 1.644596284 0)
(0 1.644596284 0)
(-0.3333333333 1.699599394 0)
(-0.2780948484 1.699599394 0)
(-0.2312336721 1.699599394 0)
(-0.1914793259 1.699599394 0)
(-0.1577540087 1.699599394 0)
(-0.1291433753 1.699599394 0)
(-0.1048717476 1.699599394 0)
(-0.0842810847 1.699599394 0)
(-0.06681314202 1.699599394 0)
(-0.05199433691 1.699599394 0)
(-0.03942290883 1.699599394 0)
(-0.0287580271 1.699599394 0)
(-0.01971055042 1.699599394 0)
(-0.01203518783 1.699599394 0)
(-0.005523848489 1.699599394 0)
(0 1.699599394 0)
(-0.3333333333 1.756229251 0)
(-0.2780948484 1.756229251 0)
(-0.2312336721 1.756229251 0)
(-0.1914793259 1.756229251 0)
(-0.1577540087 1.756229251 0)
(-0.1291433753 1.756229251 0)
(-0.1048717476 1.756229251 0)
(-0.0842810847 1.756229251 0)
(-0.06681314202 1.756229251 0)
(-0.05199433691 1.756229251 0)
(-0.03942290883 1.756229251 0)
(-0.0287580271 1.756229251 0)
(-0.01971055042 1.756229251 0)
(-0.01203518783 1.756229251 0)
(-0.005523848489 1.756229251 0)
(0 1.756229251 0)
(-0.3333333333 1.814533969 0)
(-0.2780948484 1.814533969 0)
(-0.2312336721 1.814533969 0)
(-0.1914793259 1.814533969 0)
(-0.1577540087 1.814533969 0)
(-0.1291433753 1.814533969 0)
(-0.1048717476 1.814533969 0)
(-0.0842810847 1.814533969 0)
(-0.06681314202 1.814533969 0)
(-0.05199433691 1.814533969 0)
(-0.03942290883 1.814533969 0)
(-0.0287580271 1.814533969 0)
(-0.01971055042 1.814533969 0)
(-0.01203518783 1.814533969 0)
(-0.005523848489 1.814533969 0)
(0 1.814533969 0)
(-0.3333333333 1.874563081 0)
(-0.2780948484 1.874563081 0)
(-0.2312336721 1.874563081 0)
(-0.1914793259 1.874563081 0)
(-0.1577540087 1.874563081 0)
(-0.1291433753 1.874563081 0)
(-0.1048717476 1.874563081 0)
(-0.0842810847 1.874563081 0)
(-0.06681314202 1.874563081 0)
(-0.05199433691 1.874563081 0)
(-0.03942290883 1.874563081 0)
(-0.0287580271 1.874563081 0)
(-0.01971055042 1.874563081 0)
(-0.01203518783 1.874563081 0)
(-0.005523848489 1.874563081 0)
(0 1.874563081 0)
(-0.3333333333 1.936367589 0)
(-0.2780948484 1.936367589 0)
(-0.2312336721 1.936367589 0)
(-0.1914793259 1.936367589 0)
(-0.1577540087 1.936367589 0)
(-0.1291433753 1.936367589 0)
(-0.1048717476 1.936367589 0)
(-0.0842810847 1.936367589 0)
(-0.06681314202 1.936367589 0)
(-0.05199433691 1.936367589 0)
(-0.03942290883 1.936367589 0)
(-0.0287580271 1.936367589 0)
(-0.01971055042 1.936367589 0)
(-0.01203518783 1.936367589 0)
(-0.005523848489 1.936367589 0)
(0 1.936367589 0)
(-0.3333333333 2 0)
(-0.2780948484 2 0)
(-0.2312336721 2 0)
(-0.1914793259 2 0)
(-0.1577540087 2 0)
(-0.1291433753 2 0)
(-0.1048717476 2 0)
(-0.0842810847 2 0)
(-0.06681314202 2 0)
(-0.05199433691 2 0)
(-0.03942290883 2 0)
(-0.0287580271 2 0)
(-0.01971055042 2 0)
(-0.01203518783 2 0)
(-0.005523848489 2 0)
(0 2 0)
(-0.3333333333 0 0.1)
(-0.2780948484 0 0.1)
(-0.2312336721 0 0.1)
(-0.1914793259 0 0.1)
(-0.1577540087 0 0.1)
(-0.1291433753 0 0.1)
(-0.1048717476 0 0.1)
(-0.0842810847 0 0.1)
(-0.06681314202 0 0.1)
(-0.05199433691 0 0.1)
(-0.03942290883 0 0.1)
(-0.0287580271 0 0.1)
(-0.01971055042 0 0.1)
(-0.01203518783 0 0.1)
(-0.005523848489 0 0.1)
(0 0 0.1)
(-0.3333333333 0.006363241108 0.1)
(-0.2780948484 0.006363241108 0.1)
(-0.2312336721 0.006363241108 0.1)
(-0.1914793259 0.006363241108 0.1)
(-0.1577540087 0.006363241108 0.1)
(-0.1291433753 0.006363241108 0.1)
(-0.1048717476 0.006363241108 0.1)
(-0.0842810847 0.006363241108 0.1)
(-0.06681314202 0.006363241108 0.1)
(-0.05199433691 0.006363241108 0.1)
(-0.03942290883 0.006363241108 0.1)
(-0.0287580271 0.006363241108 0.1)
(-0.01971055042 0.006363241108 0.1)
(-0.01203518783 0.006363241108 0.1)
(-0.005523848489 0.006363241108 0.1)
(0 0.006363241108 0.1)
(-0.3333333333 0.01291467868 0.1)
(-0.2780948484 0.01291467868 0.1)
(-0.2312336721 0.01291467868 0.1)
(-0.1914793259 0.01291467868 0.1)
(-0.1577540087 0.01291467868 0.1)
(-0.1291433753 0.01291467868 0.1)
(-0.1048717476 0.01291467868 0.1)
(-0.0842810847 0.01291467868 0.1)
(-0.06681314202 0.01291467868 0.1)
(-0.05199433691 0.01291467868 0.1)
(-0.03942290883 0.01291467868 0.1)
(-0.0287580271 0.01291467868 0.1)
(-0.01971055042 0.01291467868 0.1)
(-0.01203518783 0.01291467868 0.1)
(-0.005523848489 0.01291467868 0.1)
(0 0.01291467868 0.1)
(-0.3333333333 0.01965987874 0.1)
(-0.2780948484 0.01965987874 0.1)
(-0.2312336721 0.01965987874 0.1)
(-0.1914793259 0.01965987874 0.1)
(-0.1577540087 0.01965987874 0.1)
(-0.1291433753 0.01965987874 0.1)
(-0.1048717476 0.01965987874 0.1)
(-0.0842810847 0.01965987874 0.1)
(-0.06681314202 0.01965987874 0.1)
(-0.05199433691 0.01965987874 0.1)
(-0.03942290883 0.01965987874 0.1)
(-0.0287580271 0.01965987874 0.1)
(-0.01971055042 0.01965987874 0.1)
(-0.01203518783 0.01965987874 0.1)
(-0.005523848489 0.01965987874 0.1)
(0 0.01965987874 0.1)
(-0.3333333333 0.02660457191 0.1)
(-0.2780948484 0.02660457191 0.1)
(-0.2312336721 0.02660457191 0.1)
(-0.1914793259 0.02660457191 0.1)
(-0.1577540087 0.02660457191 0.1)
(-0.1291433753 0.02660457191 0.1)
(-0.1048717476 0.02660457191 0.1)
(-0.0842810847 0.02660457191 0.1)
(-0.06681314202 0.02660457191 0.1)
(-0.05199433691 0.02660457191 0.1)
(-0.03942290883 0.02660457191 0.1)
(-0.0287580271 0.02660457191 0.1)
(-0.01971055042 0.02660457191 0.1)
(-0.01203518783 0.02660457191 0.1)
(-0.005523848489 0.02660457191 0.1)
(0 0.02660457191 0.1)
(-0.3333333333 0.03375465833 0.1)
(-0.2780948484 0.03375465833 0.1)
(-0.2312336721 0.03375465833 0.1)
(-0.1914793259 0.03375465833 0.1)
(-0.1577540087 0.03375465833 0.1)
(-0.1291433753 0.03375465833 0.1)
(-0.1048717476 0.03375465833 0.1)
(-0.0842810847 0.03375465833 0.1)
(-0.06681314202 0.03375465833 0.1)
(-0.05199433691 0.03375465833 0.1)
(-0.03942290883 0.03375465833 0.1)
(-0.0287580271 0.03375465833 0.1)
(-0.01971055042 0.03375465833 0.1)
(-0.01203518783 0.03375465833 0.1)
(-0.005523848489 0.03375465833 0.1)
(0 0.03375465833 0.1)
(-0.3333333333 0.0411162126 0.1)
(-0.2780948484 0.0411162126 0.1)
(-0.2312336721 0.0411162126 0.1)
(-0.1914793259 0.0411162126 0.1)
(-0.1577540087 0.0411162126 0.1)
(-0.1291433753 0.0411162126 0.1)
(-0.1048717476 0.0411162126 0.1)
(-0.0842810847 0.0411162126 0.1)
(-0.06681314202 0.0411162126 0.1)
(-0.05199433691 0.0411162126 0.1)
(-0.03942290883 0.0411162126 0.1)
(-0.0287580271 0.0411162126 0.1)
(-0.01971055042 0.0411162126 0.1)
(-0.01203518783 0.0411162126 0.1)
(-0.005523848489 0.0411162126 0.1)
(0 0.0411162126 0.1)
(-0.3333333333 0.04869548902 0.1)
(-0.2780948484 0.04869548902 0.1)
(-0.2312336721 0.04869548902 0.1)
(-0.1914793259 0.04869548902 0.1)
(-0.1577540087 0.04869548902 0.1)
(-0.1291433753 0.04869548902 0.1)
(-0.1048717476 0.04869548902 0.1)
(-0.0842810847 0.04869548902 0.1)
(-0.06681314202 0.04869548902 0.1)
(-0.05199433691 0.04869548902 0.1)
(-0.03942290883 0.04869548902 0.1)
(-0.0287580271 0.04869548902 0.1)
(-0.01971055042 0.04869548902 0.1)
(-0.01203518783 0.04869548902 0.1)
(-0.005523848489 0.04869548902 0.1)
(0 0.04869548902 0.1)
(-0.3333333333 0.05649892685 0.1)
(-0.2780948484 0.05649892685 0.1)
(-0.2312336721 0.05649892685 0.1)
(-0.1914793259 0.05649892685 0.1)
(-0.1577540087 0.05649892685 0.1)
(-0.1291433753 0.05649892685 0.1)
(-0.1048717476 0.05649892685 0.1)
(-0.0842810847 0.05649892685 0.1)
(-0.06681314202 0.05649892685 0.1)
(-0.05199433691 0.05649892685 0.1)
(-0.03942290883 0.05649892685 0.1)
(-0.0287580271 0.05649892685 0.1)
(-0.01971055042 0.05649892685 0.1)
(-0.01203518783 0.05649892685 0.1)
(-0.005523848489 0.05649892685 0.1)
(0 0.05649892685 0.1)
(-0.3333333333 0.06453315577 0.1)
(-0.2780948484 0.06453315577 0.1)
(-0.2312336721 0.06453315577 0.1)
(-0.1914793259 0.06453315577 0.1)
(-0.1577540087 0.06453315577 0.1)
(-0.1291433753 0.06453315577 0.1)
(-0.1048717476 0.06453315577 0.1)
(-0.0842810847 0.06453315577 0.1)
(-0.06681314202 0.06453315577 0.1)
(-0.05199433691 0.06453315577 0.1)
(-0.03942290883 0.06453315577 0.1)
(-0.0287580271 0.06453315577 0.1)
(-0.01971055042 0.06453315577 0.1)
(-0.01203518783 0.06453315577 0.1)
(-0.005523848489 0.06453315577 0.1)
(0 0.06453315577 0.1)
(-0.3333333333 0.07280500157 0.1)
(-0.2780948484 0.07280500157 0.1)
(-0.2312336721 0.07280500157 0.1)
(-0.1914793259 0.07280500157 0.1)
(-0.1577540087 0.07280500157 0.1)
(-0.1291433753 0.07280500157 0.1)
(-0.1048717476 0.07280500157 0.1)
(-0.0842810847 0.07280500157 0.1)
(-0.06681314202 0.07280500157 0.1)
(-0.05199433691 0.07280500157 0.1)
(-0.03942290883 0.07280500157 0.1)
(-0.0287580271 0.07280500157 0.1)
(-0.01971055042 0.07280500157 0.1)
(-0.01203518783 0.07280500157 0.1)
(-0.005523848489 0.07280500157 0.1)
(0 0.07280500157 0.1)
(-0.3333333333 0.0813214919 0.1)
(-0.2780948484 0.0813214919 0.1)
(-0.2312336721 0.0813214919 0.1)
(-0.1914793259 0.0813214919 0.1)
(-0.1577540087 0.0813214919 0.1)
(-0.1291433753 0.0813214919 0.1)
(-0.1048717476 0.0813214919 0.1)
(-0.0842810847 0.0813214919 0.1)
(-0.06681314202 0.0813214919 0.1)
(-0.05199433691 0.0813214919 0.1)
(-0.03942290883 0.0813214919 0.1)
(-0.0287580271 0.0813214919 0.1)
(-0.01971055042 0.0813214919 0.1)
(-0.01203518783 0.0813214919 0.1)
(-0.005523848489 0.0813214919 0.1)
(0 0.0813214919 0.1)
(-0.3333333333 0.09008986226 0.1)
(-0.2780948484 0.09008986226 0.1)
(-0.2312336721 0.09008986226 0.1)
(-0.1914793259 0.09008986226 0.1)
(-0.1577540087 0.09008986226 0.1)
(-0.1291433753 0.09008986226 0.1)
(-0.1048717476 0.09008986226 0.1)
(-0.0842810847 0.09008986226 0.1)
(-0.06681314202 0.09008986226 0.1)
(-0.05199433691 0.09008986226 0.1)
(-0.03942290883 0.09008986226 0.1)
(-0.0287580271 0.09008986226 0.1)
(-0.01971055042 0.09008986226 0.1)
(-0.01203518783 0.09008986226 0.1)
(-0.005523848489 0.09008986226 0.1)
(0 0.09008986226 0.1)
(-0.3333333333 0.09911756216 0.1)
(-0.2780948484 0.09911756216 0.1)
(-0.2312336721 0.09911756216 0.1)
(-0.1914793259 0.09911756216 0.1)
(-0.1577540087 0.09911756216 0.1)
(-0.1291433753 0.09911756216 0.1)
(-0.1048717476 0.09911756216 0.1)
(-0.0842810847 0.09911756216 0.1)
(-0.06681314202 0.09911756216 0.1)
(-0.05199433691 0.09911756216 0.1)
(-0.03942290883 0.09911756216 0.1)
(-0.0287580271 0.09911756216 0.1)
(-0.01971055042 0.09911756216 0.1)
(-0.01203518783 0.09911756216 0.1)
(-0.005523848489 0.09911756216 0.1)
(0 0.09911756216 0.1)
(-0.3333333333 0.1084122614 0.1)
(-0.2780948484 0.1084122614 0.1)
(-0.2312336721 0.1084122614 0.1)
(-0.1914793259 0.1084122614 0.1)
(-0.1577540087 0.1084122614 0.1)
(-0.1291433753 0.1084122614 0.1)
(-0.1048717476 0.1084122614 0.1)
(-0.0842810847 0.1084122614 0.1)
(-0.06681314202 0.1084122614 0.1)
(-0.05199433691 0.1084122614 0.1)
(-0.03942290883 0.1084122614 0.1)
(-0.0287580271 0.1084122614 0.1)
(-0.01971055042 0.1084122614 0.1)
(-0.01203518783 0.1084122614 0.1)
(-0.005523848489 0.1084122614 0.1)
(0 0.1084122614 0.1)
(-0.3333333333 0.1179818566 0.1)
(-0.2780948484 0.1179818566 0.1)
(-0.2312336721 0.1179818566 0.1)
(-0.1914793259 0.1179818566 0.1)
(-0.1577540087 0.1179818566 0.1)
(-0.1291433753 0.1179818566 0.1)
(-0.1048717476 0.1179818566 0.1)
(-0.0842810847 0.1179818566 0.1)
(-0.06681314202 0.1179818566 0.1)
(-0.05199433691 0.1179818566 0.1)
(-0.03942290883 0.1179818566 0.1)
(-0.0287580271 0.1179818566 0.1)
(-0.01971055042 0.1179818566 0.1)
(-0.01203518783 0.1179818566 0.1)
(-0.005523848489 0.1179818566 0.1)
(0 0.1179818566 0.1)
(-0.3333333333 0.1278344781 0.1)
(-0.2780948484 0.1278344781 0.1)
(-0.2312336721 0.1278344781 0.1)
(-0.1914793259 0.1278344781 0.1)
(-0.1577540087 0.1278344781 0.1)
(-0.1291433753 0.1278344781 0.1)
(-0.1048717476 0.1278344781 0.1)
(-0.0842810847 0.1278344781 0.1)
(-0.06681314202 0.1278344781 0.1)
(-0.05199433691 0.1278344781 0.1)
(-0.03942290883 0.1278344781 0.1)
(-0.0287580271 0.1278344781 0.1)
(-0.01971055042 0.1278344781 0.1)
(-0.01203518783 0.1278344781 0.1)
(-0.005523848489 0.1278344781 0.1)
(0 0.1278344781 0.1)
(-0.3333333333 0.1379784964 0.1)
(-0.2780948484 0.1379784964 0.1)
(-0.2312336721 0.1379784964 0.1)
(-0.1914793259 0.1379784964 0.1)
(-0.1577540087 0.1379784964 0.1)
(-0.1291433753 0.1379784964 0.1)
(-0.1048717476 0.1379784964 0.1)
(-0.0842810847 0.1379784964 0.1)
(-0.06681314202 0.1379784964 0.1)
(-0.05199433691 0.1379784964 0.1)
(-0.03942290883 0.1379784964 0.1)
(-0.0287580271 0.1379784964 0.1)
(-0.01971055042 0.1379784964 0.1)
(-0.01203518783 0.1379784964 0.1)
(-0.005523848489 0.1379784964 0.1)
(0 0.1379784964 0.1)
(-0.3333333333 0.1484225298 0.1)
(-0.2780948484 0.1484225298 0.1)
(-0.2312336721 0.1484225298 0.1)
(-0.1914793259 0.1484225298 0.1)
(-0.1577540087 0.1484225298 0.1)
(-0.1291433753 0.1484225298 0.1)
(-0.1048717476 0.1484225298 0.1)
(-0.0842810847 0.1484225298 0.1)
(-0.06681314202 0.1484225298 0.1)
(-0.05199433691 0.1484225298 0.1)
(-0.03942290883 0.1484225298 0.1)
(-0.0287580271 0.1484225298 0.1)
(-0.01971055042 0.1484225298 0.1)
(-0.01203518783 0.1484225298 0.1)
(-0.005523848489 0.1484225298 0.1)
(0 0.1484225298 0.1)
(-0.3333333333 0.1591754515 0.1)
(-0.2780948484 0.1591754515 0.1)
(-0.2312336721 0.1591754515 0.1)
(-0.1914793259 0.1591754515 0.1)
(-0.1577540087 0.1591754515 0.1)
(-0.1291433753 0.1591754515 0.1)
(-0.1048717476 0.1591754515 0.1)
(-0.0842810847 0.1591754515 0.1)
(-0.06681314202 0.1591754515 0.1)
(-0.05199433691 0.1591754515 0.1)
(-0.03942290883 0.1591754515 0.1)
(-0.0287580271 0.1591754515 0.1)
(-0.01971055042 0.1591754515 0.1)
(-0.01203518783 0.1591754515 0.1)
(-0.005523848489 0.1591754515 0.1)
(0 0.1591754515 0.1)
(-0.3333333333 0.1702463968 0.1)
(-0.2780948484 0.1702463968 0.1)
(-0.2312336721 0.1702463968 0.1)
(-0.1914793259 0.1702463968 0.1)
(-0.1577540087 0.1702463968 0.1)
(-0.1291433753 0.1702463968 0.1)
(-0.1048717476 0.1702463968 0.1)
(-0.0842810847 0.1702463968 0.1)
(-0.06681314202 0.1702463968 0.1)
(-0.05199433691 0.1702463968 0.1)
(-0.03942290883 0.1702463968 0.1)
(-0.0287580271 0.1702463968 0.1)
(-0.01971055042 0.1702463968 0.1)
(-0.01203518783 0.1702463968 0.1)
(-0.005523848489 0.1702463968 0.1)
(0 0.1702463968 0.1)
(-0.3333333333 0.1816447717 0.1)
(-0.2780948484 0.1816447717 0.1)
(-0.2312336721 0.1816447717 0.1)
(-0.1914793259 0.1816447717 0.1)
(-0.1577540087 0.1816447717 0.1)
(-0.1291433753 0.1816447717 0.1)
(-0.1048717476 0.1816447717 0.1)
(-0.0842810847 0.1816447717 0.1)
(-0.06681314202 0.1816447717 0.1)
(-0.05199433691 0.1816447717 0.1)
(-0.03942290883 0.1816447717 0.1)
(-0.0287580271 0.1816447717 0.1)
(-0.01971055042 0.1816447717 0.1)
(-0.01203518783 0.1816447717 0.1)
(-0.005523848489 0.1816447717 0.1)
(0 0.1816447717 0.1)
(-0.3333333333 0.19338026 0.1)
(-0.2780948484 0.19338026 0.1)
(-0.2312336721 0.19338026 0.1)
(-0.1914793259 0.19338026 0.1)
(-0.1577540087 0.19338026 0.1)
(-0.1291433753 0.19338026 0.1)
(-0.1048717476 0.19338026 0.1)
(-0.0842810847 0.19338026 0.1)
(-0.06681314202 0.19338026 0.1)
(-0.05199433691 0.19338026 0.1)
(-0.03942290883 0.19338026 0.1)
(-0.0287580271 0.19338026 0.1)
(-0.01971055042 0.19338026 0.1)
(-0.01203518783 0.19338026 0.1)
(-0.005523848489 0.19338026 0.1)
(0 0.19338026 0.1)
(-0.3333333333 0.205462832 0.1)
(-0.2780948484 0.205462832 0.1)
(-0.2312336721 0.205462832 0.1)
(-0.1914793259 0.205462832 0.1)
(-0.1577540087 0.205462832 0.1)
(-0.1291433753 0.205462832 0.1)
(-0.1048717476 0.205462832 0.1)
(-0.0842810847 0.205462832 0.1)
(-0.06681314202 0.205462832 0.1)
(-0.05199433691 0.205462832 0.1)
(-0.03942290883 0.205462832 0.1)
(-0.0287580271 0.205462832 0.1)
(-0.01971055042 0.205462832 0.1)
(-0.01203518783 0.205462832 0.1)
(-0.005523848489 0.205462832 0.1)
(0 0.205462832 0.1)
(-0.3333333333 0.2179027529 0.1)
(-0.2780948484 0.2179027529 0.1)
(-0.2312336721 0.2179027529 0.1)
(-0.1914793259 0.2179027529 0.1)
(-0.1577540087 0.2179027529 0.1)
(-0.1291433753 0.2179027529 0.1)
(-0.1048717476 0.2179027529 0.1)
(-0.0842810847 0.2179027529 0.1)
(-0.06681314202 0.2179027529 0.1)
(-0.05199433691 0.2179027529 0.1)
(-0.03942290883 0.2179027529 0.1)
(-0.0287580271 0.2179027529 0.1)
(-0.01971055042 0.2179027529 0.1)
(-0.01203518783 0.2179027529 0.1)
(-0.005523848489 0.2179027529 0.1)
(0 0.2179027529 0.1)
(-0.3333333333 0.2307105916 0.1)
(-0.2780948484 0.2307105916 0.1)
(-0.2312336721 0.2307105916 0.1)
(-0.1914793259 0.2307105916 0.1)
(-0.1577540087 0.2307105916 0.1)
(-0.1291433753 0.2307105916 0.1)
(-0.1048717476 0.2307105916 0.1)
(-0.0842810847 0.2307105916 0.1)
(-0.06681314202 0.2307105916 0.1)
(-0.05199433691 0.2307105916 0.1)
(-0.03942290883 0.2307105916 0.1)
(-0.0287580271 0.2307105916 0.1)
(-0.01971055042 0.2307105916 0.1)
(-0.01203518783 0.2307105916 0.1)
(-0.005523848489 0.2307105916 0.1)
(0 0.2307105916 0.1)
(-0.3333333333 0.2438972293 0.1)
(-0.2780948484 0.2438972293 0.1)
(-0.2312336721 0.2438972293 0.1)
(-0.1914793259 0.2438972293 0.1)
(-0.1577540087 0.2438972293 0.1)
(-0.1291433753 0.2438972293 0.1)
(-0.1048717476 0.2438972293 0.1)
(-0.0842810847 0.2438972293 0.1)
(-0.06681314202 0.2438972293 0.1)
(-0.05199433691 0.2438972293 0.1)
(-0.03942290883 0.2438972293 0.1)
(-0.0287580271 0.2438972293 0.1)
(-0.01971055042 0.2438972293 0.1)
(-0.01203518783 0.2438972293 0.1)
(-0.005523848489 0.2438972293 0.1)
(0 0.2438972293 0.1)
(-0.3333333333 0.2574738693 0.1)
(-0.2780948484 0.2574738693 0.1)
(-0.2312336721 0.2574738693 0.1)
(-0.1914793259 0.2574738693 0.1)
(-0.1577540087 0.2574738693 0.1)
(-0.1291433753 0.2574738693 0.1)
(-0.1048717476 0.2574738693 0.1)
(-0.0842810847 0.2574738693 0.1)
(-0.06681314202 0.2574738693 0.1)
(-0.05199433691 0.2574738693 0.1)
(-0.03942290883 0.2574738693 0.1)
(-0.0287580271 0.2574738693 0.1)
(-0.01971055042 0.2574738693 0.1)
(-0.01203518783 0.2574738693 0.1)
(-0.005523848489 0.2574738693 0.1)
(0 0.2574738693 0.1)
(-0.3333333333 0.2714520462 0.1)
(-0.2780948484 0.2714520462 0.1)
(-0.2312336721 0.2714520462 0.1)
(-0.1914793259 0.2714520462 0.1)
(-0.1577540087 0.2714520462 0.1)
(-0.1291433753 0.2714520462 0.1)
(-0.1048717476 0.2714520462 0.1)
(-0.0842810847 0.2714520462 0.1)
(-0.06681314202 0.2714520462 0.1)
(-0.05199433691 0.2714520462 0.1)
(-0.03942290883 0.2714520462 0.1)
(-0.0287580271 0.2714520462 0.1)
(-0.01971055042 0.2714520462 0.1)
(-0.01203518783 0.2714520462 0.1)
(-0.005523848489 0.2714520462 0.1)
(0 0.2714520462 0.1)
(-0.3333333333 0.2858436356 0.1)
(-0.2780948484 0.2858436356 0.1)
(-0.2312336721 0.2858436356 0.1)
(-0.1914793259 0.2858436356 0.1)
(-0.1577540087 0.2858436356 0.1)
(-0.1291433753 0.2858436356 0.1)
(-0.1048717476 0.2858436356 0.1)
(-0.0842810847 0.2858436356 0.1)
(-0.06681314202 0.2858436356 0.1)
(-0.05199433691 0.2858436356 0.1)
(-0.03942290883 0.2858436356 0.1)
(-0.0287580271 0.2858436356 0.1)
(-0.01971055042 0.2858436356 0.1)
(-0.01203518783 0.2858436356 0.1)
(-0.005523848489 0.2858436356 0.1)
(0 0.2858436356 0.1)
(-0.3333333333 0.3006608644 0.1)
(-0.2780948484 0.3006608644 0.1)
(-0.2312336721 0.3006608644 0.1)
(-0.1914793259 0.3006608644 0.1)
(-0.1577540087 0.3006608644 0.1)
(-0.1291433753 0.3006608644 0.1)
(-0.1048717476 0.3006608644 0.1)
(-0.0842810847 0.3006608644 0.1)
(-0.06681314202 0.3006608644 0.1)
(-0.05199433691 0.3006608644 0.1)
(-0.03942290883 0.3006608644 0.1)
(-0.0287580271 0.3006608644 0.1)
(-0.01971055042 0.3006608644 0.1)
(-0.01203518783 0.3006608644 0.1)
(-0.005523848489 0.3006608644 0.1)
(0 0.3006608644 0.1)
(-0.3333333333 0.3159163211 0.1)
(-0.2780948484 0.3159163211 0.1)
(-0.2312336721 0.3159163211 0.1)
(-0.1914793259 0.3159163211 0.1)
(-0.1577540087 0.3159163211 0.1)
(-0.1291433753 0.3159163211 0.1)
(-0.1048717476 0.3159163211 0.1)
(-0.0842810847 0.3159163211 0.1)
(-0.06681314202 0.3159163211 0.1)
(-0.05199433691 0.3159163211 0.1)
(-0.03942290883 0.3159163211 0.1)
(-0.0287580271 0.3159163211 0.1)
(-0.01971055042 0.3159163211 0.1)
(-0.01203518783 0.3159163211 0.1)
(-0.005523848489 0.3159163211 0.1)
(0 0.3159163211 0.1)
(-0.3333333333 0.3316229666 0.1)
(-0.2780948484 0.3316229666 0.1)
(-0.2312336721 0.3316229666 0.1)
(-0.1914793259 0.3316229666 0.1)
(-0.1577540087 0.3316229666 0.1)
(-0.1291433753 0.3316229666 0.1)
(-0.1048717476 0.3316229666 0.1)
(-0.0842810847 0.3316229666 0.1)
(-0.06681314202 0.3316229666 0.1)
(-0.05199433691 0.3316229666 0.1)
(-0.03942290883 0.3316229666 0.1)
(-0.0287580271 0.3316229666 0.1)
(-0.01971055042 0.3316229666 0.1)
(-0.01203518783 0.3316229666 0.1)
(-0.005523848489 0.3316229666 0.1)
(0 0.3316229666 0.1)
(-0.3333333333 0.3477941451 0.1)
(-0.2780948484 0.3477941451 0.1)
(-0.2312336721 0.3477941451 0.1)
(-0.1914793259 0.3477941451 0.1)
(-0.1577540087 0.3477941451 0.1)
(-0.1291433753 0.3477941451 0.1)
(-0.1048717476 0.3477941451 0.1)
(-0.0842810847 0.3477941451 0.1)
(-0.06681314202 0.3477941451 0.1)
(-0.05199433691 0.3477941451 0.1)
(-0.03942290883 0.3477941451 0.1)
(-0.0287580271 0.3477941451 0.1)
(-0.01971055042 0.3477941451 0.1)
(-0.01203518783 0.3477941451 0.1)
(-0.005523848489 0.3477941451 0.1)
(0 0.3477941451 0.1)
(-0.3333333333 0.3644435954 0.1)
(-0.2780948484 0.3644435954 0.1)
(-0.2312336721 0.3644435954 0.1)
(-0.1914793259 0.3644435954 0.1)
(-0.1577540087 0.3644435954 0.1)
(-0.1291433753 0.3644435954 0.1)
(-0.1048717476 0.3644435954 0.1)
(-0.0842810847 0.3644435954 0.1)
(-0.06681314202 0.3644435954 0.1)
(-0.05199433691 0.3644435954 0.1)
(-0.03942290883 0.3644435954 0.1)
(-0.0287580271 0.3644435954 0.1)
(-0.01971055042 0.3644435954 0.1)
(-0.01203518783 0.3644435954 0.1)
(-0.005523848489 0.3644435954 0.1)
(0 0.3644435954 0.1)
(-0.3333333333 0.3815854626 0.1)
(-0.2780948484 0.3815854626 0.1)
(-0.2312336721 0.3815854626 0.1)
(-0.1914793259 0.3815854626 0.1)
(-0.1577540087 0.3815854626 0.1)
(-0.1291433753 0.3815854626 0.1)
(-0.1048717476 0.3815854626 0.1)
(-0.0842810847 0.3815854626 0.1)
(-0.06681314202 0.3815854626 0.1)
(-0.05199433691 0.3815854626 0.1)
(-0.03942290883 0.3815854626 0.1)
(-0.0287580271 0.3815854626 0.1)
(-0.01971055042 0.3815854626 0.1)
(-0.01203518783 0.3815854626 0.1)
(-0.005523848489 0.3815854626 0.1)
(0 0.3815854626 0.1)
(-0.3333333333 0.3992343102 0.1)
(-0.2780948484 0.3992343102 0.1)
(-0.2312336721 0.3992343102 0.1)
(-0.1914793259 0.3992343102 0.1)
(-0.1577540087 0.3992343102 0.1)
(-0.1291433753 0.3992343102 0.1)
(-0.1048717476 0.3992343102 0.1)
(-0.0842810847 0.3992343102 0.1)
(-0.06681314202 0.3992343102 0.1)
(-0.05199433691 0.3992343102 0.1)
(-0.03942290883 0.3992343102 0.1)
(-0.0287580271 0.3992343102 0.1)
(-0.01971055042 0.3992343102 0.1)
(-0.01203518783 0.3992343102 0.1)
(-0.005523848489 0.3992343102 0.1)
(0 0.3992343102 0.1)
(-0.3333333333 0.4174051325 0.1)
(-0.2780948484 0.4174051325 0.1)
(-0.2312336721 0.4174051325 0.1)
(-0.1914793259 0.4174051325 0.1)
(-0.1577540087 0.4174051325 0.1)
(-0.1291433753 0.4174051325 0.1)
(-0.1048717476 0.4174051325 0.1)
(-0.0842810847 0.4174051325 0.1)
(-0.06681314202 0.4174051325 0.1)
(-0.05199433691 0.4174051325 0.1)
(-0.03942290883 0.4174051325 0.1)
(-0.0287580271 0.4174051325 0.1)
(-0.01971055042 0.4174051325 0.1)
(-0.01203518783 0.4174051325 0.1)
(-0.005523848489 0.4174051325 0.1)
(0 0.4174051325 0.1)
(-0.3333333333 0.4361133672 0.1)
(-0.2780948484 0.4361133672 0.1)
(-0.2312336721 0.4361133672 0.1)
(-0.1914793259 0.4361133672 0.1)
(-0.1577540087 0.4361133672 0.1)
(-0.1291433753 0.4361133672 0.1)
(-0.1048717476 0.4361133672 0.1)
(-0.0842810847 0.4361133672 0.1)
(-0.06681314202 0.4361133672 0.1)
(-0.05199433691 0.4361133672 0.1)
(-0.03942290883 0.4361133672 0.1)
(-0.0287580271 0.4361133672 0.1)
(-0.01971055042 0.4361133672 0.1)
(-0.01203518783 0.4361133672 0.1)
(-0.005523848489 0.4361133672 0.1)
(0 0.4361133672 0.1)
(-0.3333333333 0.4553749086 0.1)
(-0.2780948484 0.4553749086 0.1)
(-0.2312336721 0.4553749086 0.1)
(-0.1914793259 0.4553749086 0.1)
(-0.1577540087 0.4553749086 0.1)
(-0.1291433753 0.4553749086 0.1)
(-0.1048717476 0.4553749086 0.1)
(-0.0842810847 0.4553749086 0.1)
(-0.06681314202 0.4553749086 0.1)
(-0.05199433691 0.4553749086 0.1)
(-0.03942290883 0.4553749086 0.1)
(-0.0287580271 0.4553749086 0.1)
(-0.01971055042 0.4553749086 0.1)
(-0.01203518783 0.4553749086 0.1)
(-0.005523848489 0.4553749086 0.1)
(0 0.4553749086 0.1)
(-0.3333333333 0.475206121 0.1)
(-0.2780948484 0.475206121 0.1)
(-0.2312336721 0.475206121 0.1)
(-0.1914793259 0.475206121 0.1)
(-0.1577540087 0.475206121 0.1)
(-0.1291433753 0.475206121 0.1)
(-0.1048717476 0.475206121 0.1)
(-0.0842810847 0.475206121 0.1)
(-0.06681314202 0.475206121 0.1)
(-0.05199433691 0.475206121 0.1)
(-0.03942290883 0.475206121 0.1)
(-0.0287580271 0.475206121 0.1)
(-0.01971055042 0.475206121 0.1)
(-0.01203518783 0.475206121 0.1)
(-0.005523848489 0.475206121 0.1)
(0 0.475206121 0.1)
(-0.3333333333 0.4956238527 0.1)
(-0.2780948484 0.4956238527 0.1)
(-0.2312336721 0.4956238527 0.1)
(-0.1914793259 0.4956238527 0.1)
(-0.1577540087 0.4956238527 0.1)
(-0.1291433753 0.4956238527 0.1)
(-0.1048717476 0.4956238527 0.1)
(-0.0842810847 0.4956238527 0.1)
(-0.06681314202 0.4956238527 0.1)
(-0.05199433691 0.4956238527 0.1)
(-0.03942290883 0.4956238527 0.1)
(-0.0287580271 0.4956238527 0.1)
(-0.01971055042 0.4956238527 0.1)
(-0.01203518783 0.4956238527 0.1)
(-0.005523848489 0.4956238527 0.1)
(0 0.4956238527 0.1)
(-0.3333333333 0.5166454504 0.1)
(-0.2780948484 0.5166454504 0.1)
(-0.2312336721 0.5166454504 0.1)
(-0.1914793259 0.5166454504 0.1)
(-0.1577540087 0.5166454504 0.1)
(-0.1291433753 0.5166454504 0.1)
(-0.1048717476 0.5166454504 0.1)
(-0.0842810847 0.5166454504 0.1)
(-0.06681314202 0.5166454504 0.1)
(-0.05199433691 0.5166454504 0.1)
(-0.03942290883 0.5166454504 0.1)
(-0.0287580271 0.5166454504 0.1)
(-0.01971055042 0.5166454504 0.1)
(-0.01203518783 0.5166454504 0.1)
(-0.005523848489 0.5166454504 0.1)
(0 0.5166454504 0.1)
(-0.3333333333 0.5382887738 0.1)
(-0.2780948484 0.5382887738 0.1)
(-0.2312336721 0.5382887738 0.1)
(-0.1914793259 0.5382887738 0.1)
(-0.1577540087 0.5382887738 0.1)
(-0.1291433753 0.5382887738 0.1)
(-0.1048717476 0.5382887738 0.1)
(-0.0842810847 0.5382887738 0.1)
(-0.06681314202 0.5382887738 0.1)
(-0.05199433691 0.5382887738 0.1)
(-0.03942290883 0.5382887738 0.1)
(-0.0287580271 0.5382887738 0.1)
(-0.01971055042 0.5382887738 0.1)
(-0.01203518783 0.5382887738 0.1)
(-0.005523848489 0.5382887738 0.1)
(0 0.5382887738 0.1)
(-0.3333333333 0.5605722108 0.1)
(-0.2780948484 0.5605722108 0.1)
(-0.2312336721 0.5605722108 0.1)
(-0.1914793259 0.5605722108 0.1)
(-0.1577540087 0.5605722108 0.1)
(-0.1291433753 0.5605722108 0.1)
(-0.1048717476 0.5605722108 0.1)
(-0.0842810847 0.5605722108 0.1)
(-0.06681314202 0.5605722108 0.1)
(-0.05199433691 0.5605722108 0.1)
(-0.03942290883 0.5605722108 0.1)
(-0.0287580271 0.5605722108 0.1)
(-0.01971055042 0.5605722108 0.1)
(-0.01203518783 0.5605722108 0.1)
(-0.005523848489 0.5605722108 0.1)
(0 0.5605722108 0.1)
(-0.3333333333 0.583514693 0.1)
(-0.2780948484 0.583514693 0.1)
(-0.2312336721 0.583514693 0.1)
(-0.1914793259 0.583514693 0.1)
(-0.1577540087 0.583514693 0.1)
(-0.1291433753 0.583514693 0.1)
(-0.1048717476 0.583514693 0.1)
(-0.0842810847 0.583514693 0.1)
(-0.06681314202 0.583514693 0.1)
(-0.05199433691 0.583514693 0.1)
(-0.03942290883 0.583514693 0.1)
(-0.0287580271 0.583514693 0.1)
(-0.01971055042 0.583514693 0.1)
(-0.01203518783 0.583514693 0.1)
(-0.005523848489 0.583514693 0.1)
(0 0.583514693 0.1)
(-0.3333333333 0.6071357122 0.1)
(-0.2780948484 0.6071357122 0.1)
(-0.2312336721 0.6071357122 0.1)
(-0.1914793259 0.6071357122 0.1)
(-0.1577540087 0.6071357122 0.1)
(-0.1291433753 0.6071357122 0.1)
(-0.1048717476 0.6071357122 0.1)
(-0.0842810847 0.6071357122 0.1)
(-0.06681314202 0.6071357122 0.1)
(-0.05199433691 0.6071357122 0.1)
(-0.03942290883 0.6071357122 0.1)
(-0.0287580271 0.6071357122 0.1)
(-0.01971055042 0.6071357122 0.1)
(-0.01203518783 0.6071357122 0.1)
(-0.005523848489 0.6071357122 0.1)
(0 0.6071357122 0.1)
(-0.3333333333 0.6314553365 0.1)
(-0.2780948484 0.6314553365 0.1)
(-0.2312336721 0.6314553365 0.1)
(-0.1914793259 0.6314553365 0.1)
(-0.1577540087 0.6314553365 0.1)
(-0.1291433753 0.6314553365 0.1)
(-0.1048717476 0.6314553365 0.1)
(-0.0842810847 0.6314553365 0.1)
(-0.06681314202 0.6314553365 0.1)
(-0.05199433691 0.6314553365 0.1)
(-0.03942290883 0.6314553365 0.1)
(-0.0287580271 0.6314553365 0.1)
(-0.01971055042 0.6314553365 0.1)
(-0.01203518783 0.6314553365 0.1)
(-0.005523848489 0.6314553365 0.1)
(0 0.6314553365 0.1)
(-0.3333333333 0.6564942274 0.1)
(-0.2780948484 0.6564942274 0.1)
(-0.2312336721 0.6564942274 0.1)
(-0.1914793259 0.6564942274 0.1)
(-0.1577540087 0.6564942274 0.1)
(-0.1291433753 0.6564942274 0.1)
(-0.1048717476 0.6564942274 0.1)
(-0.0842810847 0.6564942274 0.1)
(-0.06681314202 0.6564942274 0.1)
(-0.05199433691 0.6564942274 0.1)
(-0.03942290883 0.6564942274 0.1)
(-0.0287580271 0.6564942274 0.1)
(-0.01971055042 0.6564942274 0.1)
(-0.01203518783 0.6564942274 0.1)
(-0.005523848489 0.6564942274 0.1)
(0 0.6564942274 0.1)
(-0.3333333333 0.6822736577 0.1)
(-0.2780948484 0.6822736577 0.1)
(-0.2312336721 0.6822736577 0.1)
(-0.1914793259 0.6822736577 0.1)
(-0.1577540087 0.6822736577 0.1)
(-0.1291433753 0.6822736577 0.1)
(-0.1048717476 0.6822736577 0.1)
(-0.0842810847 0.6822736577 0.1)
(-0.06681314202 0.6822736577 0.1)
(-0.05199433691 0.6822736577 0.1)
(-0.03942290883 0.6822736577 0.1)
(-0.0287580271 0.6822736577 0.1)
(-0.01971055042 0.6822736577 0.1)
(-0.01203518783 0.6822736577 0.1)
(-0.005523848489 0.6822736577 0.1)
(0 0.6822736577 0.1)
(-0.3333333333 0.7088155293 0.1)
(-0.2780948484 0.7088155293 0.1)
(-0.2312336721 0.7088155293 0.1)
(-0.1914793259 0.7088155293 0.1)
(-0.1577540087 0.7088155293 0.1)
(-0.1291433753 0.7088155293 0.1)
(-0.1048717476 0.7088155293 0.1)
(-0.0842810847 0.7088155293 0.1)
(-0.06681314202 0.7088155293 0.1)
(-0.05199433691 0.7088155293 0.1)
(-0.03942290883 0.7088155293 0.1)
(-0.0287580271 0.7088155293 0.1)
(-0.01971055042 0.7088155293 0.1)
(-0.01203518783 0.7088155293 0.1)
(-0.005523848489 0.7088155293 0.1)
(0 0.7088155293 0.1)
(-0.3333333333 0.7361423918 0.1)
(-0.2780948484 0.7361423918 0.1)
(-0.2312336721 0.7361423918 0.1)
(-0.1914793259 0.7361423918 0.1)
(-0.1577540087 0.7361423918 0.1)
(-0.1291433753 0.7361423918 0.1)
(-0.1048717476 0.7361423918 0.1)
(-0.0842810847 0.7361423918 0.1)
(-0.06681314202 0.7361423918 0.1)
(-0.05199433691 0.7361423918 0.1)
(-0.03942290883 0.7361423918 0.1)
(-0.0287580271 0.7361423918 0.1)
(-0.01971055042 0.7361423918 0.1)
(-0.01203518783 0.7361423918 0.1)
(-0.005523848489 0.7361423918 0.1)
(0 0.7361423918 0.1)
(-0.3333333333 0.7642774618 0.1)
(-0.2780948484 0.7642774618 0.1)
(-0.2312336721 0.7642774618 0.1)
(-0.1914793259 0.7642774618 0.1)
(-0.1577540087 0.7642774618 0.1)
(-0.1291433753 0.7642774618 0.1)
(-0.1048717476 0.7642774618 0.1)
(-0.0842810847 0.7642774618 0.1)
(-0.06681314202 0.7642774618 0.1)
(-0.05199433691 0.7642774618 0.1)
(-0.03942290883 0.7642774618 0.1)
(-0.0287580271 0.7642774618 0.1)
(-0.01971055042 0.7642774618 0.1)
(-0.01203518783 0.7642774618 0.1)
(-0.005523848489 0.7642774618 0.1)
(0 0.7642774618 0.1)
(-0.3333333333 0.7932446424 0.1)
(-0.2780948484 0.7932446424 0.1)
(-0.2312336721 0.7932446424 0.1)
(-0.1914793259 0.7932446424 0.1)
(-0.1577540087 0.7932446424 0.1)
(-0.1291433753 0.7932446424 0.1)
(-0.1048717476 0.7932446424 0.1)
(-0.0842810847 0.7932446424 0.1)
(-0.06681314202 0.7932446424 0.1)
(-0.05199433691 0.7932446424 0.1)
(-0.03942290883 0.7932446424 0.1)
(-0.0287580271 0.7932446424 0.1)
(-0.01971055042 0.7932446424 0.1)
(-0.01203518783 0.7932446424 0.1)
(-0.005523848489 0.7932446424 0.1)
(0 0.7932446424 0.1)
(-0.3333333333 0.8230685438 0.1)
(-0.2780948484 0.8230685438 0.1)
(-0.2312336721 0.8230685438 0.1)
(-0.1914793259 0.8230685438 0.1)
(-0.1577540087 0.8230685438 0.1)
(-0.1291433753 0.8230685438 0.1)
(-0.1048717476 0.8230685438 0.1)
(-0.0842810847 0.8230685438 0.1)
(-0.06681314202 0.8230685438 0.1)
(-0.05199433691 0.8230685438 0.1)
(-0.03942290883 0.8230685438 0.1)
(-0.0287580271 0.8230685438 0.1)
(-0.01971055042 0.8230685438 0.1)
(-0.01203518783 0.8230685438 0.1)
(-0.005523848489 0.8230685438 0.1)
(0 0.8230685438 0.1)
(-0.3333333333 0.853774504 0.1)
(-0.2780948484 0.853774504 0.1)
(-0.2312336721 0.853774504 0.1)
(-0.1914793259 0.853774504 0.1)
(-0.1577540087 0.853774504 0.1)
(-0.1291433753 0.853774504 0.1)
(-0.1048717476 0.853774504 0.1)
(-0.0842810847 0.853774504 0.1)
(-0.06681314202 0.853774504 0.1)
(-0.05199433691 0.853774504 0.1)
(-0.03942290883 0.853774504 0.1)
(-0.0287580271 0.853774504 0.1)
(-0.01971055042 0.853774504 0.1)
(-0.01203518783 0.853774504 0.1)
(-0.005523848489 0.853774504 0.1)
(0 0.853774504 0.1)
(-0.3333333333 0.8853886105 0.1)
(-0.2780948484 0.8853886105 0.1)
(-0.2312336721 0.8853886105 0.1)
(-0.1914793259 0.8853886105 0.1)
(-0.1577540087 0.8853886105 0.1)
(-0.1291433753 0.8853886105 0.1)
(-0.1048717476 0.8853886105 0.1)
(-0.0842810847 0.8853886105 0.1)
(-0.06681314202 0.8853886105 0.1)
(-0.05199433691 0.8853886105 0.1)
(-0.03942290883 0.8853886105 0.1)
(-0.0287580271 0.8853886105 0.1)
(-0.01971055042 0.8853886105 0.1)
(-0.01203518783 0.8853886105 0.1)
(-0.005523848489 0.8853886105 0.1)
(0 0.8853886105 0.1)
(-0.3333333333 0.917937722 0.1)
(-0.2780948484 0.917937722 0.1)
(-0.2312336721 0.917937722 0.1)
(-0.1914793259 0.917937722 0.1)
(-0.1577540087 0.917937722 0.1)
(-0.1291433753 0.917937722 0.1)
(-0.1048717476 0.917937722 0.1)
(-0.0842810847 0.917937722 0.1)
(-0.06681314202 0.917937722 0.1)
(-0.05199433691 0.917937722 0.1)
(-0.03942290883 0.917937722 0.1)
(-0.0287580271 0.917937722 0.1)
(-0.01971055042 0.917937722 0.1)
(-0.01203518783 0.917937722 0.1)
(-0.005523848489 0.917937722 0.1)
(0 0.917937722 0.1)
(-0.3333333333 0.951449492 0.1)
(-0.2780948484 0.951449492 0.1)
(-0.2312336721 0.951449492 0.1)
(-0.1914793259 0.951449492 0.1)
(-0.1577540087 0.951449492 0.1)
(-0.1291433753 0.951449492 0.1)
(-0.1048717476 0.951449492 0.1)
(-0.0842810847 0.951449492 0.1)
(-0.06681314202 0.951449492 0.1)
(-0.05199433691 0.951449492 0.1)
(-0.03942290883 0.951449492 0.1)
(-0.0287580271 0.951449492 0.1)
(-0.01971055042 0.951449492 0.1)
(-0.01203518783 0.951449492 0.1)
(-0.005523848489 0.951449492 0.1)
(0 0.951449492 0.1)
(-0.3333333333 0.9859523916 0.1)
(-0.2780948484 0.9859523916 0.1)
(-0.2312336721 0.9859523916 0.1)
(-0.1914793259 0.9859523916 0.1)
(-0.1577540087 0.9859523916 0.1)
(-0.1291433753 0.9859523916 0.1)
(-0.1048717476 0.9859523916 0.1)
(-0.0842810847 0.9859523916 0.1)
(-0.06681314202 0.9859523916 0.1)
(-0.05199433691 0.9859523916 0.1)
(-0.03942290883 0.9859523916 0.1)
(-0.0287580271 0.9859523916 0.1)
(-0.01971055042 0.9859523916 0.1)
(-0.01203518783 0.9859523916 0.1)
(-0.005523848489 0.9859523916 0.1)
(0 0.9859523916 0.1)
(-0.3333333333 1.021475734 0.1)
(-0.2780948484 1.021475734 0.1)
(-0.2312336721 1.021475734 0.1)
(-0.1914793259 1.021475734 0.1)
(-0.1577540087 1.021475734 0.1)
(-0.1291433753 1.021475734 0.1)
(-0.1048717476 1.021475734 0.1)
(-0.0842810847 1.021475734 0.1)
(-0.06681314202 1.021475734 0.1)
(-0.05199433691 1.021475734 0.1)
(-0.03942290883 1.021475734 0.1)
(-0.0287580271 1.021475734 0.1)
(-0.01971055042 1.021475734 0.1)
(-0.01203518783 1.021475734 0.1)
(-0.005523848489 1.021475734 0.1)
(0 1.021475734 0.1)
(-0.3333333333 1.058049699 0.1)
(-0.2780948484 1.058049699 0.1)
(-0.2312336721 1.058049699 0.1)
(-0.1914793259 1.058049699 0.1)
(-0.1577540087 1.058049699 0.1)
(-0.1291433753 1.058049699 0.1)
(-0.1048717476 1.058049699 0.1)
(-0.0842810847 1.058049699 0.1)
(-0.06681314202 1.058049699 0.1)
(-0.05199433691 1.058049699 0.1)
(-0.03942290883 1.058049699 0.1)
(-0.0287580271 1.058049699 0.1)
(-0.01971055042 1.058049699 0.1)
(-0.01203518783 1.058049699 0.1)
(-0.005523848489 1.058049699 0.1)
(0 1.058049699 0.1)
(-0.3333333333 1.095705361 0.1)
(-0.2780948484 1.095705361 0.1)
(-0.2312336721 1.095705361 0.1)
(-0.1914793259 1.095705361 0.1)
(-0.1577540087 1.095705361 0.1)
(-0.1291433753 1.095705361 0.1)
(-0.1048717476 1.095705361 0.1)
(-0.0842810847 1.095705361 0.1)
(-0.06681314202 1.095705361 0.1)
(-0.05199433691 1.095705361 0.1)
(-0.03942290883 1.095705361 0.1)
(-0.0287580271 1.095705361 0.1)
(-0.01971055042 1.095705361 0.1)
(-0.01203518783 1.095705361 0.1)
(-0.005523848489 1.095705361 0.1)
(0 1.095705361 0.1)
(-0.3333333333 1.134474709 0.1)
(-0.2780948484 1.134474709 0.1)
(-0.2312336721 1.134474709 0.1)
(-0.1914793259 1.134474709 0.1)
(-0.1577540087 1.134474709 0.1)
(-0.1291433753 1.134474709 0.1)
(-0.1048717476 1.134474709 0.1)
(-0.0842810847 1.134474709 0.1)
(-0.06681314202 1.134474709 0.1)
(-0.05199433691 1.134474709 0.1)
(-0.03942290883 1.134474709 0.1)
(-0.0287580271 1.134474709 0.1)
(-0.01971055042 1.134474709 0.1)
(-0.01203518783 1.134474709 0.1)
(-0.005523848489 1.134474709 0.1)
(0 1.134474709 0.1)
(-0.3333333333 1.174390684 0.1)
(-0.2780948484 1.174390684 0.1)
(-0.2312336721 1.174390684 0.1)
(-0.1914793259 1.174390684 0.1)
(-0.1577540087 1.174390684 0.1)
(-0.1291433753 1.174390684 0.1)
(-0.1048717476 1.174390684 0.1)
(-0.0842810847 1.174390684 0.1)
(-0.06681314202 1.174390684 0.1)
(-0.05199433691 1.174390684 0.1)
(-0.03942290883 1.174390684 0.1)
(-0.0287580271 1.174390684 0.1)
(-0.01971055042 1.174390684 0.1)
(-0.01203518783 1.174390684 0.1)
(-0.005523848489 1.174390684 0.1)
(0 1.174390684 0.1)
(-0.3333333333 1.215487196 0.1)
(-0.2780948484 1.215487196 0.1)
(-0.2312336721 1.215487196 0.1)
(-0.1914793259 1.215487196 0.1)
(-0.1577540087 1.215487196 0.1)
(-0.1291433753 1.215487196 0.1)
(-0.1048717476 1.215487196 0.1)
(-0.0842810847 1.215487196 0.1)
(-0.06681314202 1.215487196 0.1)
(-0.05199433691 1.215487196 0.1)
(-0.03942290883 1.215487196 0.1)
(-0.0287580271 1.215487196 0.1)
(-0.01971055042 1.215487196 0.1)
(-0.01203518783 1.215487196 0.1)
(-0.005523848489 1.215487196 0.1)
(0 1.215487196 0.1)
(-0.3333333333 1.25779916 0.1)
(-0.2780948484 1.25779916 0.1)
(-0.2312336721 1.25779916 0.1)
(-0.1914793259 1.25779916 0.1)
(-0.1577540087 1.25779916 0.1)
(-0.1291433753 1.25779916 0.1)
(-0.1048717476 1.25779916 0.1)
(-0.0842810847 1.25779916 0.1)
(-0.06681314202 1.25779916 0.1)
(-0.05199433691 1.25779916 0.1)
(-0.03942290883 1.25779916 0.1)
(-0.0287580271 1.25779916 0.1)
(-0.01971055042 1.25779916 0.1)
(-0.01203518783 1.25779916 0.1)
(-0.005523848489 1.25779916 0.1)
(0 1.25779916 0.1)
(-0.3333333333 1.301362525 0.1)
(-0.2780948484 1.301362525 0.1)
(-0.2312336721 1.301362525 0.1)
(-0.1914793259 1.301362525 0.1)
(-0.1577540087 1.301362525 0.1)
(-0.1291433753 1.301362525 0.1)
(-0.1048717476 1.301362525 0.1)
(-0.0842810847 1.301362525 0.1)
(-0.06681314202 1.301362525 0.1)
(-0.05199433691 1.301362525 0.1)
(-0.03942290883 1.301362525 0.1)
(-0.0287580271 1.301362525 0.1)
(-0.01971055042 1.301362525 0.1)
(-0.01203518783 1.301362525 0.1)
(-0.005523848489 1.301362525 0.1)
(0 1.301362525 0.1)
(-0.3333333333 1.346214301 0.1)
(-0.2780948484 1.346214301 0.1)
(-0.2312336721 1.346214301 0.1)
(-0.1914793259 1.346214301 0.1)
(-0.1577540087 1.346214301 0.1)
(-0.1291433753 1.346214301 0.1)
(-0.1048717476 1.346214301 0.1)
(-0.0842810847 1.346214301 0.1)
(-0.06681314202 1.346214301 0.1)
(-0.05199433691 1.346214301 0.1)
(-0.03942290883 1.346214301 0.1)
(-0.0287580271 1.346214301 0.1)
(-0.01971055042 1.346214301 0.1)
(-0.01203518783 1.346214301 0.1)
(-0.005523848489 1.346214301 0.1)
(0 1.346214301 0.1)
(-0.3333333333 1.392392594 0.1)
(-0.2780948484 1.392392594 0.1)
(-0.2312336721 1.392392594 0.1)
(-0.1914793259 1.392392594 0.1)
(-0.1577540087 1.392392594 0.1)
(-0.1291433753 1.392392594 0.1)
(-0.1048717476 1.392392594 0.1)
(-0.0842810847 1.392392594 0.1)
(-0.06681314202 1.392392594 0.1)
(-0.05199433691 1.392392594 0.1)
(-0.03942290883 1.392392594 0.1)
(-0.0287580271 1.392392594 0.1)
(-0.01971055042 1.392392594 0.1)
(-0.01203518783 1.392392594 0.1)
(-0.005523848489 1.392392594 0.1)
(0 1.392392594 0.1)
(-0.3333333333 1.439936636 0.1)
(-0.2780948484 1.439936636 0.1)
(-0.2312336721 1.439936636 0.1)
(-0.1914793259 1.439936636 0.1)
(-0.1577540087 1.439936636 0.1)
(-0.1291433753 1.439936636 0.1)
(-0.1048717476 1.439936636 0.1)
(-0.0842810847 1.439936636 0.1)
(-0.06681314202 1.439936636 0.1)
(-0.05199433691 1.439936636 0.1)
(-0.03942290883 1.439936636 0.1)
(-0.0287580271 1.439936636 0.1)
(-0.01971055042 1.439936636 0.1)
(-0.01203518783 1.439936636 0.1)
(-0.005523848489 1.439936636 0.1)
(0 1.439936636 0.1)
(-0.3333333333 1.48888682 0.1)
(-0.2780948484 1.48888682 0.1)
(-0.2312336721 1.48888682 0.1)
(-0.1914793259 1.48888682 0.1)
(-0.1577540087 1.48888682 0.1)
(-0.1291433753 1.48888682 0.1)
(-0.1048717476 1.48888682 0.1)
(-0.0842810847 1.48888682 0.1)
(-0.06681314202 1.48888682 0.1)
(-0.05199433691 1.48888682 0.1)
(-0.03942290883 1.48888682 0.1)
(-0.0287580271 1.48888682 0.1)
(-0.01971055042 1.48888682 0.1)
(-0.01203518783 1.48888682 0.1)
(-0.005523848489 1.48888682 0.1)
(0 1.48888682 0.1)
(-0.3333333333 1.539284733 0.1)
(-0.2780948484 1.539284733 0.1)
(-0.2312336721 1.539284733 0.1)
(-0.1914793259 1.539284733 0.1)
(-0.1577540087 1.539284733 0.1)
(-0.1291433753 1.539284733 0.1)
(-0.1048717476 1.539284733 0.1)
(-0.0842810847 1.539284733 0.1)
(-0.06681314202 1.539284733 0.1)
(-0.05199433691 1.539284733 0.1)
(-0.03942290883 1.539284733 0.1)
(-0.0287580271 1.539284733 0.1)
(-0.01971055042 1.539284733 0.1)
(-0.01203518783 1.539284733 0.1)
(-0.005523848489 1.539284733 0.1)
(0 1.539284733 0.1)
(-0.3333333333 1.591173193 0.1)
(-0.2780948484 1.591173193 0.1)
(-0.2312336721 1.591173193 0.1)
(-0.1914793259 1.591173193 0.1)
(-0.1577540087 1.591173193 0.1)
(-0.1291433753 1.591173193 0.1)
(-0.1048717476 1.591173193 0.1)
(-0.0842810847 1.591173193 0.1)
(-0.06681314202 1.591173193 0.1)
(-0.05199433691 1.591173193 0.1)
(-0.03942290883 1.591173193 0.1)
(-0.0287580271 1.591173193 0.1)
(-0.01971055042 1.591173193 0.1)
(-0.01203518783 1.591173193 0.1)
(-0.005523848489 1.591173193 0.1)
(0 1.591173193 0.1)
(-0.3333333333 1.644596284 0.1)
(-0.2780948484 1.644596284 0.1)
(-0.2312336721 1.644596284 0.1)
(-0.1914793259 1.644596284 0.1)
(-0.1577540087 1.644596284 0.1)
(-0.1291433753 1.644596284 0.1)
(-0.1048717476 1.644596284 0.1)
(-0.0842810847 1.644596284 0.1)
(-0.06681314202 1.644596284 0.1)
(-0.05199433691 1.644596284 0.1)
(-0.03942290883 1.644596284 0.1)
(-0.0287580271 1.644596284 0.1)
(-0.01971055042 1.644596284 0.1)
(-0.01203518783 1.644596284 0.1)
(-0.005523848489 1.644596284 0.1)
(0 1.644596284 0.1)
(-0.3333333333 1.699599394 0.1)
(-0.2780948484 1.699599394 0.1)
(-0.2312336721 1.699599394 0.1)
(-0.1914793259 1.699599394 0.1)
(-0.1577540087 1.699599394 0.1)
(-0.1291433753 1.699599394 0.1)
(-0.1048717476 1.699599394 0.1)
(-0.0842810847 1.699599394 0.1)
(-0.06681314202 1.699599394 0.1)
(-0.05199433691 1.699599394 0.1)
(-0.03942290883 1.699599394 0.1)
(-0.0287580271 1.699599394 0.1)
(-0.01971055042 1.699599394 0.1)
(-0.01203518783 1.699599394 0.1)
(-0.005523848489 1.699599394 0.1)
(0 1.699599394 0.1)
(-0.3333333333 1.756229251 0.1)
(-0.2780948484 1.756229251 0.1)
(-0.2312336721 1.756229251 0.1)
(-0.1914793259 1.756229251 0.1)
(-0.1577540087 1.756229251 0.1)
(-0.1291433753 1.756229251 0.1)
(-0.1048717476 1.756229251 0.1)
(-0.0842810847 1.756229251 0.1)
(-0.06681314202 1.756229251 0.1)
(-0.05199433691 1.756229251 0.1)
(-0.03942290883 1.756229251 0.1)
(-0.0287580271 1.756229251 0.1)
(-0.01971055042 1.756229251 0.1)
(-0.01203518783 1.756229251 0.1)
(-0.005523848489 1.756229251 0.1)
(0 1.756229251 0.1)
(-0.3333333333 1.814533969 0.1)
(-0.2780948484 1.814533969 0.1)
(-0.2312336721 1.814533969 0.1)
(-0.1914793259 1.814533969 0.1)
(-0.1577540087 1.814533969 0.1)
(-0.1291433753 1.814533969 0.1)
(-0.1048717476 1.814533969 0.1)
(-0.0842810847 1.814533969 0.1)
(-0.06681314202 1.814533969 0.1)
(-0.05199433691 1.814533969 0.1)
(-0.03942290883 1.814533969 0.1)
(-0.0287580271 1.814533969 0.1)
(-0.01971055042 1.814533969 0.1)
(-0.01203518783 1.814533969 0.1)
(-0.005523848489 1.814533969 0.1)
(0 1.814533969 0.1)
(-0.3333333333 1.874563081 0.1)
(-0.2780948484 1.874563081 0.1)
(-0.2312336721 1.874563081 0.1)
(-0.1914793259 1.874563081 0.1)
(-0.1577540087 1.874563081 0.1)
(-0.1291433753 1.874563081 0.1)
(-0.1048717476 1.874563081 0.1)
(-0.0842810847 1.874563081 0.1)
(-0.06681314202 1.874563081 0.1)
(-0.05199433691 1.874563081 0.1)
(-0.03942290883 1.874563081 0.1)
(-0.0287580271 1.874563081 0.1)
(-0.01971055042 1.874563081 0.1)
(-0.01203518783 1.874563081 0.1)
(-0.005523848489 1.874563081 0.1)
(0 1.874563081 0.1)
(-0.3333333333 1.936367589 0.1)
(-0.2780948484 1.936367589 0.1)
(-0.2312336721 1.936367589 0.1)
(-0.1914793259 1.936367589 0.1)
(-0.1577540087 1.936367589 0.1)
(-0.1291433753 1.936367589 0.1)
(-0.1048717476 1.936367589 0.1)
(-0.0842810847 1.936367589 0.1)
(-0.06681314202 1.936367589 0.1)
(-0.05199433691 1.936367589 0.1)
(-0.03942290883 1.936367589 0.1)
(-0.0287580271 1.936367589 0.1)
(-0.01971055042 1.936367589 0.1)
(-0.01203518783 1.936367589 0.1)
(-0.005523848489 1.936367589 0.1)
(0 1.936367589 0.1)
(-0.3333333333 2 0.1)
(-0.2780948484 2 0.1)
(-0.2312336721 2 0.1)
(-0.1914793259 2 0.1)
(-0.1577540087 2 0.1)
(-0.1291433753 2 0.1)
(-0.1048717476 2 0.1)
(-0.0842810847 2 0.1)
(-0.06681314202 2 0.1)
(-0.05199433691 2 0.1)
(-0.03942290883 2 0.1)
(-0.0287580271 2 0.1)
(-0.01971055042 2 0.1)
(-0.01203518783 2 0.1)
(-0.005523848489 2 0.1)
(0 2 0.1)
(0.005659481181 0 0)
(0.01146729352 0 0)
(0.01742732468 0 0)
(0.02354356421 0 0)
(0.02982010622 0 0)
(0.03626115215 0 0)
(0.04287101351 0 0)
(0.04965411485 0 0)
(0.05661499667 0 0)
(0.06375831848 0 0)
(0.0710888619 0 0)
(0.07861153389 0 0)
(0.08633137 0 0)
(0.09425353778 0 0)
(0.1023833402 0 0)
(0.1107262192 0 0)
(0.1192877594 0 0)
(0.1280736918 0 0)
(0.1370898975 0 0)
(0.1463424118 0 0)
(0.1558374283 0 0)
(0.1655813027 0 0)
(0.1755805574 0 0)
(0.1858418858 0 0)
(0.1963721566 0 0)
(0.2071784187 0 0)
(0.2182679056 0 0)
(0.2296480404 0 0)
(0.2413264408 0 0)
(0.2533109242 0 0)
(0.2656095127 0 0)
(0.2782304389 0 0)
(0.291182151 0 0)
(0.3044733187 0 0)
(0.3181128388 0 0)
(0.3321098415 0 0)
(0.3464736962 0 0)
(0.3612140177 0 0)
(0.3763406731 0 0)
(0.3918637878 0 0)
(0.4077937529 0 0)
(0.4241412315 0 0)
(0.4409171664 0 0)
(0.4581327871 0 0)
(0.4757996177 0 0)
(0.4939294838 0 0)
(0.5125345214 0 0)
(0.5316271845 0 0)
(0.5512202532 0 0)
(0.571326843 0 0)
(0.5919604129 0 0)
(0.6131347746 0 0)
(0.634864102 0 0)
(0.6571629403 0 0)
(0.680046216 0 0)
(0.7035292468 0 0)
(0.7276277519 0 0)
(0.7523578625 0 0)
(0.7777361325 0 0)
(0.8037795497 0 0)
(0.8305055472 0 0)
(0.857932015 0 0)
(0.8860773118 0 0)
(0.9149602778 0 0)
(0.9446002467 0 0)
(0.9750170591 0 0)
(1.006231075 0 0)
(1.03826319 0 0)
(1.071134845 0 0)
(1.104868043 0 0)
(1.139485365 0 0)
(1.175009984 0 0)
(1.21146568 0 0)
(1.248876854 0 0)
(1.287268549 0 0)
(1.326666465 0 0)
(1.367096974 0 0)
(1.408587139 0 0)
(1.451164732 0 0)
(1.494858256 0 0)
(1.539696957 0 0)
(1.58571085 0 0)
(1.632930737 0 0)
(1.681388224 0 0)
(1.731115749 0 0)
(1.782146599 0 0)
(1.834514932 0 0)
(1.888255804 0 0)
(1.943405188 0 0)
(2 0 0)
(0.005659481181 0.006363241108 0)
(0.01146729352 0.006363241108 0)
(0.01742732468 0.006363241108 0)
(0.02354356421 0.006363241108 0)
(0.02982010622 0.006363241108 0)
(0.03626115215 0.006363241108 0)
(0.04287101351 0.006363241108 0)
(0.04965411485 0.006363241108 0)
(0.05661499667 0.006363241108 0)
(0.06375831848 0.006363241108 0)
(0.0710888619 0.006363241108 0)
(0.07861153389 0.006363241108 0)
(0.08633137 0.006363241108 0)
(0.09425353778 0.006363241108 0)
(0.1023833402 0.006363241108 0)
(0.1107262192 0.006363241108 0)
(0.1192877594 0.006363241108 0)
(0.1280736918 0.006363241108 0)
(0.1370898975 0.006363241108 0)
(0.1463424118 0.006363241108 0)
(0.1558374283 0.006363241108 0)
(0.1655813027 0.006363241108 0)
(0.1755805574 0.006363241108 0)
(0.1858418858 0.006363241108 0)
(0.1963721566 0.006363241108 0)
(0.2071784187 0.006363241108 0)
(0.2182679056 0.006363241108 0)
(0.2296480404 0.006363241108 0)
(0.2413264408 0.006363241108 0)
(0.2533109242 0.006363241108 0)
(0.2656095127 0.006363241108 0)
(0.2782304389 0.006363241108 0)
(0.291182151 0.006363241108 0)
(0.3044733187 0.006363241108 0)
(0.3181128388 0.006363241108 0)
(0.3321098415 0.006363241108 0)
(0.3464736962 0.006363241108 0)
(0.3612140177 0.006363241108 0)
(0.3763406731 0.006363241108 0)
(0.3918637878 0.006363241108 0)
(0.4077937529 0.006363241108 0)
(0.4241412315 0.006363241108 0)
(0.4409171664 0.006363241108 0)
(0.4581327871 0.006363241108 0)
(0.4757996177 0.006363241108 0)
(0.4939294838 0.006363241108 0)
(0.5125345214 0.006363241108 0)
(0.5316271845 0.006363241108 0)
(0.5512202532 0.006363241108 0)
(0.571326843 0.006363241108 0)
(0.5919604129 0.006363241108 0)
(0.6131347746 0.006363241108 0)
(0.634864102 0.006363241108 0)
(0.6571629403 0.006363241108 0)
(0.680046216 0.006363241108 0)
(0.7035292468 0.006363241108 0)
(0.7276277519 0.006363241108 0)
(0.7523578625 0.006363241108 0)
(0.7777361325 0.006363241108 0)
(0.8037795497 0.006363241108 0)
(0.8305055472 0.006363241108 0)
(0.857932015 0.006363241108 0)
(0.8860773118 0.006363241108 0)
(0.9149602778 0.006363241108 0)
(0.9446002467 0.006363241108 0)
(0.9750170591 0.006363241108 0)
(1.006231075 0.006363241108 0)
(1.03826319 0.006363241108 0)
(1.071134845 0.006363241108 0)
(1.104868043 0.006363241108 0)
(1.139485365 0.006363241108 0)
(1.175009984 0.006363241108 0)
(1.21146568 0.006363241108 0)
(1.248876854 0.006363241108 0)
(1.287268549 0.006363241108 0)
(1.326666465 0.006363241108 0)
(1.367096974 0.006363241108 0)
(1.408587139 0.006363241108 0)
(1.451164732 0.006363241108 0)
(1.494858256 0.006363241108 0)
(1.539696957 0.006363241108 0)
(1.58571085 0.006363241108 0)
(1.632930737 0.006363241108 0)
(1.681388224 0.006363241108 0)
(1.731115749 0.006363241108 0)
(1.782146599 0.006363241108 0)
(1.834514932 0.006363241108 0)
(1.888255804 0.006363241108 0)
(1.943405188 0.006363241108 0)
(2 0.006363241108 0)
(0.005659481181 0.01291467868 0)
(0.01146729352 0.01291467868 0)
(0.01742732468 0.01291467868 0)
(0.02354356421 0.01291467868 0)
(0.02982010622 0.01291467868 0)
(0.03626115215 0.01291467868 0)
(0.04287101351 0.01291467868 0)
(0.04965411485 0.01291467868 0)
(0.05661499667 0.01291467868 0)
(0.06375831848 0.01291467868 0)
(0.0710888619 0.01291467868 0)
(0.07861153389 0.01291467868 0)
(0.08633137 0.01291467868 0)
(0.09425353778 0.01291467868 0)
(0.1023833402 0.01291467868 0)
(0.1107262192 0.01291467868 0)
(0.1192877594 0.01291467868 0)
(0.1280736918 0.01291467868 0)
(0.1370898975 0.01291467868 0)
(0.1463424118 0.01291467868 0)
(0.1558374283 0.01291467868 0)
(0.1655813027 0.01291467868 0)
(0.1755805574 0.01291467868 0)
(0.1858418858 0.01291467868 0)
(0.1963721566 0.01291467868 0)
(0.2071784187 0.01291467868 0)
(0.2182679056 0.01291467868 0)
(0.2296480404 0.01291467868 0)
(0.2413264408 0.01291467868 0)
(0.2533109242 0.01291467868 0)
(0.2656095127 0.01291467868 0)
(0.2782304389 0.01291467868 0)
(0.291182151 0.01291467868 0)
(0.3044733187 0.01291467868 0)
(0.3181128388 0.01291467868 0)
(0.3321098415 0.01291467868 0)
(0.3464736962 0.01291467868 0)
(0.3612140177 0.01291467868 0)
(0.3763406731 0.01291467868 0)
(0.3918637878 0.01291467868 0)
(0.4077937529 0.01291467868 0)
(0.4241412315 0.01291467868 0)
(0.4409171664 0.01291467868 0)
(0.4581327871 0.01291467868 0)
(0.4757996177 0.01291467868 0)
(0.4939294838 0.01291467868 0)
(0.5125345214 0.01291467868 0)
(0.5316271845 0.01291467868 0)
(0.5512202532 0.01291467868 0)
(0.571326843 0.01291467868 0)
(0.5919604129 0.01291467868 0)
(0.6131347746 0.01291467868 0)
(0.634864102 0.01291467868 0)
(0.6571629403 0.01291467868 0)
(0.680046216 0.01291467868 0)
(0.7035292468 0.01291467868 0)
(0.7276277519 0.01291467868 0)
(0.7523578625 0.01291467868 0)
(0.7777361325 0.01291467868 0)
(0.8037795497 0.01291467868 0)
(0.8305055472 0.01291467868 0)
(0.857932015 0.01291467868 0)
(0.8860773118 0.01291467868 0)
(0.9149602778 0.01291467868 0)
(0.9446002467 0.01291467868 0)
(0.9750170591 0.01291467868 0)
(1.006231075 0.01291467868 0)
(1.03826319 0.01291467868 0)
(1.071134845 0.01291467868 0)
(1.104868043 0.01291467868 0)
(1.139485365 0.01291467868 0)
(1.175009984 0.01291467868 0)
(1.21146568 0.01291467868 0)
(1.248876854 0.01291467868 0)
(1.287268549 0.01291467868 0)
(1.326666465 0.01291467868 0)
(1.367096974 0.01291467868 0)
(1.408587139 0.01291467868 0)
(1.451164732 0.01291467868 0)
(1.494858256 0.01291467868 0)
(1.539696957 0.01291467868 0)
(1.58571085 0.01291467868 0)
(1.632930737 0.01291467868 0)
(1.681388224 0.01291467868 0)
(1.731115749 0.01291467868 0)
(1.782146599 0.01291467868 0)
(1.834514932 0.01291467868 0)
(1.888255804 0.01291467868 0)
(1.943405188 0.01291467868 0)
(2 0.01291467868 0)
(0.005659481181 0.01965987874 0)
(0.01146729352 0.01965987874 0)
(0.01742732468 0.01965987874 0)
(0.02354356421 0.01965987874 0)
(0.02982010622 0.01965987874 0)
(0.03626115215 0.01965987874 0)
(0.04287101351 0.01965987874 0)
(0.04965411485 0.01965987874 0)
(0.05661499667 0.01965987874 0)
(0.06375831848 0.01965987874 0)
(0.0710888619 0.01965987874 0)
(0.07861153389 0.01965987874 0)
(0.08633137 0.01965987874 0)
(0.09425353778 0.01965987874 0)
(0.1023833402 0.01965987874 0)
(0.1107262192 0.01965987874 0)
(0.1192877594 0.01965987874 0)
(0.1280736918 0.01965987874 0)
(0.1370898975 0.01965987874 0)
(0.1463424118 0.01965987874 0)
(0.1558374283 0.01965987874 0)
(0.1655813027 0.01965987874 0)
(0.1755805574 0.01965987874 0)
(0.1858418858 0.01965987874 0)
(0.1963721566 0.01965987874 0)
(0.2071784187 0.01965987874 0)
(0.2182679056 0.01965987874 0)
(0.2296480404 0.01965987874 0)
(0.2413264408 0.01965987874 0)
(0.2533109242 0.01965987874 0)
(0.2656095127 0.01965987874 0)
(0.2782304389 0.01965987874 0)
(0.291182151 0.01965987874 0)
(0.3044733187 0.01965987874 0)
(0.3181128388 0.01965987874 0)
(0.3321098415 0.01965987874 0)
(0.3464736962 0.01965987874 0)
(0.3612140177 0.01965987874 0)
(0.3763406731 0.01965987874 0)
(0.3918637878 0.01965987874 0)
(0.4077937529 0.01965987874 0)
(0.4241412315 0.01965987874 0)
(0.4409171664 0.01965987874 0)
(0.4581327871 0.01965987874 0)
(0.4757996177 0.01965987874 0)
(0.4939294838 0.01965987874 0)
(0.5125345214 0.01965987874 0)
(0.5316271845 0.01965987874 0)
(0.5512202532 0.01965987874 0)
(0.571326843 0.01965987874 0)
(0.5919604129 0.01965987874 0)
(0.6131347746 0.01965987874 0)
(0.634864102 0.01965987874 0)
(0.6571629403 0.01965987874 0)
(0.680046216 0.01965987874 0)
(0.7035292468 0.01965987874 0)
(0.7276277519 0.01965987874 0)
(0.7523578625 0.01965987874 0)
(0.7777361325 0.01965987874 0)
(0.8037795497 0.01965987874 0)
(0.8305055472 0.01965987874 0)
(0.857932015 0.01965987874 0)
(0.8860773118 0.01965987874 0)
(0.9149602778 0.01965987874 0)
(0.9446002467 0.01965987874 0)
(0.9750170591 0.01965987874 0)
(1.006231075 0.01965987874 0)
(1.03826319 0.01965987874 0)
(1.071134845 0.01965987874 0)
(1.104868043 0.01965987874 0)
(1.139485365 0.01965987874 0)
(1.175009984 0.01965987874 0)
(1.21146568 0.01965987874 0)
(1.248876854 0.01965987874 0)
(1.287268549 0.01965987874 0)
(1.326666465 0.01965987874 0)
(1.367096974 0.01965987874 0)
(1.408587139 0.01965987874 0)
(1.451164732 0.01965987874 0)
(1.494858256 0.01965987874 0)
(1.539696957 0.01965987874 0)
(1.58571085 0.01965987874 0)
(1.632930737 0.01965987874 0)
(1.681388224 0.01965987874 0)
(1.731115749 0.01965987874 0)
(1.782146599 0.01965987874 0)
(1.834514932 0.01965987874 0)
(1.888255804 0.01965987874 0)
(1.943405188 0.01965987874 0)
(2 0.01965987874 0)
(0.005659481181 0.02660457191 0)
(0.01146729352 0.02660457191 0)
(0.01742732468 0.02660457191 0)
(0.02354356421 0.02660457191 0)
(0.02982010622 0.02660457191 0)
(0.03626115215 0.02660457191 0)
(0.04287101351 0.02660457191 0)
(0.04965411485 0.02660457191 0)
(0.05661499667 0.02660457191 0)
(0.06375831848 0.02660457191 0)
(0.0710888619 0.02660457191 0)
(0.07861153389 0.02660457191 0)
(0.08633137 0.02660457191 0)
(0.09425353778 0.02660457191 0)
(0.1023833402 0.02660457191 0)
(0.1107262192 0.02660457191 0)
(0.1192877594 0.02660457191 0)
(0.1280736918 0.02660457191 0)
(0.1370898975 0.02660457191 0)
(0.1463424118 0.02660457191 0)
(0.1558374283 0.02660457191 0)
(0.1655813027 0.02660457191 0)
(0.1755805574 0.02660457191 0)
(0.1858418858 0.02660457191 0)
(0.1963721566 0.02660457191 0)
(0.2071784187 0.02660457191 0)
(0.2182679056 0.02660457191 0)
(0.2296480404 0.02660457191 0)
(0.2413264408 0.02660457191 0)
(0.2533109242 0.02660457191 0)
(0.2656095127 0.02660457191 0)
(0.2782304389 0.02660457191 0)
(0.291182151 0.02660457191 0)
(0.3044733187 0.02660457191 0)
(0.3181128388 0.02660457191 0)
(0.3321098415 0.02660457191 0)
(0.3464736962 0.02660457191 0)
(0.3612140177 0.02660457191 0)
(0.3763406731 0.02660457191 0)
(0.3918637878 0.02660457191 0)
(0.4077937529 0.02660457191 0)
(0.4241412315 0.02660457191 0)
(0.4409171664 0.02660457191 0)
(0.4581327871 0.02660457191 0)
(0.4757996177 0.02660457191 0)
(0.4939294838 0.02660457191 0)
(0.5125345214 0.02660457191 0)
(0.5316271845 0.02660457191 0)
(0.5512202532 0.02660457191 0)
(0.571326843 0.02660457191 0)
(0.5919604129 0.02660457191 0)
(0.6131347746 0.02660457191 0)
(0.634864102 0.02660457191 0)
(0.6571629403 0.02660457191 0)
(0.680046216 0.02660457191 0)
(0.7035292468 0.02660457191 0)
(0.7276277519 0.02660457191 0)
(0.7523578625 0.02660457191 0)
(0.7777361325 0.02660457191 0)
(0.8037795497 0.02660457191 0)
(0.8305055472 0.02660457191 0)
(0.857932015 0.02660457191 0)
(0.8860773118 0.02660457191 0)
(0.9149602778 0.02660457191 0)
(0.9446002467 0.02660457191 0)
(0.9750170591 0.02660457191 0)
(1.006231075 0.02660457191 0)
(1.03826319 0.02660457191 0)
(1.071134845 0.02660457191 0)
(1.104868043 0.02660457191 0)
(1.139485365 0.02660457191 0)
(1.175009984 0.02660457191 0)
(1.21146568 0.02660457191 0)
(1.248876854 0.02660457191 0)
(1.287268549 0.02660457191 0)
(1.326666465 0.02660457191 0)
(1.367096974 0.02660457191 0)
(1.408587139 0.02660457191 0)
(1.451164732 0.02660457191 0)
(1.494858256 0.02660457191 0)
(1.539696957 0.02660457191 0)
(1.58571085 0.02660457191 0)
(1.632930737 0.02660457191 0)
(1.681388224 0.02660457191 0)
(1.731115749 0.02660457191 0)
(1.782146599 0.02660457191 0)
(1.834514932 0.02660457191 0)
(1.888255804 0.02660457191 0)
(1.943405188 0.02660457191 0)
(2 0.02660457191 0)
(0.005659481181 0.03375465833 0)
(0.01146729352 0.03375465833 0)
(0.01742732468 0.03375465833 0)
(0.02354356421 0.03375465833 0)
(0.02982010622 0.03375465833 0)
(0.03626115215 0.03375465833 0)
(0.04287101351 0.03375465833 0)
(0.04965411485 0.03375465833 0)
(0.05661499667 0.03375465833 0)
(0.06375831848 0.03375465833 0)
(0.0710888619 0.03375465833 0)
(0.07861153389 0.03375465833 0)
(0.08633137 0.03375465833 0)
(0.09425353778 0.03375465833 0)
(0.1023833402 0.03375465833 0)
(0.1107262192 0.03375465833 0)
(0.1192877594 0.03375465833 0)
(0.1280736918 0.03375465833 0)
(0.1370898975 0.03375465833 0)
(0.1463424118 0.03375465833 0)
(0.1558374283 0.03375465833 0)
(0.1655813027 0.03375465833 0)
(0.1755805574 0.03375465833 0)
(0.1858418858 0.03375465833 0)
(0.1963721566 0.03375465833 0)
(0.2071784187 0.03375465833 0)
(0.2182679056 0.03375465833 0)
(0.2296480404 0.03375465833 0)
(0.2413264408 0.03375465833 0)
(0.2533109242 0.03375465833 0)
(0.2656095127 0.03375465833 0)
(0.2782304389 0.03375465833 0)
(0.291182151 0.03375465833 0)
(0.3044733187 0.03375465833 0)
(0.3181128388 0.03375465833 0)
(0.3321098415 0.03375465833 0)
(0.3464736962 0.03375465833 0)
(0.3612140177 0.03375465833 0)
(0.3763406731 0.03375465833 0)
(0.3918637878 0.03375465833 0)
(0.4077937529 0.03375465833 0)
(0.4241412315 0.03375465833 0)
(0.4409171664 0.03375465833 0)
(0.4581327871 0.03375465833 0)
(0.4757996177 0.03375465833 0)
(0.4939294838 0.03375465833 0)
(0.5125345214 0.03375465833 0)
(0.5316271845 0.03375465833 0)
(0.5512202532 0.03375465833 0)
(0.571326843 0.03375465833 0)
(0.5919604129 0.03375465833 0)
(0.6131347746 0.03375465833 0)
(0.634864102 0.03375465833 0)
(0.6571629403 0.03375465833 0)
(0.680046216 0.03375465833 0)
(0.7035292468 0.03375465833 0)
(0.7276277519 0.03375465833 0)
(0.7523578625 0.03375465833 0)
(0.7777361325 0.03375465833 0)
(0.8037795497 0.03375465833 0)
(0.8305055472 0.03375465833 0)
(0.857932015 0.03375465833 0)
(0.8860773118 0.03375465833 0)
(0.9149602778 0.03375465833 0)
(0.9446002467 0.03375465833 0)
(0.9750170591 0.03375465833 0)
(1.006231075 0.03375465833 0)
(1.03826319 0.03375465833 0)
(1.071134845 0.03375465833 0)
(1.104868043 0.03375465833 0)
(1.139485365 0.03375465833 0)
(1.175009984 0.03375465833 0)
(1.21146568 0.03375465833 0)
(1.248876854 0.03375465833 0)
(1.287268549 0.03375465833 0)
(1.326666465 0.03375465833 0)
(1.367096974 0.03375465833 0)
(1.408587139 0.03375465833 0)
(1.451164732 0.03375465833 0)
(1.494858256 0.03375465833 0)
(1.539696957 0.03375465833 0)
(1.58571085 0.03375465833 0)
(1.632930737 0.03375465833 0)
(1.681388224 0.03375465833 0)
(1.731115749 0.03375465833 0)
(1.782146599 0.03375465833 0)
(1.834514932 0.03375465833 0)
(1.888255804 0.03375465833 0)
(1.943405188 0.03375465833 0)
(2 0.03375465833 0)
(0.005659481181 0.0411162126 0)
(0.01146729352 0.0411162126 0)
(0.01742732468 0.0411162126 0)
(0.02354356421 0.0411162126 0)
(0.02982010622 0.0411162126 0)
(0.03626115215 0.0411162126 0)
(0.04287101351 0.0411162126 0)
(0.04965411485 0.0411162126 0)
(0.05661499667 0.0411162126 0)
(0.06375831848 0.0411162126 0)
(0.0710888619 0.0411162126 0)
(0.07861153389 0.0411162126 0)
(0.08633137 0.0411162126 0)
(0.09425353778 0.0411162126 0)
(0.1023833402 0.0411162126 0)
(0.1107262192 0.0411162126 0)
(0.1192877594 0.0411162126 0)
(0.1280736918 0.0411162126 0)
(0.1370898975 0.0411162126 0)
(0.1463424118 0.0411162126 0)
(0.1558374283 0.0411162126 0)
(0.1655813027 0.0411162126 0)
(0.1755805574 0.0411162126 0)
(0.1858418858 0.0411162126 0)
(0.1963721566 0.0411162126 0)
(0.2071784187 0.0411162126 0)
(0.2182679056 0.0411162126 0)
(0.2296480404 0.0411162126 0)
(0.2413264408 0.0411162126 0)
(0.2533109242 0.0411162126 0)
(0.2656095127 0.0411162126 0)
(0.2782304389 0.0411162126 0)
(0.291182151 0.0411162126 0)
(0.3044733187 0.0411162126 0)
(0.3181128388 0.0411162126 0)
(0.3321098415 0.0411162126 0)
(0.3464736962 0.0411162126 0)
(0.3612140177 0.0411162126 0)
(0.3763406731 0.0411162126 0)
(0.3918637878 0.0411162126 0)
(0.4077937529 0.0411162126 0)
(0.4241412315 0.0411162126 0)
(0.4409171664 0.0411162126 0)
(0.4581327871 0.0411162126 0)
(0.4757996177 0.0411162126 0)
(0.4939294838 0.0411162126 0)
(0.5125345214 0.0411162126 0)
(0.5316271845 0.0411162126 0)
(0.5512202532 0.0411162126 0)
(0.571326843 0.0411162126 0)
(0.5919604129 0.0411162126 0)
(0.6131347746 0.0411162126 0)
(0.634864102 0.0411162126 0)
(0.6571629403 0.0411162126 0)
(0.680046216 0.0411162126 0)
(0.7035292468 0.0411162126 0)
(0.7276277519 0.0411162126 0)
(0.7523578625 0.0411162126 0)
(0.7777361325 0.0411162126 0)
(0.8037795497 0.0411162126 0)
(0.8305055472 0.0411162126 0)
(0.857932015 0.0411162126 0)
(0.8860773118 0.0411162126 0)
(0.9149602778 0.0411162126 0)
(0.9446002467 0.0411162126 0)
(0.9750170591 0.0411162126 0)
(1.006231075 0.0411162126 0)
(1.03826319 0.0411162126 0)
(1.071134845 0.0411162126 0)
(1.104868043 0.0411162126 0)
(1.139485365 0.0411162126 0)
(1.175009984 0.0411162126 0)
(1.21146568 0.0411162126 0)
(1.248876854 0.0411162126 0)
(1.287268549 0.0411162126 0)
(1.326666465 0.0411162126 0)
(1.367096974 0.0411162126 0)
(1.408587139 0.0411162126 0)
(1.451164732 0.0411162126 0)
(1.494858256 0.0411162126 0)
(1.539696957 0.0411162126 0)
(1.58571085 0.0411162126 0)
(1.632930737 0.0411162126 0)
(1.681388224 0.0411162126 0)
(1.731115749 0.0411162126 0)
(1.782146599 0.0411162126 0)
(1.834514932 0.0411162126 0)
(1.888255804 0.0411162126 0)
(1.943405188 0.0411162126 0)
(2 0.0411162126 0)
(0.005659481181 0.04869548902 0)
(0.01146729352 0.04869548902 0)
(0.01742732468 0.04869548902 0)
(0.02354356421 0.04869548902 0)
(0.02982010622 0.04869548902 0)
(0.03626115215 0.04869548902 0)
(0.04287101351 0.04869548902 0)
(0.04965411485 0.04869548902 0)
(0.05661499667 0.04869548902 0)
(0.06375831848 0.04869548902 0)
(0.0710888619 0.04869548902 0)
(0.07861153389 0.04869548902 0)
(0.08633137 0.04869548902 0)
(0.09425353778 0.04869548902 0)
(0.1023833402 0.04869548902 0)
(0.1107262192 0.04869548902 0)
(0.1192877594 0.04869548902 0)
(0.1280736918 0.04869548902 0)
(0.1370898975 0.04869548902 0)
(0.1463424118 0.04869548902 0)
(0.1558374283 0.04869548902 0)
(0.1655813027 0.04869548902 0)
(0.1755805574 0.04869548902 0)
(0.1858418858 0.04869548902 0)
(0.1963721566 0.04869548902 0)
(0.2071784187 0.04869548902 0)
(0.2182679056 0.04869548902 0)
(0.2296480404 0.04869548902 0)
(0.2413264408 0.04869548902 0)
(0.2533109242 0.04869548902 0)
(0.2656095127 0.04869548902 0)
(0.2782304389 0.04869548902 0)
(0.291182151 0.04869548902 0)
(0.3044733187 0.04869548902 0)
(0.3181128388 0.04869548902 0)
(0.3321098415 0.04869548902 0)
(0.3464736962 0.04869548902 0)
(0.3612140177 0.04869548902 0)
(0.3763406731 0.04869548902 0)
(0.3918637878 0.04869548902 0)
(0.4077937529 0.04869548902 0)
(0.4241412315 0.04869548902 0)
(0.4409171664 0.04869548902 0)
(0.4581327871 0.04869548902 0)
(0.4757996177 0.04869548902 0)
(0.4939294838 0.04869548902 0)
(0.5125345214 0.04869548902 0)
(0.5316271845 0.04869548902 0)
(0.5512202532 0.04869548902 0)
(0.571326843 0.04869548902 0)
(0.5919604129 0.04869548902 0)
(0.6131347746 0.04869548902 0)
(0.634864102 0.04869548902 0)
(0.6571629403 0.04869548902 0)
(0.680046216 0.04869548902 0)
(0.7035292468 0.04869548902 0)
(0.7276277519 0.04869548902 0)
(0.7523578625 0.04869548902 0)
(0.7777361325 0.04869548902 0)
(0.8037795497 0.04869548902 0)
(0.8305055472 0.04869548902 0)
(0.857932015 0.04869548902 0)
(0.8860773118 0.04869548902 0)
(0.9149602778 0.04869548902 0)
(0.9446002467 0.04869548902 0)
(0.9750170591 0.04869548902 0)
(1.006231075 0.04869548902 0)
(1.03826319 0.04869548902 0)
(1.071134845 0.04869548902 0)
(1.104868043 0.04869548902 0)
(1.139485365 0.04869548902 0)
(1.175009984 0.04869548902 0)
(1.21146568 0.04869548902 0)
(1.248876854 0.04869548902 0)
(1.287268549 0.04869548902 0)
(1.326666465 0.04869548902 0)
(1.367096974 0.04869548902 0)
(1.408587139 0.04869548902 0)
(1.451164732 0.04869548902 0)
(1.494858256 0.04869548902 0)
(1.539696957 0.04869548902 0)
(1.58571085 0.04869548902 0)
(1.632930737 0.04869548902 0)
(1.681388224 0.04869548902 0)
(1.731115749 0.04869548902 0)
(1.782146599 0.04869548902 0)
(1.834514932 0.04869548902 0)
(1.888255804 0.04869548902 0)
(1.943405188 0.04869548902 0)
(2 0.04869548902 0)
(0.005659481181 0.05649892685 0)
(0.01146729352 0.05649892685 0)
(0.01742732468 0.05649892685 0)
(0.02354356421 0.05649892685 0)
(0.02982010622 0.05649892685 0)
(0.03626115215 0.05649892685 0)
(0.04287101351 0.05649892685 0)
(0.04965411485 0.05649892685 0)
(0.05661499667 0.05649892685 0)
(0.06375831848 0.05649892685 0)
(0.0710888619 0.05649892685 0)
(0.07861153389 0.05649892685 0)
(0.08633137 0.05649892685 0)
(0.09425353778 0.05649892685 0)
(0.1023833402 0.05649892685 0)
(0.1107262192 0.05649892685 0)
(0.1192877594 0.05649892685 0)
(0.1280736918 0.05649892685 0)
(0.1370898975 0.05649892685 0)
(0.1463424118 0.05649892685 0)
(0.1558374283 0.05649892685 0)
(0.1655813027 0.05649892685 0)
(0.1755805574 0.05649892685 0)
(0.1858418858 0.05649892685 0)
(0.1963721566 0.05649892685 0)
(0.2071784187 0.05649892685 0)
(0.2182679056 0.05649892685 0)
(0.2296480404 0.05649892685 0)
(0.2413264408 0.05649892685 0)
(0.2533109242 0.05649892685 0)
(0.2656095127 0.05649892685 0)
(0.2782304389 0.05649892685 0)
(0.291182151 0.05649892685 0)
(0.3044733187 0.05649892685 0)
(0.3181128388 0.05649892685 0)
(0.3321098415 0.05649892685 0)
(0.3464736962 0.05649892685 0)
(0.3612140177 0.05649892685 0)
(0.3763406731 0.05649892685 0)
(0.3918637878 0.05649892685 0)
(0.4077937529 0.05649892685 0)
(0.4241412315 0.05649892685 0)
(0.4409171664 0.05649892685 0)
(0.4581327871 0.05649892685 0)
(0.4757996177 0.05649892685 0)
(0.4939294838 0.05649892685 0)
(0.5125345214 0.05649892685 0)
(0.5316271845 0.05649892685 0)
(0.5512202532 0.05649892685 0)
(0.571326843 0.05649892685 0)
(0.5919604129 0.05649892685 0)
(0.6131347746 0.05649892685 0)
(0.634864102 0.05649892685 0)
(0.6571629403 0.05649892685 0)
(0.680046216 0.05649892685 0)
(0.7035292468 0.05649892685 0)
(0.7276277519 0.05649892685 0)
(0.7523578625 0.05649892685 0)
(0.7777361325 0.05649892685 0)
(0.8037795497 0.05649892685 0)
(0.8305055472 0.05649892685 0)
(0.857932015 0.05649892685 0)
(0.8860773118 0.05649892685 0)
(0.9149602778 0.05649892685 0)
(0.9446002467 0.05649892685 0)
(0.9750170591 0.05649892685 0)
(1.006231075 0.05649892685 0)
(1.03826319 0.05649892685 0)
(1.071134845 0.05649892685 0)
(1.104868043 0.05649892685 0)
(1.139485365 0.05649892685 0)
(1.175009984 0.05649892685 0)
(1.21146568 0.05649892685 0)
(1.248876854 0.05649892685 0)
(1.287268549 0.05649892685 0)
(1.326666465 0.05649892685 0)
(1.367096974 0.05649892685 0)
(1.408587139 0.05649892685 0)
(1.451164732 0.05649892685 0)
(1.494858256 0.05649892685 0)
(1.539696957 0.05649892685 0)
(1.58571085 0.05649892685 0)
(1.632930737 0.05649892685 0)
(1.681388224 0.05649892685 0)
(1.731115749 0.05649892685 0)
(1.782146599 0.05649892685 0)
(1.834514932 0.05649892685 0)
(1.888255804 0.05649892685 0)
(1.943405188 0.05649892685 0)
(2 0.05649892685 0)
(0.005659481181 0.06453315577 0)
(0.01146729352 0.06453315577 0)
(0.01742732468 0.06453315577 0)
(0.02354356421 0.06453315577 0)
(0.02982010622 0.06453315577 0)
(0.03626115215 0.06453315577 0)
(0.04287101351 0.06453315577 0)
(0.04965411485 0.06453315577 0)
(0.05661499667 0.06453315577 0)
(0.06375831848 0.06453315577 0)
(0.0710888619 0.06453315577 0)
(0.07861153389 0.06453315577 0)
(0.08633137 0.06453315577 0)
(0.09425353778 0.06453315577 0)
(0.1023833402 0.06453315577 0)
(0.1107262192 0.06453315577 0)
(0.1192877594 0.06453315577 0)
(0.1280736918 0.06453315577 0)
(0.1370898975 0.06453315577 0)
(0.1463424118 0.06453315577 0)
(0.1558374283 0.06453315577 0)
(0.1655813027 0.06453315577 0)
(0.1755805574 0.06453315577 0)
(0.1858418858 0.06453315577 0)
(0.1963721566 0.06453315577 0)
(0.2071784187 0.06453315577 0)
(0.2182679056 0.06453315577 0)
(0.2296480404 0.06453315577 0)
(0.2413264408 0.06453315577 0)
(0.2533109242 0.06453315577 0)
(0.2656095127 0.06453315577 0)
(0.2782304389 0.06453315577 0)
(0.291182151 0.06453315577 0)
(0.3044733187 0.06453315577 0)
(0.3181128388 0.06453315577 0)
(0.3321098415 0.06453315577 0)
(0.3464736962 0.06453315577 0)
(0.3612140177 0.06453315577 0)
(0.3763406731 0.06453315577 0)
(0.3918637878 0.06453315577 0)
(0.4077937529 0.06453315577 0)
(0.4241412315 0.06453315577 0)
(0.4409171664 0.06453315577 0)
(0.4581327871 0.06453315577 0)
(0.4757996177 0.06453315577 0)
(0.4939294838 0.06453315577 0)
(0.5125345214 0.06453315577 0)
(0.5316271845 0.06453315577 0)
(0.5512202532 0.06453315577 0)
(0.571326843 0.06453315577 0)
(0.5919604129 0.06453315577 0)
(0.6131347746 0.06453315577 0)
(0.634864102 0.06453315577 0)
(0.6571629403 0.06453315577 0)
(0.680046216 0.06453315577 0)
(0.7035292468 0.06453315577 0)
(0.7276277519 0.06453315577 0)
(0.7523578625 0.06453315577 0)
(0.7777361325 0.06453315577 0)
(0.8037795497 0.06453315577 0)
(0.8305055472 0.06453315577 0)
(0.857932015 0.06453315577 0)
(0.8860773118 0.06453315577 0)
(0.9149602778 0.06453315577 0)
(0.9446002467 0.06453315577 0)
(0.9750170591 0.06453315577 0)
(1.006231075 0.06453315577 0)
(1.03826319 0.06453315577 0)
(1.071134845 0.06453315577 0)
(1.104868043 0.06453315577 0)
(1.139485365 0.06453315577 0)
(1.175009984 0.06453315577 0)
(1.21146568 0.06453315577 0)
(1.248876854 0.06453315577 0)
(1.287268549 0.06453315577 0)
(1.326666465 0.06453315577 0)
(1.367096974 0.06453315577 0)
(1.408587139 0.06453315577 0)
(1.451164732 0.06453315577 0)
(1.494858256 0.06453315577 0)
(1.539696957 0.06453315577 0)
(1.58571085 0.06453315577 0)
(1.632930737 0.06453315577 0)
(1.681388224 0.06453315577 0)
(1.731115749 0.06453315577 0)
(1.782146599 0.06453315577 0)
(1.834514932 0.06453315577 0)
(1.888255804 0.06453315577 0)
(1.943405188 0.06453315577 0)
(2 0.06453315577 0)
(0.005659481181 0.07280500157 0)
(0.01146729352 0.07280500157 0)
(0.01742732468 0.07280500157 0)
(0.02354356421 0.07280500157 0)
(0.02982010622 0.07280500157 0)
(0.03626115215 0.07280500157 0)
(0.04287101351 0.07280500157 0)
(0.04965411485 0.07280500157 0)
(0.05661499667 0.07280500157 0)
(0.06375831848 0.07280500157 0)
(0.0710888619 0.07280500157 0)
(0.07861153389 0.07280500157 0)
(0.08633137 0.07280500157 0)
(0.09425353778 0.07280500157 0)
(0.1023833402 0.07280500157 0)
(0.1107262192 0.07280500157 0)
(0.1192877594 0.07280500157 0)
(0.1280736918 0.07280500157 0)
(0.1370898975 0.07280500157 0)
(0.1463424118 0.07280500157 0)
(0.1558374283 0.07280500157 0)
(0.1655813027 0.07280500157 0)
(0.1755805574 0.07280500157 0)
(0.1858418858 0.07280500157 0)
(0.1963721566 0.07280500157 0)
(0.2071784187 0.07280500157 0)
(0.2182679056 0.07280500157 0)
(0.2296480404 0.07280500157 0)
(0.2413264408 0.07280500157 0)
(0.2533109242 0.07280500157 0)
(0.2656095127 0.07280500157 0)
(0.2782304389 0.07280500157 0)
(0.291182151 0.07280500157 0)
(0.3044733187 0.07280500157 0)
(0.3181128388 0.07280500157 0)
(0.3321098415 0.07280500157 0)
(0.3464736962 0.07280500157 0)
(0.3612140177 0.07280500157 0)
(0.3763406731 0.07280500157 0)
(0.3918637878 0.07280500157 0)
(0.4077937529 0.07280500157 0)
(0.4241412315 0.07280500157 0)
(0.4409171664 0.07280500157 0)
(0.4581327871 0.07280500157 0)
(0.4757996177 0.07280500157 0)
(0.4939294838 0.07280500157 0)
(0.5125345214 0.07280500157 0)
(0.5316271845 0.07280500157 0)
(0.5512202532 0.07280500157 0)
(0.571326843 0.07280500157 0)
(0.5919604129 0.07280500157 0)
(0.6131347746 0.07280500157 0)
(0.634864102 0.07280500157 0)
(0.6571629403 0.07280500157 0)
(0.680046216 0.07280500157 0)
(0.7035292468 0.07280500157 0)
(0.7276277519 0.07280500157 0)
(0.7523578625 0.07280500157 0)
(0.7777361325 0.07280500157 0)
(0.8037795497 0.07280500157 0)
(0.8305055472 0.07280500157 0)
(0.857932015 0.07280500157 0)
(0.8860773118 0.07280500157 0)
(0.9149602778 0.07280500157 0)
(0.9446002467 0.07280500157 0)
(0.9750170591 0.07280500157 0)
(1.006231075 0.07280500157 0)
(1.03826319 0.07280500157 0)
(1.071134845 0.07280500157 0)
(1.104868043 0.07280500157 0)
(1.139485365 0.07280500157 0)
(1.175009984 0.07280500157 0)
(1.21146568 0.07280500157 0)
(1.248876854 0.07280500157 0)
(1.287268549 0.07280500157 0)
(1.326666465 0.07280500157 0)
(1.367096974 0.07280500157 0)
(1.408587139 0.07280500157 0)
(1.451164732 0.07280500157 0)
(1.494858256 0.07280500157 0)
(1.539696957 0.07280500157 0)
(1.58571085 0.07280500157 0)
(1.632930737 0.07280500157 0)
(1.681388224 0.07280500157 0)
(1.731115749 0.07280500157 0)
(1.782146599 0.07280500157 0)
(1.834514932 0.07280500157 0)
(1.888255804 0.07280500157 0)
(1.943405188 0.07280500157 0)
(2 0.07280500157 0)
(0.005659481181 0.0813214919 0)
(0.01146729352 0.0813214919 0)
(0.01742732468 0.0813214919 0)
(0.02354356421 0.0813214919 0)
(0.02982010622 0.0813214919 0)
(0.03626115215 0.0813214919 0)
(0.04287101351 0.0813214919 0)
(0.04965411485 0.0813214919 0)
(0.05661499667 0.0813214919 0)
(0.06375831848 0.0813214919 0)
(0.0710888619 0.0813214919 0)
(0.07861153389 0.0813214919 0)
(0.08633137 0.0813214919 0)
(0.09425353778 0.0813214919 0)
(0.1023833402 0.0813214919 0)
(0.1107262192 0.0813214919 0)
(0.1192877594 0.0813214919 0)
(0.1280736918 0.0813214919 0)
(0.1370898975 0.0813214919 0)
(0.1463424118 0.0813214919 0)
(0.1558374283 0.0813214919 0)
(0.1655813027 0.0813214919 0)
(0.1755805574 0.0813214919 0)
(0.1858418858 0.0813214919 0)
(0.1963721566 0.0813214919 0)
(0.2071784187 0.0813214919 0)
(0.2182679056 0.0813214919 0)
(0.2296480404 0.0813214919 0)
(0.2413264408 0.0813214919 0)
(0.2533109242 0.0813214919 0)
(0.2656095127 0.0813214919 0)
(0.2782304389 0.0813214919 0)
(0.291182151 0.0813214919 0)
(0.3044733187 0.0813214919 0)
(0.3181128388 0.0813214919 0)
(0.3321098415 0.0813214919 0)
(0.3464736962 0.0813214919 0)
(0.3612140177 0.0813214919 0)
(0.3763406731 0.0813214919 0)
(0.3918637878 0.0813214919 0)
(0.4077937529 0.0813214919 0)
(0.4241412315 0.0813214919 0)
(0.4409171664 0.0813214919 0)
(0.4581327871 0.0813214919 0)
(0.4757996177 0.0813214919 0)
(0.4939294838 0.0813214919 0)
(0.5125345214 0.0813214919 0)
(0.5316271845 0.0813214919 0)
(0.5512202532 0.0813214919 0)
(0.571326843 0.0813214919 0)
(0.5919604129 0.0813214919 0)
(0.6131347746 0.0813214919 0)
(0.634864102 0.0813214919 0)
(0.6571629403 0.0813214919 0)
(0.680046216 0.0813214919 0)
(0.7035292468 0.0813214919 0)
(0.7276277519 0.0813214919 0)
(0.7523578625 0.0813214919 0)
(0.7777361325 0.0813214919 0)
(0.8037795497 0.0813214919 0)
(0.8305055472 0.0813214919 0)
(0.857932015 0.0813214919 0)
(0.8860773118 0.0813214919 0)
(0.9149602778 0.0813214919 0)
(0.9446002467 0.0813214919 0)
(0.9750170591 0.0813214919 0)
(1.006231075 0.0813214919 0)
(1.03826319 0.0813214919 0)
(1.071134845 0.0813214919 0)
(1.104868043 0.0813214919 0)
(1.139485365 0.0813214919 0)
(1.175009984 0.0813214919 0)
(1.21146568 0.0813214919 0)
(1.248876854 0.0813214919 0)
(1.287268549 0.0813214919 0)
(1.326666465 0.0813214919 0)
(1.367096974 0.0813214919 0)
(1.408587139 0.0813214919 0)
(1.451164732 0.0813214919 0)
(1.494858256 0.0813214919 0)
(1.539696957 0.0813214919 0)
(1.58571085 0.0813214919 0)
(1.632930737 0.0813214919 0)
(1.681388224 0.0813214919 0)
(1.731115749 0.0813214919 0)
(1.782146599 0.0813214919 0)
(1.834514932 0.0813214919 0)
(1.888255804 0.0813214919 0)
(1.943405188 0.0813214919 0)
(2 0.0813214919 0)
(0.005659481181 0.09008986226 0)
(0.01146729352 0.09008986226 0)
(0.01742732468 0.09008986226 0)
(0.02354356421 0.09008986226 0)
(0.02982010622 0.09008986226 0)
(0.03626115215 0.09008986226 0)
(0.04287101351 0.09008986226 0)
(0.04965411485 0.09008986226 0)
(0.05661499667 0.09008986226 0)
(0.06375831848 0.09008986226 0)
(0.0710888619 0.09008986226 0)
(0.07861153389 0.09008986226 0)
(0.08633137 0.09008986226 0)
(0.09425353778 0.09008986226 0)
(0.1023833402 0.09008986226 0)
(0.1107262192 0.09008986226 0)
(0.1192877594 0.09008986226 0)
(0.1280736918 0.09008986226 0)
(0.1370898975 0.09008986226 0)
(0.1463424118 0.09008986226 0)
(0.1558374283 0.09008986226 0)
(0.1655813027 0.09008986226 0)
(0.1755805574 0.09008986226 0)
(0.1858418858 0.09008986226 0)
(0.1963721566 0.09008986226 0)
(0.2071784187 0.09008986226 0)
(0.2182679056 0.09008986226 0)
(0.2296480404 0.09008986226 0)
(0.2413264408 0.09008986226 0)
(0.2533109242 0.09008986226 0)
(0.2656095127 0.09008986226 0)
(0.2782304389 0.09008986226 0)
(0.291182151 0.09008986226 0)
(0.3044733187 0.09008986226 0)
(0.3181128388 0.09008986226 0)
(0.3321098415 0.09008986226 0)
(0.3464736962 0.09008986226 0)
(0.3612140177 0.09008986226 0)
(0.3763406731 0.09008986226 0)
(0.3918637878 0.09008986226 0)
(0.4077937529 0.09008986226 0)
(0.4241412315 0.09008986226 0)
(0.4409171664 0.09008986226 0)
(0.4581327871 0.09008986226 0)
(0.4757996177 0.09008986226 0)
(0.4939294838 0.09008986226 0)
(0.5125345214 0.09008986226 0)
(0.5316271845 0.09008986226 0)
(0.5512202532 0.09008986226 0)
(0.571326843 0.09008986226 0)
(0.5919604129 0.09008986226 0)
(0.6131347746 0.09008986226 0)
(0.634864102 0.09008986226 0)
(0.6571629403 0.09008986226 0)
(0.680046216 0.09008986226 0)
(0.7035292468 0.09008986226 0)
(0.7276277519 0.09008986226 0)
(0.7523578625 0.09008986226 0)
(0.7777361325 0.09008986226 0)
(0.8037795497 0.09008986226 0)
(0.8305055472 0.09008986226 0)
(0.857932015 0.09008986226 0)
(0.8860773118 0.09008986226 0)
(0.9149602778 0.09008986226 0)
(0.9446002467 0.09008986226 0)
(0.9750170591 0.09008986226 0)
(1.006231075 0.09008986226 0)
(1.03826319 0.09008986226 0)
(1.071134845 0.09008986226 0)
(1.104868043 0.09008986226 0)
(1.139485365 0.09008986226 0)
(1.175009984 0.09008986226 0)
(1.21146568 0.09008986226 0)
(1.248876854 0.09008986226 0)
(1.287268549 0.09008986226 0)
(1.326666465 0.09008986226 0)
(1.367096974 0.09008986226 0)
(1.408587139 0.09008986226 0)
(1.451164732 0.09008986226 0)
(1.494858256 0.09008986226 0)
(1.539696957 0.09008986226 0)
(1.58571085 0.09008986226 0)
(1.632930737 0.09008986226 0)
(1.681388224 0.09008986226 0)
(1.731115749 0.09008986226 0)
(1.782146599 0.09008986226 0)
(1.834514932 0.09008986226 0)
(1.888255804 0.09008986226 0)
(1.943405188 0.09008986226 0)
(2 0.09008986226 0)
(0.005659481181 0.09911756216 0)
(0.01146729352 0.09911756216 0)
(0.01742732468 0.09911756216 0)
(0.02354356421 0.09911756216 0)
(0.02982010622 0.09911756216 0)
(0.03626115215 0.09911756216 0)
(0.04287101351 0.09911756216 0)
(0.04965411485 0.09911756216 0)
(0.05661499667 0.09911756216 0)
(0.06375831848 0.09911756216 0)
(0.0710888619 0.09911756216 0)
(0.07861153389 0.09911756216 0)
(0.08633137 0.09911756216 0)
(0.09425353778 0.09911756216 0)
(0.1023833402 0.09911756216 0)
(0.1107262192 0.09911756216 0)
(0.1192877594 0.09911756216 0)
(0.1280736918 0.09911756216 0)
(0.1370898975 0.09911756216 0)
(0.1463424118 0.09911756216 0)
(0.1558374283 0.09911756216 0)
(0.1655813027 0.09911756216 0)
(0.1755805574 0.09911756216 0)
(0.1858418858 0.09911756216 0)
(0.1963721566 0.09911756216 0)
(0.2071784187 0.09911756216 0)
(0.2182679056 0.09911756216 0)
(0.2296480404 0.09911756216 0)
(0.2413264408 0.09911756216 0)
(0.2533109242 0.09911756216 0)
(0.2656095127 0.09911756216 0)
(0.2782304389 0.09911756216 0)
(0.291182151 0.09911756216 0)
(0.3044733187 0.09911756216 0)
(0.3181128388 0.09911756216 0)
(0.3321098415 0.09911756216 0)
(0.3464736962 0.09911756216 0)
(0.3612140177 0.09911756216 0)
(0.3763406731 0.09911756216 0)
(0.3918637878 0.09911756216 0)
(0.4077937529 0.09911756216 0)
(0.4241412315 0.09911756216 0)
(0.4409171664 0.09911756216 0)
(0.4581327871 0.09911756216 0)
(0.4757996177 0.09911756216 0)
(0.4939294838 0.09911756216 0)
(0.5125345214 0.09911756216 0)
(0.5316271845 0.09911756216 0)
(0.5512202532 0.09911756216 0)
(0.571326843 0.09911756216 0)
(0.5919604129 0.09911756216 0)
(0.6131347746 0.09911756216 0)
(0.634864102 0.09911756216 0)
(0.6571629403 0.09911756216 0)
(0.680046216 0.09911756216 0)
(0.7035292468 0.09911756216 0)
(0.7276277519 0.09911756216 0)
(0.7523578625 0.09911756216 0)
(0.7777361325 0.09911756216 0)
(0.8037795497 0.09911756216 0)
(0.8305055472 0.09911756216 0)
(0.857932015 0.09911756216 0)
(0.8860773118 0.09911756216 0)
(0.9149602778 0.09911756216 0)
(0.9446002467 0.09911756216 0)
(0.9750170591 0.09911756216 0)
(1.006231075 0.09911756216 0)
(1.03826319 0.09911756216 0)
(1.071134845 0.09911756216 0)
(1.104868043 0.09911756216 0)
(1.139485365 0.09911756216 0)
(1.175009984 0.09911756216 0)
(1.21146568 0.09911756216 0)
(1.248876854 0.09911756216 0)
(1.287268549 0.09911756216 0)
(1.326666465 0.09911756216 0)
(1.367096974 0.09911756216 0)
(1.408587139 0.09911756216 0)
(1.451164732 0.09911756216 0)
(1.494858256 0.09911756216 0)
(1.539696957 0.09911756216 0)
(1.58571085 0.09911756216 0)
(1.632930737 0.09911756216 0)
(1.681388224 0.09911756216 0)
(1.731115749 0.09911756216 0)
(1.782146599 0.09911756216 0)
(1.834514932 0.09911756216 0)
(1.888255804 0.09911756216 0)
(1.943405188 0.09911756216 0)
(2 0.09911756216 0)
(0.005659481181 0.1084122614 0)
(0.01146729352 0.1084122614 0)
(0.01742732468 0.1084122614 0)
(0.02354356421 0.1084122614 0)
(0.02982010622 0.1084122614 0)
(0.03626115215 0.1084122614 0)
(0.04287101351 0.1084122614 0)
(0.04965411485 0.1084122614 0)
(0.05661499667 0.1084122614 0)
(0.06375831848 0.1084122614 0)
(0.0710888619 0.1084122614 0)
(0.07861153389 0.1084122614 0)
(0.08633137 0.1084122614 0)
(0.09425353778 0.1084122614 0)
(0.1023833402 0.1084122614 0)
(0.1107262192 0.1084122614 0)
(0.1192877594 0.1084122614 0)
(0.1280736918 0.1084122614 0)
(0.1370898975 0.1084122614 0)
(0.1463424118 0.1084122614 0)
(0.1558374283 0.1084122614 0)
(0.1655813027 0.1084122614 0)
(0.1755805574 0.1084122614 0)
(0.1858418858 0.1084122614 0)
(0.1963721566 0.1084122614 0)
(0.2071784187 0.1084122614 0)
(0.2182679056 0.1084122614 0)
(0.2296480404 0.1084122614 0)
(0.2413264408 0.1084122614 0)
(0.2533109242 0.1084122614 0)
(0.2656095127 0.1084122614 0)
(0.2782304389 0.1084122614 0)
(0.291182151 0.1084122614 0)
(0.3044733187 0.1084122614 0)
(0.3181128388 0.1084122614 0)
(0.3321098415 0.1084122614 0)
(0.3464736962 0.1084122614 0)
(0.3612140177 0.1084122614 0)
(0.3763406731 0.1084122614 0)
(0.3918637878 0.1084122614 0)
(0.4077937529 0.1084122614 0)
(0.4241412315 0.1084122614 0)
(0.4409171664 0.1084122614 0)
(0.4581327871 0.1084122614 0)
(0.4757996177 0.1084122614 0)
(0.4939294838 0.1084122614 0)
(0.5125345214 0.1084122614 0)
(0.5316271845 0.1084122614 0)
(0.5512202532 0.1084122614 0)
(0.571326843 0.1084122614 0)
(0.5919604129 0.1084122614 0)
(0.6131347746 0.1084122614 0)
(0.634864102 0.1084122614 0)
(0.6571629403 0.1084122614 0)
(0.680046216 0.1084122614 0)
(0.7035292468 0.1084122614 0)
(0.7276277519 0.1084122614 0)
(0.7523578625 0.1084122614 0)
(0.7777361325 0.1084122614 0)
(0.8037795497 0.1084122614 0)
(0.8305055472 0.1084122614 0)
(0.857932015 0.1084122614 0)
(0.8860773118 0.1084122614 0)
(0.9149602778 0.1084122614 0)
(0.9446002467 0.1084122614 0)
(0.9750170591 0.1084122614 0)
(1.006231075 0.1084122614 0)
(1.03826319 0.1084122614 0)
(1.071134845 0.1084122614 0)
(1.104868043 0.1084122614 0)
(1.139485365 0.1084122614 0)
(1.175009984 0.1084122614 0)
(1.21146568 0.1084122614 0)
(1.248876854 0.1084122614 0)
(1.287268549 0.1084122614 0)
(1.326666465 0.1084122614 0)
(1.367096974 0.1084122614 0)
(1.408587139 0.1084122614 0)
(1.451164732 0.1084122614 0)
(1.494858256 0.1084122614 0)
(1.539696957 0.1084122614 0)
(1.58571085 0.1084122614 0)
(1.632930737 0.1084122614 0)
(1.681388224 0.1084122614 0)
(1.731115749 0.1084122614 0)
(1.782146599 0.1084122614 0)
(1.834514932 0.1084122614 0)
(1.888255804 0.1084122614 0)
(1.943405188 0.1084122614 0)
(2 0.1084122614 0)
(0.005659481181 0.1179818566 0)
(0.01146729352 0.1179818566 0)
(0.01742732468 0.1179818566 0)
(0.02354356421 0.1179818566 0)
(0.02982010622 0.1179818566 0)
(0.03626115215 0.1179818566 0)
(0.04287101351 0.1179818566 0)
(0.04965411485 0.1179818566 0)
(0.05661499667 0.1179818566 0)
(0.06375831848 0.1179818566 0)
(0.0710888619 0.1179818566 0)
(0.07861153389 0.1179818566 0)
(0.08633137 0.1179818566 0)
(0.09425353778 0.1179818566 0)
(0.1023833402 0.1179818566 0)
(0.1107262192 0.1179818566 0)
(0.1192877594 0.1179818566 0)
(0.1280736918 0.1179818566 0)
(0.1370898975 0.1179818566 0)
(0.1463424118 0.1179818566 0)
(0.1558374283 0.1179818566 0)
(0.1655813027 0.1179818566 0)
(0.1755805574 0.1179818566 0)
(0.1858418858 0.1179818566 0)
(0.1963721566 0.1179818566 0)
(0.2071784187 0.1179818566 0)
(0.2182679056 0.1179818566 0)
(0.2296480404 0.1179818566 0)
(0.2413264408 0.1179818566 0)
(0.2533109242 0.1179818566 0)
(0.2656095127 0.1179818566 0)
(0.2782304389 0.1179818566 0)
(0.291182151 0.1179818566 0)
(0.3044733187 0.1179818566 0)
(0.3181128388 0.1179818566 0)
(0.3321098415 0.1179818566 0)
(0.3464736962 0.1179818566 0)
(0.3612140177 0.1179818566 0)
(0.3763406731 0.1179818566 0)
(0.3918637878 0.1179818566 0)
(0.4077937529 0.1179818566 0)
(0.4241412315 0.1179818566 0)
(0.4409171664 0.1179818566 0)
(0.4581327871 0.1179818566 0)
(0.4757996177 0.1179818566 0)
(0.4939294838 0.1179818566 0)
(0.5125345214 0.1179818566 0)
(0.5316271845 0.1179818566 0)
(0.5512202532 0.1179818566 0)
(0.571326843 0.1179818566 0)
(0.5919604129 0.1179818566 0)
(0.6131347746 0.1179818566 0)
(0.634864102 0.1179818566 0)
(0.6571629403 0.1179818566 0)
(0.680046216 0.1179818566 0)
(0.7035292468 0.1179818566 0)
(0.7276277519 0.1179818566 0)
(0.7523578625 0.1179818566 0)
(0.7777361325 0.1179818566 0)
(0.8037795497 0.1179818566 0)
(0.8305055472 0.1179818566 0)
(0.857932015 0.1179818566 0)
(0.8860773118 0.1179818566 0)
(0.9149602778 0.1179818566 0)
(0.9446002467 0.1179818566 0)
(0.9750170591 0.1179818566 0)
(1.006231075 0.1179818566 0)
(1.03826319 0.1179818566 0)
(1.071134845 0.1179818566 0)
(1.104868043 0.1179818566 0)
(1.139485365 0.1179818566 0)
(1.175009984 0.1179818566 0)
(1.21146568 0.1179818566 0)
(1.248876854 0.1179818566 0)
(1.287268549 0.1179818566 0)
(1.326666465 0.1179818566 0)
(1.367096974 0.1179818566 0)
(1.408587139 0.1179818566 0)
(1.451164732 0.1179818566 0)
(1.494858256 0.1179818566 0)
(1.539696957 0.1179818566 0)
(1.58571085 0.1179818566 0)
(1.632930737 0.1179818566 0)
(1.681388224 0.1179818566 0)
(1.731115749 0.1179818566 0)
(1.782146599 0.1179818566 0)
(1.834514932 0.1179818566 0)
(1.888255804 0.1179818566 0)
(1.943405188 0.1179818566 0)
(2 0.1179818566 0)
(0.005659481181 0.1278344781 0)
(0.01146729352 0.1278344781 0)
(0.01742732468 0.1278344781 0)
(0.02354356421 0.1278344781 0)
(0.02982010622 0.1278344781 0)
(0.03626115215 0.1278344781 0)
(0.04287101351 0.1278344781 0)
(0.04965411485 0.1278344781 0)
(0.05661499667 0.1278344781 0)
(0.06375831848 0.1278344781 0)
(0.0710888619 0.1278344781 0)
(0.07861153389 0.1278344781 0)
(0.08633137 0.1278344781 0)
(0.09425353778 0.1278344781 0)
(0.1023833402 0.1278344781 0)
(0.1107262192 0.1278344781 0)
(0.1192877594 0.1278344781 0)
(0.1280736918 0.1278344781 0)
(0.1370898975 0.1278344781 0)
(0.1463424118 0.1278344781 0)
(0.1558374283 0.1278344781 0)
(0.1655813027 0.1278344781 0)
(0.1755805574 0.1278344781 0)
(0.1858418858 0.1278344781 0)
(0.1963721566 0.1278344781 0)
(0.2071784187 0.1278344781 0)
(0.2182679056 0.1278344781 0)
(0.2296480404 0.1278344781 0)
(0.2413264408 0.1278344781 0)
(0.2533109242 0.1278344781 0)
(0.2656095127 0.1278344781 0)
(0.2782304389 0.1278344781 0)
(0.291182151 0.1278344781 0)
(0.3044733187 0.1278344781 0)
(0.3181128388 0.1278344781 0)
(0.3321098415 0.1278344781 0)
(0.3464736962 0.1278344781 0)
(0.3612140177 0.1278344781 0)
(0.3763406731 0.1278344781 0)
(0.3918637878 0.1278344781 0)
(0.4077937529 0.1278344781 0)
(0.4241412315 0.1278344781 0)
(0.4409171664 0.1278344781 0)
(0.4581327871 0.1278344781 0)
(0.4757996177 0.1278344781 0)
(0.4939294838 0.1278344781 0)
(0.5125345214 0.1278344781 0)
(0.5316271845 0.1278344781 0)
(0.5512202532 0.1278344781 0)
(0.571326843 0.1278344781 0)
(0.5919604129 0.1278344781 0)
(0.6131347746 0.1278344781 0)
(0.634864102 0.1278344781 0)
(0.6571629403 0.1278344781 0)
(0.680046216 0.1278344781 0)
(0.7035292468 0.1278344781 0)
(0.7276277519 0.1278344781 0)
(0.7523578625 0.1278344781 0)
(0.7777361325 0.1278344781 0)
(0.8037795497 0.1278344781 0)
(0.8305055472 0.1278344781 0)
(0.857932015 0.1278344781 0)
(0.8860773118 0.1278344781 0)
(0.9149602778 0.1278344781 0)
(0.9446002467 0.1278344781 0)
(0.9750170591 0.1278344781 0)
(1.006231075 0.1278344781 0)
(1.03826319 0.1278344781 0)
(1.071134845 0.1278344781 0)
(1.104868043 0.1278344781 0)
(1.139485365 0.1278344781 0)
(1.175009984 0.1278344781 0)
(1.21146568 0.1278344781 0)
(1.248876854 0.1278344781 0)
(1.287268549 0.1278344781 0)
(1.326666465 0.1278344781 0)
(1.367096974 0.1278344781 0)
(1.408587139 0.1278344781 0)
(1.451164732 0.1278344781 0)
(1.494858256 0.1278344781 0)
(1.539696957 0.1278344781 0)
(1.58571085 0.1278344781 0)
(1.632930737 0.1278344781 0)
(1.681388224 0.1278344781 0)
(1.731115749 0.1278344781 0)
(1.782146599 0.1278344781 0)
(1.834514932 0.1278344781 0)
(1.888255804 0.1278344781 0)
(1.943405188 0.1278344781 0)
(2 0.1278344781 0)
(0.005659481181 0.1379784964 0)
(0.01146729352 0.1379784964 0)
(0.01742732468 0.1379784964 0)
(0.02354356421 0.1379784964 0)
(0.02982010622 0.1379784964 0)
(0.03626115215 0.1379784964 0)
(0.04287101351 0.1379784964 0)
(0.04965411485 0.1379784964 0)
(0.05661499667 0.1379784964 0)
(0.06375831848 0.1379784964 0)
(0.0710888619 0.1379784964 0)
(0.07861153389 0.1379784964 0)
(0.08633137 0.1379784964 0)
(0.09425353778 0.1379784964 0)
(0.1023833402 0.1379784964 0)
(0.1107262192 0.1379784964 0)
(0.1192877594 0.1379784964 0)
(0.1280736918 0.1379784964 0)
(0.1370898975 0.1379784964 0)
(0.1463424118 0.1379784964 0)
(0.1558374283 0.1379784964 0)
(0.1655813027 0.1379784964 0)
(0.1755805574 0.1379784964 0)
(0.1858418858 0.1379784964 0)
(0.1963721566 0.1379784964 0)
(0.2071784187 0.1379784964 0)
(0.2182679056 0.1379784964 0)
(0.2296480404 0.1379784964 0)
(0.2413264408 0.1379784964 0)
(0.2533109242 0.1379784964 0)
(0.2656095127 0.1379784964 0)
(0.2782304389 0.1379784964 0)
(0.291182151 0.1379784964 0)
(0.3044733187 0.1379784964 0)
(0.3181128388 0.1379784964 0)
(0.3321098415 0.1379784964 0)
(0.3464736962 0.1379784964 0)
(0.3612140177 0.1379784964 0)
(0.3763406731 0.1379784964 0)
(0.3918637878 0.1379784964 0)
(0.4077937529 0.1379784964 0)
(0.4241412315 0.1379784964 0)
(0.4409171664 0.1379784964 0)
(0.4581327871 0.1379784964 0)
(0.4757996177 0.1379784964 0)
(0.4939294838 0.1379784964 0)
(0.5125345214 0.1379784964 0)
(0.5316271845 0.1379784964 0)
(0.5512202532 0.1379784964 0)
(0.571326843 0.1379784964 0)
(0.5919604129 0.1379784964 0)
(0.6131347746 0.1379784964 0)
(0.634864102 0.1379784964 0)
(0.6571629403 0.1379784964 0)
(0.680046216 0.1379784964 0)
(0.7035292468 0.1379784964 0)
(0.7276277519 0.1379784964 0)
(0.7523578625 0.1379784964 0)
(0.7777361325 0.1379784964 0)
(0.8037795497 0.1379784964 0)
(0.8305055472 0.1379784964 0)
(0.857932015 0.1379784964 0)
(0.8860773118 0.1379784964 0)
(0.9149602778 0.1379784964 0)
(0.9446002467 0.1379784964 0)
(0.9750170591 0.1379784964 0)
(1.006231075 0.1379784964 0)
(1.03826319 0.1379784964 0)
(1.071134845 0.1379784964 0)
(1.104868043 0.1379784964 0)
(1.139485365 0.1379784964 0)
(1.175009984 0.1379784964 0)
(1.21146568 0.1379784964 0)
(1.248876854 0.1379784964 0)
(1.287268549 0.1379784964 0)
(1.326666465 0.1379784964 0)
(1.367096974 0.1379784964 0)
(1.408587139 0.1379784964 0)
(1.451164732 0.1379784964 0)
(1.494858256 0.1379784964 0)
(1.539696957 0.1379784964 0)
(1.58571085 0.1379784964 0)
(1.632930737 0.1379784964 0)
(1.681388224 0.1379784964 0)
(1.731115749 0.1379784964 0)
(1.782146599 0.1379784964 0)
(1.834514932 0.1379784964 0)
(1.888255804 0.1379784964 0)
(1.943405188 0.1379784964 0)
(2 0.1379784964 0)
(0.005659481181 0.1484225298 0)
(0.01146729352 0.1484225298 0)
(0.01742732468 0.1484225298 0)
(0.02354356421 0.1484225298 0)
(0.02982010622 0.1484225298 0)
(0.03626115215 0.1484225298 0)
(0.04287101351 0.1484225298 0)
(0.04965411485 0.1484225298 0)
(0.05661499667 0.1484225298 0)
(0.06375831848 0.1484225298 0)
(0.0710888619 0.1484225298 0)
(0.07861153389 0.1484225298 0)
(0.08633137 0.1484225298 0)
(0.09425353778 0.1484225298 0)
(0.1023833402 0.1484225298 0)
(0.1107262192 0.1484225298 0)
(0.1192877594 0.1484225298 0)
(0.1280736918 0.1484225298 0)
(0.1370898975 0.1484225298 0)
(0.1463424118 0.1484225298 0)
(0.1558374283 0.1484225298 0)
(0.1655813027 0.1484225298 0)
(0.1755805574 0.1484225298 0)
(0.1858418858 0.1484225298 0)
(0.1963721566 0.1484225298 0)
(0.2071784187 0.1484225298 0)
(0.2182679056 0.1484225298 0)
(0.2296480404 0.1484225298 0)
(0.2413264408 0.1484225298 0)
(0.2533109242 0.1484225298 0)
(0.2656095127 0.1484225298 0)
(0.2782304389 0.1484225298 0)
(0.291182151 0.1484225298 0)
(0.3044733187 0.1484225298 0)
(0.3181128388 0.1484225298 0)
(0.3321098415 0.1484225298 0)
(0.3464736962 0.1484225298 0)
(0.3612140177 0.1484225298 0)
(0.3763406731 0.1484225298 0)
(0.3918637878 0.1484225298 0)
(0.4077937529 0.1484225298 0)
(0.4241412315 0.1484225298 0)
(0.4409171664 0.1484225298 0)
(0.4581327871 0.1484225298 0)
(0.4757996177 0.1484225298 0)
(0.4939294838 0.1484225298 0)
(0.5125345214 0.1484225298 0)
(0.5316271845 0.1484225298 0)
(0.5512202532 0.1484225298 0)
(0.571326843 0.1484225298 0)
(0.5919604129 0.1484225298 0)
(0.6131347746 0.1484225298 0)
(0.634864102 0.1484225298 0)
(0.6571629403 0.1484225298 0)
(0.680046216 0.1484225298 0)
(0.7035292468 0.1484225298 0)
(0.7276277519 0.1484225298 0)
(0.7523578625 0.1484225298 0)
(0.7777361325 0.1484225298 0)
(0.8037795497 0.1484225298 0)
(0.8305055472 0.1484225298 0)
(0.857932015 0.1484225298 0)
(0.8860773118 0.1484225298 0)
(0.9149602778 0.1484225298 0)
(0.9446002467 0.1484225298 0)
(0.9750170591 0.1484225298 0)
(1.006231075 0.1484225298 0)
(1.03826319 0.1484225298 0)
(1.071134845 0.1484225298 0)
(1.104868043 0.1484225298 0)
(1.139485365 0.1484225298 0)
(1.175009984 0.1484225298 0)
(1.21146568 0.1484225298 0)
(1.248876854 0.1484225298 0)
(1.287268549 0.1484225298 0)
(1.326666465 0.1484225298 0)
(1.367096974 0.1484225298 0)
(1.408587139 0.1484225298 0)
(1.451164732 0.1484225298 0)
(1.494858256 0.1484225298 0)
(1.539696957 0.1484225298 0)
(1.58571085 0.1484225298 0)
(1.632930737 0.1484225298 0)
(1.681388224 0.1484225298 0)
(1.731115749 0.1484225298 0)
(1.782146599 0.1484225298 0)
(1.834514932 0.1484225298 0)
(1.888255804 0.1484225298 0)
(1.943405188 0.1484225298 0)
(2 0.1484225298 0)
(0.005659481181 0.1591754515 0)
(0.01146729352 0.1591754515 0)
(0.01742732468 0.1591754515 0)
(0.02354356421 0.1591754515 0)
(0.02982010622 0.1591754515 0)
(0.03626115215 0.1591754515 0)
(0.04287101351 0.1591754515 0)
(0.04965411485 0.1591754515 0)
(0.05661499667 0.1591754515 0)
(0.06375831848 0.1591754515 0)
(0.0710888619 0.1591754515 0)
(0.07861153389 0.1591754515 0)
(0.08633137 0.1591754515 0)
(0.09425353778 0.1591754515 0)
(0.1023833402 0.1591754515 0)
(0.1107262192 0.1591754515 0)
(0.1192877594 0.1591754515 0)
(0.1280736918 0.1591754515 0)
(0.1370898975 0.1591754515 0)
(0.1463424118 0.1591754515 0)
(0.1558374283 0.1591754515 0)
(0.1655813027 0.1591754515 0)
(0.1755805574 0.1591754515 0)
(0.1858418858 0.1591754515 0)
(0.1963721566 0.1591754515 0)
(0.2071784187 0.1591754515 0)
(0.2182679056 0.1591754515 0)
(0.2296480404 0.1591754515 0)
(0.2413264408 0.1591754515 0)
(0.2533109242 0.1591754515 0)
(0.2656095127 0.1591754515 0)
(0.2782304389 0.1591754515 0)
(0.291182151 0.1591754515 0)
(0.3044733187 0.1591754515 0)
(0.3181128388 0.1591754515 0)
(0.3321098415 0.1591754515 0)
(0.3464736962 0.1591754515 0)
(0.3612140177 0.1591754515 0)
(0.3763406731 0.1591754515 0)
(0.3918637878 0.1591754515 0)
(0.4077937529 0.1591754515 0)
(0.4241412315 0.1591754515 0)
(0.4409171664 0.1591754515 0)
(0.4581327871 0.1591754515 0)
(0.4757996177 0.1591754515 0)
(0.4939294838 0.1591754515 0)
(0.5125345214 0.1591754515 0)
(0.5316271845 0.1591754515 0)
(0.5512202532 0.1591754515 0)
(0.571326843 0.1591754515 0)
(0.5919604129 0.1591754515 0)
(0.6131347746 0.1591754515 0)
(0.634864102 0.1591754515 0)
(0.6571629403 0.1591754515 0)
(0.680046216 0.1591754515 0)
(0.7035292468 0.1591754515 0)
(0.7276277519 0.1591754515 0)
(0.7523578625 0.1591754515 0)
(0.7777361325 0.1591754515 0)
(0.8037795497 0.1591754515 0)
(0.8305055472 0.1591754515 0)
(0.857932015 0.1591754515 0)
(0.8860773118 0.1591754515 0)
(0.9149602778 0.1591754515 0)
(0.9446002467 0.1591754515 0)
(0.9750170591 0.1591754515 0)
(1.006231075 0.1591754515 0)
(1.03826319 0.1591754515 0)
(1.071134845 0.1591754515 0)
(1.104868043 0.1591754515 0)
(1.139485365 0.1591754515 0)
(1.175009984 0.1591754515 0)
(1.21146568 0.1591754515 0)
(1.248876854 0.1591754515 0)
(1.287268549 0.1591754515 0)
(1.326666465 0.1591754515 0)
(1.367096974 0.1591754515 0)
(1.408587139 0.1591754515 0)
(1.451164732 0.1591754515 0)
(1.494858256 0.1591754515 0)
(1.539696957 0.1591754515 0)
(1.58571085 0.1591754515 0)
(1.632930737 0.1591754515 0)
(1.681388224 0.1591754515 0)
(1.731115749 0.1591754515 0)
(1.782146599 0.1591754515 0)
(1.834514932 0.1591754515 0)
(1.888255804 0.1591754515 0)
(1.943405188 0.1591754515 0)
(2 0.1591754515 0)
(0.005659481181 0.1702463968 0)
(0.01146729352 0.1702463968 0)
(0.01742732468 0.1702463968 0)
(0.02354356421 0.1702463968 0)
(0.02982010622 0.1702463968 0)
(0.03626115215 0.1702463968 0)
(0.04287101351 0.1702463968 0)
(0.04965411485 0.1702463968 0)
(0.05661499667 0.1702463968 0)
(0.06375831848 0.1702463968 0)
(0.0710888619 0.1702463968 0)
(0.07861153389 0.1702463968 0)
(0.08633137 0.1702463968 0)
(0.09425353778 0.1702463968 0)
(0.1023833402 0.1702463968 0)
(0.1107262192 0.1702463968 0)
(0.1192877594 0.1702463968 0)
(0.1280736918 0.1702463968 0)
(0.1370898975 0.1702463968 0)
(0.1463424118 0.1702463968 0)
(0.1558374283 0.1702463968 0)
(0.1655813027 0.1702463968 0)
(0.1755805574 0.1702463968 0)
(0.1858418858 0.1702463968 0)
(0.1963721566 0.1702463968 0)
(0.2071784187 0.1702463968 0)
(0.2182679056 0.1702463968 0)
(0.2296480404 0.1702463968 0)
(0.2413264408 0.1702463968 0)
(0.2533109242 0.1702463968 0)
(0.2656095127 0.1702463968 0)
(0.2782304389 0.1702463968 0)
(0.291182151 0.1702463968 0)
(0.3044733187 0.1702463968 0)
(0.3181128388 0.1702463968 0)
(0.3321098415 0.1702463968 0)
(0.3464736962 0.1702463968 0)
(0.3612140177 0.1702463968 0)
(0.3763406731 0.1702463968 0)
(0.3918637878 0.1702463968 0)
(0.4077937529 0.1702463968 0)
(0.4241412315 0.1702463968 0)
(0.4409171664 0.1702463968 0)
(0.4581327871 0.1702463968 0)
(0.4757996177 0.1702463968 0)
(0.4939294838 0.1702463968 0)
(0.5125345214 0.1702463968 0)
(0.5316271845 0.1702463968 0)
(0.5512202532 0.1702463968 0)
(0.571326843 0.1702463968 0)
(0.5919604129 0.1702463968 0)
(0.6131347746 0.1702463968 0)
(0.634864102 0.1702463968 0)
(0.6571629403 0.1702463968 0)
(0.680046216 0.1702463968 0)
(0.7035292468 0.1702463968 0)
(0.7276277519 0.1702463968 0)
(0.7523578625 0.1702463968 0)
(0.7777361325 0.1702463968 0)
(0.8037795497 0.1702463968 0)
(0.8305055472 0.1702463968 0)
(0.857932015 0.1702463968 0)
(0.8860773118 0.1702463968 0)
(0.9149602778 0.1702463968 0)
(0.9446002467 0.1702463968 0)
(0.9750170591 0.1702463968 0)
(1.006231075 0.1702463968 0)
(1.03826319 0.1702463968 0)
(1.071134845 0.1702463968 0)
(1.104868043 0.1702463968 0)
(1.139485365 0.1702463968 0)
(1.175009984 0.1702463968 0)
(1.21146568 0.1702463968 0)
(1.248876854 0.1702463968 0)
(1.287268549 0.1702463968 0)
(1.326666465 0.1702463968 0)
(1.367096974 0.1702463968 0)
(1.408587139 0.1702463968 0)
(1.451164732 0.1702463968 0)
(1.494858256 0.1702463968 0)
(1.539696957 0.1702463968 0)
(1.58571085 0.1702463968 0)
(1.632930737 0.1702463968 0)
(1.681388224 0.1702463968 0)
(1.731115749 0.1702463968 0)
(1.782146599 0.1702463968 0)
(1.834514932 0.1702463968 0)
(1.888255804 0.1702463968 0)
(1.943405188 0.1702463968 0)
(2 0.1702463968 0)
(0.005659481181 0.1816447717 0)
(0.01146729352 0.1816447717 0)
(0.01742732468 0.1816447717 0)
(0.02354356421 0.1816447717 0)
(0.02982010622 0.1816447717 0)
(0.03626115215 0.1816447717 0)
(0.04287101351 0.1816447717 0)
(0.04965411485 0.1816447717 0)
(0.05661499667 0.1816447717 0)
(0.06375831848 0.1816447717 0)
(0.0710888619 0.1816447717 0)
(0.07861153389 0.1816447717 0)
(0.08633137 0.1816447717 0)
(0.09425353778 0.1816447717 0)
(0.1023833402 0.1816447717 0)
(0.1107262192 0.1816447717 0)
(0.1192877594 0.1816447717 0)
(0.1280736918 0.1816447717 0)
(0.1370898975 0.1816447717 0)
(0.1463424118 0.1816447717 0)
(0.1558374283 0.1816447717 0)
(0.1655813027 0.1816447717 0)
(0.1755805574 0.1816447717 0)
(0.1858418858 0.1816447717 0)
(0.1963721566 0.1816447717 0)
(0.2071784187 0.1816447717 0)
(0.2182679056 0.1816447717 0)
(0.2296480404 0.1816447717 0)
(0.2413264408 0.1816447717 0)
(0.2533109242 0.1816447717 0)
(0.2656095127 0.1816447717 0)
(0.2782304389 0.1816447717 0)
(0.291182151 0.1816447717 0)
(0.3044733187 0.1816447717 0)
(0.3181128388 0.1816447717 0)
(0.3321098415 0.1816447717 0)
(0.3464736962 0.1816447717 0)
(0.3612140177 0.1816447717 0)
(0.3763406731 0.1816447717 0)
(0.3918637878 0.1816447717 0)
(0.4077937529 0.1816447717 0)
(0.4241412315 0.1816447717 0)
(0.4409171664 0.1816447717 0)
(0.4581327871 0.1816447717 0)
(0.4757996177 0.1816447717 0)
(0.4939294838 0.1816447717 0)
(0.5125345214 0.1816447717 0)
(0.5316271845 0.1816447717 0)
(0.5512202532 0.1816447717 0)
(0.571326843 0.1816447717 0)
(0.5919604129 0.1816447717 0)
(0.6131347746 0.1816447717 0)
(0.634864102 0.1816447717 0)
(0.6571629403 0.1816447717 0)
(0.680046216 0.1816447717 0)
(0.7035292468 0.1816447717 0)
(0.7276277519 0.1816447717 0)
(0.7523578625 0.1816447717 0)
(0.7777361325 0.1816447717 0)
(0.8037795497 0.1816447717 0)
(0.8305055472 0.1816447717 0)
(0.857932015 0.1816447717 0)
(0.8860773118 0.1816447717 0)
(0.9149602778 0.1816447717 0)
(0.9446002467 0.1816447717 0)
(0.9750170591 0.1816447717 0)
(1.006231075 0.1816447717 0)
(1.03826319 0.1816447717 0)
(1.071134845 0.1816447717 0)
(1.104868043 0.1816447717 0)
(1.139485365 0.1816447717 0)
(1.175009984 0.1816447717 0)
(1.21146568 0.1816447717 0)
(1.248876854 0.1816447717 0)
(1.287268549 0.1816447717 0)
(1.326666465 0.1816447717 0)
(1.367096974 0.1816447717 0)
(1.408587139 0.1816447717 0)
(1.451164732 0.1816447717 0)
(1.494858256 0.1816447717 0)
(1.539696957 0.1816447717 0)
(1.58571085 0.1816447717 0)
(1.632930737 0.1816447717 0)
(1.681388224 0.1816447717 0)
(1.731115749 0.1816447717 0)
(1.782146599 0.1816447717 0)
(1.834514932 0.1816447717 0)
(1.888255804 0.1816447717 0)
(1.943405188 0.1816447717 0)
(2 0.1816447717 0)
(0.005659481181 0.19338026 0)
(0.01146729352 0.19338026 0)
(0.01742732468 0.19338026 0)
(0.02354356421 0.19338026 0)
(0.02982010622 0.19338026 0)
(0.03626115215 0.19338026 0)
(0.04287101351 0.19338026 0)
(0.04965411485 0.19338026 0)
(0.05661499667 0.19338026 0)
(0.06375831848 0.19338026 0)
(0.0710888619 0.19338026 0)
(0.07861153389 0.19338026 0)
(0.08633137 0.19338026 0)
(0.09425353778 0.19338026 0)
(0.1023833402 0.19338026 0)
(0.1107262192 0.19338026 0)
(0.1192877594 0.19338026 0)
(0.1280736918 0.19338026 0)
(0.1370898975 0.19338026 0)
(0.1463424118 0.19338026 0)
(0.1558374283 0.19338026 0)
(0.1655813027 0.19338026 0)
(0.1755805574 0.19338026 0)
(0.1858418858 0.19338026 0)
(0.1963721566 0.19338026 0)
(0.2071784187 0.19338026 0)
(0.2182679056 0.19338026 0)
(0.2296480404 0.19338026 0)
(0.2413264408 0.19338026 0)
(0.2533109242 0.19338026 0)
(0.2656095127 0.19338026 0)
(0.2782304389 0.19338026 0)
(0.291182151 0.19338026 0)
(0.3044733187 0.19338026 0)
(0.3181128388 0.19338026 0)
(0.3321098415 0.19338026 0)
(0.3464736962 0.19338026 0)
(0.3612140177 0.19338026 0)
(0.3763406731 0.19338026 0)
(0.3918637878 0.19338026 0)
(0.4077937529 0.19338026 0)
(0.4241412315 0.19338026 0)
(0.4409171664 0.19338026 0)
(0.4581327871 0.19338026 0)
(0.4757996177 0.19338026 0)
(0.4939294838 0.19338026 0)
(0.5125345214 0.19338026 0)
(0.5316271845 0.19338026 0)
(0.5512202532 0.19338026 0)
(0.571326843 0.19338026 0)
(0.5919604129 0.19338026 0)
(0.6131347746 0.19338026 0)
(0.634864102 0.19338026 0)
(0.6571629403 0.19338026 0)
(0.680046216 0.19338026 0)
(0.7035292468 0.19338026 0)
(0.7276277519 0.19338026 0)
(0.7523578625 0.19338026 0)
(0.7777361325 0.19338026 0)
(0.8037795497 0.19338026 0)
(0.8305055472 0.19338026 0)
(0.857932015 0.19338026 0)
(0.8860773118 0.19338026 0)
(0.9149602778 0.19338026 0)
(0.9446002467 0.19338026 0)
(0.9750170591 0.19338026 0)
(1.006231075 0.19338026 0)
(1.03826319 0.19338026 0)
(1.071134845 0.19338026 0)
(1.104868043 0.19338026 0)
(1.139485365 0.19338026 0)
(1.175009984 0.19338026 0)
(1.21146568 0.19338026 0)
(1.248876854 0.19338026 0)
(1.287268549 0.19338026 0)
(1.326666465 0.19338026 0)
(1.367096974 0.19338026 0)
(1.408587139 0.19338026 0)
(1.451164732 0.19338026 0)
(1.494858256 0.19338026 0)
(1.539696957 0.19338026 0)
(1.58571085 0.19338026 0)
(1.632930737 0.19338026 0)
(1.681388224 0.19338026 0)
(1.731115749 0.19338026 0)
(1.782146599 0.19338026 0)
(1.834514932 0.19338026 0)
(1.888255804 0.19338026 0)
(1.943405188 0.19338026 0)
(2 0.19338026 0)
(0.005659481181 0.205462832 0)
(0.01146729352 0.205462832 0)
(0.01742732468 0.205462832 0)
(0.02354356421 0.205462832 0)
(0.02982010622 0.205462832 0)
(0.03626115215 0.205462832 0)
(0.04287101351 0.205462832 0)
(0.04965411485 0.205462832 0)
(0.05661499667 0.205462832 0)
(0.06375831848 0.205462832 0)
(0.0710888619 0.205462832 0)
(0.07861153389 0.205462832 0)
(0.08633137 0.205462832 0)
(0.09425353778 0.205462832 0)
(0.1023833402 0.205462832 0)
(0.1107262192 0.205462832 0)
(0.1192877594 0.205462832 0)
(0.1280736918 0.205462832 0)
(0.1370898975 0.205462832 0)
(0.1463424118 0.205462832 0)
(0.1558374283 0.205462832 0)
(0.1655813027 0.205462832 0)
(0.1755805574 0.205462832 0)
(0.1858418858 0.205462832 0)
(0.1963721566 0.205462832 0)
(0.2071784187 0.205462832 0)
(0.2182679056 0.205462832 0)
(0.2296480404 0.205462832 0)
(0.2413264408 0.205462832 0)
(0.2533109242 0.205462832 0)
(0.2656095127 0.205462832 0)
(0.2782304389 0.205462832 0)
(0.291182151 0.205462832 0)
(0.3044733187 0.205462832 0)
(0.3181128388 0.205462832 0)
(0.3321098415 0.205462832 0)
(0.3464736962 0.205462832 0)
(0.3612140177 0.205462832 0)
(0.3763406731 0.205462832 0)
(0.3918637878 0.205462832 0)
(0.4077937529 0.205462832 0)
(0.4241412315 0.205462832 0)
(0.4409171664 0.205462832 0)
(0.4581327871 0.205462832 0)
(0.4757996177 0.205462832 0)
(0.4939294838 0.205462832 0)
(0.5125345214 0.205462832 0)
(0.5316271845 0.205462832 0)
(0.5512202532 0.205462832 0)
(0.571326843 0.205462832 0)
(0.5919604129 0.205462832 0)
(0.6131347746 0.205462832 0)
(0.634864102 0.205462832 0)
(0.6571629403 0.205462832 0)
(0.680046216 0.205462832 0)
(0.7035292468 0.205462832 0)
(0.7276277519 0.205462832 0)
(0.7523578625 0.205462832 0)
(0.7777361325 0.205462832 0)
(0.8037795497 0.205462832 0)
(0.8305055472 0.205462832 0)
(0.857932015 0.205462832 0)
(0.8860773118 0.205462832 0)
(0.9149602778 0.205462832 0)
(0.9446002467 0.205462832 0)
(0.9750170591 0.205462832 0)
(1.006231075 0.205462832 0)
(1.03826319 0.205462832 0)
(1.071134845 0.205462832 0)
(1.104868043 0.205462832 0)
(1.139485365 0.205462832 0)
(1.175009984 0.205462832 0)
(1.21146568 0.205462832 0)
(1.248876854 0.205462832 0)
(1.287268549 0.205462832 0)
(1.326666465 0.205462832 0)
(1.367096974 0.205462832 0)
(1.408587139 0.205462832 0)
(1.451164732 0.205462832 0)
(1.494858256 0.205462832 0)
(1.539696957 0.205462832 0)
(1.58571085 0.205462832 0)
(1.632930737 0.205462832 0)
(1.681388224 0.205462832 0)
(1.731115749 0.205462832 0)
(1.782146599 0.205462832 0)
(1.834514932 0.205462832 0)
(1.888255804 0.205462832 0)
(1.943405188 0.205462832 0)
(2 0.205462832 0)
(0.005659481181 0.2179027529 0)
(0.01146729352 0.2179027529 0)
(0.01742732468 0.2179027529 0)
(0.02354356421 0.2179027529 0)
(0.02982010622 0.2179027529 0)
(0.03626115215 0.2179027529 0)
(0.04287101351 0.2179027529 0)
(0.04965411485 0.2179027529 0)
(0.05661499667 0.2179027529 0)
(0.06375831848 0.2179027529 0)
(0.0710888619 0.2179027529 0)
(0.07861153389 0.2179027529 0)
(0.08633137 0.2179027529 0)
(0.09425353778 0.2179027529 0)
(0.1023833402 0.2179027529 0)
(0.1107262192 0.2179027529 0)
(0.1192877594 0.2179027529 0)
(0.1280736918 0.2179027529 0)
(0.1370898975 0.2179027529 0)
(0.1463424118 0.2179027529 0)
(0.1558374283 0.2179027529 0)
(0.1655813027 0.2179027529 0)
(0.1755805574 0.2179027529 0)
(0.1858418858 0.2179027529 0)
(0.1963721566 0.2179027529 0)
(0.2071784187 0.2179027529 0)
(0.2182679056 0.2179027529 0)
(0.2296480404 0.2179027529 0)
(0.2413264408 0.2179027529 0)
(0.2533109242 0.2179027529 0)
(0.2656095127 0.2179027529 0)
(0.2782304389 0.2179027529 0)
(0.291182151 0.2179027529 0)
(0.3044733187 0.2179027529 0)
(0.3181128388 0.2179027529 0)
(0.3321098415 0.2179027529 0)
(0.3464736962 0.2179027529 0)
(0.3612140177 0.2179027529 0)
(0.3763406731 0.2179027529 0)
(0.3918637878 0.2179027529 0)
(0.4077937529 0.2179027529 0)
(0.4241412315 0.2179027529 0)
(0.4409171664 0.2179027529 0)
(0.4581327871 0.2179027529 0)
(0.4757996177 0.2179027529 0)
(0.4939294838 0.2179027529 0)
(0.5125345214 0.2179027529 0)
(0.5316271845 0.2179027529 0)
(0.5512202532 0.2179027529 0)
(0.571326843 0.2179027529 0)
(0.5919604129 0.2179027529 0)
(0.6131347746 0.2179027529 0)
(0.634864102 0.2179027529 0)
(0.6571629403 0.2179027529 0)
(0.680046216 0.2179027529 0)
(0.7035292468 0.2179027529 0)
(0.7276277519 0.2179027529 0)
(0.7523578625 0.2179027529 0)
(0.7777361325 0.2179027529 0)
(0.8037795497 0.2179027529 0)
(0.8305055472 0.2179027529 0)
(0.857932015 0.2179027529 0)
(0.8860773118 0.2179027529 0)
(0.9149602778 0.2179027529 0)
(0.9446002467 0.2179027529 0)
(0.9750170591 0.2179027529 0)
(1.006231075 0.2179027529 0)
(1.03826319 0.2179027529 0)
(1.071134845 0.2179027529 0)
(1.104868043 0.2179027529 0)
(1.139485365 0.2179027529 0)
(1.175009984 0.2179027529 0)
(1.21146568 0.2179027529 0)
(1.248876854 0.2179027529 0)
(1.287268549 0.2179027529 0)
(1.326666465 0.2179027529 0)
(1.367096974 0.2179027529 0)
(1.408587139 0.2179027529 0)
(1.451164732 0.2179027529 0)
(1.494858256 0.2179027529 0)
(1.539696957 0.2179027529 0)
(1.58571085 0.2179027529 0)
(1.632930737 0.2179027529 0)
(1.681388224 0.2179027529 0)
(1.731115749 0.2179027529 0)
(1.782146599 0.2179027529 0)
(1.834514932 0.2179027529 0)
(1.888255804 0.2179027529 0)
(1.943405188 0.2179027529 0)
(2 0.2179027529 0)
(0.005659481181 0.2307105916 0)
(0.01146729352 0.2307105916 0)
(0.01742732468 0.2307105916 0)
(0.02354356421 0.2307105916 0)
(0.02982010622 0.2307105916 0)
(0.03626115215 0.2307105916 0)
(0.04287101351 0.2307105916 0)
(0.04965411485 0.2307105916 0)
(0.05661499667 0.2307105916 0)
(0.06375831848 0.2307105916 0)
(0.0710888619 0.2307105916 0)
(0.07861153389 0.2307105916 0)
(0.08633137 0.2307105916 0)
(0.09425353778 0.2307105916 0)
(0.1023833402 0.2307105916 0)
(0.1107262192 0.2307105916 0)
(0.1192877594 0.2307105916 0)
(0.1280736918 0.2307105916 0)
(0.1370898975 0.2307105916 0)
(0.1463424118 0.2307105916 0)
(0.1558374283 0.2307105916 0)
(0.1655813027 0.2307105916 0)
(0.1755805574 0.2307105916 0)
(0.1858418858 0.2307105916 0)
(0.1963721566 0.2307105916 0)
(0.2071784187 0.2307105916 0)
(0.2182679056 0.2307105916 0)
(0.2296480404 0.2307105916 0)
(0.2413264408 0.2307105916 0)
(0.2533109242 0.2307105916 0)
(0.2656095127 0.2307105916 0)
(0.2782304389 0.2307105916 0)
(0.291182151 0.2307105916 0)
(0.3044733187 0.2307105916 0)
(0.3181128388 0.2307105916 0)
(0.3321098415 0.2307105916 0)
(0.3464736962 0.2307105916 0)
(0.3612140177 0.2307105916 0)
(0.3763406731 0.2307105916 0)
(0.3918637878 0.2307105916 0)
(0.4077937529 0.2307105916 0)
(0.4241412315 0.2307105916 0)
(0.4409171664 0.2307105916 0)
(0.4581327871 0.2307105916 0)
(0.4757996177 0.2307105916 0)
(0.4939294838 0.2307105916 0)
(0.5125345214 0.2307105916 0)
(0.5316271845 0.2307105916 0)
(0.5512202532 0.2307105916 0)
(0.571326843 0.2307105916 0)
(0.5919604129 0.2307105916 0)
(0.6131347746 0.2307105916 0)
(0.634864102 0.2307105916 0)
(0.6571629403 0.2307105916 0)
(0.680046216 0.2307105916 0)
(0.7035292468 0.2307105916 0)
(0.7276277519 0.2307105916 0)
(0.7523578625 0.2307105916 0)
(0.7777361325 0.2307105916 0)
(0.8037795497 0.2307105916 0)
(0.8305055472 0.2307105916 0)
(0.857932015 0.2307105916 0)
(0.8860773118 0.2307105916 0)
(0.9149602778 0.2307105916 0)
(0.9446002467 0.2307105916 0)
(0.9750170591 0.2307105916 0)
(1.006231075 0.2307105916 0)
(1.03826319 0.2307105916 0)
(1.071134845 0.2307105916 0)
(1.104868043 0.2307105916 0)
(1.139485365 0.2307105916 0)
(1.175009984 0.2307105916 0)
(1.21146568 0.2307105916 0)
(1.248876854 0.2307105916 0)
(1.287268549 0.2307105916 0)
(1.326666465 0.2307105916 0)
(1.367096974 0.2307105916 0)
(1.408587139 0.2307105916 0)
(1.451164732 0.2307105916 0)
(1.494858256 0.2307105916 0)
(1.539696957 0.2307105916 0)
(1.58571085 0.2307105916 0)
(1.632930737 0.2307105916 0)
(1.681388224 0.2307105916 0)
(1.731115749 0.2307105916 0)
(1.782146599 0.2307105916 0)
(1.834514932 0.2307105916 0)
(1.888255804 0.2307105916 0)
(1.943405188 0.2307105916 0)
(2 0.2307105916 0)
(0.005659481181 0.2438972293 0)
(0.01146729352 0.2438972293 0)
(0.01742732468 0.2438972293 0)
(0.02354356421 0.2438972293 0)
(0.02982010622 0.2438972293 0)
(0.03626115215 0.2438972293 0)
(0.04287101351 0.2438972293 0)
(0.04965411485 0.2438972293 0)
(0.05661499667 0.2438972293 0)
(0.06375831848 0.2438972293 0)
(0.0710888619 0.2438972293 0)
(0.07861153389 0.2438972293 0)
(0.08633137 0.2438972293 0)
(0.09425353778 0.2438972293 0)
(0.1023833402 0.2438972293 0)
(0.1107262192 0.2438972293 0)
(0.1192877594 0.2438972293 0)
(0.1280736918 0.2438972293 0)
(0.1370898975 0.2438972293 0)
(0.1463424118 0.2438972293 0)
(0.1558374283 0.2438972293 0)
(0.1655813027 0.2438972293 0)
(0.1755805574 0.2438972293 0)
(0.1858418858 0.2438972293 0)
(0.1963721566 0.2438972293 0)
(0.2071784187 0.2438972293 0)
(0.2182679056 0.2438972293 0)
(0.2296480404 0.2438972293 0)
(0.2413264408 0.2438972293 0)
(0.2533109242 0.2438972293 0)
(0.2656095127 0.2438972293 0)
(0.2782304389 0.2438972293 0)
(0.291182151 0.2438972293 0)
(0.3044733187 0.2438972293 0)
(0.3181128388 0.2438972293 0)
(0.3321098415 0.2438972293 0)
(0.3464736962 0.2438972293 0)
(0.3612140177 0.2438972293 0)
(0.3763406731 0.2438972293 0)
(0.3918637878 0.2438972293 0)
(0.4077937529 0.2438972293 0)
(0.4241412315 0.2438972293 0)
(0.4409171664 0.2438972293 0)
(0.4581327871 0.2438972293 0)
(0.4757996177 0.2438972293 0)
(0.4939294838 0.2438972293 0)
(0.5125345214 0.2438972293 0)
(0.5316271845 0.2438972293 0)
(0.5512202532 0.2438972293 0)
(0.571326843 0.2438972293 0)
(0.5919604129 0.2438972293 0)
(0.6131347746 0.2438972293 0)
(0.634864102 0.2438972293 0)
(0.6571629403 0.2438972293 0)
(0.680046216 0.2438972293 0)
(0.7035292468 0.2438972293 0)
(0.7276277519 0.2438972293 0)
(0.7523578625 0.2438972293 0)
(0.7777361325 0.2438972293 0)
(0.8037795497 0.2438972293 0)
(0.8305055472 0.2438972293 0)
(0.857932015 0.2438972293 0)
(0.8860773118 0.2438972293 0)
(0.9149602778 0.2438972293 0)
(0.9446002467 0.2438972293 0)
(0.9750170591 0.2438972293 0)
(1.006231075 0.2438972293 0)
(1.03826319 0.2438972293 0)
(1.071134845 0.2438972293 0)
(1.104868043 0.2438972293 0)
(1.139485365 0.2438972293 0)
(1.175009984 0.2438972293 0)
(1.21146568 0.2438972293 0)
(1.248876854 0.2438972293 0)
(1.287268549 0.2438972293 0)
(1.326666465 0.2438972293 0)
(1.367096974 0.2438972293 0)
(1.408587139 0.2438972293 0)
(1.451164732 0.2438972293 0)
(1.494858256 0.2438972293 0)
(1.539696957 0.2438972293 0)
(1.58571085 0.2438972293 0)
(1.632930737 0.2438972293 0)
(1.681388224 0.2438972293 0)
(1.731115749 0.2438972293 0)
(1.782146599 0.2438972293 0)
(1.834514932 0.2438972293 0)
(1.888255804 0.2438972293 0)
(1.943405188 0.2438972293 0)
(2 0.2438972293 0)
(0.005659481181 0.2574738693 0)
(0.01146729352 0.2574738693 0)
(0.01742732468 0.2574738693 0)
(0.02354356421 0.2574738693 0)
(0.02982010622 0.2574738693 0)
(0.03626115215 0.2574738693 0)
(0.04287101351 0.2574738693 0)
(0.04965411485 0.2574738693 0)
(0.05661499667 0.2574738693 0)
(0.06375831848 0.2574738693 0)
(0.0710888619 0.2574738693 0)
(0.07861153389 0.2574738693 0)
(0.08633137 0.2574738693 0)
(0.09425353778 0.2574738693 0)
(0.1023833402 0.2574738693 0)
(0.1107262192 0.2574738693 0)
(0.1192877594 0.2574738693 0)
(0.1280736918 0.2574738693 0)
(0.1370898975 0.2574738693 0)
(0.1463424118 0.2574738693 0)
(0.1558374283 0.2574738693 0)
(0.1655813027 0.2574738693 0)
(0.1755805574 0.2574738693 0)
(0.1858418858 0.2574738693 0)
(0.1963721566 0.2574738693 0)
(0.2071784187 0.2574738693 0)
(0.2182679056 0.2574738693 0)
(0.2296480404 0.2574738693 0)
(0.2413264408 0.2574738693 0)
(0.2533109242 0.2574738693 0)
(0.2656095127 0.2574738693 0)
(0.2782304389 0.2574738693 0)
(0.291182151 0.2574738693 0)
(0.3044733187 0.2574738693 0)
(0.3181128388 0.2574738693 0)
(0.3321098415 0.2574738693 0)
(0.3464736962 0.2574738693 0)
(0.3612140177 0.2574738693 0)
(0.3763406731 0.2574738693 0)
(0.3918637878 0.2574738693 0)
(0.4077937529 0.2574738693 0)
(0.4241412315 0.2574738693 0)
(0.4409171664 0.2574738693 0)
(0.4581327871 0.2574738693 0)
(0.4757996177 0.2574738693 0)
(0.4939294838 0.2574738693 0)
(0.5125345214 0.2574738693 0)
(0.5316271845 0.2574738693 0)
(0.5512202532 0.2574738693 0)
(0.571326843 0.2574738693 0)
(0.5919604129 0.2574738693 0)
(0.6131347746 0.2574738693 0)
(0.634864102 0.2574738693 0)
(0.6571629403 0.2574738693 0)
(0.680046216 0.2574738693 0)
(0.7035292468 0.2574738693 0)
(0.7276277519 0.2574738693 0)
(0.7523578625 0.2574738693 0)
(0.7777361325 0.2574738693 0)
(0.8037795497 0.2574738693 0)
(0.8305055472 0.2574738693 0)
(0.857932015 0.2574738693 0)
(0.8860773118 0.2574738693 0)
(0.9149602778 0.2574738693 0)
(0.9446002467 0.2574738693 0)
(0.9750170591 0.2574738693 0)
(1.006231075 0.2574738693 0)
(1.03826319 0.2574738693 0)
(1.071134845 0.2574738693 0)
(1.104868043 0.2574738693 0)
(1.139485365 0.2574738693 0)
(1.175009984 0.2574738693 0)
(1.21146568 0.2574738693 0)
(1.248876854 0.2574738693 0)
(1.287268549 0.2574738693 0)
(1.326666465 0.2574738693 0)
(1.367096974 0.2574738693 0)
(1.408587139 0.2574738693 0)
(1.451164732 0.2574738693 0)
(1.494858256 0.2574738693 0)
(1.539696957 0.2574738693 0)
(1.58571085 0.2574738693 0)
(1.632930737 0.2574738693 0)
(1.681388224 0.2574738693 0)
(1.731115749 0.2574738693 0)
(1.782146599 0.2574738693 0)
(1.834514932 0.2574738693 0)
(1.888255804 0.2574738693 0)
(1.943405188 0.2574738693 0)
(2 0.2574738693 0)
(0.005659481181 0.2714520462 0)
(0.01146729352 0.2714520462 0)
(0.01742732468 0.2714520462 0)
(0.02354356421 0.2714520462 0)
(0.02982010622 0.2714520462 0)
(0.03626115215 0.2714520462 0)
(0.04287101351 0.2714520462 0)
(0.04965411485 0.2714520462 0)
(0.05661499667 0.2714520462 0)
(0.06375831848 0.2714520462 0)
(0.0710888619 0.2714520462 0)
(0.07861153389 0.2714520462 0)
(0.08633137 0.2714520462 0)
(0.09425353778 0.2714520462 0)
(0.1023833402 0.2714520462 0)
(0.1107262192 0.2714520462 0)
(0.1192877594 0.2714520462 0)
(0.1280736918 0.2714520462 0)
(0.1370898975 0.2714520462 0)
(0.1463424118 0.2714520462 0)
(0.1558374283 0.2714520462 0)
(0.1655813027 0.2714520462 0)
(0.1755805574 0.2714520462 0)
(0.1858418858 0.2714520462 0)
(0.1963721566 0.2714520462 0)
(0.2071784187 0.2714520462 0)
(0.2182679056 0.2714520462 0)
(0.2296480404 0.2714520462 0)
(0.2413264408 0.2714520462 0)
(0.2533109242 0.2714520462 0)
(0.2656095127 0.2714520462 0)
(0.2782304389 0.2714520462 0)
(0.291182151 0.2714520462 0)
(0.3044733187 0.2714520462 0)
(0.3181128388 0.2714520462 0)
(0.3321098415 0.2714520462 0)
(0.3464736962 0.2714520462 0)
(0.3612140177 0.2714520462 0)
(0.3763406731 0.2714520462 0)
(0.3918637878 0.2714520462 0)
(0.4077937529 0.2714520462 0)
(0.4241412315 0.2714520462 0)
(0.4409171664 0.2714520462 0)
(0.4581327871 0.2714520462 0)
(0.4757996177 0.2714520462 0)
(0.4939294838 0.2714520462 0)
(0.5125345214 0.2714520462 0)
(0.5316271845 0.2714520462 0)
(0.5512202532 0.2714520462 0)
(0.571326843 0.2714520462 0)
(0.5919604129 0.2714520462 0)
(0.6131347746 0.2714520462 0)
(0.634864102 0.2714520462 0)
(0.6571629403 0.2714520462 0)
(0.680046216 0.2714520462 0)
(0.7035292468 0.2714520462 0)
(0.7276277519 0.2714520462 0)
(0.7523578625 0.2714520462 0)
(0.7777361325 0.2714520462 0)
(0.8037795497 0.2714520462 0)
(0.8305055472 0.2714520462 0)
(0.857932015 0.2714520462 0)
(0.8860773118 0.2714520462 0)
(0.9149602778 0.2714520462 0)
(0.9446002467 0.2714520462 0)
(0.9750170591 0.2714520462 0)
(1.006231075 0.2714520462 0)
(1.03826319 0.2714520462 0)
(1.071134845 0.2714520462 0)
(1.104868043 0.2714520462 0)
(1.139485365 0.2714520462 0)
(1.175009984 0.2714520462 0)
(1.21146568 0.2714520462 0)
(1.248876854 0.2714520462 0)
(1.287268549 0.2714520462 0)
(1.326666465 0.2714520462 0)
(1.367096974 0.2714520462 0)
(1.408587139 0.2714520462 0)
(1.451164732 0.2714520462 0)
(1.494858256 0.2714520462 0)
(1.539696957 0.2714520462 0)
(1.58571085 0.2714520462 0)
(1.632930737 0.2714520462 0)
(1.681388224 0.2714520462 0)
(1.731115749 0.2714520462 0)
(1.782146599 0.2714520462 0)
(1.834514932 0.2714520462 0)
(1.888255804 0.2714520462 0)
(1.943405188 0.2714520462 0)
(2 0.2714520462 0)
(0.005659481181 0.2858436356 0)
(0.01146729352 0.2858436356 0)
(0.01742732468 0.2858436356 0)
(0.02354356421 0.2858436356 0)
(0.02982010622 0.2858436356 0)
(0.03626115215 0.2858436356 0)
(0.04287101351 0.2858436356 0)
(0.04965411485 0.2858436356 0)
(0.05661499667 0.2858436356 0)
(0.06375831848 0.2858436356 0)
(0.0710888619 0.2858436356 0)
(0.07861153389 0.2858436356 0)
(0.08633137 0.2858436356 0)
(0.09425353778 0.2858436356 0)
(0.1023833402 0.2858436356 0)
(0.1107262192 0.2858436356 0)
(0.1192877594 0.2858436356 0)
(0.1280736918 0.2858436356 0)
(0.1370898975 0.2858436356 0)
(0.1463424118 0.2858436356 0)
(0.1558374283 0.2858436356 0)
(0.1655813027 0.2858436356 0)
(0.1755805574 0.2858436356 0)
(0.1858418858 0.2858436356 0)
(0.1963721566 0.2858436356 0)
(0.2071784187 0.2858436356 0)
(0.2182679056 0.2858436356 0)
(0.2296480404 0.2858436356 0)
(0.2413264408 0.2858436356 0)
(0.2533109242 0.2858436356 0)
(0.2656095127 0.2858436356 0)
(0.2782304389 0.2858436356 0)
(0.291182151 0.2858436356 0)
(0.3044733187 0.2858436356 0)
(0.3181128388 0.2858436356 0)
(0.3321098415 0.2858436356 0)
(0.3464736962 0.2858436356 0)
(0.3612140177 0.2858436356 0)
(0.3763406731 0.2858436356 0)
(0.3918637878 0.2858436356 0)
(0.4077937529 0.2858436356 0)
(0.4241412315 0.2858436356 0)
(0.4409171664 0.2858436356 0)
(0.4581327871 0.2858436356 0)
(0.4757996177 0.2858436356 0)
(0.4939294838 0.2858436356 0)
(0.5125345214 0.2858436356 0)
(0.5316271845 0.2858436356 0)
(0.5512202532 0.2858436356 0)
(0.571326843 0.2858436356 0)
(0.5919604129 0.2858436356 0)
(0.6131347746 0.2858436356 0)
(0.634864102 0.2858436356 0)
(0.6571629403 0.2858436356 0)
(0.680046216 0.2858436356 0)
(0.7035292468 0.2858436356 0)
(0.7276277519 0.2858436356 0)
(0.7523578625 0.2858436356 0)
(0.7777361325 0.2858436356 0)
(0.8037795497 0.2858436356 0)
(0.8305055472 0.2858436356 0)
(0.857932015 0.2858436356 0)
(0.8860773118 0.2858436356 0)
(0.9149602778 0.2858436356 0)
(0.9446002467 0.2858436356 0)
(0.9750170591 0.2858436356 0)
(1.006231075 0.2858436356 0)
(1.03826319 0.2858436356 0)
(1.071134845 0.2858436356 0)
(1.104868043 0.2858436356 0)
(1.139485365 0.2858436356 0)
(1.175009984 0.2858436356 0)
(1.21146568 0.2858436356 0)
(1.248876854 0.2858436356 0)
(1.287268549 0.2858436356 0)
(1.326666465 0.2858436356 0)
(1.367096974 0.2858436356 0)
(1.408587139 0.2858436356 0)
(1.451164732 0.2858436356 0)
(1.494858256 0.2858436356 0)
(1.539696957 0.2858436356 0)
(1.58571085 0.2858436356 0)
(1.632930737 0.2858436356 0)
(1.681388224 0.2858436356 0)
(1.731115749 0.2858436356 0)
(1.782146599 0.2858436356 0)
(1.834514932 0.2858436356 0)
(1.888255804 0.2858436356 0)
(1.943405188 0.2858436356 0)
(2 0.2858436356 0)
(0.005659481181 0.3006608644 0)
(0.01146729352 0.3006608644 0)
(0.01742732468 0.3006608644 0)
(0.02354356421 0.3006608644 0)
(0.02982010622 0.3006608644 0)
(0.03626115215 0.3006608644 0)
(0.04287101351 0.3006608644 0)
(0.04965411485 0.3006608644 0)
(0.05661499667 0.3006608644 0)
(0.06375831848 0.3006608644 0)
(0.0710888619 0.3006608644 0)
(0.07861153389 0.3006608644 0)
(0.08633137 0.3006608644 0)
(0.09425353778 0.3006608644 0)
(0.1023833402 0.3006608644 0)
(0.1107262192 0.3006608644 0)
(0.1192877594 0.3006608644 0)
(0.1280736918 0.3006608644 0)
(0.1370898975 0.3006608644 0)
(0.1463424118 0.3006608644 0)
(0.1558374283 0.3006608644 0)
(0.1655813027 0.3006608644 0)
(0.1755805574 0.3006608644 0)
(0.1858418858 0.3006608644 0)
(0.1963721566 0.3006608644 0)
(0.2071784187 0.3006608644 0)
(0.2182679056 0.3006608644 0)
(0.2296480404 0.3006608644 0)
(0.2413264408 0.3006608644 0)
(0.2533109242 0.3006608644 0)
(0.2656095127 0.3006608644 0)
(0.2782304389 0.3006608644 0)
(0.291182151 0.3006608644 0)
(0.3044733187 0.3006608644 0)
(0.3181128388 0.3006608644 0)
(0.3321098415 0.3006608644 0)
(0.3464736962 0.3006608644 0)
(0.3612140177 0.3006608644 0)
(0.3763406731 0.3006608644 0)
(0.3918637878 0.3006608644 0)
(0.4077937529 0.3006608644 0)
(0.4241412315 0.3006608644 0)
(0.4409171664 0.3006608644 0)
(0.4581327871 0.3006608644 0)
(0.4757996177 0.3006608644 0)
(0.4939294838 0.3006608644 0)
(0.5125345214 0.3006608644 0)
(0.5316271845 0.3006608644 0)
(0.5512202532 0.3006608644 0)
(0.571326843 0.3006608644 0)
(0.5919604129 0.3006608644 0)
(0.6131347746 0.3006608644 0)
(0.634864102 0.3006608644 0)
(0.6571629403 0.3006608644 0)
(0.680046216 0.3006608644 0)
(0.7035292468 0.3006608644 0)
(0.7276277519 0.3006608644 0)
(0.7523578625 0.3006608644 0)
(0.7777361325 0.3006608644 0)
(0.8037795497 0.3006608644 0)
(0.8305055472 0.3006608644 0)
(0.857932015 0.3006608644 0)
(0.8860773118 0.3006608644 0)
(0.9149602778 0.3006608644 0)
(0.9446002467 0.3006608644 0)
(0.9750170591 0.3006608644 0)
(1.006231075 0.3006608644 0)
(1.03826319 0.3006608644 0)
(1.071134845 0.3006608644 0)
(1.104868043 0.3006608644 0)
(1.139485365 0.3006608644 0)
(1.175009984 0.3006608644 0)
(1.21146568 0.3006608644 0)
(1.248876854 0.3006608644 0)
(1.287268549 0.3006608644 0)
(1.326666465 0.3006608644 0)
(1.367096974 0.3006608644 0)
(1.408587139 0.3006608644 0)
(1.451164732 0.3006608644 0)
(1.494858256 0.3006608644 0)
(1.539696957 0.3006608644 0)
(1.58571085 0.3006608644 0)
(1.632930737 0.3006608644 0)
(1.681388224 0.3006608644 0)
(1.731115749 0.3006608644 0)
(1.782146599 0.3006608644 0)
(1.834514932 0.3006608644 0)
(1.888255804 0.3006608644 0)
(1.943405188 0.3006608644 0)
(2 0.3006608644 0)
(0.005659481181 0.3159163211 0)
(0.01146729352 0.3159163211 0)
(0.01742732468 0.3159163211 0)
(0.02354356421 0.3159163211 0)
(0.02982010622 0.3159163211 0)
(0.03626115215 0.3159163211 0)
(0.04287101351 0.3159163211 0)
(0.04965411485 0.3159163211 0)
(0.05661499667 0.3159163211 0)
(0.06375831848 0.3159163211 0)
(0.0710888619 0.3159163211 0)
(0.07861153389 0.3159163211 0)
(0.08633137 0.3159163211 0)
(0.09425353778 0.3159163211 0)
(0.1023833402 0.3159163211 0)
(0.1107262192 0.3159163211 0)
(0.1192877594 0.3159163211 0)
(0.1280736918 0.3159163211 0)
(0.1370898975 0.3159163211 0)
(0.1463424118 0.3159163211 0)
(0.1558374283 0.3159163211 0)
(0.1655813027 0.3159163211 0)
(0.1755805574 0.3159163211 0)
(0.1858418858 0.3159163211 0)
(0.1963721566 0.3159163211 0)
(0.2071784187 0.3159163211 0)
(0.2182679056 0.3159163211 0)
(0.2296480404 0.3159163211 0)
(0.2413264408 0.3159163211 0)
(0.2533109242 0.3159163211 0)
(0.2656095127 0.3159163211 0)
(0.2782304389 0.3159163211 0)
(0.291182151 0.3159163211 0)
(0.3044733187 0.3159163211 0)
(0.3181128388 0.3159163211 0)
(0.3321098415 0.3159163211 0)
(0.3464736962 0.3159163211 0)
(0.3612140177 0.3159163211 0)
(0.3763406731 0.3159163211 0)
(0.3918637878 0.3159163211 0)
(0.4077937529 0.3159163211 0)
(0.4241412315 0.3159163211 0)
(0.4409171664 0.3159163211 0)
(0.4581327871 0.3159163211 0)
(0.4757996177 0.3159163211 0)
(0.4939294838 0.3159163211 0)
(0.5125345214 0.3159163211 0)
(0.5316271845 0.3159163211 0)
(0.5512202532 0.3159163211 0)
(0.571326843 0.3159163211 0)
(0.5919604129 0.3159163211 0)
(0.6131347746 0.3159163211 0)
(0.634864102 0.3159163211 0)
(0.6571629403 0.3159163211 0)
(0.680046216 0.3159163211 0)
(0.7035292468 0.3159163211 0)
(0.7276277519 0.3159163211 0)
(0.7523578625 0.3159163211 0)
(0.7777361325 0.3159163211 0)
(0.8037795497 0.3159163211 0)
(0.8305055472 0.3159163211 0)
(0.857932015 0.3159163211 0)
(0.8860773118 0.3159163211 0)
(0.9149602778 0.3159163211 0)
(0.9446002467 0.3159163211 0)
(0.9750170591 0.3159163211 0)
(1.006231075 0.3159163211 0)
(1.03826319 0.3159163211 0)
(1.071134845 0.3159163211 0)
(1.104868043 0.3159163211 0)
(1.139485365 0.3159163211 0)
(1.175009984 0.3159163211 0)
(1.21146568 0.3159163211 0)
(1.248876854 0.3159163211 0)
(1.287268549 0.3159163211 0)
(1.326666465 0.3159163211 0)
(1.367096974 0.3159163211 0)
(1.408587139 0.3159163211 0)
(1.451164732 0.3159163211 0)
(1.494858256 0.3159163211 0)
(1.539696957 0.3159163211 0)
(1.58571085 0.3159163211 0)
(1.632930737 0.3159163211 0)
(1.681388224 0.3159163211 0)
(1.731115749 0.3159163211 0)
(1.782146599 0.3159163211 0)
(1.834514932 0.3159163211 0)
(1.888255804 0.3159163211 0)
(1.943405188 0.3159163211 0)
(2 0.3159163211 0)
(0.005659481181 0.3316229666 0)
(0.01146729352 0.3316229666 0)
(0.01742732468 0.3316229666 0)
(0.02354356421 0.3316229666 0)
(0.02982010622 0.3316229666 0)
(0.03626115215 0.3316229666 0)
(0.04287101351 0.3316229666 0)
(0.04965411485 0.3316229666 0)
(0.05661499667 0.3316229666 0)
(0.06375831848 0.3316229666 0)
(0.0710888619 0.3316229666 0)
(0.07861153389 0.3316229666 0)
(0.08633137 0.3316229666 0)
(0.09425353778 0.3316229666 0)
(0.1023833402 0.3316229666 0)
(0.1107262192 0.3316229666 0)
(0.1192877594 0.3316229666 0)
(0.1280736918 0.3316229666 0)
(0.1370898975 0.3316229666 0)
(0.1463424118 0.3316229666 0)
(0.1558374283 0.3316229666 0)
(0.1655813027 0.3316229666 0)
(0.1755805574 0.3316229666 0)
(0.1858418858 0.3316229666 0)
(0.1963721566 0.3316229666 0)
(0.2071784187 0.3316229666 0)
(0.2182679056 0.3316229666 0)
(0.2296480404 0.3316229666 0)
(0.2413264408 0.3316229666 0)
(0.2533109242 0.3316229666 0)
(0.2656095127 0.3316229666 0)
(0.2782304389 0.3316229666 0)
(0.291182151 0.3316229666 0)
(0.3044733187 0.3316229666 0)
(0.3181128388 0.3316229666 0)
(0.3321098415 0.3316229666 0)
(0.3464736962 0.3316229666 0)
(0.3612140177 0.3316229666 0)
(0.3763406731 0.3316229666 0)
(0.3918637878 0.3316229666 0)
(0.4077937529 0.3316229666 0)
(0.4241412315 0.3316229666 0)
(0.4409171664 0.3316229666 0)
(0.4581327871 0.3316229666 0)
(0.4757996177 0.3316229666 0)
(0.4939294838 0.3316229666 0)
(0.5125345214 0.3316229666 0)
(0.5316271845 0.3316229666 0)
(0.5512202532 0.3316229666 0)
(0.571326843 0.3316229666 0)
(0.5919604129 0.3316229666 0)
(0.6131347746 0.3316229666 0)
(0.634864102 0.3316229666 0)
(0.6571629403 0.3316229666 0)
(0.680046216 0.3316229666 0)
(0.7035292468 0.3316229666 0)
(0.7276277519 0.3316229666 0)
(0.7523578625 0.3316229666 0)
(0.7777361325 0.3316229666 0)
(0.8037795497 0.3316229666 0)
(0.8305055472 0.3316229666 0)
(0.857932015 0.3316229666 0)
(0.8860773118 0.3316229666 0)
(0.9149602778 0.3316229666 0)
(0.9446002467 0.3316229666 0)
(0.9750170591 0.3316229666 0)
(1.006231075 0.3316229666 0)
(1.03826319 0.3316229666 0)
(1.071134845 0.3316229666 0)
(1.104868043 0.3316229666 0)
(1.139485365 0.3316229666 0)
(1.175009984 0.3316229666 0)
(1.21146568 0.3316229666 0)
(1.248876854 0.3316229666 0)
(1.287268549 0.3316229666 0)
(1.326666465 0.3316229666 0)
(1.367096974 0.3316229666 0)
(1.408587139 0.3316229666 0)
(1.451164732 0.3316229666 0)
(1.494858256 0.3316229666 0)
(1.539696957 0.3316229666 0)
(1.58571085 0.3316229666 0)
(1.632930737 0.3316229666 0)
(1.681388224 0.3316229666 0)
(1.731115749 0.3316229666 0)
(1.782146599 0.3316229666 0)
(1.834514932 0.3316229666 0)
(1.888255804 0.3316229666 0)
(1.943405188 0.3316229666 0)
(2 0.3316229666 0)
(0.005659481181 0.3477941451 0)
(0.01146729352 0.3477941451 0)
(0.01742732468 0.3477941451 0)
(0.02354356421 0.3477941451 0)
(0.02982010622 0.3477941451 0)
(0.03626115215 0.3477941451 0)
(0.04287101351 0.3477941451 0)
(0.04965411485 0.3477941451 0)
(0.05661499667 0.3477941451 0)
(0.06375831848 0.3477941451 0)
(0.0710888619 0.3477941451 0)
(0.07861153389 0.3477941451 0)
(0.08633137 0.3477941451 0)
(0.09425353778 0.3477941451 0)
(0.1023833402 0.3477941451 0)
(0.1107262192 0.3477941451 0)
(0.1192877594 0.3477941451 0)
(0.1280736918 0.3477941451 0)
(0.1370898975 0.3477941451 0)
(0.1463424118 0.3477941451 0)
(0.1558374283 0.3477941451 0)
(0.1655813027 0.3477941451 0)
(0.1755805574 0.3477941451 0)
(0.1858418858 0.3477941451 0)
(0.1963721566 0.3477941451 0)
(0.2071784187 0.3477941451 0)
(0.2182679056 0.3477941451 0)
(0.2296480404 0.3477941451 0)
(0.2413264408 0.3477941451 0)
(0.2533109242 0.3477941451 0)
(0.2656095127 0.3477941451 0)
(0.2782304389 0.3477941451 0)
(0.291182151 0.3477941451 0)
(0.3044733187 0.3477941451 0)
(0.3181128388 0.3477941451 0)
(0.3321098415 0.3477941451 0)
(0.3464736962 0.3477941451 0)
(0.3612140177 0.3477941451 0)
(0.3763406731 0.3477941451 0)
(0.3918637878 0.3477941451 0)
(0.4077937529 0.3477941451 0)
(0.4241412315 0.3477941451 0)
(0.4409171664 0.3477941451 0)
(0.4581327871 0.3477941451 0)
(0.4757996177 0.3477941451 0)
(0.4939294838 0.3477941451 0)
(0.5125345214 0.3477941451 0)
(0.5316271845 0.3477941451 0)
(0.5512202532 0.3477941451 0)
(0.571326843 0.3477941451 0)
(0.5919604129 0.3477941451 0)
(0.6131347746 0.3477941451 0)
(0.634864102 0.3477941451 0)
(0.6571629403 0.3477941451 0)
(0.680046216 0.3477941451 0)
(0.7035292468 0.3477941451 0)
(0.7276277519 0.3477941451 0)
(0.7523578625 0.3477941451 0)
(0.7777361325 0.3477941451 0)
(0.8037795497 0.3477941451 0)
(0.8305055472 0.3477941451 0)
(0.857932015 0.3477941451 0)
(0.8860773118 0.3477941451 0)
(0.9149602778 0.3477941451 0)
(0.9446002467 0.3477941451 0)
(0.9750170591 0.3477941451 0)
(1.006231075 0.3477941451 0)
(1.03826319 0.3477941451 0)
(1.071134845 0.3477941451 0)
(1.104868043 0.3477941451 0)
(1.139485365 0.3477941451 0)
(1.175009984 0.3477941451 0)
(1.21146568 0.3477941451 0)
(1.248876854 0.3477941451 0)
(1.287268549 0.3477941451 0)
(1.326666465 0.3477941451 0)
(1.367096974 0.3477941451 0)
(1.408587139 0.3477941451 0)
(1.451164732 0.3477941451 0)
(1.494858256 0.3477941451 0)
(1.539696957 0.3477941451 0)
(1.58571085 0.3477941451 0)
(1.632930737 0.3477941451 0)
(1.681388224 0.3477941451 0)
(1.731115749 0.3477941451 0)
(1.782146599 0.3477941451 0)
(1.834514932 0.3477941451 0)
(1.888255804 0.3477941451 0)
(1.943405188 0.3477941451 0)
(2 0.3477941451 0)
(0.005659481181 0.3644435954 0)
(0.01146729352 0.3644435954 0)
(0.01742732468 0.3644435954 0)
(0.02354356421 0.3644435954 0)
(0.02982010622 0.3644435954 0)
(0.03626115215 0.3644435954 0)
(0.04287101351 0.3644435954 0)
(0.04965411485 0.3644435954 0)
(0.05661499667 0.3644435954 0)
(0.06375831848 0.3644435954 0)
(0.0710888619 0.3644435954 0)
(0.07861153389 0.3644435954 0)
(0.08633137 0.3644435954 0)
(0.09425353778 0.3644435954 0)
(0.1023833402 0.3644435954 0)
(0.1107262192 0.3644435954 0)
(0.1192877594 0.3644435954 0)
(0.1280736918 0.3644435954 0)
(0.1370898975 0.3644435954 0)
(0.1463424118 0.3644435954 0)
(0.1558374283 0.3644435954 0)
(0.1655813027 0.3644435954 0)
(0.1755805574 0.3644435954 0)
(0.1858418858 0.3644435954 0)
(0.1963721566 0.3644435954 0)
(0.2071784187 0.3644435954 0)
(0.2182679056 0.3644435954 0)
(0.2296480404 0.3644435954 0)
(0.2413264408 0.3644435954 0)
(0.2533109242 0.3644435954 0)
(0.2656095127 0.3644435954 0)
(0.2782304389 0.3644435954 0)
(0.291182151 0.3644435954 0)
(0.3044733187 0.3644435954 0)
(0.3181128388 0.3644435954 0)
(0.3321098415 0.3644435954 0)
(0.3464736962 0.3644435954 0)
(0.3612140177 0.3644435954 0)
(0.3763406731 0.3644435954 0)
(0.3918637878 0.3644435954 0)
(0.4077937529 0.3644435954 0)
(0.4241412315 0.3644435954 0)
(0.4409171664 0.3644435954 0)
(0.4581327871 0.3644435954 0)
(0.4757996177 0.3644435954 0)
(0.4939294838 0.3644435954 0)
(0.5125345214 0.3644435954 0)
(0.5316271845 0.3644435954 0)
(0.5512202532 0.3644435954 0)
(0.571326843 0.3644435954 0)
(0.5919604129 0.3644435954 0)
(0.6131347746 0.3644435954 0)
(0.634864102 0.3644435954 0)
(0.6571629403 0.3644435954 0)
(0.680046216 0.3644435954 0)
(0.7035292468 0.3644435954 0)
(0.7276277519 0.3644435954 0)
(0.7523578625 0.3644435954 0)
(0.7777361325 0.3644435954 0)
(0.8037795497 0.3644435954 0)
(0.8305055472 0.3644435954 0)
(0.857932015 0.3644435954 0)
(0.8860773118 0.3644435954 0)
(0.9149602778 0.3644435954 0)
(0.9446002467 0.3644435954 0)
(0.9750170591 0.3644435954 0)
(1.006231075 0.3644435954 0)
(1.03826319 0.3644435954 0)
(1.071134845 0.3644435954 0)
(1.104868043 0.3644435954 0)
(1.139485365 0.3644435954 0)
(1.175009984 0.3644435954 0)
(1.21146568 0.3644435954 0)
(1.248876854 0.3644435954 0)
(1.287268549 0.3644435954 0)
(1.326666465 0.3644435954 0)
(1.367096974 0.3644435954 0)
(1.408587139 0.3644435954 0)
(1.451164732 0.3644435954 0)
(1.494858256 0.3644435954 0)
(1.539696957 0.3644435954 0)
(1.58571085 0.3644435954 0)
(1.632930737 0.3644435954 0)
(1.681388224 0.3644435954 0)
(1.731115749 0.3644435954 0)
(1.782146599 0.3644435954 0)
(1.834514932 0.3644435954 0)
(1.888255804 0.3644435954 0)
(1.943405188 0.3644435954 0)
(2 0.3644435954 0)
(0.005659481181 0.3815854626 0)
(0.01146729352 0.3815854626 0)
(0.01742732468 0.3815854626 0)
(0.02354356421 0.3815854626 0)
(0.02982010622 0.3815854626 0)
(0.03626115215 0.3815854626 0)
(0.04287101351 0.3815854626 0)
(0.04965411485 0.3815854626 0)
(0.05661499667 0.3815854626 0)
(0.06375831848 0.3815854626 0)
(0.0710888619 0.3815854626 0)
(0.07861153389 0.3815854626 0)
(0.08633137 0.3815854626 0)
(0.09425353778 0.3815854626 0)
(0.1023833402 0.3815854626 0)
(0.1107262192 0.3815854626 0)
(0.1192877594 0.3815854626 0)
(0.1280736918 0.3815854626 0)
(0.1370898975 0.3815854626 0)
(0.1463424118 0.3815854626 0)
(0.1558374283 0.3815854626 0)
(0.1655813027 0.3815854626 0)
(0.1755805574 0.3815854626 0)
(0.1858418858 0.3815854626 0)
(0.1963721566 0.3815854626 0)
(0.2071784187 0.3815854626 0)
(0.2182679056 0.3815854626 0)
(0.2296480404 0.3815854626 0)
(0.2413264408 0.3815854626 0)
(0.2533109242 0.3815854626 0)
(0.2656095127 0.3815854626 0)
(0.2782304389 0.3815854626 0)
(0.291182151 0.3815854626 0)
(0.3044733187 0.3815854626 0)
(0.3181128388 0.3815854626 0)
(0.3321098415 0.3815854626 0)
(0.3464736962 0.3815854626 0)
(0.3612140177 0.3815854626 0)
(0.3763406731 0.3815854626 0)
(0.3918637878 0.3815854626 0)
(0.4077937529 0.3815854626 0)
(0.4241412315 0.3815854626 0)
(0.4409171664 0.3815854626 0)
(0.4581327871 0.3815854626 0)
(0.4757996177 0.3815854626 0)
(0.4939294838 0.3815854626 0)
(0.5125345214 0.3815854626 0)
(0.5316271845 0.3815854626 0)
(0.5512202532 0.3815854626 0)
(0.571326843 0.3815854626 0)
(0.5919604129 0.3815854626 0)
(0.6131347746 0.3815854626 0)
(0.634864102 0.3815854626 0)
(0.6571629403 0.3815854626 0)
(0.680046216 0.3815854626 0)
(0.7035292468 0.3815854626 0)
(0.7276277519 0.3815854626 0)
(0.7523578625 0.3815854626 0)
(0.7777361325 0.3815854626 0)
(0.8037795497 0.3815854626 0)
(0.8305055472 0.3815854626 0)
(0.857932015 0.3815854626 0)
(0.8860773118 0.3815854626 0)
(0.9149602778 0.3815854626 0)
(0.9446002467 0.3815854626 0)
(0.9750170591 0.3815854626 0)
(1.006231075 0.3815854626 0)
(1.03826319 0.3815854626 0)
(1.071134845 0.3815854626 0)
(1.104868043 0.3815854626 0)
(1.139485365 0.3815854626 0)
(1.175009984 0.3815854626 0)
(1.21146568 0.3815854626 0)
(1.248876854 0.3815854626 0)
(1.287268549 0.3815854626 0)
(1.326666465 0.3815854626 0)
(1.367096974 0.3815854626 0)
(1.408587139 0.3815854626 0)
(1.451164732 0.3815854626 0)
(1.494858256 0.3815854626 0)
(1.539696957 0.3815854626 0)
(1.58571085 0.3815854626 0)
(1.632930737 0.3815854626 0)
(1.681388224 0.3815854626 0)
(1.731115749 0.3815854626 0)
(1.782146599 0.3815854626 0)
(1.834514932 0.3815854626 0)
(1.888255804 0.3815854626 0)
(1.943405188 0.3815854626 0)
(2 0.3815854626 0)
(0.005659481181 0.3992343102 0)
(0.01146729352 0.3992343102 0)
(0.01742732468 0.3992343102 0)
(0.02354356421 0.3992343102 0)
(0.02982010622 0.3992343102 0)
(0.03626115215 0.3992343102 0)
(0.04287101351 0.3992343102 0)
(0.04965411485 0.3992343102 0)
(0.05661499667 0.3992343102 0)
(0.06375831848 0.3992343102 0)
(0.0710888619 0.3992343102 0)
(0.07861153389 0.3992343102 0)
(0.08633137 0.3992343102 0)
(0.09425353778 0.3992343102 0)
(0.1023833402 0.3992343102 0)
(0.1107262192 0.3992343102 0)
(0.1192877594 0.3992343102 0)
(0.1280736918 0.3992343102 0)
(0.1370898975 0.3992343102 0)
(0.1463424118 0.3992343102 0)
(0.1558374283 0.3992343102 0)
(0.1655813027 0.3992343102 0)
(0.1755805574 0.3992343102 0)
(0.1858418858 0.3992343102 0)
(0.1963721566 0.3992343102 0)
(0.2071784187 0.3992343102 0)
(0.2182679056 0.3992343102 0)
(0.2296480404 0.3992343102 0)
(0.2413264408 0.3992343102 0)
(0.2533109242 0.3992343102 0)
(0.2656095127 0.3992343102 0)
(0.2782304389 0.3992343102 0)
(0.291182151 0.3992343102 0)
(0.3044733187 0.3992343102 0)
(0.3181128388 0.3992343102 0)
(0.3321098415 0.3992343102 0)
(0.3464736962 0.3992343102 0)
(0.3612140177 0.3992343102 0)
(0.3763406731 0.3992343102 0)
(0.3918637878 0.3992343102 0)
(0.4077937529 0.3992343102 0)
(0.4241412315 0.3992343102 0)
(0.4409171664 0.3992343102 0)
(0.4581327871 0.3992343102 0)
(0.4757996177 0.3992343102 0)
(0.4939294838 0.3992343102 0)
(0.5125345214 0.3992343102 0)
(0.5316271845 0.3992343102 0)
(0.5512202532 0.3992343102 0)
(0.571326843 0.3992343102 0)
(0.5919604129 0.3992343102 0)
(0.6131347746 0.3992343102 0)
(0.634864102 0.3992343102 0)
(0.6571629403 0.3992343102 0)
(0.680046216 0.3992343102 0)
(0.7035292468 0.3992343102 0)
(0.7276277519 0.3992343102 0)
(0.7523578625 0.3992343102 0)
(0.7777361325 0.3992343102 0)
(0.8037795497 0.3992343102 0)
(0.8305055472 0.3992343102 0)
(0.857932015 0.3992343102 0)
(0.8860773118 0.3992343102 0)
(0.9149602778 0.3992343102 0)
(0.9446002467 0.3992343102 0)
(0.9750170591 0.3992343102 0)
(1.006231075 0.3992343102 0)
(1.03826319 0.3992343102 0)
(1.071134845 0.3992343102 0)
(1.104868043 0.3992343102 0)
(1.139485365 0.3992343102 0)
(1.175009984 0.3992343102 0)
(1.21146568 0.3992343102 0)
(1.248876854 0.3992343102 0)
(1.287268549 0.3992343102 0)
(1.326666465 0.3992343102 0)
(1.367096974 0.3992343102 0)
(1.408587139 0.3992343102 0)
(1.451164732 0.3992343102 0)
(1.494858256 0.3992343102 0)
(1.539696957 0.3992343102 0)
(1.58571085 0.3992343102 0)
(1.632930737 0.3992343102 0)
(1.681388224 0.3992343102 0)
(1.731115749 0.3992343102 0)
(1.782146599 0.3992343102 0)
(1.834514932 0.3992343102 0)
(1.888255804 0.3992343102 0)
(1.943405188 0.3992343102 0)
(2 0.3992343102 0)
(0.005659481181 0.4174051325 0)
(0.01146729352 0.4174051325 0)
(0.01742732468 0.4174051325 0)
(0.02354356421 0.4174051325 0)
(0.02982010622 0.4174051325 0)
(0.03626115215 0.4174051325 0)
(0.04287101351 0.4174051325 0)
(0.04965411485 0.4174051325 0)
(0.05661499667 0.4174051325 0)
(0.06375831848 0.4174051325 0)
(0.0710888619 0.4174051325 0)
(0.07861153389 0.4174051325 0)
(0.08633137 0.4174051325 0)
(0.09425353778 0.4174051325 0)
(0.1023833402 0.4174051325 0)
(0.1107262192 0.4174051325 0)
(0.1192877594 0.4174051325 0)
(0.1280736918 0.4174051325 0)
(0.1370898975 0.4174051325 0)
(0.1463424118 0.4174051325 0)
(0.1558374283 0.4174051325 0)
(0.1655813027 0.4174051325 0)
(0.1755805574 0.4174051325 0)
(0.1858418858 0.4174051325 0)
(0.1963721566 0.4174051325 0)
(0.2071784187 0.4174051325 0)
(0.2182679056 0.4174051325 0)
(0.2296480404 0.4174051325 0)
(0.2413264408 0.4174051325 0)
(0.2533109242 0.4174051325 0)
(0.2656095127 0.4174051325 0)
(0.2782304389 0.4174051325 0)
(0.291182151 0.4174051325 0)
(0.3044733187 0.4174051325 0)
(0.3181128388 0.4174051325 0)
(0.3321098415 0.4174051325 0)
(0.3464736962 0.4174051325 0)
(0.3612140177 0.4174051325 0)
(0.3763406731 0.4174051325 0)
(0.3918637878 0.4174051325 0)
(0.4077937529 0.4174051325 0)
(0.4241412315 0.4174051325 0)
(0.4409171664 0.4174051325 0)
(0.4581327871 0.4174051325 0)
(0.4757996177 0.4174051325 0)
(0.4939294838 0.4174051325 0)
(0.5125345214 0.4174051325 0)
(0.5316271845 0.4174051325 0)
(0.5512202532 0.4174051325 0)
(0.571326843 0.4174051325 0)
(0.5919604129 0.4174051325 0)
(0.6131347746 0.4174051325 0)
(0.634864102 0.4174051325 0)
(0.6571629403 0.4174051325 0)
(0.680046216 0.4174051325 0)
(0.7035292468 0.4174051325 0)
(0.7276277519 0.4174051325 0)
(0.7523578625 0.4174051325 0)
(0.7777361325 0.4174051325 0)
(0.8037795497 0.4174051325 0)
(0.8305055472 0.4174051325 0)
(0.857932015 0.4174051325 0)
(0.8860773118 0.4174051325 0)
(0.9149602778 0.4174051325 0)
(0.9446002467 0.4174051325 0)
(0.9750170591 0.4174051325 0)
(1.006231075 0.4174051325 0)
(1.03826319 0.4174051325 0)
(1.071134845 0.4174051325 0)
(1.104868043 0.4174051325 0)
(1.139485365 0.4174051325 0)
(1.175009984 0.4174051325 0)
(1.21146568 0.4174051325 0)
(1.248876854 0.4174051325 0)
(1.287268549 0.4174051325 0)
(1.326666465 0.4174051325 0)
(1.367096974 0.4174051325 0)
(1.408587139 0.4174051325 0)
(1.451164732 0.4174051325 0)
(1.494858256 0.4174051325 0)
(1.539696957 0.4174051325 0)
(1.58571085 0.4174051325 0)
(1.632930737 0.4174051325 0)
(1.681388224 0.4174051325 0)
(1.731115749 0.4174051325 0)
(1.782146599 0.4174051325 0)
(1.834514932 0.4174051325 0)
(1.888255804 0.4174051325 0)
(1.943405188 0.4174051325 0)
(2 0.4174051325 0)
(0.005659481181 0.4361133672 0)
(0.01146729352 0.4361133672 0)
(0.01742732468 0.4361133672 0)
(0.02354356421 0.4361133672 0)
(0.02982010622 0.4361133672 0)
(0.03626115215 0.4361133672 0)
(0.04287101351 0.4361133672 0)
(0.04965411485 0.4361133672 0)
(0.05661499667 0.4361133672 0)
(0.06375831848 0.4361133672 0)
(0.0710888619 0.4361133672 0)
(0.07861153389 0.4361133672 0)
(0.08633137 0.4361133672 0)
(0.09425353778 0.4361133672 0)
(0.1023833402 0.4361133672 0)
(0.1107262192 0.4361133672 0)
(0.1192877594 0.4361133672 0)
(0.1280736918 0.4361133672 0)
(0.1370898975 0.4361133672 0)
(0.1463424118 0.4361133672 0)
(0.1558374283 0.4361133672 0)
(0.1655813027 0.4361133672 0)
(0.1755805574 0.4361133672 0)
(0.1858418858 0.4361133672 0)
(0.1963721566 0.4361133672 0)
(0.2071784187 0.4361133672 0)
(0.2182679056 0.4361133672 0)
(0.2296480404 0.4361133672 0)
(0.2413264408 0.4361133672 0)
(0.2533109242 0.4361133672 0)
(0.2656095127 0.4361133672 0)
(0.2782304389 0.4361133672 0)
(0.291182151 0.4361133672 0)
(0.3044733187 0.4361133672 0)
(0.3181128388 0.4361133672 0)
(0.3321098415 0.4361133672 0)
(0.3464736962 0.4361133672 0)
(0.3612140177 0.4361133672 0)
(0.3763406731 0.4361133672 0)
(0.3918637878 0.4361133672 0)
(0.4077937529 0.4361133672 0)
(0.4241412315 0.4361133672 0)
(0.4409171664 0.4361133672 0)
(0.4581327871 0.4361133672 0)
(0.4757996177 0.4361133672 0)
(0.4939294838 0.4361133672 0)
(0.5125345214 0.4361133672 0)
(0.5316271845 0.4361133672 0)
(0.5512202532 0.4361133672 0)
(0.571326843 0.4361133672 0)
(0.5919604129 0.4361133672 0)
(0.6131347746 0.4361133672 0)
(0.634864102 0.4361133672 0)
(0.6571629403 0.4361133672 0)
(0.680046216 0.4361133672 0)
(0.7035292468 0.4361133672 0)
(0.7276277519 0.4361133672 0)
(0.7523578625 0.4361133672 0)
(0.7777361325 0.4361133672 0)
(0.8037795497 0.4361133672 0)
(0.8305055472 0.4361133672 0)
(0.857932015 0.4361133672 0)
(0.8860773118 0.4361133672 0)
(0.9149602778 0.4361133672 0)
(0.9446002467 0.4361133672 0)
(0.9750170591 0.4361133672 0)
(1.006231075 0.4361133672 0)
(1.03826319 0.4361133672 0)
(1.071134845 0.4361133672 0)
(1.104868043 0.4361133672 0)
(1.139485365 0.4361133672 0)
(1.175009984 0.4361133672 0)
(1.21146568 0.4361133672 0)
(1.248876854 0.4361133672 0)
(1.287268549 0.4361133672 0)
(1.326666465 0.4361133672 0)
(1.367096974 0.4361133672 0)
(1.408587139 0.4361133672 0)
(1.451164732 0.4361133672 0)
(1.494858256 0.4361133672 0)
(1.539696957 0.4361133672 0)
(1.58571085 0.4361133672 0)
(1.632930737 0.4361133672 0)
(1.681388224 0.4361133672 0)
(1.731115749 0.4361133672 0)
(1.782146599 0.4361133672 0)
(1.834514932 0.4361133672 0)
(1.888255804 0.4361133672 0)
(1.943405188 0.4361133672 0)
(2 0.4361133672 0)
(0.005659481181 0.4553749086 0)
(0.01146729352 0.4553749086 0)
(0.01742732468 0.4553749086 0)
(0.02354356421 0.4553749086 0)
(0.02982010622 0.4553749086 0)
(0.03626115215 0.4553749086 0)
(0.04287101351 0.4553749086 0)
(0.04965411485 0.4553749086 0)
(0.05661499667 0.4553749086 0)
(0.06375831848 0.4553749086 0)
(0.0710888619 0.4553749086 0)
(0.07861153389 0.4553749086 0)
(0.08633137 0.4553749086 0)
(0.09425353778 0.4553749086 0)
(0.1023833402 0.4553749086 0)
(0.1107262192 0.4553749086 0)
(0.1192877594 0.4553749086 0)
(0.1280736918 0.4553749086 0)
(0.1370898975 0.4553749086 0)
(0.1463424118 0.4553749086 0)
(0.1558374283 0.4553749086 0)
(0.1655813027 0.4553749086 0)
(0.1755805574 0.4553749086 0)
(0.1858418858 0.4553749086 0)
(0.1963721566 0.4553749086 0)
(0.2071784187 0.4553749086 0)
(0.2182679056 0.4553749086 0)
(0.2296480404 0.4553749086 0)
(0.2413264408 0.4553749086 0)
(0.2533109242 0.4553749086 0)
(0.2656095127 0.4553749086 0)
(0.2782304389 0.4553749086 0)
(0.291182151 0.4553749086 0)
(0.3044733187 0.4553749086 0)
(0.3181128388 0.4553749086 0)
(0.3321098415 0.4553749086 0)
(0.3464736962 0.4553749086 0)
(0.3612140177 0.4553749086 0)
(0.3763406731 0.4553749086 0)
(0.3918637878 0.4553749086 0)
(0.4077937529 0.4553749086 0)
(0.4241412315 0.4553749086 0)
(0.4409171664 0.4553749086 0)
(0.4581327871 0.4553749086 0)
(0.4757996177 0.4553749086 0)
(0.4939294838 0.4553749086 0)
(0.5125345214 0.4553749086 0)
(0.5316271845 0.4553749086 0)
(0.5512202532 0.4553749086 0)
(0.571326843 0.4553749086 0)
(0.5919604129 0.4553749086 0)
(0.6131347746 0.4553749086 0)
(0.634864102 0.4553749086 0)
(0.6571629403 0.4553749086 0)
(0.680046216 0.4553749086 0)
(0.7035292468 0.4553749086 0)
(0.7276277519 0.4553749086 0)
(0.7523578625 0.4553749086 0)
(0.7777361325 0.4553749086 0)
(0.8037795497 0.4553749086 0)
(0.8305055472 0.4553749086 0)
(0.857932015 0.4553749086 0)
(0.8860773118 0.4553749086 0)
(0.9149602778 0.4553749086 0)
(0.9446002467 0.4553749086 0)
(0.9750170591 0.4553749086 0)
(1.006231075 0.4553749086 0)
(1.03826319 0.4553749086 0)
(1.071134845 0.4553749086 0)
(1.104868043 0.4553749086 0)
(1.139485365 0.4553749086 0)
(1.175009984 0.4553749086 0)
(1.21146568 0.4553749086 0)
(1.248876854 0.4553749086 0)
(1.287268549 0.4553749086 0)
(1.326666465 0.4553749086 0)
(1.367096974 0.4553749086 0)
(1.408587139 0.4553749086 0)
(1.451164732 0.4553749086 0)
(1.494858256 0.4553749086 0)
(1.539696957 0.4553749086 0)
(1.58571085 0.4553749086 0)
(1.632930737 0.4553749086 0)
(1.681388224 0.4553749086 0)
(1.731115749 0.4553749086 0)
(1.782146599 0.4553749086 0)
(1.834514932 0.4553749086 0)
(1.888255804 0.4553749086 0)
(1.943405188 0.4553749086 0)
(2 0.4553749086 0)
(0.005659481181 0.475206121 0)
(0.01146729352 0.475206121 0)
(0.01742732468 0.475206121 0)
(0.02354356421 0.475206121 0)
(0.02982010622 0.475206121 0)
(0.03626115215 0.475206121 0)
(0.04287101351 0.475206121 0)
(0.04965411485 0.475206121 0)
(0.05661499667 0.475206121 0)
(0.06375831848 0.475206121 0)
(0.0710888619 0.475206121 0)
(0.07861153389 0.475206121 0)
(0.08633137 0.475206121 0)
(0.09425353778 0.475206121 0)
(0.1023833402 0.475206121 0)
(0.1107262192 0.475206121 0)
(0.1192877594 0.475206121 0)
(0.1280736918 0.475206121 0)
(0.1370898975 0.475206121 0)
(0.1463424118 0.475206121 0)
(0.1558374283 0.475206121 0)
(0.1655813027 0.475206121 0)
(0.1755805574 0.475206121 0)
(0.1858418858 0.475206121 0)
(0.1963721566 0.475206121 0)
(0.2071784187 0.475206121 0)
(0.2182679056 0.475206121 0)
(0.2296480404 0.475206121 0)
(0.2413264408 0.475206121 0)
(0.2533109242 0.475206121 0)
(0.2656095127 0.475206121 0)
(0.2782304389 0.475206121 0)
(0.291182151 0.475206121 0)
(0.3044733187 0.475206121 0)
(0.3181128388 0.475206121 0)
(0.3321098415 0.475206121 0)
(0.3464736962 0.475206121 0)
(0.3612140177 0.475206121 0)
(0.3763406731 0.475206121 0)
(0.3918637878 0.475206121 0)
(0.4077937529 0.475206121 0)
(0.4241412315 0.475206121 0)
(0.4409171664 0.475206121 0)
(0.4581327871 0.475206121 0)
(0.4757996177 0.475206121 0)
(0.4939294838 0.475206121 0)
(0.5125345214 0.475206121 0)
(0.5316271845 0.475206121 0)
(0.5512202532 0.475206121 0)
(0.571326843 0.475206121 0)
(0.5919604129 0.475206121 0)
(0.6131347746 0.475206121 0)
(0.634864102 0.475206121 0)
(0.6571629403 0.475206121 0)
(0.680046216 0.475206121 0)
(0.7035292468 0.475206121 0)
(0.7276277519 0.475206121 0)
(0.7523578625 0.475206121 0)
(0.7777361325 0.475206121 0)
(0.8037795497 0.475206121 0)
(0.8305055472 0.475206121 0)
(0.857932015 0.475206121 0)
(0.8860773118 0.475206121 0)
(0.9149602778 0.475206121 0)
(0.9446002467 0.475206121 0)
(0.9750170591 0.475206121 0)
(1.006231075 0.475206121 0)
(1.03826319 0.475206121 0)
(1.071134845 0.475206121 0)
(1.104868043 0.475206121 0)
(1.139485365 0.475206121 0)
(1.175009984 0.475206121 0)
(1.21146568 0.475206121 0)
(1.248876854 0.475206121 0)
(1.287268549 0.475206121 0)
(1.326666465 0.475206121 0)
(1.367096974 0.475206121 0)
(1.408587139 0.475206121 0)
(1.451164732 0.475206121 0)
(1.494858256 0.475206121 0)
(1.539696957 0.475206121 0)
(1.58571085 0.475206121 0)
(1.632930737 0.475206121 0)
(1.681388224 0.475206121 0)
(1.731115749 0.475206121 0)
(1.782146599 0.475206121 0)
(1.834514932 0.475206121 0)
(1.888255804 0.475206121 0)
(1.943405188 0.475206121 0)
(2 0.475206121 0)
(0.005659481181 0.4956238527 0)
(0.01146729352 0.4956238527 0)
(0.01742732468 0.4956238527 0)
(0.02354356421 0.4956238527 0)
(0.02982010622 0.4956238527 0)
(0.03626115215 0.4956238527 0)
(0.04287101351 0.4956238527 0)
(0.04965411485 0.4956238527 0)
(0.05661499667 0.4956238527 0)
(0.06375831848 0.4956238527 0)
(0.0710888619 0.4956238527 0)
(0.07861153389 0.4956238527 0)
(0.08633137 0.4956238527 0)
(0.09425353778 0.4956238527 0)
(0.1023833402 0.4956238527 0)
(0.1107262192 0.4956238527 0)
(0.1192877594 0.4956238527 0)
(0.1280736918 0.4956238527 0)
(0.1370898975 0.4956238527 0)
(0.1463424118 0.4956238527 0)
(0.1558374283 0.4956238527 0)
(0.1655813027 0.4956238527 0)
(0.1755805574 0.4956238527 0)
(0.1858418858 0.4956238527 0)
(0.1963721566 0.4956238527 0)
(0.2071784187 0.4956238527 0)
(0.2182679056 0.4956238527 0)
(0.2296480404 0.4956238527 0)
(0.2413264408 0.4956238527 0)
(0.2533109242 0.4956238527 0)
(0.2656095127 0.4956238527 0)
(0.2782304389 0.4956238527 0)
(0.291182151 0.4956238527 0)
(0.3044733187 0.4956238527 0)
(0.3181128388 0.4956238527 0)
(0.3321098415 0.4956238527 0)
(0.3464736962 0.4956238527 0)
(0.3612140177 0.4956238527 0)
(0.3763406731 0.4956238527 0)
(0.3918637878 0.4956238527 0)
(0.4077937529 0.4956238527 0)
(0.4241412315 0.4956238527 0)
(0.4409171664 0.4956238527 0)
(0.4581327871 0.4956238527 0)
(0.4757996177 0.4956238527 0)
(0.4939294838 0.4956238527 0)
(0.5125345214 0.4956238527 0)
(0.5316271845 0.4956238527 0)
(0.5512202532 0.4956238527 0)
(0.571326843 0.4956238527 0)
(0.5919604129 0.4956238527 0)
(0.6131347746 0.4956238527 0)
(0.634864102 0.4956238527 0)
(0.6571629403 0.4956238527 0)
(0.680046216 0.4956238527 0)
(0.7035292468 0.4956238527 0)
(0.7276277519 0.4956238527 0)
(0.7523578625 0.4956238527 0)
(0.7777361325 0.4956238527 0)
(0.8037795497 0.4956238527 0)
(0.8305055472 0.4956238527 0)
(0.857932015 0.4956238527 0)
(0.8860773118 0.4956238527 0)
(0.9149602778 0.4956238527 0)
(0.9446002467 0.4956238527 0)
(0.9750170591 0.4956238527 0)
(1.006231075 0.4956238527 0)
(1.03826319 0.4956238527 0)
(1.071134845 0.4956238527 0)
(1.104868043 0.4956238527 0)
(1.139485365 0.4956238527 0)
(1.175009984 0.4956238527 0)
(1.21146568 0.4956238527 0)
(1.248876854 0.4956238527 0)
(1.287268549 0.4956238527 0)
(1.326666465 0.4956238527 0)
(1.367096974 0.4956238527 0)
(1.408587139 0.4956238527 0)
(1.451164732 0.4956238527 0)
(1.494858256 0.4956238527 0)
(1.539696957 0.4956238527 0)
(1.58571085 0.4956238527 0)
(1.632930737 0.4956238527 0)
(1.681388224 0.4956238527 0)
(1.731115749 0.4956238527 0)
(1.782146599 0.4956238527 0)
(1.834514932 0.4956238527 0)
(1.888255804 0.4956238527 0)
(1.943405188 0.4956238527 0)
(2 0.4956238527 0)
(0.005659481181 0.5166454504 0)
(0.01146729352 0.5166454504 0)
(0.01742732468 0.5166454504 0)
(0.02354356421 0.5166454504 0)
(0.02982010622 0.5166454504 0)
(0.03626115215 0.5166454504 0)
(0.04287101351 0.5166454504 0)
(0.04965411485 0.5166454504 0)
(0.05661499667 0.5166454504 0)
(0.06375831848 0.5166454504 0)
(0.0710888619 0.5166454504 0)
(0.07861153389 0.5166454504 0)
(0.08633137 0.5166454504 0)
(0.09425353778 0.5166454504 0)
(0.1023833402 0.5166454504 0)
(0.1107262192 0.5166454504 0)
(0.1192877594 0.5166454504 0)
(0.1280736918 0.5166454504 0)
(0.1370898975 0.5166454504 0)
(0.1463424118 0.5166454504 0)
(0.1558374283 0.5166454504 0)
(0.1655813027 0.5166454504 0)
(0.1755805574 0.5166454504 0)
(0.1858418858 0.5166454504 0)
(0.1963721566 0.5166454504 0)
(0.2071784187 0.5166454504 0)
(0.2182679056 0.5166454504 0)
(0.2296480404 0.5166454504 0)
(0.2413264408 0.5166454504 0)
(0.2533109242 0.5166454504 0)
(0.2656095127 0.5166454504 0)
(0.2782304389 0.5166454504 0)
(0.291182151 0.5166454504 0)
(0.3044733187 0.5166454504 0)
(0.3181128388 0.5166454504 0)
(0.3321098415 0.5166454504 0)
(0.3464736962 0.5166454504 0)
(0.3612140177 0.5166454504 0)
(0.3763406731 0.5166454504 0)
(0.3918637878 0.5166454504 0)
(0.4077937529 0.5166454504 0)
(0.4241412315 0.5166454504 0)
(0.4409171664 0.5166454504 0)
(0.4581327871 0.5166454504 0)
(0.4757996177 0.5166454504 0)
(0.4939294838 0.5166454504 0)
(0.5125345214 0.5166454504 0)
(0.5316271845 0.5166454504 0)
(0.5512202532 0.5166454504 0)
(0.571326843 0.5166454504 0)
(0.5919604129 0.5166454504 0)
(0.6131347746 0.5166454504 0)
(0.634864102 0.5166454504 0)
(0.6571629403 0.5166454504 0)
(0.680046216 0.5166454504 0)
(0.7035292468 0.5166454504 0)
(0.7276277519 0.5166454504 0)
(0.7523578625 0.5166454504 0)
(0.7777361325 0.5166454504 0)
(0.8037795497 0.5166454504 0)
(0.8305055472 0.5166454504 0)
(0.857932015 0.5166454504 0)
(0.8860773118 0.5166454504 0)
(0.9149602778 0.5166454504 0)
(0.9446002467 0.5166454504 0)
(0.9750170591 0.5166454504 0)
(1.006231075 0.5166454504 0)
(1.03826319 0.5166454504 0)
(1.071134845 0.5166454504 0)
(1.104868043 0.5166454504 0)
(1.139485365 0.5166454504 0)
(1.175009984 0.5166454504 0)
(1.21146568 0.5166454504 0)
(1.248876854 0.5166454504 0)
(1.287268549 0.5166454504 0)
(1.326666465 0.5166454504 0)
(1.367096974 0.5166454504 0)
(1.408587139 0.5166454504 0)
(1.451164732 0.5166454504 0)
(1.494858256 0.5166454504 0)
(1.539696957 0.5166454504 0)
(1.58571085 0.5166454504 0)
(1.632930737 0.5166454504 0)
(1.681388224 0.5166454504 0)
(1.731115749 0.5166454504 0)
(1.782146599 0.5166454504 0)
(1.834514932 0.5166454504 0)
(1.888255804 0.5166454504 0)
(1.943405188 0.5166454504 0)
(2 0.5166454504 0)
(0.005659481181 0.5382887738 0)
(0.01146729352 0.5382887738 0)
(0.01742732468 0.5382887738 0)
(0.02354356421 0.5382887738 0)
(0.02982010622 0.5382887738 0)
(0.03626115215 0.5382887738 0)
(0.04287101351 0.5382887738 0)
(0.04965411485 0.5382887738 0)
(0.05661499667 0.5382887738 0)
(0.06375831848 0.5382887738 0)
(0.0710888619 0.5382887738 0)
(0.07861153389 0.5382887738 0)
(0.08633137 0.5382887738 0)
(0.09425353778 0.5382887738 0)
(0.1023833402 0.5382887738 0)
(0.1107262192 0.5382887738 0)
(0.1192877594 0.5382887738 0)
(0.1280736918 0.5382887738 0)
(0.1370898975 0.5382887738 0)
(0.1463424118 0.5382887738 0)
(0.1558374283 0.5382887738 0)
(0.1655813027 0.5382887738 0)
(0.1755805574 0.5382887738 0)
(0.1858418858 0.5382887738 0)
(0.1963721566 0.5382887738 0)
(0.2071784187 0.5382887738 0)
(0.2182679056 0.5382887738 0)
(0.2296480404 0.5382887738 0)
(0.2413264408 0.5382887738 0)
(0.2533109242 0.5382887738 0)
(0.2656095127 0.5382887738 0)
(0.2782304389 0.5382887738 0)
(0.291182151 0.5382887738 0)
(0.3044733187 0.5382887738 0)
(0.3181128388 0.5382887738 0)
(0.3321098415 0.5382887738 0)
(0.3464736962 0.5382887738 0)
(0.3612140177 0.5382887738 0)
(0.3763406731 0.5382887738 0)
(0.3918637878 0.5382887738 0)
(0.4077937529 0.5382887738 0)
(0.4241412315 0.5382887738 0)
(0.4409171664 0.5382887738 0)
(0.4581327871 0.5382887738 0)
(0.4757996177 0.5382887738 0)
(0.4939294838 0.5382887738 0)
(0.5125345214 0.5382887738 0)
(0.5316271845 0.5382887738 0)
(0.5512202532 0.5382887738 0)
(0.571326843 0.5382887738 0)
(0.5919604129 0.5382887738 0)
(0.6131347746 0.5382887738 0)
(0.634864102 0.5382887738 0)
(0.6571629403 0.5382887738 0)
(0.680046216 0.5382887738 0)
(0.7035292468 0.5382887738 0)
(0.7276277519 0.5382887738 0)
(0.7523578625 0.5382887738 0)
(0.7777361325 0.5382887738 0)
(0.8037795497 0.5382887738 0)
(0.8305055472 0.5382887738 0)
(0.857932015 0.5382887738 0)
(0.8860773118 0.5382887738 0)
(0.9149602778 0.5382887738 0)
(0.9446002467 0.5382887738 0)
(0.9750170591 0.5382887738 0)
(1.006231075 0.5382887738 0)
(1.03826319 0.5382887738 0)
(1.071134845 0.5382887738 0)
(1.104868043 0.5382887738 0)
(1.139485365 0.5382887738 0)
(1.175009984 0.5382887738 0)
(1.21146568 0.5382887738 0)
(1.248876854 0.5382887738 0)
(1.287268549 0.5382887738 0)
(1.326666465 0.5382887738 0)
(1.367096974 0.5382887738 0)
(1.408587139 0.5382887738 0)
(1.451164732 0.5382887738 0)
(1.494858256 0.5382887738 0)
(1.539696957 0.5382887738 0)
(1.58571085 0.5382887738 0)
(1.632930737 0.5382887738 0)
(1.681388224 0.5382887738 0)
(1.731115749 0.5382887738 0)
(1.782146599 0.5382887738 0)
(1.834514932 0.5382887738 0)
(1.888255804 0.5382887738 0)
(1.943405188 0.5382887738 0)
(2 0.5382887738 0)
(0.005659481181 0.5605722108 0)
(0.01146729352 0.5605722108 0)
(0.01742732468 0.5605722108 0)
(0.02354356421 0.5605722108 0)
(0.02982010622 0.5605722108 0)
(0.03626115215 0.5605722108 0)
(0.04287101351 0.5605722108 0)
(0.04965411485 0.5605722108 0)
(0.05661499667 0.5605722108 0)
(0.06375831848 0.5605722108 0)
(0.0710888619 0.5605722108 0)
(0.07861153389 0.5605722108 0)
(0.08633137 0.5605722108 0)
(0.09425353778 0.5605722108 0)
(0.1023833402 0.5605722108 0)
(0.1107262192 0.5605722108 0)
(0.1192877594 0.5605722108 0)
(0.1280736918 0.5605722108 0)
(0.1370898975 0.5605722108 0)
(0.1463424118 0.5605722108 0)
(0.1558374283 0.5605722108 0)
(0.1655813027 0.5605722108 0)
(0.1755805574 0.5605722108 0)
(0.1858418858 0.5605722108 0)
(0.1963721566 0.5605722108 0)
(0.2071784187 0.5605722108 0)
(0.2182679056 0.5605722108 0)
(0.2296480404 0.5605722108 0)
(0.2413264408 0.5605722108 0)
(0.2533109242 0.5605722108 0)
(0.2656095127 0.5605722108 0)
(0.2782304389 0.5605722108 0)
(0.291182151 0.5605722108 0)
(0.3044733187 0.5605722108 0)
(0.3181128388 0.5605722108 0)
(0.3321098415 0.5605722108 0)
(0.3464736962 0.5605722108 0)
(0.3612140177 0.5605722108 0)
(0.3763406731 0.5605722108 0)
(0.3918637878 0.5605722108 0)
(0.4077937529 0.5605722108 0)
(0.4241412315 0.5605722108 0)
(0.4409171664 0.5605722108 0)
(0.4581327871 0.5605722108 0)
(0.4757996177 0.5605722108 0)
(0.4939294838 0.5605722108 0)
(0.5125345214 0.5605722108 0)
(0.5316271845 0.5605722108 0)
(0.5512202532 0.5605722108 0)
(0.571326843 0.5605722108 0)
(0.5919604129 0.5605722108 0)
(0.6131347746 0.5605722108 0)
(0.634864102 0.5605722108 0)
(0.6571629403 0.5605722108 0)
(0.680046216 0.5605722108 0)
(0.7035292468 0.5605722108 0)
(0.7276277519 0.5605722108 0)
(0.7523578625 0.5605722108 0)
(0.7777361325 0.5605722108 0)
(0.8037795497 0.5605722108 0)
(0.8305055472 0.5605722108 0)
(0.857932015 0.5605722108 0)
(0.8860773118 0.5605722108 0)
(0.9149602778 0.5605722108 0)
(0.9446002467 0.5605722108 0)
(0.9750170591 0.5605722108 0)
(1.006231075 0.5605722108 0)
(1.03826319 0.5605722108 0)
(1.071134845 0.5605722108 0)
(1.104868043 0.5605722108 0)
(1.139485365 0.5605722108 0)
(1.175009984 0.5605722108 0)
(1.21146568 0.5605722108 0)
(1.248876854 0.5605722108 0)
(1.287268549 0.5605722108 0)
(1.326666465 0.5605722108 0)
(1.367096974 0.5605722108 0)
(1.408587139 0.5605722108 0)
(1.451164732 0.5605722108 0)
(1.494858256 0.5605722108 0)
(1.539696957 0.5605722108 0)
(1.58571085 0.5605722108 0)
(1.632930737 0.5605722108 0)
(1.681388224 0.5605722108 0)
(1.731115749 0.5605722108 0)
(1.782146599 0.5605722108 0)
(1.834514932 0.5605722108 0)
(1.888255804 0.5605722108 0)
(1.943405188 0.5605722108 0)
(2 0.5605722108 0)
(0.005659481181 0.583514693 0)
(0.01146729352 0.583514693 0)
(0.01742732468 0.583514693 0)
(0.02354356421 0.583514693 0)
(0.02982010622 0.583514693 0)
(0.03626115215 0.583514693 0)
(0.04287101351 0.583514693 0)
(0.04965411485 0.583514693 0)
(0.05661499667 0.583514693 0)
(0.06375831848 0.583514693 0)
(0.0710888619 0.583514693 0)
(0.07861153389 0.583514693 0)
(0.08633137 0.583514693 0)
(0.09425353778 0.583514693 0)
(0.1023833402 0.583514693 0)
(0.1107262192 0.583514693 0)
(0.1192877594 0.583514693 0)
(0.1280736918 0.583514693 0)
(0.1370898975 0.583514693 0)
(0.1463424118 0.583514693 0)
(0.1558374283 0.583514693 0)
(0.1655813027 0.583514693 0)
(0.1755805574 0.583514693 0)
(0.1858418858 0.583514693 0)
(0.1963721566 0.583514693 0)
(0.2071784187 0.583514693 0)
(0.2182679056 0.583514693 0)
(0.2296480404 0.583514693 0)
(0.2413264408 0.583514693 0)
(0.2533109242 0.583514693 0)
(0.2656095127 0.583514693 0)
(0.2782304389 0.583514693 0)
(0.291182151 0.583514693 0)
(0.3044733187 0.583514693 0)
(0.3181128388 0.583514693 0)
(0.3321098415 0.583514693 0)
(0.3464736962 0.583514693 0)
(0.3612140177 0.583514693 0)
(0.3763406731 0.583514693 0)
(0.3918637878 0.583514693 0)
(0.4077937529 0.583514693 0)
(0.4241412315 0.583514693 0)
(0.4409171664 0.583514693 0)
(0.4581327871 0.583514693 0)
(0.4757996177 0.583514693 0)
(0.4939294838 0.583514693 0)
(0.5125345214 0.583514693 0)
(0.5316271845 0.583514693 0)
(0.5512202532 0.583514693 0)
(0.571326843 0.583514693 0)
(0.5919604129 0.583514693 0)
(0.6131347746 0.583514693 0)
(0.634864102 0.583514693 0)
(0.6571629403 0.583514693 0)
(0.680046216 0.583514693 0)
(0.7035292468 0.583514693 0)
(0.7276277519 0.583514693 0)
(0.7523578625 0.583514693 0)
(0.7777361325 0.583514693 0)
(0.8037795497 0.583514693 0)
(0.8305055472 0.583514693 0)
(0.857932015 0.583514693 0)
(0.8860773118 0.583514693 0)
(0.9149602778 0.583514693 0)
(0.9446002467 0.583514693 0)
(0.9750170591 0.583514693 0)
(1.006231075 0.583514693 0)
(1.03826319 0.583514693 0)
(1.071134845 0.583514693 0)
(1.104868043 0.583514693 0)
(1.139485365 0.583514693 0)
(1.175009984 0.583514693 0)
(1.21146568 0.583514693 0)
(1.248876854 0.583514693 0)
(1.287268549 0.583514693 0)
(1.326666465 0.583514693 0)
(1.367096974 0.583514693 0)
(1.408587139 0.583514693 0)
(1.451164732 0.583514693 0)
(1.494858256 0.583514693 0)
(1.539696957 0.583514693 0)
(1.58571085 0.583514693 0)
(1.632930737 0.583514693 0)
(1.681388224 0.583514693 0)
(1.731115749 0.583514693 0)
(1.782146599 0.583514693 0)
(1.834514932 0.583514693 0)
(1.888255804 0.583514693 0)
(1.943405188 0.583514693 0)
(2 0.583514693 0)
(0.005659481181 0.6071357122 0)
(0.01146729352 0.6071357122 0)
(0.01742732468 0.6071357122 0)
(0.02354356421 0.6071357122 0)
(0.02982010622 0.6071357122 0)
(0.03626115215 0.6071357122 0)
(0.04287101351 0.6071357122 0)
(0.04965411485 0.6071357122 0)
(0.05661499667 0.6071357122 0)
(0.06375831848 0.6071357122 0)
(0.0710888619 0.6071357122 0)
(0.07861153389 0.6071357122 0)
(0.08633137 0.6071357122 0)
(0.09425353778 0.6071357122 0)
(0.1023833402 0.6071357122 0)
(0.1107262192 0.6071357122 0)
(0.1192877594 0.6071357122 0)
(0.1280736918 0.6071357122 0)
(0.1370898975 0.6071357122 0)
(0.1463424118 0.6071357122 0)
(0.1558374283 0.6071357122 0)
(0.1655813027 0.6071357122 0)
(0.1755805574 0.6071357122 0)
(0.1858418858 0.6071357122 0)
(0.1963721566 0.6071357122 0)
(0.2071784187 0.6071357122 0)
(0.2182679056 0.6071357122 0)
(0.2296480404 0.6071357122 0)
(0.2413264408 0.6071357122 0)
(0.2533109242 0.6071357122 0)
(0.2656095127 0.6071357122 0)
(0.2782304389 0.6071357122 0)
(0.291182151 0.6071357122 0)
(0.3044733187 0.6071357122 0)
(0.3181128388 0.6071357122 0)
(0.3321098415 0.6071357122 0)
(0.3464736962 0.6071357122 0)
(0.3612140177 0.6071357122 0)
(0.3763406731 0.6071357122 0)
(0.3918637878 0.6071357122 0)
(0.4077937529 0.6071357122 0)
(0.4241412315 0.6071357122 0)
(0.4409171664 0.6071357122 0)
(0.4581327871 0.6071357122 0)
(0.4757996177 0.6071357122 0)
(0.4939294838 0.6071357122 0)
(0.5125345214 0.6071357122 0)
(0.5316271845 0.6071357122 0)
(0.5512202532 0.6071357122 0)
(0.571326843 0.6071357122 0)
(0.5919604129 0.6071357122 0)
(0.6131347746 0.6071357122 0)
(0.634864102 0.6071357122 0)
(0.6571629403 0.6071357122 0)
(0.680046216 0.6071357122 0)
(0.7035292468 0.6071357122 0)
(0.7276277519 0.6071357122 0)
(0.7523578625 0.6071357122 0)
(0.7777361325 0.6071357122 0)
(0.8037795497 0.6071357122 0)
(0.8305055472 0.6071357122 0)
(0.857932015 0.6071357122 0)
(0.8860773118 0.6071357122 0)
(0.9149602778 0.6071357122 0)
(0.9446002467 0.6071357122 0)
(0.9750170591 0.6071357122 0)
(1.006231075 0.6071357122 0)
(1.03826319 0.6071357122 0)
(1.071134845 0.6071357122 0)
(1.104868043 0.6071357122 0)
(1.139485365 0.6071357122 0)
(1.175009984 0.6071357122 0)
(1.21146568 0.6071357122 0)
(1.248876854 0.6071357122 0)
(1.287268549 0.6071357122 0)
(1.326666465 0.6071357122 0)
(1.367096974 0.6071357122 0)
(1.408587139 0.6071357122 0)
(1.451164732 0.6071357122 0)
(1.494858256 0.6071357122 0)
(1.539696957 0.6071357122 0)
(1.58571085 0.6071357122 0)
(1.632930737 0.6071357122 0)
(1.681388224 0.6071357122 0)
(1.731115749 0.6071357122 0)
(1.782146599 0.6071357122 0)
(1.834514932 0.6071357122 0)
(1.888255804 0.6071357122 0)
(1.943405188 0.6071357122 0)
(2 0.6071357122 0)
(0.005659481181 0.6314553365 0)
(0.01146729352 0.6314553365 0)
(0.01742732468 0.6314553365 0)
(0.02354356421 0.6314553365 0)
(0.02982010622 0.6314553365 0)
(0.03626115215 0.6314553365 0)
(0.04287101351 0.6314553365 0)
(0.04965411485 0.6314553365 0)
(0.05661499667 0.6314553365 0)
(0.06375831848 0.6314553365 0)
(0.0710888619 0.6314553365 0)
(0.07861153389 0.6314553365 0)
(0.08633137 0.6314553365 0)
(0.09425353778 0.6314553365 0)
(0.1023833402 0.6314553365 0)
(0.1107262192 0.6314553365 0)
(0.1192877594 0.6314553365 0)
(0.1280736918 0.6314553365 0)
(0.1370898975 0.6314553365 0)
(0.1463424118 0.6314553365 0)
(0.1558374283 0.6314553365 0)
(0.1655813027 0.6314553365 0)
(0.1755805574 0.6314553365 0)
(0.1858418858 0.6314553365 0)
(0.1963721566 0.6314553365 0)
(0.2071784187 0.6314553365 0)
(0.2182679056 0.6314553365 0)
(0.2296480404 0.6314553365 0)
(0.2413264408 0.6314553365 0)
(0.2533109242 0.6314553365 0)
(0.2656095127 0.6314553365 0)
(0.2782304389 0.6314553365 0)
(0.291182151 0.6314553365 0)
(0.3044733187 0.6314553365 0)
(0.3181128388 0.6314553365 0)
(0.3321098415 0.6314553365 0)
(0.3464736962 0.6314553365 0)
(0.3612140177 0.6314553365 0)
(0.3763406731 0.6314553365 0)
(0.3918637878 0.6314553365 0)
(0.4077937529 0.6314553365 0)
(0.4241412315 0.6314553365 0)
(0.4409171664 0.6314553365 0)
(0.4581327871 0.6314553365 0)
(0.4757996177 0.6314553365 0)
(0.4939294838 0.6314553365 0)
(0.5125345214 0.6314553365 0)
(0.5316271845 0.6314553365 0)
(0.5512202532 0.6314553365 0)
(0.571326843 0.6314553365 0)
(0.5919604129 0.6314553365 0)
(0.6131347746 0.6314553365 0)
(0.634864102 0.6314553365 0)
(0.6571629403 0.6314553365 0)
(0.680046216 0.6314553365 0)
(0.7035292468 0.6314553365 0)
(0.7276277519 0.6314553365 0)
(0.7523578625 0.6314553365 0)
(0.7777361325 0.6314553365 0)
(0.8037795497 0.6314553365 0)
(0.8305055472 0.6314553365 0)
(0.857932015 0.6314553365 0)
(0.8860773118 0.6314553365 0)
(0.9149602778 0.6314553365 0)
(0.9446002467 0.6314553365 0)
(0.9750170591 0.6314553365 0)
(1.006231075 0.6314553365 0)
(1.03826319 0.6314553365 0)
(1.071134845 0.6314553365 0)
(1.104868043 0.6314553365 0)
(1.139485365 0.6314553365 0)
(1.175009984 0.6314553365 0)
(1.21146568 0.6314553365 0)
(1.248876854 0.6314553365 0)
(1.287268549 0.6314553365 0)
(1.326666465 0.6314553365 0)
(1.367096974 0.6314553365 0)
(1.408587139 0.6314553365 0)
(1.451164732 0.6314553365 0)
(1.494858256 0.6314553365 0)
(1.539696957 0.6314553365 0)
(1.58571085 0.6314553365 0)
(1.632930737 0.6314553365 0)
(1.681388224 0.6314553365 0)
(1.731115749 0.6314553365 0)
(1.782146599 0.6314553365 0)
(1.834514932 0.6314553365 0)
(1.888255804 0.6314553365 0)
(1.943405188 0.6314553365 0)
(2 0.6314553365 0)
(0.005659481181 0.6564942274 0)
(0.01146729352 0.6564942274 0)
(0.01742732468 0.6564942274 0)
(0.02354356421 0.6564942274 0)
(0.02982010622 0.6564942274 0)
(0.03626115215 0.6564942274 0)
(0.04287101351 0.6564942274 0)
(0.04965411485 0.6564942274 0)
(0.05661499667 0.6564942274 0)
(0.06375831848 0.6564942274 0)
(0.0710888619 0.6564942274 0)
(0.07861153389 0.6564942274 0)
(0.08633137 0.6564942274 0)
(0.09425353778 0.6564942274 0)
(0.1023833402 0.6564942274 0)
(0.1107262192 0.6564942274 0)
(0.1192877594 0.6564942274 0)
(0.1280736918 0.6564942274 0)
(0.1370898975 0.6564942274 0)
(0.1463424118 0.6564942274 0)
(0.1558374283 0.6564942274 0)
(0.1655813027 0.6564942274 0)
(0.1755805574 0.6564942274 0)
(0.1858418858 0.6564942274 0)
(0.1963721566 0.6564942274 0)
(0.2071784187 0.6564942274 0)
(0.2182679056 0.6564942274 0)
(0.2296480404 0.6564942274 0)
(0.2413264408 0.6564942274 0)
(0.2533109242 0.6564942274 0)
(0.2656095127 0.6564942274 0)
(0.2782304389 0.6564942274 0)
(0.291182151 0.6564942274 0)
(0.3044733187 0.6564942274 0)
(0.3181128388 0.6564942274 0)
(0.3321098415 0.6564942274 0)
(0.3464736962 0.6564942274 0)
(0.3612140177 0.6564942274 0)
(0.3763406731 0.6564942274 0)
(0.3918637878 0.6564942274 0)
(0.4077937529 0.6564942274 0)
(0.4241412315 0.6564942274 0)
(0.4409171664 0.6564942274 0)
(0.4581327871 0.6564942274 0)
(0.4757996177 0.6564942274 0)
(0.4939294838 0.6564942274 0)
(0.5125345214 0.6564942274 0)
(0.5316271845 0.6564942274 0)
(0.5512202532 0.6564942274 0)
(0.571326843 0.6564942274 0)
(0.5919604129 0.6564942274 0)
(0.6131347746 0.6564942274 0)
(0.634864102 0.6564942274 0)
(0.6571629403 0.6564942274 0)
(0.680046216 0.6564942274 0)
(0.7035292468 0.6564942274 0)
(0.7276277519 0.6564942274 0)
(0.7523578625 0.6564942274 0)
(0.7777361325 0.6564942274 0)
(0.8037795497 0.6564942274 0)
(0.8305055472 0.6564942274 0)
(0.857932015 0.6564942274 0)
(0.8860773118 0.6564942274 0)
(0.9149602778 0.6564942274 0)
(0.9446002467 0.6564942274 0)
(0.9750170591 0.6564942274 0)
(1.006231075 0.6564942274 0)
(1.03826319 0.6564942274 0)
(1.071134845 0.6564942274 0)
(1.104868043 0.6564942274 0)
(1.139485365 0.6564942274 0)
(1.175009984 0.6564942274 0)
(1.21146568 0.6564942274 0)
(1.248876854 0.6564942274 0)
(1.287268549 0.6564942274 0)
(1.326666465 0.6564942274 0)
(1.367096974 0.6564942274 0)
(1.408587139 0.6564942274 0)
(1.451164732 0.6564942274 0)
(1.494858256 0.6564942274 0)
(1.539696957 0.6564942274 0)
(1.58571085 0.6564942274 0)
(1.632930737 0.6564942274 0)
(1.681388224 0.6564942274 0)
(1.731115749 0.6564942274 0)
(1.782146599 0.6564942274 0)
(1.834514932 0.6564942274 0)
(1.888255804 0.6564942274 0)
(1.943405188 0.6564942274 0)
(2 0.6564942274 0)
(0.005659481181 0.6822736577 0)
(0.01146729352 0.6822736577 0)
(0.01742732468 0.6822736577 0)
(0.02354356421 0.6822736577 0)
(0.02982010622 0.6822736577 0)
(0.03626115215 0.6822736577 0)
(0.04287101351 0.6822736577 0)
(0.04965411485 0.6822736577 0)
(0.05661499667 0.6822736577 0)
(0.06375831848 0.6822736577 0)
(0.0710888619 0.6822736577 0)
(0.07861153389 0.6822736577 0)
(0.08633137 0.6822736577 0)
(0.09425353778 0.6822736577 0)
(0.1023833402 0.6822736577 0)
(0.1107262192 0.6822736577 0)
(0.1192877594 0.6822736577 0)
(0.1280736918 0.6822736577 0)
(0.1370898975 0.6822736577 0)
(0.1463424118 0.6822736577 0)
(0.1558374283 0.6822736577 0)
(0.1655813027 0.6822736577 0)
(0.1755805574 0.6822736577 0)
(0.1858418858 0.6822736577 0)
(0.1963721566 0.6822736577 0)
(0.2071784187 0.6822736577 0)
(0.2182679056 0.6822736577 0)
(0.2296480404 0.6822736577 0)
(0.2413264408 0.6822736577 0)
(0.2533109242 0.6822736577 0)
(0.2656095127 0.6822736577 0)
(0.2782304389 0.6822736577 0)
(0.291182151 0.6822736577 0)
(0.3044733187 0.6822736577 0)
(0.3181128388 0.6822736577 0)
(0.3321098415 0.6822736577 0)
(0.3464736962 0.6822736577 0)
(0.3612140177 0.6822736577 0)
(0.3763406731 0.6822736577 0)
(0.3918637878 0.6822736577 0)
(0.4077937529 0.6822736577 0)
(0.4241412315 0.6822736577 0)
(0.4409171664 0.6822736577 0)
(0.4581327871 0.6822736577 0)
(0.4757996177 0.6822736577 0)
(0.4939294838 0.6822736577 0)
(0.5125345214 0.6822736577 0)
(0.5316271845 0.6822736577 0)
(0.5512202532 0.6822736577 0)
(0.571326843 0.6822736577 0)
(0.5919604129 0.6822736577 0)
(0.6131347746 0.6822736577 0)
(0.634864102 0.6822736577 0)
(0.6571629403 0.6822736577 0)
(0.680046216 0.6822736577 0)
(0.7035292468 0.6822736577 0)
(0.7276277519 0.6822736577 0)
(0.7523578625 0.6822736577 0)
(0.7777361325 0.6822736577 0)
(0.8037795497 0.6822736577 0)
(0.8305055472 0.6822736577 0)
(0.857932015 0.6822736577 0)
(0.8860773118 0.6822736577 0)
(0.9149602778 0.6822736577 0)
(0.9446002467 0.6822736577 0)
(0.9750170591 0.6822736577 0)
(1.006231075 0.6822736577 0)
(1.03826319 0.6822736577 0)
(1.071134845 0.6822736577 0)
(1.104868043 0.6822736577 0)
(1.139485365 0.6822736577 0)
(1.175009984 0.6822736577 0)
(1.21146568 0.6822736577 0)
(1.248876854 0.6822736577 0)
(1.287268549 0.6822736577 0)
(1.326666465 0.6822736577 0)
(1.367096974 0.6822736577 0)
(1.408587139 0.6822736577 0)
(1.451164732 0.6822736577 0)
(1.494858256 0.6822736577 0)
(1.539696957 0.6822736577 0)
(1.58571085 0.6822736577 0)
(1.632930737 0.6822736577 0)
(1.681388224 0.6822736577 0)
(1.731115749 0.6822736577 0)
(1.782146599 0.6822736577 0)
(1.834514932 0.6822736577 0)
(1.888255804 0.6822736577 0)
(1.943405188 0.6822736577 0)
(2 0.6822736577 0)
(0.005659481181 0.7088155293 0)
(0.01146729352 0.7088155293 0)
(0.01742732468 0.7088155293 0)
(0.02354356421 0.7088155293 0)
(0.02982010622 0.7088155293 0)
(0.03626115215 0.7088155293 0)
(0.04287101351 0.7088155293 0)
(0.04965411485 0.7088155293 0)
(0.05661499667 0.7088155293 0)
(0.06375831848 0.7088155293 0)
(0.0710888619 0.7088155293 0)
(0.07861153389 0.7088155293 0)
(0.08633137 0.7088155293 0)
(0.09425353778 0.7088155293 0)
(0.1023833402 0.7088155293 0)
(0.1107262192 0.7088155293 0)
(0.1192877594 0.7088155293 0)
(0.1280736918 0.7088155293 0)
(0.1370898975 0.7088155293 0)
(0.1463424118 0.7088155293 0)
(0.1558374283 0.7088155293 0)
(0.1655813027 0.7088155293 0)
(0.1755805574 0.7088155293 0)
(0.1858418858 0.7088155293 0)
(0.1963721566 0.7088155293 0)
(0.2071784187 0.7088155293 0)
(0.2182679056 0.7088155293 0)
(0.2296480404 0.7088155293 0)
(0.2413264408 0.7088155293 0)
(0.2533109242 0.7088155293 0)
(0.2656095127 0.7088155293 0)
(0.2782304389 0.7088155293 0)
(0.291182151 0.7088155293 0)
(0.3044733187 0.7088155293 0)
(0.3181128388 0.7088155293 0)
(0.3321098415 0.7088155293 0)
(0.3464736962 0.7088155293 0)
(0.3612140177 0.7088155293 0)
(0.3763406731 0.7088155293 0)
(0.3918637878 0.7088155293 0)
(0.4077937529 0.7088155293 0)
(0.4241412315 0.7088155293 0)
(0.4409171664 0.7088155293 0)
(0.4581327871 0.7088155293 0)
(0.4757996177 0.7088155293 0)
(0.4939294838 0.7088155293 0)
(0.5125345214 0.7088155293 0)
(0.5316271845 0.7088155293 0)
(0.5512202532 0.7088155293 0)
(0.571326843 0.7088155293 0)
(0.5919604129 0.7088155293 0)
(0.6131347746 0.7088155293 0)
(0.634864102 0.7088155293 0)
(0.6571629403 0.7088155293 0)
(0.680046216 0.7088155293 0)
(0.7035292468 0.7088155293 0)
(0.7276277519 0.7088155293 0)
(0.7523578625 0.7088155293 0)
(0.7777361325 0.7088155293 0)
(0.8037795497 0.7088155293 0)
(0.8305055472 0.7088155293 0)
(0.857932015 0.7088155293 0)
(0.8860773118 0.7088155293 0)
(0.9149602778 0.7088155293 0)
(0.9446002467 0.7088155293 0)
(0.9750170591 0.7088155293 0)
(1.006231075 0.7088155293 0)
(1.03826319 0.7088155293 0)
(1.071134845 0.7088155293 0)
(1.104868043 0.7088155293 0)
(1.139485365 0.7088155293 0)
(1.175009984 0.7088155293 0)
(1.21146568 0.7088155293 0)
(1.248876854 0.7088155293 0)
(1.287268549 0.7088155293 0)
(1.326666465 0.7088155293 0)
(1.367096974 0.7088155293 0)
(1.408587139 0.7088155293 0)
(1.451164732 0.7088155293 0)
(1.494858256 0.7088155293 0)
(1.539696957 0.7088155293 0)
(1.58571085 0.7088155293 0)
(1.632930737 0.7088155293 0)
(1.681388224 0.7088155293 0)
(1.731115749 0.7088155293 0)
(1.782146599 0.7088155293 0)
(1.834514932 0.7088155293 0)
(1.888255804 0.7088155293 0)
(1.943405188 0.7088155293 0)
(2 0.7088155293 0)
(0.005659481181 0.7361423918 0)
(0.01146729352 0.7361423918 0)
(0.01742732468 0.7361423918 0)
(0.02354356421 0.7361423918 0)
(0.02982010622 0.7361423918 0)
(0.03626115215 0.7361423918 0)
(0.04287101351 0.7361423918 0)
(0.04965411485 0.7361423918 0)
(0.05661499667 0.7361423918 0)
(0.06375831848 0.7361423918 0)
(0.0710888619 0.7361423918 0)
(0.07861153389 0.7361423918 0)
(0.08633137 0.7361423918 0)
(0.09425353778 0.7361423918 0)
(0.1023833402 0.7361423918 0)
(0.1107262192 0.7361423918 0)
(0.1192877594 0.7361423918 0)
(0.1280736918 0.7361423918 0)
(0.1370898975 0.7361423918 0)
(0.1463424118 0.7361423918 0)
(0.1558374283 0.7361423918 0)
(0.1655813027 0.7361423918 0)
(0.1755805574 0.7361423918 0)
(0.1858418858 0.7361423918 0)
(0.1963721566 0.7361423918 0)
(0.2071784187 0.7361423918 0)
(0.2182679056 0.7361423918 0)
(0.2296480404 0.7361423918 0)
(0.2413264408 0.7361423918 0)
(0.2533109242 0.7361423918 0)
(0.2656095127 0.7361423918 0)
(0.2782304389 0.7361423918 0)
(0.291182151 0.7361423918 0)
(0.3044733187 0.7361423918 0)
(0.3181128388 0.7361423918 0)
(0.3321098415 0.7361423918 0)
(0.3464736962 0.7361423918 0)
(0.3612140177 0.7361423918 0)
(0.3763406731 0.7361423918 0)
(0.3918637878 0.7361423918 0)
(0.4077937529 0.7361423918 0)
(0.4241412315 0.7361423918 0)
(0.4409171664 0.7361423918 0)
(0.4581327871 0.7361423918 0)
(0.4757996177 0.7361423918 0)
(0.4939294838 0.7361423918 0)
(0.5125345214 0.7361423918 0)
(0.5316271845 0.7361423918 0)
(0.5512202532 0.7361423918 0)
(0.571326843 0.7361423918 0)
(0.5919604129 0.7361423918 0)
(0.6131347746 0.7361423918 0)
(0.634864102 0.7361423918 0)
(0.6571629403 0.7361423918 0)
(0.680046216 0.7361423918 0)
(0.7035292468 0.7361423918 0)
(0.7276277519 0.7361423918 0)
(0.7523578625 0.7361423918 0)
(0.7777361325 0.7361423918 0)
(0.8037795497 0.7361423918 0)
(0.8305055472 0.7361423918 0)
(0.857932015 0.7361423918 0)
(0.8860773118 0.7361423918 0)
(0.9149602778 0.7361423918 0)
(0.9446002467 0.7361423918 0)
(0.9750170591 0.7361423918 0)
(1.006231075 0.7361423918 0)
(1.03826319 0.7361423918 0)
(1.071134845 0.7361423918 0)
(1.104868043 0.7361423918 0)
(1.139485365 0.7361423918 0)
(1.175009984 0.7361423918 0)
(1.21146568 0.7361423918 0)
(1.248876854 0.7361423918 0)
(1.287268549 0.7361423918 0)
(1.326666465 0.7361423918 0)
(1.367096974 0.7361423918 0)
(1.408587139 0.7361423918 0)
(1.451164732 0.7361423918 0)
(1.494858256 0.7361423918 0)
(1.539696957 0.7361423918 0)
(1.58571085 0.7361423918 0)
(1.632930737 0.7361423918 0)
(1.681388224 0.7361423918 0)
(1.731115749 0.7361423918 0)
(1.782146599 0.7361423918 0)
(1.834514932 0.7361423918 0)
(1.888255804 0.7361423918 0)
(1.943405188 0.7361423918 0)
(2 0.7361423918 0)
(0.005659481181 0.7642774618 0)
(0.01146729352 0.7642774618 0)
(0.01742732468 0.7642774618 0)
(0.02354356421 0.7642774618 0)
(0.02982010622 0.7642774618 0)
(0.03626115215 0.7642774618 0)
(0.04287101351 0.7642774618 0)
(0.04965411485 0.7642774618 0)
(0.05661499667 0.7642774618 0)
(0.06375831848 0.7642774618 0)
(0.0710888619 0.7642774618 0)
(0.07861153389 0.7642774618 0)
(0.08633137 0.7642774618 0)
(0.09425353778 0.7642774618 0)
(0.1023833402 0.7642774618 0)
(0.1107262192 0.7642774618 0)
(0.1192877594 0.7642774618 0)
(0.1280736918 0.7642774618 0)
(0.1370898975 0.7642774618 0)
(0.1463424118 0.7642774618 0)
(0.1558374283 0.7642774618 0)
(0.1655813027 0.7642774618 0)
(0.1755805574 0.7642774618 0)
(0.1858418858 0.7642774618 0)
(0.1963721566 0.7642774618 0)
(0.2071784187 0.7642774618 0)
(0.2182679056 0.7642774618 0)
(0.2296480404 0.7642774618 0)
(0.2413264408 0.7642774618 0)
(0.2533109242 0.7642774618 0)
(0.2656095127 0.7642774618 0)
(0.2782304389 0.7642774618 0)
(0.291182151 0.7642774618 0)
(0.3044733187 0.7642774618 0)
(0.3181128388 0.7642774618 0)
(0.3321098415 0.7642774618 0)
(0.3464736962 0.7642774618 0)
(0.3612140177 0.7642774618 0)
(0.3763406731 0.7642774618 0)
(0.3918637878 0.7642774618 0)
(0.4077937529 0.7642774618 0)
(0.4241412315 0.7642774618 0)
(0.4409171664 0.7642774618 0)
(0.4581327871 0.7642774618 0)
(0.4757996177 0.7642774618 0)
(0.4939294838 0.7642774618 0)
(0.5125345214 0.7642774618 0)
(0.5316271845 0.7642774618 0)
(0.5512202532 0.7642774618 0)
(0.571326843 0.7642774618 0)
(0.5919604129 0.7642774618 0)
(0.6131347746 0.7642774618 0)
(0.634864102 0.7642774618 0)
(0.6571629403 0.7642774618 0)
(0.680046216 0.7642774618 0)
(0.7035292468 0.7642774618 0)
(0.7276277519 0.7642774618 0)
(0.7523578625 0.7642774618 0)
(0.7777361325 0.7642774618 0)
(0.8037795497 0.7642774618 0)
(0.8305055472 0.7642774618 0)
(0.857932015 0.7642774618 0)
(0.8860773118 0.7642774618 0)
(0.9149602778 0.7642774618 0)
(0.9446002467 0.7642774618 0)
(0.9750170591 0.7642774618 0)
(1.006231075 0.7642774618 0)
(1.03826319 0.7642774618 0)
(1.071134845 0.7642774618 0)
(1.104868043 0.7642774618 0)
(1.139485365 0.7642774618 0)
(1.175009984 0.7642774618 0)
(1.21146568 0.7642774618 0)
(1.248876854 0.7642774618 0)
(1.287268549 0.7642774618 0)
(1.326666465 0.7642774618 0)
(1.367096974 0.7642774618 0)
(1.408587139 0.7642774618 0)
(1.451164732 0.7642774618 0)
(1.494858256 0.7642774618 0)
(1.539696957 0.7642774618 0)
(1.58571085 0.7642774618 0)
(1.632930737 0.7642774618 0)
(1.681388224 0.7642774618 0)
(1.731115749 0.7642774618 0)
(1.782146599 0.7642774618 0)
(1.834514932 0.7642774618 0)
(1.888255804 0.7642774618 0)
(1.943405188 0.7642774618 0)
(2 0.7642774618 0)
(0.005659481181 0.7932446424 0)
(0.01146729352 0.7932446424 0)
(0.01742732468 0.7932446424 0)
(0.02354356421 0.7932446424 0)
(0.02982010622 0.7932446424 0)
(0.03626115215 0.7932446424 0)
(0.04287101351 0.7932446424 0)
(0.04965411485 0.7932446424 0)
(0.05661499667 0.7932446424 0)
(0.06375831848 0.7932446424 0)
(0.0710888619 0.7932446424 0)
(0.07861153389 0.7932446424 0)
(0.08633137 0.7932446424 0)
(0.09425353778 0.7932446424 0)
(0.1023833402 0.7932446424 0)
(0.1107262192 0.7932446424 0)
(0.1192877594 0.7932446424 0)
(0.1280736918 0.7932446424 0)
(0.1370898975 0.7932446424 0)
(0.1463424118 0.7932446424 0)
(0.1558374283 0.7932446424 0)
(0.1655813027 0.7932446424 0)
(0.1755805574 0.7932446424 0)
(0.1858418858 0.7932446424 0)
(0.1963721566 0.7932446424 0)
(0.2071784187 0.7932446424 0)
(0.2182679056 0.7932446424 0)
(0.2296480404 0.7932446424 0)
(0.2413264408 0.7932446424 0)
(0.2533109242 0.7932446424 0)
(0.2656095127 0.7932446424 0)
(0.2782304389 0.7932446424 0)
(0.291182151 0.7932446424 0)
(0.3044733187 0.7932446424 0)
(0.3181128388 0.7932446424 0)
(0.3321098415 0.7932446424 0)
(0.3464736962 0.7932446424 0)
(0.3612140177 0.7932446424 0)
(0.3763406731 0.7932446424 0)
(0.3918637878 0.7932446424 0)
(0.4077937529 0.7932446424 0)
(0.4241412315 0.7932446424 0)
(0.4409171664 0.7932446424 0)
(0.4581327871 0.7932446424 0)
(0.4757996177 0.7932446424 0)
(0.4939294838 0.7932446424 0)
(0.5125345214 0.7932446424 0)
(0.5316271845 0.7932446424 0)
(0.5512202532 0.7932446424 0)
(0.571326843 0.7932446424 0)
(0.5919604129 0.7932446424 0)
(0.6131347746 0.7932446424 0)
(0.634864102 0.7932446424 0)
(0.6571629403 0.7932446424 0)
(0.680046216 0.7932446424 0)
(0.7035292468 0.7932446424 0)
(0.7276277519 0.7932446424 0)
(0.7523578625 0.7932446424 0)
(0.7777361325 0.7932446424 0)
(0.8037795497 0.7932446424 0)
(0.8305055472 0.7932446424 0)
(0.857932015 0.7932446424 0)
(0.8860773118 0.7932446424 0)
(0.9149602778 0.7932446424 0)
(0.9446002467 0.7932446424 0)
(0.9750170591 0.7932446424 0)
(1.006231075 0.7932446424 0)
(1.03826319 0.7932446424 0)
(1.071134845 0.7932446424 0)
(1.104868043 0.7932446424 0)
(1.139485365 0.7932446424 0)
(1.175009984 0.7932446424 0)
(1.21146568 0.7932446424 0)
(1.248876854 0.7932446424 0)
(1.287268549 0.7932446424 0)
(1.326666465 0.7932446424 0)
(1.367096974 0.7932446424 0)
(1.408587139 0.7932446424 0)
(1.451164732 0.7932446424 0)
(1.494858256 0.7932446424 0)
(1.539696957 0.7932446424 0)
(1.58571085 0.7932446424 0)
(1.632930737 0.7932446424 0)
(1.681388224 0.7932446424 0)
(1.731115749 0.7932446424 0)
(1.782146599 0.7932446424 0)
(1.834514932 0.7932446424 0)
(1.888255804 0.7932446424 0)
(1.943405188 0.7932446424 0)
(2 0.7932446424 0)
(0.005659481181 0.8230685438 0)
(0.01146729352 0.8230685438 0)
(0.01742732468 0.8230685438 0)
(0.02354356421 0.8230685438 0)
(0.02982010622 0.8230685438 0)
(0.03626115215 0.8230685438 0)
(0.04287101351 0.8230685438 0)
(0.04965411485 0.8230685438 0)
(0.05661499667 0.8230685438 0)
(0.06375831848 0.8230685438 0)
(0.0710888619 0.8230685438 0)
(0.07861153389 0.8230685438 0)
(0.08633137 0.8230685438 0)
(0.09425353778 0.8230685438 0)
(0.1023833402 0.8230685438 0)
(0.1107262192 0.8230685438 0)
(0.1192877594 0.8230685438 0)
(0.1280736918 0.8230685438 0)
(0.1370898975 0.8230685438 0)
(0.1463424118 0.8230685438 0)
(0.1558374283 0.8230685438 0)
(0.1655813027 0.8230685438 0)
(0.1755805574 0.8230685438 0)
(0.1858418858 0.8230685438 0)
(0.1963721566 0.8230685438 0)
(0.2071784187 0.8230685438 0)
(0.2182679056 0.8230685438 0)
(0.2296480404 0.8230685438 0)
(0.2413264408 0.8230685438 0)
(0.2533109242 0.8230685438 0)
(0.2656095127 0.8230685438 0)
(0.2782304389 0.8230685438 0)
(0.291182151 0.8230685438 0)
(0.3044733187 0.8230685438 0)
(0.3181128388 0.8230685438 0)
(0.3321098415 0.8230685438 0)
(0.3464736962 0.8230685438 0)
(0.3612140177 0.8230685438 0)
(0.3763406731 0.8230685438 0)
(0.3918637878 0.8230685438 0)
(0.4077937529 0.8230685438 0)
(0.4241412315 0.8230685438 0)
(0.4409171664 0.8230685438 0)
(0.4581327871 0.8230685438 0)
(0.4757996177 0.8230685438 0)
(0.4939294838 0.8230685438 0)
(0.5125345214 0.8230685438 0)
(0.5316271845 0.8230685438 0)
(0.5512202532 0.8230685438 0)
(0.571326843 0.8230685438 0)
(0.5919604129 0.8230685438 0)
(0.6131347746 0.8230685438 0)
(0.634864102 0.8230685438 0)
(0.6571629403 0.8230685438 0)
(0.680046216 0.8230685438 0)
(0.7035292468 0.8230685438 0)
(0.7276277519 0.8230685438 0)
(0.7523578625 0.8230685438 0)
(0.7777361325 0.8230685438 0)
(0.8037795497 0.8230685438 0)
(0.8305055472 0.8230685438 0)
(0.857932015 0.8230685438 0)
(0.8860773118 0.8230685438 0)
(0.9149602778 0.8230685438 0)
(0.9446002467 0.8230685438 0)
(0.9750170591 0.8230685438 0)
(1.006231075 0.8230685438 0)
(1.03826319 0.8230685438 0)
(1.071134845 0.8230685438 0)
(1.104868043 0.8230685438 0)
(1.139485365 0.8230685438 0)
(1.175009984 0.8230685438 0)
(1.21146568 0.8230685438 0)
(1.248876854 0.8230685438 0)
(1.287268549 0.8230685438 0)
(1.326666465 0.8230685438 0)
(1.367096974 0.8230685438 0)
(1.408587139 0.8230685438 0)
(1.451164732 0.8230685438 0)
(1.494858256 0.8230685438 0)
(1.539696957 0.8230685438 0)
(1.58571085 0.8230685438 0)
(1.632930737 0.8230685438 0)
(1.681388224 0.8230685438 0)
(1.731115749 0.8230685438 0)
(1.782146599 0.8230685438 0)
(1.834514932 0.8230685438 0)
(1.888255804 0.8230685438 0)
(1.943405188 0.8230685438 0)
(2 0.8230685438 0)
(0.005659481181 0.853774504 0)
(0.01146729352 0.853774504 0)
(0.01742732468 0.853774504 0)
(0.02354356421 0.853774504 0)
(0.02982010622 0.853774504 0)
(0.03626115215 0.853774504 0)
(0.04287101351 0.853774504 0)
(0.04965411485 0.853774504 0)
(0.05661499667 0.853774504 0)
(0.06375831848 0.853774504 0)
(0.0710888619 0.853774504 0)
(0.07861153389 0.853774504 0)
(0.08633137 0.853774504 0)
(0.09425353778 0.853774504 0)
(0.1023833402 0.853774504 0)
(0.1107262192 0.853774504 0)
(0.1192877594 0.853774504 0)
(0.1280736918 0.853774504 0)
(0.1370898975 0.853774504 0)
(0.1463424118 0.853774504 0)
(0.1558374283 0.853774504 0)
(0.1655813027 0.853774504 0)
(0.1755805574 0.853774504 0)
(0.1858418858 0.853774504 0)
(0.1963721566 0.853774504 0)
(0.2071784187 0.853774504 0)
(0.2182679056 0.853774504 0)
(0.2296480404 0.853774504 0)
(0.2413264408 0.853774504 0)
(0.2533109242 0.853774504 0)
(0.2656095127 0.853774504 0)
(0.2782304389 0.853774504 0)
(0.291182151 0.853774504 0)
(0.3044733187 0.853774504 0)
(0.3181128388 0.853774504 0)
(0.3321098415 0.853774504 0)
(0.3464736962 0.853774504 0)
(0.3612140177 0.853774504 0)
(0.3763406731 0.853774504 0)
(0.3918637878 0.853774504 0)
(0.4077937529 0.853774504 0)
(0.4241412315 0.853774504 0)
(0.4409171664 0.853774504 0)
(0.4581327871 0.853774504 0)
(0.4757996177 0.853774504 0)
(0.4939294838 0.853774504 0)
(0.5125345214 0.853774504 0)
(0.5316271845 0.853774504 0)
(0.5512202532 0.853774504 0)
(0.571326843 0.853774504 0)
(0.5919604129 0.853774504 0)
(0.6131347746 0.853774504 0)
(0.634864102 0.853774504 0)
(0.6571629403 0.853774504 0)
(0.680046216 0.853774504 0)
(0.7035292468 0.853774504 0)
(0.7276277519 0.853774504 0)
(0.7523578625 0.853774504 0)
(0.7777361325 0.853774504 0)
(0.8037795497 0.853774504 0)
(0.8305055472 0.853774504 0)
(0.857932015 0.853774504 0)
(0.8860773118 0.853774504 0)
(0.9149602778 0.853774504 0)
(0.9446002467 0.853774504 0)
(0.9750170591 0.853774504 0)
(1.006231075 0.853774504 0)
(1.03826319 0.853774504 0)
(1.071134845 0.853774504 0)
(1.104868043 0.853774504 0)
(1.139485365 0.853774504 0)
(1.175009984 0.853774504 0)
(1.21146568 0.853774504 0)
(1.248876854 0.853774504 0)
(1.287268549 0.853774504 0)
(1.326666465 0.853774504 0)
(1.367096974 0.853774504 0)
(1.408587139 0.853774504 0)
(1.451164732 0.853774504 0)
(1.494858256 0.853774504 0)
(1.539696957 0.853774504 0)
(1.58571085 0.853774504 0)
(1.632930737 0.853774504 0)
(1.681388224 0.853774504 0)
(1.731115749 0.853774504 0)
(1.782146599 0.853774504 0)
(1.834514932 0.853774504 0)
(1.888255804 0.853774504 0)
(1.943405188 0.853774504 0)
(2 0.853774504 0)
(0.005659481181 0.8853886105 0)
(0.01146729352 0.8853886105 0)
(0.01742732468 0.8853886105 0)
(0.02354356421 0.8853886105 0)
(0.02982010622 0.8853886105 0)
(0.03626115215 0.8853886105 0)
(0.04287101351 0.8853886105 0)
(0.04965411485 0.8853886105 0)
(0.05661499667 0.8853886105 0)
(0.06375831848 0.8853886105 0)
(0.0710888619 0.8853886105 0)
(0.07861153389 0.8853886105 0)
(0.08633137 0.8853886105 0)
(0.09425353778 0.8853886105 0)
(0.1023833402 0.8853886105 0)
(0.1107262192 0.8853886105 0)
(0.1192877594 0.8853886105 0)
(0.1280736918 0.8853886105 0)
(0.1370898975 0.8853886105 0)
(0.1463424118 0.8853886105 0)
(0.1558374283 0.8853886105 0)
(0.1655813027 0.8853886105 0)
(0.1755805574 0.8853886105 0)
(0.1858418858 0.8853886105 0)
(0.1963721566 0.8853886105 0)
(0.2071784187 0.8853886105 0)
(0.2182679056 0.8853886105 0)
(0.2296480404 0.8853886105 0)
(0.2413264408 0.8853886105 0)
(0.2533109242 0.8853886105 0)
(0.2656095127 0.8853886105 0)
(0.2782304389 0.8853886105 0)
(0.291182151 0.8853886105 0)
(0.3044733187 0.8853886105 0)
(0.3181128388 0.8853886105 0)
(0.3321098415 0.8853886105 0)
(0.3464736962 0.8853886105 0)
(0.3612140177 0.8853886105 0)
(0.3763406731 0.8853886105 0)
(0.3918637878 0.8853886105 0)
(0.4077937529 0.8853886105 0)
(0.4241412315 0.8853886105 0)
(0.4409171664 0.8853886105 0)
(0.4581327871 0.8853886105 0)
(0.4757996177 0.8853886105 0)
(0.4939294838 0.8853886105 0)
(0.5125345214 0.8853886105 0)
(0.5316271845 0.8853886105 0)
(0.5512202532 0.8853886105 0)
(0.571326843 0.8853886105 0)
(0.5919604129 0.8853886105 0)
(0.6131347746 0.8853886105 0)
(0.634864102 0.8853886105 0)
(0.6571629403 0.8853886105 0)
(0.680046216 0.8853886105 0)
(0.7035292468 0.8853886105 0)
(0.7276277519 0.8853886105 0)
(0.7523578625 0.8853886105 0)
(0.7777361325 0.8853886105 0)
(0.8037795497 0.8853886105 0)
(0.8305055472 0.8853886105 0)
(0.857932015 0.8853886105 0)
(0.8860773118 0.8853886105 0)
(0.9149602778 0.8853886105 0)
(0.9446002467 0.8853886105 0)
(0.9750170591 0.8853886105 0)
(1.006231075 0.8853886105 0)
(1.03826319 0.8853886105 0)
(1.071134845 0.8853886105 0)
(1.104868043 0.8853886105 0)
(1.139485365 0.8853886105 0)
(1.175009984 0.8853886105 0)
(1.21146568 0.8853886105 0)
(1.248876854 0.8853886105 0)
(1.287268549 0.8853886105 0)
(1.326666465 0.8853886105 0)
(1.367096974 0.8853886105 0)
(1.408587139 0.8853886105 0)
(1.451164732 0.8853886105 0)
(1.494858256 0.8853886105 0)
(1.539696957 0.8853886105 0)
(1.58571085 0.8853886105 0)
(1.632930737 0.8853886105 0)
(1.681388224 0.8853886105 0)
(1.731115749 0.8853886105 0)
(1.782146599 0.8853886105 0)
(1.834514932 0.8853886105 0)
(1.888255804 0.8853886105 0)
(1.943405188 0.8853886105 0)
(2 0.8853886105 0)
(0.005659481181 0.917937722 0)
(0.01146729352 0.917937722 0)
(0.01742732468 0.917937722 0)
(0.02354356421 0.917937722 0)
(0.02982010622 0.917937722 0)
(0.03626115215 0.917937722 0)
(0.04287101351 0.917937722 0)
(0.04965411485 0.917937722 0)
(0.05661499667 0.917937722 0)
(0.06375831848 0.917937722 0)
(0.0710888619 0.917937722 0)
(0.07861153389 0.917937722 0)
(0.08633137 0.917937722 0)
(0.09425353778 0.917937722 0)
(0.1023833402 0.917937722 0)
(0.1107262192 0.917937722 0)
(0.1192877594 0.917937722 0)
(0.1280736918 0.917937722 0)
(0.1370898975 0.917937722 0)
(0.1463424118 0.917937722 0)
(0.1558374283 0.917937722 0)
(0.1655813027 0.917937722 0)
(0.1755805574 0.917937722 0)
(0.1858418858 0.917937722 0)
(0.1963721566 0.917937722 0)
(0.2071784187 0.917937722 0)
(0.2182679056 0.917937722 0)
(0.2296480404 0.917937722 0)
(0.2413264408 0.917937722 0)
(0.2533109242 0.917937722 0)
(0.2656095127 0.917937722 0)
(0.2782304389 0.917937722 0)
(0.291182151 0.917937722 0)
(0.3044733187 0.917937722 0)
(0.3181128388 0.917937722 0)
(0.3321098415 0.917937722 0)
(0.3464736962 0.917937722 0)
(0.3612140177 0.917937722 0)
(0.3763406731 0.917937722 0)
(0.3918637878 0.917937722 0)
(0.4077937529 0.917937722 0)
(0.4241412315 0.917937722 0)
(0.4409171664 0.917937722 0)
(0.4581327871 0.917937722 0)
(0.4757996177 0.917937722 0)
(0.4939294838 0.917937722 0)
(0.5125345214 0.917937722 0)
(0.5316271845 0.917937722 0)
(0.5512202532 0.917937722 0)
(0.571326843 0.917937722 0)
(0.5919604129 0.917937722 0)
(0.6131347746 0.917937722 0)
(0.634864102 0.917937722 0)
(0.6571629403 0.917937722 0)
(0.680046216 0.917937722 0)
(0.7035292468 0.917937722 0)
(0.7276277519 0.917937722 0)
(0.7523578625 0.917937722 0)
(0.7777361325 0.917937722 0)
(0.8037795497 0.917937722 0)
(0.8305055472 0.917937722 0)
(0.857932015 0.917937722 0)
(0.8860773118 0.917937722 0)
(0.9149602778 0.917937722 0)
(0.9446002467 0.917937722 0)
(0.9750170591 0.917937722 0)
(1.006231075 0.917937722 0)
(1.03826319 0.917937722 0)
(1.071134845 0.917937722 0)
(1.104868043 0.917937722 0)
(1.139485365 0.917937722 0)
(1.175009984 0.917937722 0)
(1.21146568 0.917937722 0)
(1.248876854 0.917937722 0)
(1.287268549 0.917937722 0)
(1.326666465 0.917937722 0)
(1.367096974 0.917937722 0)
(1.408587139 0.917937722 0)
(1.451164732 0.917937722 0)
(1.494858256 0.917937722 0)
(1.539696957 0.917937722 0)
(1.58571085 0.917937722 0)
(1.632930737 0.917937722 0)
(1.681388224 0.917937722 0)
(1.731115749 0.917937722 0)
(1.782146599 0.917937722 0)
(1.834514932 0.917937722 0)
(1.888255804 0.917937722 0)
(1.943405188 0.917937722 0)
(2 0.917937722 0)
(0.005659481181 0.951449492 0)
(0.01146729352 0.951449492 0)
(0.01742732468 0.951449492 0)
(0.02354356421 0.951449492 0)
(0.02982010622 0.951449492 0)
(0.03626115215 0.951449492 0)
(0.04287101351 0.951449492 0)
(0.04965411485 0.951449492 0)
(0.05661499667 0.951449492 0)
(0.06375831848 0.951449492 0)
(0.0710888619 0.951449492 0)
(0.07861153389 0.951449492 0)
(0.08633137 0.951449492 0)
(0.09425353778 0.951449492 0)
(0.1023833402 0.951449492 0)
(0.1107262192 0.951449492 0)
(0.1192877594 0.951449492 0)
(0.1280736918 0.951449492 0)
(0.1370898975 0.951449492 0)
(0.1463424118 0.951449492 0)
(0.1558374283 0.951449492 0)
(0.1655813027 0.951449492 0)
(0.1755805574 0.951449492 0)
(0.1858418858 0.951449492 0)
(0.1963721566 0.951449492 0)
(0.2071784187 0.951449492 0)
(0.2182679056 0.951449492 0)
(0.2296480404 0.951449492 0)
(0.2413264408 0.951449492 0)
(0.2533109242 0.951449492 0)
(0.2656095127 0.951449492 0)
(0.2782304389 0.951449492 0)
(0.291182151 0.951449492 0)
(0.3044733187 0.951449492 0)
(0.3181128388 0.951449492 0)
(0.3321098415 0.951449492 0)
(0.3464736962 0.951449492 0)
(0.3612140177 0.951449492 0)
(0.3763406731 0.951449492 0)
(0.3918637878 0.951449492 0)
(0.4077937529 0.951449492 0)
(0.4241412315 0.951449492 0)
(0.4409171664 0.951449492 0)
(0.4581327871 0.951449492 0)
(0.4757996177 0.951449492 0)
(0.4939294838 0.951449492 0)
(0.5125345214 0.951449492 0)
(0.5316271845 0.951449492 0)
(0.5512202532 0.951449492 0)
(0.571326843 0.951449492 0)
(0.5919604129 0.951449492 0)
(0.6131347746 0.951449492 0)
(0.634864102 0.951449492 0)
(0.6571629403 0.951449492 0)
(0.680046216 0.951449492 0)
(0.7035292468 0.951449492 0)
(0.7276277519 0.951449492 0)
(0.7523578625 0.951449492 0)
(0.7777361325 0.951449492 0)
(0.8037795497 0.951449492 0)
(0.8305055472 0.951449492 0)
(0.857932015 0.951449492 0)
(0.8860773118 0.951449492 0)
(0.9149602778 0.951449492 0)
(0.9446002467 0.951449492 0)
(0.9750170591 0.951449492 0)
(1.006231075 0.951449492 0)
(1.03826319 0.951449492 0)
(1.071134845 0.951449492 0)
(1.104868043 0.951449492 0)
(1.139485365 0.951449492 0)
(1.175009984 0.951449492 0)
(1.21146568 0.951449492 0)
(1.248876854 0.951449492 0)
(1.287268549 0.951449492 0)
(1.326666465 0.951449492 0)
(1.367096974 0.951449492 0)
(1.408587139 0.951449492 0)
(1.451164732 0.951449492 0)
(1.494858256 0.951449492 0)
(1.539696957 0.951449492 0)
(1.58571085 0.951449492 0)
(1.632930737 0.951449492 0)
(1.681388224 0.951449492 0)
(1.731115749 0.951449492 0)
(1.782146599 0.951449492 0)
(1.834514932 0.951449492 0)
(1.888255804 0.951449492 0)
(1.943405188 0.951449492 0)
(2 0.951449492 0)
(0.005659481181 0.9859523916 0)
(0.01146729352 0.9859523916 0)
(0.01742732468 0.9859523916 0)
(0.02354356421 0.9859523916 0)
(0.02982010622 0.9859523916 0)
(0.03626115215 0.9859523916 0)
(0.04287101351 0.9859523916 0)
(0.04965411485 0.9859523916 0)
(0.05661499667 0.9859523916 0)
(0.06375831848 0.9859523916 0)
(0.0710888619 0.9859523916 0)
(0.07861153389 0.9859523916 0)
(0.08633137 0.9859523916 0)
(0.09425353778 0.9859523916 0)
(0.1023833402 0.9859523916 0)
(0.1107262192 0.9859523916 0)
(0.1192877594 0.9859523916 0)
(0.1280736918 0.9859523916 0)
(0.1370898975 0.9859523916 0)
(0.1463424118 0.9859523916 0)
(0.1558374283 0.9859523916 0)
(0.1655813027 0.9859523916 0)
(0.1755805574 0.9859523916 0)
(0.1858418858 0.9859523916 0)
(0.1963721566 0.9859523916 0)
(0.2071784187 0.9859523916 0)
(0.2182679056 0.9859523916 0)
(0.2296480404 0.9859523916 0)
(0.2413264408 0.9859523916 0)
(0.2533109242 0.9859523916 0)
(0.2656095127 0.9859523916 0)
(0.2782304389 0.9859523916 0)
(0.291182151 0.9859523916 0)
(0.3044733187 0.9859523916 0)
(0.3181128388 0.9859523916 0)
(0.3321098415 0.9859523916 0)
(0.3464736962 0.9859523916 0)
(0.3612140177 0.9859523916 0)
(0.3763406731 0.9859523916 0)
(0.3918637878 0.9859523916 0)
(0.4077937529 0.9859523916 0)
(0.4241412315 0.9859523916 0)
(0.4409171664 0.9859523916 0)
(0.4581327871 0.9859523916 0)
(0.4757996177 0.9859523916 0)
(0.4939294838 0.9859523916 0)
(0.5125345214 0.9859523916 0)
(0.5316271845 0.9859523916 0)
(0.5512202532 0.9859523916 0)
(0.571326843 0.9859523916 0)
(0.5919604129 0.9859523916 0)
(0.6131347746 0.9859523916 0)
(0.634864102 0.9859523916 0)
(0.6571629403 0.9859523916 0)
(0.680046216 0.9859523916 0)
(0.7035292468 0.9859523916 0)
(0.7276277519 0.9859523916 0)
(0.7523578625 0.9859523916 0)
(0.7777361325 0.9859523916 0)
(0.8037795497 0.9859523916 0)
(0.8305055472 0.9859523916 0)
(0.857932015 0.9859523916 0)
(0.8860773118 0.9859523916 0)
(0.9149602778 0.9859523916 0)
(0.9446002467 0.9859523916 0)
(0.9750170591 0.9859523916 0)
(1.006231075 0.9859523916 0)
(1.03826319 0.9859523916 0)
(1.071134845 0.9859523916 0)
(1.104868043 0.9859523916 0)
(1.139485365 0.9859523916 0)
(1.175009984 0.9859523916 0)
(1.21146568 0.9859523916 0)
(1.248876854 0.9859523916 0)
(1.287268549 0.9859523916 0)
(1.326666465 0.9859523916 0)
(1.367096974 0.9859523916 0)
(1.408587139 0.9859523916 0)
(1.451164732 0.9859523916 0)
(1.494858256 0.9859523916 0)
(1.539696957 0.9859523916 0)
(1.58571085 0.9859523916 0)
(1.632930737 0.9859523916 0)
(1.681388224 0.9859523916 0)
(1.731115749 0.9859523916 0)
(1.782146599 0.9859523916 0)
(1.834514932 0.9859523916 0)
(1.888255804 0.9859523916 0)
(1.943405188 0.9859523916 0)
(2 0.9859523916 0)
(0.005659481181 1.021475734 0)
(0.01146729352 1.021475734 0)
(0.01742732468 1.021475734 0)
(0.02354356421 1.021475734 0)
(0.02982010622 1.021475734 0)
(0.03626115215 1.021475734 0)
(0.04287101351 1.021475734 0)
(0.04965411485 1.021475734 0)
(0.05661499667 1.021475734 0)
(0.06375831848 1.021475734 0)
(0.0710888619 1.021475734 0)
(0.07861153389 1.021475734 0)
(0.08633137 1.021475734 0)
(0.09425353778 1.021475734 0)
(0.1023833402 1.021475734 0)
(0.1107262192 1.021475734 0)
(0.1192877594 1.021475734 0)
(0.1280736918 1.021475734 0)
(0.1370898975 1.021475734 0)
(0.1463424118 1.021475734 0)
(0.1558374283 1.021475734 0)
(0.1655813027 1.021475734 0)
(0.1755805574 1.021475734 0)
(0.1858418858 1.021475734 0)
(0.1963721566 1.021475734 0)
(0.2071784187 1.021475734 0)
(0.2182679056 1.021475734 0)
(0.2296480404 1.021475734 0)
(0.2413264408 1.021475734 0)
(0.2533109242 1.021475734 0)
(0.2656095127 1.021475734 0)
(0.2782304389 1.021475734 0)
(0.291182151 1.021475734 0)
(0.3044733187 1.021475734 0)
(0.3181128388 1.021475734 0)
(0.3321098415 1.021475734 0)
(0.3464736962 1.021475734 0)
(0.3612140177 1.021475734 0)
(0.3763406731 1.021475734 0)
(0.3918637878 1.021475734 0)
(0.4077937529 1.021475734 0)
(0.4241412315 1.021475734 0)
(0.4409171664 1.021475734 0)
(0.4581327871 1.021475734 0)
(0.4757996177 1.021475734 0)
(0.4939294838 1.021475734 0)
(0.5125345214 1.021475734 0)
(0.5316271845 1.021475734 0)
(0.5512202532 1.021475734 0)
(0.571326843 1.021475734 0)
(0.5919604129 1.021475734 0)
(0.6131347746 1.021475734 0)
(0.634864102 1.021475734 0)
(0.6571629403 1.021475734 0)
(0.680046216 1.021475734 0)
(0.7035292468 1.021475734 0)
(0.7276277519 1.021475734 0)
(0.7523578625 1.021475734 0)
(0.7777361325 1.021475734 0)
(0.8037795497 1.021475734 0)
(0.8305055472 1.021475734 0)
(0.857932015 1.021475734 0)
(0.8860773118 1.021475734 0)
(0.9149602778 1.021475734 0)
(0.9446002467 1.021475734 0)
(0.9750170591 1.021475734 0)
(1.006231075 1.021475734 0)
(1.03826319 1.021475734 0)
(1.071134845 1.021475734 0)
(1.104868043 1.021475734 0)
(1.139485365 1.021475734 0)
(1.175009984 1.021475734 0)
(1.21146568 1.021475734 0)
(1.248876854 1.021475734 0)
(1.287268549 1.021475734 0)
(1.326666465 1.021475734 0)
(1.367096974 1.021475734 0)
(1.408587139 1.021475734 0)
(1.451164732 1.021475734 0)
(1.494858256 1.021475734 0)
(1.539696957 1.021475734 0)
(1.58571085 1.021475734 0)
(1.632930737 1.021475734 0)
(1.681388224 1.021475734 0)
(1.731115749 1.021475734 0)
(1.782146599 1.021475734 0)
(1.834514932 1.021475734 0)
(1.888255804 1.021475734 0)
(1.943405188 1.021475734 0)
(2 1.021475734 0)
(0.005659481181 1.058049699 0)
(0.01146729352 1.058049699 0)
(0.01742732468 1.058049699 0)
(0.02354356421 1.058049699 0)
(0.02982010622 1.058049699 0)
(0.03626115215 1.058049699 0)
(0.04287101351 1.058049699 0)
(0.04965411485 1.058049699 0)
(0.05661499667 1.058049699 0)
(0.06375831848 1.058049699 0)
(0.0710888619 1.058049699 0)
(0.07861153389 1.058049699 0)
(0.08633137 1.058049699 0)
(0.09425353778 1.058049699 0)
(0.1023833402 1.058049699 0)
(0.1107262192 1.058049699 0)
(0.1192877594 1.058049699 0)
(0.1280736918 1.058049699 0)
(0.1370898975 1.058049699 0)
(0.1463424118 1.058049699 0)
(0.1558374283 1.058049699 0)
(0.1655813027 1.058049699 0)
(0.1755805574 1.058049699 0)
(0.1858418858 1.058049699 0)
(0.1963721566 1.058049699 0)
(0.2071784187 1.058049699 0)
(0.2182679056 1.058049699 0)
(0.2296480404 1.058049699 0)
(0.2413264408 1.058049699 0)
(0.2533109242 1.058049699 0)
(0.2656095127 1.058049699 0)
(0.2782304389 1.058049699 0)
(0.291182151 1.058049699 0)
(0.3044733187 1.058049699 0)
(0.3181128388 1.058049699 0)
(0.3321098415 1.058049699 0)
(0.3464736962 1.058049699 0)
(0.3612140177 1.058049699 0)
(0.3763406731 1.058049699 0)
(0.3918637878 1.058049699 0)
(0.4077937529 1.058049699 0)
(0.4241412315 1.058049699 0)
(0.4409171664 1.058049699 0)
(0.4581327871 1.058049699 0)
(0.4757996177 1.058049699 0)
(0.4939294838 1.058049699 0)
(0.5125345214 1.058049699 0)
(0.5316271845 1.058049699 0)
(0.5512202532 1.058049699 0)
(0.571326843 1.058049699 0)
(0.5919604129 1.058049699 0)
(0.6131347746 1.058049699 0)
(0.634864102 1.058049699 0)
(0.6571629403 1.058049699 0)
(0.680046216 1.058049699 0)
(0.7035292468 1.058049699 0)
(0.7276277519 1.058049699 0)
(0.7523578625 1.058049699 0)
(0.7777361325 1.058049699 0)
(0.8037795497 1.058049699 0)
(0.8305055472 1.058049699 0)
(0.857932015 1.058049699 0)
(0.8860773118 1.058049699 0)
(0.9149602778 1.058049699 0)
(0.9446002467 1.058049699 0)
(0.9750170591 1.058049699 0)
(1.006231075 1.058049699 0)
(1.03826319 1.058049699 0)
(1.071134845 1.058049699 0)
(1.104868043 1.058049699 0)
(1.139485365 1.058049699 0)
(1.175009984 1.058049699 0)
(1.21146568 1.058049699 0)
(1.248876854 1.058049699 0)
(1.287268549 1.058049699 0)
(1.326666465 1.058049699 0)
(1.367096974 1.058049699 0)
(1.408587139 1.058049699 0)
(1.451164732 1.058049699 0)
(1.494858256 1.058049699 0)
(1.539696957 1.058049699 0)
(1.58571085 1.058049699 0)
(1.632930737 1.058049699 0)
(1.681388224 1.058049699 0)
(1.731115749 1.058049699 0)
(1.782146599 1.058049699 0)
(1.834514932 1.058049699 0)
(1.888255804 1.058049699 0)
(1.943405188 1.058049699 0)
(2 1.058049699 0)
(0.005659481181 1.095705361 0)
(0.01146729352 1.095705361 0)
(0.01742732468 1.095705361 0)
(0.02354356421 1.095705361 0)
(0.02982010622 1.095705361 0)
(0.03626115215 1.095705361 0)
(0.04287101351 1.095705361 0)
(0.04965411485 1.095705361 0)
(0.05661499667 1.095705361 0)
(0.06375831848 1.095705361 0)
(0.0710888619 1.095705361 0)
(0.07861153389 1.095705361 0)
(0.08633137 1.095705361 0)
(0.09425353778 1.095705361 0)
(0.1023833402 1.095705361 0)
(0.1107262192 1.095705361 0)
(0.1192877594 1.095705361 0)
(0.1280736918 1.095705361 0)
(0.1370898975 1.095705361 0)
(0.1463424118 1.095705361 0)
(0.1558374283 1.095705361 0)
(0.1655813027 1.095705361 0)
(0.1755805574 1.095705361 0)
(0.1858418858 1.095705361 0)
(0.1963721566 1.095705361 0)
(0.2071784187 1.095705361 0)
(0.2182679056 1.095705361 0)
(0.2296480404 1.095705361 0)
(0.2413264408 1.095705361 0)
(0.2533109242 1.095705361 0)
(0.2656095127 1.095705361 0)
(0.2782304389 1.095705361 0)
(0.291182151 1.095705361 0)
(0.3044733187 1.095705361 0)
(0.3181128388 1.095705361 0)
(0.3321098415 1.095705361 0)
(0.3464736962 1.095705361 0)
(0.3612140177 1.095705361 0)
(0.3763406731 1.095705361 0)
(0.3918637878 1.095705361 0)
(0.4077937529 1.095705361 0)
(0.4241412315 1.095705361 0)
(0.4409171664 1.095705361 0)
(0.4581327871 1.095705361 0)
(0.4757996177 1.095705361 0)
(0.4939294838 1.095705361 0)
(0.5125345214 1.095705361 0)
(0.5316271845 1.095705361 0)
(0.5512202532 1.095705361 0)
(0.571326843 1.095705361 0)
(0.5919604129 1.095705361 0)
(0.6131347746 1.095705361 0)
(0.634864102 1.095705361 0)
(0.6571629403 1.095705361 0)
(0.680046216 1.095705361 0)
(0.7035292468 1.095705361 0)
(0.7276277519 1.095705361 0)
(0.7523578625 1.095705361 0)
(0.7777361325 1.095705361 0)
(0.8037795497 1.095705361 0)
(0.8305055472 1.095705361 0)
(0.857932015 1.095705361 0)
(0.8860773118 1.095705361 0)
(0.9149602778 1.095705361 0)
(0.9446002467 1.095705361 0)
(0.9750170591 1.095705361 0)
(1.006231075 1.095705361 0)
(1.03826319 1.095705361 0)
(1.071134845 1.095705361 0)
(1.104868043 1.095705361 0)
(1.139485365 1.095705361 0)
(1.175009984 1.095705361 0)
(1.21146568 1.095705361 0)
(1.248876854 1.095705361 0)
(1.287268549 1.095705361 0)
(1.326666465 1.095705361 0)
(1.367096974 1.095705361 0)
(1.408587139 1.095705361 0)
(1.451164732 1.095705361 0)
(1.494858256 1.095705361 0)
(1.539696957 1.095705361 0)
(1.58571085 1.095705361 0)
(1.632930737 1.095705361 0)
(1.681388224 1.095705361 0)
(1.731115749 1.095705361 0)
(1.782146599 1.095705361 0)
(1.834514932 1.095705361 0)
(1.888255804 1.095705361 0)
(1.943405188 1.095705361 0)
(2 1.095705361 0)
(0.005659481181 1.134474709 0)
(0.01146729352 1.134474709 0)
(0.01742732468 1.134474709 0)
(0.02354356421 1.134474709 0)
(0.02982010622 1.134474709 0)
(0.03626115215 1.134474709 0)
(0.04287101351 1.134474709 0)
(0.04965411485 1.134474709 0)
(0.05661499667 1.134474709 0)
(0.06375831848 1.134474709 0)
(0.0710888619 1.134474709 0)
(0.07861153389 1.134474709 0)
(0.08633137 1.134474709 0)
(0.09425353778 1.134474709 0)
(0.1023833402 1.134474709 0)
(0.1107262192 1.134474709 0)
(0.1192877594 1.134474709 0)
(0.1280736918 1.134474709 0)
(0.1370898975 1.134474709 0)
(0.1463424118 1.134474709 0)
(0.1558374283 1.134474709 0)
(0.1655813027 1.134474709 0)
(0.1755805574 1.134474709 0)
(0.1858418858 1.134474709 0)
(0.1963721566 1.134474709 0)
(0.2071784187 1.134474709 0)
(0.2182679056 1.134474709 0)
(0.2296480404 1.134474709 0)
(0.2413264408 1.134474709 0)
(0.2533109242 1.134474709 0)
(0.2656095127 1.134474709 0)
(0.2782304389 1.134474709 0)
(0.291182151 1.134474709 0)
(0.3044733187 1.134474709 0)
(0.3181128388 1.134474709 0)
(0.3321098415 1.134474709 0)
(0.3464736962 1.134474709 0)
(0.3612140177 1.134474709 0)
(0.3763406731 1.134474709 0)
(0.3918637878 1.134474709 0)
(0.4077937529 1.134474709 0)
(0.4241412315 1.134474709 0)
(0.4409171664 1.134474709 0)
(0.4581327871 1.134474709 0)
(0.4757996177 1.134474709 0)
(0.4939294838 1.134474709 0)
(0.5125345214 1.134474709 0)
(0.5316271845 1.134474709 0)
(0.5512202532 1.134474709 0)
(0.571326843 1.134474709 0)
(0.5919604129 1.134474709 0)
(0.6131347746 1.134474709 0)
(0.634864102 1.134474709 0)
(0.6571629403 1.134474709 0)
(0.680046216 1.134474709 0)
(0.7035292468 1.134474709 0)
(0.7276277519 1.134474709 0)
(0.7523578625 1.134474709 0)
(0.7777361325 1.134474709 0)
(0.8037795497 1.134474709 0)
(0.8305055472 1.134474709 0)
(0.857932015 1.134474709 0)
(0.8860773118 1.134474709 0)
(0.9149602778 1.134474709 0)
(0.9446002467 1.134474709 0)
(0.9750170591 1.134474709 0)
(1.006231075 1.134474709 0)
(1.03826319 1.134474709 0)
(1.071134845 1.134474709 0)
(1.104868043 1.134474709 0)
(1.139485365 1.134474709 0)
(1.175009984 1.134474709 0)
(1.21146568 1.134474709 0)
(1.248876854 1.134474709 0)
(1.287268549 1.134474709 0)
(1.326666465 1.134474709 0)
(1.367096974 1.134474709 0)
(1.408587139 1.134474709 0)
(1.451164732 1.134474709 0)
(1.494858256 1.134474709 0)
(1.539696957 1.134474709 0)
(1.58571085 1.134474709 0)
(1.632930737 1.134474709 0)
(1.681388224 1.134474709 0)
(1.731115749 1.134474709 0)
(1.782146599 1.134474709 0)
(1.834514932 1.134474709 0)
(1.888255804 1.134474709 0)
(1.943405188 1.134474709 0)
(2 1.134474709 0)
(0.005659481181 1.174390684 0)
(0.01146729352 1.174390684 0)
(0.01742732468 1.174390684 0)
(0.02354356421 1.174390684 0)
(0.02982010622 1.174390684 0)
(0.03626115215 1.174390684 0)
(0.04287101351 1.174390684 0)
(0.04965411485 1.174390684 0)
(0.05661499667 1.174390684 0)
(0.06375831848 1.174390684 0)
(0.0710888619 1.174390684 0)
(0.07861153389 1.174390684 0)
(0.08633137 1.174390684 0)
(0.09425353778 1.174390684 0)
(0.1023833402 1.174390684 0)
(0.1107262192 1.174390684 0)
(0.1192877594 1.174390684 0)
(0.1280736918 1.174390684 0)
(0.1370898975 1.174390684 0)
(0.1463424118 1.174390684 0)
(0.1558374283 1.174390684 0)
(0.1655813027 1.174390684 0)
(0.1755805574 1.174390684 0)
(0.1858418858 1.174390684 0)
(0.1963721566 1.174390684 0)
(0.2071784187 1.174390684 0)
(0.2182679056 1.174390684 0)
(0.2296480404 1.174390684 0)
(0.2413264408 1.174390684 0)
(0.2533109242 1.174390684 0)
(0.2656095127 1.174390684 0)
(0.2782304389 1.174390684 0)
(0.291182151 1.174390684 0)
(0.3044733187 1.174390684 0)
(0.3181128388 1.174390684 0)
(0.3321098415 1.174390684 0)
(0.3464736962 1.174390684 0)
(0.3612140177 1.174390684 0)
(0.3763406731 1.174390684 0)
(0.3918637878 1.174390684 0)
(0.4077937529 1.174390684 0)
(0.4241412315 1.174390684 0)
(0.4409171664 1.174390684 0)
(0.4581327871 1.174390684 0)
(0.4757996177 1.174390684 0)
(0.4939294838 1.174390684 0)
(0.5125345214 1.174390684 0)
(0.5316271845 1.174390684 0)
(0.5512202532 1.174390684 0)
(0.571326843 1.174390684 0)
(0.5919604129 1.174390684 0)
(0.6131347746 1.174390684 0)
(0.634864102 1.174390684 0)
(0.6571629403 1.174390684 0)
(0.680046216 1.174390684 0)
(0.7035292468 1.174390684 0)
(0.7276277519 1.174390684 0)
(0.7523578625 1.174390684 0)
(0.7777361325 1.174390684 0)
(0.8037795497 1.174390684 0)
(0.8305055472 1.174390684 0)
(0.857932015 1.174390684 0)
(0.8860773118 1.174390684 0)
(0.9149602778 1.174390684 0)
(0.9446002467 1.174390684 0)
(0.9750170591 1.174390684 0)
(1.006231075 1.174390684 0)
(1.03826319 1.174390684 0)
(1.071134845 1.174390684 0)
(1.104868043 1.174390684 0)
(1.139485365 1.174390684 0)
(1.175009984 1.174390684 0)
(1.21146568 1.174390684 0)
(1.248876854 1.174390684 0)
(1.287268549 1.174390684 0)
(1.326666465 1.174390684 0)
(1.367096974 1.174390684 0)
(1.408587139 1.174390684 0)
(1.451164732 1.174390684 0)
(1.494858256 1.174390684 0)
(1.539696957 1.174390684 0)
(1.58571085 1.174390684 0)
(1.632930737 1.174390684 0)
(1.681388224 1.174390684 0)
(1.731115749 1.174390684 0)
(1.782146599 1.174390684 0)
(1.834514932 1.174390684 0)
(1.888255804 1.174390684 0)
(1.943405188 1.174390684 0)
(2 1.174390684 0)
(0.005659481181 1.215487196 0)
(0.01146729352 1.215487196 0)
(0.01742732468 1.215487196 0)
(0.02354356421 1.215487196 0)
(0.02982010622 1.215487196 0)
(0.03626115215 1.215487196 0)
(0.04287101351 1.215487196 0)
(0.04965411485 1.215487196 0)
(0.05661499667 1.215487196 0)
(0.06375831848 1.215487196 0)
(0.0710888619 1.215487196 0)
(0.07861153389 1.215487196 0)
(0.08633137 1.215487196 0)
(0.09425353778 1.215487196 0)
(0.1023833402 1.215487196 0)
(0.1107262192 1.215487196 0)
(0.1192877594 1.215487196 0)
(0.1280736918 1.215487196 0)
(0.1370898975 1.215487196 0)
(0.1463424118 1.215487196 0)
(0.1558374283 1.215487196 0)
(0.1655813027 1.215487196 0)
(0.1755805574 1.215487196 0)
(0.1858418858 1.215487196 0)
(0.1963721566 1.215487196 0)
(0.2071784187 1.215487196 0)
(0.2182679056 1.215487196 0)
(0.2296480404 1.215487196 0)
(0.2413264408 1.215487196 0)
(0.2533109242 1.215487196 0)
(0.2656095127 1.215487196 0)
(0.2782304389 1.215487196 0)
(0.291182151 1.215487196 0)
(0.3044733187 1.215487196 0)
(0.3181128388 1.215487196 0)
(0.3321098415 1.215487196 0)
(0.3464736962 1.215487196 0)
(0.3612140177 1.215487196 0)
(0.3763406731 1.215487196 0)
(0.3918637878 1.215487196 0)
(0.4077937529 1.215487196 0)
(0.4241412315 1.215487196 0)
(0.4409171664 1.215487196 0)
(0.4581327871 1.215487196 0)
(0.4757996177 1.215487196 0)
(0.4939294838 1.215487196 0)
(0.5125345214 1.215487196 0)
(0.5316271845 1.215487196 0)
(0.5512202532 1.215487196 0)
(0.571326843 1.215487196 0)
(0.5919604129 1.215487196 0)
(0.6131347746 1.215487196 0)
(0.634864102 1.215487196 0)
(0.6571629403 1.215487196 0)
(0.680046216 1.215487196 0)
(0.7035292468 1.215487196 0)
(0.7276277519 1.215487196 0)
(0.7523578625 1.215487196 0)
(0.7777361325 1.215487196 0)
(0.8037795497 1.215487196 0)
(0.8305055472 1.215487196 0)
(0.857932015 1.215487196 0)
(0.8860773118 1.215487196 0)
(0.9149602778 1.215487196 0)
(0.9446002467 1.215487196 0)
(0.9750170591 1.215487196 0)
(1.006231075 1.215487196 0)
(1.03826319 1.215487196 0)
(1.071134845 1.215487196 0)
(1.104868043 1.215487196 0)
(1.139485365 1.215487196 0)
(1.175009984 1.215487196 0)
(1.21146568 1.215487196 0)
(1.248876854 1.215487196 0)
(1.287268549 1.215487196 0)
(1.326666465 1.215487196 0)
(1.367096974 1.215487196 0)
(1.408587139 1.215487196 0)
(1.451164732 1.215487196 0)
(1.494858256 1.215487196 0)
(1.539696957 1.215487196 0)
(1.58571085 1.215487196 0)
(1.632930737 1.215487196 0)
(1.681388224 1.215487196 0)
(1.731115749 1.215487196 0)
(1.782146599 1.215487196 0)
(1.834514932 1.215487196 0)
(1.888255804 1.215487196 0)
(1.943405188 1.215487196 0)
(2 1.215487196 0)
(0.005659481181 1.25779916 0)
(0.01146729352 1.25779916 0)
(0.01742732468 1.25779916 0)
(0.02354356421 1.25779916 0)
(0.02982010622 1.25779916 0)
(0.03626115215 1.25779916 0)
(0.04287101351 1.25779916 0)
(0.04965411485 1.25779916 0)
(0.05661499667 1.25779916 0)
(0.06375831848 1.25779916 0)
(0.0710888619 1.25779916 0)
(0.07861153389 1.25779916 0)
(0.08633137 1.25779916 0)
(0.09425353778 1.25779916 0)
(0.1023833402 1.25779916 0)
(0.1107262192 1.25779916 0)
(0.1192877594 1.25779916 0)
(0.1280736918 1.25779916 0)
(0.1370898975 1.25779916 0)
(0.1463424118 1.25779916 0)
(0.1558374283 1.25779916 0)
(0.1655813027 1.25779916 0)
(0.1755805574 1.25779916 0)
(0.1858418858 1.25779916 0)
(0.1963721566 1.25779916 0)
(0.2071784187 1.25779916 0)
(0.2182679056 1.25779916 0)
(0.2296480404 1.25779916 0)
(0.2413264408 1.25779916 0)
(0.2533109242 1.25779916 0)
(0.2656095127 1.25779916 0)
(0.2782304389 1.25779916 0)
(0.291182151 1.25779916 0)
(0.3044733187 1.25779916 0)
(0.3181128388 1.25779916 0)
(0.3321098415 1.25779916 0)
(0.3464736962 1.25779916 0)
(0.3612140177 1.25779916 0)
(0.3763406731 1.25779916 0)
(0.3918637878 1.25779916 0)
(0.4077937529 1.25779916 0)
(0.4241412315 1.25779916 0)
(0.4409171664 1.25779916 0)
(0.4581327871 1.25779916 0)
(0.4757996177 1.25779916 0)
(0.4939294838 1.25779916 0)
(0.5125345214 1.25779916 0)
(0.5316271845 1.25779916 0)
(0.5512202532 1.25779916 0)
(0.571326843 1.25779916 0)
(0.5919604129 1.25779916 0)
(0.6131347746 1.25779916 0)
(0.634864102 1.25779916 0)
(0.6571629403 1.25779916 0)
(0.680046216 1.25779916 0)
(0.7035292468 1.25779916 0)
(0.7276277519 1.25779916 0)
(0.7523578625 1.25779916 0)
(0.7777361325 1.25779916 0)
(0.8037795497 1.25779916 0)
(0.8305055472 1.25779916 0)
(0.857932015 1.25779916 0)
(0.8860773118 1.25779916 0)
(0.9149602778 1.25779916 0)
(0.9446002467 1.25779916 0)
(0.9750170591 1.25779916 0)
(1.006231075 1.25779916 0)
(1.03826319 1.25779916 0)
(1.071134845 1.25779916 0)
(1.104868043 1.25779916 0)
(1.139485365 1.25779916 0)
(1.175009984 1.25779916 0)
(1.21146568 1.25779916 0)
(1.248876854 1.25779916 0)
(1.287268549 1.25779916 0)
(1.326666465 1.25779916 0)
(1.367096974 1.25779916 0)
(1.408587139 1.25779916 0)
(1.451164732 1.25779916 0)
(1.494858256 1.25779916 0)
(1.539696957 1.25779916 0)
(1.58571085 1.25779916 0)
(1.632930737 1.25779916 0)
(1.681388224 1.25779916 0)
(1.731115749 1.25779916 0)
(1.782146599 1.25779916 0)
(1.834514932 1.25779916 0)
(1.888255804 1.25779916 0)
(1.943405188 1.25779916 0)
(2 1.25779916 0)
(0.005659481181 1.301362525 0)
(0.01146729352 1.301362525 0)
(0.01742732468 1.301362525 0)
(0.02354356421 1.301362525 0)
(0.02982010622 1.301362525 0)
(0.03626115215 1.301362525 0)
(0.04287101351 1.301362525 0)
(0.04965411485 1.301362525 0)
(0.05661499667 1.301362525 0)
(0.06375831848 1.301362525 0)
(0.0710888619 1.301362525 0)
(0.07861153389 1.301362525 0)
(0.08633137 1.301362525 0)
(0.09425353778 1.301362525 0)
(0.1023833402 1.301362525 0)
(0.1107262192 1.301362525 0)
(0.1192877594 1.301362525 0)
(0.1280736918 1.301362525 0)
(0.1370898975 1.301362525 0)
(0.1463424118 1.301362525 0)
(0.1558374283 1.301362525 0)
(0.1655813027 1.301362525 0)
(0.1755805574 1.301362525 0)
(0.1858418858 1.301362525 0)
(0.1963721566 1.301362525 0)
(0.2071784187 1.301362525 0)
(0.2182679056 1.301362525 0)
(0.2296480404 1.301362525 0)
(0.2413264408 1.301362525 0)
(0.2533109242 1.301362525 0)
(0.2656095127 1.301362525 0)
(0.2782304389 1.301362525 0)
(0.291182151 1.301362525 0)
(0.3044733187 1.301362525 0)
(0.3181128388 1.301362525 0)
(0.3321098415 1.301362525 0)
(0.3464736962 1.301362525 0)
(0.3612140177 1.301362525 0)
(0.3763406731 1.301362525 0)
(0.3918637878 1.301362525 0)
(0.4077937529 1.301362525 0)
(0.4241412315 1.301362525 0)
(0.4409171664 1.301362525 0)
(0.4581327871 1.301362525 0)
(0.4757996177 1.301362525 0)
(0.4939294838 1.301362525 0)
(0.5125345214 1.301362525 0)
(0.5316271845 1.301362525 0)
(0.5512202532 1.301362525 0)
(0.571326843 1.301362525 0)
(0.5919604129 1.301362525 0)
(0.6131347746 1.301362525 0)
(0.634864102 1.301362525 0)
(0.6571629403 1.301362525 0)
(0.680046216 1.301362525 0)
(0.7035292468 1.301362525 0)
(0.7276277519 1.301362525 0)
(0.7523578625 1.301362525 0)
(0.7777361325 1.301362525 0)
(0.8037795497 1.301362525 0)
(0.8305055472 1.301362525 0)
(0.857932015 1.301362525 0)
(0.8860773118 1.301362525 0)
(0.9149602778 1.301362525 0)
(0.9446002467 1.301362525 0)
(0.9750170591 1.301362525 0)
(1.006231075 1.301362525 0)
(1.03826319 1.301362525 0)
(1.071134845 1.301362525 0)
(1.104868043 1.301362525 0)
(1.139485365 1.301362525 0)
(1.175009984 1.301362525 0)
(1.21146568 1.301362525 0)
(1.248876854 1.301362525 0)
(1.287268549 1.301362525 0)
(1.326666465 1.301362525 0)
(1.367096974 1.301362525 0)
(1.408587139 1.301362525 0)
(1.451164732 1.301362525 0)
(1.494858256 1.301362525 0)
(1.539696957 1.301362525 0)
(1.58571085 1.301362525 0)
(1.632930737 1.301362525 0)
(1.681388224 1.301362525 0)
(1.731115749 1.301362525 0)
(1.782146599 1.301362525 0)
(1.834514932 1.301362525 0)
(1.888255804 1.301362525 0)
(1.943405188 1.301362525 0)
(2 1.301362525 0)
(0.005659481181 1.346214301 0)
(0.01146729352 1.346214301 0)
(0.01742732468 1.346214301 0)
(0.02354356421 1.346214301 0)
(0.02982010622 1.346214301 0)
(0.03626115215 1.346214301 0)
(0.04287101351 1.346214301 0)
(0.04965411485 1.346214301 0)
(0.05661499667 1.346214301 0)
(0.06375831848 1.346214301 0)
(0.0710888619 1.346214301 0)
(0.07861153389 1.346214301 0)
(0.08633137 1.346214301 0)
(0.09425353778 1.346214301 0)
(0.1023833402 1.346214301 0)
(0.1107262192 1.346214301 0)
(0.1192877594 1.346214301 0)
(0.1280736918 1.346214301 0)
(0.1370898975 1.346214301 0)
(0.1463424118 1.346214301 0)
(0.1558374283 1.346214301 0)
(0.1655813027 1.346214301 0)
(0.1755805574 1.346214301 0)
(0.1858418858 1.346214301 0)
(0.1963721566 1.346214301 0)
(0.2071784187 1.346214301 0)
(0.2182679056 1.346214301 0)
(0.2296480404 1.346214301 0)
(0.2413264408 1.346214301 0)
(0.2533109242 1.346214301 0)
(0.2656095127 1.346214301 0)
(0.2782304389 1.346214301 0)
(0.291182151 1.346214301 0)
(0.3044733187 1.346214301 0)
(0.3181128388 1.346214301 0)
(0.3321098415 1.346214301 0)
(0.3464736962 1.346214301 0)
(0.3612140177 1.346214301 0)
(0.3763406731 1.346214301 0)
(0.3918637878 1.346214301 0)
(0.4077937529 1.346214301 0)
(0.4241412315 1.346214301 0)
(0.4409171664 1.346214301 0)
(0.4581327871 1.346214301 0)
(0.4757996177 1.346214301 0)
(0.4939294838 1.346214301 0)
(0.5125345214 1.346214301 0)
(0.5316271845 1.346214301 0)
(0.5512202532 1.346214301 0)
(0.571326843 1.346214301 0)
(0.5919604129 1.346214301 0)
(0.6131347746 1.346214301 0)
(0.634864102 1.346214301 0)
(0.6571629403 1.346214301 0)
(0.680046216 1.346214301 0)
(0.7035292468 1.346214301 0)
(0.7276277519 1.346214301 0)
(0.7523578625 1.346214301 0)
(0.7777361325 1.346214301 0)
(0.8037795497 1.346214301 0)
(0.8305055472 1.346214301 0)
(0.857932015 1.346214301 0)
(0.8860773118 1.346214301 0)
(0.9149602778 1.346214301 0)
(0.9446002467 1.346214301 0)
(0.9750170591 1.346214301 0)
(1.006231075 1.346214301 0)
(1.03826319 1.346214301 0)
(1.071134845 1.346214301 0)
(1.104868043 1.346214301 0)
(1.139485365 1.346214301 0)
(1.175009984 1.346214301 0)
(1.21146568 1.346214301 0)
(1.248876854 1.346214301 0)
(1.287268549 1.346214301 0)
(1.326666465 1.346214301 0)
(1.367096974 1.346214301 0)
(1.408587139 1.346214301 0)
(1.451164732 1.346214301 0)
(1.494858256 1.346214301 0)
(1.539696957 1.346214301 0)
(1.58571085 1.346214301 0)
(1.632930737 1.346214301 0)
(1.681388224 1.346214301 0)
(1.731115749 1.346214301 0)
(1.782146599 1.346214301 0)
(1.834514932 1.346214301 0)
(1.888255804 1.346214301 0)
(1.943405188 1.346214301 0)
(2 1.346214301 0)
(0.005659481181 1.392392594 0)
(0.01146729352 1.392392594 0)
(0.01742732468 1.392392594 0)
(0.02354356421 1.392392594 0)
(0.02982010622 1.392392594 0)
(0.03626115215 1.392392594 0)
(0.04287101351 1.392392594 0)
(0.04965411485 1.392392594 0)
(0.05661499667 1.392392594 0)
(0.06375831848 1.392392594 0)
(0.0710888619 1.392392594 0)
(0.07861153389 1.392392594 0)
(0.08633137 1.392392594 0)
(0.09425353778 1.392392594 0)
(0.1023833402 1.392392594 0)
(0.1107262192 1.392392594 0)
(0.1192877594 1.392392594 0)
(0.1280736918 1.392392594 0)
(0.1370898975 1.392392594 0)
(0.1463424118 1.392392594 0)
(0.1558374283 1.392392594 0)
(0.1655813027 1.392392594 0)
(0.1755805574 1.392392594 0)
(0.1858418858 1.392392594 0)
(0.1963721566 1.392392594 0)
(0.2071784187 1.392392594 0)
(0.2182679056 1.392392594 0)
(0.2296480404 1.392392594 0)
(0.2413264408 1.392392594 0)
(0.2533109242 1.392392594 0)
(0.2656095127 1.392392594 0)
(0.2782304389 1.392392594 0)
(0.291182151 1.392392594 0)
(0.3044733187 1.392392594 0)
(0.3181128388 1.392392594 0)
(0.3321098415 1.392392594 0)
(0.3464736962 1.392392594 0)
(0.3612140177 1.392392594 0)
(0.3763406731 1.392392594 0)
(0.3918637878 1.392392594 0)
(0.4077937529 1.392392594 0)
(0.4241412315 1.392392594 0)
(0.4409171664 1.392392594 0)
(0.4581327871 1.392392594 0)
(0.4757996177 1.392392594 0)
(0.4939294838 1.392392594 0)
(0.5125345214 1.392392594 0)
(0.5316271845 1.392392594 0)
(0.5512202532 1.392392594 0)
(0.571326843 1.392392594 0)
(0.5919604129 1.392392594 0)
(0.6131347746 1.392392594 0)
(0.634864102 1.392392594 0)
(0.6571629403 1.392392594 0)
(0.680046216 1.392392594 0)
(0.7035292468 1.392392594 0)
(0.7276277519 1.392392594 0)
(0.7523578625 1.392392594 0)
(0.7777361325 1.392392594 0)
(0.8037795497 1.392392594 0)
(0.8305055472 1.392392594 0)
(0.857932015 1.392392594 0)
(0.8860773118 1.392392594 0)
(0.9149602778 1.392392594 0)
(0.9446002467 1.392392594 0)
(0.9750170591 1.392392594 0)
(1.006231075 1.392392594 0)
(1.03826319 1.392392594 0)
(1.071134845 1.392392594 0)
(1.104868043 1.392392594 0)
(1.139485365 1.392392594 0)
(1.175009984 1.392392594 0)
(1.21146568 1.392392594 0)
(1.248876854 1.392392594 0)
(1.287268549 1.392392594 0)
(1.326666465 1.392392594 0)
(1.367096974 1.392392594 0)
(1.408587139 1.392392594 0)
(1.451164732 1.392392594 0)
(1.494858256 1.392392594 0)
(1.539696957 1.392392594 0)
(1.58571085 1.392392594 0)
(1.632930737 1.392392594 0)
(1.681388224 1.392392594 0)
(1.731115749 1.392392594 0)
(1.782146599 1.392392594 0)
(1.834514932 1.392392594 0)
(1.888255804 1.392392594 0)
(1.943405188 1.392392594 0)
(2 1.392392594 0)
(0.005659481181 1.439936636 0)
(0.01146729352 1.439936636 0)
(0.01742732468 1.439936636 0)
(0.02354356421 1.439936636 0)
(0.02982010622 1.439936636 0)
(0.03626115215 1.439936636 0)
(0.04287101351 1.439936636 0)
(0.04965411485 1.439936636 0)
(0.05661499667 1.439936636 0)
(0.06375831848 1.439936636 0)
(0.0710888619 1.439936636 0)
(0.07861153389 1.439936636 0)
(0.08633137 1.439936636 0)
(0.09425353778 1.439936636 0)
(0.1023833402 1.439936636 0)
(0.1107262192 1.439936636 0)
(0.1192877594 1.439936636 0)
(0.1280736918 1.439936636 0)
(0.1370898975 1.439936636 0)
(0.1463424118 1.439936636 0)
(0.1558374283 1.439936636 0)
(0.1655813027 1.439936636 0)
(0.1755805574 1.439936636 0)
(0.1858418858 1.439936636 0)
(0.1963721566 1.439936636 0)
(0.2071784187 1.439936636 0)
(0.2182679056 1.439936636 0)
(0.2296480404 1.439936636 0)
(0.2413264408 1.439936636 0)
(0.2533109242 1.439936636 0)
(0.2656095127 1.439936636 0)
(0.2782304389 1.439936636 0)
(0.291182151 1.439936636 0)
(0.3044733187 1.439936636 0)
(0.3181128388 1.439936636 0)
(0.3321098415 1.439936636 0)
(0.3464736962 1.439936636 0)
(0.3612140177 1.439936636 0)
(0.3763406731 1.439936636 0)
(0.3918637878 1.439936636 0)
(0.4077937529 1.439936636 0)
(0.4241412315 1.439936636 0)
(0.4409171664 1.439936636 0)
(0.4581327871 1.439936636 0)
(0.4757996177 1.439936636 0)
(0.4939294838 1.439936636 0)
(0.5125345214 1.439936636 0)
(0.5316271845 1.439936636 0)
(0.5512202532 1.439936636 0)
(0.571326843 1.439936636 0)
(0.5919604129 1.439936636 0)
(0.6131347746 1.439936636 0)
(0.634864102 1.439936636 0)
(0.6571629403 1.439936636 0)
(0.680046216 1.439936636 0)
(0.7035292468 1.439936636 0)
(0.7276277519 1.439936636 0)
(0.7523578625 1.439936636 0)
(0.7777361325 1.439936636 0)
(0.8037795497 1.439936636 0)
(0.8305055472 1.439936636 0)
(0.857932015 1.439936636 0)
(0.8860773118 1.439936636 0)
(0.9149602778 1.439936636 0)
(0.9446002467 1.439936636 0)
(0.9750170591 1.439936636 0)
(1.006231075 1.439936636 0)
(1.03826319 1.439936636 0)
(1.071134845 1.439936636 0)
(1.104868043 1.439936636 0)
(1.139485365 1.439936636 0)
(1.175009984 1.439936636 0)
(1.21146568 1.439936636 0)
(1.248876854 1.439936636 0)
(1.287268549 1.439936636 0)
(1.326666465 1.439936636 0)
(1.367096974 1.439936636 0)
(1.408587139 1.439936636 0)
(1.451164732 1.439936636 0)
(1.494858256 1.439936636 0)
(1.539696957 1.439936636 0)
(1.58571085 1.439936636 0)
(1.632930737 1.439936636 0)
(1.681388224 1.439936636 0)
(1.731115749 1.439936636 0)
(1.782146599 1.439936636 0)
(1.834514932 1.439936636 0)
(1.888255804 1.439936636 0)
(1.943405188 1.439936636 0)
(2 1.439936636 0)
(0.005659481181 1.48888682 0)
(0.01146729352 1.48888682 0)
(0.01742732468 1.48888682 0)
(0.02354356421 1.48888682 0)
(0.02982010622 1.48888682 0)
(0.03626115215 1.48888682 0)
(0.04287101351 1.48888682 0)
(0.04965411485 1.48888682 0)
(0.05661499667 1.48888682 0)
(0.06375831848 1.48888682 0)
(0.0710888619 1.48888682 0)
(0.07861153389 1.48888682 0)
(0.08633137 1.48888682 0)
(0.09425353778 1.48888682 0)
(0.1023833402 1.48888682 0)
(0.1107262192 1.48888682 0)
(0.1192877594 1.48888682 0)
(0.1280736918 1.48888682 0)
(0.1370898975 1.48888682 0)
(0.1463424118 1.48888682 0)
(0.1558374283 1.48888682 0)
(0.1655813027 1.48888682 0)
(0.1755805574 1.48888682 0)
(0.1858418858 1.48888682 0)
(0.1963721566 1.48888682 0)
(0.2071784187 1.48888682 0)
(0.2182679056 1.48888682 0)
(0.2296480404 1.48888682 0)
(0.2413264408 1.48888682 0)
(0.2533109242 1.48888682 0)
(0.2656095127 1.48888682 0)
(0.2782304389 1.48888682 0)
(0.291182151 1.48888682 0)
(0.3044733187 1.48888682 0)
(0.3181128388 1.48888682 0)
(0.3321098415 1.48888682 0)
(0.3464736962 1.48888682 0)
(0.3612140177 1.48888682 0)
(0.3763406731 1.48888682 0)
(0.3918637878 1.48888682 0)
(0.4077937529 1.48888682 0)
(0.4241412315 1.48888682 0)
(0.4409171664 1.48888682 0)
(0.4581327871 1.48888682 0)
(0.4757996177 1.48888682 0)
(0.4939294838 1.48888682 0)
(0.5125345214 1.48888682 0)
(0.5316271845 1.48888682 0)
(0.5512202532 1.48888682 0)
(0.571326843 1.48888682 0)
(0.5919604129 1.48888682 0)
(0.6131347746 1.48888682 0)
(0.634864102 1.48888682 0)
(0.6571629403 1.48888682 0)
(0.680046216 1.48888682 0)
(0.7035292468 1.48888682 0)
(0.7276277519 1.48888682 0)
(0.7523578625 1.48888682 0)
(0.7777361325 1.48888682 0)
(0.8037795497 1.48888682 0)
(0.8305055472 1.48888682 0)
(0.857932015 1.48888682 0)
(0.8860773118 1.48888682 0)
(0.9149602778 1.48888682 0)
(0.9446002467 1.48888682 0)
(0.9750170591 1.48888682 0)
(1.006231075 1.48888682 0)
(1.03826319 1.48888682 0)
(1.071134845 1.48888682 0)
(1.104868043 1.48888682 0)
(1.139485365 1.48888682 0)
(1.175009984 1.48888682 0)
(1.21146568 1.48888682 0)
(1.248876854 1.48888682 0)
(1.287268549 1.48888682 0)
(1.326666465 1.48888682 0)
(1.367096974 1.48888682 0)
(1.408587139 1.48888682 0)
(1.451164732 1.48888682 0)
(1.494858256 1.48888682 0)
(1.539696957 1.48888682 0)
(1.58571085 1.48888682 0)
(1.632930737 1.48888682 0)
(1.681388224 1.48888682 0)
(1.731115749 1.48888682 0)
(1.782146599 1.48888682 0)
(1.834514932 1.48888682 0)
(1.888255804 1.48888682 0)
(1.943405188 1.48888682 0)
(2 1.48888682 0)
(0.005659481181 1.539284733 0)
(0.01146729352 1.539284733 0)
(0.01742732468 1.539284733 0)
(0.02354356421 1.539284733 0)
(0.02982010622 1.539284733 0)
(0.03626115215 1.539284733 0)
(0.04287101351 1.539284733 0)
(0.04965411485 1.539284733 0)
(0.05661499667 1.539284733 0)
(0.06375831848 1.539284733 0)
(0.0710888619 1.539284733 0)
(0.07861153389 1.539284733 0)
(0.08633137 1.539284733 0)
(0.09425353778 1.539284733 0)
(0.1023833402 1.539284733 0)
(0.1107262192 1.539284733 0)
(0.1192877594 1.539284733 0)
(0.1280736918 1.539284733 0)
(0.1370898975 1.539284733 0)
(0.1463424118 1.539284733 0)
(0.1558374283 1.539284733 0)
(0.1655813027 1.539284733 0)
(0.1755805574 1.539284733 0)
(0.1858418858 1.539284733 0)
(0.1963721566 1.539284733 0)
(0.2071784187 1.539284733 0)
(0.2182679056 1.539284733 0)
(0.2296480404 1.539284733 0)
(0.2413264408 1.539284733 0)
(0.2533109242 1.539284733 0)
(0.2656095127 1.539284733 0)
(0.2782304389 1.539284733 0)
(0.291182151 1.539284733 0)
(0.3044733187 1.539284733 0)
(0.3181128388 1.539284733 0)
(0.3321098415 1.539284733 0)
(0.3464736962 1.539284733 0)
(0.3612140177 1.539284733 0)
(0.3763406731 1.539284733 0)
(0.3918637878 1.539284733 0)
(0.4077937529 1.539284733 0)
(0.4241412315 1.539284733 0)
(0.4409171664 1.539284733 0)
(0.4581327871 1.539284733 0)
(0.4757996177 1.539284733 0)
(0.4939294838 1.539284733 0)
(0.5125345214 1.539284733 0)
(0.5316271845 1.539284733 0)
(0.5512202532 1.539284733 0)
(0.571326843 1.539284733 0)
(0.5919604129 1.539284733 0)
(0.6131347746 1.539284733 0)
(0.634864102 1.539284733 0)
(0.6571629403 1.539284733 0)
(0.680046216 1.539284733 0)
(0.7035292468 1.539284733 0)
(0.7276277519 1.539284733 0)
(0.7523578625 1.539284733 0)
(0.7777361325 1.539284733 0)
(0.8037795497 1.539284733 0)
(0.8305055472 1.539284733 0)
(0.857932015 1.539284733 0)
(0.8860773118 1.539284733 0)
(0.9149602778 1.539284733 0)
(0.9446002467 1.539284733 0)
(0.9750170591 1.539284733 0)
(1.006231075 1.539284733 0)
(1.03826319 1.539284733 0)
(1.071134845 1.539284733 0)
(1.104868043 1.539284733 0)
(1.139485365 1.539284733 0)
(1.175009984 1.539284733 0)
(1.21146568 1.539284733 0)
(1.248876854 1.539284733 0)
(1.287268549 1.539284733 0)
(1.326666465 1.539284733 0)
(1.367096974 1.539284733 0)
(1.408587139 1.539284733 0)
(1.451164732 1.539284733 0)
(1.494858256 1.539284733 0)
(1.539696957 1.539284733 0)
(1.58571085 1.539284733 0)
(1.632930737 1.539284733 0)
(1.681388224 1.539284733 0)
(1.731115749 1.539284733 0)
(1.782146599 1.539284733 0)
(1.834514932 1.539284733 0)
(1.888255804 1.539284733 0)
(1.943405188 1.539284733 0)
(2 1.539284733 0)
(0.005659481181 1.591173193 0)
(0.01146729352 1.591173193 0)
(0.01742732468 1.591173193 0)
(0.02354356421 1.591173193 0)
(0.02982010622 1.591173193 0)
(0.03626115215 1.591173193 0)
(0.04287101351 1.591173193 0)
(0.04965411485 1.591173193 0)
(0.05661499667 1.591173193 0)
(0.06375831848 1.591173193 0)
(0.0710888619 1.591173193 0)
(0.07861153389 1.591173193 0)
(0.08633137 1.591173193 0)
(0.09425353778 1.591173193 0)
(0.1023833402 1.591173193 0)
(0.1107262192 1.591173193 0)
(0.1192877594 1.591173193 0)
(0.1280736918 1.591173193 0)
(0.1370898975 1.591173193 0)
(0.1463424118 1.591173193 0)
(0.1558374283 1.591173193 0)
(0.1655813027 1.591173193 0)
(0.1755805574 1.591173193 0)
(0.1858418858 1.591173193 0)
(0.1963721566 1.591173193 0)
(0.2071784187 1.591173193 0)
(0.2182679056 1.591173193 0)
(0.2296480404 1.591173193 0)
(0.2413264408 1.591173193 0)
(0.2533109242 1.591173193 0)
(0.2656095127 1.591173193 0)
(0.2782304389 1.591173193 0)
(0.291182151 1.591173193 0)
(0.3044733187 1.591173193 0)
(0.3181128388 1.591173193 0)
(0.3321098415 1.591173193 0)
(0.3464736962 1.591173193 0)
(0.3612140177 1.591173193 0)
(0.3763406731 1.591173193 0)
(0.3918637878 1.591173193 0)
(0.4077937529 1.591173193 0)
(0.4241412315 1.591173193 0)
(0.4409171664 1.591173193 0)
(0.4581327871 1.591173193 0)
(0.4757996177 1.591173193 0)
(0.4939294838 1.591173193 0)
(0.5125345214 1.591173193 0)
(0.5316271845 1.591173193 0)
(0.5512202532 1.591173193 0)
(0.571326843 1.591173193 0)
(0.5919604129 1.591173193 0)
(0.6131347746 1.591173193 0)
(0.634864102 1.591173193 0)
(0.6571629403 1.591173193 0)
(0.680046216 1.591173193 0)
(0.7035292468 1.591173193 0)
(0.7276277519 1.591173193 0)
(0.7523578625 1.591173193 0)
(0.7777361325 1.591173193 0)
(0.8037795497 1.591173193 0)
(0.8305055472 1.591173193 0)
(0.857932015 1.591173193 0)
(0.8860773118 1.591173193 0)
(0.9149602778 1.591173193 0)
(0.9446002467 1.591173193 0)
(0.9750170591 1.591173193 0)
(1.006231075 1.591173193 0)
(1.03826319 1.591173193 0)
(1.071134845 1.591173193 0)
(1.104868043 1.591173193 0)
(1.139485365 1.591173193 0)
(1.175009984 1.591173193 0)
(1.21146568 1.591173193 0)
(1.248876854 1.591173193 0)
(1.287268549 1.591173193 0)
(1.326666465 1.591173193 0)
(1.367096974 1.591173193 0)
(1.408587139 1.591173193 0)
(1.451164732 1.591173193 0)
(1.494858256 1.591173193 0)
(1.539696957 1.591173193 0)
(1.58571085 1.591173193 0)
(1.632930737 1.591173193 0)
(1.681388224 1.591173193 0)
(1.731115749 1.591173193 0)
(1.782146599 1.591173193 0)
(1.834514932 1.591173193 0)
(1.888255804 1.591173193 0)
(1.943405188 1.591173193 0)
(2 1.591173193 0)
(0.005659481181 1.644596284 0)
(0.01146729352 1.644596284 0)
(0.01742732468 1.644596284 0)
(0.02354356421 1.644596284 0)
(0.02982010622 1.644596284 0)
(0.03626115215 1.644596284 0)
(0.04287101351 1.644596284 0)
(0.04965411485 1.644596284 0)
(0.05661499667 1.644596284 0)
(0.06375831848 1.644596284 0)
(0.0710888619 1.644596284 0)
(0.07861153389 1.644596284 0)
(0.08633137 1.644596284 0)
(0.09425353778 1.644596284 0)
(0.1023833402 1.644596284 0)
(0.1107262192 1.644596284 0)
(0.1192877594 1.644596284 0)
(0.1280736918 1.644596284 0)
(0.1370898975 1.644596284 0)
(0.1463424118 1.644596284 0)
(0.1558374283 1.644596284 0)
(0.1655813027 1.644596284 0)
(0.1755805574 1.644596284 0)
(0.1858418858 1.644596284 0)
(0.1963721566 1.644596284 0)
(0.2071784187 1.644596284 0)
(0.2182679056 1.644596284 0)
(0.2296480404 1.644596284 0)
(0.2413264408 1.644596284 0)
(0.2533109242 1.644596284 0)
(0.2656095127 1.644596284 0)
(0.2782304389 1.644596284 0)
(0.291182151 1.644596284 0)
(0.3044733187 1.644596284 0)
(0.3181128388 1.644596284 0)
(0.3321098415 1.644596284 0)
(0.3464736962 1.644596284 0)
(0.3612140177 1.644596284 0)
(0.3763406731 1.644596284 0)
(0.3918637878 1.644596284 0)
(0.4077937529 1.644596284 0)
(0.4241412315 1.644596284 0)
(0.4409171664 1.644596284 0)
(0.4581327871 1.644596284 0)
(0.4757996177 1.644596284 0)
(0.4939294838 1.644596284 0)
(0.5125345214 1.644596284 0)
(0.5316271845 1.644596284 0)
(0.5512202532 1.644596284 0)
(0.571326843 1.644596284 0)
(0.5919604129 1.644596284 0)
(0.6131347746 1.644596284 0)
(0.634864102 1.644596284 0)
(0.6571629403 1.644596284 0)
(0.680046216 1.644596284 0)
(0.7035292468 1.644596284 0)
(0.7276277519 1.644596284 0)
(0.7523578625 1.644596284 0)
(0.7777361325 1.644596284 0)
(0.8037795497 1.644596284 0)
(0.8305055472 1.644596284 0)
(0.857932015 1.644596284 0)
(0.8860773118 1.644596284 0)
(0.9149602778 1.644596284 0)
(0.9446002467 1.644596284 0)
(0.9750170591 1.644596284 0)
(1.006231075 1.644596284 0)
(1.03826319 1.644596284 0)
(1.071134845 1.644596284 0)
(1.104868043 1.644596284 0)
(1.139485365 1.644596284 0)
(1.175009984 1.644596284 0)
(1.21146568 1.644596284 0)
(1.248876854 1.644596284 0)
(1.287268549 1.644596284 0)
(1.326666465 1.644596284 0)
(1.367096974 1.644596284 0)
(1.408587139 1.644596284 0)
(1.451164732 1.644596284 0)
(1.494858256 1.644596284 0)
(1.539696957 1.644596284 0)
(1.58571085 1.644596284 0)
(1.632930737 1.644596284 0)
(1.681388224 1.644596284 0)
(1.731115749 1.644596284 0)
(1.782146599 1.644596284 0)
(1.834514932 1.644596284 0)
(1.888255804 1.644596284 0)
(1.943405188 1.644596284 0)
(2 1.644596284 0)
(0.005659481181 1.699599394 0)
(0.01146729352 1.699599394 0)
(0.01742732468 1.699599394 0)
(0.02354356421 1.699599394 0)
(0.02982010622 1.699599394 0)
(0.03626115215 1.699599394 0)
(0.04287101351 1.699599394 0)
(0.04965411485 1.699599394 0)
(0.05661499667 1.699599394 0)
(0.06375831848 1.699599394 0)
(0.0710888619 1.699599394 0)
(0.07861153389 1.699599394 0)
(0.08633137 1.699599394 0)
(0.09425353778 1.699599394 0)
(0.1023833402 1.699599394 0)
(0.1107262192 1.699599394 0)
(0.1192877594 1.699599394 0)
(0.1280736918 1.699599394 0)
(0.1370898975 1.699599394 0)
(0.1463424118 1.699599394 0)
(0.1558374283 1.699599394 0)
(0.1655813027 1.699599394 0)
(0.1755805574 1.699599394 0)
(0.1858418858 1.699599394 0)
(0.1963721566 1.699599394 0)
(0.2071784187 1.699599394 0)
(0.2182679056 1.699599394 0)
(0.2296480404 1.699599394 0)
(0.2413264408 1.699599394 0)
(0.2533109242 1.699599394 0)
(0.2656095127 1.699599394 0)
(0.2782304389 1.699599394 0)
(0.291182151 1.699599394 0)
(0.3044733187 1.699599394 0)
(0.3181128388 1.699599394 0)
(0.3321098415 1.699599394 0)
(0.3464736962 1.699599394 0)
(0.3612140177 1.699599394 0)
(0.3763406731 1.699599394 0)
(0.3918637878 1.699599394 0)
(0.4077937529 1.699599394 0)
(0.4241412315 1.699599394 0)
(0.4409171664 1.699599394 0)
(0.4581327871 1.699599394 0)
(0.4757996177 1.699599394 0)
(0.4939294838 1.699599394 0)
(0.5125345214 1.699599394 0)
(0.5316271845 1.699599394 0)
(0.5512202532 1.699599394 0)
(0.571326843 1.699599394 0)
(0.5919604129 1.699599394 0)
(0.6131347746 1.699599394 0)
(0.634864102 1.699599394 0)
(0.6571629403 1.699599394 0)
(0.680046216 1.699599394 0)
(0.7035292468 1.699599394 0)
(0.7276277519 1.699599394 0)
(0.7523578625 1.699599394 0)
(0.7777361325 1.699599394 0)
(0.8037795497 1.699599394 0)
(0.8305055472 1.699599394 0)
(0.857932015 1.699599394 0)
(0.8860773118 1.699599394 0)
(0.9149602778 1.699599394 0)
(0.9446002467 1.699599394 0)
(0.9750170591 1.699599394 0)
(1.006231075 1.699599394 0)
(1.03826319 1.699599394 0)
(1.071134845 1.699599394 0)
(1.104868043 1.699599394 0)
(1.139485365 1.699599394 0)
(1.175009984 1.699599394 0)
(1.21146568 1.699599394 0)
(1.248876854 1.699599394 0)
(1.287268549 1.699599394 0)
(1.326666465 1.699599394 0)
(1.367096974 1.699599394 0)
(1.408587139 1.699599394 0)
(1.451164732 1.699599394 0)
(1.494858256 1.699599394 0)
(1.539696957 1.699599394 0)
(1.58571085 1.699599394 0)
(1.632930737 1.699599394 0)
(1.681388224 1.699599394 0)
(1.731115749 1.699599394 0)
(1.782146599 1.699599394 0)
(1.834514932 1.699599394 0)
(1.888255804 1.699599394 0)
(1.943405188 1.699599394 0)
(2 1.699599394 0)
(0.005659481181 1.756229251 0)
(0.01146729352 1.756229251 0)
(0.01742732468 1.756229251 0)
(0.02354356421 1.756229251 0)
(0.02982010622 1.756229251 0)
(0.03626115215 1.756229251 0)
(0.04287101351 1.756229251 0)
(0.04965411485 1.756229251 0)
(0.05661499667 1.756229251 0)
(0.06375831848 1.756229251 0)
(0.0710888619 1.756229251 0)
(0.07861153389 1.756229251 0)
(0.08633137 1.756229251 0)
(0.09425353778 1.756229251 0)
(0.1023833402 1.756229251 0)
(0.1107262192 1.756229251 0)
(0.1192877594 1.756229251 0)
(0.1280736918 1.756229251 0)
(0.1370898975 1.756229251 0)
(0.1463424118 1.756229251 0)
(0.1558374283 1.756229251 0)
(0.1655813027 1.756229251 0)
(0.1755805574 1.756229251 0)
(0.1858418858 1.756229251 0)
(0.1963721566 1.756229251 0)
(0.2071784187 1.756229251 0)
(0.2182679056 1.756229251 0)
(0.2296480404 1.756229251 0)
(0.2413264408 1.756229251 0)
(0.2533109242 1.756229251 0)
(0.2656095127 1.756229251 0)
(0.2782304389 1.756229251 0)
(0.291182151 1.756229251 0)
(0.3044733187 1.756229251 0)
(0.3181128388 1.756229251 0)
(0.3321098415 1.756229251 0)
(0.3464736962 1.756229251 0)
(0.3612140177 1.756229251 0)
(0.3763406731 1.756229251 0)
(0.3918637878 1.756229251 0)
(0.4077937529 1.756229251 0)
(0.4241412315 1.756229251 0)
(0.4409171664 1.756229251 0)
(0.4581327871 1.756229251 0)
(0.4757996177 1.756229251 0)
(0.4939294838 1.756229251 0)
(0.5125345214 1.756229251 0)
(0.5316271845 1.756229251 0)
(0.5512202532 1.756229251 0)
(0.571326843 1.756229251 0)
(0.5919604129 1.756229251 0)
(0.6131347746 1.756229251 0)
(0.634864102 1.756229251 0)
(0.6571629403 1.756229251 0)
(0.680046216 1.756229251 0)
(0.7035292468 1.756229251 0)
(0.7276277519 1.756229251 0)
(0.7523578625 1.756229251 0)
(0.7777361325 1.756229251 0)
(0.8037795497 1.756229251 0)
(0.8305055472 1.756229251 0)
(0.857932015 1.756229251 0)
(0.8860773118 1.756229251 0)
(0.9149602778 1.756229251 0)
(0.9446002467 1.756229251 0)
(0.9750170591 1.756229251 0)
(1.006231075 1.756229251 0)
(1.03826319 1.756229251 0)
(1.071134845 1.756229251 0)
(1.104868043 1.756229251 0)
(1.139485365 1.756229251 0)
(1.175009984 1.756229251 0)
(1.21146568 1.756229251 0)
(1.248876854 1.756229251 0)
(1.287268549 1.756229251 0)
(1.326666465 1.756229251 0)
(1.367096974 1.756229251 0)
(1.408587139 1.756229251 0)
(1.451164732 1.756229251 0)
(1.494858256 1.756229251 0)
(1.539696957 1.756229251 0)
(1.58571085 1.756229251 0)
(1.632930737 1.756229251 0)
(1.681388224 1.756229251 0)
(1.731115749 1.756229251 0)
(1.782146599 1.756229251 0)
(1.834514932 1.756229251 0)
(1.888255804 1.756229251 0)
(1.943405188 1.756229251 0)
(2 1.756229251 0)
(0.005659481181 1.814533969 0)
(0.01146729352 1.814533969 0)
(0.01742732468 1.814533969 0)
(0.02354356421 1.814533969 0)
(0.02982010622 1.814533969 0)
(0.03626115215 1.814533969 0)
(0.04287101351 1.814533969 0)
(0.04965411485 1.814533969 0)
(0.05661499667 1.814533969 0)
(0.06375831848 1.814533969 0)
(0.0710888619 1.814533969 0)
(0.07861153389 1.814533969 0)
(0.08633137 1.814533969 0)
(0.09425353778 1.814533969 0)
(0.1023833402 1.814533969 0)
(0.1107262192 1.814533969 0)
(0.1192877594 1.814533969 0)
(0.1280736918 1.814533969 0)
(0.1370898975 1.814533969 0)
(0.1463424118 1.814533969 0)
(0.1558374283 1.814533969 0)
(0.1655813027 1.814533969 0)
(0.1755805574 1.814533969 0)
(0.1858418858 1.814533969 0)
(0.1963721566 1.814533969 0)
(0.2071784187 1.814533969 0)
(0.2182679056 1.814533969 0)
(0.2296480404 1.814533969 0)
(0.2413264408 1.814533969 0)
(0.2533109242 1.814533969 0)
(0.2656095127 1.814533969 0)
(0.2782304389 1.814533969 0)
(0.291182151 1.814533969 0)
(0.3044733187 1.814533969 0)
(0.3181128388 1.814533969 0)
(0.3321098415 1.814533969 0)
(0.3464736962 1.814533969 0)
(0.3612140177 1.814533969 0)
(0.3763406731 1.814533969 0)
(0.3918637878 1.814533969 0)
(0.4077937529 1.814533969 0)
(0.4241412315 1.814533969 0)
(0.4409171664 1.814533969 0)
(0.4581327871 1.814533969 0)
(0.4757996177 1.814533969 0)
(0.4939294838 1.814533969 0)
(0.5125345214 1.814533969 0)
(0.5316271845 1.814533969 0)
(0.5512202532 1.814533969 0)
(0.571326843 1.814533969 0)
(0.5919604129 1.814533969 0)
(0.6131347746 1.814533969 0)
(0.634864102 1.814533969 0)
(0.6571629403 1.814533969 0)
(0.680046216 1.814533969 0)
(0.7035292468 1.814533969 0)
(0.7276277519 1.814533969 0)
(0.7523578625 1.814533969 0)
(0.7777361325 1.814533969 0)
(0.8037795497 1.814533969 0)
(0.8305055472 1.814533969 0)
(0.857932015 1.814533969 0)
(0.8860773118 1.814533969 0)
(0.9149602778 1.814533969 0)
(0.9446002467 1.814533969 0)
(0.9750170591 1.814533969 0)
(1.006231075 1.814533969 0)
(1.03826319 1.814533969 0)
(1.071134845 1.814533969 0)
(1.104868043 1.814533969 0)
(1.139485365 1.814533969 0)
(1.175009984 1.814533969 0)
(1.21146568 1.814533969 0)
(1.248876854 1.814533969 0)
(1.287268549 1.814533969 0)
(1.326666465 1.814533969 0)
(1.367096974 1.814533969 0)
(1.408587139 1.814533969 0)
(1.451164732 1.814533969 0)
(1.494858256 1.814533969 0)
(1.539696957 1.814533969 0)
(1.58571085 1.814533969 0)
(1.632930737 1.814533969 0)
(1.681388224 1.814533969 0)
(1.731115749 1.814533969 0)
(1.782146599 1.814533969 0)
(1.834514932 1.814533969 0)
(1.888255804 1.814533969 0)
(1.943405188 1.814533969 0)
(2 1.814533969 0)
(0.005659481181 1.874563081 0)
(0.01146729352 1.874563081 0)
(0.01742732468 1.874563081 0)
(0.02354356421 1.874563081 0)
(0.02982010622 1.874563081 0)
(0.03626115215 1.874563081 0)
(0.04287101351 1.874563081 0)
(0.04965411485 1.874563081 0)
(0.05661499667 1.874563081 0)
(0.06375831848 1.874563081 0)
(0.0710888619 1.874563081 0)
(0.07861153389 1.874563081 0)
(0.08633137 1.874563081 0)
(0.09425353778 1.874563081 0)
(0.1023833402 1.874563081 0)
(0.1107262192 1.874563081 0)
(0.1192877594 1.874563081 0)
(0.1280736918 1.874563081 0)
(0.1370898975 1.874563081 0)
(0.1463424118 1.874563081 0)
(0.1558374283 1.874563081 0)
(0.1655813027 1.874563081 0)
(0.1755805574 1.874563081 0)
(0.1858418858 1.874563081 0)
(0.1963721566 1.874563081 0)
(0.2071784187 1.874563081 0)
(0.2182679056 1.874563081 0)
(0.2296480404 1.874563081 0)
(0.2413264408 1.874563081 0)
(0.2533109242 1.874563081 0)
(0.2656095127 1.874563081 0)
(0.2782304389 1.874563081 0)
(0.291182151 1.874563081 0)
(0.3044733187 1.874563081 0)
(0.3181128388 1.874563081 0)
(0.3321098415 1.874563081 0)
(0.3464736962 1.874563081 0)
(0.3612140177 1.874563081 0)
(0.3763406731 1.874563081 0)
(0.3918637878 1.874563081 0)
(0.4077937529 1.874563081 0)
(0.4241412315 1.874563081 0)
(0.4409171664 1.874563081 0)
(0.4581327871 1.874563081 0)
(0.4757996177 1.874563081 0)
(0.4939294838 1.874563081 0)
(0.5125345214 1.874563081 0)
(0.5316271845 1.874563081 0)
(0.5512202532 1.874563081 0)
(0.571326843 1.874563081 0)
(0.5919604129 1.874563081 0)
(0.6131347746 1.874563081 0)
(0.634864102 1.874563081 0)
(0.6571629403 1.874563081 0)
(0.680046216 1.874563081 0)
(0.7035292468 1.874563081 0)
(0.7276277519 1.874563081 0)
(0.7523578625 1.874563081 0)
(0.7777361325 1.874563081 0)
(0.8037795497 1.874563081 0)
(0.8305055472 1.874563081 0)
(0.857932015 1.874563081 0)
(0.8860773118 1.874563081 0)
(0.9149602778 1.874563081 0)
(0.9446002467 1.874563081 0)
(0.9750170591 1.874563081 0)
(1.006231075 1.874563081 0)
(1.03826319 1.874563081 0)
(1.071134845 1.874563081 0)
(1.104868043 1.874563081 0)
(1.139485365 1.874563081 0)
(1.175009984 1.874563081 0)
(1.21146568 1.874563081 0)
(1.248876854 1.874563081 0)
(1.287268549 1.874563081 0)
(1.326666465 1.874563081 0)
(1.367096974 1.874563081 0)
(1.408587139 1.874563081 0)
(1.451164732 1.874563081 0)
(1.494858256 1.874563081 0)
(1.539696957 1.874563081 0)
(1.58571085 1.874563081 0)
(1.632930737 1.874563081 0)
(1.681388224 1.874563081 0)
(1.731115749 1.874563081 0)
(1.782146599 1.874563081 0)
(1.834514932 1.874563081 0)
(1.888255804 1.874563081 0)
(1.943405188 1.874563081 0)
(2 1.874563081 0)
(0.005659481181 1.936367589 0)
(0.01146729352 1.936367589 0)
(0.01742732468 1.936367589 0)
(0.02354356421 1.936367589 0)
(0.02982010622 1.936367589 0)
(0.03626115215 1.936367589 0)
(0.04287101351 1.936367589 0)
(0.04965411485 1.936367589 0)
(0.05661499667 1.936367589 0)
(0.06375831848 1.936367589 0)
(0.0710888619 1.936367589 0)
(0.07861153389 1.936367589 0)
(0.08633137 1.936367589 0)
(0.09425353778 1.936367589 0)
(0.1023833402 1.936367589 0)
(0.1107262192 1.936367589 0)
(0.1192877594 1.936367589 0)
(0.1280736918 1.936367589 0)
(0.1370898975 1.936367589 0)
(0.1463424118 1.936367589 0)
(0.1558374283 1.936367589 0)
(0.1655813027 1.936367589 0)
(0.1755805574 1.936367589 0)
(0.1858418858 1.936367589 0)
(0.1963721566 1.936367589 0)
(0.2071784187 1.936367589 0)
(0.2182679056 1.936367589 0)
(0.2296480404 1.936367589 0)
(0.2413264408 1.936367589 0)
(0.2533109242 1.936367589 0)
(0.2656095127 1.936367589 0)
(0.2782304389 1.936367589 0)
(0.291182151 1.936367589 0)
(0.3044733187 1.936367589 0)
(0.3181128388 1.936367589 0)
(0.3321098415 1.936367589 0)
(0.3464736962 1.936367589 0)
(0.3612140177 1.936367589 0)
(0.3763406731 1.936367589 0)
(0.3918637878 1.936367589 0)
(0.4077937529 1.936367589 0)
(0.4241412315 1.936367589 0)
(0.4409171664 1.936367589 0)
(0.4581327871 1.936367589 0)
(0.4757996177 1.936367589 0)
(0.4939294838 1.936367589 0)
(0.5125345214 1.936367589 0)
(0.5316271845 1.936367589 0)
(0.5512202532 1.936367589 0)
(0.571326843 1.936367589 0)
(0.5919604129 1.936367589 0)
(0.6131347746 1.936367589 0)
(0.634864102 1.936367589 0)
(0.6571629403 1.936367589 0)
(0.680046216 1.936367589 0)
(0.7035292468 1.936367589 0)
(0.7276277519 1.936367589 0)
(0.7523578625 1.936367589 0)
(0.7777361325 1.936367589 0)
(0.8037795497 1.936367589 0)
(0.8305055472 1.936367589 0)
(0.857932015 1.936367589 0)
(0.8860773118 1.936367589 0)
(0.9149602778 1.936367589 0)
(0.9446002467 1.936367589 0)
(0.9750170591 1.936367589 0)
(1.006231075 1.936367589 0)
(1.03826319 1.936367589 0)
(1.071134845 1.936367589 0)
(1.104868043 1.936367589 0)
(1.139485365 1.936367589 0)
(1.175009984 1.936367589 0)
(1.21146568 1.936367589 0)
(1.248876854 1.936367589 0)
(1.287268549 1.936367589 0)
(1.326666465 1.936367589 0)
(1.367096974 1.936367589 0)
(1.408587139 1.936367589 0)
(1.451164732 1.936367589 0)
(1.494858256 1.936367589 0)
(1.539696957 1.936367589 0)
(1.58571085 1.936367589 0)
(1.632930737 1.936367589 0)
(1.681388224 1.936367589 0)
(1.731115749 1.936367589 0)
(1.782146599 1.936367589 0)
(1.834514932 1.936367589 0)
(1.888255804 1.936367589 0)
(1.943405188 1.936367589 0)
(2 1.936367589 0)
(0.005659481181 2 0)
(0.01146729352 2 0)
(0.01742732468 2 0)
(0.02354356421 2 0)
(0.02982010622 2 0)
(0.03626115215 2 0)
(0.04287101351 2 0)
(0.04965411485 2 0)
(0.05661499667 2 0)
(0.06375831848 2 0)
(0.0710888619 2 0)
(0.07861153389 2 0)
(0.08633137 2 0)
(0.09425353778 2 0)
(0.1023833402 2 0)
(0.1107262192 2 0)
(0.1192877594 2 0)
(0.1280736918 2 0)
(0.1370898975 2 0)
(0.1463424118 2 0)
(0.1558374283 2 0)
(0.1655813027 2 0)
(0.1755805574 2 0)
(0.1858418858 2 0)
(0.1963721566 2 0)
(0.2071784187 2 0)
(0.2182679056 2 0)
(0.2296480404 2 0)
(0.2413264408 2 0)
(0.2533109242 2 0)
(0.2656095127 2 0)
(0.2782304389 2 0)
(0.291182151 2 0)
(0.3044733187 2 0)
(0.3181128388 2 0)
(0.3321098415 2 0)
(0.3464736962 2 0)
(0.3612140177 2 0)
(0.3763406731 2 0)
(0.3918637878 2 0)
(0.4077937529 2 0)
(0.4241412315 2 0)
(0.4409171664 2 0)
(0.4581327871 2 0)
(0.4757996177 2 0)
(0.4939294838 2 0)
(0.5125345214 2 0)
(0.5316271845 2 0)
(0.5512202532 2 0)
(0.571326843 2 0)
(0.5919604129 2 0)
(0.6131347746 2 0)
(0.634864102 2 0)
(0.6571629403 2 0)
(0.680046216 2 0)
(0.7035292468 2 0)
(0.7276277519 2 0)
(0.7523578625 2 0)
(0.7777361325 2 0)
(0.8037795497 2 0)
(0.8305055472 2 0)
(0.857932015 2 0)
(0.8860773118 2 0)
(0.9149602778 2 0)
(0.9446002467 2 0)
(0.9750170591 2 0)
(1.006231075 2 0)
(1.03826319 2 0)
(1.071134845 2 0)
(1.104868043 2 0)
(1.139485365 2 0)
(1.175009984 2 0)
(1.21146568 2 0)
(1.248876854 2 0)
(1.287268549 2 0)
(1.326666465 2 0)
(1.367096974 2 0)
(1.408587139 2 0)
(1.451164732 2 0)
(1.494858256 2 0)
(1.539696957 2 0)
(1.58571085 2 0)
(1.632930737 2 0)
(1.681388224 2 0)
(1.731115749 2 0)
(1.782146599 2 0)
(1.834514932 2 0)
(1.888255804 2 0)
(1.943405188 2 0)
(2 2 0)
(0.005659481181 0 0.1)
(0.01146729352 0 0.1)
(0.01742732468 0 0.1)
(0.02354356421 0 0.1)
(0.02982010622 0 0.1)
(0.03626115215 0 0.1)
(0.04287101351 0 0.1)
(0.04965411485 0 0.1)
(0.05661499667 0 0.1)
(0.06375831848 0 0.1)
(0.0710888619 0 0.1)
(0.07861153389 0 0.1)
(0.08633137 0 0.1)
(0.09425353778 0 0.1)
(0.1023833402 0 0.1)
(0.1107262192 0 0.1)
(0.1192877594 0 0.1)
(0.1280736918 0 0.1)
(0.1370898975 0 0.1)
(0.1463424118 0 0.1)
(0.1558374283 0 0.1)
(0.1655813027 0 0.1)
(0.1755805574 0 0.1)
(0.1858418858 0 0.1)
(0.1963721566 0 0.1)
(0.2071784187 0 0.1)
(0.2182679056 0 0.1)
(0.2296480404 0 0.1)
(0.2413264408 0 0.1)
(0.2533109242 0 0.1)
(0.2656095127 0 0.1)
(0.2782304389 0 0.1)
(0.291182151 0 0.1)
(0.3044733187 0 0.1)
(0.3181128388 0 0.1)
(0.3321098415 0 0.1)
(0.3464736962 0 0.1)
(0.3612140177 0 0.1)
(0.3763406731 0 0.1)
(0.3918637878 0 0.1)
(0.4077937529 0 0.1)
(0.4241412315 0 0.1)
(0.4409171664 0 0.1)
(0.4581327871 0 0.1)
(0.4757996177 0 0.1)
(0.4939294838 0 0.1)
(0.5125345214 0 0.1)
(0.5316271845 0 0.1)
(0.5512202532 0 0.1)
(0.571326843 0 0.1)
(0.5919604129 0 0.1)
(0.6131347746 0 0.1)
(0.634864102 0 0.1)
(0.6571629403 0 0.1)
(0.680046216 0 0.1)
(0.7035292468 0 0.1)
(0.7276277519 0 0.1)
(0.7523578625 0 0.1)
(0.7777361325 0 0.1)
(0.8037795497 0 0.1)
(0.8305055472 0 0.1)
(0.857932015 0 0.1)
(0.8860773118 0 0.1)
(0.9149602778 0 0.1)
(0.9446002467 0 0.1)
(0.9750170591 0 0.1)
(1.006231075 0 0.1)
(1.03826319 0 0.1)
(1.071134845 0 0.1)
(1.104868043 0 0.1)
(1.139485365 0 0.1)
(1.175009984 0 0.1)
(1.21146568 0 0.1)
(1.248876854 0 0.1)
(1.287268549 0 0.1)
(1.326666465 0 0.1)
(1.367096974 0 0.1)
(1.408587139 0 0.1)
(1.451164732 0 0.1)
(1.494858256 0 0.1)
(1.539696957 0 0.1)
(1.58571085 0 0.1)
(1.632930737 0 0.1)
(1.681388224 0 0.1)
(1.731115749 0 0.1)
(1.782146599 0 0.1)
(1.834514932 0 0.1)
(1.888255804 0 0.1)
(1.943405188 0 0.1)
(2 0 0.1)
(0.005659481181 0.006363241108 0.1)
(0.01146729352 0.006363241108 0.1)
(0.01742732468 0.006363241108 0.1)
(0.02354356421 0.006363241108 0.1)
(0.02982010622 0.006363241108 0.1)
(0.03626115215 0.006363241108 0.1)
(0.04287101351 0.006363241108 0.1)
(0.04965411485 0.006363241108 0.1)
(0.05661499667 0.006363241108 0.1)
(0.06375831848 0.006363241108 0.1)
(0.0710888619 0.006363241108 0.1)
(0.07861153389 0.006363241108 0.1)
(0.08633137 0.006363241108 0.1)
(0.09425353778 0.006363241108 0.1)
(0.1023833402 0.006363241108 0.1)
(0.1107262192 0.006363241108 0.1)
(0.1192877594 0.006363241108 0.1)
(0.1280736918 0.006363241108 0.1)
(0.1370898975 0.006363241108 0.1)
(0.1463424118 0.006363241108 0.1)
(0.1558374283 0.006363241108 0.1)
(0.1655813027 0.006363241108 0.1)
(0.1755805574 0.006363241108 0.1)
(0.1858418858 0.006363241108 0.1)
(0.1963721566 0.006363241108 0.1)
(0.2071784187 0.006363241108 0.1)
(0.2182679056 0.006363241108 0.1)
(0.2296480404 0.006363241108 0.1)
(0.2413264408 0.006363241108 0.1)
(0.2533109242 0.006363241108 0.1)
(0.2656095127 0.006363241108 0.1)
(0.2782304389 0.006363241108 0.1)
(0.291182151 0.006363241108 0.1)
(0.3044733187 0.006363241108 0.1)
(0.3181128388 0.006363241108 0.1)
(0.3321098415 0.006363241108 0.1)
(0.3464736962 0.006363241108 0.1)
(0.3612140177 0.006363241108 0.1)
(0.3763406731 0.006363241108 0.1)
(0.3918637878 0.006363241108 0.1)
(0.4077937529 0.006363241108 0.1)
(0.4241412315 0.006363241108 0.1)
(0.4409171664 0.006363241108 0.1)
(0.4581327871 0.006363241108 0.1)
(0.4757996177 0.006363241108 0.1)
(0.4939294838 0.006363241108 0.1)
(0.5125345214 0.006363241108 0.1)
(0.5316271845 0.006363241108 0.1)
(0.5512202532 0.006363241108 0.1)
(0.571326843 0.006363241108 0.1)
(0.5919604129 0.006363241108 0.1)
(0.6131347746 0.006363241108 0.1)
(0.634864102 0.006363241108 0.1)
(0.6571629403 0.006363241108 0.1)
(0.680046216 0.006363241108 0.1)
(0.7035292468 0.006363241108 0.1)
(0.7276277519 0.006363241108 0.1)
(0.7523578625 0.006363241108 0.1)
(0.7777361325 0.006363241108 0.1)
(0.8037795497 0.006363241108 0.1)
(0.8305055472 0.006363241108 0.1)
(0.857932015 0.006363241108 0.1)
(0.8860773118 0.006363241108 0.1)
(0.9149602778 0.006363241108 0.1)
(0.9446002467 0.006363241108 0.1)
(0.9750170591 0.006363241108 0.1)
(1.006231075 0.006363241108 0.1)
(1.03826319 0.006363241108 0.1)
(1.071134845 0.006363241108 0.1)
(1.104868043 0.006363241108 0.1)
(1.139485365 0.006363241108 0.1)
(1.175009984 0.006363241108 0.1)
(1.21146568 0.006363241108 0.1)
(1.248876854 0.006363241108 0.1)
(1.287268549 0.006363241108 0.1)
(1.326666465 0.006363241108 0.1)
(1.367096974 0.006363241108 0.1)
(1.408587139 0.006363241108 0.1)
(1.451164732 0.006363241108 0.1)
(1.494858256 0.006363241108 0.1)
(1.539696957 0.006363241108 0.1)
(1.58571085 0.006363241108 0.1)
(1.632930737 0.006363241108 0.1)
(1.681388224 0.006363241108 0.1)
(1.731115749 0.006363241108 0.1)
(1.782146599 0.006363241108 0.1)
(1.834514932 0.006363241108 0.1)
(1.888255804 0.006363241108 0.1)
(1.943405188 0.006363241108 0.1)
(2 0.006363241108 0.1)
(0.005659481181 0.01291467868 0.1)
(0.01146729352 0.01291467868 0.1)
(0.01742732468 0.01291467868 0.1)
(0.02354356421 0.01291467868 0.1)
(0.02982010622 0.01291467868 0.1)
(0.03626115215 0.01291467868 0.1)
(0.04287101351 0.01291467868 0.1)
(0.04965411485 0.01291467868 0.1)
(0.05661499667 0.01291467868 0.1)
(0.06375831848 0.01291467868 0.1)
(0.0710888619 0.01291467868 0.1)
(0.07861153389 0.01291467868 0.1)
(0.08633137 0.01291467868 0.1)
(0.09425353778 0.01291467868 0.1)
(0.1023833402 0.01291467868 0.1)
(0.1107262192 0.01291467868 0.1)
(0.1192877594 0.01291467868 0.1)
(0.1280736918 0.01291467868 0.1)
(0.1370898975 0.01291467868 0.1)
(0.1463424118 0.01291467868 0.1)
(0.1558374283 0.01291467868 0.1)
(0.1655813027 0.01291467868 0.1)
(0.1755805574 0.01291467868 0.1)
(0.1858418858 0.01291467868 0.1)
(0.1963721566 0.01291467868 0.1)
(0.2071784187 0.01291467868 0.1)
(0.2182679056 0.01291467868 0.1)
(0.2296480404 0.01291467868 0.1)
(0.2413264408 0.01291467868 0.1)
(0.2533109242 0.01291467868 0.1)
(0.2656095127 0.01291467868 0.1)
(0.2782304389 0.01291467868 0.1)
(0.291182151 0.01291467868 0.1)
(0.3044733187 0.01291467868 0.1)
(0.3181128388 0.01291467868 0.1)
(0.3321098415 0.01291467868 0.1)
(0.3464736962 0.01291467868 0.1)
(0.3612140177 0.01291467868 0.1)
(0.3763406731 0.01291467868 0.1)
(0.3918637878 0.01291467868 0.1)
(0.4077937529 0.01291467868 0.1)
(0.4241412315 0.01291467868 0.1)
(0.4409171664 0.01291467868 0.1)
(0.4581327871 0.01291467868 0.1)
(0.4757996177 0.01291467868 0.1)
(0.4939294838 0.01291467868 0.1)
(0.5125345214 0.01291467868 0.1)
(0.5316271845 0.01291467868 0.1)
(0.5512202532 0.01291467868 0.1)
(0.571326843 0.01291467868 0.1)
(0.5919604129 0.01291467868 0.1)
(0.6131347746 0.01291467868 0.1)
(0.634864102 0.01291467868 0.1)
(0.6571629403 0.01291467868 0.1)
(0.680046216 0.01291467868 0.1)
(0.7035292468 0.01291467868 0.1)
(0.7276277519 0.01291467868 0.1)
(0.7523578625 0.01291467868 0.1)
(0.7777361325 0.01291467868 0.1)
(0.8037795497 0.01291467868 0.1)
(0.8305055472 0.01291467868 0.1)
(0.857932015 0.01291467868 0.1)
(0.8860773118 0.01291467868 0.1)
(0.9149602778 0.01291467868 0.1)
(0.9446002467 0.01291467868 0.1)
(0.9750170591 0.01291467868 0.1)
(1.006231075 0.01291467868 0.1)
(1.03826319 0.01291467868 0.1)
(1.071134845 0.01291467868 0.1)
(1.104868043 0.01291467868 0.1)
(1.139485365 0.01291467868 0.1)
(1.175009984 0.01291467868 0.1)
(1.21146568 0.01291467868 0.1)
(1.248876854 0.01291467868 0.1)
(1.287268549 0.01291467868 0.1)
(1.326666465 0.01291467868 0.1)
(1.367096974 0.01291467868 0.1)
(1.408587139 0.01291467868 0.1)
(1.451164732 0.01291467868 0.1)
(1.494858256 0.01291467868 0.1)
(1.539696957 0.01291467868 0.1)
(1.58571085 0.01291467868 0.1)
(1.632930737 0.01291467868 0.1)
(1.681388224 0.01291467868 0.1)
(1.731115749 0.01291467868 0.1)
(1.782146599 0.01291467868 0.1)
(1.834514932 0.01291467868 0.1)
(1.888255804 0.01291467868 0.1)
(1.943405188 0.01291467868 0.1)
(2 0.01291467868 0.1)
(0.005659481181 0.01965987874 0.1)
(0.01146729352 0.01965987874 0.1)
(0.01742732468 0.01965987874 0.1)
(0.02354356421 0.01965987874 0.1)
(0.02982010622 0.01965987874 0.1)
(0.03626115215 0.01965987874 0.1)
(0.04287101351 0.01965987874 0.1)
(0.04965411485 0.01965987874 0.1)
(0.05661499667 0.01965987874 0.1)
(0.06375831848 0.01965987874 0.1)
(0.0710888619 0.01965987874 0.1)
(0.07861153389 0.01965987874 0.1)
(0.08633137 0.01965987874 0.1)
(0.09425353778 0.01965987874 0.1)
(0.1023833402 0.01965987874 0.1)
(0.1107262192 0.01965987874 0.1)
(0.1192877594 0.01965987874 0.1)
(0.1280736918 0.01965987874 0.1)
(0.1370898975 0.01965987874 0.1)
(0.1463424118 0.01965987874 0.1)
(0.1558374283 0.01965987874 0.1)
(0.1655813027 0.01965987874 0.1)
(0.1755805574 0.01965987874 0.1)
(0.1858418858 0.01965987874 0.1)
(0.1963721566 0.01965987874 0.1)
(0.2071784187 0.01965987874 0.1)
(0.2182679056 0.01965987874 0.1)
(0.2296480404 0.01965987874 0.1)
(0.2413264408 0.01965987874 0.1)
(0.2533109242 0.01965987874 0.1)
(0.2656095127 0.01965987874 0.1)
(0.2782304389 0.01965987874 0.1)
(0.291182151 0.01965987874 0.1)
(0.3044733187 0.01965987874 0.1)
(0.3181128388 0.01965987874 0.1)
(0.3321098415 0.01965987874 0.1)
(0.3464736962 0.01965987874 0.1)
(0.3612140177 0.01965987874 0.1)
(0.3763406731 0.01965987874 0.1)
(0.3918637878 0.01965987874 0.1)
(0.4077937529 0.01965987874 0.1)
(0.4241412315 0.01965987874 0.1)
(0.4409171664 0.01965987874 0.1)
(0.4581327871 0.01965987874 0.1)
(0.4757996177 0.01965987874 0.1)
(0.4939294838 0.01965987874 0.1)
(0.5125345214 0.01965987874 0.1)
(0.5316271845 0.01965987874 0.1)
(0.5512202532 0.01965987874 0.1)
(0.571326843 0.01965987874 0.1)
(0.5919604129 0.01965987874 0.1)
(0.6131347746 0.01965987874 0.1)
(0.634864102 0.01965987874 0.1)
(0.6571629403 0.01965987874 0.1)
(0.680046216 0.01965987874 0.1)
(0.7035292468 0.01965987874 0.1)
(0.7276277519 0.01965987874 0.1)
(0.7523578625 0.01965987874 0.1)
(0.7777361325 0.01965987874 0.1)
(0.8037795497 0.01965987874 0.1)
(0.8305055472 0.01965987874 0.1)
(0.857932015 0.01965987874 0.1)
(0.8860773118 0.01965987874 0.1)
(0.9149602778 0.01965987874 0.1)
(0.9446002467 0.01965987874 0.1)
(0.9750170591 0.01965987874 0.1)
(1.006231075 0.01965987874 0.1)
(1.03826319 0.01965987874 0.1)
(1.071134845 0.01965987874 0.1)
(1.104868043 0.01965987874 0.1)
(1.139485365 0.01965987874 0.1)
(1.175009984 0.01965987874 0.1)
(1.21146568 0.01965987874 0.1)
(1.248876854 0.01965987874 0.1)
(1.287268549 0.01965987874 0.1)
(1.326666465 0.01965987874 0.1)
(1.367096974 0.01965987874 0.1)
(1.408587139 0.01965987874 0.1)
(1.451164732 0.01965987874 0.1)
(1.494858256 0.01965987874 0.1)
(1.539696957 0.01965987874 0.1)
(1.58571085 0.01965987874 0.1)
(1.632930737 0.01965987874 0.1)
(1.681388224 0.01965987874 0.1)
(1.731115749 0.01965987874 0.1)
(1.782146599 0.01965987874 0.1)
(1.834514932 0.01965987874 0.1)
(1.888255804 0.01965987874 0.1)
(1.943405188 0.01965987874 0.1)
(2 0.01965987874 0.1)
(0.005659481181 0.02660457191 0.1)
(0.01146729352 0.02660457191 0.1)
(0.01742732468 0.02660457191 0.1)
(0.02354356421 0.02660457191 0.1)
(0.02982010622 0.02660457191 0.1)
(0.03626115215 0.02660457191 0.1)
(0.04287101351 0.02660457191 0.1)
(0.04965411485 0.02660457191 0.1)
(0.05661499667 0.02660457191 0.1)
(0.06375831848 0.02660457191 0.1)
(0.0710888619 0.02660457191 0.1)
(0.07861153389 0.02660457191 0.1)
(0.08633137 0.02660457191 0.1)
(0.09425353778 0.02660457191 0.1)
(0.1023833402 0.02660457191 0.1)
(0.1107262192 0.02660457191 0.1)
(0.1192877594 0.02660457191 0.1)
(0.1280736918 0.02660457191 0.1)
(0.1370898975 0.02660457191 0.1)
(0.1463424118 0.02660457191 0.1)
(0.1558374283 0.02660457191 0.1)
(0.1655813027 0.02660457191 0.1)
(0.1755805574 0.02660457191 0.1)
(0.1858418858 0.02660457191 0.1)
(0.1963721566 0.02660457191 0.1)
(0.2071784187 0.02660457191 0.1)
(0.2182679056 0.02660457191 0.1)
(0.2296480404 0.02660457191 0.1)
(0.2413264408 0.02660457191 0.1)
(0.2533109242 0.02660457191 0.1)
(0.2656095127 0.02660457191 0.1)
(0.2782304389 0.02660457191 0.1)
(0.291182151 0.02660457191 0.1)
(0.3044733187 0.02660457191 0.1)
(0.3181128388 0.02660457191 0.1)
(0.3321098415 0.02660457191 0.1)
(0.3464736962 0.02660457191 0.1)
(0.3612140177 0.02660457191 0.1)
(0.3763406731 0.02660457191 0.1)
(0.3918637878 0.02660457191 0.1)
(0.4077937529 0.02660457191 0.1)
(0.4241412315 0.02660457191 0.1)
(0.4409171664 0.02660457191 0.1)
(0.4581327871 0.02660457191 0.1)
(0.4757996177 0.02660457191 0.1)
(0.4939294838 0.02660457191 0.1)
(0.5125345214 0.02660457191 0.1)
(0.5316271845 0.02660457191 0.1)
(0.5512202532 0.02660457191 0.1)
(0.571326843 0.02660457191 0.1)
(0.5919604129 0.02660457191 0.1)
(0.6131347746 0.02660457191 0.1)
(0.634864102 0.02660457191 0.1)
(0.6571629403 0.02660457191 0.1)
(0.680046216 0.02660457191 0.1)
(0.7035292468 0.02660457191 0.1)
(0.7276277519 0.02660457191 0.1)
(0.7523578625 0.02660457191 0.1)
(0.7777361325 0.02660457191 0.1)
(0.8037795497 0.02660457191 0.1)
(0.8305055472 0.02660457191 0.1)
(0.857932015 0.02660457191 0.1)
(0.8860773118 0.02660457191 0.1)
(0.9149602778 0.02660457191 0.1)
(0.9446002467 0.02660457191 0.1)
(0.9750170591 0.02660457191 0.1)
(1.006231075 0.02660457191 0.1)
(1.03826319 0.02660457191 0.1)
(1.071134845 0.02660457191 0.1)
(1.104868043 0.02660457191 0.1)
(1.139485365 0.02660457191 0.1)
(1.175009984 0.02660457191 0.1)
(1.21146568 0.02660457191 0.1)
(1.248876854 0.02660457191 0.1)
(1.287268549 0.02660457191 0.1)
(1.326666465 0.02660457191 0.1)
(1.367096974 0.02660457191 0.1)
(1.408587139 0.02660457191 0.1)
(1.451164732 0.02660457191 0.1)
(1.494858256 0.02660457191 0.1)
(1.539696957 0.02660457191 0.1)
(1.58571085 0.02660457191 0.1)
(1.632930737 0.02660457191 0.1)
(1.681388224 0.02660457191 0.1)
(1.731115749 0.02660457191 0.1)
(1.782146599 0.02660457191 0.1)
(1.834514932 0.02660457191 0.1)
(1.888255804 0.02660457191 0.1)
(1.943405188 0.02660457191 0.1)
(2 0.02660457191 0.1)
(0.005659481181 0.03375465833 0.1)
(0.01146729352 0.03375465833 0.1)
(0.01742732468 0.03375465833 0.1)
(0.02354356421 0.03375465833 0.1)
(0.02982010622 0.03375465833 0.1)
(0.03626115215 0.03375465833 0.1)
(0.04287101351 0.03375465833 0.1)
(0.04965411485 0.03375465833 0.1)
(0.05661499667 0.03375465833 0.1)
(0.06375831848 0.03375465833 0.1)
(0.0710888619 0.03375465833 0.1)
(0.07861153389 0.03375465833 0.1)
(0.08633137 0.03375465833 0.1)
(0.09425353778 0.03375465833 0.1)
(0.1023833402 0.03375465833 0.1)
(0.1107262192 0.03375465833 0.1)
(0.1192877594 0.03375465833 0.1)
(0.1280736918 0.03375465833 0.1)
(0.1370898975 0.03375465833 0.1)
(0.1463424118 0.03375465833 0.1)
(0.1558374283 0.03375465833 0.1)
(0.1655813027 0.03375465833 0.1)
(0.1755805574 0.03375465833 0.1)
(0.1858418858 0.03375465833 0.1)
(0.1963721566 0.03375465833 0.1)
(0.2071784187 0.03375465833 0.1)
(0.2182679056 0.03375465833 0.1)
(0.2296480404 0.03375465833 0.1)
(0.2413264408 0.03375465833 0.1)
(0.2533109242 0.03375465833 0.1)
(0.2656095127 0.03375465833 0.1)
(0.2782304389 0.03375465833 0.1)
(0.291182151 0.03375465833 0.1)
(0.3044733187 0.03375465833 0.1)
(0.3181128388 0.03375465833 0.1)
(0.3321098415 0.03375465833 0.1)
(0.3464736962 0.03375465833 0.1)
(0.3612140177 0.03375465833 0.1)
(0.3763406731 0.03375465833 0.1)
(0.3918637878 0.03375465833 0.1)
(0.4077937529 0.03375465833 0.1)
(0.4241412315 0.03375465833 0.1)
(0.4409171664 0.03375465833 0.1)
(0.4581327871 0.03375465833 0.1)
(0.4757996177 0.03375465833 0.1)
(0.4939294838 0.03375465833 0.1)
(0.5125345214 0.03375465833 0.1)
(0.5316271845 0.03375465833 0.1)
(0.5512202532 0.03375465833 0.1)
(0.571326843 0.03375465833 0.1)
(0.5919604129 0.03375465833 0.1)
(0.6131347746 0.03375465833 0.1)
(0.634864102 0.03375465833 0.1)
(0.6571629403 0.03375465833 0.1)
(0.680046216 0.03375465833 0.1)
(0.7035292468 0.03375465833 0.1)
(0.7276277519 0.03375465833 0.1)
(0.7523578625 0.03375465833 0.1)
(0.7777361325 0.03375465833 0.1)
(0.8037795497 0.03375465833 0.1)
(0.8305055472 0.03375465833 0.1)
(0.857932015 0.03375465833 0.1)
(0.8860773118 0.03375465833 0.1)
(0.9149602778 0.03375465833 0.1)
(0.9446002467 0.03375465833 0.1)
(0.9750170591 0.03375465833 0.1)
(1.006231075 0.03375465833 0.1)
(1.03826319 0.03375465833 0.1)
(1.071134845 0.03375465833 0.1)
(1.104868043 0.03375465833 0.1)
(1.139485365 0.03375465833 0.1)
(1.175009984 0.03375465833 0.1)
(1.21146568 0.03375465833 0.1)
(1.248876854 0.03375465833 0.1)
(1.287268549 0.03375465833 0.1)
(1.326666465 0.03375465833 0.1)
(1.367096974 0.03375465833 0.1)
(1.408587139 0.03375465833 0.1)
(1.451164732 0.03375465833 0.1)
(1.494858256 0.03375465833 0.1)
(1.539696957 0.03375465833 0.1)
(1.58571085 0.03375465833 0.1)
(1.632930737 0.03375465833 0.1)
(1.681388224 0.03375465833 0.1)
(1.731115749 0.03375465833 0.1)
(1.782146599 0.03375465833 0.1)
(1.834514932 0.03375465833 0.1)
(1.888255804 0.03375465833 0.1)
(1.943405188 0.03375465833 0.1)
(2 0.03375465833 0.1)
(0.005659481181 0.0411162126 0.1)
(0.01146729352 0.0411162126 0.1)
(0.01742732468 0.0411162126 0.1)
(0.02354356421 0.0411162126 0.1)
(0.02982010622 0.0411162126 0.1)
(0.03626115215 0.0411162126 0.1)
(0.04287101351 0.0411162126 0.1)
(0.04965411485 0.0411162126 0.1)
(0.05661499667 0.0411162126 0.1)
(0.06375831848 0.0411162126 0.1)
(0.0710888619 0.0411162126 0.1)
(0.07861153389 0.0411162126 0.1)
(0.08633137 0.0411162126 0.1)
(0.09425353778 0.0411162126 0.1)
(0.1023833402 0.0411162126 0.1)
(0.1107262192 0.0411162126 0.1)
(0.1192877594 0.0411162126 0.1)
(0.1280736918 0.0411162126 0.1)
(0.1370898975 0.0411162126 0.1)
(0.1463424118 0.0411162126 0.1)
(0.1558374283 0.0411162126 0.1)
(0.1655813027 0.0411162126 0.1)
(0.1755805574 0.0411162126 0.1)
(0.1858418858 0.0411162126 0.1)
(0.1963721566 0.0411162126 0.1)
(0.2071784187 0.0411162126 0.1)
(0.2182679056 0.0411162126 0.1)
(0.2296480404 0.0411162126 0.1)
(0.2413264408 0.0411162126 0.1)
(0.2533109242 0.0411162126 0.1)
(0.2656095127 0.0411162126 0.1)
(0.2782304389 0.0411162126 0.1)
(0.291182151 0.0411162126 0.1)
(0.3044733187 0.0411162126 0.1)
(0.3181128388 0.0411162126 0.1)
(0.3321098415 0.0411162126 0.1)
(0.3464736962 0.0411162126 0.1)
(0.3612140177 0.0411162126 0.1)
(0.3763406731 0.0411162126 0.1)
(0.3918637878 0.0411162126 0.1)
(0.4077937529 0.0411162126 0.1)
(0.4241412315 0.0411162126 0.1)
(0.4409171664 0.0411162126 0.1)
(0.4581327871 0.0411162126 0.1)
(0.4757996177 0.0411162126 0.1)
(0.4939294838 0.0411162126 0.1)
(0.5125345214 0.0411162126 0.1)
(0.5316271845 0.0411162126 0.1)
(0.5512202532 0.0411162126 0.1)
(0.571326843 0.0411162126 0.1)
(0.5919604129 0.0411162126 0.1)
(0.6131347746 0.0411162126 0.1)
(0.634864102 0.0411162126 0.1)
(0.6571629403 0.0411162126 0.1)
(0.680046216 0.0411162126 0.1)
(0.7035292468 0.0411162126 0.1)
(0.7276277519 0.0411162126 0.1)
(0.7523578625 0.0411162126 0.1)
(0.7777361325 0.0411162126 0.1)
(0.8037795497 0.0411162126 0.1)
(0.8305055472 0.0411162126 0.1)
(0.857932015 0.0411162126 0.1)
(0.8860773118 0.0411162126 0.1)
(0.9149602778 0.0411162126 0.1)
(0.9446002467 0.0411162126 0.1)
(0.9750170591 0.0411162126 0.1)
(1.006231075 0.0411162126 0.1)
(1.03826319 0.0411162126 0.1)
(1.071134845 0.0411162126 0.1)
(1.104868043 0.0411162126 0.1)
(1.139485365 0.0411162126 0.1)
(1.175009984 0.0411162126 0.1)
(1.21146568 0.0411162126 0.1)
(1.248876854 0.0411162126 0.1)
(1.287268549 0.0411162126 0.1)
(1.326666465 0.0411162126 0.1)
(1.367096974 0.0411162126 0.1)
(1.408587139 0.0411162126 0.1)
(1.451164732 0.0411162126 0.1)
(1.494858256 0.0411162126 0.1)
(1.539696957 0.0411162126 0.1)
(1.58571085 0.0411162126 0.1)
(1.632930737 0.0411162126 0.1)
(1.681388224 0.0411162126 0.1)
(1.731115749 0.0411162126 0.1)
(1.782146599 0.0411162126 0.1)
(1.834514932 0.0411162126 0.1)
(1.888255804 0.0411162126 0.1)
(1.943405188 0.0411162126 0.1)
(2 0.0411162126 0.1)
(0.005659481181 0.04869548902 0.1)
(0.01146729352 0.04869548902 0.1)
(0.01742732468 0.04869548902 0.1)
(0.02354356421 0.04869548902 0.1)
(0.02982010622 0.04869548902 0.1)
(0.03626115215 0.04869548902 0.1)
(0.04287101351 0.04869548902 0.1)
(0.04965411485 0.04869548902 0.1)
(0.05661499667 0.04869548902 0.1)
(0.06375831848 0.04869548902 0.1)
(0.0710888619 0.04869548902 0.1)
(0.07861153389 0.04869548902 0.1)
(0.08633137 0.04869548902 0.1)
(0.09425353778 0.04869548902 0.1)
(0.1023833402 0.04869548902 0.1)
(0.1107262192 0.04869548902 0.1)
(0.1192877594 0.04869548902 0.1)
(0.1280736918 0.04869548902 0.1)
(0.1370898975 0.04869548902 0.1)
(0.1463424118 0.04869548902 0.1)
(0.1558374283 0.04869548902 0.1)
(0.1655813027 0.04869548902 0.1)
(0.1755805574 0.04869548902 0.1)
(0.1858418858 0.04869548902 0.1)
(0.1963721566 0.04869548902 0.1)
(0.2071784187 0.04869548902 0.1)
(0.2182679056 0.04869548902 0.1)
(0.2296480404 0.04869548902 0.1)
(0.2413264408 0.04869548902 0.1)
(0.2533109242 0.04869548902 0.1)
(0.2656095127 0.04869548902 0.1)
(0.2782304389 0.04869548902 0.1)
(0.291182151 0.04869548902 0.1)
(0.3044733187 0.04869548902 0.1)
(0.3181128388 0.04869548902 0.1)
(0.3321098415 0.04869548902 0.1)
(0.3464736962 0.04869548902 0.1)
(0.3612140177 0.04869548902 0.1)
(0.3763406731 0.04869548902 0.1)
(0.3918637878 0.04869548902 0.1)
(0.4077937529 0.04869548902 0.1)
(0.4241412315 0.04869548902 0.1)
(0.4409171664 0.04869548902 0.1)
(0.4581327871 0.04869548902 0.1)
(0.4757996177 0.04869548902 0.1)
(0.4939294838 0.04869548902 0.1)
(0.5125345214 0.04869548902 0.1)
(0.5316271845 0.04869548902 0.1)
(0.5512202532 0.04869548902 0.1)
(0.571326843 0.04869548902 0.1)
(0.5919604129 0.04869548902 0.1)
(0.6131347746 0.04869548902 0.1)
(0.634864102 0.04869548902 0.1)
(0.6571629403 0.04869548902 0.1)
(0.680046216 0.04869548902 0.1)
(0.7035292468 0.04869548902 0.1)
(0.7276277519 0.04869548902 0.1)
(0.7523578625 0.04869548902 0.1)
(0.7777361325 0.04869548902 0.1)
(0.8037795497 0.04869548902 0.1)
(0.8305055472 0.04869548902 0.1)
(0.857932015 0.04869548902 0.1)
(0.8860773118 0.04869548902 0.1)
(0.9149602778 0.04869548902 0.1)
(0.9446002467 0.04869548902 0.1)
(0.9750170591 0.04869548902 0.1)
(1.006231075 0.04869548902 0.1)
(1.03826319 0.04869548902 0.1)
(1.071134845 0.04869548902 0.1)
(1.104868043 0.04869548902 0.1)
(1.139485365 0.04869548902 0.1)
(1.175009984 0.04869548902 0.1)
(1.21146568 0.04869548902 0.1)
(1.248876854 0.04869548902 0.1)
(1.287268549 0.04869548902 0.1)
(1.326666465 0.04869548902 0.1)
(1.367096974 0.04869548902 0.1)
(1.408587139 0.04869548902 0.1)
(1.451164732 0.04869548902 0.1)
(1.494858256 0.04869548902 0.1)
(1.539696957 0.04869548902 0.1)
(1.58571085 0.04869548902 0.1)
(1.632930737 0.04869548902 0.1)
(1.681388224 0.04869548902 0.1)
(1.731115749 0.04869548902 0.1)
(1.782146599 0.04869548902 0.1)
(1.834514932 0.04869548902 0.1)
(1.888255804 0.04869548902 0.1)
(1.943405188 0.04869548902 0.1)
(2 0.04869548902 0.1)
(0.005659481181 0.05649892685 0.1)
(0.01146729352 0.05649892685 0.1)
(0.01742732468 0.05649892685 0.1)
(0.02354356421 0.05649892685 0.1)
(0.02982010622 0.05649892685 0.1)
(0.03626115215 0.05649892685 0.1)
(0.04287101351 0.05649892685 0.1)
(0.04965411485 0.05649892685 0.1)
(0.05661499667 0.05649892685 0.1)
(0.06375831848 0.05649892685 0.1)
(0.0710888619 0.05649892685 0.1)
(0.07861153389 0.05649892685 0.1)
(0.08633137 0.05649892685 0.1)
(0.09425353778 0.05649892685 0.1)
(0.1023833402 0.05649892685 0.1)
(0.1107262192 0.05649892685 0.1)
(0.1192877594 0.05649892685 0.1)
(0.1280736918 0.05649892685 0.1)
(0.1370898975 0.05649892685 0.1)
(0.1463424118 0.05649892685 0.1)
(0.1558374283 0.05649892685 0.1)
(0.1655813027 0.05649892685 0.1)
(0.1755805574 0.05649892685 0.1)
(0.1858418858 0.05649892685 0.1)
(0.1963721566 0.05649892685 0.1)
(0.2071784187 0.05649892685 0.1)
(0.2182679056 0.05649892685 0.1)
(0.2296480404 0.05649892685 0.1)
(0.2413264408 0.05649892685 0.1)
(0.2533109242 0.05649892685 0.1)
(0.2656095127 0.05649892685 0.1)
(0.2782304389 0.05649892685 0.1)
(0.291182151 0.05649892685 0.1)
(0.3044733187 0.05649892685 0.1)
(0.3181128388 0.05649892685 0.1)
(0.3321098415 0.05649892685 0.1)
(0.3464736962 0.05649892685 0.1)
(0.3612140177 0.05649892685 0.1)
(0.3763406731 0.05649892685 0.1)
(0.3918637878 0.05649892685 0.1)
(0.4077937529 0.05649892685 0.1)
(0.4241412315 0.05649892685 0.1)
(0.4409171664 0.05649892685 0.1)
(0.4581327871 0.05649892685 0.1)
(0.4757996177 0.05649892685 0.1)
(0.4939294838 0.05649892685 0.1)
(0.5125345214 0.05649892685 0.1)
(0.5316271845 0.05649892685 0.1)
(0.5512202532 0.05649892685 0.1)
(0.571326843 0.05649892685 0.1)
(0.5919604129 0.05649892685 0.1)
(0.6131347746 0.05649892685 0.1)
(0.634864102 0.05649892685 0.1)
(0.6571629403 0.05649892685 0.1)
(0.680046216 0.05649892685 0.1)
(0.7035292468 0.05649892685 0.1)
(0.7276277519 0.05649892685 0.1)
(0.7523578625 0.05649892685 0.1)
(0.7777361325 0.05649892685 0.1)
(0.8037795497 0.05649892685 0.1)
(0.8305055472 0.05649892685 0.1)
(0.857932015 0.05649892685 0.1)
(0.8860773118 0.05649892685 0.1)
(0.9149602778 0.05649892685 0.1)
(0.9446002467 0.05649892685 0.1)
(0.9750170591 0.05649892685 0.1)
(1.006231075 0.05649892685 0.1)
(1.03826319 0.05649892685 0.1)
(1.071134845 0.05649892685 0.1)
(1.104868043 0.05649892685 0.1)
(1.139485365 0.05649892685 0.1)
(1.175009984 0.05649892685 0.1)
(1.21146568 0.05649892685 0.1)
(1.248876854 0.05649892685 0.1)
(1.287268549 0.05649892685 0.1)
(1.326666465 0.05649892685 0.1)
(1.367096974 0.05649892685 0.1)
(1.408587139 0.05649892685 0.1)
(1.451164732 0.05649892685 0.1)
(1.494858256 0.05649892685 0.1)
(1.539696957 0.05649892685 0.1)
(1.58571085 0.05649892685 0.1)
(1.632930737 0.05649892685 0.1)
(1.681388224 0.05649892685 0.1)
(1.731115749 0.05649892685 0.1)
(1.782146599 0.05649892685 0.1)
(1.834514932 0.05649892685 0.1)
(1.888255804 0.05649892685 0.1)
(1.943405188 0.05649892685 0.1)
(2 0.05649892685 0.1)
(0.005659481181 0.06453315577 0.1)
(0.01146729352 0.06453315577 0.1)
(0.01742732468 0.06453315577 0.1)
(0.02354356421 0.06453315577 0.1)
(0.02982010622 0.06453315577 0.1)
(0.03626115215 0.06453315577 0.1)
(0.04287101351 0.06453315577 0.1)
(0.04965411485 0.06453315577 0.1)
(0.05661499667 0.06453315577 0.1)
(0.06375831848 0.06453315577 0.1)
(0.0710888619 0.06453315577 0.1)
(0.07861153389 0.06453315577 0.1)
(0.08633137 0.06453315577 0.1)
(0.09425353778 0.06453315577 0.1)
(0.1023833402 0.06453315577 0.1)
(0.1107262192 0.06453315577 0.1)
(0.1192877594 0.06453315577 0.1)
(0.1280736918 0.06453315577 0.1)
(0.1370898975 0.06453315577 0.1)
(0.1463424118 0.06453315577 0.1)
(0.1558374283 0.06453315577 0.1)
(0.1655813027 0.06453315577 0.1)
(0.1755805574 0.06453315577 0.1)
(0.1858418858 0.06453315577 0.1)
(0.1963721566 0.06453315577 0.1)
(0.2071784187 0.06453315577 0.1)
(0.2182679056 0.06453315577 0.1)
(0.2296480404 0.06453315577 0.1)
(0.2413264408 0.06453315577 0.1)
(0.2533109242 0.06453315577 0.1)
(0.2656095127 0.06453315577 0.1)
(0.2782304389 0.06453315577 0.1)
(0.291182151 0.06453315577 0.1)
(0.3044733187 0.06453315577 0.1)
(0.3181128388 0.06453315577 0.1)
(0.3321098415 0.06453315577 0.1)
(0.3464736962 0.06453315577 0.1)
(0.3612140177 0.06453315577 0.1)
(0.3763406731 0.06453315577 0.1)
(0.3918637878 0.06453315577 0.1)
(0.4077937529 0.06453315577 0.1)
(0.4241412315 0.06453315577 0.1)
(0.4409171664 0.06453315577 0.1)
(0.4581327871 0.06453315577 0.1)
(0.4757996177 0.06453315577 0.1)
(0.4939294838 0.06453315577 0.1)
(0.5125345214 0.06453315577 0.1)
(0.5316271845 0.06453315577 0.1)
(0.5512202532 0.06453315577 0.1)
(0.571326843 0.06453315577 0.1)
(0.5919604129 0.06453315577 0.1)
(0.6131347746 0.06453315577 0.1)
(0.634864102 0.06453315577 0.1)
(0.6571629403 0.06453315577 0.1)
(0.680046216 0.06453315577 0.1)
(0.7035292468 0.06453315577 0.1)
(0.7276277519 0.06453315577 0.1)
(0.7523578625 0.06453315577 0.1)
(0.7777361325 0.06453315577 0.1)
(0.8037795497 0.06453315577 0.1)
(0.8305055472 0.06453315577 0.1)
(0.857932015 0.06453315577 0.1)
(0.8860773118 0.06453315577 0.1)
(0.9149602778 0.06453315577 0.1)
(0.9446002467 0.06453315577 0.1)
(0.9750170591 0.06453315577 0.1)
(1.006231075 0.06453315577 0.1)
(1.03826319 0.06453315577 0.1)
(1.071134845 0.06453315577 0.1)
(1.104868043 0.06453315577 0.1)
(1.139485365 0.06453315577 0.1)
(1.175009984 0.06453315577 0.1)
(1.21146568 0.06453315577 0.1)
(1.248876854 0.06453315577 0.1)
(1.287268549 0.06453315577 0.1)
(1.326666465 0.06453315577 0.1)
(1.367096974 0.06453315577 0.1)
(1.408587139 0.06453315577 0.1)
(1.451164732 0.06453315577 0.1)
(1.494858256 0.06453315577 0.1)
(1.539696957 0.06453315577 0.1)
(1.58571085 0.06453315577 0.1)
(1.632930737 0.06453315577 0.1)
(1.681388224 0.06453315577 0.1)
(1.731115749 0.06453315577 0.1)
(1.782146599 0.06453315577 0.1)
(1.834514932 0.06453315577 0.1)
(1.888255804 0.06453315577 0.1)
(1.943405188 0.06453315577 0.1)
(2 0.06453315577 0.1)
(0.005659481181 0.07280500157 0.1)
(0.01146729352 0.07280500157 0.1)
(0.01742732468 0.07280500157 0.1)
(0.02354356421 0.07280500157 0.1)
(0.02982010622 0.07280500157 0.1)
(0.03626115215 0.07280500157 0.1)
(0.04287101351 0.07280500157 0.1)
(0.04965411485 0.07280500157 0.1)
(0.05661499667 0.07280500157 0.1)
(0.06375831848 0.07280500157 0.1)
(0.0710888619 0.07280500157 0.1)
(0.07861153389 0.07280500157 0.1)
(0.08633137 0.07280500157 0.1)
(0.09425353778 0.07280500157 0.1)
(0.1023833402 0.07280500157 0.1)
(0.1107262192 0.07280500157 0.1)
(0.1192877594 0.07280500157 0.1)
(0.1280736918 0.07280500157 0.1)
(0.1370898975 0.07280500157 0.1)
(0.1463424118 0.07280500157 0.1)
(0.1558374283 0.07280500157 0.1)
(0.1655813027 0.07280500157 0.1)
(0.1755805574 0.07280500157 0.1)
(0.1858418858 0.07280500157 0.1)
(0.1963721566 0.07280500157 0.1)
(0.2071784187 0.07280500157 0.1)
(0.2182679056 0.07280500157 0.1)
(0.2296480404 0.07280500157 0.1)
(0.2413264408 0.07280500157 0.1)
(0.2533109242 0.07280500157 0.1)
(0.2656095127 0.07280500157 0.1)
(0.2782304389 0.07280500157 0.1)
(0.291182151 0.07280500157 0.1)
(0.3044733187 0.07280500157 0.1)
(0.3181128388 0.07280500157 0.1)
(0.3321098415 0.07280500157 0.1)
(0.3464736962 0.07280500157 0.1)
(0.3612140177 0.07280500157 0.1)
(0.3763406731 0.07280500157 0.1)
(0.3918637878 0.07280500157 0.1)
(0.4077937529 0.07280500157 0.1)
(0.4241412315 0.07280500157 0.1)
(0.4409171664 0.07280500157 0.1)
(0.4581327871 0.07280500157 0.1)
(0.4757996177 0.07280500157 0.1)
(0.4939294838 0.07280500157 0.1)
(0.5125345214 0.07280500157 0.1)
(0.5316271845 0.07280500157 0.1)
(0.5512202532 0.07280500157 0.1)
(0.571326843 0.07280500157 0.1)
(0.5919604129 0.07280500157 0.1)
(0.6131347746 0.07280500157 0.1)
(0.634864102 0.07280500157 0.1)
(0.6571629403 0.07280500157 0.1)
(0.680046216 0.07280500157 0.1)
(0.7035292468 0.07280500157 0.1)
(0.7276277519 0.07280500157 0.1)
(0.7523578625 0.07280500157 0.1)
(0.7777361325 0.07280500157 0.1)
(0.8037795497 0.07280500157 0.1)
(0.8305055472 0.07280500157 0.1)
(0.857932015 0.07280500157 0.1)
(0.8860773118 0.07280500157 0.1)
(0.9149602778 0.07280500157 0.1)
(0.9446002467 0.07280500157 0.1)
(0.9750170591 0.07280500157 0.1)
(1.006231075 0.07280500157 0.1)
(1.03826319 0.07280500157 0.1)
(1.071134845 0.07280500157 0.1)
(1.104868043 0.07280500157 0.1)
(1.139485365 0.07280500157 0.1)
(1.175009984 0.07280500157 0.1)
(1.21146568 0.07280500157 0.1)
(1.248876854 0.07280500157 0.1)
(1.287268549 0.07280500157 0.1)
(1.326666465 0.07280500157 0.1)
(1.367096974 0.07280500157 0.1)
(1.408587139 0.07280500157 0.1)
(1.451164732 0.07280500157 0.1)
(1.494858256 0.07280500157 0.1)
(1.539696957 0.07280500157 0.1)
(1.58571085 0.07280500157 0.1)
(1.632930737 0.07280500157 0.1)
(1.681388224 0.07280500157 0.1)
(1.731115749 0.07280500157 0.1)
(1.782146599 0.07280500157 0.1)
(1.834514932 0.07280500157 0.1)
(1.888255804 0.07280500157 0.1)
(1.943405188 0.07280500157 0.1)
(2 0.07280500157 0.1)
(0.005659481181 0.0813214919 0.1)
(0.01146729352 0.0813214919 0.1)
(0.01742732468 0.0813214919 0.1)
(0.02354356421 0.0813214919 0.1)
(0.02982010622 0.0813214919 0.1)
(0.03626115215 0.0813214919 0.1)
(0.04287101351 0.0813214919 0.1)
(0.04965411485 0.0813214919 0.1)
(0.05661499667 0.0813214919 0.1)
(0.06375831848 0.0813214919 0.1)
(0.0710888619 0.0813214919 0.1)
(0.07861153389 0.0813214919 0.1)
(0.08633137 0.0813214919 0.1)
(0.09425353778 0.0813214919 0.1)
(0.1023833402 0.0813214919 0.1)
(0.1107262192 0.0813214919 0.1)
(0.1192877594 0.0813214919 0.1)
(0.1280736918 0.0813214919 0.1)
(0.1370898975 0.0813214919 0.1)
(0.1463424118 0.0813214919 0.1)
(0.1558374283 0.0813214919 0.1)
(0.1655813027 0.0813214919 0.1)
(0.1755805574 0.0813214919 0.1)
(0.1858418858 0.0813214919 0.1)
(0.1963721566 0.0813214919 0.1)
(0.2071784187 0.0813214919 0.1)
(0.2182679056 0.0813214919 0.1)
(0.2296480404 0.0813214919 0.1)
(0.2413264408 0.0813214919 0.1)
(0.2533109242 0.0813214919 0.1)
(0.2656095127 0.0813214919 0.1)
(0.2782304389 0.0813214919 0.1)
(0.291182151 0.0813214919 0.1)
(0.3044733187 0.0813214919 0.1)
(0.3181128388 0.0813214919 0.1)
(0.3321098415 0.0813214919 0.1)
(0.3464736962 0.0813214919 0.1)
(0.3612140177 0.0813214919 0.1)
(0.3763406731 0.0813214919 0.1)
(0.3918637878 0.0813214919 0.1)
(0.4077937529 0.0813214919 0.1)
(0.4241412315 0.0813214919 0.1)
(0.4409171664 0.0813214919 0.1)
(0.4581327871 0.0813214919 0.1)
(0.4757996177 0.0813214919 0.1)
(0.4939294838 0.0813214919 0.1)
(0.5125345214 0.0813214919 0.1)
(0.5316271845 0.0813214919 0.1)
(0.5512202532 0.0813214919 0.1)
(0.571326843 0.0813214919 0.1)
(0.5919604129 0.0813214919 0.1)
(0.6131347746 0.0813214919 0.1)
(0.634864102 0.0813214919 0.1)
(0.6571629403 0.0813214919 0.1)
(0.680046216 0.0813214919 0.1)
(0.7035292468 0.0813214919 0.1)
(0.7276277519 0.0813214919 0.1)
(0.7523578625 0.0813214919 0.1)
(0.7777361325 0.0813214919 0.1)
(0.8037795497 0.0813214919 0.1)
(0.8305055472 0.0813214919 0.1)
(0.857932015 0.0813214919 0.1)
(0.8860773118 0.0813214919 0.1)
(0.9149602778 0.0813214919 0.1)
(0.9446002467 0.0813214919 0.1)
(0.9750170591 0.0813214919 0.1)
(1.006231075 0.0813214919 0.1)
(1.03826319 0.0813214919 0.1)
(1.071134845 0.0813214919 0.1)
(1.104868043 0.0813214919 0.1)
(1.139485365 0.0813214919 0.1)
(1.175009984 0.0813214919 0.1)
(1.21146568 0.0813214919 0.1)
(1.248876854 0.0813214919 0.1)
(1.287268549 0.0813214919 0.1)
(1.326666465 0.0813214919 0.1)
(1.367096974 0.0813214919 0.1)
(1.408587139 0.0813214919 0.1)
(1.451164732 0.0813214919 0.1)
(1.494858256 0.0813214919 0.1)
(1.539696957 0.0813214919 0.1)
(1.58571085 0.0813214919 0.1)
(1.632930737 0.0813214919 0.1)
(1.681388224 0.0813214919 0.1)
(1.731115749 0.0813214919 0.1)
(1.782146599 0.0813214919 0.1)
(1.834514932 0.0813214919 0.1)
(1.888255804 0.0813214919 0.1)
(1.943405188 0.0813214919 0.1)
(2 0.0813214919 0.1)
(0.005659481181 0.09008986226 0.1)
(0.01146729352 0.09008986226 0.1)
(0.01742732468 0.09008986226 0.1)
(0.02354356421 0.09008986226 0.1)
(0.02982010622 0.09008986226 0.1)
(0.03626115215 0.09008986226 0.1)
(0.04287101351 0.09008986226 0.1)
(0.04965411485 0.09008986226 0.1)
(0.05661499667 0.09008986226 0.1)
(0.06375831848 0.09008986226 0.1)
(0.0710888619 0.09008986226 0.1)
(0.07861153389 0.09008986226 0.1)
(0.08633137 0.09008986226 0.1)
(0.09425353778 0.09008986226 0.1)
(0.1023833402 0.09008986226 0.1)
(0.1107262192 0.09008986226 0.1)
(0.1192877594 0.09008986226 0.1)
(0.1280736918 0.09008986226 0.1)
(0.1370898975 0.09008986226 0.1)
(0.1463424118 0.09008986226 0.1)
(0.1558374283 0.09008986226 0.1)
(0.1655813027 0.09008986226 0.1)
(0.1755805574 0.09008986226 0.1)
(0.1858418858 0.09008986226 0.1)
(0.1963721566 0.09008986226 0.1)
(0.2071784187 0.09008986226 0.1)
(0.2182679056 0.09008986226 0.1)
(0.2296480404 0.09008986226 0.1)
(0.2413264408 0.09008986226 0.1)
(0.2533109242 0.09008986226 0.1)
(0.2656095127 0.09008986226 0.1)
(0.2782304389 0.09008986226 0.1)
(0.291182151 0.09008986226 0.1)
(0.3044733187 0.09008986226 0.1)
(0.3181128388 0.09008986226 0.1)
(0.3321098415 0.09008986226 0.1)
(0.3464736962 0.09008986226 0.1)
(0.3612140177 0.09008986226 0.1)
(0.3763406731 0.09008986226 0.1)
(0.3918637878 0.09008986226 0.1)
(0.4077937529 0.09008986226 0.1)
(0.4241412315 0.09008986226 0.1)
(0.4409171664 0.09008986226 0.1)
(0.4581327871 0.09008986226 0.1)
(0.4757996177 0.09008986226 0.1)
(0.4939294838 0.09008986226 0.1)
(0.5125345214 0.09008986226 0.1)
(0.5316271845 0.09008986226 0.1)
(0.5512202532 0.09008986226 0.1)
(0.571326843 0.09008986226 0.1)
(0.5919604129 0.09008986226 0.1)
(0.6131347746 0.09008986226 0.1)
(0.634864102 0.09008986226 0.1)
(0.6571629403 0.09008986226 0.1)
(0.680046216 0.09008986226 0.1)
(0.7035292468 0.09008986226 0.1)
(0.7276277519 0.09008986226 0.1)
(0.7523578625 0.09008986226 0.1)
(0.7777361325 0.09008986226 0.1)
(0.8037795497 0.09008986226 0.1)
(0.8305055472 0.09008986226 0.1)
(0.857932015 0.09008986226 0.1)
(0.8860773118 0.09008986226 0.1)
(0.9149602778 0.09008986226 0.1)
(0.9446002467 0.09008986226 0.1)
(0.9750170591 0.09008986226 0.1)
(1.006231075 0.09008986226 0.1)
(1.03826319 0.09008986226 0.1)
(1.071134845 0.09008986226 0.1)
(1.104868043 0.09008986226 0.1)
(1.139485365 0.09008986226 0.1)
(1.175009984 0.09008986226 0.1)
(1.21146568 0.09008986226 0.1)
(1.248876854 0.09008986226 0.1)
(1.287268549 0.09008986226 0.1)
(1.326666465 0.09008986226 0.1)
(1.367096974 0.09008986226 0.1)
(1.408587139 0.09008986226 0.1)
(1.451164732 0.09008986226 0.1)
(1.494858256 0.09008986226 0.1)
(1.539696957 0.09008986226 0.1)
(1.58571085 0.09008986226 0.1)
(1.632930737 0.09008986226 0.1)
(1.681388224 0.09008986226 0.1)
(1.731115749 0.09008986226 0.1)
(1.782146599 0.09008986226 0.1)
(1.834514932 0.09008986226 0.1)
(1.888255804 0.09008986226 0.1)
(1.943405188 0.09008986226 0.1)
(2 0.09008986226 0.1)
(0.005659481181 0.09911756216 0.1)
(0.01146729352 0.09911756216 0.1)
(0.01742732468 0.09911756216 0.1)
(0.02354356421 0.09911756216 0.1)
(0.02982010622 0.09911756216 0.1)
(0.03626115215 0.09911756216 0.1)
(0.04287101351 0.09911756216 0.1)
(0.04965411485 0.09911756216 0.1)
(0.05661499667 0.09911756216 0.1)
(0.06375831848 0.09911756216 0.1)
(0.0710888619 0.09911756216 0.1)
(0.07861153389 0.09911756216 0.1)
(0.08633137 0.09911756216 0.1)
(0.09425353778 0.09911756216 0.1)
(0.1023833402 0.09911756216 0.1)
(0.1107262192 0.09911756216 0.1)
(0.1192877594 0.09911756216 0.1)
(0.1280736918 0.09911756216 0.1)
(0.1370898975 0.09911756216 0.1)
(0.1463424118 0.09911756216 0.1)
(0.1558374283 0.09911756216 0.1)
(0.1655813027 0.09911756216 0.1)
(0.1755805574 0.09911756216 0.1)
(0.1858418858 0.09911756216 0.1)
(0.1963721566 0.09911756216 0.1)
(0.2071784187 0.09911756216 0.1)
(0.2182679056 0.09911756216 0.1)
(0.2296480404 0.09911756216 0.1)
(0.2413264408 0.09911756216 0.1)
(0.2533109242 0.09911756216 0.1)
(0.2656095127 0.09911756216 0.1)
(0.2782304389 0.09911756216 0.1)
(0.291182151 0.09911756216 0.1)
(0.3044733187 0.09911756216 0.1)
(0.3181128388 0.09911756216 0.1)
(0.3321098415 0.09911756216 0.1)
(0.3464736962 0.09911756216 0.1)
(0.3612140177 0.09911756216 0.1)
(0.3763406731 0.09911756216 0.1)
(0.3918637878 0.09911756216 0.1)
(0.4077937529 0.09911756216 0.1)
(0.4241412315 0.09911756216 0.1)
(0.4409171664 0.09911756216 0.1)
(0.4581327871 0.09911756216 0.1)
(0.4757996177 0.09911756216 0.1)
(0.4939294838 0.09911756216 0.1)
(0.5125345214 0.09911756216 0.1)
(0.5316271845 0.09911756216 0.1)
(0.5512202532 0.09911756216 0.1)
(0.571326843 0.09911756216 0.1)
(0.5919604129 0.09911756216 0.1)
(0.6131347746 0.09911756216 0.1)
(0.634864102 0.09911756216 0.1)
(0.6571629403 0.09911756216 0.1)
(0.680046216 0.09911756216 0.1)
(0.7035292468 0.09911756216 0.1)
(0.7276277519 0.09911756216 0.1)
(0.7523578625 0.09911756216 0.1)
(0.7777361325 0.09911756216 0.1)
(0.8037795497 0.09911756216 0.1)
(0.8305055472 0.09911756216 0.1)
(0.857932015 0.09911756216 0.1)
(0.8860773118 0.09911756216 0.1)
(0.9149602778 0.09911756216 0.1)
(0.9446002467 0.09911756216 0.1)
(0.9750170591 0.09911756216 0.1)
(1.006231075 0.09911756216 0.1)
(1.03826319 0.09911756216 0.1)
(1.071134845 0.09911756216 0.1)
(1.104868043 0.09911756216 0.1)
(1.139485365 0.09911756216 0.1)
(1.175009984 0.09911756216 0.1)
(1.21146568 0.09911756216 0.1)
(1.248876854 0.09911756216 0.1)
(1.287268549 0.09911756216 0.1)
(1.326666465 0.09911756216 0.1)
(1.367096974 0.09911756216 0.1)
(1.408587139 0.09911756216 0.1)
(1.451164732 0.09911756216 0.1)
(1.494858256 0.09911756216 0.1)
(1.539696957 0.09911756216 0.1)
(1.58571085 0.09911756216 0.1)
(1.632930737 0.09911756216 0.1)
(1.681388224 0.09911756216 0.1)
(1.731115749 0.09911756216 0.1)
(1.782146599 0.09911756216 0.1)
(1.834514932 0.09911756216 0.1)
(1.888255804 0.09911756216 0.1)
(1.943405188 0.09911756216 0.1)
(2 0.09911756216 0.1)
(0.005659481181 0.1084122614 0.1)
(0.01146729352 0.1084122614 0.1)
(0.01742732468 0.1084122614 0.1)
(0.02354356421 0.1084122614 0.1)
(0.02982010622 0.1084122614 0.1)
(0.03626115215 0.1084122614 0.1)
(0.04287101351 0.1084122614 0.1)
(0.04965411485 0.1084122614 0.1)
(0.05661499667 0.1084122614 0.1)
(0.06375831848 0.1084122614 0.1)
(0.0710888619 0.1084122614 0.1)
(0.07861153389 0.1084122614 0.1)
(0.08633137 0.1084122614 0.1)
(0.09425353778 0.1084122614 0.1)
(0.1023833402 0.1084122614 0.1)
(0.1107262192 0.1084122614 0.1)
(0.1192877594 0.1084122614 0.1)
(0.1280736918 0.1084122614 0.1)
(0.1370898975 0.1084122614 0.1)
(0.1463424118 0.1084122614 0.1)
(0.1558374283 0.1084122614 0.1)
(0.1655813027 0.1084122614 0.1)
(0.1755805574 0.1084122614 0.1)
(0.1858418858 0.1084122614 0.1)
(0.1963721566 0.1084122614 0.1)
(0.2071784187 0.1084122614 0.1)
(0.2182679056 0.1084122614 0.1)
(0.2296480404 0.1084122614 0.1)
(0.2413264408 0.1084122614 0.1)
(0.2533109242 0.1084122614 0.1)
(0.2656095127 0.1084122614 0.1)
(0.2782304389 0.1084122614 0.1)
(0.291182151 0.1084122614 0.1)
(0.3044733187 0.1084122614 0.1)
(0.3181128388 0.1084122614 0.1)
(0.3321098415 0.1084122614 0.1)
(0.3464736962 0.1084122614 0.1)
(0.3612140177 0.1084122614 0.1)
(0.3763406731 0.1084122614 0.1)
(0.3918637878 0.1084122614 0.1)
(0.4077937529 0.1084122614 0.1)
(0.4241412315 0.1084122614 0.1)
(0.4409171664 0.1084122614 0.1)
(0.4581327871 0.1084122614 0.1)
(0.4757996177 0.1084122614 0.1)
(0.4939294838 0.1084122614 0.1)
(0.5125345214 0.1084122614 0.1)
(0.5316271845 0.1084122614 0.1)
(0.5512202532 0.1084122614 0.1)
(0.571326843 0.1084122614 0.1)
(0.5919604129 0.1084122614 0.1)
(0.6131347746 0.1084122614 0.1)
(0.634864102 0.1084122614 0.1)
(0.6571629403 0.1084122614 0.1)
(0.680046216 0.1084122614 0.1)
(0.7035292468 0.1084122614 0.1)
(0.7276277519 0.1084122614 0.1)
(0.7523578625 0.1084122614 0.1)
(0.7777361325 0.1084122614 0.1)
(0.8037795497 0.1084122614 0.1)
(0.8305055472 0.1084122614 0.1)
(0.857932015 0.1084122614 0.1)
(0.8860773118 0.1084122614 0.1)
(0.9149602778 0.1084122614 0.1)
(0.9446002467 0.1084122614 0.1)
(0.9750170591 0.1084122614 0.1)
(1.006231075 0.1084122614 0.1)
(1.03826319 0.1084122614 0.1)
(1.071134845 0.1084122614 0.1)
(1.104868043 0.1084122614 0.1)
(1.139485365 0.1084122614 0.1)
(1.175009984 0.1084122614 0.1)
(1.21146568 0.1084122614 0.1)
(1.248876854 0.1084122614 0.1)
(1.287268549 0.1084122614 0.1)
(1.326666465 0.1084122614 0.1)
(1.367096974 0.1084122614 0.1)
(1.408587139 0.1084122614 0.1)
(1.451164732 0.1084122614 0.1)
(1.494858256 0.1084122614 0.1)
(1.539696957 0.1084122614 0.1)
(1.58571085 0.1084122614 0.1)
(1.632930737 0.1084122614 0.1)
(1.681388224 0.1084122614 0.1)
(1.731115749 0.1084122614 0.1)
(1.782146599 0.1084122614 0.1)
(1.834514932 0.1084122614 0.1)
(1.888255804 0.1084122614 0.1)
(1.943405188 0.1084122614 0.1)
(2 0.1084122614 0.1)
(0.005659481181 0.1179818566 0.1)
(0.01146729352 0.1179818566 0.1)
(0.01742732468 0.1179818566 0.1)
(0.02354356421 0.1179818566 0.1)
(0.02982010622 0.1179818566 0.1)
(0.03626115215 0.1179818566 0.1)
(0.04287101351 0.1179818566 0.1)
(0.04965411485 0.1179818566 0.1)
(0.05661499667 0.1179818566 0.1)
(0.06375831848 0.1179818566 0.1)
(0.0710888619 0.1179818566 0.1)
(0.07861153389 0.1179818566 0.1)
(0.08633137 0.1179818566 0.1)
(0.09425353778 0.1179818566 0.1)
(0.1023833402 0.1179818566 0.1)
(0.1107262192 0.1179818566 0.1)
(0.1192877594 0.1179818566 0.1)
(0.1280736918 0.1179818566 0.1)
(0.1370898975 0.1179818566 0.1)
(0.1463424118 0.1179818566 0.1)
(0.1558374283 0.1179818566 0.1)
(0.1655813027 0.1179818566 0.1)
(0.1755805574 0.1179818566 0.1)
(0.1858418858 0.1179818566 0.1)
(0.1963721566 0.1179818566 0.1)
(0.2071784187 0.1179818566 0.1)
(0.2182679056 0.1179818566 0.1)
(0.2296480404 0.1179818566 0.1)
(0.2413264408 0.1179818566 0.1)
(0.2533109242 0.1179818566 0.1)
(0.2656095127 0.1179818566 0.1)
(0.2782304389 0.1179818566 0.1)
(0.291182151 0.1179818566 0.1)
(0.3044733187 0.1179818566 0.1)
(0.3181128388 0.1179818566 0.1)
(0.3321098415 0.1179818566 0.1)
(0.3464736962 0.1179818566 0.1)
(0.3612140177 0.1179818566 0.1)
(0.3763406731 0.1179818566 0.1)
(0.3918637878 0.1179818566 0.1)
(0.4077937529 0.1179818566 0.1)
(0.4241412315 0.1179818566 0.1)
(0.4409171664 0.1179818566 0.1)
(0.4581327871 0.1179818566 0.1)
(0.4757996177 0.1179818566 0.1)
(0.4939294838 0.1179818566 0.1)
(0.5125345214 0.1179818566 0.1)
(0.5316271845 0.1179818566 0.1)
(0.5512202532 0.1179818566 0.1)
(0.571326843 0.1179818566 0.1)
(0.5919604129 0.1179818566 0.1)
(0.6131347746 0.1179818566 0.1)
(0.634864102 0.1179818566 0.1)
(0.6571629403 0.1179818566 0.1)
(0.680046216 0.1179818566 0.1)
(0.7035292468 0.1179818566 0.1)
(0.7276277519 0.1179818566 0.1)
(0.7523578625 0.1179818566 0.1)
(0.7777361325 0.1179818566 0.1)
(0.8037795497 0.1179818566 0.1)
(0.8305055472 0.1179818566 0.1)
(0.857932015 0.1179818566 0.1)
(0.8860773118 0.1179818566 0.1)
(0.9149602778 0.1179818566 0.1)
(0.9446002467 0.1179818566 0.1)
(0.9750170591 0.1179818566 0.1)
(1.006231075 0.1179818566 0.1)
(1.03826319 0.1179818566 0.1)
(1.071134845 0.1179818566 0.1)
(1.104868043 0.1179818566 0.1)
(1.139485365 0.1179818566 0.1)
(1.175009984 0.1179818566 0.1)
(1.21146568 0.1179818566 0.1)
(1.248876854 0.1179818566 0.1)
(1.287268549 0.1179818566 0.1)
(1.326666465 0.1179818566 0.1)
(1.367096974 0.1179818566 0.1)
(1.408587139 0.1179818566 0.1)
(1.451164732 0.1179818566 0.1)
(1.494858256 0.1179818566 0.1)
(1.539696957 0.1179818566 0.1)
(1.58571085 0.1179818566 0.1)
(1.632930737 0.1179818566 0.1)
(1.681388224 0.1179818566 0.1)
(1.731115749 0.1179818566 0.1)
(1.782146599 0.1179818566 0.1)
(1.834514932 0.1179818566 0.1)
(1.888255804 0.1179818566 0.1)
(1.943405188 0.1179818566 0.1)
(2 0.1179818566 0.1)
(0.005659481181 0.1278344781 0.1)
(0.01146729352 0.1278344781 0.1)
(0.01742732468 0.1278344781 0.1)
(0.02354356421 0.1278344781 0.1)
(0.02982010622 0.1278344781 0.1)
(0.03626115215 0.1278344781 0.1)
(0.04287101351 0.1278344781 0.1)
(0.04965411485 0.1278344781 0.1)
(0.05661499667 0.1278344781 0.1)
(0.06375831848 0.1278344781 0.1)
(0.0710888619 0.1278344781 0.1)
(0.07861153389 0.1278344781 0.1)
(0.08633137 0.1278344781 0.1)
(0.09425353778 0.1278344781 0.1)
(0.1023833402 0.1278344781 0.1)
(0.1107262192 0.1278344781 0.1)
(0.1192877594 0.1278344781 0.1)
(0.1280736918 0.1278344781 0.1)
(0.1370898975 0.1278344781 0.1)
(0.1463424118 0.1278344781 0.1)
(0.1558374283 0.1278344781 0.1)
(0.1655813027 0.1278344781 0.1)
(0.1755805574 0.1278344781 0.1)
(0.1858418858 0.1278344781 0.1)
(0.1963721566 0.1278344781 0.1)
(0.2071784187 0.1278344781 0.1)
(0.2182679056 0.1278344781 0.1)
(0.2296480404 0.1278344781 0.1)
(0.2413264408 0.1278344781 0.1)
(0.2533109242 0.1278344781 0.1)
(0.2656095127 0.1278344781 0.1)
(0.2782304389 0.1278344781 0.1)
(0.291182151 0.1278344781 0.1)
(0.3044733187 0.1278344781 0.1)
(0.3181128388 0.1278344781 0.1)
(0.3321098415 0.1278344781 0.1)
(0.3464736962 0.1278344781 0.1)
(0.3612140177 0.1278344781 0.1)
(0.3763406731 0.1278344781 0.1)
(0.3918637878 0.1278344781 0.1)
(0.4077937529 0.1278344781 0.1)
(0.4241412315 0.1278344781 0.1)
(0.4409171664 0.1278344781 0.1)
(0.4581327871 0.1278344781 0.1)
(0.4757996177 0.1278344781 0.1)
(0.4939294838 0.1278344781 0.1)
(0.5125345214 0.1278344781 0.1)
(0.5316271845 0.1278344781 0.1)
(0.5512202532 0.1278344781 0.1)
(0.571326843 0.1278344781 0.1)
(0.5919604129 0.1278344781 0.1)
(0.6131347746 0.1278344781 0.1)
(0.634864102 0.1278344781 0.1)
(0.6571629403 0.1278344781 0.1)
(0.680046216 0.1278344781 0.1)
(0.7035292468 0.1278344781 0.1)
(0.7276277519 0.1278344781 0.1)
(0.7523578625 0.1278344781 0.1)
(0.7777361325 0.1278344781 0.1)
(0.8037795497 0.1278344781 0.1)
(0.8305055472 0.1278344781 0.1)
(0.857932015 0.1278344781 0.1)
(0.8860773118 0.1278344781 0.1)
(0.9149602778 0.1278344781 0.1)
(0.9446002467 0.1278344781 0.1)
(0.9750170591 0.1278344781 0.1)
(1.006231075 0.1278344781 0.1)
(1.03826319 0.1278344781 0.1)
(1.071134845 0.1278344781 0.1)
(1.104868043 0.1278344781 0.1)
(1.139485365 0.1278344781 0.1)
(1.175009984 0.1278344781 0.1)
(1.21146568 0.1278344781 0.1)
(1.248876854 0.1278344781 0.1)
(1.287268549 0.1278344781 0.1)
(1.326666465 0.1278344781 0.1)
(1.367096974 0.1278344781 0.1)
(1.408587139 0.1278344781 0.1)
(1.451164732 0.1278344781 0.1)
(1.494858256 0.1278344781 0.1)
(1.539696957 0.1278344781 0.1)
(1.58571085 0.1278344781 0.1)
(1.632930737 0.1278344781 0.1)
(1.681388224 0.1278344781 0.1)
(1.731115749 0.1278344781 0.1)
(1.782146599 0.1278344781 0.1)
(1.834514932 0.1278344781 0.1)
(1.888255804 0.1278344781 0.1)
(1.943405188 0.1278344781 0.1)
(2 0.1278344781 0.1)
(0.005659481181 0.1379784964 0.1)
(0.01146729352 0.1379784964 0.1)
(0.01742732468 0.1379784964 0.1)
(0.02354356421 0.1379784964 0.1)
(0.02982010622 0.1379784964 0.1)
(0.03626115215 0.1379784964 0.1)
(0.04287101351 0.1379784964 0.1)
(0.04965411485 0.1379784964 0.1)
(0.05661499667 0.1379784964 0.1)
(0.06375831848 0.1379784964 0.1)
(0.0710888619 0.1379784964 0.1)
(0.07861153389 0.1379784964 0.1)
(0.08633137 0.1379784964 0.1)
(0.09425353778 0.1379784964 0.1)
(0.1023833402 0.1379784964 0.1)
(0.1107262192 0.1379784964 0.1)
(0.1192877594 0.1379784964 0.1)
(0.1280736918 0.1379784964 0.1)
(0.1370898975 0.1379784964 0.1)
(0.1463424118 0.1379784964 0.1)
(0.1558374283 0.1379784964 0.1)
(0.1655813027 0.1379784964 0.1)
(0.1755805574 0.1379784964 0.1)
(0.1858418858 0.1379784964 0.1)
(0.1963721566 0.1379784964 0.1)
(0.2071784187 0.1379784964 0.1)
(0.2182679056 0.1379784964 0.1)
(0.2296480404 0.1379784964 0.1)
(0.2413264408 0.1379784964 0.1)
(0.2533109242 0.1379784964 0.1)
(0.2656095127 0.1379784964 0.1)
(0.2782304389 0.1379784964 0.1)
(0.291182151 0.1379784964 0.1)
(0.3044733187 0.1379784964 0.1)
(0.3181128388 0.1379784964 0.1)
(0.3321098415 0.1379784964 0.1)
(0.3464736962 0.1379784964 0.1)
(0.3612140177 0.1379784964 0.1)
(0.3763406731 0.1379784964 0.1)
(0.3918637878 0.1379784964 0.1)
(0.4077937529 0.1379784964 0.1)
(0.4241412315 0.1379784964 0.1)
(0.4409171664 0.1379784964 0.1)
(0.4581327871 0.1379784964 0.1)
(0.4757996177 0.1379784964 0.1)
(0.4939294838 0.1379784964 0.1)
(0.5125345214 0.1379784964 0.1)
(0.5316271845 0.1379784964 0.1)
(0.5512202532 0.1379784964 0.1)
(0.571326843 0.1379784964 0.1)
(0.5919604129 0.1379784964 0.1)
(0.6131347746 0.1379784964 0.1)
(0.634864102 0.1379784964 0.1)
(0.6571629403 0.1379784964 0.1)
(0.680046216 0.1379784964 0.1)
(0.7035292468 0.1379784964 0.1)
(0.7276277519 0.1379784964 0.1)
(0.7523578625 0.1379784964 0.1)
(0.7777361325 0.1379784964 0.1)
(0.8037795497 0.1379784964 0.1)
(0.8305055472 0.1379784964 0.1)
(0.857932015 0.1379784964 0.1)
(0.8860773118 0.1379784964 0.1)
(0.9149602778 0.1379784964 0.1)
(0.9446002467 0.1379784964 0.1)
(0.9750170591 0.1379784964 0.1)
(1.006231075 0.1379784964 0.1)
(1.03826319 0.1379784964 0.1)
(1.071134845 0.1379784964 0.1)
(1.104868043 0.1379784964 0.1)
(1.139485365 0.1379784964 0.1)
(1.175009984 0.1379784964 0.1)
(1.21146568 0.1379784964 0.1)
(1.248876854 0.1379784964 0.1)
(1.287268549 0.1379784964 0.1)
(1.326666465 0.1379784964 0.1)
(1.367096974 0.1379784964 0.1)
(1.408587139 0.1379784964 0.1)
(1.451164732 0.1379784964 0.1)
(1.494858256 0.1379784964 0.1)
(1.539696957 0.1379784964 0.1)
(1.58571085 0.1379784964 0.1)
(1.632930737 0.1379784964 0.1)
(1.681388224 0.1379784964 0.1)
(1.731115749 0.1379784964 0.1)
(1.782146599 0.1379784964 0.1)
(1.834514932 0.1379784964 0.1)
(1.888255804 0.1379784964 0.1)
(1.943405188 0.1379784964 0.1)
(2 0.1379784964 0.1)
(0.005659481181 0.1484225298 0.1)
(0.01146729352 0.1484225298 0.1)
(0.01742732468 0.1484225298 0.1)
(0.02354356421 0.1484225298 0.1)
(0.02982010622 0.1484225298 0.1)
(0.03626115215 0.1484225298 0.1)
(0.04287101351 0.1484225298 0.1)
(0.04965411485 0.1484225298 0.1)
(0.05661499667 0.1484225298 0.1)
(0.06375831848 0.1484225298 0.1)
(0.0710888619 0.1484225298 0.1)
(0.07861153389 0.1484225298 0.1)
(0.08633137 0.1484225298 0.1)
(0.09425353778 0.1484225298 0.1)
(0.1023833402 0.1484225298 0.1)
(0.1107262192 0.1484225298 0.1)
(0.1192877594 0.1484225298 0.1)
(0.1280736918 0.1484225298 0.1)
(0.1370898975 0.1484225298 0.1)
(0.1463424118 0.1484225298 0.1)
(0.1558374283 0.1484225298 0.1)
(0.1655813027 0.1484225298 0.1)
(0.1755805574 0.1484225298 0.1)
(0.1858418858 0.1484225298 0.1)
(0.1963721566 0.1484225298 0.1)
(0.2071784187 0.1484225298 0.1)
(0.2182679056 0.1484225298 0.1)
(0.2296480404 0.1484225298 0.1)
(0.2413264408 0.1484225298 0.1)
(0.2533109242 0.1484225298 0.1)
(0.2656095127 0.1484225298 0.1)
(0.2782304389 0.1484225298 0.1)
(0.291182151 0.1484225298 0.1)
(0.3044733187 0.1484225298 0.1)
(0.3181128388 0.1484225298 0.1)
(0.3321098415 0.1484225298 0.1)
(0.3464736962 0.1484225298 0.1)
(0.3612140177 0.1484225298 0.1)
(0.3763406731 0.1484225298 0.1)
(0.3918637878 0.1484225298 0.1)
(0.4077937529 0.1484225298 0.1)
(0.4241412315 0.1484225298 0.1)
(0.4409171664 0.1484225298 0.1)
(0.4581327871 0.1484225298 0.1)
(0.4757996177 0.1484225298 0.1)
(0.4939294838 0.1484225298 0.1)
(0.5125345214 0.1484225298 0.1)
(0.5316271845 0.1484225298 0.1)
(0.5512202532 0.1484225298 0.1)
(0.571326843 0.1484225298 0.1)
(0.5919604129 0.1484225298 0.1)
(0.6131347746 0.1484225298 0.1)
(0.634864102 0.1484225298 0.1)
(0.6571629403 0.1484225298 0.1)
(0.680046216 0.1484225298 0.1)
(0.7035292468 0.1484225298 0.1)
(0.7276277519 0.1484225298 0.1)
(0.7523578625 0.1484225298 0.1)
(0.7777361325 0.1484225298 0.1)
(0.8037795497 0.1484225298 0.1)
(0.8305055472 0.1484225298 0.1)
(0.857932015 0.1484225298 0.1)
(0.8860773118 0.1484225298 0.1)
(0.9149602778 0.1484225298 0.1)
(0.9446002467 0.1484225298 0.1)
(0.9750170591 0.1484225298 0.1)
(1.006231075 0.1484225298 0.1)
(1.03826319 0.1484225298 0.1)
(1.071134845 0.1484225298 0.1)
(1.104868043 0.1484225298 0.1)
(1.139485365 0.1484225298 0.1)
(1.175009984 0.1484225298 0.1)
(1.21146568 0.1484225298 0.1)
(1.248876854 0.1484225298 0.1)
(1.287268549 0.1484225298 0.1)
(1.326666465 0.1484225298 0.1)
(1.367096974 0.1484225298 0.1)
(1.408587139 0.1484225298 0.1)
(1.451164732 0.1484225298 0.1)
(1.494858256 0.1484225298 0.1)
(1.539696957 0.1484225298 0.1)
(1.58571085 0.1484225298 0.1)
(1.632930737 0.1484225298 0.1)
(1.681388224 0.1484225298 0.1)
(1.731115749 0.1484225298 0.1)
(1.782146599 0.1484225298 0.1)
(1.834514932 0.1484225298 0.1)
(1.888255804 0.1484225298 0.1)
(1.943405188 0.1484225298 0.1)
(2 0.1484225298 0.1)
(0.005659481181 0.1591754515 0.1)
(0.01146729352 0.1591754515 0.1)
(0.01742732468 0.1591754515 0.1)
(0.02354356421 0.1591754515 0.1)
(0.02982010622 0.1591754515 0.1)
(0.03626115215 0.1591754515 0.1)
(0.04287101351 0.1591754515 0.1)
(0.04965411485 0.1591754515 0.1)
(0.05661499667 0.1591754515 0.1)
(0.06375831848 0.1591754515 0.1)
(0.0710888619 0.1591754515 0.1)
(0.07861153389 0.1591754515 0.1)
(0.08633137 0.1591754515 0.1)
(0.09425353778 0.1591754515 0.1)
(0.1023833402 0.1591754515 0.1)
(0.1107262192 0.1591754515 0.1)
(0.1192877594 0.1591754515 0.1)
(0.1280736918 0.1591754515 0.1)
(0.1370898975 0.1591754515 0.1)
(0.1463424118 0.1591754515 0.1)
(0.1558374283 0.1591754515 0.1)
(0.1655813027 0.1591754515 0.1)
(0.1755805574 0.1591754515 0.1)
(0.1858418858 0.1591754515 0.1)
(0.1963721566 0.1591754515 0.1)
(0.2071784187 0.1591754515 0.1)
(0.2182679056 0.1591754515 0.1)
(0.2296480404 0.1591754515 0.1)
(0.2413264408 0.1591754515 0.1)
(0.2533109242 0.1591754515 0.1)
(0.2656095127 0.1591754515 0.1)
(0.2782304389 0.1591754515 0.1)
(0.291182151 0.1591754515 0.1)
(0.3044733187 0.1591754515 0.1)
(0.3181128388 0.1591754515 0.1)
(0.3321098415 0.1591754515 0.1)
(0.3464736962 0.1591754515 0.1)
(0.3612140177 0.1591754515 0.1)
(0.3763406731 0.1591754515 0.1)
(0.3918637878 0.1591754515 0.1)
(0.4077937529 0.1591754515 0.1)
(0.4241412315 0.1591754515 0.1)
(0.4409171664 0.1591754515 0.1)
(0.4581327871 0.1591754515 0.1)
(0.4757996177 0.1591754515 0.1)
(0.4939294838 0.1591754515 0.1)
(0.5125345214 0.1591754515 0.1)
(0.5316271845 0.1591754515 0.1)
(0.5512202532 0.1591754515 0.1)
(0.571326843 0.1591754515 0.1)
(0.5919604129 0.1591754515 0.1)
(0.6131347746 0.1591754515 0.1)
(0.634864102 0.1591754515 0.1)
(0.6571629403 0.1591754515 0.1)
(0.680046216 0.1591754515 0.1)
(0.7035292468 0.1591754515 0.1)
(0.7276277519 0.1591754515 0.1)
(0.7523578625 0.1591754515 0.1)
(0.7777361325 0.1591754515 0.1)
(0.8037795497 0.1591754515 0.1)
(0.8305055472 0.1591754515 0.1)
(0.857932015 0.1591754515 0.1)
(0.8860773118 0.1591754515 0.1)
(0.9149602778 0.1591754515 0.1)
(0.9446002467 0.1591754515 0.1)
(0.9750170591 0.1591754515 0.1)
(1.006231075 0.1591754515 0.1)
(1.03826319 0.1591754515 0.1)
(1.071134845 0.1591754515 0.1)
(1.104868043 0.1591754515 0.1)
(1.139485365 0.1591754515 0.1)
(1.175009984 0.1591754515 0.1)
(1.21146568 0.1591754515 0.1)
(1.248876854 0.1591754515 0.1)
(1.287268549 0.1591754515 0.1)
(1.326666465 0.1591754515 0.1)
(1.367096974 0.1591754515 0.1)
(1.408587139 0.1591754515 0.1)
(1.451164732 0.1591754515 0.1)
(1.494858256 0.1591754515 0.1)
(1.539696957 0.1591754515 0.1)
(1.58571085 0.1591754515 0.1)
(1.632930737 0.1591754515 0.1)
(1.681388224 0.1591754515 0.1)
(1.731115749 0.1591754515 0.1)
(1.782146599 0.1591754515 0.1)
(1.834514932 0.1591754515 0.1)
(1.888255804 0.1591754515 0.1)
(1.943405188 0.1591754515 0.1)
(2 0.1591754515 0.1)
(0.005659481181 0.1702463968 0.1)
(0.01146729352 0.1702463968 0.1)
(0.01742732468 0.1702463968 0.1)
(0.02354356421 0.1702463968 0.1)
(0.02982010622 0.1702463968 0.1)
(0.03626115215 0.1702463968 0.1)
(0.04287101351 0.1702463968 0.1)
(0.04965411485 0.1702463968 0.1)
(0.05661499667 0.1702463968 0.1)
(0.06375831848 0.1702463968 0.1)
(0.0710888619 0.1702463968 0.1)
(0.07861153389 0.1702463968 0.1)
(0.08633137 0.1702463968 0.1)
(0.09425353778 0.1702463968 0.1)
(0.1023833402 0.1702463968 0.1)
(0.1107262192 0.1702463968 0.1)
(0.1192877594 0.1702463968 0.1)
(0.1280736918 0.1702463968 0.1)
(0.1370898975 0.1702463968 0.1)
(0.1463424118 0.1702463968 0.1)
(0.1558374283 0.1702463968 0.1)
(0.1655813027 0.1702463968 0.1)
(0.1755805574 0.1702463968 0.1)
(0.1858418858 0.1702463968 0.1)
(0.1963721566 0.1702463968 0.1)
(0.2071784187 0.1702463968 0.1)
(0.2182679056 0.1702463968 0.1)
(0.2296480404 0.1702463968 0.1)
(0.2413264408 0.1702463968 0.1)
(0.2533109242 0.1702463968 0.1)
(0.2656095127 0.1702463968 0.1)
(0.2782304389 0.1702463968 0.1)
(0.291182151 0.1702463968 0.1)
(0.3044733187 0.1702463968 0.1)
(0.3181128388 0.1702463968 0.1)
(0.3321098415 0.1702463968 0.1)
(0.3464736962 0.1702463968 0.1)
(0.3612140177 0.1702463968 0.1)
(0.3763406731 0.1702463968 0.1)
(0.3918637878 0.1702463968 0.1)
(0.4077937529 0.1702463968 0.1)
(0.4241412315 0.1702463968 0.1)
(0.4409171664 0.1702463968 0.1)
(0.4581327871 0.1702463968 0.1)
(0.4757996177 0.1702463968 0.1)
(0.4939294838 0.1702463968 0.1)
(0.5125345214 0.1702463968 0.1)
(0.5316271845 0.1702463968 0.1)
(0.5512202532 0.1702463968 0.1)
(0.571326843 0.1702463968 0.1)
(0.5919604129 0.1702463968 0.1)
(0.6131347746 0.1702463968 0.1)
(0.634864102 0.1702463968 0.1)
(0.6571629403 0.1702463968 0.1)
(0.680046216 0.1702463968 0.1)
(0.7035292468 0.1702463968 0.1)
(0.7276277519 0.1702463968 0.1)
(0.7523578625 0.1702463968 0.1)
(0.7777361325 0.1702463968 0.1)
(0.8037795497 0.1702463968 0.1)
(0.8305055472 0.1702463968 0.1)
(0.857932015 0.1702463968 0.1)
(0.8860773118 0.1702463968 0.1)
(0.9149602778 0.1702463968 0.1)
(0.9446002467 0.1702463968 0.1)
(0.9750170591 0.1702463968 0.1)
(1.006231075 0.1702463968 0.1)
(1.03826319 0.1702463968 0.1)
(1.071134845 0.1702463968 0.1)
(1.104868043 0.1702463968 0.1)
(1.139485365 0.1702463968 0.1)
(1.175009984 0.1702463968 0.1)
(1.21146568 0.1702463968 0.1)
(1.248876854 0.1702463968 0.1)
(1.287268549 0.1702463968 0.1)
(1.326666465 0.1702463968 0.1)
(1.367096974 0.1702463968 0.1)
(1.408587139 0.1702463968 0.1)
(1.451164732 0.1702463968 0.1)
(1.494858256 0.1702463968 0.1)
(1.539696957 0.1702463968 0.1)
(1.58571085 0.1702463968 0.1)
(1.632930737 0.1702463968 0.1)
(1.681388224 0.1702463968 0.1)
(1.731115749 0.1702463968 0.1)
(1.782146599 0.1702463968 0.1)
(1.834514932 0.1702463968 0.1)
(1.888255804 0.1702463968 0.1)
(1.943405188 0.1702463968 0.1)
(2 0.1702463968 0.1)
(0.005659481181 0.1816447717 0.1)
(0.01146729352 0.1816447717 0.1)
(0.01742732468 0.1816447717 0.1)
(0.02354356421 0.1816447717 0.1)
(0.02982010622 0.1816447717 0.1)
(0.03626115215 0.1816447717 0.1)
(0.04287101351 0.1816447717 0.1)
(0.04965411485 0.1816447717 0.1)
(0.05661499667 0.1816447717 0.1)
(0.06375831848 0.1816447717 0.1)
(0.0710888619 0.1816447717 0.1)
(0.07861153389 0.1816447717 0.1)
(0.08633137 0.1816447717 0.1)
(0.09425353778 0.1816447717 0.1)
(0.1023833402 0.1816447717 0.1)
(0.1107262192 0.1816447717 0.1)
(0.1192877594 0.1816447717 0.1)
(0.1280736918 0.1816447717 0.1)
(0.1370898975 0.1816447717 0.1)
(0.1463424118 0.1816447717 0.1)
(0.1558374283 0.1816447717 0.1)
(0.1655813027 0.1816447717 0.1)
(0.1755805574 0.1816447717 0.1)
(0.1858418858 0.1816447717 0.1)
(0.1963721566 0.1816447717 0.1)
(0.2071784187 0.1816447717 0.1)
(0.2182679056 0.1816447717 0.1)
(0.2296480404 0.1816447717 0.1)
(0.2413264408 0.1816447717 0.1)
(0.2533109242 0.1816447717 0.1)
(0.2656095127 0.1816447717 0.1)
(0.2782304389 0.1816447717 0.1)
(0.291182151 0.1816447717 0.1)
(0.3044733187 0.1816447717 0.1)
(0.3181128388 0.1816447717 0.1)
(0.3321098415 0.1816447717 0.1)
(0.3464736962 0.1816447717 0.1)
(0.3612140177 0.1816447717 0.1)
(0.3763406731 0.1816447717 0.1)
(0.3918637878 0.1816447717 0.1)
(0.4077937529 0.1816447717 0.1)
(0.4241412315 0.1816447717 0.1)
(0.4409171664 0.1816447717 0.1)
(0.4581327871 0.1816447717 0.1)
(0.4757996177 0.1816447717 0.1)
(0.4939294838 0.1816447717 0.1)
(0.5125345214 0.1816447717 0.1)
(0.5316271845 0.1816447717 0.1)
(0.5512202532 0.1816447717 0.1)
(0.571326843 0.1816447717 0.1)
(0.5919604129 0.1816447717 0.1)
(0.6131347746 0.1816447717 0.1)
(0.634864102 0.1816447717 0.1)
(0.6571629403 0.1816447717 0.1)
(0.680046216 0.1816447717 0.1)
(0.7035292468 0.1816447717 0.1)
(0.7276277519 0.1816447717 0.1)
(0.7523578625 0.1816447717 0.1)
(0.7777361325 0.1816447717 0.1)
(0.8037795497 0.1816447717 0.1)
(0.8305055472 0.1816447717 0.1)
(0.857932015 0.1816447717 0.1)
(0.8860773118 0.1816447717 0.1)
(0.9149602778 0.1816447717 0.1)
(0.9446002467 0.1816447717 0.1)
(0.9750170591 0.1816447717 0.1)
(1.006231075 0.1816447717 0.1)
(1.03826319 0.1816447717 0.1)
(1.071134845 0.1816447717 0.1)
(1.104868043 0.1816447717 0.1)
(1.139485365 0.1816447717 0.1)
(1.175009984 0.1816447717 0.1)
(1.21146568 0.1816447717 0.1)
(1.248876854 0.1816447717 0.1)
(1.287268549 0.1816447717 0.1)
(1.326666465 0.1816447717 0.1)
(1.367096974 0.1816447717 0.1)
(1.408587139 0.1816447717 0.1)
(1.451164732 0.1816447717 0.1)
(1.494858256 0.1816447717 0.1)
(1.539696957 0.1816447717 0.1)
(1.58571085 0.1816447717 0.1)
(1.632930737 0.1816447717 0.1)
(1.681388224 0.1816447717 0.1)
(1.731115749 0.1816447717 0.1)
(1.782146599 0.1816447717 0.1)
(1.834514932 0.1816447717 0.1)
(1.888255804 0.1816447717 0.1)
(1.943405188 0.1816447717 0.1)
(2 0.1816447717 0.1)
(0.005659481181 0.19338026 0.1)
(0.01146729352 0.19338026 0.1)
(0.01742732468 0.19338026 0.1)
(0.02354356421 0.19338026 0.1)
(0.02982010622 0.19338026 0.1)
(0.03626115215 0.19338026 0.1)
(0.04287101351 0.19338026 0.1)
(0.04965411485 0.19338026 0.1)
(0.05661499667 0.19338026 0.1)
(0.06375831848 0.19338026 0.1)
(0.0710888619 0.19338026 0.1)
(0.07861153389 0.19338026 0.1)
(0.08633137 0.19338026 0.1)
(0.09425353778 0.19338026 0.1)
(0.1023833402 0.19338026 0.1)
(0.1107262192 0.19338026 0.1)
(0.1192877594 0.19338026 0.1)
(0.1280736918 0.19338026 0.1)
(0.1370898975 0.19338026 0.1)
(0.1463424118 0.19338026 0.1)
(0.1558374283 0.19338026 0.1)
(0.1655813027 0.19338026 0.1)
(0.1755805574 0.19338026 0.1)
(0.1858418858 0.19338026 0.1)
(0.1963721566 0.19338026 0.1)
(0.2071784187 0.19338026 0.1)
(0.2182679056 0.19338026 0.1)
(0.2296480404 0.19338026 0.1)
(0.2413264408 0.19338026 0.1)
(0.2533109242 0.19338026 0.1)
(0.2656095127 0.19338026 0.1)
(0.2782304389 0.19338026 0.1)
(0.291182151 0.19338026 0.1)
(0.3044733187 0.19338026 0.1)
(0.3181128388 0.19338026 0.1)
(0.3321098415 0.19338026 0.1)
(0.3464736962 0.19338026 0.1)
(0.3612140177 0.19338026 0.1)
(0.3763406731 0.19338026 0.1)
(0.3918637878 0.19338026 0.1)
(0.4077937529 0.19338026 0.1)
(0.4241412315 0.19338026 0.1)
(0.4409171664 0.19338026 0.1)
(0.4581327871 0.19338026 0.1)
(0.4757996177 0.19338026 0.1)
(0.4939294838 0.19338026 0.1)
(0.5125345214 0.19338026 0.1)
(0.5316271845 0.19338026 0.1)
(0.5512202532 0.19338026 0.1)
(0.571326843 0.19338026 0.1)
(0.5919604129 0.19338026 0.1)
(0.6131347746 0.19338026 0.1)
(0.634864102 0.19338026 0.1)
(0.6571629403 0.19338026 0.1)
(0.680046216 0.19338026 0.1)
(0.7035292468 0.19338026 0.1)
(0.7276277519 0.19338026 0.1)
(0.7523578625 0.19338026 0.1)
(0.7777361325 0.19338026 0.1)
(0.8037795497 0.19338026 0.1)
(0.8305055472 0.19338026 0.1)
(0.857932015 0.19338026 0.1)
(0.8860773118 0.19338026 0.1)
(0.9149602778 0.19338026 0.1)
(0.9446002467 0.19338026 0.1)
(0.9750170591 0.19338026 0.1)
(1.006231075 0.19338026 0.1)
(1.03826319 0.19338026 0.1)
(1.071134845 0.19338026 0.1)
(1.104868043 0.19338026 0.1)
(1.139485365 0.19338026 0.1)
(1.175009984 0.19338026 0.1)
(1.21146568 0.19338026 0.1)
(1.248876854 0.19338026 0.1)
(1.287268549 0.19338026 0.1)
(1.326666465 0.19338026 0.1)
(1.367096974 0.19338026 0.1)
(1.408587139 0.19338026 0.1)
(1.451164732 0.19338026 0.1)
(1.494858256 0.19338026 0.1)
(1.539696957 0.19338026 0.1)
(1.58571085 0.19338026 0.1)
(1.632930737 0.19338026 0.1)
(1.681388224 0.19338026 0.1)
(1.731115749 0.19338026 0.1)
(1.782146599 0.19338026 0.1)
(1.834514932 0.19338026 0.1)
(1.888255804 0.19338026 0.1)
(1.943405188 0.19338026 0.1)
(2 0.19338026 0.1)
(0.005659481181 0.205462832 0.1)
(0.01146729352 0.205462832 0.1)
(0.01742732468 0.205462832 0.1)
(0.02354356421 0.205462832 0.1)
(0.02982010622 0.205462832 0.1)
(0.03626115215 0.205462832 0.1)
(0.04287101351 0.205462832 0.1)
(0.04965411485 0.205462832 0.1)
(0.05661499667 0.205462832 0.1)
(0.06375831848 0.205462832 0.1)
(0.0710888619 0.205462832 0.1)
(0.07861153389 0.205462832 0.1)
(0.08633137 0.205462832 0.1)
(0.09425353778 0.205462832 0.1)
(0.1023833402 0.205462832 0.1)
(0.1107262192 0.205462832 0.1)
(0.1192877594 0.205462832 0.1)
(0.1280736918 0.205462832 0.1)
(0.1370898975 0.205462832 0.1)
(0.1463424118 0.205462832 0.1)
(0.1558374283 0.205462832 0.1)
(0.1655813027 0.205462832 0.1)
(0.1755805574 0.205462832 0.1)
(0.1858418858 0.205462832 0.1)
(0.1963721566 0.205462832 0.1)
(0.2071784187 0.205462832 0.1)
(0.2182679056 0.205462832 0.1)
(0.2296480404 0.205462832 0.1)
(0.2413264408 0.205462832 0.1)
(0.2533109242 0.205462832 0.1)
(0.2656095127 0.205462832 0.1)
(0.2782304389 0.205462832 0.1)
(0.291182151 0.205462832 0.1)
(0.3044733187 0.205462832 0.1)
(0.3181128388 0.205462832 0.1)
(0.3321098415 0.205462832 0.1)
(0.3464736962 0.205462832 0.1)
(0.3612140177 0.205462832 0.1)
(0.3763406731 0.205462832 0.1)
(0.3918637878 0.205462832 0.1)
(0.4077937529 0.205462832 0.1)
(0.4241412315 0.205462832 0.1)
(0.4409171664 0.205462832 0.1)
(0.4581327871 0.205462832 0.1)
(0.4757996177 0.205462832 0.1)
(0.4939294838 0.205462832 0.1)
(0.5125345214 0.205462832 0.1)
(0.5316271845 0.205462832 0.1)
(0.5512202532 0.205462832 0.1)
(0.571326843 0.205462832 0.1)
(0.5919604129 0.205462832 0.1)
(0.6131347746 0.205462832 0.1)
(0.634864102 0.205462832 0.1)
(0.6571629403 0.205462832 0.1)
(0.680046216 0.205462832 0.1)
(0.7035292468 0.205462832 0.1)
(0.7276277519 0.205462832 0.1)
(0.7523578625 0.205462832 0.1)
(0.7777361325 0.205462832 0.1)
(0.8037795497 0.205462832 0.1)
(0.8305055472 0.205462832 0.1)
(0.857932015 0.205462832 0.1)
(0.8860773118 0.205462832 0.1)
(0.9149602778 0.205462832 0.1)
(0.9446002467 0.205462832 0.1)
(0.9750170591 0.205462832 0.1)
(1.006231075 0.205462832 0.1)
(1.03826319 0.205462832 0.1)
(1.071134845 0.205462832 0.1)
(1.104868043 0.205462832 0.1)
(1.139485365 0.205462832 0.1)
(1.175009984 0.205462832 0.1)
(1.21146568 0.205462832 0.1)
(1.248876854 0.205462832 0.1)
(1.287268549 0.205462832 0.1)
(1.326666465 0.205462832 0.1)
(1.367096974 0.205462832 0.1)
(1.408587139 0.205462832 0.1)
(1.451164732 0.205462832 0.1)
(1.494858256 0.205462832 0.1)
(1.539696957 0.205462832 0.1)
(1.58571085 0.205462832 0.1)
(1.632930737 0.205462832 0.1)
(1.681388224 0.205462832 0.1)
(1.731115749 0.205462832 0.1)
(1.782146599 0.205462832 0.1)
(1.834514932 0.205462832 0.1)
(1.888255804 0.205462832 0.1)
(1.943405188 0.205462832 0.1)
(2 0.205462832 0.1)
(0.005659481181 0.2179027529 0.1)
(0.01146729352 0.2179027529 0.1)
(0.01742732468 0.2179027529 0.1)
(0.02354356421 0.2179027529 0.1)
(0.02982010622 0.2179027529 0.1)
(0.03626115215 0.2179027529 0.1)
(0.04287101351 0.2179027529 0.1)
(0.04965411485 0.2179027529 0.1)
(0.05661499667 0.2179027529 0.1)
(0.06375831848 0.2179027529 0.1)
(0.0710888619 0.2179027529 0.1)
(0.07861153389 0.2179027529 0.1)
(0.08633137 0.2179027529 0.1)
(0.09425353778 0.2179027529 0.1)
(0.1023833402 0.2179027529 0.1)
(0.1107262192 0.2179027529 0.1)
(0.1192877594 0.2179027529 0.1)
(0.1280736918 0.2179027529 0.1)
(0.1370898975 0.2179027529 0.1)
(0.1463424118 0.2179027529 0.1)
(0.1558374283 0.2179027529 0.1)
(0.1655813027 0.2179027529 0.1)
(0.1755805574 0.2179027529 0.1)
(0.1858418858 0.2179027529 0.1)
(0.1963721566 0.2179027529 0.1)
(0.2071784187 0.2179027529 0.1)
(0.2182679056 0.2179027529 0.1)
(0.2296480404 0.2179027529 0.1)
(0.2413264408 0.2179027529 0.1)
(0.2533109242 0.2179027529 0.1)
(0.2656095127 0.2179027529 0.1)
(0.2782304389 0.2179027529 0.1)
(0.291182151 0.2179027529 0.1)
(0.3044733187 0.2179027529 0.1)
(0.3181128388 0.2179027529 0.1)
(0.3321098415 0.2179027529 0.1)
(0.3464736962 0.2179027529 0.1)
(0.3612140177 0.2179027529 0.1)
(0.3763406731 0.2179027529 0.1)
(0.3918637878 0.2179027529 0.1)
(0.4077937529 0.2179027529 0.1)
(0.4241412315 0.2179027529 0.1)
(0.4409171664 0.2179027529 0.1)
(0.4581327871 0.2179027529 0.1)
(0.4757996177 0.2179027529 0.1)
(0.4939294838 0.2179027529 0.1)
(0.5125345214 0.2179027529 0.1)
(0.5316271845 0.2179027529 0.1)
(0.5512202532 0.2179027529 0.1)
(0.571326843 0.2179027529 0.1)
(0.5919604129 0.2179027529 0.1)
(0.6131347746 0.2179027529 0.1)
(0.634864102 0.2179027529 0.1)
(0.6571629403 0.2179027529 0.1)
(0.680046216 0.2179027529 0.1)
(0.7035292468 0.2179027529 0.1)
(0.7276277519 0.2179027529 0.1)
(0.7523578625 0.2179027529 0.1)
(0.7777361325 0.2179027529 0.1)
(0.8037795497 0.2179027529 0.1)
(0.8305055472 0.2179027529 0.1)
(0.857932015 0.2179027529 0.1)
(0.8860773118 0.2179027529 0.1)
(0.9149602778 0.2179027529 0.1)
(0.9446002467 0.2179027529 0.1)
(0.9750170591 0.2179027529 0.1)
(1.006231075 0.2179027529 0.1)
(1.03826319 0.2179027529 0.1)
(1.071134845 0.2179027529 0.1)
(1.104868043 0.2179027529 0.1)
(1.139485365 0.2179027529 0.1)
(1.175009984 0.2179027529 0.1)
(1.21146568 0.2179027529 0.1)
(1.248876854 0.2179027529 0.1)
(1.287268549 0.2179027529 0.1)
(1.326666465 0.2179027529 0.1)
(1.367096974 0.2179027529 0.1)
(1.408587139 0.2179027529 0.1)
(1.451164732 0.2179027529 0.1)
(1.494858256 0.2179027529 0.1)
(1.539696957 0.2179027529 0.1)
(1.58571085 0.2179027529 0.1)
(1.632930737 0.2179027529 0.1)
(1.681388224 0.2179027529 0.1)
(1.731115749 0.2179027529 0.1)
(1.782146599 0.2179027529 0.1)
(1.834514932 0.2179027529 0.1)
(1.888255804 0.2179027529 0.1)
(1.943405188 0.2179027529 0.1)
(2 0.2179027529 0.1)
(0.005659481181 0.2307105916 0.1)
(0.01146729352 0.2307105916 0.1)
(0.01742732468 0.2307105916 0.1)
(0.02354356421 0.2307105916 0.1)
(0.02982010622 0.2307105916 0.1)
(0.03626115215 0.2307105916 0.1)
(0.04287101351 0.2307105916 0.1)
(0.04965411485 0.2307105916 0.1)
(0.05661499667 0.2307105916 0.1)
(0.06375831848 0.2307105916 0.1)
(0.0710888619 0.2307105916 0.1)
(0.07861153389 0.2307105916 0.1)
(0.08633137 0.2307105916 0.1)
(0.09425353778 0.2307105916 0.1)
(0.1023833402 0.2307105916 0.1)
(0.1107262192 0.2307105916 0.1)
(0.1192877594 0.2307105916 0.1)
(0.1280736918 0.2307105916 0.1)
(0.1370898975 0.2307105916 0.1)
(0.1463424118 0.2307105916 0.1)
(0.1558374283 0.2307105916 0.1)
(0.1655813027 0.2307105916 0.1)
(0.1755805574 0.2307105916 0.1)
(0.1858418858 0.2307105916 0.1)
(0.1963721566 0.2307105916 0.1)
(0.2071784187 0.2307105916 0.1)
(0.2182679056 0.2307105916 0.1)
(0.2296480404 0.2307105916 0.1)
(0.2413264408 0.2307105916 0.1)
(0.2533109242 0.2307105916 0.1)
(0.2656095127 0.2307105916 0.1)
(0.2782304389 0.2307105916 0.1)
(0.291182151 0.2307105916 0.1)
(0.3044733187 0.2307105916 0.1)
(0.3181128388 0.2307105916 0.1)
(0.3321098415 0.2307105916 0.1)
(0.3464736962 0.2307105916 0.1)
(0.3612140177 0.2307105916 0.1)
(0.3763406731 0.2307105916 0.1)
(0.3918637878 0.2307105916 0.1)
(0.4077937529 0.2307105916 0.1)
(0.4241412315 0.2307105916 0.1)
(0.4409171664 0.2307105916 0.1)
(0.4581327871 0.2307105916 0.1)
(0.4757996177 0.2307105916 0.1)
(0.4939294838 0.2307105916 0.1)
(0.5125345214 0.2307105916 0.1)
(0.5316271845 0.2307105916 0.1)
(0.5512202532 0.2307105916 0.1)
(0.571326843 0.2307105916 0.1)
(0.5919604129 0.2307105916 0.1)
(0.6131347746 0.2307105916 0.1)
(0.634864102 0.2307105916 0.1)
(0.6571629403 0.2307105916 0.1)
(0.680046216 0.2307105916 0.1)
(0.7035292468 0.2307105916 0.1)
(0.7276277519 0.2307105916 0.1)
(0.7523578625 0.2307105916 0.1)
(0.7777361325 0.2307105916 0.1)
(0.8037795497 0.2307105916 0.1)
(0.8305055472 0.2307105916 0.1)
(0.857932015 0.2307105916 0.1)
(0.8860773118 0.2307105916 0.1)
(0.9149602778 0.2307105916 0.1)
(0.9446002467 0.2307105916 0.1)
(0.9750170591 0.2307105916 0.1)
(1.006231075 0.2307105916 0.1)
(1.03826319 0.2307105916 0.1)
(1.071134845 0.2307105916 0.1)
(1.104868043 0.2307105916 0.1)
(1.139485365 0.2307105916 0.1)
(1.175009984 0.2307105916 0.1)
(1.21146568 0.2307105916 0.1)
(1.248876854 0.2307105916 0.1)
(1.287268549 0.2307105916 0.1)
(1.326666465 0.2307105916 0.1)
(1.367096974 0.2307105916 0.1)
(1.408587139 0.2307105916 0.1)
(1.451164732 0.2307105916 0.1)
(1.494858256 0.2307105916 0.1)
(1.539696957 0.2307105916 0.1)
(1.58571085 0.2307105916 0.1)
(1.632930737 0.2307105916 0.1)
(1.681388224 0.2307105916 0.1)
(1.731115749 0.2307105916 0.1)
(1.782146599 0.2307105916 0.1)
(1.834514932 0.2307105916 0.1)
(1.888255804 0.2307105916 0.1)
(1.943405188 0.2307105916 0.1)
(2 0.2307105916 0.1)
(0.005659481181 0.2438972293 0.1)
(0.01146729352 0.2438972293 0.1)
(0.01742732468 0.2438972293 0.1)
(0.02354356421 0.2438972293 0.1)
(0.02982010622 0.2438972293 0.1)
(0.03626115215 0.2438972293 0.1)
(0.04287101351 0.2438972293 0.1)
(0.04965411485 0.2438972293 0.1)
(0.05661499667 0.2438972293 0.1)
(0.06375831848 0.2438972293 0.1)
(0.0710888619 0.2438972293 0.1)
(0.07861153389 0.2438972293 0.1)
(0.08633137 0.2438972293 0.1)
(0.09425353778 0.2438972293 0.1)
(0.1023833402 0.2438972293 0.1)
(0.1107262192 0.2438972293 0.1)
(0.1192877594 0.2438972293 0.1)
(0.1280736918 0.2438972293 0.1)
(0.1370898975 0.2438972293 0.1)
(0.1463424118 0.2438972293 0.1)
(0.1558374283 0.2438972293 0.1)
(0.1655813027 0.2438972293 0.1)
(0.1755805574 0.2438972293 0.1)
(0.1858418858 0.2438972293 0.1)
(0.1963721566 0.2438972293 0.1)
(0.2071784187 0.2438972293 0.1)
(0.2182679056 0.2438972293 0.1)
(0.2296480404 0.2438972293 0.1)
(0.2413264408 0.2438972293 0.1)
(0.2533109242 0.2438972293 0.1)
(0.2656095127 0.2438972293 0.1)
(0.2782304389 0.2438972293 0.1)
(0.291182151 0.2438972293 0.1)
(0.3044733187 0.2438972293 0.1)
(0.3181128388 0.2438972293 0.1)
(0.3321098415 0.2438972293 0.1)
(0.3464736962 0.2438972293 0.1)
(0.3612140177 0.2438972293 0.1)
(0.3763406731 0.2438972293 0.1)
(0.3918637878 0.2438972293 0.1)
(0.4077937529 0.2438972293 0.1)
(0.4241412315 0.2438972293 0.1)
(0.4409171664 0.2438972293 0.1)
(0.4581327871 0.2438972293 0.1)
(0.4757996177 0.2438972293 0.1)
(0.4939294838 0.2438972293 0.1)
(0.5125345214 0.2438972293 0.1)
(0.5316271845 0.2438972293 0.1)
(0.5512202532 0.2438972293 0.1)
(0.571326843 0.2438972293 0.1)
(0.5919604129 0.2438972293 0.1)
(0.6131347746 0.2438972293 0.1)
(0.634864102 0.2438972293 0.1)
(0.6571629403 0.2438972293 0.1)
(0.680046216 0.2438972293 0.1)
(0.7035292468 0.2438972293 0.1)
(0.7276277519 0.2438972293 0.1)
(0.7523578625 0.2438972293 0.1)
(0.7777361325 0.2438972293 0.1)
(0.8037795497 0.2438972293 0.1)
(0.8305055472 0.2438972293 0.1)
(0.857932015 0.2438972293 0.1)
(0.8860773118 0.2438972293 0.1)
(0.9149602778 0.2438972293 0.1)
(0.9446002467 0.2438972293 0.1)
(0.9750170591 0.2438972293 0.1)
(1.006231075 0.2438972293 0.1)
(1.03826319 0.2438972293 0.1)
(1.071134845 0.2438972293 0.1)
(1.104868043 0.2438972293 0.1)
(1.139485365 0.2438972293 0.1)
(1.175009984 0.2438972293 0.1)
(1.21146568 0.2438972293 0.1)
(1.248876854 0.2438972293 0.1)
(1.287268549 0.2438972293 0.1)
(1.326666465 0.2438972293 0.1)
(1.367096974 0.2438972293 0.1)
(1.408587139 0.2438972293 0.1)
(1.451164732 0.2438972293 0.1)
(1.494858256 0.2438972293 0.1)
(1.539696957 0.2438972293 0.1)
(1.58571085 0.2438972293 0.1)
(1.632930737 0.2438972293 0.1)
(1.681388224 0.2438972293 0.1)
(1.731115749 0.2438972293 0.1)
(1.782146599 0.2438972293 0.1)
(1.834514932 0.2438972293 0.1)
(1.888255804 0.2438972293 0.1)
(1.943405188 0.2438972293 0.1)
(2 0.2438972293 0.1)
(0.005659481181 0.2574738693 0.1)
(0.01146729352 0.2574738693 0.1)
(0.01742732468 0.2574738693 0.1)
(0.02354356421 0.2574738693 0.1)
(0.02982010622 0.2574738693 0.1)
(0.03626115215 0.2574738693 0.1)
(0.04287101351 0.2574738693 0.1)
(0.04965411485 0.2574738693 0.1)
(0.05661499667 0.2574738693 0.1)
(0.06375831848 0.2574738693 0.1)
(0.0710888619 0.2574738693 0.1)
(0.07861153389 0.2574738693 0.1)
(0.08633137 0.2574738693 0.1)
(0.09425353778 0.2574738693 0.1)
(0.1023833402 0.2574738693 0.1)
(0.1107262192 0.2574738693 0.1)
(0.1192877594 0.2574738693 0.1)
(0.1280736918 0.2574738693 0.1)
(0.1370898975 0.2574738693 0.1)
(0.1463424118 0.2574738693 0.1)
(0.1558374283 0.2574738693 0.1)
(0.1655813027 0.2574738693 0.1)
(0.1755805574 0.2574738693 0.1)
(0.1858418858 0.2574738693 0.1)
(0.1963721566 0.2574738693 0.1)
(0.2071784187 0.2574738693 0.1)
(0.2182679056 0.2574738693 0.1)
(0.2296480404 0.2574738693 0.1)
(0.2413264408 0.2574738693 0.1)
(0.2533109242 0.2574738693 0.1)
(0.2656095127 0.2574738693 0.1)
(0.2782304389 0.2574738693 0.1)
(0.291182151 0.2574738693 0.1)
(0.3044733187 0.2574738693 0.1)
(0.3181128388 0.2574738693 0.1)
(0.3321098415 0.2574738693 0.1)
(0.3464736962 0.2574738693 0.1)
(0.3612140177 0.2574738693 0.1)
(0.3763406731 0.2574738693 0.1)
(0.3918637878 0.2574738693 0.1)
(0.4077937529 0.2574738693 0.1)
(0.4241412315 0.2574738693 0.1)
(0.4409171664 0.2574738693 0.1)
(0.4581327871 0.2574738693 0.1)
(0.4757996177 0.2574738693 0.1)
(0.4939294838 0.2574738693 0.1)
(0.5125345214 0.2574738693 0.1)
(0.5316271845 0.2574738693 0.1)
(0.5512202532 0.2574738693 0.1)
(0.571326843 0.2574738693 0.1)
(0.5919604129 0.2574738693 0.1)
(0.6131347746 0.2574738693 0.1)
(0.634864102 0.2574738693 0.1)
(0.6571629403 0.2574738693 0.1)
(0.680046216 0.2574738693 0.1)
(0.7035292468 0.2574738693 0.1)
(0.7276277519 0.2574738693 0.1)
(0.7523578625 0.2574738693 0.1)
(0.7777361325 0.2574738693 0.1)
(0.8037795497 0.2574738693 0.1)
(0.8305055472 0.2574738693 0.1)
(0.857932015 0.2574738693 0.1)
(0.8860773118 0.2574738693 0.1)
(0.9149602778 0.2574738693 0.1)
(0.9446002467 0.2574738693 0.1)
(0.9750170591 0.2574738693 0.1)
(1.006231075 0.2574738693 0.1)
(1.03826319 0.2574738693 0.1)
(1.071134845 0.2574738693 0.1)
(1.104868043 0.2574738693 0.1)
(1.139485365 0.2574738693 0.1)
(1.175009984 0.2574738693 0.1)
(1.21146568 0.2574738693 0.1)
(1.248876854 0.2574738693 0.1)
(1.287268549 0.2574738693 0.1)
(1.326666465 0.2574738693 0.1)
(1.367096974 0.2574738693 0.1)
(1.408587139 0.2574738693 0.1)
(1.451164732 0.2574738693 0.1)
(1.494858256 0.2574738693 0.1)
(1.539696957 0.2574738693 0.1)
(1.58571085 0.2574738693 0.1)
(1.632930737 0.2574738693 0.1)
(1.681388224 0.2574738693 0.1)
(1.731115749 0.2574738693 0.1)
(1.782146599 0.2574738693 0.1)
(1.834514932 0.2574738693 0.1)
(1.888255804 0.2574738693 0.1)
(1.943405188 0.2574738693 0.1)
(2 0.2574738693 0.1)
(0.005659481181 0.2714520462 0.1)
(0.01146729352 0.2714520462 0.1)
(0.01742732468 0.2714520462 0.1)
(0.02354356421 0.2714520462 0.1)
(0.02982010622 0.2714520462 0.1)
(0.03626115215 0.2714520462 0.1)
(0.04287101351 0.2714520462 0.1)
(0.04965411485 0.2714520462 0.1)
(0.05661499667 0.2714520462 0.1)
(0.06375831848 0.2714520462 0.1)
(0.0710888619 0.2714520462 0.1)
(0.07861153389 0.2714520462 0.1)
(0.08633137 0.2714520462 0.1)
(0.09425353778 0.2714520462 0.1)
(0.1023833402 0.2714520462 0.1)
(0.1107262192 0.2714520462 0.1)
(0.1192877594 0.2714520462 0.1)
(0.1280736918 0.2714520462 0.1)
(0.1370898975 0.2714520462 0.1)
(0.1463424118 0.2714520462 0.1)
(0.1558374283 0.2714520462 0.1)
(0.1655813027 0.2714520462 0.1)
(0.1755805574 0.2714520462 0.1)
(0.1858418858 0.2714520462 0.1)
(0.1963721566 0.2714520462 0.1)
(0.2071784187 0.2714520462 0.1)
(0.2182679056 0.2714520462 0.1)
(0.2296480404 0.2714520462 0.1)
(0.2413264408 0.2714520462 0.1)
(0.2533109242 0.2714520462 0.1)
(0.2656095127 0.2714520462 0.1)
(0.2782304389 0.2714520462 0.1)
(0.291182151 0.2714520462 0.1)
(0.3044733187 0.2714520462 0.1)
(0.3181128388 0.2714520462 0.1)
(0.3321098415 0.2714520462 0.1)
(0.3464736962 0.2714520462 0.1)
(0.3612140177 0.2714520462 0.1)
(0.3763406731 0.2714520462 0.1)
(0.3918637878 0.2714520462 0.1)
(0.4077937529 0.2714520462 0.1)
(0.4241412315 0.2714520462 0.1)
(0.4409171664 0.2714520462 0.1)
(0.4581327871 0.2714520462 0.1)
(0.4757996177 0.2714520462 0.1)
(0.4939294838 0.2714520462 0.1)
(0.5125345214 0.2714520462 0.1)
(0.5316271845 0.2714520462 0.1)
(0.5512202532 0.2714520462 0.1)
(0.571326843 0.2714520462 0.1)
(0.5919604129 0.2714520462 0.1)
(0.6131347746 0.2714520462 0.1)
(0.634864102 0.2714520462 0.1)
(0.6571629403 0.2714520462 0.1)
(0.680046216 0.2714520462 0.1)
(0.7035292468 0.2714520462 0.1)
(0.7276277519 0.2714520462 0.1)
(0.7523578625 0.2714520462 0.1)
(0.7777361325 0.2714520462 0.1)
(0.8037795497 0.2714520462 0.1)
(0.8305055472 0.2714520462 0.1)
(0.857932015 0.2714520462 0.1)
(0.8860773118 0.2714520462 0.1)
(0.9149602778 0.2714520462 0.1)
(0.9446002467 0.2714520462 0.1)
(0.9750170591 0.2714520462 0.1)
(1.006231075 0.2714520462 0.1)
(1.03826319 0.2714520462 0.1)
(1.071134845 0.2714520462 0.1)
(1.104868043 0.2714520462 0.1)
(1.139485365 0.2714520462 0.1)
(1.175009984 0.2714520462 0.1)
(1.21146568 0.2714520462 0.1)
(1.248876854 0.2714520462 0.1)
(1.287268549 0.2714520462 0.1)
(1.326666465 0.2714520462 0.1)
(1.367096974 0.2714520462 0.1)
(1.408587139 0.2714520462 0.1)
(1.451164732 0.2714520462 0.1)
(1.494858256 0.2714520462 0.1)
(1.539696957 0.2714520462 0.1)
(1.58571085 0.2714520462 0.1)
(1.632930737 0.2714520462 0.1)
(1.681388224 0.2714520462 0.1)
(1.731115749 0.2714520462 0.1)
(1.782146599 0.2714520462 0.1)
(1.834514932 0.2714520462 0.1)
(1.888255804 0.2714520462 0.1)
(1.943405188 0.2714520462 0.1)
(2 0.2714520462 0.1)
(0.005659481181 0.2858436356 0.1)
(0.01146729352 0.2858436356 0.1)
(0.01742732468 0.2858436356 0.1)
(0.02354356421 0.2858436356 0.1)
(0.02982010622 0.2858436356 0.1)
(0.03626115215 0.2858436356 0.1)
(0.04287101351 0.2858436356 0.1)
(0.04965411485 0.2858436356 0.1)
(0.05661499667 0.2858436356 0.1)
(0.06375831848 0.2858436356 0.1)
(0.0710888619 0.2858436356 0.1)
(0.07861153389 0.2858436356 0.1)
(0.08633137 0.2858436356 0.1)
(0.09425353778 0.2858436356 0.1)
(0.1023833402 0.2858436356 0.1)
(0.1107262192 0.2858436356 0.1)
(0.1192877594 0.2858436356 0.1)
(0.1280736918 0.2858436356 0.1)
(0.1370898975 0.2858436356 0.1)
(0.1463424118 0.2858436356 0.1)
(0.1558374283 0.2858436356 0.1)
(0.1655813027 0.2858436356 0.1)
(0.1755805574 0.2858436356 0.1)
(0.1858418858 0.2858436356 0.1)
(0.1963721566 0.2858436356 0.1)
(0.2071784187 0.2858436356 0.1)
(0.2182679056 0.2858436356 0.1)
(0.2296480404 0.2858436356 0.1)
(0.2413264408 0.2858436356 0.1)
(0.2533109242 0.2858436356 0.1)
(0.2656095127 0.2858436356 0.1)
(0.2782304389 0.2858436356 0.1)
(0.291182151 0.2858436356 0.1)
(0.3044733187 0.2858436356 0.1)
(0.3181128388 0.2858436356 0.1)
(0.3321098415 0.2858436356 0.1)
(0.3464736962 0.2858436356 0.1)
(0.3612140177 0.2858436356 0.1)
(0.3763406731 0.2858436356 0.1)
(0.3918637878 0.2858436356 0.1)
(0.4077937529 0.2858436356 0.1)
(0.4241412315 0.2858436356 0.1)
(0.4409171664 0.2858436356 0.1)
(0.4581327871 0.2858436356 0.1)
(0.4757996177 0.2858436356 0.1)
(0.4939294838 0.2858436356 0.1)
(0.5125345214 0.2858436356 0.1)
(0.5316271845 0.2858436356 0.1)
(0.5512202532 0.2858436356 0.1)
(0.571326843 0.2858436356 0.1)
(0.5919604129 0.2858436356 0.1)
(0.6131347746 0.2858436356 0.1)
(0.634864102 0.2858436356 0.1)
(0.6571629403 0.2858436356 0.1)
(0.680046216 0.2858436356 0.1)
(0.7035292468 0.2858436356 0.1)
(0.7276277519 0.2858436356 0.1)
(0.7523578625 0.2858436356 0.1)
(0.7777361325 0.2858436356 0.1)
(0.8037795497 0.2858436356 0.1)
(0.8305055472 0.2858436356 0.1)
(0.857932015 0.2858436356 0.1)
(0.8860773118 0.2858436356 0.1)
(0.9149602778 0.2858436356 0.1)
(0.9446002467 0.2858436356 0.1)
(0.9750170591 0.2858436356 0.1)
(1.006231075 0.2858436356 0.1)
(1.03826319 0.2858436356 0.1)
(1.071134845 0.2858436356 0.1)
(1.104868043 0.2858436356 0.1)
(1.139485365 0.2858436356 0.1)
(1.175009984 0.2858436356 0.1)
(1.21146568 0.2858436356 0.1)
(1.248876854 0.2858436356 0.1)
(1.287268549 0.2858436356 0.1)
(1.326666465 0.2858436356 0.1)
(1.367096974 0.2858436356 0.1)
(1.408587139 0.2858436356 0.1)
(1.451164732 0.2858436356 0.1)
(1.494858256 0.2858436356 0.1)
(1.539696957 0.2858436356 0.1)
(1.58571085 0.2858436356 0.1)
(1.632930737 0.2858436356 0.1)
(1.681388224 0.2858436356 0.1)
(1.731115749 0.2858436356 0.1)
(1.782146599 0.2858436356 0.1)
(1.834514932 0.2858436356 0.1)
(1.888255804 0.2858436356 0.1)
(1.943405188 0.2858436356 0.1)
(2 0.2858436356 0.1)
(0.005659481181 0.3006608644 0.1)
(0.01146729352 0.3006608644 0.1)
(0.01742732468 0.3006608644 0.1)
(0.02354356421 0.3006608644 0.1)
(0.02982010622 0.3006608644 0.1)
(0.03626115215 0.3006608644 0.1)
(0.04287101351 0.3006608644 0.1)
(0.04965411485 0.3006608644 0.1)
(0.05661499667 0.3006608644 0.1)
(0.06375831848 0.3006608644 0.1)
(0.0710888619 0.3006608644 0.1)
(0.07861153389 0.3006608644 0.1)
(0.08633137 0.3006608644 0.1)
(0.09425353778 0.3006608644 0.1)
(0.1023833402 0.3006608644 0.1)
(0.1107262192 0.3006608644 0.1)
(0.1192877594 0.3006608644 0.1)
(0.1280736918 0.3006608644 0.1)
(0.1370898975 0.3006608644 0.1)
(0.1463424118 0.3006608644 0.1)
(0.1558374283 0.3006608644 0.1)
(0.1655813027 0.3006608644 0.1)
(0.1755805574 0.3006608644 0.1)
(0.1858418858 0.3006608644 0.1)
(0.1963721566 0.3006608644 0.1)
(0.2071784187 0.3006608644 0.1)
(0.2182679056 0.3006608644 0.1)
(0.2296480404 0.3006608644 0.1)
(0.2413264408 0.3006608644 0.1)
(0.2533109242 0.3006608644 0.1)
(0.2656095127 0.3006608644 0.1)
(0.2782304389 0.3006608644 0.1)
(0.291182151 0.3006608644 0.1)
(0.3044733187 0.3006608644 0.1)
(0.3181128388 0.3006608644 0.1)
(0.3321098415 0.3006608644 0.1)
(0.3464736962 0.3006608644 0.1)
(0.3612140177 0.3006608644 0.1)
(0.3763406731 0.3006608644 0.1)
(0.3918637878 0.3006608644 0.1)
(0.4077937529 0.3006608644 0.1)
(0.4241412315 0.3006608644 0.1)
(0.4409171664 0.3006608644 0.1)
(0.4581327871 0.3006608644 0.1)
(0.4757996177 0.3006608644 0.1)
(0.4939294838 0.3006608644 0.1)
(0.5125345214 0.3006608644 0.1)
(0.5316271845 0.3006608644 0.1)
(0.5512202532 0.3006608644 0.1)
(0.571326843 0.3006608644 0.1)
(0.5919604129 0.3006608644 0.1)
(0.6131347746 0.3006608644 0.1)
(0.634864102 0.3006608644 0.1)
(0.6571629403 0.3006608644 0.1)
(0.680046216 0.3006608644 0.1)
(0.7035292468 0.3006608644 0.1)
(0.7276277519 0.3006608644 0.1)
(0.7523578625 0.3006608644 0.1)
(0.7777361325 0.3006608644 0.1)
(0.8037795497 0.3006608644 0.1)
(0.8305055472 0.3006608644 0.1)
(0.857932015 0.3006608644 0.1)
(0.8860773118 0.3006608644 0.1)
(0.9149602778 0.3006608644 0.1)
(0.9446002467 0.3006608644 0.1)
(0.9750170591 0.3006608644 0.1)
(1.006231075 0.3006608644 0.1)
(1.03826319 0.3006608644 0.1)
(1.071134845 0.3006608644 0.1)
(1.104868043 0.3006608644 0.1)
(1.139485365 0.3006608644 0.1)
(1.175009984 0.3006608644 0.1)
(1.21146568 0.3006608644 0.1)
(1.248876854 0.3006608644 0.1)
(1.287268549 0.3006608644 0.1)
(1.326666465 0.3006608644 0.1)
(1.367096974 0.3006608644 0.1)
(1.408587139 0.3006608644 0.1)
(1.451164732 0.3006608644 0.1)
(1.494858256 0.3006608644 0.1)
(1.539696957 0.3006608644 0.1)
(1.58571085 0.3006608644 0.1)
(1.632930737 0.3006608644 0.1)
(1.681388224 0.3006608644 0.1)
(1.731115749 0.3006608644 0.1)
(1.782146599 0.3006608644 0.1)
(1.834514932 0.3006608644 0.1)
(1.888255804 0.3006608644 0.1)
(1.943405188 0.3006608644 0.1)
(2 0.3006608644 0.1)
(0.005659481181 0.3159163211 0.1)
(0.01146729352 0.3159163211 0.1)
(0.01742732468 0.3159163211 0.1)
(0.02354356421 0.3159163211 0.1)
(0.02982010622 0.3159163211 0.1)
(0.03626115215 0.3159163211 0.1)
(0.04287101351 0.3159163211 0.1)
(0.04965411485 0.3159163211 0.1)
(0.05661499667 0.3159163211 0.1)
(0.06375831848 0.3159163211 0.1)
(0.0710888619 0.3159163211 0.1)
(0.07861153389 0.3159163211 0.1)
(0.08633137 0.3159163211 0.1)
(0.09425353778 0.3159163211 0.1)
(0.1023833402 0.3159163211 0.1)
(0.1107262192 0.3159163211 0.1)
(0.1192877594 0.3159163211 0.1)
(0.1280736918 0.3159163211 0.1)
(0.1370898975 0.3159163211 0.1)
(0.1463424118 0.3159163211 0.1)
(0.1558374283 0.3159163211 0.1)
(0.1655813027 0.3159163211 0.1)
(0.1755805574 0.3159163211 0.1)
(0.1858418858 0.3159163211 0.1)
(0.1963721566 0.3159163211 0.1)
(0.2071784187 0.3159163211 0.1)
(0.2182679056 0.3159163211 0.1)
(0.2296480404 0.3159163211 0.1)
(0.2413264408 0.3159163211 0.1)
(0.2533109242 0.3159163211 0.1)
(0.2656095127 0.3159163211 0.1)
(0.2782304389 0.3159163211 0.1)
(0.291182151 0.3159163211 0.1)
(0.3044733187 0.3159163211 0.1)
(0.3181128388 0.3159163211 0.1)
(0.3321098415 0.3159163211 0.1)
(0.3464736962 0.3159163211 0.1)
(0.3612140177 0.3159163211 0.1)
(0.3763406731 0.3159163211 0.1)
(0.3918637878 0.3159163211 0.1)
(0.4077937529 0.3159163211 0.1)
(0.4241412315 0.3159163211 0.1)
(0.4409171664 0.3159163211 0.1)
(0.4581327871 0.3159163211 0.1)
(0.4757996177 0.3159163211 0.1)
(0.4939294838 0.3159163211 0.1)
(0.5125345214 0.3159163211 0.1)
(0.5316271845 0.3159163211 0.1)
(0.5512202532 0.3159163211 0.1)
(0.571326843 0.3159163211 0.1)
(0.5919604129 0.3159163211 0.1)
(0.6131347746 0.3159163211 0.1)
(0.634864102 0.3159163211 0.1)
(0.6571629403 0.3159163211 0.1)
(0.680046216 0.3159163211 0.1)
(0.7035292468 0.3159163211 0.1)
(0.7276277519 0.3159163211 0.1)
(0.7523578625 0.3159163211 0.1)
(0.7777361325 0.3159163211 0.1)
(0.8037795497 0.3159163211 0.1)
(0.8305055472 0.3159163211 0.1)
(0.857932015 0.3159163211 0.1)
(0.8860773118 0.3159163211 0.1)
(0.9149602778 0.3159163211 0.1)
(0.9446002467 0.3159163211 0.1)
(0.9750170591 0.3159163211 0.1)
(1.006231075 0.3159163211 0.1)
(1.03826319 0.3159163211 0.1)
(1.071134845 0.3159163211 0.1)
(1.104868043 0.3159163211 0.1)
(1.139485365 0.3159163211 0.1)
(1.175009984 0.3159163211 0.1)
(1.21146568 0.3159163211 0.1)
(1.248876854 0.3159163211 0.1)
(1.287268549 0.3159163211 0.1)
(1.326666465 0.3159163211 0.1)
(1.367096974 0.3159163211 0.1)
(1.408587139 0.3159163211 0.1)
(1.451164732 0.3159163211 0.1)
(1.494858256 0.3159163211 0.1)
(1.539696957 0.3159163211 0.1)
(1.58571085 0.3159163211 0.1)
(1.632930737 0.3159163211 0.1)
(1.681388224 0.3159163211 0.1)
(1.731115749 0.3159163211 0.1)
(1.782146599 0.3159163211 0.1)
(1.834514932 0.3159163211 0.1)
(1.888255804 0.3159163211 0.1)
(1.943405188 0.3159163211 0.1)
(2 0.3159163211 0.1)
(0.005659481181 0.3316229666 0.1)
(0.01146729352 0.3316229666 0.1)
(0.01742732468 0.3316229666 0.1)
(0.02354356421 0.3316229666 0.1)
(0.02982010622 0.3316229666 0.1)
(0.03626115215 0.3316229666 0.1)
(0.04287101351 0.3316229666 0.1)
(0.04965411485 0.3316229666 0.1)
(0.05661499667 0.3316229666 0.1)
(0.06375831848 0.3316229666 0.1)
(0.0710888619 0.3316229666 0.1)
(0.07861153389 0.3316229666 0.1)
(0.08633137 0.3316229666 0.1)
(0.09425353778 0.3316229666 0.1)
(0.1023833402 0.3316229666 0.1)
(0.1107262192 0.3316229666 0.1)
(0.1192877594 0.3316229666 0.1)
(0.1280736918 0.3316229666 0.1)
(0.1370898975 0.3316229666 0.1)
(0.1463424118 0.3316229666 0.1)
(0.1558374283 0.3316229666 0.1)
(0.1655813027 0.3316229666 0.1)
(0.1755805574 0.3316229666 0.1)
(0.1858418858 0.3316229666 0.1)
(0.1963721566 0.3316229666 0.1)
(0.2071784187 0.3316229666 0.1)
(0.2182679056 0.3316229666 0.1)
(0.2296480404 0.3316229666 0.1)
(0.2413264408 0.3316229666 0.1)
(0.2533109242 0.3316229666 0.1)
(0.2656095127 0.3316229666 0.1)
(0.2782304389 0.3316229666 0.1)
(0.291182151 0.3316229666 0.1)
(0.3044733187 0.3316229666 0.1)
(0.3181128388 0.3316229666 0.1)
(0.3321098415 0.3316229666 0.1)
(0.3464736962 0.3316229666 0.1)
(0.3612140177 0.3316229666 0.1)
(0.3763406731 0.3316229666 0.1)
(0.3918637878 0.3316229666 0.1)
(0.4077937529 0.3316229666 0.1)
(0.4241412315 0.3316229666 0.1)
(0.4409171664 0.3316229666 0.1)
(0.4581327871 0.3316229666 0.1)
(0.4757996177 0.3316229666 0.1)
(0.4939294838 0.3316229666 0.1)
(0.5125345214 0.3316229666 0.1)
(0.5316271845 0.3316229666 0.1)
(0.5512202532 0.3316229666 0.1)
(0.571326843 0.3316229666 0.1)
(0.5919604129 0.3316229666 0.1)
(0.6131347746 0.3316229666 0.1)
(0.634864102 0.3316229666 0.1)
(0.6571629403 0.3316229666 0.1)
(0.680046216 0.3316229666 0.1)
(0.7035292468 0.3316229666 0.1)
(0.7276277519 0.3316229666 0.1)
(0.7523578625 0.3316229666 0.1)
(0.7777361325 0.3316229666 0.1)
(0.8037795497 0.3316229666 0.1)
(0.8305055472 0.3316229666 0.1)
(0.857932015 0.3316229666 0.1)
(0.8860773118 0.3316229666 0.1)
(0.9149602778 0.3316229666 0.1)
(0.9446002467 0.3316229666 0.1)
(0.9750170591 0.3316229666 0.1)
(1.006231075 0.3316229666 0.1)
(1.03826319 0.3316229666 0.1)
(1.071134845 0.3316229666 0.1)
(1.104868043 0.3316229666 0.1)
(1.139485365 0.3316229666 0.1)
(1.175009984 0.3316229666 0.1)
(1.21146568 0.3316229666 0.1)
(1.248876854 0.3316229666 0.1)
(1.287268549 0.3316229666 0.1)
(1.326666465 0.3316229666 0.1)
(1.367096974 0.3316229666 0.1)
(1.408587139 0.3316229666 0.1)
(1.451164732 0.3316229666 0.1)
(1.494858256 0.3316229666 0.1)
(1.539696957 0.3316229666 0.1)
(1.58571085 0.3316229666 0.1)
(1.632930737 0.3316229666 0.1)
(1.681388224 0.3316229666 0.1)
(1.731115749 0.3316229666 0.1)
(1.782146599 0.3316229666 0.1)
(1.834514932 0.3316229666 0.1)
(1.888255804 0.3316229666 0.1)
(1.943405188 0.3316229666 0.1)
(2 0.3316229666 0.1)
(0.005659481181 0.3477941451 0.1)
(0.01146729352 0.3477941451 0.1)
(0.01742732468 0.3477941451 0.1)
(0.02354356421 0.3477941451 0.1)
(0.02982010622 0.3477941451 0.1)
(0.03626115215 0.3477941451 0.1)
(0.04287101351 0.3477941451 0.1)
(0.04965411485 0.3477941451 0.1)
(0.05661499667 0.3477941451 0.1)
(0.06375831848 0.3477941451 0.1)
(0.0710888619 0.3477941451 0.1)
(0.07861153389 0.3477941451 0.1)
(0.08633137 0.3477941451 0.1)
(0.09425353778 0.3477941451 0.1)
(0.1023833402 0.3477941451 0.1)
(0.1107262192 0.3477941451 0.1)
(0.1192877594 0.3477941451 0.1)
(0.1280736918 0.3477941451 0.1)
(0.1370898975 0.3477941451 0.1)
(0.1463424118 0.3477941451 0.1)
(0.1558374283 0.3477941451 0.1)
(0.1655813027 0.3477941451 0.1)
(0.1755805574 0.3477941451 0.1)
(0.1858418858 0.3477941451 0.1)
(0.1963721566 0.3477941451 0.1)
(0.2071784187 0.3477941451 0.1)
(0.2182679056 0.3477941451 0.1)
(0.2296480404 0.3477941451 0.1)
(0.2413264408 0.3477941451 0.1)
(0.2533109242 0.3477941451 0.1)
(0.2656095127 0.3477941451 0.1)
(0.2782304389 0.3477941451 0.1)
(0.291182151 0.3477941451 0.1)
(0.3044733187 0.3477941451 0.1)
(0.3181128388 0.3477941451 0.1)
(0.3321098415 0.3477941451 0.1)
(0.3464736962 0.3477941451 0.1)
(0.3612140177 0.3477941451 0.1)
(0.3763406731 0.3477941451 0.1)
(0.3918637878 0.3477941451 0.1)
(0.4077937529 0.3477941451 0.1)
(0.4241412315 0.3477941451 0.1)
(0.4409171664 0.3477941451 0.1)
(0.4581327871 0.3477941451 0.1)
(0.4757996177 0.3477941451 0.1)
(0.4939294838 0.3477941451 0.1)
(0.5125345214 0.3477941451 0.1)
(0.5316271845 0.3477941451 0.1)
(0.5512202532 0.3477941451 0.1)
(0.571326843 0.3477941451 0.1)
(0.5919604129 0.3477941451 0.1)
(0.6131347746 0.3477941451 0.1)
(0.634864102 0.3477941451 0.1)
(0.6571629403 0.3477941451 0.1)
(0.680046216 0.3477941451 0.1)
(0.7035292468 0.3477941451 0.1)
(0.7276277519 0.3477941451 0.1)
(0.7523578625 0.3477941451 0.1)
(0.7777361325 0.3477941451 0.1)
(0.8037795497 0.3477941451 0.1)
(0.8305055472 0.3477941451 0.1)
(0.857932015 0.3477941451 0.1)
(0.8860773118 0.3477941451 0.1)
(0.9149602778 0.3477941451 0.1)
(0.9446002467 0.3477941451 0.1)
(0.9750170591 0.3477941451 0.1)
(1.006231075 0.3477941451 0.1)
(1.03826319 0.3477941451 0.1)
(1.071134845 0.3477941451 0.1)
(1.104868043 0.3477941451 0.1)
(1.139485365 0.3477941451 0.1)
(1.175009984 0.3477941451 0.1)
(1.21146568 0.3477941451 0.1)
(1.248876854 0.3477941451 0.1)
(1.287268549 0.3477941451 0.1)
(1.326666465 0.3477941451 0.1)
(1.367096974 0.3477941451 0.1)
(1.408587139 0.3477941451 0.1)
(1.451164732 0.3477941451 0.1)
(1.494858256 0.3477941451 0.1)
(1.539696957 0.3477941451 0.1)
(1.58571085 0.3477941451 0.1)
(1.632930737 0.3477941451 0.1)
(1.681388224 0.3477941451 0.1)
(1.731115749 0.3477941451 0.1)
(1.782146599 0.3477941451 0.1)
(1.834514932 0.3477941451 0.1)
(1.888255804 0.3477941451 0.1)
(1.943405188 0.3477941451 0.1)
(2 0.3477941451 0.1)
(0.005659481181 0.3644435954 0.1)
(0.01146729352 0.3644435954 0.1)
(0.01742732468 0.3644435954 0.1)
(0.02354356421 0.3644435954 0.1)
(0.02982010622 0.3644435954 0.1)
(0.03626115215 0.3644435954 0.1)
(0.04287101351 0.3644435954 0.1)
(0.04965411485 0.3644435954 0.1)
(0.05661499667 0.3644435954 0.1)
(0.06375831848 0.3644435954 0.1)
(0.0710888619 0.3644435954 0.1)
(0.07861153389 0.3644435954 0.1)
(0.08633137 0.3644435954 0.1)
(0.09425353778 0.3644435954 0.1)
(0.1023833402 0.3644435954 0.1)
(0.1107262192 0.3644435954 0.1)
(0.1192877594 0.3644435954 0.1)
(0.1280736918 0.3644435954 0.1)
(0.1370898975 0.3644435954 0.1)
(0.1463424118 0.3644435954 0.1)
(0.1558374283 0.3644435954 0.1)
(0.1655813027 0.3644435954 0.1)
(0.1755805574 0.3644435954 0.1)
(0.1858418858 0.3644435954 0.1)
(0.1963721566 0.3644435954 0.1)
(0.2071784187 0.3644435954 0.1)
(0.2182679056 0.3644435954 0.1)
(0.2296480404 0.3644435954 0.1)
(0.2413264408 0.3644435954 0.1)
(0.2533109242 0.3644435954 0.1)
(0.2656095127 0.3644435954 0.1)
(0.2782304389 0.3644435954 0.1)
(0.291182151 0.3644435954 0.1)
(0.3044733187 0.3644435954 0.1)
(0.3181128388 0.3644435954 0.1)
(0.3321098415 0.3644435954 0.1)
(0.3464736962 0.3644435954 0.1)
(0.3612140177 0.3644435954 0.1)
(0.3763406731 0.3644435954 0.1)
(0.3918637878 0.3644435954 0.1)
(0.4077937529 0.3644435954 0.1)
(0.4241412315 0.3644435954 0.1)
(0.4409171664 0.3644435954 0.1)
(0.4581327871 0.3644435954 0.1)
(0.4757996177 0.3644435954 0.1)
(0.4939294838 0.3644435954 0.1)
(0.5125345214 0.3644435954 0.1)
(0.5316271845 0.3644435954 0.1)
(0.5512202532 0.3644435954 0.1)
(0.571326843 0.3644435954 0.1)
(0.5919604129 0.3644435954 0.1)
(0.6131347746 0.3644435954 0.1)
(0.634864102 0.3644435954 0.1)
(0.6571629403 0.3644435954 0.1)
(0.680046216 0.3644435954 0.1)
(0.7035292468 0.3644435954 0.1)
(0.7276277519 0.3644435954 0.1)
(0.7523578625 0.3644435954 0.1)
(0.7777361325 0.3644435954 0.1)
(0.8037795497 0.3644435954 0.1)
(0.8305055472 0.3644435954 0.1)
(0.857932015 0.3644435954 0.1)
(0.8860773118 0.3644435954 0.1)
(0.9149602778 0.3644435954 0.1)
(0.9446002467 0.3644435954 0.1)
(0.9750170591 0.3644435954 0.1)
(1.006231075 0.3644435954 0.1)
(1.03826319 0.3644435954 0.1)
(1.071134845 0.3644435954 0.1)
(1.104868043 0.3644435954 0.1)
(1.139485365 0.3644435954 0.1)
(1.175009984 0.3644435954 0.1)
(1.21146568 0.3644435954 0.1)
(1.248876854 0.3644435954 0.1)
(1.287268549 0.3644435954 0.1)
(1.326666465 0.3644435954 0.1)
(1.367096974 0.3644435954 0.1)
(1.408587139 0.3644435954 0.1)
(1.451164732 0.3644435954 0.1)
(1.494858256 0.3644435954 0.1)
(1.539696957 0.3644435954 0.1)
(1.58571085 0.3644435954 0.1)
(1.632930737 0.3644435954 0.1)
(1.681388224 0.3644435954 0.1)
(1.731115749 0.3644435954 0.1)
(1.782146599 0.3644435954 0.1)
(1.834514932 0.3644435954 0.1)
(1.888255804 0.3644435954 0.1)
(1.943405188 0.3644435954 0.1)
(2 0.3644435954 0.1)
(0.005659481181 0.3815854626 0.1)
(0.01146729352 0.3815854626 0.1)
(0.01742732468 0.3815854626 0.1)
(0.02354356421 0.3815854626 0.1)
(0.02982010622 0.3815854626 0.1)
(0.03626115215 0.3815854626 0.1)
(0.04287101351 0.3815854626 0.1)
(0.04965411485 0.3815854626 0.1)
(0.05661499667 0.3815854626 0.1)
(0.06375831848 0.3815854626 0.1)
(0.0710888619 0.3815854626 0.1)
(0.07861153389 0.3815854626 0.1)
(0.08633137 0.3815854626 0.1)
(0.09425353778 0.3815854626 0.1)
(0.1023833402 0.3815854626 0.1)
(0.1107262192 0.3815854626 0.1)
(0.1192877594 0.3815854626 0.1)
(0.1280736918 0.3815854626 0.1)
(0.1370898975 0.3815854626 0.1)
(0.1463424118 0.3815854626 0.1)
(0.1558374283 0.3815854626 0.1)
(0.1655813027 0.3815854626 0.1)
(0.1755805574 0.3815854626 0.1)
(0.1858418858 0.3815854626 0.1)
(0.1963721566 0.3815854626 0.1)
(0.2071784187 0.3815854626 0.1)
(0.2182679056 0.3815854626 0.1)
(0.2296480404 0.3815854626 0.1)
(0.2413264408 0.3815854626 0.1)
(0.2533109242 0.3815854626 0.1)
(0.2656095127 0.3815854626 0.1)
(0.2782304389 0.3815854626 0.1)
(0.291182151 0.3815854626 0.1)
(0.3044733187 0.3815854626 0.1)
(0.3181128388 0.3815854626 0.1)
(0.3321098415 0.3815854626 0.1)
(0.3464736962 0.3815854626 0.1)
(0.3612140177 0.3815854626 0.1)
(0.3763406731 0.3815854626 0.1)
(0.3918637878 0.3815854626 0.1)
(0.4077937529 0.3815854626 0.1)
(0.4241412315 0.3815854626 0.1)
(0.4409171664 0.3815854626 0.1)
(0.4581327871 0.3815854626 0.1)
(0.4757996177 0.3815854626 0.1)
(0.4939294838 0.3815854626 0.1)
(0.5125345214 0.3815854626 0.1)
(0.5316271845 0.3815854626 0.1)
(0.5512202532 0.3815854626 0.1)
(0.571326843 0.3815854626 0.1)
(0.5919604129 0.3815854626 0.1)
(0.6131347746 0.3815854626 0.1)
(0.634864102 0.3815854626 0.1)
(0.6571629403 0.3815854626 0.1)
(0.680046216 0.3815854626 0.1)
(0.7035292468 0.3815854626 0.1)
(0.7276277519 0.3815854626 0.1)
(0.7523578625 0.3815854626 0.1)
(0.7777361325 0.3815854626 0.1)
(0.8037795497 0.3815854626 0.1)
(0.8305055472 0.3815854626 0.1)
(0.857932015 0.3815854626 0.1)
(0.8860773118 0.3815854626 0.1)
(0.9149602778 0.3815854626 0.1)
(0.9446002467 0.3815854626 0.1)
(0.9750170591 0.3815854626 0.1)
(1.006231075 0.3815854626 0.1)
(1.03826319 0.3815854626 0.1)
(1.071134845 0.3815854626 0.1)
(1.104868043 0.3815854626 0.1)
(1.139485365 0.3815854626 0.1)
(1.175009984 0.3815854626 0.1)
(1.21146568 0.3815854626 0.1)
(1.248876854 0.3815854626 0.1)
(1.287268549 0.3815854626 0.1)
(1.326666465 0.3815854626 0.1)
(1.367096974 0.3815854626 0.1)
(1.408587139 0.3815854626 0.1)
(1.451164732 0.3815854626 0.1)
(1.494858256 0.3815854626 0.1)
(1.539696957 0.3815854626 0.1)
(1.58571085 0.3815854626 0.1)
(1.632930737 0.3815854626 0.1)
(1.681388224 0.3815854626 0.1)
(1.731115749 0.3815854626 0.1)
(1.782146599 0.3815854626 0.1)
(1.834514932 0.3815854626 0.1)
(1.888255804 0.3815854626 0.1)
(1.943405188 0.3815854626 0.1)
(2 0.3815854626 0.1)
(0.005659481181 0.3992343102 0.1)
(0.01146729352 0.3992343102 0.1)
(0.01742732468 0.3992343102 0.1)
(0.02354356421 0.3992343102 0.1)
(0.02982010622 0.3992343102 0.1)
(0.03626115215 0.3992343102 0.1)
(0.04287101351 0.3992343102 0.1)
(0.04965411485 0.3992343102 0.1)
(0.05661499667 0.3992343102 0.1)
(0.06375831848 0.3992343102 0.1)
(0.0710888619 0.3992343102 0.1)
(0.07861153389 0.3992343102 0.1)
(0.08633137 0.3992343102 0.1)
(0.09425353778 0.3992343102 0.1)
(0.1023833402 0.3992343102 0.1)
(0.1107262192 0.3992343102 0.1)
(0.1192877594 0.3992343102 0.1)
(0.1280736918 0.3992343102 0.1)
(0.1370898975 0.3992343102 0.1)
(0.1463424118 0.3992343102 0.1)
(0.1558374283 0.3992343102 0.1)
(0.1655813027 0.3992343102 0.1)
(0.1755805574 0.3992343102 0.1)
(0.1858418858 0.3992343102 0.1)
(0.1963721566 0.3992343102 0.1)
(0.2071784187 0.3992343102 0.1)
(0.2182679056 0.3992343102 0.1)
(0.2296480404 0.3992343102 0.1)
(0.2413264408 0.3992343102 0.1)
(0.2533109242 0.3992343102 0.1)
(0.2656095127 0.3992343102 0.1)
(0.2782304389 0.3992343102 0.1)
(0.291182151 0.3992343102 0.1)
(0.3044733187 0.3992343102 0.1)
(0.3181128388 0.3992343102 0.1)
(0.3321098415 0.3992343102 0.1)
(0.3464736962 0.3992343102 0.1)
(0.3612140177 0.3992343102 0.1)
(0.3763406731 0.3992343102 0.1)
(0.3918637878 0.3992343102 0.1)
(0.4077937529 0.3992343102 0.1)
(0.4241412315 0.3992343102 0.1)
(0.4409171664 0.3992343102 0.1)
(0.4581327871 0.3992343102 0.1)
(0.4757996177 0.3992343102 0.1)
(0.4939294838 0.3992343102 0.1)
(0.5125345214 0.3992343102 0.1)
(0.5316271845 0.3992343102 0.1)
(0.5512202532 0.3992343102 0.1)
(0.571326843 0.3992343102 0.1)
(0.5919604129 0.3992343102 0.1)
(0.6131347746 0.3992343102 0.1)
(0.634864102 0.3992343102 0.1)
(0.6571629403 0.3992343102 0.1)
(0.680046216 0.3992343102 0.1)
(0.7035292468 0.3992343102 0.1)
(0.7276277519 0.3992343102 0.1)
(0.7523578625 0.3992343102 0.1)
(0.7777361325 0.3992343102 0.1)
(0.8037795497 0.3992343102 0.1)
(0.8305055472 0.3992343102 0.1)
(0.857932015 0.3992343102 0.1)
(0.8860773118 0.3992343102 0.1)
(0.9149602778 0.3992343102 0.1)
(0.9446002467 0.3992343102 0.1)
(0.9750170591 0.3992343102 0.1)
(1.006231075 0.3992343102 0.1)
(1.03826319 0.3992343102 0.1)
(1.071134845 0.3992343102 0.1)
(1.104868043 0.3992343102 0.1)
(1.139485365 0.3992343102 0.1)
(1.175009984 0.3992343102 0.1)
(1.21146568 0.3992343102 0.1)
(1.248876854 0.3992343102 0.1)
(1.287268549 0.3992343102 0.1)
(1.326666465 0.3992343102 0.1)
(1.367096974 0.3992343102 0.1)
(1.408587139 0.3992343102 0.1)
(1.451164732 0.3992343102 0.1)
(1.494858256 0.3992343102 0.1)
(1.539696957 0.3992343102 0.1)
(1.58571085 0.3992343102 0.1)
(1.632930737 0.3992343102 0.1)
(1.681388224 0.3992343102 0.1)
(1.731115749 0.3992343102 0.1)
(1.782146599 0.3992343102 0.1)
(1.834514932 0.3992343102 0.1)
(1.888255804 0.3992343102 0.1)
(1.943405188 0.3992343102 0.1)
(2 0.3992343102 0.1)
(0.005659481181 0.4174051325 0.1)
(0.01146729352 0.4174051325 0.1)
(0.01742732468 0.4174051325 0.1)
(0.02354356421 0.4174051325 0.1)
(0.02982010622 0.4174051325 0.1)
(0.03626115215 0.4174051325 0.1)
(0.04287101351 0.4174051325 0.1)
(0.04965411485 0.4174051325 0.1)
(0.05661499667 0.4174051325 0.1)
(0.06375831848 0.4174051325 0.1)
(0.0710888619 0.4174051325 0.1)
(0.07861153389 0.4174051325 0.1)
(0.08633137 0.4174051325 0.1)
(0.09425353778 0.4174051325 0.1)
(0.1023833402 0.4174051325 0.1)
(0.1107262192 0.4174051325 0.1)
(0.1192877594 0.4174051325 0.1)
(0.1280736918 0.4174051325 0.1)
(0.1370898975 0.4174051325 0.1)
(0.1463424118 0.4174051325 0.1)
(0.1558374283 0.4174051325 0.1)
(0.1655813027 0.4174051325 0.1)
(0.1755805574 0.4174051325 0.1)
(0.1858418858 0.4174051325 0.1)
(0.1963721566 0.4174051325 0.1)
(0.2071784187 0.4174051325 0.1)
(0.2182679056 0.4174051325 0.1)
(0.2296480404 0.4174051325 0.1)
(0.2413264408 0.4174051325 0.1)
(0.2533109242 0.4174051325 0.1)
(0.2656095127 0.4174051325 0.1)
(0.2782304389 0.4174051325 0.1)
(0.291182151 0.4174051325 0.1)
(0.3044733187 0.4174051325 0.1)
(0.3181128388 0.4174051325 0.1)
(0.3321098415 0.4174051325 0.1)
(0.3464736962 0.4174051325 0.1)
(0.3612140177 0.4174051325 0.1)
(0.3763406731 0.4174051325 0.1)
(0.3918637878 0.4174051325 0.1)
(0.4077937529 0.4174051325 0.1)
(0.4241412315 0.4174051325 0.1)
(0.4409171664 0.4174051325 0.1)
(0.4581327871 0.4174051325 0.1)
(0.4757996177 0.4174051325 0.1)
(0.4939294838 0.4174051325 0.1)
(0.5125345214 0.4174051325 0.1)
(0.5316271845 0.4174051325 0.1)
(0.5512202532 0.4174051325 0.1)
(0.571326843 0.4174051325 0.1)
(0.5919604129 0.4174051325 0.1)
(0.6131347746 0.4174051325 0.1)
(0.634864102 0.4174051325 0.1)
(0.6571629403 0.4174051325 0.1)
(0.680046216 0.4174051325 0.1)
(0.7035292468 0.4174051325 0.1)
(0.7276277519 0.4174051325 0.1)
(0.7523578625 0.4174051325 0.1)
(0.7777361325 0.4174051325 0.1)
(0.8037795497 0.4174051325 0.1)
(0.8305055472 0.4174051325 0.1)
(0.857932015 0.4174051325 0.1)
(0.8860773118 0.4174051325 0.1)
(0.9149602778 0.4174051325 0.1)
(0.9446002467 0.4174051325 0.1)
(0.9750170591 0.4174051325 0.1)
(1.006231075 0.4174051325 0.1)
(1.03826319 0.4174051325 0.1)
(1.071134845 0.4174051325 0.1)
(1.104868043 0.4174051325 0.1)
(1.139485365 0.4174051325 0.1)
(1.175009984 0.4174051325 0.1)
(1.21146568 0.4174051325 0.1)
(1.248876854 0.4174051325 0.1)
(1.287268549 0.4174051325 0.1)
(1.326666465 0.4174051325 0.1)
(1.367096974 0.4174051325 0.1)
(1.408587139 0.4174051325 0.1)
(1.451164732 0.4174051325 0.1)
(1.494858256 0.4174051325 0.1)
(1.539696957 0.4174051325 0.1)
(1.58571085 0.4174051325 0.1)
(1.632930737 0.4174051325 0.1)
(1.681388224 0.4174051325 0.1)
(1.731115749 0.4174051325 0.1)
(1.782146599 0.4174051325 0.1)
(1.834514932 0.4174051325 0.1)
(1.888255804 0.4174051325 0.1)
(1.943405188 0.4174051325 0.1)
(2 0.4174051325 0.1)
(0.005659481181 0.4361133672 0.1)
(0.01146729352 0.4361133672 0.1)
(0.01742732468 0.4361133672 0.1)
(0.02354356421 0.4361133672 0.1)
(0.02982010622 0.4361133672 0.1)
(0.03626115215 0.4361133672 0.1)
(0.04287101351 0.4361133672 0.1)
(0.04965411485 0.4361133672 0.1)
(0.05661499667 0.4361133672 0.1)
(0.06375831848 0.4361133672 0.1)
(0.0710888619 0.4361133672 0.1)
(0.07861153389 0.4361133672 0.1)
(0.08633137 0.4361133672 0.1)
(0.09425353778 0.4361133672 0.1)
(0.1023833402 0.4361133672 0.1)
(0.1107262192 0.4361133672 0.1)
(0.1192877594 0.4361133672 0.1)
(0.1280736918 0.4361133672 0.1)
(0.1370898975 0.4361133672 0.1)
(0.1463424118 0.4361133672 0.1)
(0.1558374283 0.4361133672 0.1)
(0.1655813027 0.4361133672 0.1)
(0.1755805574 0.4361133672 0.1)
(0.1858418858 0.4361133672 0.1)
(0.1963721566 0.4361133672 0.1)
(0.2071784187 0.4361133672 0.1)
(0.2182679056 0.4361133672 0.1)
(0.2296480404 0.4361133672 0.1)
(0.2413264408 0.4361133672 0.1)
(0.2533109242 0.4361133672 0.1)
(0.2656095127 0.4361133672 0.1)
(0.2782304389 0.4361133672 0.1)
(0.291182151 0.4361133672 0.1)
(0.3044733187 0.4361133672 0.1)
(0.3181128388 0.4361133672 0.1)
(0.3321098415 0.4361133672 0.1)
(0.3464736962 0.4361133672 0.1)
(0.3612140177 0.4361133672 0.1)
(0.3763406731 0.4361133672 0.1)
(0.3918637878 0.4361133672 0.1)
(0.4077937529 0.4361133672 0.1)
(0.4241412315 0.4361133672 0.1)
(0.4409171664 0.4361133672 0.1)
(0.4581327871 0.4361133672 0.1)
(0.4757996177 0.4361133672 0.1)
(0.4939294838 0.4361133672 0.1)
(0.5125345214 0.4361133672 0.1)
(0.5316271845 0.4361133672 0.1)
(0.5512202532 0.4361133672 0.1)
(0.571326843 0.4361133672 0.1)
(0.5919604129 0.4361133672 0.1)
(0.6131347746 0.4361133672 0.1)
(0.634864102 0.4361133672 0.1)
(0.6571629403 0.4361133672 0.1)
(0.680046216 0.4361133672 0.1)
(0.7035292468 0.4361133672 0.1)
(0.7276277519 0.4361133672 0.1)
(0.7523578625 0.4361133672 0.1)
(0.7777361325 0.4361133672 0.1)
(0.8037795497 0.4361133672 0.1)
(0.8305055472 0.4361133672 0.1)
(0.857932015 0.4361133672 0.1)
(0.8860773118 0.4361133672 0.1)
(0.9149602778 0.4361133672 0.1)
(0.9446002467 0.4361133672 0.1)
(0.9750170591 0.4361133672 0.1)
(1.006231075 0.4361133672 0.1)
(1.03826319 0.4361133672 0.1)
(1.071134845 0.4361133672 0.1)
(1.104868043 0.4361133672 0.1)
(1.139485365 0.4361133672 0.1)
(1.175009984 0.4361133672 0.1)
(1.21146568 0.4361133672 0.1)
(1.248876854 0.4361133672 0.1)
(1.287268549 0.4361133672 0.1)
(1.326666465 0.4361133672 0.1)
(1.367096974 0.4361133672 0.1)
(1.408587139 0.4361133672 0.1)
(1.451164732 0.4361133672 0.1)
(1.494858256 0.4361133672 0.1)
(1.539696957 0.4361133672 0.1)
(1.58571085 0.4361133672 0.1)
(1.632930737 0.4361133672 0.1)
(1.681388224 0.4361133672 0.1)
(1.731115749 0.4361133672 0.1)
(1.782146599 0.4361133672 0.1)
(1.834514932 0.4361133672 0.1)
(1.888255804 0.4361133672 0.1)
(1.943405188 0.4361133672 0.1)
(2 0.4361133672 0.1)
(0.005659481181 0.4553749086 0.1)
(0.01146729352 0.4553749086 0.1)
(0.01742732468 0.4553749086 0.1)
(0.02354356421 0.4553749086 0.1)
(0.02982010622 0.4553749086 0.1)
(0.03626115215 0.4553749086 0.1)
(0.04287101351 0.4553749086 0.1)
(0.04965411485 0.4553749086 0.1)
(0.05661499667 0.4553749086 0.1)
(0.06375831848 0.4553749086 0.1)
(0.0710888619 0.4553749086 0.1)
(0.07861153389 0.4553749086 0.1)
(0.08633137 0.4553749086 0.1)
(0.09425353778 0.4553749086 0.1)
(0.1023833402 0.4553749086 0.1)
(0.1107262192 0.4553749086 0.1)
(0.1192877594 0.4553749086 0.1)
(0.1280736918 0.4553749086 0.1)
(0.1370898975 0.4553749086 0.1)
(0.1463424118 0.4553749086 0.1)
(0.1558374283 0.4553749086 0.1)
(0.1655813027 0.4553749086 0.1)
(0.1755805574 0.4553749086 0.1)
(0.1858418858 0.4553749086 0.1)
(0.1963721566 0.4553749086 0.1)
(0.2071784187 0.4553749086 0.1)
(0.2182679056 0.4553749086 0.1)
(0.2296480404 0.4553749086 0.1)
(0.2413264408 0.4553749086 0.1)
(0.2533109242 0.4553749086 0.1)
(0.2656095127 0.4553749086 0.1)
(0.2782304389 0.4553749086 0.1)
(0.291182151 0.4553749086 0.1)
(0.3044733187 0.4553749086 0.1)
(0.3181128388 0.4553749086 0.1)
(0.3321098415 0.4553749086 0.1)
(0.3464736962 0.4553749086 0.1)
(0.3612140177 0.4553749086 0.1)
(0.3763406731 0.4553749086 0.1)
(0.3918637878 0.4553749086 0.1)
(0.4077937529 0.4553749086 0.1)
(0.4241412315 0.4553749086 0.1)
(0.4409171664 0.4553749086 0.1)
(0.4581327871 0.4553749086 0.1)
(0.4757996177 0.4553749086 0.1)
(0.4939294838 0.4553749086 0.1)
(0.5125345214 0.4553749086 0.1)
(0.5316271845 0.4553749086 0.1)
(0.5512202532 0.4553749086 0.1)
(0.571326843 0.4553749086 0.1)
(0.5919604129 0.4553749086 0.1)
(0.6131347746 0.4553749086 0.1)
(0.634864102 0.4553749086 0.1)
(0.6571629403 0.4553749086 0.1)
(0.680046216 0.4553749086 0.1)
(0.7035292468 0.4553749086 0.1)
(0.7276277519 0.4553749086 0.1)
(0.7523578625 0.4553749086 0.1)
(0.7777361325 0.4553749086 0.1)
(0.8037795497 0.4553749086 0.1)
(0.8305055472 0.4553749086 0.1)
(0.857932015 0.4553749086 0.1)
(0.8860773118 0.4553749086 0.1)
(0.9149602778 0.4553749086 0.1)
(0.9446002467 0.4553749086 0.1)
(0.9750170591 0.4553749086 0.1)
(1.006231075 0.4553749086 0.1)
(1.03826319 0.4553749086 0.1)
(1.071134845 0.4553749086 0.1)
(1.104868043 0.4553749086 0.1)
(1.139485365 0.4553749086 0.1)
(1.175009984 0.4553749086 0.1)
(1.21146568 0.4553749086 0.1)
(1.248876854 0.4553749086 0.1)
(1.287268549 0.4553749086 0.1)
(1.326666465 0.4553749086 0.1)
(1.367096974 0.4553749086 0.1)
(1.408587139 0.4553749086 0.1)
(1.451164732 0.4553749086 0.1)
(1.494858256 0.4553749086 0.1)
(1.539696957 0.4553749086 0.1)
(1.58571085 0.4553749086 0.1)
(1.632930737 0.4553749086 0.1)
(1.681388224 0.4553749086 0.1)
(1.731115749 0.4553749086 0.1)
(1.782146599 0.4553749086 0.1)
(1.834514932 0.4553749086 0.1)
(1.888255804 0.4553749086 0.1)
(1.943405188 0.4553749086 0.1)
(2 0.4553749086 0.1)
(0.005659481181 0.475206121 0.1)
(0.01146729352 0.475206121 0.1)
(0.01742732468 0.475206121 0.1)
(0.02354356421 0.475206121 0.1)
(0.02982010622 0.475206121 0.1)
(0.03626115215 0.475206121 0.1)
(0.04287101351 0.475206121 0.1)
(0.04965411485 0.475206121 0.1)
(0.05661499667 0.475206121 0.1)
(0.06375831848 0.475206121 0.1)
(0.0710888619 0.475206121 0.1)
(0.07861153389 0.475206121 0.1)
(0.08633137 0.475206121 0.1)
(0.09425353778 0.475206121 0.1)
(0.1023833402 0.475206121 0.1)
(0.1107262192 0.475206121 0.1)
(0.1192877594 0.475206121 0.1)
(0.1280736918 0.475206121 0.1)
(0.1370898975 0.475206121 0.1)
(0.1463424118 0.475206121 0.1)
(0.1558374283 0.475206121 0.1)
(0.1655813027 0.475206121 0.1)
(0.1755805574 0.475206121 0.1)
(0.1858418858 0.475206121 0.1)
(0.1963721566 0.475206121 0.1)
(0.2071784187 0.475206121 0.1)
(0.2182679056 0.475206121 0.1)
(0.2296480404 0.475206121 0.1)
(0.2413264408 0.475206121 0.1)
(0.2533109242 0.475206121 0.1)
(0.2656095127 0.475206121 0.1)
(0.2782304389 0.475206121 0.1)
(0.291182151 0.475206121 0.1)
(0.3044733187 0.475206121 0.1)
(0.3181128388 0.475206121 0.1)
(0.3321098415 0.475206121 0.1)
(0.3464736962 0.475206121 0.1)
(0.3612140177 0.475206121 0.1)
(0.3763406731 0.475206121 0.1)
(0.3918637878 0.475206121 0.1)
(0.4077937529 0.475206121 0.1)
(0.4241412315 0.475206121 0.1)
(0.4409171664 0.475206121 0.1)
(0.4581327871 0.475206121 0.1)
(0.4757996177 0.475206121 0.1)
(0.4939294838 0.475206121 0.1)
(0.5125345214 0.475206121 0.1)
(0.5316271845 0.475206121 0.1)
(0.5512202532 0.475206121 0.1)
(0.571326843 0.475206121 0.1)
(0.5919604129 0.475206121 0.1)
(0.6131347746 0.475206121 0.1)
(0.634864102 0.475206121 0.1)
(0.6571629403 0.475206121 0.1)
(0.680046216 0.475206121 0.1)
(0.7035292468 0.475206121 0.1)
(0.7276277519 0.475206121 0.1)
(0.7523578625 0.475206121 0.1)
(0.7777361325 0.475206121 0.1)
(0.8037795497 0.475206121 0.1)
(0.8305055472 0.475206121 0.1)
(0.857932015 0.475206121 0.1)
(0.8860773118 0.475206121 0.1)
(0.9149602778 0.475206121 0.1)
(0.9446002467 0.475206121 0.1)
(0.9750170591 0.475206121 0.1)
(1.006231075 0.475206121 0.1)
(1.03826319 0.475206121 0.1)
(1.071134845 0.475206121 0.1)
(1.104868043 0.475206121 0.1)
(1.139485365 0.475206121 0.1)
(1.175009984 0.475206121 0.1)
(1.21146568 0.475206121 0.1)
(1.248876854 0.475206121 0.1)
(1.287268549 0.475206121 0.1)
(1.326666465 0.475206121 0.1)
(1.367096974 0.475206121 0.1)
(1.408587139 0.475206121 0.1)
(1.451164732 0.475206121 0.1)
(1.494858256 0.475206121 0.1)
(1.539696957 0.475206121 0.1)
(1.58571085 0.475206121 0.1)
(1.632930737 0.475206121 0.1)
(1.681388224 0.475206121 0.1)
(1.731115749 0.475206121 0.1)
(1.782146599 0.475206121 0.1)
(1.834514932 0.475206121 0.1)
(1.888255804 0.475206121 0.1)
(1.943405188 0.475206121 0.1)
(2 0.475206121 0.1)
(0.005659481181 0.4956238527 0.1)
(0.01146729352 0.4956238527 0.1)
(0.01742732468 0.4956238527 0.1)
(0.02354356421 0.4956238527 0.1)
(0.02982010622 0.4956238527 0.1)
(0.03626115215 0.4956238527 0.1)
(0.04287101351 0.4956238527 0.1)
(0.04965411485 0.4956238527 0.1)
(0.05661499667 0.4956238527 0.1)
(0.06375831848 0.4956238527 0.1)
(0.0710888619 0.4956238527 0.1)
(0.07861153389 0.4956238527 0.1)
(0.08633137 0.4956238527 0.1)
(0.09425353778 0.4956238527 0.1)
(0.1023833402 0.4956238527 0.1)
(0.1107262192 0.4956238527 0.1)
(0.1192877594 0.4956238527 0.1)
(0.1280736918 0.4956238527 0.1)
(0.1370898975 0.4956238527 0.1)
(0.1463424118 0.4956238527 0.1)
(0.1558374283 0.4956238527 0.1)
(0.1655813027 0.4956238527 0.1)
(0.1755805574 0.4956238527 0.1)
(0.1858418858 0.4956238527 0.1)
(0.1963721566 0.4956238527 0.1)
(0.2071784187 0.4956238527 0.1)
(0.2182679056 0.4956238527 0.1)
(0.2296480404 0.4956238527 0.1)
(0.2413264408 0.4956238527 0.1)
(0.2533109242 0.4956238527 0.1)
(0.2656095127 0.4956238527 0.1)
(0.2782304389 0.4956238527 0.1)
(0.291182151 0.4956238527 0.1)
(0.3044733187 0.4956238527 0.1)
(0.3181128388 0.4956238527 0.1)
(0.3321098415 0.4956238527 0.1)
(0.3464736962 0.4956238527 0.1)
(0.3612140177 0.4956238527 0.1)
(0.3763406731 0.4956238527 0.1)
(0.3918637878 0.4956238527 0.1)
(0.4077937529 0.4956238527 0.1)
(0.4241412315 0.4956238527 0.1)
(0.4409171664 0.4956238527 0.1)
(0.4581327871 0.4956238527 0.1)
(0.4757996177 0.4956238527 0.1)
(0.4939294838 0.4956238527 0.1)
(0.5125345214 0.4956238527 0.1)
(0.5316271845 0.4956238527 0.1)
(0.5512202532 0.4956238527 0.1)
(0.571326843 0.4956238527 0.1)
(0.5919604129 0.4956238527 0.1)
(0.6131347746 0.4956238527 0.1)
(0.634864102 0.4956238527 0.1)
(0.6571629403 0.4956238527 0.1)
(0.680046216 0.4956238527 0.1)
(0.7035292468 0.4956238527 0.1)
(0.7276277519 0.4956238527 0.1)
(0.7523578625 0.4956238527 0.1)
(0.7777361325 0.4956238527 0.1)
(0.8037795497 0.4956238527 0.1)
(0.8305055472 0.4956238527 0.1)
(0.857932015 0.4956238527 0.1)
(0.8860773118 0.4956238527 0.1)
(0.9149602778 0.4956238527 0.1)
(0.9446002467 0.4956238527 0.1)
(0.9750170591 0.4956238527 0.1)
(1.006231075 0.4956238527 0.1)
(1.03826319 0.4956238527 0.1)
(1.071134845 0.4956238527 0.1)
(1.104868043 0.4956238527 0.1)
(1.139485365 0.4956238527 0.1)
(1.175009984 0.4956238527 0.1)
(1.21146568 0.4956238527 0.1)
(1.248876854 0.4956238527 0.1)
(1.287268549 0.4956238527 0.1)
(1.326666465 0.4956238527 0.1)
(1.367096974 0.4956238527 0.1)
(1.408587139 0.4956238527 0.1)
(1.451164732 0.4956238527 0.1)
(1.494858256 0.4956238527 0.1)
(1.539696957 0.4956238527 0.1)
(1.58571085 0.4956238527 0.1)
(1.632930737 0.4956238527 0.1)
(1.681388224 0.4956238527 0.1)
(1.731115749 0.4956238527 0.1)
(1.782146599 0.4956238527 0.1)
(1.834514932 0.4956238527 0.1)
(1.888255804 0.4956238527 0.1)
(1.943405188 0.4956238527 0.1)
(2 0.4956238527 0.1)
(0.005659481181 0.5166454504 0.1)
(0.01146729352 0.5166454504 0.1)
(0.01742732468 0.5166454504 0.1)
(0.02354356421 0.5166454504 0.1)
(0.02982010622 0.5166454504 0.1)
(0.03626115215 0.5166454504 0.1)
(0.04287101351 0.5166454504 0.1)
(0.04965411485 0.5166454504 0.1)
(0.05661499667 0.5166454504 0.1)
(0.06375831848 0.5166454504 0.1)
(0.0710888619 0.5166454504 0.1)
(0.07861153389 0.5166454504 0.1)
(0.08633137 0.5166454504 0.1)
(0.09425353778 0.5166454504 0.1)
(0.1023833402 0.5166454504 0.1)
(0.1107262192 0.5166454504 0.1)
(0.1192877594 0.5166454504 0.1)
(0.1280736918 0.5166454504 0.1)
(0.1370898975 0.5166454504 0.1)
(0.1463424118 0.5166454504 0.1)
(0.1558374283 0.5166454504 0.1)
(0.1655813027 0.5166454504 0.1)
(0.1755805574 0.5166454504 0.1)
(0.1858418858 0.5166454504 0.1)
(0.1963721566 0.5166454504 0.1)
(0.2071784187 0.5166454504 0.1)
(0.2182679056 0.5166454504 0.1)
(0.2296480404 0.5166454504 0.1)
(0.2413264408 0.5166454504 0.1)
(0.2533109242 0.5166454504 0.1)
(0.2656095127 0.5166454504 0.1)
(0.2782304389 0.5166454504 0.1)
(0.291182151 0.5166454504 0.1)
(0.3044733187 0.5166454504 0.1)
(0.3181128388 0.5166454504 0.1)
(0.3321098415 0.5166454504 0.1)
(0.3464736962 0.5166454504 0.1)
(0.3612140177 0.5166454504 0.1)
(0.3763406731 0.5166454504 0.1)
(0.3918637878 0.5166454504 0.1)
(0.4077937529 0.5166454504 0.1)
(0.4241412315 0.5166454504 0.1)
(0.4409171664 0.5166454504 0.1)
(0.4581327871 0.5166454504 0.1)
(0.4757996177 0.5166454504 0.1)
(0.4939294838 0.5166454504 0.1)
(0.5125345214 0.5166454504 0.1)
(0.5316271845 0.5166454504 0.1)
(0.5512202532 0.5166454504 0.1)
(0.571326843 0.5166454504 0.1)
(0.5919604129 0.5166454504 0.1)
(0.6131347746 0.5166454504 0.1)
(0.634864102 0.5166454504 0.1)
(0.6571629403 0.5166454504 0.1)
(0.680046216 0.5166454504 0.1)
(0.7035292468 0.5166454504 0.1)
(0.7276277519 0.5166454504 0.1)
(0.7523578625 0.5166454504 0.1)
(0.7777361325 0.5166454504 0.1)
(0.8037795497 0.5166454504 0.1)
(0.8305055472 0.5166454504 0.1)
(0.857932015 0.5166454504 0.1)
(0.8860773118 0.5166454504 0.1)
(0.9149602778 0.5166454504 0.1)
(0.9446002467 0.5166454504 0.1)
(0.9750170591 0.5166454504 0.1)
(1.006231075 0.5166454504 0.1)
(1.03826319 0.5166454504 0.1)
(1.071134845 0.5166454504 0.1)
(1.104868043 0.5166454504 0.1)
(1.139485365 0.5166454504 0.1)
(1.175009984 0.5166454504 0.1)
(1.21146568 0.5166454504 0.1)
(1.248876854 0.5166454504 0.1)
(1.287268549 0.5166454504 0.1)
(1.326666465 0.5166454504 0.1)
(1.367096974 0.5166454504 0.1)
(1.408587139 0.5166454504 0.1)
(1.451164732 0.5166454504 0.1)
(1.494858256 0.5166454504 0.1)
(1.539696957 0.5166454504 0.1)
(1.58571085 0.5166454504 0.1)
(1.632930737 0.5166454504 0.1)
(1.681388224 0.5166454504 0.1)
(1.731115749 0.5166454504 0.1)
(1.782146599 0.5166454504 0.1)
(1.834514932 0.5166454504 0.1)
(1.888255804 0.5166454504 0.1)
(1.943405188 0.5166454504 0.1)
(2 0.5166454504 0.1)
(0.005659481181 0.5382887738 0.1)
(0.01146729352 0.5382887738 0.1)
(0.01742732468 0.5382887738 0.1)
(0.02354356421 0.5382887738 0.1)
(0.02982010622 0.5382887738 0.1)
(0.03626115215 0.5382887738 0.1)
(0.04287101351 0.5382887738 0.1)
(0.04965411485 0.5382887738 0.1)
(0.05661499667 0.5382887738 0.1)
(0.06375831848 0.5382887738 0.1)
(0.0710888619 0.5382887738 0.1)
(0.07861153389 0.5382887738 0.1)
(0.08633137 0.5382887738 0.1)
(0.09425353778 0.5382887738 0.1)
(0.1023833402 0.5382887738 0.1)
(0.1107262192 0.5382887738 0.1)
(0.1192877594 0.5382887738 0.1)
(0.1280736918 0.5382887738 0.1)
(0.1370898975 0.5382887738 0.1)
(0.1463424118 0.5382887738 0.1)
(0.1558374283 0.5382887738 0.1)
(0.1655813027 0.5382887738 0.1)
(0.1755805574 0.5382887738 0.1)
(0.1858418858 0.5382887738 0.1)
(0.1963721566 0.5382887738 0.1)
(0.2071784187 0.5382887738 0.1)
(0.2182679056 0.5382887738 0.1)
(0.2296480404 0.5382887738 0.1)
(0.2413264408 0.5382887738 0.1)
(0.2533109242 0.5382887738 0.1)
(0.2656095127 0.5382887738 0.1)
(0.2782304389 0.5382887738 0.1)
(0.291182151 0.5382887738 0.1)
(0.3044733187 0.5382887738 0.1)
(0.3181128388 0.5382887738 0.1)
(0.3321098415 0.5382887738 0.1)
(0.3464736962 0.5382887738 0.1)
(0.3612140177 0.5382887738 0.1)
(0.3763406731 0.5382887738 0.1)
(0.3918637878 0.5382887738 0.1)
(0.4077937529 0.5382887738 0.1)
(0.4241412315 0.5382887738 0.1)
(0.4409171664 0.5382887738 0.1)
(0.4581327871 0.5382887738 0.1)
(0.4757996177 0.5382887738 0.1)
(0.4939294838 0.5382887738 0.1)
(0.5125345214 0.5382887738 0.1)
(0.5316271845 0.5382887738 0.1)
(0.5512202532 0.5382887738 0.1)
(0.571326843 0.5382887738 0.1)
(0.5919604129 0.5382887738 0.1)
(0.6131347746 0.5382887738 0.1)
(0.634864102 0.5382887738 0.1)
(0.6571629403 0.5382887738 0.1)
(0.680046216 0.5382887738 0.1)
(0.7035292468 0.5382887738 0.1)
(0.7276277519 0.5382887738 0.1)
(0.7523578625 0.5382887738 0.1)
(0.7777361325 0.5382887738 0.1)
(0.8037795497 0.5382887738 0.1)
(0.8305055472 0.5382887738 0.1)
(0.857932015 0.5382887738 0.1)
(0.8860773118 0.5382887738 0.1)
(0.9149602778 0.5382887738 0.1)
(0.9446002467 0.5382887738 0.1)
(0.9750170591 0.5382887738 0.1)
(1.006231075 0.5382887738 0.1)
(1.03826319 0.5382887738 0.1)
(1.071134845 0.5382887738 0.1)
(1.104868043 0.5382887738 0.1)
(1.139485365 0.5382887738 0.1)
(1.175009984 0.5382887738 0.1)
(1.21146568 0.5382887738 0.1)
(1.248876854 0.5382887738 0.1)
(1.287268549 0.5382887738 0.1)
(1.326666465 0.5382887738 0.1)
(1.367096974 0.5382887738 0.1)
(1.408587139 0.5382887738 0.1)
(1.451164732 0.5382887738 0.1)
(1.494858256 0.5382887738 0.1)
(1.539696957 0.5382887738 0.1)
(1.58571085 0.5382887738 0.1)
(1.632930737 0.5382887738 0.1)
(1.681388224 0.5382887738 0.1)
(1.731115749 0.5382887738 0.1)
(1.782146599 0.5382887738 0.1)
(1.834514932 0.5382887738 0.1)
(1.888255804 0.5382887738 0.1)
(1.943405188 0.5382887738 0.1)
(2 0.5382887738 0.1)
(0.005659481181 0.5605722108 0.1)
(0.01146729352 0.5605722108 0.1)
(0.01742732468 0.5605722108 0.1)
(0.02354356421 0.5605722108 0.1)
(0.02982010622 0.5605722108 0.1)
(0.03626115215 0.5605722108 0.1)
(0.04287101351 0.5605722108 0.1)
(0.04965411485 0.5605722108 0.1)
(0.05661499667 0.5605722108 0.1)
(0.06375831848 0.5605722108 0.1)
(0.0710888619 0.5605722108 0.1)
(0.07861153389 0.5605722108 0.1)
(0.08633137 0.5605722108 0.1)
(0.09425353778 0.5605722108 0.1)
(0.1023833402 0.5605722108 0.1)
(0.1107262192 0.5605722108 0.1)
(0.1192877594 0.5605722108 0.1)
(0.1280736918 0.5605722108 0.1)
(0.1370898975 0.5605722108 0.1)
(0.1463424118 0.5605722108 0.1)
(0.1558374283 0.5605722108 0.1)
(0.1655813027 0.5605722108 0.1)
(0.1755805574 0.5605722108 0.1)
(0.1858418858 0.5605722108 0.1)
(0.1963721566 0.5605722108 0.1)
(0.2071784187 0.5605722108 0.1)
(0.2182679056 0.5605722108 0.1)
(0.2296480404 0.5605722108 0.1)
(0.2413264408 0.5605722108 0.1)
(0.2533109242 0.5605722108 0.1)
(0.2656095127 0.5605722108 0.1)
(0.2782304389 0.5605722108 0.1)
(0.291182151 0.5605722108 0.1)
(0.3044733187 0.5605722108 0.1)
(0.3181128388 0.5605722108 0.1)
(0.3321098415 0.5605722108 0.1)
(0.3464736962 0.5605722108 0.1)
(0.3612140177 0.5605722108 0.1)
(0.3763406731 0.5605722108 0.1)
(0.3918637878 0.5605722108 0.1)
(0.4077937529 0.5605722108 0.1)
(0.4241412315 0.5605722108 0.1)
(0.4409171664 0.5605722108 0.1)
(0.4581327871 0.5605722108 0.1)
(0.4757996177 0.5605722108 0.1)
(0.4939294838 0.5605722108 0.1)
(0.5125345214 0.5605722108 0.1)
(0.5316271845 0.5605722108 0.1)
(0.5512202532 0.5605722108 0.1)
(0.571326843 0.5605722108 0.1)
(0.5919604129 0.5605722108 0.1)
(0.6131347746 0.5605722108 0.1)
(0.634864102 0.5605722108 0.1)
(0.6571629403 0.5605722108 0.1)
(0.680046216 0.5605722108 0.1)
(0.7035292468 0.5605722108 0.1)
(0.7276277519 0.5605722108 0.1)
(0.7523578625 0.5605722108 0.1)
(0.7777361325 0.5605722108 0.1)
(0.8037795497 0.5605722108 0.1)
(0.8305055472 0.5605722108 0.1)
(0.857932015 0.5605722108 0.1)
(0.8860773118 0.5605722108 0.1)
(0.9149602778 0.5605722108 0.1)
(0.9446002467 0.5605722108 0.1)
(0.9750170591 0.5605722108 0.1)
(1.006231075 0.5605722108 0.1)
(1.03826319 0.5605722108 0.1)
(1.071134845 0.5605722108 0.1)
(1.104868043 0.5605722108 0.1)
(1.139485365 0.5605722108 0.1)
(1.175009984 0.5605722108 0.1)
(1.21146568 0.5605722108 0.1)
(1.248876854 0.5605722108 0.1)
(1.287268549 0.5605722108 0.1)
(1.326666465 0.5605722108 0.1)
(1.367096974 0.5605722108 0.1)
(1.408587139 0.5605722108 0.1)
(1.451164732 0.5605722108 0.1)
(1.494858256 0.5605722108 0.1)
(1.539696957 0.5605722108 0.1)
(1.58571085 0.5605722108 0.1)
(1.632930737 0.5605722108 0.1)
(1.681388224 0.5605722108 0.1)
(1.731115749 0.5605722108 0.1)
(1.782146599 0.5605722108 0.1)
(1.834514932 0.5605722108 0.1)
(1.888255804 0.5605722108 0.1)
(1.943405188 0.5605722108 0.1)
(2 0.5605722108 0.1)
(0.005659481181 0.583514693 0.1)
(0.01146729352 0.583514693 0.1)
(0.01742732468 0.583514693 0.1)
(0.02354356421 0.583514693 0.1)
(0.02982010622 0.583514693 0.1)
(0.03626115215 0.583514693 0.1)
(0.04287101351 0.583514693 0.1)
(0.04965411485 0.583514693 0.1)
(0.05661499667 0.583514693 0.1)
(0.06375831848 0.583514693 0.1)
(0.0710888619 0.583514693 0.1)
(0.07861153389 0.583514693 0.1)
(0.08633137 0.583514693 0.1)
(0.09425353778 0.583514693 0.1)
(0.1023833402 0.583514693 0.1)
(0.1107262192 0.583514693 0.1)
(0.1192877594 0.583514693 0.1)
(0.1280736918 0.583514693 0.1)
(0.1370898975 0.583514693 0.1)
(0.1463424118 0.583514693 0.1)
(0.1558374283 0.583514693 0.1)
(0.1655813027 0.583514693 0.1)
(0.1755805574 0.583514693 0.1)
(0.1858418858 0.583514693 0.1)
(0.1963721566 0.583514693 0.1)
(0.2071784187 0.583514693 0.1)
(0.2182679056 0.583514693 0.1)
(0.2296480404 0.583514693 0.1)
(0.2413264408 0.583514693 0.1)
(0.2533109242 0.583514693 0.1)
(0.2656095127 0.583514693 0.1)
(0.2782304389 0.583514693 0.1)
(0.291182151 0.583514693 0.1)
(0.3044733187 0.583514693 0.1)
(0.3181128388 0.583514693 0.1)
(0.3321098415 0.583514693 0.1)
(0.3464736962 0.583514693 0.1)
(0.3612140177 0.583514693 0.1)
(0.3763406731 0.583514693 0.1)
(0.3918637878 0.583514693 0.1)
(0.4077937529 0.583514693 0.1)
(0.4241412315 0.583514693 0.1)
(0.4409171664 0.583514693 0.1)
(0.4581327871 0.583514693 0.1)
(0.4757996177 0.583514693 0.1)
(0.4939294838 0.583514693 0.1)
(0.5125345214 0.583514693 0.1)
(0.5316271845 0.583514693 0.1)
(0.5512202532 0.583514693 0.1)
(0.571326843 0.583514693 0.1)
(0.5919604129 0.583514693 0.1)
(0.6131347746 0.583514693 0.1)
(0.634864102 0.583514693 0.1)
(0.6571629403 0.583514693 0.1)
(0.680046216 0.583514693 0.1)
(0.7035292468 0.583514693 0.1)
(0.7276277519 0.583514693 0.1)
(0.7523578625 0.583514693 0.1)
(0.7777361325 0.583514693 0.1)
(0.8037795497 0.583514693 0.1)
(0.8305055472 0.583514693 0.1)
(0.857932015 0.583514693 0.1)
(0.8860773118 0.583514693 0.1)
(0.9149602778 0.583514693 0.1)
(0.9446002467 0.583514693 0.1)
(0.9750170591 0.583514693 0.1)
(1.006231075 0.583514693 0.1)
(1.03826319 0.583514693 0.1)
(1.071134845 0.583514693 0.1)
(1.104868043 0.583514693 0.1)
(1.139485365 0.583514693 0.1)
(1.175009984 0.583514693 0.1)
(1.21146568 0.583514693 0.1)
(1.248876854 0.583514693 0.1)
(1.287268549 0.583514693 0.1)
(1.326666465 0.583514693 0.1)
(1.367096974 0.583514693 0.1)
(1.408587139 0.583514693 0.1)
(1.451164732 0.583514693 0.1)
(1.494858256 0.583514693 0.1)
(1.539696957 0.583514693 0.1)
(1.58571085 0.583514693 0.1)
(1.632930737 0.583514693 0.1)
(1.681388224 0.583514693 0.1)
(1.731115749 0.583514693 0.1)
(1.782146599 0.583514693 0.1)
(1.834514932 0.583514693 0.1)
(1.888255804 0.583514693 0.1)
(1.943405188 0.583514693 0.1)
(2 0.583514693 0.1)
(0.005659481181 0.6071357122 0.1)
(0.01146729352 0.6071357122 0.1)
(0.01742732468 0.6071357122 0.1)
(0.02354356421 0.6071357122 0.1)
(0.02982010622 0.6071357122 0.1)
(0.03626115215 0.6071357122 0.1)
(0.04287101351 0.6071357122 0.1)
(0.04965411485 0.6071357122 0.1)
(0.05661499667 0.6071357122 0.1)
(0.06375831848 0.6071357122 0.1)
(0.0710888619 0.6071357122 0.1)
(0.07861153389 0.6071357122 0.1)
(0.08633137 0.6071357122 0.1)
(0.09425353778 0.6071357122 0.1)
(0.1023833402 0.6071357122 0.1)
(0.1107262192 0.6071357122 0.1)
(0.1192877594 0.6071357122 0.1)
(0.1280736918 0.6071357122 0.1)
(0.1370898975 0.6071357122 0.1)
(0.1463424118 0.6071357122 0.1)
(0.1558374283 0.6071357122 0.1)
(0.1655813027 0.6071357122 0.1)
(0.1755805574 0.6071357122 0.1)
(0.1858418858 0.6071357122 0.1)
(0.1963721566 0.6071357122 0.1)
(0.2071784187 0.6071357122 0.1)
(0.2182679056 0.6071357122 0.1)
(0.2296480404 0.6071357122 0.1)
(0.2413264408 0.6071357122 0.1)
(0.2533109242 0.6071357122 0.1)
(0.2656095127 0.6071357122 0.1)
(0.2782304389 0.6071357122 0.1)
(0.291182151 0.6071357122 0.1)
(0.3044733187 0.6071357122 0.1)
(0.3181128388 0.6071357122 0.1)
(0.3321098415 0.6071357122 0.1)
(0.3464736962 0.6071357122 0.1)
(0.3612140177 0.6071357122 0.1)
(0.3763406731 0.6071357122 0.1)
(0.3918637878 0.6071357122 0.1)
(0.4077937529 0.6071357122 0.1)
(0.4241412315 0.6071357122 0.1)
(0.4409171664 0.6071357122 0.1)
(0.4581327871 0.6071357122 0.1)
(0.4757996177 0.6071357122 0.1)
(0.4939294838 0.6071357122 0.1)
(0.5125345214 0.6071357122 0.1)
(0.5316271845 0.6071357122 0.1)
(0.5512202532 0.6071357122 0.1)
(0.571326843 0.6071357122 0.1)
(0.5919604129 0.6071357122 0.1)
(0.6131347746 0.6071357122 0.1)
(0.634864102 0.6071357122 0.1)
(0.6571629403 0.6071357122 0.1)
(0.680046216 0.6071357122 0.1)
(0.7035292468 0.6071357122 0.1)
(0.7276277519 0.6071357122 0.1)
(0.7523578625 0.6071357122 0.1)
(0.7777361325 0.6071357122 0.1)
(0.8037795497 0.6071357122 0.1)
(0.8305055472 0.6071357122 0.1)
(0.857932015 0.6071357122 0.1)
(0.8860773118 0.6071357122 0.1)
(0.9149602778 0.6071357122 0.1)
(0.9446002467 0.6071357122 0.1)
(0.9750170591 0.6071357122 0.1)
(1.006231075 0.6071357122 0.1)
(1.03826319 0.6071357122 0.1)
(1.071134845 0.6071357122 0.1)
(1.104868043 0.6071357122 0.1)
(1.139485365 0.6071357122 0.1)
(1.175009984 0.6071357122 0.1)
(1.21146568 0.6071357122 0.1)
(1.248876854 0.6071357122 0.1)
(1.287268549 0.6071357122 0.1)
(1.326666465 0.6071357122 0.1)
(1.367096974 0.6071357122 0.1)
(1.408587139 0.6071357122 0.1)
(1.451164732 0.6071357122 0.1)
(1.494858256 0.6071357122 0.1)
(1.539696957 0.6071357122 0.1)
(1.58571085 0.6071357122 0.1)
(1.632930737 0.6071357122 0.1)
(1.681388224 0.6071357122 0.1)
(1.731115749 0.6071357122 0.1)
(1.782146599 0.6071357122 0.1)
(1.834514932 0.6071357122 0.1)
(1.888255804 0.6071357122 0.1)
(1.943405188 0.6071357122 0.1)
(2 0.6071357122 0.1)
(0.005659481181 0.6314553365 0.1)
(0.01146729352 0.6314553365 0.1)
(0.01742732468 0.6314553365 0.1)
(0.02354356421 0.6314553365 0.1)
(0.02982010622 0.6314553365 0.1)
(0.03626115215 0.6314553365 0.1)
(0.04287101351 0.6314553365 0.1)
(0.04965411485 0.6314553365 0.1)
(0.05661499667 0.6314553365 0.1)
(0.06375831848 0.6314553365 0.1)
(0.0710888619 0.6314553365 0.1)
(0.07861153389 0.6314553365 0.1)
(0.08633137 0.6314553365 0.1)
(0.09425353778 0.6314553365 0.1)
(0.1023833402 0.6314553365 0.1)
(0.1107262192 0.6314553365 0.1)
(0.1192877594 0.6314553365 0.1)
(0.1280736918 0.6314553365 0.1)
(0.1370898975 0.6314553365 0.1)
(0.1463424118 0.6314553365 0.1)
(0.1558374283 0.6314553365 0.1)
(0.1655813027 0.6314553365 0.1)
(0.1755805574 0.6314553365 0.1)
(0.1858418858 0.6314553365 0.1)
(0.1963721566 0.6314553365 0.1)
(0.2071784187 0.6314553365 0.1)
(0.2182679056 0.6314553365 0.1)
(0.2296480404 0.6314553365 0.1)
(0.2413264408 0.6314553365 0.1)
(0.2533109242 0.6314553365 0.1)
(0.2656095127 0.6314553365 0.1)
(0.2782304389 0.6314553365 0.1)
(0.291182151 0.6314553365 0.1)
(0.3044733187 0.6314553365 0.1)
(0.3181128388 0.6314553365 0.1)
(0.3321098415 0.6314553365 0.1)
(0.3464736962 0.6314553365 0.1)
(0.3612140177 0.6314553365 0.1)
(0.3763406731 0.6314553365 0.1)
(0.3918637878 0.6314553365 0.1)
(0.4077937529 0.6314553365 0.1)
(0.4241412315 0.6314553365 0.1)
(0.4409171664 0.6314553365 0.1)
(0.4581327871 0.6314553365 0.1)
(0.4757996177 0.6314553365 0.1)
(0.4939294838 0.6314553365 0.1)
(0.5125345214 0.6314553365 0.1)
(0.5316271845 0.6314553365 0.1)
(0.5512202532 0.6314553365 0.1)
(0.571326843 0.6314553365 0.1)
(0.5919604129 0.6314553365 0.1)
(0.6131347746 0.6314553365 0.1)
(0.634864102 0.6314553365 0.1)
(0.6571629403 0.6314553365 0.1)
(0.680046216 0.6314553365 0.1)
(0.7035292468 0.6314553365 0.1)
(0.7276277519 0.6314553365 0.1)
(0.7523578625 0.6314553365 0.1)
(0.7777361325 0.6314553365 0.1)
(0.8037795497 0.6314553365 0.1)
(0.8305055472 0.6314553365 0.1)
(0.857932015 0.6314553365 0.1)
(0.8860773118 0.6314553365 0.1)
(0.9149602778 0.6314553365 0.1)
(0.9446002467 0.6314553365 0.1)
(0.9750170591 0.6314553365 0.1)
(1.006231075 0.6314553365 0.1)
(1.03826319 0.6314553365 0.1)
(1.071134845 0.6314553365 0.1)
(1.104868043 0.6314553365 0.1)
(1.139485365 0.6314553365 0.1)
(1.175009984 0.6314553365 0.1)
(1.21146568 0.6314553365 0.1)
(1.248876854 0.6314553365 0.1)
(1.287268549 0.6314553365 0.1)
(1.326666465 0.6314553365 0.1)
(1.367096974 0.6314553365 0.1)
(1.408587139 0.6314553365 0.1)
(1.451164732 0.6314553365 0.1)
(1.494858256 0.6314553365 0.1)
(1.539696957 0.6314553365 0.1)
(1.58571085 0.6314553365 0.1)
(1.632930737 0.6314553365 0.1)
(1.681388224 0.6314553365 0.1)
(1.731115749 0.6314553365 0.1)
(1.782146599 0.6314553365 0.1)
(1.834514932 0.6314553365 0.1)
(1.888255804 0.6314553365 0.1)
(1.943405188 0.6314553365 0.1)
(2 0.6314553365 0.1)
(0.005659481181 0.6564942274 0.1)
(0.01146729352 0.6564942274 0.1)
(0.01742732468 0.6564942274 0.1)
(0.02354356421 0.6564942274 0.1)
(0.02982010622 0.6564942274 0.1)
(0.03626115215 0.6564942274 0.1)
(0.04287101351 0.6564942274 0.1)
(0.04965411485 0.6564942274 0.1)
(0.05661499667 0.6564942274 0.1)
(0.06375831848 0.6564942274 0.1)
(0.0710888619 0.6564942274 0.1)
(0.07861153389 0.6564942274 0.1)
(0.08633137 0.6564942274 0.1)
(0.09425353778 0.6564942274 0.1)
(0.1023833402 0.6564942274 0.1)
(0.1107262192 0.6564942274 0.1)
(0.1192877594 0.6564942274 0.1)
(0.1280736918 0.6564942274 0.1)
(0.1370898975 0.6564942274 0.1)
(0.1463424118 0.6564942274 0.1)
(0.1558374283 0.6564942274 0.1)
(0.1655813027 0.6564942274 0.1)
(0.1755805574 0.6564942274 0.1)
(0.1858418858 0.6564942274 0.1)
(0.1963721566 0.6564942274 0.1)
(0.2071784187 0.6564942274 0.1)
(0.2182679056 0.6564942274 0.1)
(0.2296480404 0.6564942274 0.1)
(0.2413264408 0.6564942274 0.1)
(0.2533109242 0.6564942274 0.1)
(0.2656095127 0.6564942274 0.1)
(0.2782304389 0.6564942274 0.1)
(0.291182151 0.6564942274 0.1)
(0.3044733187 0.6564942274 0.1)
(0.3181128388 0.6564942274 0.1)
(0.3321098415 0.6564942274 0.1)
(0.3464736962 0.6564942274 0.1)
(0.3612140177 0.6564942274 0.1)
(0.3763406731 0.6564942274 0.1)
(0.3918637878 0.6564942274 0.1)
(0.4077937529 0.6564942274 0.1)
(0.4241412315 0.6564942274 0.1)
(0.4409171664 0.6564942274 0.1)
(0.4581327871 0.6564942274 0.1)
(0.4757996177 0.6564942274 0.1)
(0.4939294838 0.6564942274 0.1)
(0.5125345214 0.6564942274 0.1)
(0.5316271845 0.6564942274 0.1)
(0.5512202532 0.6564942274 0.1)
(0.571326843 0.6564942274 0.1)
(0.5919604129 0.6564942274 0.1)
(0.6131347746 0.6564942274 0.1)
(0.634864102 0.6564942274 0.1)
(0.6571629403 0.6564942274 0.1)
(0.680046216 0.6564942274 0.1)
(0.7035292468 0.6564942274 0.1)
(0.7276277519 0.6564942274 0.1)
(0.7523578625 0.6564942274 0.1)
(0.7777361325 0.6564942274 0.1)
(0.8037795497 0.6564942274 0.1)
(0.8305055472 0.6564942274 0.1)
(0.857932015 0.6564942274 0.1)
(0.8860773118 0.6564942274 0.1)
(0.9149602778 0.6564942274 0.1)
(0.9446002467 0.6564942274 0.1)
(0.9750170591 0.6564942274 0.1)
(1.006231075 0.6564942274 0.1)
(1.03826319 0.6564942274 0.1)
(1.071134845 0.6564942274 0.1)
(1.104868043 0.6564942274 0.1)
(1.139485365 0.6564942274 0.1)
(1.175009984 0.6564942274 0.1)
(1.21146568 0.6564942274 0.1)
(1.248876854 0.6564942274 0.1)
(1.287268549 0.6564942274 0.1)
(1.326666465 0.6564942274 0.1)
(1.367096974 0.6564942274 0.1)
(1.408587139 0.6564942274 0.1)
(1.451164732 0.6564942274 0.1)
(1.494858256 0.6564942274 0.1)
(1.539696957 0.6564942274 0.1)
(1.58571085 0.6564942274 0.1)
(1.632930737 0.6564942274 0.1)
(1.681388224 0.6564942274 0.1)
(1.731115749 0.6564942274 0.1)
(1.782146599 0.6564942274 0.1)
(1.834514932 0.6564942274 0.1)
(1.888255804 0.6564942274 0.1)
(1.943405188 0.6564942274 0.1)
(2 0.6564942274 0.1)
(0.005659481181 0.6822736577 0.1)
(0.01146729352 0.6822736577 0.1)
(0.01742732468 0.6822736577 0.1)
(0.02354356421 0.6822736577 0.1)
(0.02982010622 0.6822736577 0.1)
(0.03626115215 0.6822736577 0.1)
(0.04287101351 0.6822736577 0.1)
(0.04965411485 0.6822736577 0.1)
(0.05661499667 0.6822736577 0.1)
(0.06375831848 0.6822736577 0.1)
(0.0710888619 0.6822736577 0.1)
(0.07861153389 0.6822736577 0.1)
(0.08633137 0.6822736577 0.1)
(0.09425353778 0.6822736577 0.1)
(0.1023833402 0.6822736577 0.1)
(0.1107262192 0.6822736577 0.1)
(0.1192877594 0.6822736577 0.1)
(0.1280736918 0.6822736577 0.1)
(0.1370898975 0.6822736577 0.1)
(0.1463424118 0.6822736577 0.1)
(0.1558374283 0.6822736577 0.1)
(0.1655813027 0.6822736577 0.1)
(0.1755805574 0.6822736577 0.1)
(0.1858418858 0.6822736577 0.1)
(0.1963721566 0.6822736577 0.1)
(0.2071784187 0.6822736577 0.1)
(0.2182679056 0.6822736577 0.1)
(0.2296480404 0.6822736577 0.1)
(0.2413264408 0.6822736577 0.1)
(0.2533109242 0.6822736577 0.1)
(0.2656095127 0.6822736577 0.1)
(0.2782304389 0.6822736577 0.1)
(0.291182151 0.6822736577 0.1)
(0.3044733187 0.6822736577 0.1)
(0.3181128388 0.6822736577 0.1)
(0.3321098415 0.6822736577 0.1)
(0.3464736962 0.6822736577 0.1)
(0.3612140177 0.6822736577 0.1)
(0.3763406731 0.6822736577 0.1)
(0.3918637878 0.6822736577 0.1)
(0.4077937529 0.6822736577 0.1)
(0.4241412315 0.6822736577 0.1)
(0.4409171664 0.6822736577 0.1)
(0.4581327871 0.6822736577 0.1)
(0.4757996177 0.6822736577 0.1)
(0.4939294838 0.6822736577 0.1)
(0.5125345214 0.6822736577 0.1)
(0.5316271845 0.6822736577 0.1)
(0.5512202532 0.6822736577 0.1)
(0.571326843 0.6822736577 0.1)
(0.5919604129 0.6822736577 0.1)
(0.6131347746 0.6822736577 0.1)
(0.634864102 0.6822736577 0.1)
(0.6571629403 0.6822736577 0.1)
(0.680046216 0.6822736577 0.1)
(0.7035292468 0.6822736577 0.1)
(0.7276277519 0.6822736577 0.1)
(0.7523578625 0.6822736577 0.1)
(0.7777361325 0.6822736577 0.1)
(0.8037795497 0.6822736577 0.1)
(0.8305055472 0.6822736577 0.1)
(0.857932015 0.6822736577 0.1)
(0.8860773118 0.6822736577 0.1)
(0.9149602778 0.6822736577 0.1)
(0.9446002467 0.6822736577 0.1)
(0.9750170591 0.6822736577 0.1)
(1.006231075 0.6822736577 0.1)
(1.03826319 0.6822736577 0.1)
(1.071134845 0.6822736577 0.1)
(1.104868043 0.6822736577 0.1)
(1.139485365 0.6822736577 0.1)
(1.175009984 0.6822736577 0.1)
(1.21146568 0.6822736577 0.1)
(1.248876854 0.6822736577 0.1)
(1.287268549 0.6822736577 0.1)
(1.326666465 0.6822736577 0.1)
(1.367096974 0.6822736577 0.1)
(1.408587139 0.6822736577 0.1)
(1.451164732 0.6822736577 0.1)
(1.494858256 0.6822736577 0.1)
(1.539696957 0.6822736577 0.1)
(1.58571085 0.6822736577 0.1)
(1.632930737 0.6822736577 0.1)
(1.681388224 0.6822736577 0.1)
(1.731115749 0.6822736577 0.1)
(1.782146599 0.6822736577 0.1)
(1.834514932 0.6822736577 0.1)
(1.888255804 0.6822736577 0.1)
(1.943405188 0.6822736577 0.1)
(2 0.6822736577 0.1)
(0.005659481181 0.7088155293 0.1)
(0.01146729352 0.7088155293 0.1)
(0.01742732468 0.7088155293 0.1)
(0.02354356421 0.7088155293 0.1)
(0.02982010622 0.7088155293 0.1)
(0.03626115215 0.7088155293 0.1)
(0.04287101351 0.7088155293 0.1)
(0.04965411485 0.7088155293 0.1)
(0.05661499667 0.7088155293 0.1)
(0.06375831848 0.7088155293 0.1)
(0.0710888619 0.7088155293 0.1)
(0.07861153389 0.7088155293 0.1)
(0.08633137 0.7088155293 0.1)
(0.09425353778 0.7088155293 0.1)
(0.1023833402 0.7088155293 0.1)
(0.1107262192 0.7088155293 0.1)
(0.1192877594 0.7088155293 0.1)
(0.1280736918 0.7088155293 0.1)
(0.1370898975 0.7088155293 0.1)
(0.1463424118 0.7088155293 0.1)
(0.1558374283 0.7088155293 0.1)
(0.1655813027 0.7088155293 0.1)
(0.1755805574 0.7088155293 0.1)
(0.1858418858 0.7088155293 0.1)
(0.1963721566 0.7088155293 0.1)
(0.2071784187 0.7088155293 0.1)
(0.2182679056 0.7088155293 0.1)
(0.2296480404 0.7088155293 0.1)
(0.2413264408 0.7088155293 0.1)
(0.2533109242 0.7088155293 0.1)
(0.2656095127 0.7088155293 0.1)
(0.2782304389 0.7088155293 0.1)
(0.291182151 0.7088155293 0.1)
(0.3044733187 0.7088155293 0.1)
(0.3181128388 0.7088155293 0.1)
(0.3321098415 0.7088155293 0.1)
(0.3464736962 0.7088155293 0.1)
(0.3612140177 0.7088155293 0.1)
(0.3763406731 0.7088155293 0.1)
(0.3918637878 0.7088155293 0.1)
(0.4077937529 0.7088155293 0.1)
(0.4241412315 0.7088155293 0.1)
(0.4409171664 0.7088155293 0.1)
(0.4581327871 0.7088155293 0.1)
(0.4757996177 0.7088155293 0.1)
(0.4939294838 0.7088155293 0.1)
(0.5125345214 0.7088155293 0.1)
(0.5316271845 0.7088155293 0.1)
(0.5512202532 0.7088155293 0.1)
(0.571326843 0.7088155293 0.1)
(0.5919604129 0.7088155293 0.1)
(0.6131347746 0.7088155293 0.1)
(0.634864102 0.7088155293 0.1)
(0.6571629403 0.7088155293 0.1)
(0.680046216 0.7088155293 0.1)
(0.7035292468 0.7088155293 0.1)
(0.7276277519 0.7088155293 0.1)
(0.7523578625 0.7088155293 0.1)
(0.7777361325 0.7088155293 0.1)
(0.8037795497 0.7088155293 0.1)
(0.8305055472 0.7088155293 0.1)
(0.857932015 0.7088155293 0.1)
(0.8860773118 0.7088155293 0.1)
(0.9149602778 0.7088155293 0.1)
(0.9446002467 0.7088155293 0.1)
(0.9750170591 0.7088155293 0.1)
(1.006231075 0.7088155293 0.1)
(1.03826319 0.7088155293 0.1)
(1.071134845 0.7088155293 0.1)
(1.104868043 0.7088155293 0.1)
(1.139485365 0.7088155293 0.1)
(1.175009984 0.7088155293 0.1)
(1.21146568 0.7088155293 0.1)
(1.248876854 0.7088155293 0.1)
(1.287268549 0.7088155293 0.1)
(1.326666465 0.7088155293 0.1)
(1.367096974 0.7088155293 0.1)
(1.408587139 0.7088155293 0.1)
(1.451164732 0.7088155293 0.1)
(1.494858256 0.7088155293 0.1)
(1.539696957 0.7088155293 0.1)
(1.58571085 0.7088155293 0.1)
(1.632930737 0.7088155293 0.1)
(1.681388224 0.7088155293 0.1)
(1.731115749 0.7088155293 0.1)
(1.782146599 0.7088155293 0.1)
(1.834514932 0.7088155293 0.1)
(1.888255804 0.7088155293 0.1)
(1.943405188 0.7088155293 0.1)
(2 0.7088155293 0.1)
(0.005659481181 0.7361423918 0.1)
(0.01146729352 0.7361423918 0.1)
(0.01742732468 0.7361423918 0.1)
(0.02354356421 0.7361423918 0.1)
(0.02982010622 0.7361423918 0.1)
(0.03626115215 0.7361423918 0.1)
(0.04287101351 0.7361423918 0.1)
(0.04965411485 0.7361423918 0.1)
(0.05661499667 0.7361423918 0.1)
(0.06375831848 0.7361423918 0.1)
(0.0710888619 0.7361423918 0.1)
(0.07861153389 0.7361423918 0.1)
(0.08633137 0.7361423918 0.1)
(0.09425353778 0.7361423918 0.1)
(0.1023833402 0.7361423918 0.1)
(0.1107262192 0.7361423918 0.1)
(0.1192877594 0.7361423918 0.1)
(0.1280736918 0.7361423918 0.1)
(0.1370898975 0.7361423918 0.1)
(0.1463424118 0.7361423918 0.1)
(0.1558374283 0.7361423918 0.1)
(0.1655813027 0.7361423918 0.1)
(0.1755805574 0.7361423918 0.1)
(0.1858418858 0.7361423918 0.1)
(0.1963721566 0.7361423918 0.1)
(0.2071784187 0.7361423918 0.1)
(0.2182679056 0.7361423918 0.1)
(0.2296480404 0.7361423918 0.1)
(0.2413264408 0.7361423918 0.1)
(0.2533109242 0.7361423918 0.1)
(0.2656095127 0.7361423918 0.1)
(0.2782304389 0.7361423918 0.1)
(0.291182151 0.7361423918 0.1)
(0.3044733187 0.7361423918 0.1)
(0.3181128388 0.7361423918 0.1)
(0.3321098415 0.7361423918 0.1)
(0.3464736962 0.7361423918 0.1)
(0.3612140177 0.7361423918 0.1)
(0.3763406731 0.7361423918 0.1)
(0.3918637878 0.7361423918 0.1)
(0.4077937529 0.7361423918 0.1)
(0.4241412315 0.7361423918 0.1)
(0.4409171664 0.7361423918 0.1)
(0.4581327871 0.7361423918 0.1)
(0.4757996177 0.7361423918 0.1)
(0.4939294838 0.7361423918 0.1)
(0.5125345214 0.7361423918 0.1)
(0.5316271845 0.7361423918 0.1)
(0.5512202532 0.7361423918 0.1)
(0.571326843 0.7361423918 0.1)
(0.5919604129 0.7361423918 0.1)
(0.6131347746 0.7361423918 0.1)
(0.634864102 0.7361423918 0.1)
(0.6571629403 0.7361423918 0.1)
(0.680046216 0.7361423918 0.1)
(0.7035292468 0.7361423918 0.1)
(0.7276277519 0.7361423918 0.1)
(0.7523578625 0.7361423918 0.1)
(0.7777361325 0.7361423918 0.1)
(0.8037795497 0.7361423918 0.1)
(0.8305055472 0.7361423918 0.1)
(0.857932015 0.7361423918 0.1)
(0.8860773118 0.7361423918 0.1)
(0.9149602778 0.7361423918 0.1)
(0.9446002467 0.7361423918 0.1)
(0.9750170591 0.7361423918 0.1)
(1.006231075 0.7361423918 0.1)
(1.03826319 0.7361423918 0.1)
(1.071134845 0.7361423918 0.1)
(1.104868043 0.7361423918 0.1)
(1.139485365 0.7361423918 0.1)
(1.175009984 0.7361423918 0.1)
(1.21146568 0.7361423918 0.1)
(1.248876854 0.7361423918 0.1)
(1.287268549 0.7361423918 0.1)
(1.326666465 0.7361423918 0.1)
(1.367096974 0.7361423918 0.1)
(1.408587139 0.7361423918 0.1)
(1.451164732 0.7361423918 0.1)
(1.494858256 0.7361423918 0.1)
(1.539696957 0.7361423918 0.1)
(1.58571085 0.7361423918 0.1)
(1.632930737 0.7361423918 0.1)
(1.681388224 0.7361423918 0.1)
(1.731115749 0.7361423918 0.1)
(1.782146599 0.7361423918 0.1)
(1.834514932 0.7361423918 0.1)
(1.888255804 0.7361423918 0.1)
(1.943405188 0.7361423918 0.1)
(2 0.7361423918 0.1)
(0.005659481181 0.7642774618 0.1)
(0.01146729352 0.7642774618 0.1)
(0.01742732468 0.7642774618 0.1)
(0.02354356421 0.7642774618 0.1)
(0.02982010622 0.7642774618 0.1)
(0.03626115215 0.7642774618 0.1)
(0.04287101351 0.7642774618 0.1)
(0.04965411485 0.7642774618 0.1)
(0.05661499667 0.7642774618 0.1)
(0.06375831848 0.7642774618 0.1)
(0.0710888619 0.7642774618 0.1)
(0.07861153389 0.7642774618 0.1)
(0.08633137 0.7642774618 0.1)
(0.09425353778 0.7642774618 0.1)
(0.1023833402 0.7642774618 0.1)
(0.1107262192 0.7642774618 0.1)
(0.1192877594 0.7642774618 0.1)
(0.1280736918 0.7642774618 0.1)
(0.1370898975 0.7642774618 0.1)
(0.1463424118 0.7642774618 0.1)
(0.1558374283 0.7642774618 0.1)
(0.1655813027 0.7642774618 0.1)
(0.1755805574 0.7642774618 0.1)
(0.1858418858 0.7642774618 0.1)
(0.1963721566 0.7642774618 0.1)
(0.2071784187 0.7642774618 0.1)
(0.2182679056 0.7642774618 0.1)
(0.2296480404 0.7642774618 0.1)
(0.2413264408 0.7642774618 0.1)
(0.2533109242 0.7642774618 0.1)
(0.2656095127 0.7642774618 0.1)
(0.2782304389 0.7642774618 0.1)
(0.291182151 0.7642774618 0.1)
(0.3044733187 0.7642774618 0.1)
(0.3181128388 0.7642774618 0.1)
(0.3321098415 0.7642774618 0.1)
(0.3464736962 0.7642774618 0.1)
(0.3612140177 0.7642774618 0.1)
(0.3763406731 0.7642774618 0.1)
(0.3918637878 0.7642774618 0.1)
(0.4077937529 0.7642774618 0.1)
(0.4241412315 0.7642774618 0.1)
(0.4409171664 0.7642774618 0.1)
(0.4581327871 0.7642774618 0.1)
(0.4757996177 0.7642774618 0.1)
(0.4939294838 0.7642774618 0.1)
(0.5125345214 0.7642774618 0.1)
(0.5316271845 0.7642774618 0.1)
(0.5512202532 0.7642774618 0.1)
(0.571326843 0.7642774618 0.1)
(0.5919604129 0.7642774618 0.1)
(0.6131347746 0.7642774618 0.1)
(0.634864102 0.7642774618 0.1)
(0.6571629403 0.7642774618 0.1)
(0.680046216 0.7642774618 0.1)
(0.7035292468 0.7642774618 0.1)
(0.7276277519 0.7642774618 0.1)
(0.7523578625 0.7642774618 0.1)
(0.7777361325 0.7642774618 0.1)
(0.8037795497 0.7642774618 0.1)
(0.8305055472 0.7642774618 0.1)
(0.857932015 0.7642774618 0.1)
(0.8860773118 0.7642774618 0.1)
(0.9149602778 0.7642774618 0.1)
(0.9446002467 0.7642774618 0.1)
(0.9750170591 0.7642774618 0.1)
(1.006231075 0.7642774618 0.1)
(1.03826319 0.7642774618 0.1)
(1.071134845 0.7642774618 0.1)
(1.104868043 0.7642774618 0.1)
(1.139485365 0.7642774618 0.1)
(1.175009984 0.7642774618 0.1)
(1.21146568 0.7642774618 0.1)
(1.248876854 0.7642774618 0.1)
(1.287268549 0.7642774618 0.1)
(1.326666465 0.7642774618 0.1)
(1.367096974 0.7642774618 0.1)
(1.408587139 0.7642774618 0.1)
(1.451164732 0.7642774618 0.1)
(1.494858256 0.7642774618 0.1)
(1.539696957 0.7642774618 0.1)
(1.58571085 0.7642774618 0.1)
(1.632930737 0.7642774618 0.1)
(1.681388224 0.7642774618 0.1)
(1.731115749 0.7642774618 0.1)
(1.782146599 0.7642774618 0.1)
(1.834514932 0.7642774618 0.1)
(1.888255804 0.7642774618 0.1)
(1.943405188 0.7642774618 0.1)
(2 0.7642774618 0.1)
(0.005659481181 0.7932446424 0.1)
(0.01146729352 0.7932446424 0.1)
(0.01742732468 0.7932446424 0.1)
(0.02354356421 0.7932446424 0.1)
(0.02982010622 0.7932446424 0.1)
(0.03626115215 0.7932446424 0.1)
(0.04287101351 0.7932446424 0.1)
(0.04965411485 0.7932446424 0.1)
(0.05661499667 0.7932446424 0.1)
(0.06375831848 0.7932446424 0.1)
(0.0710888619 0.7932446424 0.1)
(0.07861153389 0.7932446424 0.1)
(0.08633137 0.7932446424 0.1)
(0.09425353778 0.7932446424 0.1)
(0.1023833402 0.7932446424 0.1)
(0.1107262192 0.7932446424 0.1)
(0.1192877594 0.7932446424 0.1)
(0.1280736918 0.7932446424 0.1)
(0.1370898975 0.7932446424 0.1)
(0.1463424118 0.7932446424 0.1)
(0.1558374283 0.7932446424 0.1)
(0.1655813027 0.7932446424 0.1)
(0.1755805574 0.7932446424 0.1)
(0.1858418858 0.7932446424 0.1)
(0.1963721566 0.7932446424 0.1)
(0.2071784187 0.7932446424 0.1)
(0.2182679056 0.7932446424 0.1)
(0.2296480404 0.7932446424 0.1)
(0.2413264408 0.7932446424 0.1)
(0.2533109242 0.7932446424 0.1)
(0.2656095127 0.7932446424 0.1)
(0.2782304389 0.7932446424 0.1)
(0.291182151 0.7932446424 0.1)
(0.3044733187 0.7932446424 0.1)
(0.3181128388 0.7932446424 0.1)
(0.3321098415 0.7932446424 0.1)
(0.3464736962 0.7932446424 0.1)
(0.3612140177 0.7932446424 0.1)
(0.3763406731 0.7932446424 0.1)
(0.3918637878 0.7932446424 0.1)
(0.4077937529 0.7932446424 0.1)
(0.4241412315 0.7932446424 0.1)
(0.4409171664 0.7932446424 0.1)
(0.4581327871 0.7932446424 0.1)
(0.4757996177 0.7932446424 0.1)
(0.4939294838 0.7932446424 0.1)
(0.5125345214 0.7932446424 0.1)
(0.5316271845 0.7932446424 0.1)
(0.5512202532 0.7932446424 0.1)
(0.571326843 0.7932446424 0.1)
(0.5919604129 0.7932446424 0.1)
(0.6131347746 0.7932446424 0.1)
(0.634864102 0.7932446424 0.1)
(0.6571629403 0.7932446424 0.1)
(0.680046216 0.7932446424 0.1)
(0.7035292468 0.7932446424 0.1)
(0.7276277519 0.7932446424 0.1)
(0.7523578625 0.7932446424 0.1)
(0.7777361325 0.7932446424 0.1)
(0.8037795497 0.7932446424 0.1)
(0.8305055472 0.7932446424 0.1)
(0.857932015 0.7932446424 0.1)
(0.8860773118 0.7932446424 0.1)
(0.9149602778 0.7932446424 0.1)
(0.9446002467 0.7932446424 0.1)
(0.9750170591 0.7932446424 0.1)
(1.006231075 0.7932446424 0.1)
(1.03826319 0.7932446424 0.1)
(1.071134845 0.7932446424 0.1)
(1.104868043 0.7932446424 0.1)
(1.139485365 0.7932446424 0.1)
(1.175009984 0.7932446424 0.1)
(1.21146568 0.7932446424 0.1)
(1.248876854 0.7932446424 0.1)
(1.287268549 0.7932446424 0.1)
(1.326666465 0.7932446424 0.1)
(1.367096974 0.7932446424 0.1)
(1.408587139 0.7932446424 0.1)
(1.451164732 0.7932446424 0.1)
(1.494858256 0.7932446424 0.1)
(1.539696957 0.7932446424 0.1)
(1.58571085 0.7932446424 0.1)
(1.632930737 0.7932446424 0.1)
(1.681388224 0.7932446424 0.1)
(1.731115749 0.7932446424 0.1)
(1.782146599 0.7932446424 0.1)
(1.834514932 0.7932446424 0.1)
(1.888255804 0.7932446424 0.1)
(1.943405188 0.7932446424 0.1)
(2 0.7932446424 0.1)
(0.005659481181 0.8230685438 0.1)
(0.01146729352 0.8230685438 0.1)
(0.01742732468 0.8230685438 0.1)
(0.02354356421 0.8230685438 0.1)
(0.02982010622 0.8230685438 0.1)
(0.03626115215 0.8230685438 0.1)
(0.04287101351 0.8230685438 0.1)
(0.04965411485 0.8230685438 0.1)
(0.05661499667 0.8230685438 0.1)
(0.06375831848 0.8230685438 0.1)
(0.0710888619 0.8230685438 0.1)
(0.07861153389 0.8230685438 0.1)
(0.08633137 0.8230685438 0.1)
(0.09425353778 0.8230685438 0.1)
(0.1023833402 0.8230685438 0.1)
(0.1107262192 0.8230685438 0.1)
(0.1192877594 0.8230685438 0.1)
(0.1280736918 0.8230685438 0.1)
(0.1370898975 0.8230685438 0.1)
(0.1463424118 0.8230685438 0.1)
(0.1558374283 0.8230685438 0.1)
(0.1655813027 0.8230685438 0.1)
(0.1755805574 0.8230685438 0.1)
(0.1858418858 0.8230685438 0.1)
(0.1963721566 0.8230685438 0.1)
(0.2071784187 0.8230685438 0.1)
(0.2182679056 0.8230685438 0.1)
(0.2296480404 0.8230685438 0.1)
(0.2413264408 0.8230685438 0.1)
(0.2533109242 0.8230685438 0.1)
(0.2656095127 0.8230685438 0.1)
(0.2782304389 0.8230685438 0.1)
(0.291182151 0.8230685438 0.1)
(0.3044733187 0.8230685438 0.1)
(0.3181128388 0.8230685438 0.1)
(0.3321098415 0.8230685438 0.1)
(0.3464736962 0.8230685438 0.1)
(0.3612140177 0.8230685438 0.1)
(0.3763406731 0.8230685438 0.1)
(0.3918637878 0.8230685438 0.1)
(0.4077937529 0.8230685438 0.1)
(0.4241412315 0.8230685438 0.1)
(0.4409171664 0.8230685438 0.1)
(0.4581327871 0.8230685438 0.1)
(0.4757996177 0.8230685438 0.1)
(0.4939294838 0.8230685438 0.1)
(0.5125345214 0.8230685438 0.1)
(0.5316271845 0.8230685438 0.1)
(0.5512202532 0.8230685438 0.1)
(0.571326843 0.8230685438 0.1)
(0.5919604129 0.8230685438 0.1)
(0.6131347746 0.8230685438 0.1)
(0.634864102 0.8230685438 0.1)
(0.6571629403 0.8230685438 0.1)
(0.680046216 0.8230685438 0.1)
(0.7035292468 0.8230685438 0.1)
(0.7276277519 0.8230685438 0.1)
(0.7523578625 0.8230685438 0.1)
(0.7777361325 0.8230685438 0.1)
(0.8037795497 0.8230685438 0.1)
(0.8305055472 0.8230685438 0.1)
(0.857932015 0.8230685438 0.1)
(0.8860773118 0.8230685438 0.1)
(0.9149602778 0.8230685438 0.1)
(0.9446002467 0.8230685438 0.1)
(0.9750170591 0.8230685438 0.1)
(1.006231075 0.8230685438 0.1)
(1.03826319 0.8230685438 0.1)
(1.071134845 0.8230685438 0.1)
(1.104868043 0.8230685438 0.1)
(1.139485365 0.8230685438 0.1)
(1.175009984 0.8230685438 0.1)
(1.21146568 0.8230685438 0.1)
(1.248876854 0.8230685438 0.1)
(1.287268549 0.8230685438 0.1)
(1.326666465 0.8230685438 0.1)
(1.367096974 0.8230685438 0.1)
(1.408587139 0.8230685438 0.1)
(1.451164732 0.8230685438 0.1)
(1.494858256 0.8230685438 0.1)
(1.539696957 0.8230685438 0.1)
(1.58571085 0.8230685438 0.1)
(1.632930737 0.8230685438 0.1)
(1.681388224 0.8230685438 0.1)
(1.731115749 0.8230685438 0.1)
(1.782146599 0.8230685438 0.1)
(1.834514932 0.8230685438 0.1)
(1.888255804 0.8230685438 0.1)
(1.943405188 0.8230685438 0.1)
(2 0.8230685438 0.1)
(0.005659481181 0.853774504 0.1)
(0.01146729352 0.853774504 0.1)
(0.01742732468 0.853774504 0.1)
(0.02354356421 0.853774504 0.1)
(0.02982010622 0.853774504 0.1)
(0.03626115215 0.853774504 0.1)
(0.04287101351 0.853774504 0.1)
(0.04965411485 0.853774504 0.1)
(0.05661499667 0.853774504 0.1)
(0.06375831848 0.853774504 0.1)
(0.0710888619 0.853774504 0.1)
(0.07861153389 0.853774504 0.1)
(0.08633137 0.853774504 0.1)
(0.09425353778 0.853774504 0.1)
(0.1023833402 0.853774504 0.1)
(0.1107262192 0.853774504 0.1)
(0.1192877594 0.853774504 0.1)
(0.1280736918 0.853774504 0.1)
(0.1370898975 0.853774504 0.1)
(0.1463424118 0.853774504 0.1)
(0.1558374283 0.853774504 0.1)
(0.1655813027 0.853774504 0.1)
(0.1755805574 0.853774504 0.1)
(0.1858418858 0.853774504 0.1)
(0.1963721566 0.853774504 0.1)
(0.2071784187 0.853774504 0.1)
(0.2182679056 0.853774504 0.1)
(0.2296480404 0.853774504 0.1)
(0.2413264408 0.853774504 0.1)
(0.2533109242 0.853774504 0.1)
(0.2656095127 0.853774504 0.1)
(0.2782304389 0.853774504 0.1)
(0.291182151 0.853774504 0.1)
(0.3044733187 0.853774504 0.1)
(0.3181128388 0.853774504 0.1)
(0.3321098415 0.853774504 0.1)
(0.3464736962 0.853774504 0.1)
(0.3612140177 0.853774504 0.1)
(0.3763406731 0.853774504 0.1)
(0.3918637878 0.853774504 0.1)
(0.4077937529 0.853774504 0.1)
(0.4241412315 0.853774504 0.1)
(0.4409171664 0.853774504 0.1)
(0.4581327871 0.853774504 0.1)
(0.4757996177 0.853774504 0.1)
(0.4939294838 0.853774504 0.1)
(0.5125345214 0.853774504 0.1)
(0.5316271845 0.853774504 0.1)
(0.5512202532 0.853774504 0.1)
(0.571326843 0.853774504 0.1)
(0.5919604129 0.853774504 0.1)
(0.6131347746 0.853774504 0.1)
(0.634864102 0.853774504 0.1)
(0.6571629403 0.853774504 0.1)
(0.680046216 0.853774504 0.1)
(0.7035292468 0.853774504 0.1)
(0.7276277519 0.853774504 0.1)
(0.7523578625 0.853774504 0.1)
(0.7777361325 0.853774504 0.1)
(0.8037795497 0.853774504 0.1)
(0.8305055472 0.853774504 0.1)
(0.857932015 0.853774504 0.1)
(0.8860773118 0.853774504 0.1)
(0.9149602778 0.853774504 0.1)
(0.9446002467 0.853774504 0.1)
(0.9750170591 0.853774504 0.1)
(1.006231075 0.853774504 0.1)
(1.03826319 0.853774504 0.1)
(1.071134845 0.853774504 0.1)
(1.104868043 0.853774504 0.1)
(1.139485365 0.853774504 0.1)
(1.175009984 0.853774504 0.1)
(1.21146568 0.853774504 0.1)
(1.248876854 0.853774504 0.1)
(1.287268549 0.853774504 0.1)
(1.326666465 0.853774504 0.1)
(1.367096974 0.853774504 0.1)
(1.408587139 0.853774504 0.1)
(1.451164732 0.853774504 0.1)
(1.494858256 0.853774504 0.1)
(1.539696957 0.853774504 0.1)
(1.58571085 0.853774504 0.1)
(1.632930737 0.853774504 0.1)
(1.681388224 0.853774504 0.1)
(1.731115749 0.853774504 0.1)
(1.782146599 0.853774504 0.1)
(1.834514932 0.853774504 0.1)
(1.888255804 0.853774504 0.1)
(1.943405188 0.853774504 0.1)
(2 0.853774504 0.1)
(0.005659481181 0.8853886105 0.1)
(0.01146729352 0.8853886105 0.1)
(0.01742732468 0.8853886105 0.1)
(0.02354356421 0.8853886105 0.1)
(0.02982010622 0.8853886105 0.1)
(0.03626115215 0.8853886105 0.1)
(0.04287101351 0.8853886105 0.1)
(0.04965411485 0.8853886105 0.1)
(0.05661499667 0.8853886105 0.1)
(0.06375831848 0.8853886105 0.1)
(0.0710888619 0.8853886105 0.1)
(0.07861153389 0.8853886105 0.1)
(0.08633137 0.8853886105 0.1)
(0.09425353778 0.8853886105 0.1)
(0.1023833402 0.8853886105 0.1)
(0.1107262192 0.8853886105 0.1)
(0.1192877594 0.8853886105 0.1)
(0.1280736918 0.8853886105 0.1)
(0.1370898975 0.8853886105 0.1)
(0.1463424118 0.8853886105 0.1)
(0.1558374283 0.8853886105 0.1)
(0.1655813027 0.8853886105 0.1)
(0.1755805574 0.8853886105 0.1)
(0.1858418858 0.8853886105 0.1)
(0.1963721566 0.8853886105 0.1)
(0.2071784187 0.8853886105 0.1)
(0.2182679056 0.8853886105 0.1)
(0.2296480404 0.8853886105 0.1)
(0.2413264408 0.8853886105 0.1)
(0.2533109242 0.8853886105 0.1)
(0.2656095127 0.8853886105 0.1)
(0.2782304389 0.8853886105 0.1)
(0.291182151 0.8853886105 0.1)
(0.3044733187 0.8853886105 0.1)
(0.3181128388 0.8853886105 0.1)
(0.3321098415 0.8853886105 0.1)
(0.3464736962 0.8853886105 0.1)
(0.3612140177 0.8853886105 0.1)
(0.3763406731 0.8853886105 0.1)
(0.3918637878 0.8853886105 0.1)
(0.4077937529 0.8853886105 0.1)
(0.4241412315 0.8853886105 0.1)
(0.4409171664 0.8853886105 0.1)
(0.4581327871 0.8853886105 0.1)
(0.4757996177 0.8853886105 0.1)
(0.4939294838 0.8853886105 0.1)
(0.5125345214 0.8853886105 0.1)
(0.5316271845 0.8853886105 0.1)
(0.5512202532 0.8853886105 0.1)
(0.571326843 0.8853886105 0.1)
(0.5919604129 0.8853886105 0.1)
(0.6131347746 0.8853886105 0.1)
(0.634864102 0.8853886105 0.1)
(0.6571629403 0.8853886105 0.1)
(0.680046216 0.8853886105 0.1)
(0.7035292468 0.8853886105 0.1)
(0.7276277519 0.8853886105 0.1)
(0.7523578625 0.8853886105 0.1)
(0.7777361325 0.8853886105 0.1)
(0.8037795497 0.8853886105 0.1)
(0.8305055472 0.8853886105 0.1)
(0.857932015 0.8853886105 0.1)
(0.8860773118 0.8853886105 0.1)
(0.9149602778 0.8853886105 0.1)
(0.9446002467 0.8853886105 0.1)
(0.9750170591 0.8853886105 0.1)
(1.006231075 0.8853886105 0.1)
(1.03826319 0.8853886105 0.1)
(1.071134845 0.8853886105 0.1)
(1.104868043 0.8853886105 0.1)
(1.139485365 0.8853886105 0.1)
(1.175009984 0.8853886105 0.1)
(1.21146568 0.8853886105 0.1)
(1.248876854 0.8853886105 0.1)
(1.287268549 0.8853886105 0.1)
(1.326666465 0.8853886105 0.1)
(1.367096974 0.8853886105 0.1)
(1.408587139 0.8853886105 0.1)
(1.451164732 0.8853886105 0.1)
(1.494858256 0.8853886105 0.1)
(1.539696957 0.8853886105 0.1)
(1.58571085 0.8853886105 0.1)
(1.632930737 0.8853886105 0.1)
(1.681388224 0.8853886105 0.1)
(1.731115749 0.8853886105 0.1)
(1.782146599 0.8853886105 0.1)
(1.834514932 0.8853886105 0.1)
(1.888255804 0.8853886105 0.1)
(1.943405188 0.8853886105 0.1)
(2 0.8853886105 0.1)
(0.005659481181 0.917937722 0.1)
(0.01146729352 0.917937722 0.1)
(0.01742732468 0.917937722 0.1)
(0.02354356421 0.917937722 0.1)
(0.02982010622 0.917937722 0.1)
(0.03626115215 0.917937722 0.1)
(0.04287101351 0.917937722 0.1)
(0.04965411485 0.917937722 0.1)
(0.05661499667 0.917937722 0.1)
(0.06375831848 0.917937722 0.1)
(0.0710888619 0.917937722 0.1)
(0.07861153389 0.917937722 0.1)
(0.08633137 0.917937722 0.1)
(0.09425353778 0.917937722 0.1)
(0.1023833402 0.917937722 0.1)
(0.1107262192 0.917937722 0.1)
(0.1192877594 0.917937722 0.1)
(0.1280736918 0.917937722 0.1)
(0.1370898975 0.917937722 0.1)
(0.1463424118 0.917937722 0.1)
(0.1558374283 0.917937722 0.1)
(0.1655813027 0.917937722 0.1)
(0.1755805574 0.917937722 0.1)
(0.1858418858 0.917937722 0.1)
(0.1963721566 0.917937722 0.1)
(0.2071784187 0.917937722 0.1)
(0.2182679056 0.917937722 0.1)
(0.2296480404 0.917937722 0.1)
(0.2413264408 0.917937722 0.1)
(0.2533109242 0.917937722 0.1)
(0.2656095127 0.917937722 0.1)
(0.2782304389 0.917937722 0.1)
(0.291182151 0.917937722 0.1)
(0.3044733187 0.917937722 0.1)
(0.3181128388 0.917937722 0.1)
(0.3321098415 0.917937722 0.1)
(0.3464736962 0.917937722 0.1)
(0.3612140177 0.917937722 0.1)
(0.3763406731 0.917937722 0.1)
(0.3918637878 0.917937722 0.1)
(0.4077937529 0.917937722 0.1)
(0.4241412315 0.917937722 0.1)
(0.4409171664 0.917937722 0.1)
(0.4581327871 0.917937722 0.1)
(0.4757996177 0.917937722 0.1)
(0.4939294838 0.917937722 0.1)
(0.5125345214 0.917937722 0.1)
(0.5316271845 0.917937722 0.1)
(0.5512202532 0.917937722 0.1)
(0.571326843 0.917937722 0.1)
(0.5919604129 0.917937722 0.1)
(0.6131347746 0.917937722 0.1)
(0.634864102 0.917937722 0.1)
(0.6571629403 0.917937722 0.1)
(0.680046216 0.917937722 0.1)
(0.7035292468 0.917937722 0.1)
(0.7276277519 0.917937722 0.1)
(0.7523578625 0.917937722 0.1)
(0.7777361325 0.917937722 0.1)
(0.8037795497 0.917937722 0.1)
(0.8305055472 0.917937722 0.1)
(0.857932015 0.917937722 0.1)
(0.8860773118 0.917937722 0.1)
(0.9149602778 0.917937722 0.1)
(0.9446002467 0.917937722 0.1)
(0.9750170591 0.917937722 0.1)
(1.006231075 0.917937722 0.1)
(1.03826319 0.917937722 0.1)
(1.071134845 0.917937722 0.1)
(1.104868043 0.917937722 0.1)
(1.139485365 0.917937722 0.1)
(1.175009984 0.917937722 0.1)
(1.21146568 0.917937722 0.1)
(1.248876854 0.917937722 0.1)
(1.287268549 0.917937722 0.1)
(1.326666465 0.917937722 0.1)
(1.367096974 0.917937722 0.1)
(1.408587139 0.917937722 0.1)
(1.451164732 0.917937722 0.1)
(1.494858256 0.917937722 0.1)
(1.539696957 0.917937722 0.1)
(1.58571085 0.917937722 0.1)
(1.632930737 0.917937722 0.1)
(1.681388224 0.917937722 0.1)
(1.731115749 0.917937722 0.1)
(1.782146599 0.917937722 0.1)
(1.834514932 0.917937722 0.1)
(1.888255804 0.917937722 0.1)
(1.943405188 0.917937722 0.1)
(2 0.917937722 0.1)
(0.005659481181 0.951449492 0.1)
(0.01146729352 0.951449492 0.1)
(0.01742732468 0.951449492 0.1)
(0.02354356421 0.951449492 0.1)
(0.02982010622 0.951449492 0.1)
(0.03626115215 0.951449492 0.1)
(0.04287101351 0.951449492 0.1)
(0.04965411485 0.951449492 0.1)
(0.05661499667 0.951449492 0.1)
(0.06375831848 0.951449492 0.1)
(0.0710888619 0.951449492 0.1)
(0.07861153389 0.951449492 0.1)
(0.08633137 0.951449492 0.1)
(0.09425353778 0.951449492 0.1)
(0.1023833402 0.951449492 0.1)
(0.1107262192 0.951449492 0.1)
(0.1192877594 0.951449492 0.1)
(0.1280736918 0.951449492 0.1)
(0.1370898975 0.951449492 0.1)
(0.1463424118 0.951449492 0.1)
(0.1558374283 0.951449492 0.1)
(0.1655813027 0.951449492 0.1)
(0.1755805574 0.951449492 0.1)
(0.1858418858 0.951449492 0.1)
(0.1963721566 0.951449492 0.1)
(0.2071784187 0.951449492 0.1)
(0.2182679056 0.951449492 0.1)
(0.2296480404 0.951449492 0.1)
(0.2413264408 0.951449492 0.1)
(0.2533109242 0.951449492 0.1)
(0.2656095127 0.951449492 0.1)
(0.2782304389 0.951449492 0.1)
(0.291182151 0.951449492 0.1)
(0.3044733187 0.951449492 0.1)
(0.3181128388 0.951449492 0.1)
(0.3321098415 0.951449492 0.1)
(0.3464736962 0.951449492 0.1)
(0.3612140177 0.951449492 0.1)
(0.3763406731 0.951449492 0.1)
(0.3918637878 0.951449492 0.1)
(0.4077937529 0.951449492 0.1)
(0.4241412315 0.951449492 0.1)
(0.4409171664 0.951449492 0.1)
(0.4581327871 0.951449492 0.1)
(0.4757996177 0.951449492 0.1)
(0.4939294838 0.951449492 0.1)
(0.5125345214 0.951449492 0.1)
(0.5316271845 0.951449492 0.1)
(0.5512202532 0.951449492 0.1)
(0.571326843 0.951449492 0.1)
(0.5919604129 0.951449492 0.1)
(0.6131347746 0.951449492 0.1)
(0.634864102 0.951449492 0.1)
(0.6571629403 0.951449492 0.1)
(0.680046216 0.951449492 0.1)
(0.7035292468 0.951449492 0.1)
(0.7276277519 0.951449492 0.1)
(0.7523578625 0.951449492 0.1)
(0.7777361325 0.951449492 0.1)
(0.8037795497 0.951449492 0.1)
(0.8305055472 0.951449492 0.1)
(0.857932015 0.951449492 0.1)
(0.8860773118 0.951449492 0.1)
(0.9149602778 0.951449492 0.1)
(0.9446002467 0.951449492 0.1)
(0.9750170591 0.951449492 0.1)
(1.006231075 0.951449492 0.1)
(1.03826319 0.951449492 0.1)
(1.071134845 0.951449492 0.1)
(1.104868043 0.951449492 0.1)
(1.139485365 0.951449492 0.1)
(1.175009984 0.951449492 0.1)
(1.21146568 0.951449492 0.1)
(1.248876854 0.951449492 0.1)
(1.287268549 0.951449492 0.1)
(1.326666465 0.951449492 0.1)
(1.367096974 0.951449492 0.1)
(1.408587139 0.951449492 0.1)
(1.451164732 0.951449492 0.1)
(1.494858256 0.951449492 0.1)
(1.539696957 0.951449492 0.1)
(1.58571085 0.951449492 0.1)
(1.632930737 0.951449492 0.1)
(1.681388224 0.951449492 0.1)
(1.731115749 0.951449492 0.1)
(1.782146599 0.951449492 0.1)
(1.834514932 0.951449492 0.1)
(1.888255804 0.951449492 0.1)
(1.943405188 0.951449492 0.1)
(2 0.951449492 0.1)
(0.005659481181 0.9859523916 0.1)
(0.01146729352 0.9859523916 0.1)
(0.01742732468 0.9859523916 0.1)
(0.02354356421 0.9859523916 0.1)
(0.02982010622 0.9859523916 0.1)
(0.03626115215 0.9859523916 0.1)
(0.04287101351 0.9859523916 0.1)
(0.04965411485 0.9859523916 0.1)
(0.05661499667 0.9859523916 0.1)
(0.06375831848 0.9859523916 0.1)
(0.0710888619 0.9859523916 0.1)
(0.07861153389 0.9859523916 0.1)
(0.08633137 0.9859523916 0.1)
(0.09425353778 0.9859523916 0.1)
(0.1023833402 0.9859523916 0.1)
(0.1107262192 0.9859523916 0.1)
(0.1192877594 0.9859523916 0.1)
(0.1280736918 0.9859523916 0.1)
(0.1370898975 0.9859523916 0.1)
(0.1463424118 0.9859523916 0.1)
(0.1558374283 0.9859523916 0.1)
(0.1655813027 0.9859523916 0.1)
(0.1755805574 0.9859523916 0.1)
(0.1858418858 0.9859523916 0.1)
(0.1963721566 0.9859523916 0.1)
(0.2071784187 0.9859523916 0.1)
(0.2182679056 0.9859523916 0.1)
(0.2296480404 0.9859523916 0.1)
(0.2413264408 0.9859523916 0.1)
(0.2533109242 0.9859523916 0.1)
(0.2656095127 0.9859523916 0.1)
(0.2782304389 0.9859523916 0.1)
(0.291182151 0.9859523916 0.1)
(0.3044733187 0.9859523916 0.1)
(0.3181128388 0.9859523916 0.1)
(0.3321098415 0.9859523916 0.1)
(0.3464736962 0.9859523916 0.1)
(0.3612140177 0.9859523916 0.1)
(0.3763406731 0.9859523916 0.1)
(0.3918637878 0.9859523916 0.1)
(0.4077937529 0.9859523916 0.1)
(0.4241412315 0.9859523916 0.1)
(0.4409171664 0.9859523916 0.1)
(0.4581327871 0.9859523916 0.1)
(0.4757996177 0.9859523916 0.1)
(0.4939294838 0.9859523916 0.1)
(0.5125345214 0.9859523916 0.1)
(0.5316271845 0.9859523916 0.1)
(0.5512202532 0.9859523916 0.1)
(0.571326843 0.9859523916 0.1)
(0.5919604129 0.9859523916 0.1)
(0.6131347746 0.9859523916 0.1)
(0.634864102 0.9859523916 0.1)
(0.6571629403 0.9859523916 0.1)
(0.680046216 0.9859523916 0.1)
(0.7035292468 0.9859523916 0.1)
(0.7276277519 0.9859523916 0.1)
(0.7523578625 0.9859523916 0.1)
(0.7777361325 0.9859523916 0.1)
(0.8037795497 0.9859523916 0.1)
(0.8305055472 0.9859523916 0.1)
(0.857932015 0.9859523916 0.1)
(0.8860773118 0.9859523916 0.1)
(0.9149602778 0.9859523916 0.1)
(0.9446002467 0.9859523916 0.1)
(0.9750170591 0.9859523916 0.1)
(1.006231075 0.9859523916 0.1)
(1.03826319 0.9859523916 0.1)
(1.071134845 0.9859523916 0.1)
(1.104868043 0.9859523916 0.1)
(1.139485365 0.9859523916 0.1)
(1.175009984 0.9859523916 0.1)
(1.21146568 0.9859523916 0.1)
(1.248876854 0.9859523916 0.1)
(1.287268549 0.9859523916 0.1)
(1.326666465 0.9859523916 0.1)
(1.367096974 0.9859523916 0.1)
(1.408587139 0.9859523916 0.1)
(1.451164732 0.9859523916 0.1)
(1.494858256 0.9859523916 0.1)
(1.539696957 0.9859523916 0.1)
(1.58571085 0.9859523916 0.1)
(1.632930737 0.9859523916 0.1)
(1.681388224 0.9859523916 0.1)
(1.731115749 0.9859523916 0.1)
(1.782146599 0.9859523916 0.1)
(1.834514932 0.9859523916 0.1)
(1.888255804 0.9859523916 0.1)
(1.943405188 0.9859523916 0.1)
(2 0.9859523916 0.1)
(0.005659481181 1.021475734 0.1)
(0.01146729352 1.021475734 0.1)
(0.01742732468 1.021475734 0.1)
(0.02354356421 1.021475734 0.1)
(0.02982010622 1.021475734 0.1)
(0.03626115215 1.021475734 0.1)
(0.04287101351 1.021475734 0.1)
(0.04965411485 1.021475734 0.1)
(0.05661499667 1.021475734 0.1)
(0.06375831848 1.021475734 0.1)
(0.0710888619 1.021475734 0.1)
(0.07861153389 1.021475734 0.1)
(0.08633137 1.021475734 0.1)
(0.09425353778 1.021475734 0.1)
(0.1023833402 1.021475734 0.1)
(0.1107262192 1.021475734 0.1)
(0.1192877594 1.021475734 0.1)
(0.1280736918 1.021475734 0.1)
(0.1370898975 1.021475734 0.1)
(0.1463424118 1.021475734 0.1)
(0.1558374283 1.021475734 0.1)
(0.1655813027 1.021475734 0.1)
(0.1755805574 1.021475734 0.1)
(0.1858418858 1.021475734 0.1)
(0.1963721566 1.021475734 0.1)
(0.2071784187 1.021475734 0.1)
(0.2182679056 1.021475734 0.1)
(0.2296480404 1.021475734 0.1)
(0.2413264408 1.021475734 0.1)
(0.2533109242 1.021475734 0.1)
(0.2656095127 1.021475734 0.1)
(0.2782304389 1.021475734 0.1)
(0.291182151 1.021475734 0.1)
(0.3044733187 1.021475734 0.1)
(0.3181128388 1.021475734 0.1)
(0.3321098415 1.021475734 0.1)
(0.3464736962 1.021475734 0.1)
(0.3612140177 1.021475734 0.1)
(0.3763406731 1.021475734 0.1)
(0.3918637878 1.021475734 0.1)
(0.4077937529 1.021475734 0.1)
(0.4241412315 1.021475734 0.1)
(0.4409171664 1.021475734 0.1)
(0.4581327871 1.021475734 0.1)
(0.4757996177 1.021475734 0.1)
(0.4939294838 1.021475734 0.1)
(0.5125345214 1.021475734 0.1)
(0.5316271845 1.021475734 0.1)
(0.5512202532 1.021475734 0.1)
(0.571326843 1.021475734 0.1)
(0.5919604129 1.021475734 0.1)
(0.6131347746 1.021475734 0.1)
(0.634864102 1.021475734 0.1)
(0.6571629403 1.021475734 0.1)
(0.680046216 1.021475734 0.1)
(0.7035292468 1.021475734 0.1)
(0.7276277519 1.021475734 0.1)
(0.7523578625 1.021475734 0.1)
(0.7777361325 1.021475734 0.1)
(0.8037795497 1.021475734 0.1)
(0.8305055472 1.021475734 0.1)
(0.857932015 1.021475734 0.1)
(0.8860773118 1.021475734 0.1)
(0.9149602778 1.021475734 0.1)
(0.9446002467 1.021475734 0.1)
(0.9750170591 1.021475734 0.1)
(1.006231075 1.021475734 0.1)
(1.03826319 1.021475734 0.1)
(1.071134845 1.021475734 0.1)
(1.104868043 1.021475734 0.1)
(1.139485365 1.021475734 0.1)
(1.175009984 1.021475734 0.1)
(1.21146568 1.021475734 0.1)
(1.248876854 1.021475734 0.1)
(1.287268549 1.021475734 0.1)
(1.326666465 1.021475734 0.1)
(1.367096974 1.021475734 0.1)
(1.408587139 1.021475734 0.1)
(1.451164732 1.021475734 0.1)
(1.494858256 1.021475734 0.1)
(1.539696957 1.021475734 0.1)
(1.58571085 1.021475734 0.1)
(1.632930737 1.021475734 0.1)
(1.681388224 1.021475734 0.1)
(1.731115749 1.021475734 0.1)
(1.782146599 1.021475734 0.1)
(1.834514932 1.021475734 0.1)
(1.888255804 1.021475734 0.1)
(1.943405188 1.021475734 0.1)
(2 1.021475734 0.1)
(0.005659481181 1.058049699 0.1)
(0.01146729352 1.058049699 0.1)
(0.01742732468 1.058049699 0.1)
(0.02354356421 1.058049699 0.1)
(0.02982010622 1.058049699 0.1)
(0.03626115215 1.058049699 0.1)
(0.04287101351 1.058049699 0.1)
(0.04965411485 1.058049699 0.1)
(0.05661499667 1.058049699 0.1)
(0.06375831848 1.058049699 0.1)
(0.0710888619 1.058049699 0.1)
(0.07861153389 1.058049699 0.1)
(0.08633137 1.058049699 0.1)
(0.09425353778 1.058049699 0.1)
(0.1023833402 1.058049699 0.1)
(0.1107262192 1.058049699 0.1)
(0.1192877594 1.058049699 0.1)
(0.1280736918 1.058049699 0.1)
(0.1370898975 1.058049699 0.1)
(0.1463424118 1.058049699 0.1)
(0.1558374283 1.058049699 0.1)
(0.1655813027 1.058049699 0.1)
(0.1755805574 1.058049699 0.1)
(0.1858418858 1.058049699 0.1)
(0.1963721566 1.058049699 0.1)
(0.2071784187 1.058049699 0.1)
(0.2182679056 1.058049699 0.1)
(0.2296480404 1.058049699 0.1)
(0.2413264408 1.058049699 0.1)
(0.2533109242 1.058049699 0.1)
(0.2656095127 1.058049699 0.1)
(0.2782304389 1.058049699 0.1)
(0.291182151 1.058049699 0.1)
(0.3044733187 1.058049699 0.1)
(0.3181128388 1.058049699 0.1)
(0.3321098415 1.058049699 0.1)
(0.3464736962 1.058049699 0.1)
(0.3612140177 1.058049699 0.1)
(0.3763406731 1.058049699 0.1)
(0.3918637878 1.058049699 0.1)
(0.4077937529 1.058049699 0.1)
(0.4241412315 1.058049699 0.1)
(0.4409171664 1.058049699 0.1)
(0.4581327871 1.058049699 0.1)
(0.4757996177 1.058049699 0.1)
(0.4939294838 1.058049699 0.1)
(0.5125345214 1.058049699 0.1)
(0.5316271845 1.058049699 0.1)
(0.5512202532 1.058049699 0.1)
(0.571326843 1.058049699 0.1)
(0.5919604129 1.058049699 0.1)
(0.6131347746 1.058049699 0.1)
(0.634864102 1.058049699 0.1)
(0.6571629403 1.058049699 0.1)
(0.680046216 1.058049699 0.1)
(0.7035292468 1.058049699 0.1)
(0.7276277519 1.058049699 0.1)
(0.7523578625 1.058049699 0.1)
(0.7777361325 1.058049699 0.1)
(0.8037795497 1.058049699 0.1)
(0.8305055472 1.058049699 0.1)
(0.857932015 1.058049699 0.1)
(0.8860773118 1.058049699 0.1)
(0.9149602778 1.058049699 0.1)
(0.9446002467 1.058049699 0.1)
(0.9750170591 1.058049699 0.1)
(1.006231075 1.058049699 0.1)
(1.03826319 1.058049699 0.1)
(1.071134845 1.058049699 0.1)
(1.104868043 1.058049699 0.1)
(1.139485365 1.058049699 0.1)
(1.175009984 1.058049699 0.1)
(1.21146568 1.058049699 0.1)
(1.248876854 1.058049699 0.1)
(1.287268549 1.058049699 0.1)
(1.326666465 1.058049699 0.1)
(1.367096974 1.058049699 0.1)
(1.408587139 1.058049699 0.1)
(1.451164732 1.058049699 0.1)
(1.494858256 1.058049699 0.1)
(1.539696957 1.058049699 0.1)
(1.58571085 1.058049699 0.1)
(1.632930737 1.058049699 0.1)
(1.681388224 1.058049699 0.1)
(1.731115749 1.058049699 0.1)
(1.782146599 1.058049699 0.1)
(1.834514932 1.058049699 0.1)
(1.888255804 1.058049699 0.1)
(1.943405188 1.058049699 0.1)
(2 1.058049699 0.1)
(0.005659481181 1.095705361 0.1)
(0.01146729352 1.095705361 0.1)
(0.01742732468 1.095705361 0.1)
(0.02354356421 1.095705361 0.1)
(0.02982010622 1.095705361 0.1)
(0.03626115215 1.095705361 0.1)
(0.04287101351 1.095705361 0.1)
(0.04965411485 1.095705361 0.1)
(0.05661499667 1.095705361 0.1)
(0.06375831848 1.095705361 0.1)
(0.0710888619 1.095705361 0.1)
(0.07861153389 1.095705361 0.1)
(0.08633137 1.095705361 0.1)
(0.09425353778 1.095705361 0.1)
(0.1023833402 1.095705361 0.1)
(0.1107262192 1.095705361 0.1)
(0.1192877594 1.095705361 0.1)
(0.1280736918 1.095705361 0.1)
(0.1370898975 1.095705361 0.1)
(0.1463424118 1.095705361 0.1)
(0.1558374283 1.095705361 0.1)
(0.1655813027 1.095705361 0.1)
(0.1755805574 1.095705361 0.1)
(0.1858418858 1.095705361 0.1)
(0.1963721566 1.095705361 0.1)
(0.2071784187 1.095705361 0.1)
(0.2182679056 1.095705361 0.1)
(0.2296480404 1.095705361 0.1)
(0.2413264408 1.095705361 0.1)
(0.2533109242 1.095705361 0.1)
(0.2656095127 1.095705361 0.1)
(0.2782304389 1.095705361 0.1)
(0.291182151 1.095705361 0.1)
(0.3044733187 1.095705361 0.1)
(0.3181128388 1.095705361 0.1)
(0.3321098415 1.095705361 0.1)
(0.3464736962 1.095705361 0.1)
(0.3612140177 1.095705361 0.1)
(0.3763406731 1.095705361 0.1)
(0.3918637878 1.095705361 0.1)
(0.4077937529 1.095705361 0.1)
(0.4241412315 1.095705361 0.1)
(0.4409171664 1.095705361 0.1)
(0.4581327871 1.095705361 0.1)
(0.4757996177 1.095705361 0.1)
(0.4939294838 1.095705361 0.1)
(0.5125345214 1.095705361 0.1)
(0.5316271845 1.095705361 0.1)
(0.5512202532 1.095705361 0.1)
(0.571326843 1.095705361 0.1)
(0.5919604129 1.095705361 0.1)
(0.6131347746 1.095705361 0.1)
(0.634864102 1.095705361 0.1)
(0.6571629403 1.095705361 0.1)
(0.680046216 1.095705361 0.1)
(0.7035292468 1.095705361 0.1)
(0.7276277519 1.095705361 0.1)
(0.7523578625 1.095705361 0.1)
(0.7777361325 1.095705361 0.1)
(0.8037795497 1.095705361 0.1)
(0.8305055472 1.095705361 0.1)
(0.857932015 1.095705361 0.1)
(0.8860773118 1.095705361 0.1)
(0.9149602778 1.095705361 0.1)
(0.9446002467 1.095705361 0.1)
(0.9750170591 1.095705361 0.1)
(1.006231075 1.095705361 0.1)
(1.03826319 1.095705361 0.1)
(1.071134845 1.095705361 0.1)
(1.104868043 1.095705361 0.1)
(1.139485365 1.095705361 0.1)
(1.175009984 1.095705361 0.1)
(1.21146568 1.095705361 0.1)
(1.248876854 1.095705361 0.1)
(1.287268549 1.095705361 0.1)
(1.326666465 1.095705361 0.1)
(1.367096974 1.095705361 0.1)
(1.408587139 1.095705361 0.1)
(1.451164732 1.095705361 0.1)
(1.494858256 1.095705361 0.1)
(1.539696957 1.095705361 0.1)
(1.58571085 1.095705361 0.1)
(1.632930737 1.095705361 0.1)
(1.681388224 1.095705361 0.1)
(1.731115749 1.095705361 0.1)
(1.782146599 1.095705361 0.1)
(1.834514932 1.095705361 0.1)
(1.888255804 1.095705361 0.1)
(1.943405188 1.095705361 0.1)
(2 1.095705361 0.1)
(0.005659481181 1.134474709 0.1)
(0.01146729352 1.134474709 0.1)
(0.01742732468 1.134474709 0.1)
(0.02354356421 1.134474709 0.1)
(0.02982010622 1.134474709 0.1)
(0.03626115215 1.134474709 0.1)
(0.04287101351 1.134474709 0.1)
(0.04965411485 1.134474709 0.1)
(0.05661499667 1.134474709 0.1)
(0.06375831848 1.134474709 0.1)
(0.0710888619 1.134474709 0.1)
(0.07861153389 1.134474709 0.1)
(0.08633137 1.134474709 0.1)
(0.09425353778 1.134474709 0.1)
(0.1023833402 1.134474709 0.1)
(0.1107262192 1.134474709 0.1)
(0.1192877594 1.134474709 0.1)
(0.1280736918 1.134474709 0.1)
(0.1370898975 1.134474709 0.1)
(0.1463424118 1.134474709 0.1)
(0.1558374283 1.134474709 0.1)
(0.1655813027 1.134474709 0.1)
(0.1755805574 1.134474709 0.1)
(0.1858418858 1.134474709 0.1)
(0.1963721566 1.134474709 0.1)
(0.2071784187 1.134474709 0.1)
(0.2182679056 1.134474709 0.1)
(0.2296480404 1.134474709 0.1)
(0.2413264408 1.134474709 0.1)
(0.2533109242 1.134474709 0.1)
(0.2656095127 1.134474709 0.1)
(0.2782304389 1.134474709 0.1)
(0.291182151 1.134474709 0.1)
(0.3044733187 1.134474709 0.1)
(0.3181128388 1.134474709 0.1)
(0.3321098415 1.134474709 0.1)
(0.3464736962 1.134474709 0.1)
(0.3612140177 1.134474709 0.1)
(0.3763406731 1.134474709 0.1)
(0.3918637878 1.134474709 0.1)
(0.4077937529 1.134474709 0.1)
(0.4241412315 1.134474709 0.1)
(0.4409171664 1.134474709 0.1)
(0.4581327871 1.134474709 0.1)
(0.4757996177 1.134474709 0.1)
(0.4939294838 1.134474709 0.1)
(0.5125345214 1.134474709 0.1)
(0.5316271845 1.134474709 0.1)
(0.5512202532 1.134474709 0.1)
(0.571326843 1.134474709 0.1)
(0.5919604129 1.134474709 0.1)
(0.6131347746 1.134474709 0.1)
(0.634864102 1.134474709 0.1)
(0.6571629403 1.134474709 0.1)
(0.680046216 1.134474709 0.1)
(0.7035292468 1.134474709 0.1)
(0.7276277519 1.134474709 0.1)
(0.7523578625 1.134474709 0.1)
(0.7777361325 1.134474709 0.1)
(0.8037795497 1.134474709 0.1)
(0.8305055472 1.134474709 0.1)
(0.857932015 1.134474709 0.1)
(0.8860773118 1.134474709 0.1)
(0.9149602778 1.134474709 0.1)
(0.9446002467 1.134474709 0.1)
(0.9750170591 1.134474709 0.1)
(1.006231075 1.134474709 0.1)
(1.03826319 1.134474709 0.1)
(1.071134845 1.134474709 0.1)
(1.104868043 1.134474709 0.1)
(1.139485365 1.134474709 0.1)
(1.175009984 1.134474709 0.1)
(1.21146568 1.134474709 0.1)
(1.248876854 1.134474709 0.1)
(1.287268549 1.134474709 0.1)
(1.326666465 1.134474709 0.1)
(1.367096974 1.134474709 0.1)
(1.408587139 1.134474709 0.1)
(1.451164732 1.134474709 0.1)
(1.494858256 1.134474709 0.1)
(1.539696957 1.134474709 0.1)
(1.58571085 1.134474709 0.1)
(1.632930737 1.134474709 0.1)
(1.681388224 1.134474709 0.1)
(1.731115749 1.134474709 0.1)
(1.782146599 1.134474709 0.1)
(1.834514932 1.134474709 0.1)
(1.888255804 1.134474709 0.1)
(1.943405188 1.134474709 0.1)
(2 1.134474709 0.1)
(0.005659481181 1.174390684 0.1)
(0.01146729352 1.174390684 0.1)
(0.01742732468 1.174390684 0.1)
(0.02354356421 1.174390684 0.1)
(0.02982010622 1.174390684 0.1)
(0.03626115215 1.174390684 0.1)
(0.04287101351 1.174390684 0.1)
(0.04965411485 1.174390684 0.1)
(0.05661499667 1.174390684 0.1)
(0.06375831848 1.174390684 0.1)
(0.0710888619 1.174390684 0.1)
(0.07861153389 1.174390684 0.1)
(0.08633137 1.174390684 0.1)
(0.09425353778 1.174390684 0.1)
(0.1023833402 1.174390684 0.1)
(0.1107262192 1.174390684 0.1)
(0.1192877594 1.174390684 0.1)
(0.1280736918 1.174390684 0.1)
(0.1370898975 1.174390684 0.1)
(0.1463424118 1.174390684 0.1)
(0.1558374283 1.174390684 0.1)
(0.1655813027 1.174390684 0.1)
(0.1755805574 1.174390684 0.1)
(0.1858418858 1.174390684 0.1)
(0.1963721566 1.174390684 0.1)
(0.2071784187 1.174390684 0.1)
(0.2182679056 1.174390684 0.1)
(0.2296480404 1.174390684 0.1)
(0.2413264408 1.174390684 0.1)
(0.2533109242 1.174390684 0.1)
(0.2656095127 1.174390684 0.1)
(0.2782304389 1.174390684 0.1)
(0.291182151 1.174390684 0.1)
(0.3044733187 1.174390684 0.1)
(0.3181128388 1.174390684 0.1)
(0.3321098415 1.174390684 0.1)
(0.3464736962 1.174390684 0.1)
(0.3612140177 1.174390684 0.1)
(0.3763406731 1.174390684 0.1)
(0.3918637878 1.174390684 0.1)
(0.4077937529 1.174390684 0.1)
(0.4241412315 1.174390684 0.1)
(0.4409171664 1.174390684 0.1)
(0.4581327871 1.174390684 0.1)
(0.4757996177 1.174390684 0.1)
(0.4939294838 1.174390684 0.1)
(0.5125345214 1.174390684 0.1)
(0.5316271845 1.174390684 0.1)
(0.5512202532 1.174390684 0.1)
(0.571326843 1.174390684 0.1)
(0.5919604129 1.174390684 0.1)
(0.6131347746 1.174390684 0.1)
(0.634864102 1.174390684 0.1)
(0.6571629403 1.174390684 0.1)
(0.680046216 1.174390684 0.1)
(0.7035292468 1.174390684 0.1)
(0.7276277519 1.174390684 0.1)
(0.7523578625 1.174390684 0.1)
(0.7777361325 1.174390684 0.1)
(0.8037795497 1.174390684 0.1)
(0.8305055472 1.174390684 0.1)
(0.857932015 1.174390684 0.1)
(0.8860773118 1.174390684 0.1)
(0.9149602778 1.174390684 0.1)
(0.9446002467 1.174390684 0.1)
(0.9750170591 1.174390684 0.1)
(1.006231075 1.174390684 0.1)
(1.03826319 1.174390684 0.1)
(1.071134845 1.174390684 0.1)
(1.104868043 1.174390684 0.1)
(1.139485365 1.174390684 0.1)
(1.175009984 1.174390684 0.1)
(1.21146568 1.174390684 0.1)
(1.248876854 1.174390684 0.1)
(1.287268549 1.174390684 0.1)
(1.326666465 1.174390684 0.1)
(1.367096974 1.174390684 0.1)
(1.408587139 1.174390684 0.1)
(1.451164732 1.174390684 0.1)
(1.494858256 1.174390684 0.1)
(1.539696957 1.174390684 0.1)
(1.58571085 1.174390684 0.1)
(1.632930737 1.174390684 0.1)
(1.681388224 1.174390684 0.1)
(1.731115749 1.174390684 0.1)
(1.782146599 1.174390684 0.1)
(1.834514932 1.174390684 0.1)
(1.888255804 1.174390684 0.1)
(1.943405188 1.174390684 0.1)
(2 1.174390684 0.1)
(0.005659481181 1.215487196 0.1)
(0.01146729352 1.215487196 0.1)
(0.01742732468 1.215487196 0.1)
(0.02354356421 1.215487196 0.1)
(0.02982010622 1.215487196 0.1)
(0.03626115215 1.215487196 0.1)
(0.04287101351 1.215487196 0.1)
(0.04965411485 1.215487196 0.1)
(0.05661499667 1.215487196 0.1)
(0.06375831848 1.215487196 0.1)
(0.0710888619 1.215487196 0.1)
(0.07861153389 1.215487196 0.1)
(0.08633137 1.215487196 0.1)
(0.09425353778 1.215487196 0.1)
(0.1023833402 1.215487196 0.1)
(0.1107262192 1.215487196 0.1)
(0.1192877594 1.215487196 0.1)
(0.1280736918 1.215487196 0.1)
(0.1370898975 1.215487196 0.1)
(0.1463424118 1.215487196 0.1)
(0.1558374283 1.215487196 0.1)
(0.1655813027 1.215487196 0.1)
(0.1755805574 1.215487196 0.1)
(0.1858418858 1.215487196 0.1)
(0.1963721566 1.215487196 0.1)
(0.2071784187 1.215487196 0.1)
(0.2182679056 1.215487196 0.1)
(0.2296480404 1.215487196 0.1)
(0.2413264408 1.215487196 0.1)
(0.2533109242 1.215487196 0.1)
(0.2656095127 1.215487196 0.1)
(0.2782304389 1.215487196 0.1)
(0.291182151 1.215487196 0.1)
(0.3044733187 1.215487196 0.1)
(0.3181128388 1.215487196 0.1)
(0.3321098415 1.215487196 0.1)
(0.3464736962 1.215487196 0.1)
(0.3612140177 1.215487196 0.1)
(0.3763406731 1.215487196 0.1)
(0.3918637878 1.215487196 0.1)
(0.4077937529 1.215487196 0.1)
(0.4241412315 1.215487196 0.1)
(0.4409171664 1.215487196 0.1)
(0.4581327871 1.215487196 0.1)
(0.4757996177 1.215487196 0.1)
(0.4939294838 1.215487196 0.1)
(0.5125345214 1.215487196 0.1)
(0.5316271845 1.215487196 0.1)
(0.5512202532 1.215487196 0.1)
(0.571326843 1.215487196 0.1)
(0.5919604129 1.215487196 0.1)
(0.6131347746 1.215487196 0.1)
(0.634864102 1.215487196 0.1)
(0.6571629403 1.215487196 0.1)
(0.680046216 1.215487196 0.1)
(0.7035292468 1.215487196 0.1)
(0.7276277519 1.215487196 0.1)
(0.7523578625 1.215487196 0.1)
(0.7777361325 1.215487196 0.1)
(0.8037795497 1.215487196 0.1)
(0.8305055472 1.215487196 0.1)
(0.857932015 1.215487196 0.1)
(0.8860773118 1.215487196 0.1)
(0.9149602778 1.215487196 0.1)
(0.9446002467 1.215487196 0.1)
(0.9750170591 1.215487196 0.1)
(1.006231075 1.215487196 0.1)
(1.03826319 1.215487196 0.1)
(1.071134845 1.215487196 0.1)
(1.104868043 1.215487196 0.1)
(1.139485365 1.215487196 0.1)
(1.175009984 1.215487196 0.1)
(1.21146568 1.215487196 0.1)
(1.248876854 1.215487196 0.1)
(1.287268549 1.215487196 0.1)
(1.326666465 1.215487196 0.1)
(1.367096974 1.215487196 0.1)
(1.408587139 1.215487196 0.1)
(1.451164732 1.215487196 0.1)
(1.494858256 1.215487196 0.1)
(1.539696957 1.215487196 0.1)
(1.58571085 1.215487196 0.1)
(1.632930737 1.215487196 0.1)
(1.681388224 1.215487196 0.1)
(1.731115749 1.215487196 0.1)
(1.782146599 1.215487196 0.1)
(1.834514932 1.215487196 0.1)
(1.888255804 1.215487196 0.1)
(1.943405188 1.215487196 0.1)
(2 1.215487196 0.1)
(0.005659481181 1.25779916 0.1)
(0.01146729352 1.25779916 0.1)
(0.01742732468 1.25779916 0.1)
(0.02354356421 1.25779916 0.1)
(0.02982010622 1.25779916 0.1)
(0.03626115215 1.25779916 0.1)
(0.04287101351 1.25779916 0.1)
(0.04965411485 1.25779916 0.1)
(0.05661499667 1.25779916 0.1)
(0.06375831848 1.25779916 0.1)
(0.0710888619 1.25779916 0.1)
(0.07861153389 1.25779916 0.1)
(0.08633137 1.25779916 0.1)
(0.09425353778 1.25779916 0.1)
(0.1023833402 1.25779916 0.1)
(0.1107262192 1.25779916 0.1)
(0.1192877594 1.25779916 0.1)
(0.1280736918 1.25779916 0.1)
(0.1370898975 1.25779916 0.1)
(0.1463424118 1.25779916 0.1)
(0.1558374283 1.25779916 0.1)
(0.1655813027 1.25779916 0.1)
(0.1755805574 1.25779916 0.1)
(0.1858418858 1.25779916 0.1)
(0.1963721566 1.25779916 0.1)
(0.2071784187 1.25779916 0.1)
(0.2182679056 1.25779916 0.1)
(0.2296480404 1.25779916 0.1)
(0.2413264408 1.25779916 0.1)
(0.2533109242 1.25779916 0.1)
(0.2656095127 1.25779916 0.1)
(0.2782304389 1.25779916 0.1)
(0.291182151 1.25779916 0.1)
(0.3044733187 1.25779916 0.1)
(0.3181128388 1.25779916 0.1)
(0.3321098415 1.25779916 0.1)
(0.3464736962 1.25779916 0.1)
(0.3612140177 1.25779916 0.1)
(0.3763406731 1.25779916 0.1)
(0.3918637878 1.25779916 0.1)
(0.4077937529 1.25779916 0.1)
(0.4241412315 1.25779916 0.1)
(0.4409171664 1.25779916 0.1)
(0.4581327871 1.25779916 0.1)
(0.4757996177 1.25779916 0.1)
(0.4939294838 1.25779916 0.1)
(0.5125345214 1.25779916 0.1)
(0.5316271845 1.25779916 0.1)
(0.5512202532 1.25779916 0.1)
(0.571326843 1.25779916 0.1)
(0.5919604129 1.25779916 0.1)
(0.6131347746 1.25779916 0.1)
(0.634864102 1.25779916 0.1)
(0.6571629403 1.25779916 0.1)
(0.680046216 1.25779916 0.1)
(0.7035292468 1.25779916 0.1)
(0.7276277519 1.25779916 0.1)
(0.7523578625 1.25779916 0.1)
(0.7777361325 1.25779916 0.1)
(0.8037795497 1.25779916 0.1)
(0.8305055472 1.25779916 0.1)
(0.857932015 1.25779916 0.1)
(0.8860773118 1.25779916 0.1)
(0.9149602778 1.25779916 0.1)
(0.9446002467 1.25779916 0.1)
(0.9750170591 1.25779916 0.1)
(1.006231075 1.25779916 0.1)
(1.03826319 1.25779916 0.1)
(1.071134845 1.25779916 0.1)
(1.104868043 1.25779916 0.1)
(1.139485365 1.25779916 0.1)
(1.175009984 1.25779916 0.1)
(1.21146568 1.25779916 0.1)
(1.248876854 1.25779916 0.1)
(1.287268549 1.25779916 0.1)
(1.326666465 1.25779916 0.1)
(1.367096974 1.25779916 0.1)
(1.408587139 1.25779916 0.1)
(1.451164732 1.25779916 0.1)
(1.494858256 1.25779916 0.1)
(1.539696957 1.25779916 0.1)
(1.58571085 1.25779916 0.1)
(1.632930737 1.25779916 0.1)
(1.681388224 1.25779916 0.1)
(1.731115749 1.25779916 0.1)
(1.782146599 1.25779916 0.1)
(1.834514932 1.25779916 0.1)
(1.888255804 1.25779916 0.1)
(1.943405188 1.25779916 0.1)
(2 1.25779916 0.1)
(0.005659481181 1.301362525 0.1)
(0.01146729352 1.301362525 0.1)
(0.01742732468 1.301362525 0.1)
(0.02354356421 1.301362525 0.1)
(0.02982010622 1.301362525 0.1)
(0.03626115215 1.301362525 0.1)
(0.04287101351 1.301362525 0.1)
(0.04965411485 1.301362525 0.1)
(0.05661499667 1.301362525 0.1)
(0.06375831848 1.301362525 0.1)
(0.0710888619 1.301362525 0.1)
(0.07861153389 1.301362525 0.1)
(0.08633137 1.301362525 0.1)
(0.09425353778 1.301362525 0.1)
(0.1023833402 1.301362525 0.1)
(0.1107262192 1.301362525 0.1)
(0.1192877594 1.301362525 0.1)
(0.1280736918 1.301362525 0.1)
(0.1370898975 1.301362525 0.1)
(0.1463424118 1.301362525 0.1)
(0.1558374283 1.301362525 0.1)
(0.1655813027 1.301362525 0.1)
(0.1755805574 1.301362525 0.1)
(0.1858418858 1.301362525 0.1)
(0.1963721566 1.301362525 0.1)
(0.2071784187 1.301362525 0.1)
(0.2182679056 1.301362525 0.1)
(0.2296480404 1.301362525 0.1)
(0.2413264408 1.301362525 0.1)
(0.2533109242 1.301362525 0.1)
(0.2656095127 1.301362525 0.1)
(0.2782304389 1.301362525 0.1)
(0.291182151 1.301362525 0.1)
(0.3044733187 1.301362525 0.1)
(0.3181128388 1.301362525 0.1)
(0.3321098415 1.301362525 0.1)
(0.3464736962 1.301362525 0.1)
(0.3612140177 1.301362525 0.1)
(0.3763406731 1.301362525 0.1)
(0.3918637878 1.301362525 0.1)
(0.4077937529 1.301362525 0.1)
(0.4241412315 1.301362525 0.1)
(0.4409171664 1.301362525 0.1)
(0.4581327871 1.301362525 0.1)
(0.4757996177 1.301362525 0.1)
(0.4939294838 1.301362525 0.1)
(0.5125345214 1.301362525 0.1)
(0.5316271845 1.301362525 0.1)
(0.5512202532 1.301362525 0.1)
(0.571326843 1.301362525 0.1)
(0.5919604129 1.301362525 0.1)
(0.6131347746 1.301362525 0.1)
(0.634864102 1.301362525 0.1)
(0.6571629403 1.301362525 0.1)
(0.680046216 1.301362525 0.1)
(0.7035292468 1.301362525 0.1)
(0.7276277519 1.301362525 0.1)
(0.7523578625 1.301362525 0.1)
(0.7777361325 1.301362525 0.1)
(0.8037795497 1.301362525 0.1)
(0.8305055472 1.301362525 0.1)
(0.857932015 1.301362525 0.1)
(0.8860773118 1.301362525 0.1)
(0.9149602778 1.301362525 0.1)
(0.9446002467 1.301362525 0.1)
(0.9750170591 1.301362525 0.1)
(1.006231075 1.301362525 0.1)
(1.03826319 1.301362525 0.1)
(1.071134845 1.301362525 0.1)
(1.104868043 1.301362525 0.1)
(1.139485365 1.301362525 0.1)
(1.175009984 1.301362525 0.1)
(1.21146568 1.301362525 0.1)
(1.248876854 1.301362525 0.1)
(1.287268549 1.301362525 0.1)
(1.326666465 1.301362525 0.1)
(1.367096974 1.301362525 0.1)
(1.408587139 1.301362525 0.1)
(1.451164732 1.301362525 0.1)
(1.494858256 1.301362525 0.1)
(1.539696957 1.301362525 0.1)
(1.58571085 1.301362525 0.1)
(1.632930737 1.301362525 0.1)
(1.681388224 1.301362525 0.1)
(1.731115749 1.301362525 0.1)
(1.782146599 1.301362525 0.1)
(1.834514932 1.301362525 0.1)
(1.888255804 1.301362525 0.1)
(1.943405188 1.301362525 0.1)
(2 1.301362525 0.1)
(0.005659481181 1.346214301 0.1)
(0.01146729352 1.346214301 0.1)
(0.01742732468 1.346214301 0.1)
(0.02354356421 1.346214301 0.1)
(0.02982010622 1.346214301 0.1)
(0.03626115215 1.346214301 0.1)
(0.04287101351 1.346214301 0.1)
(0.04965411485 1.346214301 0.1)
(0.05661499667 1.346214301 0.1)
(0.06375831848 1.346214301 0.1)
(0.0710888619 1.346214301 0.1)
(0.07861153389 1.346214301 0.1)
(0.08633137 1.346214301 0.1)
(0.09425353778 1.346214301 0.1)
(0.1023833402 1.346214301 0.1)
(0.1107262192 1.346214301 0.1)
(0.1192877594 1.346214301 0.1)
(0.1280736918 1.346214301 0.1)
(0.1370898975 1.346214301 0.1)
(0.1463424118 1.346214301 0.1)
(0.1558374283 1.346214301 0.1)
(0.1655813027 1.346214301 0.1)
(0.1755805574 1.346214301 0.1)
(0.1858418858 1.346214301 0.1)
(0.1963721566 1.346214301 0.1)
(0.2071784187 1.346214301 0.1)
(0.2182679056 1.346214301 0.1)
(0.2296480404 1.346214301 0.1)
(0.2413264408 1.346214301 0.1)
(0.2533109242 1.346214301 0.1)
(0.2656095127 1.346214301 0.1)
(0.2782304389 1.346214301 0.1)
(0.291182151 1.346214301 0.1)
(0.3044733187 1.346214301 0.1)
(0.3181128388 1.346214301 0.1)
(0.3321098415 1.346214301 0.1)
(0.3464736962 1.346214301 0.1)
(0.3612140177 1.346214301 0.1)
(0.3763406731 1.346214301 0.1)
(0.3918637878 1.346214301 0.1)
(0.4077937529 1.346214301 0.1)
(0.4241412315 1.346214301 0.1)
(0.4409171664 1.346214301 0.1)
(0.4581327871 1.346214301 0.1)
(0.4757996177 1.346214301 0.1)
(0.4939294838 1.346214301 0.1)
(0.5125345214 1.346214301 0.1)
(0.5316271845 1.346214301 0.1)
(0.5512202532 1.346214301 0.1)
(0.571326843 1.346214301 0.1)
(0.5919604129 1.346214301 0.1)
(0.6131347746 1.346214301 0.1)
(0.634864102 1.346214301 0.1)
(0.6571629403 1.346214301 0.1)
(0.680046216 1.346214301 0.1)
(0.7035292468 1.346214301 0.1)
(0.7276277519 1.346214301 0.1)
(0.7523578625 1.346214301 0.1)
(0.7777361325 1.346214301 0.1)
(0.8037795497 1.346214301 0.1)
(0.8305055472 1.346214301 0.1)
(0.857932015 1.346214301 0.1)
(0.8860773118 1.346214301 0.1)
(0.9149602778 1.346214301 0.1)
(0.9446002467 1.346214301 0.1)
(0.9750170591 1.346214301 0.1)
(1.006231075 1.346214301 0.1)
(1.03826319 1.346214301 0.1)
(1.071134845 1.346214301 0.1)
(1.104868043 1.346214301 0.1)
(1.139485365 1.346214301 0.1)
(1.175009984 1.346214301 0.1)
(1.21146568 1.346214301 0.1)
(1.248876854 1.346214301 0.1)
(1.287268549 1.346214301 0.1)
(1.326666465 1.346214301 0.1)
(1.367096974 1.346214301 0.1)
(1.408587139 1.346214301 0.1)
(1.451164732 1.346214301 0.1)
(1.494858256 1.346214301 0.1)
(1.539696957 1.346214301 0.1)
(1.58571085 1.346214301 0.1)
(1.632930737 1.346214301 0.1)
(1.681388224 1.346214301 0.1)
(1.731115749 1.346214301 0.1)
(1.782146599 1.346214301 0.1)
(1.834514932 1.346214301 0.1)
(1.888255804 1.346214301 0.1)
(1.943405188 1.346214301 0.1)
(2 1.346214301 0.1)
(0.005659481181 1.392392594 0.1)
(0.01146729352 1.392392594 0.1)
(0.01742732468 1.392392594 0.1)
(0.02354356421 1.392392594 0.1)
(0.02982010622 1.392392594 0.1)
(0.03626115215 1.392392594 0.1)
(0.04287101351 1.392392594 0.1)
(0.04965411485 1.392392594 0.1)
(0.05661499667 1.392392594 0.1)
(0.06375831848 1.392392594 0.1)
(0.0710888619 1.392392594 0.1)
(0.07861153389 1.392392594 0.1)
(0.08633137 1.392392594 0.1)
(0.09425353778 1.392392594 0.1)
(0.1023833402 1.392392594 0.1)
(0.1107262192 1.392392594 0.1)
(0.1192877594 1.392392594 0.1)
(0.1280736918 1.392392594 0.1)
(0.1370898975 1.392392594 0.1)
(0.1463424118 1.392392594 0.1)
(0.1558374283 1.392392594 0.1)
(0.1655813027 1.392392594 0.1)
(0.1755805574 1.392392594 0.1)
(0.1858418858 1.392392594 0.1)
(0.1963721566 1.392392594 0.1)
(0.2071784187 1.392392594 0.1)
(0.2182679056 1.392392594 0.1)
(0.2296480404 1.392392594 0.1)
(0.2413264408 1.392392594 0.1)
(0.2533109242 1.392392594 0.1)
(0.2656095127 1.392392594 0.1)
(0.2782304389 1.392392594 0.1)
(0.291182151 1.392392594 0.1)
(0.3044733187 1.392392594 0.1)
(0.3181128388 1.392392594 0.1)
(0.3321098415 1.392392594 0.1)
(0.3464736962 1.392392594 0.1)
(0.3612140177 1.392392594 0.1)
(0.3763406731 1.392392594 0.1)
(0.3918637878 1.392392594 0.1)
(0.4077937529 1.392392594 0.1)
(0.4241412315 1.392392594 0.1)
(0.4409171664 1.392392594 0.1)
(0.4581327871 1.392392594 0.1)
(0.4757996177 1.392392594 0.1)
(0.4939294838 1.392392594 0.1)
(0.5125345214 1.392392594 0.1)
(0.5316271845 1.392392594 0.1)
(0.5512202532 1.392392594 0.1)
(0.571326843 1.392392594 0.1)
(0.5919604129 1.392392594 0.1)
(0.6131347746 1.392392594 0.1)
(0.634864102 1.392392594 0.1)
(0.6571629403 1.392392594 0.1)
(0.680046216 1.392392594 0.1)
(0.7035292468 1.392392594 0.1)
(0.7276277519 1.392392594 0.1)
(0.7523578625 1.392392594 0.1)
(0.7777361325 1.392392594 0.1)
(0.8037795497 1.392392594 0.1)
(0.8305055472 1.392392594 0.1)
(0.857932015 1.392392594 0.1)
(0.8860773118 1.392392594 0.1)
(0.9149602778 1.392392594 0.1)
(0.9446002467 1.392392594 0.1)
(0.9750170591 1.392392594 0.1)
(1.006231075 1.392392594 0.1)
(1.03826319 1.392392594 0.1)
(1.071134845 1.392392594 0.1)
(1.104868043 1.392392594 0.1)
(1.139485365 1.392392594 0.1)
(1.175009984 1.392392594 0.1)
(1.21146568 1.392392594 0.1)
(1.248876854 1.392392594 0.1)
(1.287268549 1.392392594 0.1)
(1.326666465 1.392392594 0.1)
(1.367096974 1.392392594 0.1)
(1.408587139 1.392392594 0.1)
(1.451164732 1.392392594 0.1)
(1.494858256 1.392392594 0.1)
(1.539696957 1.392392594 0.1)
(1.58571085 1.392392594 0.1)
(1.632930737 1.392392594 0.1)
(1.681388224 1.392392594 0.1)
(1.731115749 1.392392594 0.1)
(1.782146599 1.392392594 0.1)
(1.834514932 1.392392594 0.1)
(1.888255804 1.392392594 0.1)
(1.943405188 1.392392594 0.1)
(2 1.392392594 0.1)
(0.005659481181 1.439936636 0.1)
(0.01146729352 1.439936636 0.1)
(0.01742732468 1.439936636 0.1)
(0.02354356421 1.439936636 0.1)
(0.02982010622 1.439936636 0.1)
(0.03626115215 1.439936636 0.1)
(0.04287101351 1.439936636 0.1)
(0.04965411485 1.439936636 0.1)
(0.05661499667 1.439936636 0.1)
(0.06375831848 1.439936636 0.1)
(0.0710888619 1.439936636 0.1)
(0.07861153389 1.439936636 0.1)
(0.08633137 1.439936636 0.1)
(0.09425353778 1.439936636 0.1)
(0.1023833402 1.439936636 0.1)
(0.1107262192 1.439936636 0.1)
(0.1192877594 1.439936636 0.1)
(0.1280736918 1.439936636 0.1)
(0.1370898975 1.439936636 0.1)
(0.1463424118 1.439936636 0.1)
(0.1558374283 1.439936636 0.1)
(0.1655813027 1.439936636 0.1)
(0.1755805574 1.439936636 0.1)
(0.1858418858 1.439936636 0.1)
(0.1963721566 1.439936636 0.1)
(0.2071784187 1.439936636 0.1)
(0.2182679056 1.439936636 0.1)
(0.2296480404 1.439936636 0.1)
(0.2413264408 1.439936636 0.1)
(0.2533109242 1.439936636 0.1)
(0.2656095127 1.439936636 0.1)
(0.2782304389 1.439936636 0.1)
(0.291182151 1.439936636 0.1)
(0.3044733187 1.439936636 0.1)
(0.3181128388 1.439936636 0.1)
(0.3321098415 1.439936636 0.1)
(0.3464736962 1.439936636 0.1)
(0.3612140177 1.439936636 0.1)
(0.3763406731 1.439936636 0.1)
(0.3918637878 1.439936636 0.1)
(0.4077937529 1.439936636 0.1)
(0.4241412315 1.439936636 0.1)
(0.4409171664 1.439936636 0.1)
(0.4581327871 1.439936636 0.1)
(0.4757996177 1.439936636 0.1)
(0.4939294838 1.439936636 0.1)
(0.5125345214 1.439936636 0.1)
(0.5316271845 1.439936636 0.1)
(0.5512202532 1.439936636 0.1)
(0.571326843 1.439936636 0.1)
(0.5919604129 1.439936636 0.1)
(0.6131347746 1.439936636 0.1)
(0.634864102 1.439936636 0.1)
(0.6571629403 1.439936636 0.1)
(0.680046216 1.439936636 0.1)
(0.7035292468 1.439936636 0.1)
(0.7276277519 1.439936636 0.1)
(0.7523578625 1.439936636 0.1)
(0.7777361325 1.439936636 0.1)
(0.8037795497 1.439936636 0.1)
(0.8305055472 1.439936636 0.1)
(0.857932015 1.439936636 0.1)
(0.8860773118 1.439936636 0.1)
(0.9149602778 1.439936636 0.1)
(0.9446002467 1.439936636 0.1)
(0.9750170591 1.439936636 0.1)
(1.006231075 1.439936636 0.1)
(1.03826319 1.439936636 0.1)
(1.071134845 1.439936636 0.1)
(1.104868043 1.439936636 0.1)
(1.139485365 1.439936636 0.1)
(1.175009984 1.439936636 0.1)
(1.21146568 1.439936636 0.1)
(1.248876854 1.439936636 0.1)
(1.287268549 1.439936636 0.1)
(1.326666465 1.439936636 0.1)
(1.367096974 1.439936636 0.1)
(1.408587139 1.439936636 0.1)
(1.451164732 1.439936636 0.1)
(1.494858256 1.439936636 0.1)
(1.539696957 1.439936636 0.1)
(1.58571085 1.439936636 0.1)
(1.632930737 1.439936636 0.1)
(1.681388224 1.439936636 0.1)
(1.731115749 1.439936636 0.1)
(1.782146599 1.439936636 0.1)
(1.834514932 1.439936636 0.1)
(1.888255804 1.439936636 0.1)
(1.943405188 1.439936636 0.1)
(2 1.439936636 0.1)
(0.005659481181 1.48888682 0.1)
(0.01146729352 1.48888682 0.1)
(0.01742732468 1.48888682 0.1)
(0.02354356421 1.48888682 0.1)
(0.02982010622 1.48888682 0.1)
(0.03626115215 1.48888682 0.1)
(0.04287101351 1.48888682 0.1)
(0.04965411485 1.48888682 0.1)
(0.05661499667 1.48888682 0.1)
(0.06375831848 1.48888682 0.1)
(0.0710888619 1.48888682 0.1)
(0.07861153389 1.48888682 0.1)
(0.08633137 1.48888682 0.1)
(0.09425353778 1.48888682 0.1)
(0.1023833402 1.48888682 0.1)
(0.1107262192 1.48888682 0.1)
(0.1192877594 1.48888682 0.1)
(0.1280736918 1.48888682 0.1)
(0.1370898975 1.48888682 0.1)
(0.1463424118 1.48888682 0.1)
(0.1558374283 1.48888682 0.1)
(0.1655813027 1.48888682 0.1)
(0.1755805574 1.48888682 0.1)
(0.1858418858 1.48888682 0.1)
(0.1963721566 1.48888682 0.1)
(0.2071784187 1.48888682 0.1)
(0.2182679056 1.48888682 0.1)
(0.2296480404 1.48888682 0.1)
(0.2413264408 1.48888682 0.1)
(0.2533109242 1.48888682 0.1)
(0.2656095127 1.48888682 0.1)
(0.2782304389 1.48888682 0.1)
(0.291182151 1.48888682 0.1)
(0.3044733187 1.48888682 0.1)
(0.3181128388 1.48888682 0.1)
(0.3321098415 1.48888682 0.1)
(0.3464736962 1.48888682 0.1)
(0.3612140177 1.48888682 0.1)
(0.3763406731 1.48888682 0.1)
(0.3918637878 1.48888682 0.1)
(0.4077937529 1.48888682 0.1)
(0.4241412315 1.48888682 0.1)
(0.4409171664 1.48888682 0.1)
(0.4581327871 1.48888682 0.1)
(0.4757996177 1.48888682 0.1)
(0.4939294838 1.48888682 0.1)
(0.5125345214 1.48888682 0.1)
(0.5316271845 1.48888682 0.1)
(0.5512202532 1.48888682 0.1)
(0.571326843 1.48888682 0.1)
(0.5919604129 1.48888682 0.1)
(0.6131347746 1.48888682 0.1)
(0.634864102 1.48888682 0.1)
(0.6571629403 1.48888682 0.1)
(0.680046216 1.48888682 0.1)
(0.7035292468 1.48888682 0.1)
(0.7276277519 1.48888682 0.1)
(0.7523578625 1.48888682 0.1)
(0.7777361325 1.48888682 0.1)
(0.8037795497 1.48888682 0.1)
(0.8305055472 1.48888682 0.1)
(0.857932015 1.48888682 0.1)
(0.8860773118 1.48888682 0.1)
(0.9149602778 1.48888682 0.1)
(0.9446002467 1.48888682 0.1)
(0.9750170591 1.48888682 0.1)
(1.006231075 1.48888682 0.1)
(1.03826319 1.48888682 0.1)
(1.071134845 1.48888682 0.1)
(1.104868043 1.48888682 0.1)
(1.139485365 1.48888682 0.1)
(1.175009984 1.48888682 0.1)
(1.21146568 1.48888682 0.1)
(1.248876854 1.48888682 0.1)
(1.287268549 1.48888682 0.1)
(1.326666465 1.48888682 0.1)
(1.367096974 1.48888682 0.1)
(1.408587139 1.48888682 0.1)
(1.451164732 1.48888682 0.1)
(1.494858256 1.48888682 0.1)
(1.539696957 1.48888682 0.1)
(1.58571085 1.48888682 0.1)
(1.632930737 1.48888682 0.1)
(1.681388224 1.48888682 0.1)
(1.731115749 1.48888682 0.1)
(1.782146599 1.48888682 0.1)
(1.834514932 1.48888682 0.1)
(1.888255804 1.48888682 0.1)
(1.943405188 1.48888682 0.1)
(2 1.48888682 0.1)
(0.005659481181 1.539284733 0.1)
(0.01146729352 1.539284733 0.1)
(0.01742732468 1.539284733 0.1)
(0.02354356421 1.539284733 0.1)
(0.02982010622 1.539284733 0.1)
(0.03626115215 1.539284733 0.1)
(0.04287101351 1.539284733 0.1)
(0.04965411485 1.539284733 0.1)
(0.05661499667 1.539284733 0.1)
(0.06375831848 1.539284733 0.1)
(0.0710888619 1.539284733 0.1)
(0.07861153389 1.539284733 0.1)
(0.08633137 1.539284733 0.1)
(0.09425353778 1.539284733 0.1)
(0.1023833402 1.539284733 0.1)
(0.1107262192 1.539284733 0.1)
(0.1192877594 1.539284733 0.1)
(0.1280736918 1.539284733 0.1)
(0.1370898975 1.539284733 0.1)
(0.1463424118 1.539284733 0.1)
(0.1558374283 1.539284733 0.1)
(0.1655813027 1.539284733 0.1)
(0.1755805574 1.539284733 0.1)
(0.1858418858 1.539284733 0.1)
(0.1963721566 1.539284733 0.1)
(0.2071784187 1.539284733 0.1)
(0.2182679056 1.539284733 0.1)
(0.2296480404 1.539284733 0.1)
(0.2413264408 1.539284733 0.1)
(0.2533109242 1.539284733 0.1)
(0.2656095127 1.539284733 0.1)
(0.2782304389 1.539284733 0.1)
(0.291182151 1.539284733 0.1)
(0.3044733187 1.539284733 0.1)
(0.3181128388 1.539284733 0.1)
(0.3321098415 1.539284733 0.1)
(0.3464736962 1.539284733 0.1)
(0.3612140177 1.539284733 0.1)
(0.3763406731 1.539284733 0.1)
(0.3918637878 1.539284733 0.1)
(0.4077937529 1.539284733 0.1)
(0.4241412315 1.539284733 0.1)
(0.4409171664 1.539284733 0.1)
(0.4581327871 1.539284733 0.1)
(0.4757996177 1.539284733 0.1)
(0.4939294838 1.539284733 0.1)
(0.5125345214 1.539284733 0.1)
(0.5316271845 1.539284733 0.1)
(0.5512202532 1.539284733 0.1)
(0.571326843 1.539284733 0.1)
(0.5919604129 1.539284733 0.1)
(0.6131347746 1.539284733 0.1)
(0.634864102 1.539284733 0.1)
(0.6571629403 1.539284733 0.1)
(0.680046216 1.539284733 0.1)
(0.7035292468 1.539284733 0.1)
(0.7276277519 1.539284733 0.1)
(0.7523578625 1.539284733 0.1)
(0.7777361325 1.539284733 0.1)
(0.8037795497 1.539284733 0.1)
(0.8305055472 1.539284733 0.1)
(0.857932015 1.539284733 0.1)
(0.8860773118 1.539284733 0.1)
(0.9149602778 1.539284733 0.1)
(0.9446002467 1.539284733 0.1)
(0.9750170591 1.539284733 0.1)
(1.006231075 1.539284733 0.1)
(1.03826319 1.539284733 0.1)
(1.071134845 1.539284733 0.1)
(1.104868043 1.539284733 0.1)
(1.139485365 1.539284733 0.1)
(1.175009984 1.539284733 0.1)
(1.21146568 1.539284733 0.1)
(1.248876854 1.539284733 0.1)
(1.287268549 1.539284733 0.1)
(1.326666465 1.539284733 0.1)
(1.367096974 1.539284733 0.1)
(1.408587139 1.539284733 0.1)
(1.451164732 1.539284733 0.1)
(1.494858256 1.539284733 0.1)
(1.539696957 1.539284733 0.1)
(1.58571085 1.539284733 0.1)
(1.632930737 1.539284733 0.1)
(1.681388224 1.539284733 0.1)
(1.731115749 1.539284733 0.1)
(1.782146599 1.539284733 0.1)
(1.834514932 1.539284733 0.1)
(1.888255804 1.539284733 0.1)
(1.943405188 1.539284733 0.1)
(2 1.539284733 0.1)
(0.005659481181 1.591173193 0.1)
(0.01146729352 1.591173193 0.1)
(0.01742732468 1.591173193 0.1)
(0.02354356421 1.591173193 0.1)
(0.02982010622 1.591173193 0.1)
(0.03626115215 1.591173193 0.1)
(0.04287101351 1.591173193 0.1)
(0.04965411485 1.591173193 0.1)
(0.05661499667 1.591173193 0.1)
(0.06375831848 1.591173193 0.1)
(0.0710888619 1.591173193 0.1)
(0.07861153389 1.591173193 0.1)
(0.08633137 1.591173193 0.1)
(0.09425353778 1.591173193 0.1)
(0.1023833402 1.591173193 0.1)
(0.1107262192 1.591173193 0.1)
(0.1192877594 1.591173193 0.1)
(0.1280736918 1.591173193 0.1)
(0.1370898975 1.591173193 0.1)
(0.1463424118 1.591173193 0.1)
(0.1558374283 1.591173193 0.1)
(0.1655813027 1.591173193 0.1)
(0.1755805574 1.591173193 0.1)
(0.1858418858 1.591173193 0.1)
(0.1963721566 1.591173193 0.1)
(0.2071784187 1.591173193 0.1)
(0.2182679056 1.591173193 0.1)
(0.2296480404 1.591173193 0.1)
(0.2413264408 1.591173193 0.1)
(0.2533109242 1.591173193 0.1)
(0.2656095127 1.591173193 0.1)
(0.2782304389 1.591173193 0.1)
(0.291182151 1.591173193 0.1)
(0.3044733187 1.591173193 0.1)
(0.3181128388 1.591173193 0.1)
(0.3321098415 1.591173193 0.1)
(0.3464736962 1.591173193 0.1)
(0.3612140177 1.591173193 0.1)
(0.3763406731 1.591173193 0.1)
(0.3918637878 1.591173193 0.1)
(0.4077937529 1.591173193 0.1)
(0.4241412315 1.591173193 0.1)
(0.4409171664 1.591173193 0.1)
(0.4581327871 1.591173193 0.1)
(0.4757996177 1.591173193 0.1)
(0.4939294838 1.591173193 0.1)
(0.5125345214 1.591173193 0.1)
(0.5316271845 1.591173193 0.1)
(0.5512202532 1.591173193 0.1)
(0.571326843 1.591173193 0.1)
(0.5919604129 1.591173193 0.1)
(0.6131347746 1.591173193 0.1)
(0.634864102 1.591173193 0.1)
(0.6571629403 1.591173193 0.1)
(0.680046216 1.591173193 0.1)
(0.7035292468 1.591173193 0.1)
(0.7276277519 1.591173193 0.1)
(0.7523578625 1.591173193 0.1)
(0.7777361325 1.591173193 0.1)
(0.8037795497 1.591173193 0.1)
(0.8305055472 1.591173193 0.1)
(0.857932015 1.591173193 0.1)
(0.8860773118 1.591173193 0.1)
(0.9149602778 1.591173193 0.1)
(0.9446002467 1.591173193 0.1)
(0.9750170591 1.591173193 0.1)
(1.006231075 1.591173193 0.1)
(1.03826319 1.591173193 0.1)
(1.071134845 1.591173193 0.1)
(1.104868043 1.591173193 0.1)
(1.139485365 1.591173193 0.1)
(1.175009984 1.591173193 0.1)
(1.21146568 1.591173193 0.1)
(1.248876854 1.591173193 0.1)
(1.287268549 1.591173193 0.1)
(1.326666465 1.591173193 0.1)
(1.367096974 1.591173193 0.1)
(1.408587139 1.591173193 0.1)
(1.451164732 1.591173193 0.1)
(1.494858256 1.591173193 0.1)
(1.539696957 1.591173193 0.1)
(1.58571085 1.591173193 0.1)
(1.632930737 1.591173193 0.1)
(1.681388224 1.591173193 0.1)
(1.731115749 1.591173193 0.1)
(1.782146599 1.591173193 0.1)
(1.834514932 1.591173193 0.1)
(1.888255804 1.591173193 0.1)
(1.943405188 1.591173193 0.1)
(2 1.591173193 0.1)
(0.005659481181 1.644596284 0.1)
(0.01146729352 1.644596284 0.1)
(0.01742732468 1.644596284 0.1)
(0.02354356421 1.644596284 0.1)
(0.02982010622 1.644596284 0.1)
(0.03626115215 1.644596284 0.1)
(0.04287101351 1.644596284 0.1)
(0.04965411485 1.644596284 0.1)
(0.05661499667 1.644596284 0.1)
(0.06375831848 1.644596284 0.1)
(0.0710888619 1.644596284 0.1)
(0.07861153389 1.644596284 0.1)
(0.08633137 1.644596284 0.1)
(0.09425353778 1.644596284 0.1)
(0.1023833402 1.644596284 0.1)
(0.1107262192 1.644596284 0.1)
(0.1192877594 1.644596284 0.1)
(0.1280736918 1.644596284 0.1)
(0.1370898975 1.644596284 0.1)
(0.1463424118 1.644596284 0.1)
(0.1558374283 1.644596284 0.1)
(0.1655813027 1.644596284 0.1)
(0.1755805574 1.644596284 0.1)
(0.1858418858 1.644596284 0.1)
(0.1963721566 1.644596284 0.1)
(0.2071784187 1.644596284 0.1)
(0.2182679056 1.644596284 0.1)
(0.2296480404 1.644596284 0.1)
(0.2413264408 1.644596284 0.1)
(0.2533109242 1.644596284 0.1)
(0.2656095127 1.644596284 0.1)
(0.2782304389 1.644596284 0.1)
(0.291182151 1.644596284 0.1)
(0.3044733187 1.644596284 0.1)
(0.3181128388 1.644596284 0.1)
(0.3321098415 1.644596284 0.1)
(0.3464736962 1.644596284 0.1)
(0.3612140177 1.644596284 0.1)
(0.3763406731 1.644596284 0.1)
(0.3918637878 1.644596284 0.1)
(0.4077937529 1.644596284 0.1)
(0.4241412315 1.644596284 0.1)
(0.4409171664 1.644596284 0.1)
(0.4581327871 1.644596284 0.1)
(0.4757996177 1.644596284 0.1)
(0.4939294838 1.644596284 0.1)
(0.5125345214 1.644596284 0.1)
(0.5316271845 1.644596284 0.1)
(0.5512202532 1.644596284 0.1)
(0.571326843 1.644596284 0.1)
(0.5919604129 1.644596284 0.1)
(0.6131347746 1.644596284 0.1)
(0.634864102 1.644596284 0.1)
(0.6571629403 1.644596284 0.1)
(0.680046216 1.644596284 0.1)
(0.7035292468 1.644596284 0.1)
(0.7276277519 1.644596284 0.1)
(0.7523578625 1.644596284 0.1)
(0.7777361325 1.644596284 0.1)
(0.8037795497 1.644596284 0.1)
(0.8305055472 1.644596284 0.1)
(0.857932015 1.644596284 0.1)
(0.8860773118 1.644596284 0.1)
(0.9149602778 1.644596284 0.1)
(0.9446002467 1.644596284 0.1)
(0.9750170591 1.644596284 0.1)
(1.006231075 1.644596284 0.1)
(1.03826319 1.644596284 0.1)
(1.071134845 1.644596284 0.1)
(1.104868043 1.644596284 0.1)
(1.139485365 1.644596284 0.1)
(1.175009984 1.644596284 0.1)
(1.21146568 1.644596284 0.1)
(1.248876854 1.644596284 0.1)
(1.287268549 1.644596284 0.1)
(1.326666465 1.644596284 0.1)
(1.367096974 1.644596284 0.1)
(1.408587139 1.644596284 0.1)
(1.451164732 1.644596284 0.1)
(1.494858256 1.644596284 0.1)
(1.539696957 1.644596284 0.1)
(1.58571085 1.644596284 0.1)
(1.632930737 1.644596284 0.1)
(1.681388224 1.644596284 0.1)
(1.731115749 1.644596284 0.1)
(1.782146599 1.644596284 0.1)
(1.834514932 1.644596284 0.1)
(1.888255804 1.644596284 0.1)
(1.943405188 1.644596284 0.1)
(2 1.644596284 0.1)
(0.005659481181 1.699599394 0.1)
(0.01146729352 1.699599394 0.1)
(0.01742732468 1.699599394 0.1)
(0.02354356421 1.699599394 0.1)
(0.02982010622 1.699599394 0.1)
(0.03626115215 1.699599394 0.1)
(0.04287101351 1.699599394 0.1)
(0.04965411485 1.699599394 0.1)
(0.05661499667 1.699599394 0.1)
(0.06375831848 1.699599394 0.1)
(0.0710888619 1.699599394 0.1)
(0.07861153389 1.699599394 0.1)
(0.08633137 1.699599394 0.1)
(0.09425353778 1.699599394 0.1)
(0.1023833402 1.699599394 0.1)
(0.1107262192 1.699599394 0.1)
(0.1192877594 1.699599394 0.1)
(0.1280736918 1.699599394 0.1)
(0.1370898975 1.699599394 0.1)
(0.1463424118 1.699599394 0.1)
(0.1558374283 1.699599394 0.1)
(0.1655813027 1.699599394 0.1)
(0.1755805574 1.699599394 0.1)
(0.1858418858 1.699599394 0.1)
(0.1963721566 1.699599394 0.1)
(0.2071784187 1.699599394 0.1)
(0.2182679056 1.699599394 0.1)
(0.2296480404 1.699599394 0.1)
(0.2413264408 1.699599394 0.1)
(0.2533109242 1.699599394 0.1)
(0.2656095127 1.699599394 0.1)
(0.2782304389 1.699599394 0.1)
(0.291182151 1.699599394 0.1)
(0.3044733187 1.699599394 0.1)
(0.3181128388 1.699599394 0.1)
(0.3321098415 1.699599394 0.1)
(0.3464736962 1.699599394 0.1)
(0.3612140177 1.699599394 0.1)
(0.3763406731 1.699599394 0.1)
(0.3918637878 1.699599394 0.1)
(0.4077937529 1.699599394 0.1)
(0.4241412315 1.699599394 0.1)
(0.4409171664 1.699599394 0.1)
(0.4581327871 1.699599394 0.1)
(0.4757996177 1.699599394 0.1)
(0.4939294838 1.699599394 0.1)
(0.5125345214 1.699599394 0.1)
(0.5316271845 1.699599394 0.1)
(0.5512202532 1.699599394 0.1)
(0.571326843 1.699599394 0.1)
(0.5919604129 1.699599394 0.1)
(0.6131347746 1.699599394 0.1)
(0.634864102 1.699599394 0.1)
(0.6571629403 1.699599394 0.1)
(0.680046216 1.699599394 0.1)
(0.7035292468 1.699599394 0.1)
(0.7276277519 1.699599394 0.1)
(0.7523578625 1.699599394 0.1)
(0.7777361325 1.699599394 0.1)
(0.8037795497 1.699599394 0.1)
(0.8305055472 1.699599394 0.1)
(0.857932015 1.699599394 0.1)
(0.8860773118 1.699599394 0.1)
(0.9149602778 1.699599394 0.1)
(0.9446002467 1.699599394 0.1)
(0.9750170591 1.699599394 0.1)
(1.006231075 1.699599394 0.1)
(1.03826319 1.699599394 0.1)
(1.071134845 1.699599394 0.1)
(1.104868043 1.699599394 0.1)
(1.139485365 1.699599394 0.1)
(1.175009984 1.699599394 0.1)
(1.21146568 1.699599394 0.1)
(1.248876854 1.699599394 0.1)
(1.287268549 1.699599394 0.1)
(1.326666465 1.699599394 0.1)
(1.367096974 1.699599394 0.1)
(1.408587139 1.699599394 0.1)
(1.451164732 1.699599394 0.1)
(1.494858256 1.699599394 0.1)
(1.539696957 1.699599394 0.1)
(1.58571085 1.699599394 0.1)
(1.632930737 1.699599394 0.1)
(1.681388224 1.699599394 0.1)
(1.731115749 1.699599394 0.1)
(1.782146599 1.699599394 0.1)
(1.834514932 1.699599394 0.1)
(1.888255804 1.699599394 0.1)
(1.943405188 1.699599394 0.1)
(2 1.699599394 0.1)
(0.005659481181 1.756229251 0.1)
(0.01146729352 1.756229251 0.1)
(0.01742732468 1.756229251 0.1)
(0.02354356421 1.756229251 0.1)
(0.02982010622 1.756229251 0.1)
(0.03626115215 1.756229251 0.1)
(0.04287101351 1.756229251 0.1)
(0.04965411485 1.756229251 0.1)
(0.05661499667 1.756229251 0.1)
(0.06375831848 1.756229251 0.1)
(0.0710888619 1.756229251 0.1)
(0.07861153389 1.756229251 0.1)
(0.08633137 1.756229251 0.1)
(0.09425353778 1.756229251 0.1)
(0.1023833402 1.756229251 0.1)
(0.1107262192 1.756229251 0.1)
(0.1192877594 1.756229251 0.1)
(0.1280736918 1.756229251 0.1)
(0.1370898975 1.756229251 0.1)
(0.1463424118 1.756229251 0.1)
(0.1558374283 1.756229251 0.1)
(0.1655813027 1.756229251 0.1)
(0.1755805574 1.756229251 0.1)
(0.1858418858 1.756229251 0.1)
(0.1963721566 1.756229251 0.1)
(0.2071784187 1.756229251 0.1)
(0.2182679056 1.756229251 0.1)
(0.2296480404 1.756229251 0.1)
(0.2413264408 1.756229251 0.1)
(0.2533109242 1.756229251 0.1)
(0.2656095127 1.756229251 0.1)
(0.2782304389 1.756229251 0.1)
(0.291182151 1.756229251 0.1)
(0.3044733187 1.756229251 0.1)
(0.3181128388 1.756229251 0.1)
(0.3321098415 1.756229251 0.1)
(0.3464736962 1.756229251 0.1)
(0.3612140177 1.756229251 0.1)
(0.3763406731 1.756229251 0.1)
(0.3918637878 1.756229251 0.1)
(0.4077937529 1.756229251 0.1)
(0.4241412315 1.756229251 0.1)
(0.4409171664 1.756229251 0.1)
(0.4581327871 1.756229251 0.1)
(0.4757996177 1.756229251 0.1)
(0.4939294838 1.756229251 0.1)
(0.5125345214 1.756229251 0.1)
(0.5316271845 1.756229251 0.1)
(0.5512202532 1.756229251 0.1)
(0.571326843 1.756229251 0.1)
(0.5919604129 1.756229251 0.1)
(0.6131347746 1.756229251 0.1)
(0.634864102 1.756229251 0.1)
(0.6571629403 1.756229251 0.1)
(0.680046216 1.756229251 0.1)
(0.7035292468 1.756229251 0.1)
(0.7276277519 1.756229251 0.1)
(0.7523578625 1.756229251 0.1)
(0.7777361325 1.756229251 0.1)
(0.8037795497 1.756229251 0.1)
(0.8305055472 1.756229251 0.1)
(0.857932015 1.756229251 0.1)
(0.8860773118 1.756229251 0.1)
(0.9149602778 1.756229251 0.1)
(0.9446002467 1.756229251 0.1)
(0.9750170591 1.756229251 0.1)
(1.006231075 1.756229251 0.1)
(1.03826319 1.756229251 0.1)
(1.071134845 1.756229251 0.1)
(1.104868043 1.756229251 0.1)
(1.139485365 1.756229251 0.1)
(1.175009984 1.756229251 0.1)
(1.21146568 1.756229251 0.1)
(1.248876854 1.756229251 0.1)
(1.287268549 1.756229251 0.1)
(1.326666465 1.756229251 0.1)
(1.367096974 1.756229251 0.1)
(1.408587139 1.756229251 0.1)
(1.451164732 1.756229251 0.1)
(1.494858256 1.756229251 0.1)
(1.539696957 1.756229251 0.1)
(1.58571085 1.756229251 0.1)
(1.632930737 1.756229251 0.1)
(1.681388224 1.756229251 0.1)
(1.731115749 1.756229251 0.1)
(1.782146599 1.756229251 0.1)
(1.834514932 1.756229251 0.1)
(1.888255804 1.756229251 0.1)
(1.943405188 1.756229251 0.1)
(2 1.756229251 0.1)
(0.005659481181 1.814533969 0.1)
(0.01146729352 1.814533969 0.1)
(0.01742732468 1.814533969 0.1)
(0.02354356421 1.814533969 0.1)
(0.02982010622 1.814533969 0.1)
(0.03626115215 1.814533969 0.1)
(0.04287101351 1.814533969 0.1)
(0.04965411485 1.814533969 0.1)
(0.05661499667 1.814533969 0.1)
(0.06375831848 1.814533969 0.1)
(0.0710888619 1.814533969 0.1)
(0.07861153389 1.814533969 0.1)
(0.08633137 1.814533969 0.1)
(0.09425353778 1.814533969 0.1)
(0.1023833402 1.814533969 0.1)
(0.1107262192 1.814533969 0.1)
(0.1192877594 1.814533969 0.1)
(0.1280736918 1.814533969 0.1)
(0.1370898975 1.814533969 0.1)
(0.1463424118 1.814533969 0.1)
(0.1558374283 1.814533969 0.1)
(0.1655813027 1.814533969 0.1)
(0.1755805574 1.814533969 0.1)
(0.1858418858 1.814533969 0.1)
(0.1963721566 1.814533969 0.1)
(0.2071784187 1.814533969 0.1)
(0.2182679056 1.814533969 0.1)
(0.2296480404 1.814533969 0.1)
(0.2413264408 1.814533969 0.1)
(0.2533109242 1.814533969 0.1)
(0.2656095127 1.814533969 0.1)
(0.2782304389 1.814533969 0.1)
(0.291182151 1.814533969 0.1)
(0.3044733187 1.814533969 0.1)
(0.3181128388 1.814533969 0.1)
(0.3321098415 1.814533969 0.1)
(0.3464736962 1.814533969 0.1)
(0.3612140177 1.814533969 0.1)
(0.3763406731 1.814533969 0.1)
(0.3918637878 1.814533969 0.1)
(0.4077937529 1.814533969 0.1)
(0.4241412315 1.814533969 0.1)
(0.4409171664 1.814533969 0.1)
(0.4581327871 1.814533969 0.1)
(0.4757996177 1.814533969 0.1)
(0.4939294838 1.814533969 0.1)
(0.5125345214 1.814533969 0.1)
(0.5316271845 1.814533969 0.1)
(0.5512202532 1.814533969 0.1)
(0.571326843 1.814533969 0.1)
(0.5919604129 1.814533969 0.1)
(0.6131347746 1.814533969 0.1)
(0.634864102 1.814533969 0.1)
(0.6571629403 1.814533969 0.1)
(0.680046216 1.814533969 0.1)
(0.7035292468 1.814533969 0.1)
(0.7276277519 1.814533969 0.1)
(0.7523578625 1.814533969 0.1)
(0.7777361325 1.814533969 0.1)
(0.8037795497 1.814533969 0.1)
(0.8305055472 1.814533969 0.1)
(0.857932015 1.814533969 0.1)
(0.8860773118 1.814533969 0.1)
(0.9149602778 1.814533969 0.1)
(0.9446002467 1.814533969 0.1)
(0.9750170591 1.814533969 0.1)
(1.006231075 1.814533969 0.1)
(1.03826319 1.814533969 0.1)
(1.071134845 1.814533969 0.1)
(1.104868043 1.814533969 0.1)
(1.139485365 1.814533969 0.1)
(1.175009984 1.814533969 0.1)
(1.21146568 1.814533969 0.1)
(1.248876854 1.814533969 0.1)
(1.287268549 1.814533969 0.1)
(1.326666465 1.814533969 0.1)
(1.367096974 1.814533969 0.1)
(1.408587139 1.814533969 0.1)
(1.451164732 1.814533969 0.1)
(1.494858256 1.814533969 0.1)
(1.539696957 1.814533969 0.1)
(1.58571085 1.814533969 0.1)
(1.632930737 1.814533969 0.1)
(1.681388224 1.814533969 0.1)
(1.731115749 1.814533969 0.1)
(1.782146599 1.814533969 0.1)
(1.834514932 1.814533969 0.1)
(1.888255804 1.814533969 0.1)
(1.943405188 1.814533969 0.1)
(2 1.814533969 0.1)
(0.005659481181 1.874563081 0.1)
(0.01146729352 1.874563081 0.1)
(0.01742732468 1.874563081 0.1)
(0.02354356421 1.874563081 0.1)
(0.02982010622 1.874563081 0.1)
(0.03626115215 1.874563081 0.1)
(0.04287101351 1.874563081 0.1)
(0.04965411485 1.874563081 0.1)
(0.05661499667 1.874563081 0.1)
(0.06375831848 1.874563081 0.1)
(0.0710888619 1.874563081 0.1)
(0.07861153389 1.874563081 0.1)
(0.08633137 1.874563081 0.1)
(0.09425353778 1.874563081 0.1)
(0.1023833402 1.874563081 0.1)
(0.1107262192 1.874563081 0.1)
(0.1192877594 1.874563081 0.1)
(0.1280736918 1.874563081 0.1)
(0.1370898975 1.874563081 0.1)
(0.1463424118 1.874563081 0.1)
(0.1558374283 1.874563081 0.1)
(0.1655813027 1.874563081 0.1)
(0.1755805574 1.874563081 0.1)
(0.1858418858 1.874563081 0.1)
(0.1963721566 1.874563081 0.1)
(0.2071784187 1.874563081 0.1)
(0.2182679056 1.874563081 0.1)
(0.2296480404 1.874563081 0.1)
(0.2413264408 1.874563081 0.1)
(0.2533109242 1.874563081 0.1)
(0.2656095127 1.874563081 0.1)
(0.2782304389 1.874563081 0.1)
(0.291182151 1.874563081 0.1)
(0.3044733187 1.874563081 0.1)
(0.3181128388 1.874563081 0.1)
(0.3321098415 1.874563081 0.1)
(0.3464736962 1.874563081 0.1)
(0.3612140177 1.874563081 0.1)
(0.3763406731 1.874563081 0.1)
(0.3918637878 1.874563081 0.1)
(0.4077937529 1.874563081 0.1)
(0.4241412315 1.874563081 0.1)
(0.4409171664 1.874563081 0.1)
(0.4581327871 1.874563081 0.1)
(0.4757996177 1.874563081 0.1)
(0.4939294838 1.874563081 0.1)
(0.5125345214 1.874563081 0.1)
(0.5316271845 1.874563081 0.1)
(0.5512202532 1.874563081 0.1)
(0.571326843 1.874563081 0.1)
(0.5919604129 1.874563081 0.1)
(0.6131347746 1.874563081 0.1)
(0.634864102 1.874563081 0.1)
(0.6571629403 1.874563081 0.1)
(0.680046216 1.874563081 0.1)
(0.7035292468 1.874563081 0.1)
(0.7276277519 1.874563081 0.1)
(0.7523578625 1.874563081 0.1)
(0.7777361325 1.874563081 0.1)
(0.8037795497 1.874563081 0.1)
(0.8305055472 1.874563081 0.1)
(0.857932015 1.874563081 0.1)
(0.8860773118 1.874563081 0.1)
(0.9149602778 1.874563081 0.1)
(0.9446002467 1.874563081 0.1)
(0.9750170591 1.874563081 0.1)
(1.006231075 1.874563081 0.1)
(1.03826319 1.874563081 0.1)
(1.071134845 1.874563081 0.1)
(1.104868043 1.874563081 0.1)
(1.139485365 1.874563081 0.1)
(1.175009984 1.874563081 0.1)
(1.21146568 1.874563081 0.1)
(1.248876854 1.874563081 0.1)
(1.287268549 1.874563081 0.1)
(1.326666465 1.874563081 0.1)
(1.367096974 1.874563081 0.1)
(1.408587139 1.874563081 0.1)
(1.451164732 1.874563081 0.1)
(1.494858256 1.874563081 0.1)
(1.539696957 1.874563081 0.1)
(1.58571085 1.874563081 0.1)
(1.632930737 1.874563081 0.1)
(1.681388224 1.874563081 0.1)
(1.731115749 1.874563081 0.1)
(1.782146599 1.874563081 0.1)
(1.834514932 1.874563081 0.1)
(1.888255804 1.874563081 0.1)
(1.943405188 1.874563081 0.1)
(2 1.874563081 0.1)
(0.005659481181 1.936367589 0.1)
(0.01146729352 1.936367589 0.1)
(0.01742732468 1.936367589 0.1)
(0.02354356421 1.936367589 0.1)
(0.02982010622 1.936367589 0.1)
(0.03626115215 1.936367589 0.1)
(0.04287101351 1.936367589 0.1)
(0.04965411485 1.936367589 0.1)
(0.05661499667 1.936367589 0.1)
(0.06375831848 1.936367589 0.1)
(0.0710888619 1.936367589 0.1)
(0.07861153389 1.936367589 0.1)
(0.08633137 1.936367589 0.1)
(0.09425353778 1.936367589 0.1)
(0.1023833402 1.936367589 0.1)
(0.1107262192 1.936367589 0.1)
(0.1192877594 1.936367589 0.1)
(0.1280736918 1.936367589 0.1)
(0.1370898975 1.936367589 0.1)
(0.1463424118 1.936367589 0.1)
(0.1558374283 1.936367589 0.1)
(0.1655813027 1.936367589 0.1)
(0.1755805574 1.936367589 0.1)
(0.1858418858 1.936367589 0.1)
(0.1963721566 1.936367589 0.1)
(0.2071784187 1.936367589 0.1)
(0.2182679056 1.936367589 0.1)
(0.2296480404 1.936367589 0.1)
(0.2413264408 1.936367589 0.1)
(0.2533109242 1.936367589 0.1)
(0.2656095127 1.936367589 0.1)
(0.2782304389 1.936367589 0.1)
(0.291182151 1.936367589 0.1)
(0.3044733187 1.936367589 0.1)
(0.3181128388 1.936367589 0.1)
(0.3321098415 1.936367589 0.1)
(0.3464736962 1.936367589 0.1)
(0.3612140177 1.936367589 0.1)
(0.3763406731 1.936367589 0.1)
(0.3918637878 1.936367589 0.1)
(0.4077937529 1.936367589 0.1)
(0.4241412315 1.936367589 0.1)
(0.4409171664 1.936367589 0.1)
(0.4581327871 1.936367589 0.1)
(0.4757996177 1.936367589 0.1)
(0.4939294838 1.936367589 0.1)
(0.5125345214 1.936367589 0.1)
(0.5316271845 1.936367589 0.1)
(0.5512202532 1.936367589 0.1)
(0.571326843 1.936367589 0.1)
(0.5919604129 1.936367589 0.1)
(0.6131347746 1.936367589 0.1)
(0.634864102 1.936367589 0.1)
(0.6571629403 1.936367589 0.1)
(0.680046216 1.936367589 0.1)
(0.7035292468 1.936367589 0.1)
(0.7276277519 1.936367589 0.1)
(0.7523578625 1.936367589 0.1)
(0.7777361325 1.936367589 0.1)
(0.8037795497 1.936367589 0.1)
(0.8305055472 1.936367589 0.1)
(0.857932015 1.936367589 0.1)
(0.8860773118 1.936367589 0.1)
(0.9149602778 1.936367589 0.1)
(0.9446002467 1.936367589 0.1)
(0.9750170591 1.936367589 0.1)
(1.006231075 1.936367589 0.1)
(1.03826319 1.936367589 0.1)
(1.071134845 1.936367589 0.1)
(1.104868043 1.936367589 0.1)
(1.139485365 1.936367589 0.1)
(1.175009984 1.936367589 0.1)
(1.21146568 1.936367589 0.1)
(1.248876854 1.936367589 0.1)
(1.287268549 1.936367589 0.1)
(1.326666465 1.936367589 0.1)
(1.367096974 1.936367589 0.1)
(1.408587139 1.936367589 0.1)
(1.451164732 1.936367589 0.1)
(1.494858256 1.936367589 0.1)
(1.539696957 1.936367589 0.1)
(1.58571085 1.936367589 0.1)
(1.632930737 1.936367589 0.1)
(1.681388224 1.936367589 0.1)
(1.731115749 1.936367589 0.1)
(1.782146599 1.936367589 0.1)
(1.834514932 1.936367589 0.1)
(1.888255804 1.936367589 0.1)
(1.943405188 1.936367589 0.1)
(2 1.936367589 0.1)
(0.005659481181 2 0.1)
(0.01146729352 2 0.1)
(0.01742732468 2 0.1)
(0.02354356421 2 0.1)
(0.02982010622 2 0.1)
(0.03626115215 2 0.1)
(0.04287101351 2 0.1)
(0.04965411485 2 0.1)
(0.05661499667 2 0.1)
(0.06375831848 2 0.1)
(0.0710888619 2 0.1)
(0.07861153389 2 0.1)
(0.08633137 2 0.1)
(0.09425353778 2 0.1)
(0.1023833402 2 0.1)
(0.1107262192 2 0.1)
(0.1192877594 2 0.1)
(0.1280736918 2 0.1)
(0.1370898975 2 0.1)
(0.1463424118 2 0.1)
(0.1558374283 2 0.1)
(0.1655813027 2 0.1)
(0.1755805574 2 0.1)
(0.1858418858 2 0.1)
(0.1963721566 2 0.1)
(0.2071784187 2 0.1)
(0.2182679056 2 0.1)
(0.2296480404 2 0.1)
(0.2413264408 2 0.1)
(0.2533109242 2 0.1)
(0.2656095127 2 0.1)
(0.2782304389 2 0.1)
(0.291182151 2 0.1)
(0.3044733187 2 0.1)
(0.3181128388 2 0.1)
(0.3321098415 2 0.1)
(0.3464736962 2 0.1)
(0.3612140177 2 0.1)
(0.3763406731 2 0.1)
(0.3918637878 2 0.1)
(0.4077937529 2 0.1)
(0.4241412315 2 0.1)
(0.4409171664 2 0.1)
(0.4581327871 2 0.1)
(0.4757996177 2 0.1)
(0.4939294838 2 0.1)
(0.5125345214 2 0.1)
(0.5316271845 2 0.1)
(0.5512202532 2 0.1)
(0.571326843 2 0.1)
(0.5919604129 2 0.1)
(0.6131347746 2 0.1)
(0.634864102 2 0.1)
(0.6571629403 2 0.1)
(0.680046216 2 0.1)
(0.7035292468 2 0.1)
(0.7276277519 2 0.1)
(0.7523578625 2 0.1)
(0.7777361325 2 0.1)
(0.8037795497 2 0.1)
(0.8305055472 2 0.1)
(0.857932015 2 0.1)
(0.8860773118 2 0.1)
(0.9149602778 2 0.1)
(0.9446002467 2 0.1)
(0.9750170591 2 0.1)
(1.006231075 2 0.1)
(1.03826319 2 0.1)
(1.071134845 2 0.1)
(1.104868043 2 0.1)
(1.139485365 2 0.1)
(1.175009984 2 0.1)
(1.21146568 2 0.1)
(1.248876854 2 0.1)
(1.287268549 2 0.1)
(1.326666465 2 0.1)
(1.367096974 2 0.1)
(1.408587139 2 0.1)
(1.451164732 2 0.1)
(1.494858256 2 0.1)
(1.539696957 2 0.1)
(1.58571085 2 0.1)
(1.632930737 2 0.1)
(1.681388224 2 0.1)
(1.731115749 2 0.1)
(1.782146599 2 0.1)
(1.834514932 2 0.1)
(1.888255804 2 0.1)
(1.943405188 2 0.1)
(2 2 0.1)
)


// ************************************************************************* //
