candidate,N,np,state,E_GEOM_ALPHA_REL,E_VOL_ALPHA_REL,E_NARROW_L2_GRAD_PSI,E_NARROW_L1_GRAD_PSI,TIME
FP0,68,8,COMPLETED,0,0,0.0013625849643,0.00108582158143,0
FP0,68,8,COMPLETED,8.78127101757e-06,3.89604454619e-11,0.00136258496231,0.00108582157586,1.2e-06
FP0,68,8,COMPLETED,1.9318796233e-05,1.72670813591e-10,0.00136258496405,0.00108582157044,2.64e-06
FP0,68,8,COMPLETED,3.19638264858e-05,4.5834070423e-10,0.00136258497209,0.00108582156574,4.368e-06
FP0,68,8,COMPLETED,4.71378627847e-05,9.81459087757e-10,0.00136258499031,0.00108582156269,6.4416e-06
FP0,68,8,COMPLETED,6.53467062817e-05,1.8687922797e-09,0.00136258502452,0.00108582156278,8.92992e-06
FP0,68,8,COMPLETED,8.71971026133e-05,3.09161535188e-09,0.00136258508334,0.00108582156827,1.1915904e-05
FP0,68,8,COMPLETED,0.000113416793,4.31217198809e-09,0.00136258517949,0.00108582158263,1.54990848e-05
FP0,68,8,COMPLETED,0.000144878429553,4.560162473e-09,0.00136258533142,0.00108582161077,1.979890176e-05
FP0,68,8,COMPLETED,0.000182627871074,1.45168805731e-09,0.00136258556637,0.00108582166034,2.4958682112e-05
FP0,68,8,COMPLETED,0.00022792021306,7.65897739617e-09,0.00136258592408,0.00108582174258,3.11504185344e-05
FP0,68,8,COMPLETED,0.000282260796242,2.65045754077e-08,0.00136258646223,0.00108582187305,3.85805022413e-05
FP0,68,8,COMPLETED,0.000347454740692,6.05422152251e-08,0.0013625872654,0.00108582207692,4.74966026895e-05
FP0,68,8,COMPLETED,0.000425665827695,1.18235505663e-07,0.00136258845459,0.00108582238995,5.81959232274e-05
FP0,68,8,COMPLETED,0.000519487379852,2.12311149474e-07,0.00136259018375,0.00108582284075,7.10351078729e-05
FP0,68,8,COMPLETED,0.000632027499498,3.60998056352e-07,0.00136259270175,0.00108582349684,8.64421294475e-05
FP0,68,8,COMPLETED,0.000767009653977,5.91092011527e-07,0.00136259634245,0.00108582443501,0.000104930555337
FP0,68,8,COMPLETED,0.000928893201226,9.41626378921e-07,0.00136260159746,0.00108582577507,0.000127116666404
FP0,68,8,COMPLETED,0.00112301645956,1.46960492823e-06,0.00136260910795,0.00108582761535,0.000153739999685
FP0,68,8,COMPLETED,0.00135577896843,2.24585901422e-06,0.00136261994946,0.00108583025671,0.000185687999622
FP0,68,8,COMPLETED,0.00163494967875,3.26016847545e-06,0.00136263563495,0.00108583408475,0.000224025599547
FP0,68,8,COMPLETED,0.00196988926108,4.45409301199e-06,0.00136265832963,0.00108583963322,0.000270030719456
FP0,68,8,COMPLETED,0.0023717645842,5.81158333951e-06,0.00136267935251,0.00108582521863,0.000325236863347
FP0,68,8,COMPLETED,0.00285393970518,7.33256207398e-06,0.00136271295379,0.00108581006605,0.000391484236017
FP0,68,8,COMPLETED,0.00343244073407,9.00226293936e-06,0.00136276397157,0.00108579386315,0.00047098108322
FP0,68,8,COMPLETED,0.00412649475182,1.0773445511e-05,0.00136284329718,0.00108577945965,0.000566377299864
FP0,68,8,COMPLETED,0.00495925553609,1.245695156e-05,0.00136296563899,0.00108577071676,0.000680852759837
FP0,68,8,COMPLETED,0.00595845781476,1.3802954872e-05,0.00136315294202,0.00108578698014,0.000818223311805
FP0,68,8,COMPLETED,0.00715734266493,1.44474552092e-05,0.00136343558106,0.0010859596888,0.000983067974166
FP0,68,8,COMPLETED,0.00859577986824,1.38232875905e-05,0.00136385741277,0.00108633292695,0.001180881569
FP0,68,8,COMPLETED,0.0103215864453,1.10641950921e-05,0.00138041543873,0.00110043484604,0.0014182578828
FP0,68,8,COMPLETED,0.0123908981439,6.05219669914e-06,0.00139126684068,0.00110790208268,0.00170310945936
FP0,68,8,COMPLETED,0.0148689862996,2.95020152862e-07,0.00139498436286,0.00111322614991,0.00204493135123
FP0,68,8,COMPLETED,0.0178396842394,1.05476865726e-05,0.00141016218154,0.00112582516662,0.00245511762148
FP0,68,8,COMPLETED,0.0214076027797,1.43197983926e-05,0.00140992877865,0.00112548389908,0.00294734114577
FP0,68,8,COMPLETED,0.0256930312821,1.74414231179e-05,0.0014104584649,0.00112535787794,0.00353800937493
FP0,68,8,COMPLETED,0.0308421690213,2.51995170918e-05,0.00142467503507,0.00113437948073,0.00424681124991
FP0,68,8,COMPLETED,0.0370144062626,3.61592999549e-05,0.00141618049402,0.00112015911774,0.00509737349989
FP0,68,8,COMPLETED,0.0444463509366,3.63247335433e-05,0.00143126545438,0.00113971880352,0.00611804819987
FP0,68,8,COMPLETED,0.0533725079876,4.44714858391e-05,0.00146553001408,0.00117323608997,0.00734285783985
FP0,68,8,COMPLETED,0.0640577509917,5.61311838388e-05,0.00145454835786,0.00116508286794,0.00881262940781
FP0,68,8,COMPLETED,0.0768723605234,5.17630519721e-05,0.00145549034215,0.00117509445501,0.0105763552894
FP0,68,8,COMPLETED,0.0922381264197,5.15797143284e-05,0.0015217850536,0.00124338568215,0.0126928263473
FP0,68,8,COMPLETED,0.1106682559,9.9287543277e-05,0.0016651986117,0.00134427856154,0.0152325916167
FP0,68,8,COMPLETED,0.132778998022,0.000140141667882,0.00174571118976,0.00139559921001,0.01828030994
FP0,68,8,COMPLETED,0.159219956443,8.245832809e-05,0.00218281972663,0.00162205500027,0.0219375719281
FP0,68,8,COMPLETED,0.191000229211,0.000273708812087,0.00279318709989,0.0019996548533,0.0263262863137
FP0,68,8,COMPLETED,0.229204226762,0.000518683712022,0.00411954451838,0.00284009688688,0.0315927435764
FP0,68,8,COMPLETED,0.270260093307,0.000404535088748,0.00545372432957,0.00367209044911,0.0372633381857
FP0,68,8,COMPLETED,0.311571444069,0.000710190920034,0.00621344230676,0.004398666992,0.0429366676891
FP0,68,8,COMPLETED,0.351870878177,0.000521749268975,0.00871215118967,0.00591682101088,0.0486131869673
FP0,68,8,COMPLETED,0.393421516045,0.00101628775769,0.0105555163993,0.0069878243962,0.0542933531413
FP0,68,8,COMPLETED,0.433698686849,0.000885595853194,0.0122132743544,0.00809857168168,0.0599776259092
FP0,68,8,COMPLETED,0.474985263449,0.00127545775296,0.0136883344062,0.00929111380571,0.0656664678876
FP0,68,8,COMPLETED,0.515228420063,0.00136757258655,0.0155721964475,0.0106864738132,0.0713603449594
FP0,68,8,COMPLETED,0.555980655971,0.00180395587537,0.0187778184883,0.013039896352,0.0770597266278
FP0,68,8,COMPLETED,0.596826535067,0.00175256778598,0.0207586764536,0.0147300054334,0.082765086378
FP0,68,8,COMPLETED,0.637714847656,0.00213491022764,0.0224727416492,0.0158801432709,0.0884769020468
FP0,68,8,COMPLETED,0.678194501077,0.00250610602114,0.0237492477236,0.0173189876098,0.0941956562008
FP0,68,8,COMPLETED,0.718638736618,0.00288839123306,0.0255873055125,0.0189980931318,0.0999218365258
FP0,68,8,COMPLETED,0.758965307227,0.00309002970012,0.02835318338,0.0209500304491,0.105655936225
FP0,68,8,COMPLETED,0.798680425143,0.00348835404238,0.0304330384171,0.022337753493,0.111398454432
FP0,68,8,COMPLETED,0.838459221886,0.00387444045994,0.0310795675434,0.0225894817616,0.117149896631
FP0,68,8,COMPLETED,0.878333729097,0.00398329790766,0.0326855315619,0.0243132787908,0.122910775099
FP0,68,8,COMPLETED,0.91850636134,0.00442338534888,0.0338102734271,0.0254524672604,0.128681609352
FP0,68,8,COMPLETED,0.958340820118,0.00477527130896,0.0348834826187,0.0267638604265,0.134462926622
FP0,68,8,COMPLETED,0.997788650705,0.00520923075613,0.0352703190064,0.0276017732033,0.140255262333
FP0,68,8,COMPLETED,1.03638829435,0.00520310900787,0.0370415926926,0.0290551604125,0.146059160615
FP0,68,8,COMPLETED,1.0749290865,0.00575252893008,0.0394767727259,0.0310956858199,0.151875174822
FP0,68,8,COMPLETED,1.11278852522,0.00587894326406,0.0405416971128,0.0322821066943,0.157703868081
FP0,68,8,COMPLETED,1.15148756506,0.00627158193858,0.0424051584076,0.0340592482804,0.163545813862
FP0,68,8,COMPLETED,1.1902278861,0.00651008421031,0.0447167921304,0.0360505764282,0.169401596569
FP0,68,8,COMPLETED,1.2285218942,0.0068092167472,0.0454598748177,0.0366594793257,0.175271812169
FP0,68,8,COMPLETED,1.26583497338,0.00733851145905,0.0486168463162,0.0389562027853,0.181157068833
FP0,68,8,COMPLETED,1.30273017319,0.00764510772896,0.0526917953792,0.0410821026527,0.187057987625
FP0,68,8,COMPLETED,1.33944053916,0.00783259265494,0.0570513475075,0.0447128255933,0.192975203212
FP0,68,8,COMPLETED,1.37545440064,0.00807835764711,0.0623365525329,0.0484431385346,0.198909364617
FP0,68,8,COMPLETED,1.41215220311,0.00852606132184,0.0651141437957,0.0500916828578,0.204861136007
FP0,68,8,COMPLETED,1.44753794563,0.0090762254039,0.0682558217177,0.0519839857368,0.210831197524
FP0,68,8,COMPLETED,1.48203117225,0.0094904769765,0.0725709249471,0.0547477234798,0.216820246159
FP0,68,8,COMPLETED,1.51715463694,0.0100147178566,0.083860684866,0.0630214165847,0.222828996677
FP0,68,8,COMPLETED,1.55228436528,0.0106247046625,0.0915039845085,0.0679813487288,0.228858182589
FP0,68,8,COMPLETED,1.5866569194,0.0109304262193,0.10037700462,0.0741786164104,0.234908557187
FP0,68,8,COMPLETED,1.61832043195,0.0116700790731,0.105497732143,0.0765780840758,0.24098089463
FP0,68,8,COMPLETED,1.65034858131,0.0124262398743,0.113320158571,0.0820523725125,0.247075991102
FP0,68,8,COMPLETED,1.68393033028,0.0134327123751,0.119971837799,0.086936738264,0.253194666038
FP0,68,8,COMPLETED,1.71704688433,0.0145535296771,0.12448045315,0.0888013614754,0.259337763424
FP0,68,8,COMPLETED,1.74652002668,0.0158432560101,0.134056702935,0.0976677727927,0.265506153181
FP0,68,8,COMPLETED,1.77663549956,0.0167991327313,0.142522948079,0.102879297418,0.271700732641
FP0,68,8,COMPLETED,1.80542311157,0.0177536198122,0.156782079021,0.115538777988,0.277922428106
FP0,68,8,COMPLETED,1.83458975136,0.0198598916389,0.167441809502,0.124014282554,0.284172196534
FP0,68,8,COMPLETED,1.86067996333,0.021278503779,0.173128423411,0.125433205361,0.290451027314
FP0,68,8,COMPLETED,1.88789000306,0.0228941767165,0.188803097205,0.136888078005,0.296759944184
FP0,68,8,COMPLETED,1.91433160292,0.0250173493737,0.202089873748,0.145920258973,0.303100007271
FP0,68,8,COMPLETED,1.9350598494,0.0270469846768,0.212023862301,0.1496200949,0.309472315285
FP0,68,8,COMPLETED,1.95425373882,0.0290720517994,0.220921765227,0.157515878367,0.315878007867
FP0,68,8,COMPLETED,1.97656747302,0.0318858746224,0.247589312688,0.178155078826,0.322318268117
FP0,68,8,COMPLETED,1.99745556449,0.034168437594,0.262169932997,0.1864790605,0.328794325313
FP0,68,8,COMPLETED,2.0131404594,0.0361987966575,0.312192320564,0.211853833109,0.335307457833
FP0,68,8,COMPLETED,2.02424998262,0.0374103320857,0.367625052676,0.236488159088,0.341858996316
FP0,68,8,COMPLETED,2.02985454711,0.0381792849652,0.370946603258,0.254262986633,0.34845032707
FP0,68,8,COMPLETED,2.03473438647,0.0398970038198,0.410679497005,0.281416284751,0.355082895764
FP0,68,8,COMPLETED,2.03895267654,0.0404092919223,0.415953466171,0.28191850304,0.361758211422
FP0,68,8,COMPLETED,2.03712324902,0.0376772517941,0.434811101728,0.302593912153,0.368477850756
FP0,68,8,COMPLETED,2.03497529883,0.0349752988321,0.514400217911,0.357648514464,0.375243462883
FP0,68,8,COMPLETED,2.03326084787,0.0332608478706,0.543566992308,0.369033585813,0.38205677445
FP0,68,8,COMPLETED,2.02705154894,0.0270515489438,0.693207854805,0.429457636019,0.388919595224
FP0,68,8,COMPLETED,2.0113835569,0.0113835568978,0.756711892037,0.482759582759,0.3958338242
FP0,68,8,COMPLETED,2.01874630253,0.0187463025337,0.787437782449,0.513894421635,0.402801456283
FP0,68,8,COMPLETED,2.01302970925,0.0130297092546,0.795305435653,0.520158229538,0.409824589606
FP0,68,8,COMPLETED,2.01461154047,0.0146115404714,0.858815516137,0.563965857476,0.416905433581
FP0,68,8,COMPLETED,2.01769195221,0.0176919522063,0.917601044433,0.615735362832,0.424046317743
FP0,68,8,COMPLETED,2.01925130551,0.019251305512,0.947257439182,0.631185614739,0.43124970152
FP0,68,8,COMPLETED,2.02091015677,0.0209101567692,0.915659595522,0.623334560643,0.438518185016
FP0,68,8,COMPLETED,2.02519003276,0.0251900327649,0.934611690771,0.638104120623,0.44585452097
FP0,68,8,COMPLETED,2.02828816779,0.0282881677885,0.968177713515,0.673709248202,0.453261628023
FP0,68,8,COMPLETED,2.03182745199,0.0318274519923,0.986575612509,0.700012455975,0.4607426055
FP0,68,8,COMPLETED,2.03551717485,0.0355171748467,1.11329483897,0.78337613057,0.4683007499
FP0,68,8,COMPLETED,2.03894045521,0.0389404552064,1.15873130908,0.814567719965,0.475939573353
FP0,68,8,COMPLETED,2.0414351114,0.0414351113975,1.18024009154,0.815533197104,0.48366282434
FP0,68,8,COMPLETED,2.0443029294,0.0443029293967,1.17425793157,0.816223587306,0.491474511023
FP0,68,8,COMPLETED,2.04788290863,0.0478829086339,1.19621023735,0.829899759232,0.499378927583
FP0,68,8,COMPLETED,2.05160704559,0.0516070455921,1.24703827433,0.890204890745,0.507380684088
FP0,68,8,COMPLETED,2.05658387958,0.0565838795808,1.25280375245,0.899071225658,0.515484740442
FP0,68,8,COMPLETED,2.06218704268,0.0621870426789,1.24162111317,0.899019257475,0.523696445155
FP0,68,8,COMPLETED,2.06574907749,0.0657490774867,1.26126008781,0.92067220277,0.532021579772
FP0,68,8,COMPLETED,2.071458982,0.0714589819958,1.25110478152,0.915853406599,0.540466410016
FP0,68,8,COMPLETED,2.07558971622,0.0755897162151,1.27380807935,0.936162188713,0.549037744919
FP0,68,8,COMPLETED,2.07968847725,0.0796884772522,1.28405782801,0.951174834923,0.557743005513
FP0,68,8,COMPLETED,2.08386539633,0.0838653963275,1.28023238189,0.962949958603,0.566590305054
FP0,68,8,COMPLETED,2.08759884093,0.0875988409268,1.27619301596,0.970294087572,0.575588543211
FP0,68,8,COMPLETED,2.09182969233,0.0918296923316,1.27795951819,0.98673480179,0.58474751731
FP0,68,8,COMPLETED,2.09661001821,0.0966100182086,1.33852418604,1.02350721149,0.594078054564
FP0,68,8,COMPLETED,2.10081361557,0.100813615566,1.40567902325,1.08005399989,0.603592170319
FP0,68,8,COMPLETED,2.10317005886,0.103170058864,1.44246384487,1.12163914916,0.613303258833
FP0,68,8,COMPLETED,2.10626381046,0.106263810456,1.46933840939,1.15544790077,0.623226325151
FP0,68,8,COMPLETED,2.11019237628,0.110192376282,1.50408402851,1.16792765642,0.633378269377
FP0,68,8,COMPLETED,2.11425153637,0.114251536368,1.4918865758,1.15453079849,0.643778238557
FP0,68,8,COMPLETED,2.11903017231,0.119030172309,1.523934564,1.18356229553,0.654448066852
FP0,68,8,COMPLETED,2.12180388345,0.121803883449,1.50991005529,1.16958801826,0.665412832559
FP0,68,8,COMPLETED,2.12551327087,0.12551327087,1.54985960783,1.21169811179,0.676701572159
FP0,68,8,COMPLETED,2.12938064487,0.129380644865,1.54074502082,1.20552959802,0.688348208856
FP0,68,8,COMPLETED,2.13516694757,0.135166947572,1.53948435085,1.21295012635,0.700392779698
FP0,68,8,COMPLETED,2.14364631004,0.143646310041,1.56168170742,1.23728450948,0.712883087078
FP0,68,8,COMPLETED,2.14699646668,0.146996466683,1.58677078472,1.26688500177,0.725876968096
FP0,68,8,COMPLETED,2.15272187779,0.152721877794,1.60583395669,1.28533150075,0.739445488374
FP0,68,8,COMPLETED,2.16202133823,0.162021338228,1.60262831081,1.27833172324,0.753677563755
FP0,68,8,COMPLETED,2.16027030688,0.160270306881,1.5973815956,1.28689605803,0.768686871083
FP0,68,8,COMPLETED,2.16860376072,0.168603760722,1.56604486528,1.25748156334,0.784622594979
FP0,68,8,COMPLETED,2.17494458616,0.174944586159,1.56799719233,1.25139860433,0.801686957182
FP0,68,8,COMPLETED,2.17450714648,0.174507146484,1.61831472546,1.29379703703,0.820165561517
FP0,68,8,COMPLETED,2.1770976119,0.177097611903,1.64044152428,1.33825664358,0.840484087342
FP0,68,8,COMPLETED,2.18054031411,0.180540314113,1.61977524318,1.32544201934,0.863325539579
FP0,68,8,COMPLETED,2.19020188387,0.190201883873,1.67048073493,1.35162302642,0.889909988966
FP0,68,8,COMPLETED,2.18783381827,0.187833818268,1.70389257111,1.38031837892,0.921811328232
FP0,68,8,COMPLETED,2.18867301977,0.188673019769,1.68614474799,1.36435391248,0.96009293535
FP0,68,8,COMPLETED,2.18941531919,0.189415319189,1.69375468494,1.3755714819,1.00603086389
FP0,68,8,COMPLETED,2.18757913427,0.187579134275,1.70525660291,1.38682524369,1.06115637814
FP0,68,8,COMPLETED,2.18129136298,0.181291362978,1.64657080706,1.33442039772,1.12020369247
FP0,68,8,COMPLETED,2.17981489293,0.179814892929,1.58986360688,1.29401117854,1.15037815366
FP0,68,8,COMPLETED,2.17891471251,0.17891471251,1.61329593488,1.31887136869,1.17457926048
FP0,68,8,COMPLETED,2.17250536831,0.172505368311,1.56713311594,1.25096904111,1.1954933056
FP0,68,8,COMPLETED,2.16891197449,0.168911974493,1.57141826539,1.26030141378,1.2142298268
FP0,68,8,COMPLETED,2.16294273322,0.162942733215,1.57976576616,1.2649899218,1.23138209422
FP0,68,8,COMPLETED,2.15818181548,0.158181815477,1.57635850721,1.25025579691,1.24731327926
FP0,68,8,COMPLETED,2.15147107459,0.151471074585,1.56842807687,1.25463502914,1.26226549064
FP0,68,8,COMPLETED,2.14465193835,0.144651938348,1.56800229179,1.25047425571,1.27640997988
FP0,68,8,COMPLETED,2.13858303331,0.138583033314,1.52562076727,1.21607348897,1.28987329494
FP0,68,8,COMPLETED,2.13302738811,0.133027388114,1.51536582858,1.19845304416,1.30275215611
FP0,68,8,COMPLETED,2.1302300346,0.130230034601,1.47704971198,1.15876343272,1.31512249636
FP0,68,8,COMPLETED,2.12665079822,0.12665079822,1.46242126676,1.14594742632,1.32704524763
FP0,68,8,COMPLETED,2.12245366479,0.122453664791,1.47610539687,1.15939893803,1.33857020243
FP0,68,8,COMPLETED,2.12024143286,0.120241432862,1.43005754558,1.11395376276,1.34973868124
FP0,68,8,COMPLETED,2.1162030326,0.116203032596,1.40860638758,1.09095938527,1.36058542921
FP0,68,8,COMPLETED,2.11250598223,0.112505982227,1.29102294622,1.01704606241,1.37113999835
FP0,68,8,COMPLETED,2.11172180083,0.111721800827,1.24617878542,0.9958020937,1.38142777662
FP0,68,8,COMPLETED,2.10871550262,0.108715502622,1.18181461992,0.929764418009,1.39147076824
FP0,68,8,COMPLETED,2.10486962569,0.104869625687,1.16380372845,0.90835182693,1.40128819536
FP0,68,8,COMPLETED,2.10167311034,0.101673110342,1.14164713781,0.883722064097,1.41089696848
FP0,68,8,COMPLETED,2.09857145169,0.0985714516888,1.15358863079,0.888137701886,1.42031205931
FP0,68,8,COMPLETED,2.09432542303,0.0943254230265,1.16263582253,0.883880990431,1.42954679949
FP0,68,8,COMPLETED,2.09221022251,0.092210222506,1.12078563947,0.835682855446,1.43861312267
FP0,68,8,COMPLETED,2.08932466548,0.0893246654825,1.09297859877,0.787129946411,1.44752176243
FP0,68,8,COMPLETED,2.08587694165,0.0858769416465,1.12097286041,0.813509002832,1.45628241556
FP0,68,8,COMPLETED,2.08372349641,0.0837234964061,1.03374139643,0.747794968098,1.46490387785
FP0,68,8,COMPLETED,2.07976150191,0.0797615019118,1.02998788363,0.747762818452,1.47339415781
FP0,68,8,COMPLETED,2.07703413503,0.0770341350325,0.986172771338,0.717733904751,1.48176057261
FP0,68,8,COMPLETED,2.07361704346,0.0736170434625,1.00216030646,0.72238742509,1.49000982949
FP0,68,8,COMPLETED,2.07266391843,0.0726639184257,0.900295351419,0.637355966603,1.49814809524
FP0,68,8,COMPLETED,2.07087349093,0.0708734909309,0.882335597481,0.599257266897,1.50618105583
FP0,68,8,COMPLETED,2.06994989573,0.0699498957284,0.853276826677,0.596594969132,1.51411396791
FP0,68,8,COMPLETED,2.06690694252,0.0669069425183,0.752591511648,0.556864207587,1.52195170337
FP0,68,8,COMPLETED,2.06469682518,0.0646968251778,0.700720120148,0.522168207287,1.52969878816
FP0,68,8,COMPLETED,2.06480536271,0.0648053627055,0.672546089458,0.499245604111,1.53735943624
FP0,68,8,COMPLETED,2.06331677068,0.0633167706841,0.662629658337,0.481285616523,1.54493757938
FP0,68,8,COMPLETED,2.05997592898,0.0599759289844,0.627581614634,0.443550095049,1.55243689336
FP0,68,8,COMPLETED,2.05655247238,0.0565524723797,0.632805646049,0.435078581425,1.55986082123
FP0,68,8,COMPLETED,2.0542644973,0.0542644973008,0.608002284974,0.420627660757,1.56721259383
FP0,68,8,COMPLETED,2.05364530012,0.0536453001158,0.614165076927,0.417138187896,1.57449524813
FP0,68,8,COMPLETED,2.05122777793,0.0512277779251,0.594867359146,0.406849148398,1.58171164355
FP0,68,8,COMPLETED,2.04921994315,0.0492199431464,0.563908387225,0.384703523634,1.58886447659
FP0,68,8,COMPLETED,2.04725598715,0.0472559871497,0.523281806409,0.35683932196,1.59595629395
FP0,68,8,COMPLETED,2.04498534789,0.0449853478852,0.487496152994,0.333544507603,1.60298950433
FP0,68,8,COMPLETED,2.04420951126,0.0442095112604,0.463482064541,0.3208555036,1.6099663891
FP0,68,8,COMPLETED,2.04246006433,0.0424600643292,0.39839958281,0.302648903688,1.61688911186
FP0,68,8,COMPLETED,2.03960976304,0.0398667689716,0.367580334205,0.286946317708,1.62375972726
FP0,68,8,COMPLETED,2.03712049549,0.0383528428239,0.370517380564,0.27962073476,1.63058018883
FP0,68,8,COMPLETED,2.03440760857,0.0367805615881,0.349950850183,0.25800680497,1.63735235622
FP0,68,8,COMPLETED,2.02846726654,0.0340345178291,0.319046695831,0.238797466918,1.64407800179
FP0,68,8,COMPLETED,2.02318192574,0.0321138044124,0.306722176513,0.233364499507,1.65075881658
FP0,68,8,COMPLETED,2.01643709795,0.0308104985674,0.295579943912,0.22140349371,1.65739641581
FP0,68,8,COMPLETED,2.00733528525,0.0297710783481,0.257563745298,0.194963064294,1.66399234392
FP0,68,8,COMPLETED,1.99960454459,0.0284774485988,0.247505632228,0.191035681435,1.67054807919
FP0,68,8,COMPLETED,1.9877298058,0.0266712506326,0.221956916453,0.176710707715,1.67706503799
FP0,68,8,COMPLETED,1.97423332198,0.0261621376883,0.215767637798,0.172887740734,1.68354457871
FP0,68,8,COMPLETED,1.95872327386,0.0245300891239,0.203187263512,0.162644418038,1.68998800538
FP0,68,8,COMPLETED,1.94035916612,0.0235979116248,0.192811274498,0.1536613471,1.69639657097
FP0,68,8,COMPLETED,1.91729416542,0.0228775799667,0.18053773695,0.147972881301,1.70277148055
FP0,68,8,COMPLETED,1.88885517699,0.0230540084387,0.173177827037,0.139168604481,1.70911389409
FP0,68,8,COMPLETED,1.86006707879,0.022054225305,0.17269972489,0.135919092913,1.71542492919
FP0,68,8,COMPLETED,1.83084575462,0.0216127143486,0.159169284672,0.128022075516,1.72170566347
FP0,68,8,COMPLETED,1.8022740934,0.0208749020885,0.163347468319,0.130012010303,1.72795713696
FP0,68,8,COMPLETED,1.77191430323,0.0204505851661,0.161839790646,0.129451604412,1.73418035418
FP0,68,8,COMPLETED,1.74026881735,0.0204604668728,0.153234143174,0.125373193223,1.74037628616
FP0,68,8,COMPLETED,1.70787621021,0.0206010738351,0.164167382439,0.132644742404,1.74654587232
FP0,68,8,COMPLETED,1.67434877241,0.0202519870217,0.155020818458,0.12533809875,1.75269002221
FP0,68,8,COMPLETED,1.64174373971,0.0202625113479,0.153152980858,0.124489133837,1.75880961714
FP0,68,8,COMPLETED,1.60998093614,0.0199181855415,0.150112389354,0.122184467085,1.76490551172
FP0,68,8,COMPLETED,1.57715052752,0.0197605204036,0.144749207645,0.11562365872,1.77097853532
FP0,68,8,COMPLETED,1.54364555444,0.0199560232909,0.143735325921,0.112871816427,1.77702949338
FP0,68,8,COMPLETED,1.50820046155,0.0202314321749,0.149573024212,0.117677758401,1.78305916871
FP0,68,8,COMPLETED,1.47177947829,0.0200264057669,0.156662794191,0.122649347836,1.78906832271
FP0,68,8,COMPLETED,1.43665532095,0.0199074008725,0.1511238007,0.117755206584,1.79505769646
FP0,68,8,COMPLETED,1.40203778532,0.0196937693865,0.146954181327,0.115622517279,1.8010280118
FP0,68,8,COMPLETED,1.36569065387,0.0195059353048,0.145880789801,0.114499059485,1.80697997234
FP0,68,8,COMPLETED,1.32889409578,0.0198533634949,0.142968249213,0.112414405639,1.81291426445
FP0,68,8,COMPLETED,1.29181630568,0.0201434621144,0.139467382864,0.110332035636,1.81883155808
FP0,68,8,COMPLETED,1.25477232883,0.0201793215429,0.150585722629,0.118376204959,1.82473250771
FP0,68,8,COMPLETED,1.21718923456,0.0198782725264,0.150564047633,0.119023221665,1.83061775309
FP0,68,8,COMPLETED,1.17896452254,0.0200138223766,0.14798676761,0.117052731871,1.83648792006
FP0,68,8,COMPLETED,1.14021872019,0.0199211036632,0.143032511216,0.113458367003,1.84234362127
FP0,68,8,COMPLETED,1.10170030698,0.0199936402669,0.141175524963,0.112240012713,1.84818545685
FP0,68,8,COMPLETED,1.06325727769,0.0203033214031,0.152449149187,0.121134059864,1.85401401513
FP0,68,8,COMPLETED,1.02524406545,0.0202423371051,0.154971670221,0.122157357633,1.85982987326
FP0,68,8,COMPLETED,0.986278744875,0.0203684754476,0.15012784504,0.119765430539,1.86563359778
FP0,68,8,COMPLETED,0.946597912019,0.0204383509173,0.148605749849,0.1197972204,1.87142574526
FP0,68,8,COMPLETED,0.907071585442,0.0205888217112,0.145370001585,0.118553084377,1.87720686282
FP0,68,8,COMPLETED,0.867253543678,0.0206275554038,0.154657525976,0.123152605252,1.88297748871
FP0,68,8,COMPLETED,0.827588916965,0.0210541822699,0.160189158878,0.128247748477,1.88873815275
FP0,68,8,COMPLETED,0.788142730657,0.020831684503,0.154051021328,0.124746672101,1.8944893769
FP0,68,8,COMPLETED,0.748432757885,0.0210956698171,0.150961136488,0.123196604977,1.9002316757
FP0,68,8,COMPLETED,0.708560199146,0.0215487421026,0.148944216636,0.122661770967,1.90596555675
FP0,68,8,COMPLETED,0.668214170177,0.0215780759781,0.160523526024,0.128931077423,1.91169152113
FP0,68,8,COMPLETED,0.627660443445,0.0218054882068,0.163732034287,0.133762589468,1.91741006386
FP0,68,8,COMPLETED,0.587119264501,0.0217281728994,0.159709621977,0.130663156229,1.9231216743
FP0,68,8,COMPLETED,0.546910113471,0.0222275183913,0.157214836497,0.129535157725,1.92882683653
FP0,68,8,COMPLETED,0.506744016195,0.0225158414046,0.162190720292,0.132714219094,1.93452602982
FP0,68,8,COMPLETED,0.466571732469,0.0229378937554,0.162072307318,0.132093880746,1.94021972894
FP0,68,8,COMPLETED,0.425794138134,0.0231106901657,0.163697925245,0.134073508862,1.94590840455
FP0,68,8,COMPLETED,0.385065149279,0.0235078388025,0.165596665679,0.136049278733,1.9515925236
FP0,68,8,COMPLETED,0.343927583022,0.0235233018165,0.167850535048,0.136204620191,1.95727254965
FP0,68,8,COMPLETED,0.303550021163,0.0238480573396,0.167259257372,0.135084451802,1.96294894322
FP0,68,8,COMPLETED,0.262649604478,0.0239576440652,0.1608166723,0.129260970062,1.96862216219
FP0,68,8,COMPLETED,0.22208739326,0.0241844862243,0.157756167635,0.127368754185,1.97429266205
FP0,68,8,COMPLETED,0.181078079307,0.0242825703802,0.163328782581,0.130865074893,1.97996089631
FP0,68,8,COMPLETED,0.140086720534,0.0246146622527,0.166230202986,0.133140549488,1.9856273168
FP0,68,8,COMPLETED,0.101131445108,0.0247355483539,0.162683593779,0.128611984241,1.99129237399
FP0,68,8,COMPLETED,0.0670455537214,0.0248487040899,0.161016558421,0.12699691902,1.99695651732
FP0,68,8,COMPLETED,0.0511265036217,0.0247790242808,0.162624267557,0.127972767288,2
HL0,68,8,COMPLETED,0,0,0.0013625849643,0.00108582158143,0
HL0,68,8,COMPLETED,8.79622607384e-06,3.72569875571e-11,0.00136258532835,0.00108582158309,1.2e-06
HL0,68,8,COMPLETED,1.93516973653e-05,1.71602952263e-10,0.00136258673994,0.00108582160584,2.64e-06
HL0,68,8,COMPLETED,3.20182629244e-05,4.61894949455e-10,0.00136258983746,0.00108582166301,4.368e-06
HL0,68,8,COMPLETED,4.72181416175e-05,9.96116703001e-10,0.00136259557566,0.00108582177464,6.4416e-06
HL0,68,8,COMPLETED,6.54579960097e-05,1.90475185759e-09,0.00136260537196,0.00108582197055,8.92992e-06
HL0,68,8,COMPLETED,8.73456039443e-05,3.16310692003e-09,0.0013626213185,0.00108582229486,1.1915904e-05
HL0,68,8,COMPLETED,0.000113609947068,4.44156783213e-09,0.00136264648913,0.00108582281249,1.54990848e-05
HL0,68,8,COMPLETED,0.000145125148594,4.76437778222e-09,0.00136268538349,0.00108595141715,1.979890176e-05
HL0,68,8,COMPLETED,0.000182938844613,1.75619617383e-09,0.00136274456868,0.00108630990197,2.4958682112e-05
HL0,68,8,COMPLETED,0.0002283082672,7.21011426893e-09,0.00136283360575,0.00108686743629,3.11504185344e-05
HL0,68,8,COMPLETED,0.000282741311169,2.58483637903e-08,0.00136296638646,0.00108753710326,3.85805022413e-05
HL0,68,8,COMPLETED,0.00034804615905,5.9586194401e-08,0.00136316306049,0.00108834160503,4.74966026895e-05
HL0,68,8,COMPLETED,0.000426390241661,1.168641402e-07,0.00136345281142,0.00108930830573,5.81959232274e-05
HL0,68,8,COMPLETED,0.000520371271526,2.10352014107e-07,0.00136387785146,0.00109047021741,7.10351078729e-05
HL0,68,8,COMPLETED,0.000633102602291,3.58200430387e-07,0.0013644991628,0.00109186720701,8.64421294475e-05
HL0,68,8,COMPLETED,0.000768313975308,5.87099613543e-07,0.00136540473541,0.00109354747891,0.000104930555337
HL0,68,8,COMPLETED,0.00093047224784,9.35934008105e-07,0.00136672136031,0.00109556940337,0.000127116666404
HL0,68,8,COMPLETED,0.00112492467952,1.46149121607e-06,0.00136863145937,0.00109853606894,0.000153739999685
HL0,68,8,COMPLETED,0.00135808177597,2.23403351233e-06,0.00137139699547,0.00110287492129,0.000185687999622
HL0,68,8,COMPLETED,0.0016377259403,3.24219961657e-06,0.00137539322561,0.00110896305183,0.000224025599547
HL0,68,8,COMPLETED,0.00197323359691,4.42636222691e-06,0.00138115591568,0.00111698456702,0.000270030719456
HL0,68,8,COMPLETED,0.00237578974954,5.769524151e-06,0.00138944652502,0.00112785552038,0.000325236863347
HL0,68,8,COMPLETED,0.00285878064131,7.26959073799e-06,0.00140134051877,0.00114176673385,0.000391484236017
HL0,68,8,COMPLETED,0.00343825934332,8.90938624843e-06,0.00141834380972,0.00116244166749,0.00047098108322
HL0,68,8,COMPLETED,0.0041334844115,1.06374019106e-05,0.00144254039653,0.0011885369577,0.000566377299864
HL0,68,8,COMPLETED,0.00496764756133,1.22586390265e-05,0.00147676924657,0.00122162903518,0.000680852759837
HL0,68,8,COMPLETED,0.0059685285712,1.35150746667e-05,0.00152481939886,0.00126471778887,0.000818223311805
HL0,68,8,COMPLETED,0.00716942239441,1.40311272579e-05,0.00159162027357,0.00132054789749,0.000983067974166
HL0,68,8,COMPLETED,0.00861026277397,1.3222886481e-05,0.00168339523629,0.00139858009279,0.001180881569
HL0,68,8,COMPLETED,0.0103389417944,1.01972914184e-05,0.00181281012105,0.00149985628778,0.0014182578828
HL0,68,8,COMPLETED,0.0124116450991,4.84912545621e-06,0.00198022955188,0.00163930131172,0.00170310945936
HL0,68,8,COMPLETED,0.014893787835,1.40107602231e-06,0.00220056156099,0.001808264799,0.00204493135123
HL0,68,8,COMPLETED,0.0178692994553,1.29506482013e-05,0.00248558935937,0.00202138817247,0.00245511762148
HL0,68,8,COMPLETED,0.0214425613565,1.81095204322e-05,0.00282889221053,0.00229095572102,0.00294734114577
HL0,68,8,COMPLETED,0.0257336061661,2.41024313699e-05,0.00326202515713,0.00263566949724,0.00353800937493
HL0,68,8,COMPLETED,0.0308910543121,3.38928856175e-05,0.00382414184606,0.00308773026238,0.00424681124991
HL0,68,8,COMPLETED,0.0370732007685,4.78356381784e-05,0.00454595199273,0.00371227639101,0.00509737349989
HL0,68,8,COMPLETED,0.0445166956785,5.22930096645e-05,0.0055090698263,0.00447289911782,0.00611804819987
HL0,68,8,COMPLETED,0.0534553820892,6.78102330553e-05,0.00654441548448,0.00530835922541,0.00734285783985
HL0,68,8,COMPLETED,0.0641542935763,9.00097069014e-05,0.00793571027774,0.00636257873169,0.00881262940781
HL0,68,8,COMPLETED,0.0769841380516,0.000100240474315,0.00932397480398,0.00745330240481,0.0105763552894
HL0,68,8,COMPLETED,0.0923690992031,0.000120285743426,0.0110445267382,0.00892561405862,0.0126928263473
HL0,68,8,COMPLETED,0.110826491742,0.0001964407855,0.0134251938919,0.0109004515349,0.0152325916167
HL0,68,8,COMPLETED,0.133011139723,0.000308182480981,0.0158225707149,0.0130430610667,0.01828030994
HL0,68,8,COMPLETED,0.159475850221,0.00028921417146,0.0188876509251,0.015589711079,0.0219375719281
HL0,68,8,COMPLETED,0.191339212556,0.000519307748439,0.024190083927,0.0194002367529,0.0263262863137
HL0,68,8,COMPLETED,0.229614637032,0.000844810876368,0.0298482997787,0.0239366724601,0.0315927435764
HL0,68,8,COMPLETED,0.270883883623,0.000978472796409,0.0350992617594,0.0280879959808,0.0372633381857
HL0,68,8,COMPLETED,0.312138060042,0.00122089235802,0.0401484665906,0.0327027975846,0.0429366676891
HL0,68,8,COMPLETED,0.352537777625,0.0010837385633,0.0497438466747,0.0393438467373,0.0486131869673
HL0,68,8,COMPLETED,0.394224107008,0.00175742814192,0.0551164749424,0.0439603782032,0.0542933531413
HL0,68,8,COMPLETED,0.434529162338,0.00182284862364,0.0607824722635,0.0489900292094,0.0599776259092
HL0,68,8,COMPLETED,0.475943344262,0.00216960369162,0.065662746985,0.0530073401495,0.0656664678876
HL0,68,8,COMPLETED,0.516283149561,0.00219340497264,0.0760948911853,0.060125071867,0.0713603449594
HL0,68,8,COMPLETED,0.557234637545,0.00285261228859,0.0852905764066,0.0677048918369,0.0770597266278
HL0,68,8,COMPLETED,0.598022022829,0.00289881257497,0.0903110099751,0.0719805543914,0.082765086378
HL0,68,8,COMPLETED,0.638976524476,0.00331151426559,0.0957459964779,0.0767756690786,0.0884769020468
HL0,68,8,COMPLETED,0.679443597889,0.0034801988488,0.108632182499,0.0849369419107,0.0941956562008
HL0,68,8,COMPLETED,0.720029249362,0.00382203228683,0.115914507425,0.0913003549074,0.0999218365258
HL0,68,8,COMPLETED,0.760149462187,0.00412776762681,0.121730985263,0.0966659625681,0.105655936225
HL0,68,8,COMPLETED,0.800096712796,0.00425648289598,0.12835626439,0.102331979066,0.111398454432
HL0,68,8,COMPLETED,0.839864677621,0.00450329197955,0.140202527463,0.110357353469,0.117149896631
HL0,68,8,COMPLETED,0.87982588927,0.00468308473719,0.152485327975,0.118128012175,0.122910775099
HL0,68,8,COMPLETED,0.919962103556,0.0050236631427,0.156133131293,0.122778522411,0.128681609352
HL0,68,8,COMPLETED,0.959921991318,0.00526724837606,0.165326680053,0.129851436833,0.134462926622
HL0,68,8,COMPLETED,0.999401687178,0.00540078665573,0.169944533217,0.133556282044,0.140255262333
HL0,68,8,COMPLETED,1.03793903171,0.00527536061831,0.188566708176,0.146845845656,0.146059160615
HL0,68,8,COMPLETED,1.07663089888,0.00586629313247,0.196046622714,0.150585324056,0.151875174822
HL0,68,8,COMPLETED,1.11474531678,0.00596780591449,0.209179031908,0.161818153007,0.157703868081
HL0,68,8,COMPLETED,1.15376780748,0.00652892634148,0.213400604077,0.166124244261,0.163545813862
HL0,68,8,COMPLETED,1.19239919011,0.006716740966,0.217851446661,0.169966776147,0.169401596569
HL0,68,8,COMPLETED,1.23084250669,0.00691278557754,0.224653241048,0.175666943644,0.175271812169
HL0,68,8,COMPLETED,1.26812002995,0.00717433827542,0.249740594358,0.190888838679,0.181157068833
HL0,68,8,COMPLETED,1.30513679748,0.00742794517074,0.260717181435,0.199062819588,0.187057987625
HL0,68,8,COMPLETED,1.34205169151,0.00773985636565,0.261486328911,0.199741874805,0.192975203212
HL0,68,8,COMPLETED,1.37839079903,0.00804256543241,0.277466568543,0.213437752674,0.198909364617
HL0,68,8,COMPLETED,1.41530422663,0.00838512983712,0.277114334732,0.212738306935,0.204861136007
HL0,68,8,COMPLETED,1.45018010172,0.00863936483439,0.284350420375,0.218566605284,0.210831197524
HL0,68,8,COMPLETED,1.48466506503,0.00882620251977,0.303181542689,0.230527623552,0.216820246159
HL0,68,8,COMPLETED,1.51968278623,0.00896777333106,0.330350189945,0.245817238964,0.222828996677
HL0,68,8,COMPLETED,1.55479699721,0.00923724274121,0.33271860622,0.251363576445,0.228858182589
HL0,68,8,COMPLETED,1.58917926959,0.00956884902914,0.345408747017,0.259613949183,0.234908557187
HL0,68,8,COMPLETED,1.62068269532,0.00987971820335,0.339164949973,0.255836815385,0.24098089463
HL0,68,8,COMPLETED,1.65240496691,0.00997308816311,0.360802921979,0.276023187653,0.247075991102
HL0,68,8,COMPLETED,1.68475088094,0.0102713300063,0.358947432588,0.274263980842,0.253194666038
HL0,68,8,COMPLETED,1.71669316587,0.0102459358408,0.383950810986,0.287510031478,0.259337763424
HL0,68,8,COMPLETED,1.74540854314,0.0104204529494,0.398725501568,0.29710882965,0.265506153181
HL0,68,8,COMPLETED,1.77465204703,0.0107534713863,0.410992566464,0.305510737306,0.271700732641
HL0,68,8,COMPLETED,1.80223684522,0.0107493519257,0.428251220551,0.317162308191,0.277922428106
HL0,68,8,COMPLETED,1.82911303362,0.0108909066205,0.436596525306,0.32459858508,0.284172196534
HL0,68,8,COMPLETED,1.85369990831,0.0110754114158,0.445438811849,0.332746250682,0.290451027314
HL0,68,8,COMPLETED,1.87929471995,0.0109969582408,0.439912281934,0.332620994019,0.296759944184
HL0,68,8,COMPLETED,1.90269817233,0.0109018237668,0.459654081794,0.34554578085,0.303100007271
HL0,68,8,COMPLETED,1.92172033147,0.0107889135324,0.456415673398,0.343660480165,0.309472315285
HL0,68,8,COMPLETED,1.93884264971,0.0106656513825,0.488180920475,0.363321577442,0.315878007867
HL0,68,8,COMPLETED,1.95779623064,0.0103942545064,0.506228097601,0.376029110083,0.322318268117
HL0,68,8,COMPLETED,1.97485292865,0.010228344704,0.525374169177,0.386521795653,0.328794325313
HL0,68,8,COMPLETED,1.98804567325,0.0102271216087,0.52732417715,0.385782133081,0.335307457833
HL0,68,8,COMPLETED,1.99656981156,0.00992700934815,0.54945885771,0.411229884245,0.341858996316
HL0,68,8,COMPLETED,2.00157907522,0.00961482612613,0.554531222988,0.416962864964,0.34845032707
HL0,68,8,COMPLETED,2.00459771366,0.00930573649561,0.553342138964,0.412374188568,0.355082895764
HL0,68,8,COMPLETED,2.00664179383,0.00904733015649,0.565339191231,0.428057801727,0.361758211422
HL0,68,8,COMPLETED,2.00793922035,0.00849925827472,0.574728412012,0.44468255975,0.368477850756
HL0,68,8,COMPLETED,2.00757332086,0.00759483169952,0.580465993013,0.447078098709,0.375243462883
HL0,68,8,COMPLETED,2.00748427087,0.00748427086672,0.616646292856,0.467149637401,0.38205677445
HL0,68,8,COMPLETED,2.00728750773,0.00728750772575,0.638969091567,0.484203777556,0.388919595224
HL0,68,8,COMPLETED,2.00694565422,0.00694565421864,0.674071400896,0.51911739239,0.3958338242
HL0,68,8,COMPLETED,2.00625508892,0.00625508892399,0.677039802836,0.52146674826,0.402801456283
HL0,68,8,COMPLETED,2.00621701646,0.00621701646307,0.684350037467,0.524448324256,0.409824589606
HL0,68,8,COMPLETED,2.00619895533,0.0061989553311,0.690105204666,0.527093787444,0.416905433581
HL0,68,8,COMPLETED,2.00607028394,0.00607028394413,0.722872400987,0.571960588086,0.424046317743
HL0,68,8,COMPLETED,2.005729421,0.00572942100217,0.73676614524,0.58340421804,0.43124970152
HL0,68,8,COMPLETED,2.00546263823,0.00546263823149,0.741704628784,0.58569432241,0.438518185016
HL0,68,8,COMPLETED,2.00501796242,0.00501796241706,0.732394522842,0.577370231697,0.44585452097
HL0,68,8,COMPLETED,2.00466206691,0.0046620669111,0.740821364944,0.592064325985,0.453261628023
HL0,68,8,COMPLETED,2.00415060413,0.00415060413017,0.756953069533,0.615368371533,0.4607426055
HL0,68,8,COMPLETED,2.00353849352,0.00353849352049,0.789714305356,0.639871196333,0.4683007499
HL0,68,8,COMPLETED,2.00324935603,0.00324935602949,0.818439788342,0.653695499502,0.475939573353
HL0,68,8,COMPLETED,2.00309969368,0.00309969367695,0.844478496463,0.677833817699,0.48366282434
HL0,68,8,COMPLETED,2.00283674286,0.00283674285535,0.86530101794,0.701467375639,0.491474511023
HL0,68,8,COMPLETED,2.00233625812,0.00233625811522,0.898103341813,0.730862844032,0.499378927583
HL0,68,8,COMPLETED,2.00210061631,0.00210061631212,0.907501024706,0.741247608102,0.507380684088
HL0,68,8,COMPLETED,2.00181247131,0.0018124713138,0.931935416915,0.756675978078,0.515484740442
HL0,68,8,COMPLETED,2.0020305172,0.0020305171953,0.933574319248,0.756194241109,0.523696445155
HL0,68,8,COMPLETED,2.00243346327,0.00243346326758,0.961437484153,0.788104695356,0.532021579772
HL0,68,8,COMPLETED,2.00311651906,0.00311651905931,0.991634713841,0.819957101554,0.540466410016
HL0,68,8,COMPLETED,2.00254444644,0.00254444643504,1.00776343193,0.840532053176,0.549037744919
HL0,68,8,COMPLETED,2.00208018296,0.0020801829612,1.01838769864,0.850731812141,0.557743005513
HL0,68,8,COMPLETED,2.00280899806,0.00280899806459,1.03834350794,0.862849207104,0.566590305054
HL0,68,8,COMPLETED,2.00345700443,0.00345700442532,1.05028202365,0.874258033522,0.575588543211
HL0,68,8,COMPLETED,2.00410439194,0.00410439193849,1.0606297015,0.889853637864,0.58474751731
HL0,68,8,COMPLETED,2.00450404144,0.00450404144143,1.08578829161,0.91098773724,0.594078054564
HL0,68,8,COMPLETED,2.00502004325,0.00502004324956,1.15569067773,0.971675933272,0.603592170319
HL0,68,8,COMPLETED,2.00514084799,0.00514084798578,1.1751695368,0.992779528264,0.613303258833
HL0,68,8,COMPLETED,2.00579941403,0.00579941403304,1.18338574861,0.996075573143,0.623226325151
HL0,68,8,COMPLETED,2.00707580594,0.00707580593773,1.2153395204,1.02540483789,0.633378269377
HL0,68,8,COMPLETED,2.00859298453,0.00859298453267,1.23251228809,1.04139049661,0.643778238557
HL0,68,8,COMPLETED,2.00972261084,0.00972261083595,1.23340401274,1.0450732504,0.654448066852
HL0,68,8,COMPLETED,2.01084782385,0.0108478238486,1.24793886749,1.06150222314,0.665412832559
HL0,68,8,COMPLETED,2.0120981052,0.0120981051996,1.29505725297,1.11232360828,0.676701572159
HL0,68,8,COMPLETED,2.01329676527,0.0132967652685,1.31462552389,1.12814142177,0.688348208856
HL0,68,8,COMPLETED,2.01442600945,0.014426009447,1.33163208112,1.1462168333,0.700392779698
HL0,68,8,COMPLETED,2.01627322615,0.0162732261538,1.33002121961,1.14625718355,0.712883087078
HL0,68,8,COMPLETED,2.01832275549,0.0183227554934,1.33128712991,1.14824587576,0.725876968096
HL0,68,8,COMPLETED,2.0199419364,0.0199419363953,1.35536299341,1.16488527649,0.739445488374
HL0,68,8,COMPLETED,2.02147952186,0.0214795218611,1.37169164204,1.18153174385,0.753677563755
HL0,68,8,COMPLETED,2.02276477256,0.0227647725607,1.36372473583,1.18001851473,0.768686871083
HL0,68,8,COMPLETED,2.02386810837,0.0238681083716,1.38932164249,1.20543698192,0.784622594979
HL0,68,8,COMPLETED,2.02489355282,0.0248935528245,1.39063746379,1.20586985911,0.801686957182
HL0,68,8,COMPLETED,2.02651290443,0.0265129044302,1.41874086602,1.23330695464,0.820165561517
HL0,68,8,COMPLETED,2.02806151637,0.0280615163683,1.43089597538,1.24568167512,0.840484087342
HL0,68,8,COMPLETED,2.03027651087,0.0302765108733,1.44491588015,1.25798065185,0.863325539579
HL0,68,8,COMPLETED,2.0318115951,0.0318115950954,1.47631461374,1.28545986749,0.889909988966
HL0,68,8,COMPLETED,2.03269193836,0.0326919383633,1.51214720254,1.32315621008,0.921811328232
HL0,68,8,COMPLETED,2.03330715741,0.0333071574079,1.5097738048,1.32666009941,0.96009293535
HL0,68,8,COMPLETED,2.03359465107,0.0335946510701,1.53086248076,1.34293579394,1.00603086389
HL0,68,8,COMPLETED,2.03300311534,0.0330031153445,1.50799701136,1.3215460783,1.06115637814
HL0,68,8,COMPLETED,2.0320622549,0.0320622548957,1.46368143109,1.27266375156,1.12020369247
HL0,68,8,COMPLETED,2.02973341157,0.0297334115659,1.43544147488,1.24962126636,1.15037815366
HL0,68,8,COMPLETED,2.02785345247,0.0278534524688,1.41432027823,1.23368603485,1.17457926048
HL0,68,8,COMPLETED,2.02637162555,0.0263716255467,1.3818221063,1.2020192888,1.1954933056
HL0,68,8,COMPLETED,2.02555899403,0.0255589940315,1.38215583867,1.20529014892,1.2142298268
HL0,68,8,COMPLETED,2.02464300024,0.0246430002425,1.34199163077,1.16379308596,1.23138209422
HL0,68,8,COMPLETED,2.0236338807,0.0236338807009,1.35928668947,1.17968813832,1.24731327926
HL0,68,8,COMPLETED,2.02231067619,0.0223106761913,1.33175427634,1.15066826678,1.26226549064
HL0,68,8,COMPLETED,2.02096138433,0.0209613843291,1.30690352612,1.13283753006,1.27640997988
HL0,68,8,COMPLETED,2.01940733289,0.0194073328938,1.30093858987,1.12705485485,1.28987329494
HL0,68,8,COMPLETED,2.01819147191,0.0181914719106,1.29596709816,1.12562792803,1.30275215611
HL0,68,8,COMPLETED,2.01745874667,0.01745874667,1.27660817387,1.10356432553,1.31512249636
HL0,68,8,COMPLETED,2.01631715543,0.0163171554345,1.23258859517,1.05686547393,1.32704524763
HL0,68,8,COMPLETED,2.01580020363,0.0158002036268,1.22125378783,1.0478208609,1.33857020243
HL0,68,8,COMPLETED,2.01500321625,0.0150032162477,1.19256417483,1.01582492903,1.34973868124
HL0,68,8,COMPLETED,2.01415861814,0.0141586181381,1.19053287318,1.02203012068,1.36058542921
HL0,68,8,COMPLETED,2.01317479435,0.013174794346,1.16905327428,0.999212532466,1.37113999835
HL0,68,8,COMPLETED,2.01288659271,0.0128865927127,1.13507893008,0.972470241726,1.38142777662
HL0,68,8,COMPLETED,2.01310598355,0.0131059835467,1.1348968012,0.972096272711,1.39147076824
HL0,68,8,COMPLETED,2.01259455734,0.0125945573426,1.07459876652,0.917566657915,1.40128819536
HL0,68,8,COMPLETED,2.01224378431,0.0122437843072,1.02502948003,0.877523037783,1.41089696848
HL0,68,8,COMPLETED,2.01227461189,0.0122746118935,1.03824615488,0.886685494936,1.42031205931
HL0,68,8,COMPLETED,2.01181725813,0.0118172581296,1.02574080354,0.877584315858,1.42954679949
HL0,68,8,COMPLETED,2.01119839003,0.0111983900325,1.00584624617,0.858089831621,1.43861312267
HL0,68,8,COMPLETED,2.01173524481,0.0117352448051,0.996848173953,0.853375353482,1.44752176243
HL0,68,8,COMPLETED,2.01191886637,0.011918866368,0.992329969616,0.842290240942,1.45628241556
HL0,68,8,COMPLETED,2.0113947789,0.0113947788956,0.963543977234,0.814852138293,1.46490387785
HL0,68,8,COMPLETED,2.01094329857,0.0109432985703,0.939977265318,0.78601381375,1.47339415781
HL0,68,8,COMPLETED,2.0106973901,0.0106973901008,0.942375785038,0.792913490104,1.48176057261
HL0,68,8,COMPLETED,2.01062274587,0.0106227458666,0.933856476933,0.784502306121,1.49000982949
HL0,68,8,COMPLETED,2.01057177627,0.0105717762743,0.92601923866,0.77852747795,1.49814809524
HL0,68,8,COMPLETED,2.0107152164,0.0107152164034,0.902846287951,0.754769939525,1.50618105583
HL0,68,8,COMPLETED,2.01045334311,0.0104533431096,0.869992302209,0.726516419978,1.51411396791
HL0,68,8,COMPLETED,2.01020426913,0.0102042691307,0.846106636772,0.702553658019,1.52195170337
HL0,68,8,COMPLETED,2.01043438555,0.0104343855539,0.84786205506,0.71297952739,1.52969878816
HL0,68,8,COMPLETED,2.01046572834,0.010465728342,0.810582344687,0.684686222057,1.53735943624
HL0,68,8,COMPLETED,2.01031598941,0.0103159894094,0.789310186362,0.659053456849,1.54493757938
HL0,68,8,COMPLETED,2.01051422407,0.0105142240739,0.778966168519,0.644699546705,1.55243689336
HL0,68,8,COMPLETED,2.01049600814,0.0104960081381,0.783641083267,0.648444333189,1.55986082123
HL0,68,8,COMPLETED,2.01053554126,0.0105355412588,0.779634368157,0.647103705805,1.56721259383
HL0,68,8,COMPLETED,2.01050331079,0.0105033107854,0.768809570309,0.634100284551,1.57449524813
HL0,68,8,COMPLETED,2.01038853066,0.0103885306559,0.749014498968,0.605670516906,1.58171164355
HL0,68,8,COMPLETED,2.00992448992,0.00992448992471,0.732464810279,0.592430543869,1.58886447659
HL0,68,8,COMPLETED,2.0099586847,0.00995868470363,0.731333119533,0.592553125286,1.59595629395
HL0,68,8,COMPLETED,2.00995932217,0.00995932216899,0.728158527043,0.591147111159,1.60298950433
HL0,68,8,COMPLETED,2.0100077248,0.0100077247999,0.694426205969,0.557736673878,1.6099663891
HL0,68,8,COMPLETED,2.00981031705,0.00981031704568,0.676258156713,0.542300011497,1.61688911186
HL0,68,8,COMPLETED,2.00957545619,0.00957545619276,0.654478264292,0.532327213762,1.62375972726
HL0,68,8,COMPLETED,2.00942825847,0.00981378230886,0.654524977982,0.531511152373,1.63058018883
HL0,68,8,COMPLETED,2.00858370834,0.00981189914257,0.633129292897,0.505971477587,1.63735235622
HL0,68,8,COMPLETED,2.00585080392,0.00958365954951,0.622057705039,0.492178643559,1.64407800179
HL0,68,8,COMPLETED,2.00327997742,0.00943256347994,0.629801478351,0.502612777595,1.65075881658
HL0,68,8,COMPLETED,1.99894246336,0.00950298300169,0.619248228731,0.492583346833,1.65739641581
HL0,68,8,COMPLETED,1.99252353952,0.00949460752074,0.601892670572,0.470341348037,1.66399234392
HL0,68,8,COMPLETED,1.98099589567,0.0091100115388,0.590530078626,0.460997165152,1.67054807919
HL0,68,8,COMPLETED,1.96582207924,0.00897436820354,0.58214258279,0.458622514691,1.67706503799
HL0,68,8,COMPLETED,1.94766983409,0.00904911108921,0.5723665443,0.451663235394,1.68354457871
HL0,68,8,COMPLETED,1.92948863493,0.00916703327289,0.5400163222,0.422858078049,1.68998800538
HL0,68,8,COMPLETED,1.91168278341,0.00868586046384,0.545063751408,0.428481276936,1.69639657097
HL0,68,8,COMPLETED,1.89064257123,0.00874325935418,0.539221994548,0.424999089601,1.70277148055
HL0,68,8,COMPLETED,1.86606700835,0.00892763933352,0.521615621857,0.406598707144,1.70911389409
HL0,68,8,COMPLETED,1.84090275168,0.00861763407031,0.514961636687,0.397169813739,1.71542492919
HL0,68,8,COMPLETED,1.81588883437,0.00823010480597,0.510929836654,0.397721390122,1.72170566347
HL0,68,8,COMPLETED,1.78889937275,0.00867397098251,0.500909801067,0.38615522723,1.72795713696
HL0,68,8,COMPLETED,1.76052150782,0.00856839589188,0.484910227053,0.370368354301,1.73418035418
HL0,68,8,COMPLETED,1.73147599391,0.00815073833051,0.465912450304,0.358467699908,1.74037628616
HL0,68,8,COMPLETED,1.70131291193,0.00835496491799,0.457818654487,0.351835971285,1.74654587232
HL0,68,8,COMPLETED,1.66877717748,0.00847855020405,0.452653360671,0.349674147442,1.75269002221
HL0,68,8,COMPLETED,1.63712170226,0.00821048874211,0.443062104711,0.337076093295,1.75880961714
HL0,68,8,COMPLETED,1.60594131394,0.00815590422473,0.433369968635,0.330300812275,1.76490551172
HL0,68,8,COMPLETED,1.57234270658,0.00813195722829,0.426908958424,0.326854427043,1.77097853532
HL0,68,8,COMPLETED,1.53735121586,0.00814511369139,0.416498567449,0.315032461977,1.77702949338
HL0,68,8,COMPLETED,1.5024699066,0.00805866131802,0.404262569289,0.305069271931,1.78305916871
HL0,68,8,COMPLETED,1.46808226415,0.00819984413897,0.385735988333,0.292118695192,1.78906832271
HL0,68,8,COMPLETED,1.43326517576,0.00841044239309,0.381781420777,0.29064840273,1.79505769646
HL0,68,8,COMPLETED,1.39657653349,0.00815667855027,0.372337404311,0.282251875555,1.8010280118
HL0,68,8,COMPLETED,1.36028285699,0.00827115591676,0.371023094132,0.277950650749,1.80697997234
HL0,68,8,COMPLETED,1.32360317219,0.00822014244988,0.356965844607,0.26893588113,1.81291426445
HL0,68,8,COMPLETED,1.28673784873,0.0081731767835,0.344060647683,0.260950889816,1.81883155808
HL0,68,8,COMPLETED,1.24954521369,0.00842125705202,0.328851062353,0.248408468145,1.82473250771
HL0,68,8,COMPLETED,1.21124994173,0.00843818475582,0.318796739188,0.241897952794,1.83061775309
HL0,68,8,COMPLETED,1.17256087236,0.00849669407569,0.312287037674,0.235388755889,1.83648792006
HL0,68,8,COMPLETED,1.13383511208,0.00862315983783,0.30699187708,0.230187696141,1.84234362127
HL0,68,8,COMPLETED,1.09572507899,0.00861123233305,0.30565383133,0.229083502975,1.84818545685
HL0,68,8,COMPLETED,1.05753783489,0.00861487157114,0.291438295835,0.217925355767,1.85401401513
HL0,68,8,COMPLETED,1.01865115373,0.00876199097977,0.267934736623,0.204313112572,1.85982987326
HL0,68,8,COMPLETED,0.979538989491,0.00905970244881,0.269429440824,0.204320341515,1.86563359778
HL0,68,8,COMPLETED,0.939657848496,0.00902530923339,0.258952347505,0.192021292517,1.87142574526
HL0,68,8,COMPLETED,0.899590222652,0.00915677111035,0.253166183216,0.190655350862,1.87720686282
HL0,68,8,COMPLETED,0.85977322548,0.00900970481535,0.243496223234,0.182982855506,1.88297748871
HL0,68,8,COMPLETED,0.820010461497,0.00940685536089,0.224988675491,0.167961034061,1.88873815275
HL0,68,8,COMPLETED,0.780246519672,0.00941800774579,0.222460637399,0.168067646698,1.8944893769
HL0,68,8,COMPLETED,0.740315836105,0.00957582555977,0.221397129154,0.166072532667,1.9002316757
HL0,68,8,COMPLETED,0.699716069814,0.00968688781238,0.208351257821,0.152138648228,1.90596555675
HL0,68,8,COMPLETED,0.659278945561,0.00984672043243,0.191392592948,0.142557468687,1.91169152113
HL0,68,8,COMPLETED,0.618658414196,0.00988973047163,0.182942241282,0.137101788369,1.91741006386
HL0,68,8,COMPLETED,0.577797439419,0.0101281759007,0.178047181426,0.131344400796,1.9231216743
HL0,68,8,COMPLETED,0.536921498612,0.0100928802909,0.174925838041,0.128497056505,1.92882683653
HL0,68,8,COMPLETED,0.496188942868,0.0103651444985,0.161495607971,0.11845694815,1.93452602982
HL0,68,8,COMPLETED,0.455634856055,0.0108490525791,0.143528730967,0.107020046373,1.94021972894
HL0,68,8,COMPLETED,0.414793739106,0.010695594969,0.141783087458,0.102867483039,1.94590840455
HL0,68,8,COMPLETED,0.373659556866,0.0108111536319,0.13946734808,0.101173839015,1.9515925236
HL0,68,8,COMPLETED,0.332467413943,0.0110211407882,0.131387074207,0.0955275262149,1.95727254965
HL0,68,8,COMPLETED,0.291928087481,0.0109052367999,0.116924082066,0.0859129966083,1.96294894322
HL0,68,8,COMPLETED,0.250128162051,0.011508083947,0.111682663488,0.0793847833378,1.96862216219
HL0,68,8,COMPLETED,0.208957478807,0.0116923831189,0.105889044153,0.0749674286312,1.97429266205
HL0,68,8,COMPLETED,0.167519414588,0.0118182054447,0.09486965193,0.0675863208072,1.97996089631
HL0,68,8,COMPLETED,0.126511007109,0.0124122107242,0.0904952326766,0.0646918241125,1.9856273168
HL0,68,8,COMPLETED,0.0849896475166,0.0122811555897,0.084262649662,0.0590057180092,1.99129237399
HL0,68,8,COMPLETED,0.0437621519612,0.0125329018689,0.0776128788553,0.0544054963697,1.99695651732
HL0,68,8,COMPLETED,0.0222872942289,0.0125715611686,0.0692529262841,0.0476512328273,2
HL1q,68,8,COMPLETED,0,0,0.0013625849643,0.00108582158143,0
HL1q,68,8,COMPLETED,8.79622607687e-06,5.38303775324e-11,0.00136258369625,0.00108582027584,1.2e-06
HL1q,68,8,COMPLETED,1.93516973747e-05,2.08064213277e-10,0.00136258314931,0.00108581872987,2.64e-06
HL1q,68,8,COMPLETED,3.20182629458e-05,5.22222098812e-10,0.00136258389659,0.0010858169046,4.368e-06
HL1q,68,8,COMPLETED,4.72181416591e-05,1.08508249989e-09,0.00136258681448,0.0010858147573,6.4416e-06
HL1q,68,8,COMPLETED,6.54579960847e-05,2.02808319455e-09,0.00136259322636,0.0010858122425,8.92992e-06
HL1q,68,8,COMPLETED,8.7345604074e-05,3.32768015447e-09,0.00136260511151,0.00108580931395,1.1915904e-05
HL1q,68,8,COMPLETED,0.000113609947285,4.65563304205e-09,0.00136262540829,0.00108580592817,1.54990848e-05
HL1q,68,8,COMPLETED,0.000145125148952,5.03784284006e-09,0.0013626584537,0.00108592984734,1.979890176e-05
HL1q,68,8,COMPLETED,0.000182938845192,2.1009536528e-09,0.00136271061953,0.00108628271442,2.4958682112e-05
HL1q,68,8,COMPLETED,0.000228308268116,6.77979027778e-09,0.00136279123223,0.00108683348901,3.11504185344e-05
HL1q,68,8,COMPLETED,0.000282741312593,2.5315338519e-08,0.0013629139017,0.00108749503636,3.85805022413e-05
HL1q,68,8,COMPLETED,0.000348046161232,5.89298990877e-08,0.00136309843863,0.00108828978316,4.74966026895e-05
HL1q,68,8,COMPLETED,0.000426390244978,1.16059866581e-07,0.00136337361864,0.0010892447614,5.81959232274e-05
HL1q,68,8,COMPLETED,0.000520371276519,2.09370102938e-07,0.0013637811623,0.00109039258231,7.10351078729e-05
HL1q,68,8,COMPLETED,0.000633102609752,3.57005264259e-07,0.00136438145812,0.00109177262861,8.64421294475e-05
HL1q,68,8,COMPLETED,0.000768313986391,5.85648414615e-07,0.00136526177733,0.00109343251885,0.000104930555337
HL1q,68,8,COMPLETED,0.000930472264214,9.34175401982e-07,0.0013665480374,0.00109542991348,0.000127116666404
HL1q,68,8,COMPLETED,0.00112492470363,1.45936347406e-06,0.00136842159279,0.00109836704625,0.000153739999685
HL1q,68,8,COMPLETED,0.00135808181181,2.23146204416e-06,0.00137114309238,0.00110267037366,0.000185687999622
HL1q,68,8,COMPLETED,0.00163772599455,3.23909380283e-06,0.00137508615935,0.00110871506931,0.000224025599547
HL1q,68,8,COMPLETED,0.0019732336794,4.4226127126e-06,0.00138078450108,0.00111668433514,0.000270030719456
HL1q,68,8,COMPLETED,0.00237578987385,5.76499966046e-06,0.00138899693863,0.00112749095777,0.000325236863347
HL1q,68,8,COMPLETED,0.0028587808274,7.26413269074e-06,0.00140079548567,0.00114132337738,0.000391484236017
HL1q,68,8,COMPLETED,0.00343825962053,8.90280286808e-06,0.00141768142942,0.00116189977463,0.00047098108322
HL1q,68,8,COMPLETED,0.00413348482424,1.06294597402e-05,0.00144173240824,0.0011878738059,0.000566377299864
HL1q,68,8,COMPLETED,0.00496764817697,1.22490525897e-05,0.0014757784197,0.00122081190642,0.000680852759837
HL1q,68,8,COMPLETED,0.00596852948714,1.35034980826e-05,0.00152359556738,0.00126370838373,0.000818223311805
HL1q,68,8,COMPLETED,0.00716942375505,1.40171378671e-05,0.00159009429988,0.00131928711644,0.000983067974166
HL1q,68,8,COMPLETED,0.00861026479399,1.32059660925e-05,0.0016814698803,0.00139698534051,0.001180881569
HL1q,68,8,COMPLETED,0.0103389447942,1.0176802865e-05,0.00181032393893,0.00149780002195,0.0014182578828
HL1q,68,8,COMPLETED,0.0124116495435,4.82430058605e-06,0.00197698972191,0.0016366431245,0.00170310945936
HL1q,68,8,COMPLETED,0.014893794449,1.43119232111e-06,0.00219626483245,0.00180475431025,0.00204493135123
HL1q,68,8,COMPLETED,0.0178693093013,1.2987139638e-05,0.00247978140963,0.00201668780345,0.00245511762148
HL1q,68,8,COMPLETED,0.0214425767396,1.81528744183e-05,0.00282103537207,0.00228463675584,0.00294734114577
HL1q,68,8,COMPLETED,0.0257336318202,2.41517535352e-05,0.00325124637856,0.00262692786448,0.00353800937493
HL1q,68,8,COMPLETED,0.0308910911639,3.3952637741e-05,0.00380903315691,0.00307543194147,0.00424681124991
HL1q,68,8,COMPLETED,0.0370732552345,4.79093246238e-05,0.0045245557111,0.00369474125888,0.00509737349989
HL1q,68,8,COMPLETED,0.0445167787146,5.23825230963e-05,0.00547800081208,0.00444739820316,0.00611804819987
HL1q,68,8,COMPLETED,0.0534555130885,6.79181286532e-05,0.00650029161995,0.0052723030145,0.00734285783985
HL1q,68,8,COMPLETED,0.0641545018732,9.01324381348e-05,0.00787175876022,0.0063111537704,0.00881262940781
HL1q,68,8,COMPLETED,0.0769844687395,0.000100375090781,0.00923430011113,0.00738141806737,0.0105763552894
HL1q,68,8,COMPLETED,0.0923696261433,0.000120429472584,0.0109176549495,0.00882254859314,0.0126928263473
HL1q,68,8,COMPLETED,0.110827237561,0.000196600057739,0.0132389218561,0.0107486123534,0.0152325916167
HL1q,68,8,COMPLETED,0.133011908234,0.00030813976631,0.0155586429446,0.0128251664095,0.01828030994
HL1q,68,8,COMPLETED,0.159477032798,0.000288946450408,0.0185093506786,0.0152773547599,0.0219375719281
HL1q,68,8,COMPLETED,0.191340489432,0.000519508401964,0.0236091267576,0.0189372117777,0.0263262863137
HL1q,68,8,COMPLETED,0.229616407569,0.0008452946486,0.0289852729428,0.0232480559739,0.0315927435764
HL1q,68,8,COMPLETED,0.270886338919,0.000978266839911,0.0338931323458,0.0271308774746,0.0372633381857
HL1q,68,8,COMPLETED,0.312142928225,0.00122293299766,0.0385721127147,0.0314255816793,0.0429366676891
HL1q,68,8,COMPLETED,0.352542696958,0.00108926276608,0.047532806164,0.0376123603534,0.0486131869673
HL1q,68,8,COMPLETED,0.39423023394,0.00176396853864,0.0523310609307,0.0417808716502,0.0542933531413
HL1q,68,8,COMPLETED,0.434535486506,0.00183280640066,0.0573862282524,0.0463019586926,0.0599776259092
HL1q,68,8,COMPLETED,0.475958661488,0.00219000234526,0.0617432539768,0.049887623518,0.0656664678876
HL1q,68,8,COMPLETED,0.516306034018,0.00222609368525,0.0710865298286,0.0562538005125,0.0713603449594
HL1q,68,8,COMPLETED,0.557258330042,0.00289567618233,0.079150390152,0.062926170605,0.0770597266278
HL1q,68,8,COMPLETED,0.598048982448,0.00295161068232,0.083338105971,0.0665538432792,0.082765086378
HL1q,68,8,COMPLETED,0.639014174871,0.00338306810263,0.0877963818258,0.0705714814936,0.0884769020468
HL1q,68,8,COMPLETED,0.679493355425,0.00358343844763,0.0992926037148,0.0777736400966,0.0941956562008
HL1q,68,8,COMPLETED,0.720061803448,0.00392934375608,0.105277393286,0.0831200819121,0.0999218365258
HL1q,68,8,COMPLETED,0.760222020512,0.00428375402195,0.109498479384,0.0872390505098,0.105655936225
HL1q,68,8,COMPLETED,0.800184430124,0.00444599431956,0.114740685936,0.0918177101572,0.111398454432
HL1q,68,8,COMPLETED,0.839968328813,0.00473657768396,0.125122698837,0.0986315254903,0.117149896631
HL1q,68,8,COMPLETED,0.879951784329,0.00495968468613,0.134940137754,0.104785890261,0.122910775099
HL1q,68,8,COMPLETED,0.92011594377,0.00534162570367,0.137069215217,0.108228694278,0.128681609352
HL1q,68,8,COMPLETED,0.960098980267,0.00563234515154,0.144204491561,0.113745764627,0.134462926622
HL1q,68,8,COMPLETED,0.999625833976,0.00584479433861,0.146518823228,0.116162911372,0.140255262333
HL1q,68,8,COMPLETED,1.03858540244,0.00615945196779,0.166181076473,0.128803507865,0.146059160615
HL1q,68,8,COMPLETED,1.07693737451,0.00643789792308,0.16784230992,0.129382481419,0.151875174822
HL1q,68,8,COMPLETED,1.11509147423,0.00658265524544,0.177621959892,0.138195565304,0.157703868081
HL1q,68,8,COMPLETED,1.15415950455,0.00722714735456,0.179809376722,0.141058397933,0.163545813862
HL1q,68,8,COMPLETED,1.19283922249,0.00750165854774,0.181726434119,0.143160251726,0.169401596569
HL1q,68,8,COMPLETED,1.23135361736,0.00778470261313,0.186593699612,0.147756725835,0.175271812169
HL1q,68,8,COMPLETED,1.26871552855,0.00818719369086,0.206674948083,0.158890784747,0.181157068833
HL1q,68,8,COMPLETED,1.30579647264,0.00854528576114,0.213660776003,0.164410871174,0.187057987625
HL1q,68,8,COMPLETED,1.34278955746,0.00894826779166,0.211663266141,0.16366186914,0.192975203212
HL1q,68,8,COMPLETED,1.37918252198,0.00932417822297,0.222799550395,0.173572303896,0.198909364617
HL1q,68,8,COMPLETED,1.41616040875,0.00980881179995,0.223141683494,0.173658412144,0.204861136007
HL1q,68,8,COMPLETED,1.45106820858,0.0101985692656,0.226451150196,0.177325133184,0.210831197524
HL1q,68,8,COMPLETED,1.48566723073,0.0105845900081,0.24306746934,0.186131801796,0.216820246159
HL1q,68,8,COMPLETED,1.52081256493,0.0108481343255,0.258287542884,0.19523967099,0.222828996677
HL1q,68,8,COMPLETED,1.55600517379,0.0112598220986,0.256559573431,0.197084383683,0.228858182589
HL1q,68,8,COMPLETED,1.59039920182,0.011782071605,0.263866656368,0.202241856032,0.234908557187
HL1q,68,8,COMPLETED,1.62201812844,0.0122750094983,0.260329211267,0.200122626919,0.24098089463
HL1q,68,8,COMPLETED,1.65401567862,0.0126956911546,0.268963153193,0.210513686415,0.247075991102
HL1q,68,8,COMPLETED,1.68619848469,0.0130405919686,0.265032847404,0.207581050717,0.253194666038
HL1q,68,8,COMPLETED,1.71821120687,0.0132796600282,0.282020505648,0.21532721402,0.259337763424
HL1q,68,8,COMPLETED,1.74706840959,0.0136615483159,0.294621820562,0.222785413764,0.265506153181
HL1q,68,8,COMPLETED,1.77649090232,0.0142009073536,0.295999475194,0.225705138737,0.271700732641
HL1q,68,8,COMPLETED,1.80441298287,0.0144836369286,0.306529729739,0.232591264483,0.277922428106
HL1q,68,8,COMPLETED,1.83149553466,0.0149912692159,0.304707803825,0.232597707032,0.284172196534
HL1q,68,8,COMPLETED,1.85615623936,0.01529968778,0.308071165039,0.236995064158,0.290451027314
HL1q,68,8,COMPLETED,1.88190385761,0.0155608915055,0.301814353359,0.234310320844,0.296759944184
HL1q,68,8,COMPLETED,1.90602624939,0.0158294437961,0.313576472333,0.242637569736,0.303100007271
HL1q,68,8,COMPLETED,1.92547981978,0.0159626994468,0.304105580434,0.237737119596,0.309472315285
HL1q,68,8,COMPLETED,1.94276745358,0.0160240489346,0.328856393959,0.249896235878,0.315878007867
HL1q,68,8,COMPLETED,1.96183136812,0.0160770709919,0.340544094762,0.25795232612,0.322318268117
HL1q,68,8,COMPLETED,1.97985364487,0.0163598522215,0.343092388018,0.258071374255,0.328794325313
HL1q,68,8,COMPLETED,1.99318664048,0.0164332693582,0.341726973157,0.25973181898,0.335307457833
HL1q,68,8,COMPLETED,2.00229627834,0.0163306950303,0.349259785489,0.272272476289,0.341858996316
HL1q,68,8,COMPLETED,2.00785876682,0.0164124247054,0.346520644704,0.268884564811,0.34845032707
HL1q,68,8,COMPLETED,2.01128939431,0.0162549137205,0.336259556126,0.258177934145,0.355082895764
HL1q,68,8,COMPLETED,2.01341652635,0.0161405137034,0.346226326905,0.270345523765,0.361758211422
HL1q,68,8,COMPLETED,2.01530547992,0.0159400910747,0.344147033158,0.276824215912,0.368477850756
HL1q,68,8,COMPLETED,2.01540600663,0.015466742754,0.34389012992,0.275713633735,0.375243462883
HL1q,68,8,COMPLETED,2.01551719962,0.0155171996175,0.357246593138,0.278940040257,0.38205677445
HL1q,68,8,COMPLETED,2.01553838444,0.0155383844428,0.364555182895,0.288077860547,0.388919595224
HL1q,68,8,COMPLETED,2.01555952461,0.0155595246076,0.380863464201,0.304703575538,0.3958338242
HL1q,68,8,COMPLETED,2.01542513983,0.0154251398302,0.379967689155,0.302596394569,0.402801456283
HL1q,68,8,COMPLETED,2.01534514445,0.0153451444473,0.367673491752,0.293650471131,0.409824589606
HL1q,68,8,COMPLETED,2.01523548169,0.0152354816868,0.360010558586,0.287751735329,0.416905433581
HL1q,68,8,COMPLETED,2.01507726209,0.0150772620852,0.388414749529,0.318770787779,0.424046317743
HL1q,68,8,COMPLETED,2.01479534214,0.0147953421413,0.381564024118,0.311898790434,0.43124970152
HL1q,68,8,COMPLETED,2.01430546303,0.0143054630337,0.375112562819,0.308707690219,0.438518185016
HL1q,68,8,COMPLETED,2.0134613981,0.0134613981049,0.358295923969,0.295569338105,0.44585452097
HL1q,68,8,COMPLETED,2.01264851679,0.0126485167932,0.378522737567,0.314001653746,0.453261628023
HL1q,68,8,COMPLETED,2.01157497964,0.0115749796389,0.408965735449,0.33681657946,0.4607426055
HL1q,68,8,COMPLETED,2.01030140012,0.0103014001206,0.411191328963,0.335578602666,0.4683007499
HL1q,68,8,COMPLETED,2.00882363855,0.00882363855099,0.420199485608,0.337066942484,0.475939573353
HL1q,68,8,COMPLETED,2.0077165846,0.00771658459928,0.452602569493,0.354379008107,0.48366282434
HL1q,68,8,COMPLETED,2.00632606201,0.00632606200903,0.509169921251,0.396172857991,0.491474511023
HL1q,68,8,COMPLETED,2.00491524078,0.00491524078018,0.531316377275,0.402600102333,0.499378927583
HL1q,68,8,COMPLETED,2.00362688598,0.00362688597566,0.544904649093,0.413311883126,0.507380684088
HL1q,68,8,COMPLETED,2.00246590472,0.00246590472394,0.566385544089,0.413133010075,0.515484740442
HL1q,68,8,COMPLETED,2.00259852606,0.00259852605699,0.626081712549,0.458394221035,0.523696445155
HL1q,68,8,COMPLETED,2.00199057797,0.00199057797267,0.670684096389,0.476493319193,0.532021579772
HL1q,68,8,COMPLETED,2.00126393731,0.00126393730858,0.658717291853,0.476658641033,0.540466410016
HL1q,68,8,COMPLETED,2.00095210178,0.000952101779009,0.702926086885,0.498907306272,0.549037744919
HL1q,68,8,COMPLETED,2.00070728474,0.000707284736448,0.692282063292,0.494239012742,0.557743005513
HL1q,68,8,COMPLETED,2.00112608999,0.00112608998929,0.68415974505,0.490749990067,0.566590305054
HL1q,68,8,COMPLETED,2.00193327966,0.00193327966399,0.747545580115,0.532888467545,0.575588543211
HL1q,68,8,COMPLETED,2.0027951777,0.00279517769648,0.76989559164,0.549457917036,0.58474751731
HL1q,68,8,COMPLETED,2.00282587708,0.00282587708104,0.767923206578,0.551217914097,0.594078054564
HL1q,68,8,COMPLETED,2.00312803736,0.00312803736046,0.765131531818,0.546511540272,0.603592170319
HL1q,68,8,COMPLETED,2.00423100939,0.00423100938556,0.812592681729,0.578737469033,0.613303258833
HL1q,68,8,COMPLETED,2.00499655992,0.00499655992052,0.765951863233,0.548907508838,0.623226325151
HL1q,68,8,COMPLETED,2.00579366646,0.00579366646419,0.797742846723,0.569000822649,0.633378269377
HL1q,68,8,COMPLETED,2.00709969511,0.00709969510749,0.807806387359,0.577091420424,0.643778238557
HL1q,68,8,COMPLETED,2.00887528317,0.0088752831655,0.824988338875,0.592464352368,0.654448066852
HL1q,68,8,COMPLETED,2.01040879446,0.0104087944575,0.839281644834,0.606691688127,0.665412832559
HL1q,68,8,COMPLETED,2.01088631977,0.01088631977,0.843131838954,0.618952204009,0.676701572159
HL1q,68,8,COMPLETED,2.01173935335,0.0117393533514,0.810828470284,0.59846706545,0.688348208856
HL1q,68,8,COMPLETED,2.01277101478,0.0127710147829,0.857659930518,0.621210647926,0.700392779698
HL1q,68,8,COMPLETED,2.01427921206,0.014279212058,0.862808080948,0.619344752206,0.712883087078
HL1q,68,8,COMPLETED,2.01594833547,0.0159483354732,0.845509304381,0.61255719149,0.725876968096
HL1q,68,8,COMPLETED,2.01713819166,0.0171381916639,0.824937794204,0.602284570323,0.739445488374
HL1q,68,8,COMPLETED,2.01848663196,0.0184866319573,0.825889566134,0.608939368599,0.753677563755
HL1q,68,8,COMPLETED,2.01947896008,0.0194789600767,0.858861995924,0.627620389117,0.768686871083
HL1q,68,8,COMPLETED,2.02031632104,0.0203163210394,0.853084782346,0.620750290737,0.784622594979
HL1q,68,8,COMPLETED,2.02174622274,0.0217462227351,0.83588702949,0.616646519832,0.801686957182
HL1q,68,8,COMPLETED,2.02278126929,0.0227812692887,0.845698987492,0.623501113445,0.820165561517
HL1q,68,8,COMPLETED,2.02370827845,0.0237082784536,0.834633288431,0.622177391324,0.840484087342
HL1q,68,8,COMPLETED,2.02491981616,0.0249198161614,0.83839202379,0.622492700616,0.863325539579
HL1q,68,8,COMPLETED,2.02557935978,0.0255793597803,0.832346645417,0.610307620255,0.889909988966
HL1q,68,8,COMPLETED,2.02621315158,0.0262131515759,0.779641062768,0.576283613618,0.921811328232
HL1q,68,8,COMPLETED,2.02640795743,0.0264079574334,0.766687524786,0.567500593209,0.96009293535
HL1q,68,8,COMPLETED,2.02604121368,0.0260412136806,0.722853572936,0.536786378499,1.00603086389
HL1q,68,8,COMPLETED,2.02535067182,0.0253506718201,0.656964193512,0.490110785613,1.06115637814
HL1q,68,8,COMPLETED,2.02453242349,0.0245324234936,0.561250232121,0.430684336837,1.12020369247
HL1q,68,8,COMPLETED,2.02380250954,0.0238025095383,0.537190587689,0.414243751685,1.15037815366
HL1q,68,8,COMPLETED,2.02354068783,0.0235406878314,0.507898074655,0.390932402528,1.17457926048
HL1q,68,8,COMPLETED,2.02322638317,0.0232263831713,0.486446616148,0.374723003921,1.1954933056
HL1q,68,8,COMPLETED,2.02290786718,0.0229078671834,0.451428642117,0.344899402334,1.2142298268
HL1q,68,8,COMPLETED,2.02287950073,0.0228795007276,0.447092567016,0.340533935868,1.23138209422
HL1q,68,8,COMPLETED,2.02232375564,0.02232375564,0.421252669025,0.319078487633,1.24731327926
HL1q,68,8,COMPLETED,2.02199134409,0.0219913440933,0.421208712109,0.315901211322,1.26226549064
HL1q,68,8,COMPLETED,2.02149223065,0.0214922306478,0.412175346041,0.306565516547,1.27640997988
HL1q,68,8,COMPLETED,2.02080210075,0.0208021007532,0.39477258759,0.291045134828,1.28987329494
HL1q,68,8,COMPLETED,2.02021416965,0.0202141696458,0.391512824535,0.2885832462,1.30275215611
HL1q,68,8,COMPLETED,2.01984309871,0.0198430987112,0.374589119812,0.275046658621,1.31512249636
HL1q,68,8,COMPLETED,2.01934783661,0.0193478366147,0.374339321062,0.276170665378,1.32704524763
HL1q,68,8,COMPLETED,2.01920853349,0.0192085334941,0.366379431081,0.269680795629,1.33857020243
HL1q,68,8,COMPLETED,2.01906510117,0.0190651011746,0.363132154456,0.267361761314,1.34973868124
HL1q,68,8,COMPLETED,2.01901934365,0.0190193436466,0.364698704365,0.27070233373,1.36058542921
HL1q,68,8,COMPLETED,2.0189720079,0.018972007902,0.353931562237,0.263759962299,1.37113999835
HL1q,68,8,COMPLETED,2.01941453173,0.0194145317272,0.354760800811,0.264632881979,1.38142777662
HL1q,68,8,COMPLETED,2.01917733221,0.019177332208,0.352893923537,0.2677745182,1.39147076824
HL1q,68,8,COMPLETED,2.01883688829,0.018836888292,0.363612370987,0.273033507689,1.40128819536
HL1q,68,8,COMPLETED,2.01722293741,0.0172229374119,0.352799820971,0.267821772091,1.41089696848
HL1q,68,8,COMPLETED,2.01280549909,0.0128054990883,0.351718139534,0.272016743871,1.42031205931
HL1q,68,8,COMPLETED,2.01452017696,0.0145201769551,0.353677060845,0.276066061931,1.42954679949
HL1q,68,8,COMPLETED,2.0127752044,0.0127752043956,0.34095035933,0.267644688762,1.43861312267
HL1q,68,8,COMPLETED,2.01044927858,0.0104492785753,0.359320653241,0.281599571124,1.44752176243
HL1q,68,8,COMPLETED,2.00705538112,0.00705538112063,0.374937291753,0.295480880133,1.45628241556
HL1q,68,8,COMPLETED,2.00401859814,0.00401859814374,0.38382832078,0.29990180161,1.46490387785
HL1q,68,8,COMPLETED,2.0019834845,0.00198348450303,0.385463335424,0.304993277046,1.47339415781
HL1q,68,8,COMPLETED,1.99959945854,0.000400541464243,0.397346497988,0.315086355585,1.48176057261
HL1q,68,8,COMPLETED,1.99451300006,0.00548699994141,0.411633132082,0.323591527246,1.49000982949
HL1q,68,8,COMPLETED,1.99415646137,0.005843538629,0.411177813564,0.323847549252,1.49814809524
HL1q,68,8,COMPLETED,1.98971546096,0.0102845390384,0.399544372369,0.313984997093,1.50618105583
HL1q,68,8,COMPLETED,1.98558945848,0.0144105415244,0.39874890753,0.314549256658,1.51411396791
HL1q,68,8,COMPLETED,1.98317622131,0.0168237786895,0.400058874377,0.314035957921,1.52195170337
HL1q,68,8,COMPLETED,1.97705752977,0.0229424702288,0.386024767564,0.30092662891,1.52969878816
HL1q,68,8,COMPLETED,1.97703589339,0.0229641066115,0.373943171819,0.296329256339,1.53735943624
HL1q,68,8,COMPLETED,1.97229084961,0.0277091503922,0.371755317822,0.29619700062,1.54493757938
HL1q,68,8,COMPLETED,1.97135335735,0.0286466426499,0.365318274434,0.290215656495,1.55243689336
HL1q,68,8,COMPLETED,1.9689678768,0.0310321231976,0.371889415456,0.297122323604,1.55986082123
HL1q,68,8,COMPLETED,1.96743958956,0.0325604104362,0.359921592163,0.286383378928,1.56721259383
HL1q,68,8,COMPLETED,1.96525605716,0.0347439428403,0.359659223774,0.286013299358,1.57449524813
HL1q,68,8,COMPLETED,1.9625524648,0.0374475352016,0.358722786309,0.287410063509,1.58171164355
HL1q,68,8,COMPLETED,1.95994288065,0.0400571193516,0.350970238953,0.277803354672,1.58886447659
HL1q,68,8,COMPLETED,1.95779174171,0.042208258295,0.357354164045,0.27955493563,1.59595629395
HL1q,68,8,COMPLETED,1.95708044893,0.0429195510743,0.338672939271,0.262470095391,1.60298950433
HL1q,68,8,COMPLETED,1.95377961184,0.0462203881556,0.328272237752,0.257347126564,1.6099663891
HL1q,68,8,COMPLETED,1.95257334115,0.0474266588547,0.316315695424,0.246106625953,1.61688911186
HL1q,68,8,COMPLETED,1.95166774073,0.0483322592662,0.299302335675,0.233185128094,1.62375972726
HL1q,68,8,COMPLETED,1.94921548718,0.0507845128237,0.293253435373,0.229858323737,1.63058018883
HL1q,68,8,COMPLETED,1.94906576713,0.0508302984768,0.287351003279,0.226845278286,1.63735235622
HL1q,68,8,COMPLETED,1.94818052315,0.0508034428239,0.26767213876,0.213468859936,1.64407800179
HL1q,68,8,COMPLETED,1.94444032714,0.0521268605748,0.26799201134,0.210711178239,1.65075881658
HL1q,68,8,COMPLETED,1.94146116088,0.0527819938872,0.280973812806,0.217930833308,1.65739641581
HL1q,68,8,COMPLETED,1.93720045246,0.0530210260548,0.27994485338,0.218773531572,1.66399234392
HL1q,68,8,COMPLETED,1.93085287886,0.0531500512571,0.273703451388,0.213578751801,1.67054807919
HL1q,68,8,COMPLETED,1.92034819402,0.0545898922949,0.264227675004,0.206568792077,1.67706503799
HL1q,68,8,COMPLETED,1.90847770433,0.0547330006809,0.253699014101,0.196693890877,1.68354457871
HL1q,68,8,COMPLETED,1.89309035392,0.0545282197832,0.252580055029,0.197629712343,1.68998800538
HL1q,68,8,COMPLETED,1.87529431791,0.054727197986,0.248694571053,0.196120818089,1.69639657097
HL1q,68,8,COMPLETED,1.85836611594,0.0544047569713,0.243170070195,0.193552058076,1.70277148055
HL1q,68,8,COMPLETED,1.83933043337,0.0538794740689,0.231554471673,0.184213408616,1.70911389409
HL1q,68,8,COMPLETED,1.82140564498,0.0534251289279,0.229620873985,0.183535863886,1.71542492919
HL1q,68,8,COMPLETED,1.80186904406,0.0532084964943,0.242001986755,0.188672786475,1.72170566347
HL1q,68,8,COMPLETED,1.78254802006,0.0528346728825,0.229704352737,0.176556206663,1.72795713696
HL1q,68,8,COMPLETED,1.7618101518,0.0527709204032,0.221324446,0.170387942304,1.73418035418
HL1q,68,8,COMPLETED,1.73927531588,0.052740059744,0.210711678256,0.163747325953,1.74037628616
HL1q,68,8,COMPLETED,1.71477834431,0.0524872902182,0.206793726009,0.161881972856,1.74654587232
HL1q,68,8,COMPLETED,1.6902525262,0.0514609842572,0.199139880506,0.160126455943,1.75269002221
HL1q,68,8,COMPLETED,1.66533996012,0.0509350825927,0.201301800916,0.160508668252,1.75880961714
HL1q,68,8,COMPLETED,1.64092028312,0.0504004572292,0.194716705452,0.15531280099,1.76490551172
HL1q,68,8,COMPLETED,1.61336248378,0.0497647994194,0.198180394823,0.156800317685,1.77097853532
HL1q,68,8,COMPLETED,1.58350549467,0.0496214869281,0.193680749034,0.151109355295,1.77702949338
HL1q,68,8,COMPLETED,1.5526936937,0.0496528706901,0.195907168515,0.151354194918,1.78305916871
HL1q,68,8,COMPLETED,1.51958144854,0.0493071864028,0.180268929831,0.142657603314,1.78906832271
HL1q,68,8,COMPLETED,1.48587938459,0.0486370382706,0.182131737383,0.142257307975,1.79505769646
HL1q,68,8,COMPLETED,1.45284442414,0.0480185248062,0.17872080157,0.140789489355,1.8010280118
HL1q,68,8,COMPLETED,1.41795222994,0.0476244375563,0.183435690189,0.145604771915,1.80697997234
HL1q,68,8,COMPLETED,1.38299954245,0.0469318924871,0.176352920796,0.137446295384,1.81291426445
HL1q,68,8,COMPLETED,1.3474647307,0.0465520490092,0.178364666985,0.138923998936,1.81883155808
HL1q,68,8,COMPLETED,1.31452726103,0.0436321064979,1.5967666444,0.425115403241,1.82473250771
HL1q,68,8,COMPLETED,1.27438727887,0.0464881486282,1.52478489813,0.411553163513,1.83061775309
HL1q,68,8,COMPLETED,1.23661266791,0.0457350745666,1.45077558149,0.402860725753,1.83648792006
HL1q,68,8,COMPLETED,1.19865568319,0.0453354436139,1.7246991391,0.527222654267,1.84234362127
HL1q,68,8,COMPLETED,1.1615730279,0.0451141128916,1.65352059793,0.504913283259,1.84818545685
HL1q,68,8,COMPLETED,1.12406825343,0.0442764615476,1.5915675554,0.499683199097,1.85401401513
HL1q,68,8,COMPLETED,1.08606975269,0.0440833159926,1.52258999354,0.486782580885,1.85982987326
HL1q,68,8,COMPLETED,1.04749520668,0.0440710611066,1.45934278187,0.466797872868,1.86563359778
HL1q,68,8,COMPLETED,1.00847053726,0.043255102701,1.40470534209,0.462553159717,1.87142574526
HL1q,68,8,COMPLETED,0.969504343708,0.0428818012241,1.35427915645,0.452558026856,1.87720686282
HL1q,68,8,COMPLETED,0.934179377925,0.0398169907938,3.75570855058,1.09410684509,1.88297748871
HL1q,68,8,COMPLETED,0.89451265033,0.0390741268205,3.70831725464,1.16504024337,1.88873815275
HL1q,68,8,COMPLETED,0.85212781778,0.0418276451638,3.65322787428,1.14632550072,1.8944893769
HL1q,68,8,COMPLETED,0.812495296426,0.0413830137373,3.59379930192,1.16247415245,1.9002316757
HL1q,68,8,COMPLETED,0.772234136219,0.0409262691582,3.60008623519,1.22608533808,1.90596555675
HL1q,68,8,COMPLETED,0.733215143749,0.0411359997091,3.57200824046,1.21785323201,1.91169152113
HL1q,68,8,COMPLETED,0.692713661946,0.0403620205506,3.51972628427,1.19178008957,1.91741006386
HL1q,68,8,COMPLETED,0.655708250548,0.0367140432788,3.43073830648,1.23304060232,1.9231216743
HL1q,68,8,COMPLETED,0.61590976132,0.03669314722,3.51442632327,1.37678250266,1.92882683653
HL1q,68,8,COMPLETED,0.575696976667,0.036013976796,3.97759315305,1.59985961893,1.93452602982
HL1q,68,8,COMPLETED,0.532036053993,0.0385461862772,2.93389689801,1.32611281818,1.94021972894
HL1q,68,8,COMPLETED,0.491717032369,0.0382766869761,2.85164161433,1.32901266336,1.94590840455
HL1q,68,8,COMPLETED,0.451275073664,0.0385747074461,2.75721867822,1.30851393445,1.9515925236
HL1q,68,8,COMPLETED,0.410146234325,0.0373402297029,2.65214861856,1.27566343452,1.95727254965
HL1q,68,8,COMPLETED,0.370518776126,0.0372096277442,2.56986798133,1.2561027928,1.96294894322
HL1q,68,8,COMPLETED,0.329548989178,0.036650655569,2.43549824609,1.16363011172,1.96862216219
HL1q,68,8,COMPLETED,0.28834637986,0.0359807026203,2.3527778524,1.14328958227,1.97429266205
HL1q,68,8,COMPLETED,0.248315833642,0.0360028648342,2.28933810755,1.12598394622,1.97996089631
HL1q,68,8,COMPLETED,0.207882011538,0.0355466477465,2.32833187545,1.21262892199,1.9856273168
HL1q,68,8,COMPLETED,0.167321071847,0.0346570940455,2.25498733853,1.19702803272,1.99129237399
HL1q,68,8,COMPLETED,0.1278252337,0.0341776842169,2.18641674726,1.17266503455,1.99695651732
HL1q,68,8,COMPLETED,0.10807367187,0.034505315985,2.16481044706,1.17013565614,2
HL1z,68,8,COMPLETED,0,0,0.0013625849643,0.00108582158143,0
HL1z,68,8,COMPLETED,8.7962260768e-06,5.37981299911e-11,0.00136258369791,0.00108582027701,1.2e-06
HL1z,68,8,COMPLETED,1.93516973748e-05,2.07993194837e-10,0.00136258315296,0.00108581873245,2.64e-06
HL1z,68,8,COMPLETED,3.20182629457e-05,5.22103939882e-10,0.00136258390262,0.00108581690887,4.368e-06
HL1z,68,8,COMPLETED,4.72181416594e-05,1.08490821547e-09,0.00136258682337,0.00108581476359,6.4416e-06
HL1z,68,8,COMPLETED,6.54579960852e-05,2.02784207649e-09,0.0013625932387,0.00108581225122,8.92992e-06
HL1z,68,8,COMPLETED,8.73456040747e-05,3.32735817138e-09,0.00136260512796,0.00108580932559,1.1915904e-05
HL1z,68,8,COMPLETED,0.000113609947286,4.65521419326e-09,0.0013626254297,0.00108580594331,1.54990848e-05
HL1z,68,8,COMPLETED,0.000145125148953,5.03730767858e-09,0.00136265848105,0.00108592986667,1.979890176e-05
HL1z,68,8,COMPLETED,0.000182938845195,2.10027916225e-09,0.00136271065401,0.00108628273879,2.4958682112e-05
HL1z,68,8,COMPLETED,0.00022830826812,6.78063191399e-09,0.00136279127527,0.00108683351943,3.11504185344e-05
HL1z,68,8,COMPLETED,0.000282741312599,2.53163810254e-08,0.00136291395501,0.00108749507405,3.85805022413e-05
HL1z,68,8,COMPLETED,0.00034804616124,5.89311823429e-08,0.00136309850428,0.00108828982957,4.74966026895e-05
HL1z,68,8,COMPLETED,0.00042639024499,1.16061439203e-07,0.00136337369911,0.00108924481828,5.81959232274e-05
HL1z,68,8,COMPLETED,0.000520371276537,2.09372022652e-07,0.00136378126056,0.00109039265179,7.10351078729e-05
HL1z,68,8,COMPLETED,0.000633102609778,3.57007599867e-07,0.00136438157779,0.00109177271323,8.64421294475e-05
HL1z,68,8,COMPLETED,0.000768313986429,5.8565124969e-07,0.00136526192275,0.00109343262171,0.000104930555337
HL1z,68,8,COMPLETED,0.000930472264271,9.34178836468e-07,0.00136654821384,0.00109543003832,0.000127116666404
HL1z,68,8,COMPLETED,0.00112492470371,1.45936762772e-06,0.00136842180667,0.00109836719758,0.000153739999685
HL1z,68,8,COMPLETED,0.00135808181193,2.23146706222e-06,0.00137114335156,0.00110267055708,0.000185687999622
HL1z,68,8,COMPLETED,0.00163772599473,3.23909985724e-06,0.00137508647353,0.0011087152918,0.000224025599547
HL1z,68,8,COMPLETED,0.00197323367966,4.42262001089e-06,0.00138078488235,0.0011166846053,0.000270030719456
HL1z,68,8,COMPLETED,0.00237578987422,5.76500845124e-06,0.00138899740233,0.00112749128625,0.000325236863347
HL1z,68,8,COMPLETED,0.00285878082793,7.26414327187e-06,0.00140079605155,0.00114132377812,0.000391484236017
HL1z,68,8,COMPLETED,0.00343825962131,8.90281559601e-06,0.00141768212348,0.00116190026519,0.00047098108322
HL1z,68,8,COMPLETED,0.00413348482537,1.06294750401e-05,0.00144173326556,0.00118787441066,0.000566377299864
HL1z,68,8,COMPLETED,0.00496764817862,1.22490709691e-05,0.00147577948878,0.00122081265782,0.000680852759837
HL1z,68,8,COMPLETED,0.00596852948955,1.35035201412e-05,0.0015235969169,0.00126370932835,0.000818223311805
HL1z,68,8,COMPLETED,0.0071694237586,1.40171643061e-05,0.00159009602914,0.00131928832042,0.000983067974166
HL1z,68,8,COMPLETED,0.00861026479927,1.32059977198e-05,0.00168147213525,0.00139698688389,0.001180881569
HL1z,68,8,COMPLETED,0.0103389448021,1.01768405783e-05,0.00181032698519,0.00149780208031,0.0014182578828
HL1z,68,8,COMPLETED,0.0124116495555,4.82434528828e-06,0.00197699385149,0.00163664586428,0.00170310945936
HL1z,68,8,COMPLETED,0.0148937944673,1.43113982334e-06,0.00219627065914,0.00180475810233,0.00204493135123
HL1z,68,8,COMPLETED,0.0178693093295,1.29870791975e-05,0.00247978991791,0.00201669313788,0.00245511762148
HL1z,68,8,COMPLETED,0.0214425767798,1.81528105246e-05,0.0028210472611,0.00228464398725,0.00294734114577
HL1z,68,8,COMPLETED,0.0257336318672,2.4151703171e-05,0.0032512632202,0.00262693781587,0.00353800937493
HL1z,68,8,COMPLETED,0.0308910912393,3.39526009852e-05,0.00380905855879,0.00307544645697,0.00424681124991
HL1z,68,8,COMPLETED,0.0370732553562,4.79093250082e-05,0.00452459221596,0.00369476203372,0.00509737349989
HL1z,68,8,COMPLETED,0.0445167788935,5.23826170767e-05,0.00547804450172,0.00444742602369,0.00611804819987
HL1z,68,8,COMPLETED,0.0534555133228,6.79184428749e-05,0.006500344544,0.00527233922505,0.00734285783985
HL1z,68,8,COMPLETED,0.0641545021238,9.0133282065e-05,0.00787181452784,0.00631119848155,0.00881262940781
HL1z,68,8,COMPLETED,0.0769844689241,0.000100377019128,0.00923432235481,0.00738144623167,0.0105763552894
HL1z,68,8,COMPLETED,0.0923696261756,0.000120433275249,0.0109176781953,0.00882257633755,0.0126928263473
HL1z,68,8,COMPLETED,0.110827237737,0.000196606179707,0.0132387300582,0.0107485281996,0.0152325916167
HL1z,68,8,COMPLETED,0.133011904102,0.000308143925387,0.0155582496206,0.0128249905473,0.01828030994
HL1z,68,8,COMPLETED,0.159477024739,0.000288958191165,0.0185084026937,0.0152769422076,0.0219375719281
HL1z,68,8,COMPLETED,0.191340496264,0.000519520749433,0.0236057657303,0.0189359614885,0.0263262863137
HL1z,68,8,COMPLETED,0.229616410713,0.000845313290864,0.0289788772409,0.0232453038514,0.0315927435764
HL1z,68,8,COMPLETED,0.270886293563,0.000978280069882,0.033881569556,0.0271254151924,0.0372633381857
HL1z,68,8,COMPLETED,0.312142933692,0.00122300792704,0.0385552667546,0.0314165406373,0.0429366676891
HL1z,68,8,COMPLETED,0.35254276114,0.00108932689794,0.0474892107364,0.0375923383537,0.0486131869673
HL1z,68,8,COMPLETED,0.394230185644,0.00176393583449,0.0522634091245,0.0417497697344,0.0542933531413
HL1z,68,8,COMPLETED,0.43453524245,0.00183254201385,0.0573083843224,0.0462616215447,0.0599776259092
HL1z,68,8,COMPLETED,0.475958751738,0.00219016231538,0.0616534093904,0.0498395295967,0.0656664678876
HL1z,68,8,COMPLETED,0.516306577012,0.00222643452282,0.0708987905002,0.0561637648374,0.0713603449594
HL1z,68,8,COMPLETED,0.55725876279,0.0028955579475,0.0788952418508,0.0627972528809,0.0770597266278
HL1z,68,8,COMPLETED,0.59804890351,0.00295098630714,0.0830445742108,0.066397651298,0.082765086378
HL1z,68,8,COMPLETED,0.639014943895,0.00338292391502,0.0874510935091,0.0703874616846,0.0884769020468
HL1z,68,8,COMPLETED,0.679495814358,0.00358370415572,0.0987083415231,0.0774859387605,0.0941956562008
HL1z,68,8,COMPLETED,0.720064627166,0.0039288800732,0.104591173726,0.0827786179213,0.0999218365258
HL1z,68,8,COMPLETED,0.760224116405,0.00428225934419,0.108699095938,0.0868115911038,0.105655936225
HL1z,68,8,COMPLETED,0.800188615091,0.00444491357514,0.113818521134,0.0913121678923,0.111398454432
HL1z,68,8,COMPLETED,0.839975280484,0.00473576241682,0.123899766064,0.0979856358311,0.117149896631
HL1z,68,8,COMPLETED,0.879960570033,0.0049589179399,0.133273007005,0.103933856996,0.122910775099
HL1z,68,8,COMPLETED,0.920125495461,0.00533979883067,0.135264766939,0.107263846359,0.128681609352
HL1z,68,8,COMPLETED,0.96010863446,0.00562755517633,0.142127939823,0.11262015256,0.134462926622
HL1z,68,8,COMPLETED,0.999643161686,0.00584303991692,0.144216906167,0.114897241899,0.140255262333
HL1z,68,8,COMPLETED,1.03860856188,0.00616038184598,0.162927430395,0.127031575531,0.146059160615
HL1z,68,8,COMPLETED,1.07696381289,0.0064394931585,0.164167251288,0.127452012143,0.151875174822
HL1z,68,8,COMPLETED,1.1151191138,0.00657925964574,0.173316538956,0.135862288158,0.157703868081
HL1z,68,8,COMPLETED,1.15418584096,0.0072167452256,0.175401313599,0.138603795017,0.163545813862
HL1z,68,8,COMPLETED,1.19287355256,0.00749492579453,0.176896885943,0.140450445248,0.169401596569
HL1z,68,8,COMPLETED,1.23139532011,0.00778027123218,0.181526091224,0.144843090723,0.175271812169
HL1z,68,8,COMPLETED,1.26876733689,0.00818603981289,0.199312557968,0.154915970043,0.181157068833
HL1z,68,8,COMPLETED,1.30584802924,0.00853587862286,0.205194490399,0.159808787473,0.187057987625
HL1z,68,8,COMPLETED,1.34283041847,0.00892439713886,0.202869755544,0.158903176963,0.192975203212
HL1z,68,8,COMPLETED,1.37921196548,0.00928068259041,0.21275797014,0.167928183398,0.198909364617
HL1z,68,8,COMPLETED,1.41619923817,0.00976514119387,0.212821694744,0.167834928591,0.204861136007
HL1z,68,8,COMPLETED,1.45111963417,0.0101646034075,0.21544373456,0.171011942208,0.210831197524
HL1z,68,8,COMPLETED,1.48572453776,0.0105535807513,0.226883449628,0.176816425935,0.216820246159
HL1z,68,8,COMPLETED,1.52088717928,0.0108219544266,0.240868521738,0.185859452042,0.222828996677
HL1z,68,8,COMPLETED,1.55607614011,0.0112239293823,0.238956137137,0.187464713911,0.228858182589
HL1z,68,8,COMPLETED,1.59043918516,0.0117226276995,0.243401315882,0.190425539758,0.234908557187
HL1z,68,8,COMPLETED,1.62204793647,0.012201757487,0.240657967839,0.189209934233,0.24098089463
HL1z,68,8,COMPLETED,1.65403891439,0.0126221799022,0.246415201251,0.196771242149,0.247075991102
HL1z,68,8,COMPLETED,1.68623485662,0.0129768089978,0.244775654633,0.195991774808,0.253194666038
HL1z,68,8,COMPLETED,1.71826449631,0.0132314408827,0.256595663484,0.201294787146,0.259337763424
HL1z,68,8,COMPLETED,1.74710652307,0.0136094188934,0.260905216471,0.204636990615,0.265506153181
HL1z,68,8,COMPLETED,1.77649242059,0.0141406588789,0.26518471769,0.208804039397,0.271700732641
HL1z,68,8,COMPLETED,1.80435342629,0.0144184683545,0.27188198027,0.21318302084,0.277922428106
HL1z,68,8,COMPLETED,1.83148408724,0.0148895769614,0.269321371096,0.212702426608,0.284172196534
HL1z,68,8,COMPLETED,1.85612989487,0.0151667699544,0.272203132985,0.216386632225,0.290451027314
HL1z,68,8,COMPLETED,1.88182036176,0.0154615082931,0.267679418584,0.214738498994,0.296759944184
HL1z,68,8,COMPLETED,1.90584389671,0.0157455649089,0.275150254797,0.220346439696,0.303100007271
HL1z,68,8,COMPLETED,1.92560154368,0.0159279344697,0.268990888136,0.217067412189,0.309472315285
HL1z,68,8,COMPLETED,1.94287638638,0.015981848372,0.280307007887,0.224700410363,0.315878007867
HL1z,68,8,COMPLETED,1.96205007291,0.0161638811814,0.285823645601,0.227151034793,0.322318268117
HL1z,68,8,COMPLETED,1.97985314011,0.0163169753602,0.284375414939,0.226153395256,0.328794325313
HL1z,68,8,COMPLETED,1.99315226258,0.0162623291554,0.279940490147,0.224586936499,0.335307457833
HL1z,68,8,COMPLETED,2.0021181838,0.0160634671031,0.287334209566,0.234632850742,0.341858996316
HL1z,68,8,COMPLETED,2.00754063692,0.0160405248654,0.284659229845,0.230641837269,0.34845032707
HL1z,68,8,COMPLETED,2.01085303415,0.015787491031,0.279417646723,0.224557598882,0.355082895764
HL1z,68,8,COMPLETED,2.01291902604,0.0156004533479,0.283162082585,0.229575934695,0.361758211422
HL1z,68,8,COMPLETED,2.01475873482,0.0153849914378,0.28885553471,0.24136077094,0.368477850756
HL1z,68,8,COMPLETED,2.01491342687,0.0149687774139,0.28488483265,0.236619760684,0.375243462883
HL1z,68,8,COMPLETED,2.01485065085,0.014850650845,0.284682824855,0.233667238415,0.38205677445
HL1z,68,8,COMPLETED,2.01483112701,0.0148311270142,0.288767993094,0.238638644271,0.388919595224
HL1z,68,8,COMPLETED,2.01482674158,0.0148267415755,0.296216132728,0.248393758024,0.3958338242
HL1z,68,8,COMPLETED,2.01464190085,0.0146419008507,0.292480362661,0.243705977234,0.402801456283
HL1z,68,8,COMPLETED,2.01458005828,0.0145800582792,0.289990392673,0.240089606874,0.409824589606
HL1z,68,8,COMPLETED,2.01437228759,0.0143722875899,0.289477706088,0.239313330518,0.416905433581
HL1z,68,8,COMPLETED,2.01406340569,0.0140634056859,0.299381566406,0.252355097828,0.424046317743
HL1z,68,8,COMPLETED,2.01380433209,0.013804332089,0.299436099164,0.253208353291,0.43124970152
HL1z,68,8,COMPLETED,2.01348584192,0.0134858419167,0.298343829008,0.250983085442,0.438518185016
HL1z,68,8,COMPLETED,2.01222694897,0.0122269489688,0.297663931307,0.251762187925,0.44585452097
HL1z,68,8,COMPLETED,2.01080244584,0.0108024458384,0.304567574131,0.26112366748,0.453261628023
HL1z,68,8,COMPLETED,2.00880926328,0.00880926327733,0.318259488482,0.277099065891,0.4607426055
HL1z,68,8,COMPLETED,2.00642375197,0.00642375196833,0.327821762939,0.280562451464,0.4683007499
HL1z,68,8,COMPLETED,2.00237767098,0.00237767097805,0.367524745221,0.294996477115,0.475939573353
HL1z,68,8,COMPLETED,1.99956974648,0.000430253519908,0.466070377507,0.328980341975,0.48366282434
HL1z,68,8,COMPLETED,1.99668366734,0.00331633266075,0.526068982779,0.371183834766,0.491474511023
HL1z,68,8,COMPLETED,1.99324792185,0.00675207814587,0.56402970489,0.390354018693,0.499378927583
HL1z,68,8,COMPLETED,1.9899431786,0.0100568213965,0.521152292403,0.37320991178,0.507380684088
HL1z,68,8,COMPLETED,1.98816872328,0.0118312767226,0.624949638679,0.421714841662,0.515484740442
HL1z,68,8,COMPLETED,1.98719542618,0.0128045738173,0.624828908685,0.429849098032,0.523696445155
HL1z,68,8,COMPLETED,1.98508423967,0.0149157603328,0.645163604723,0.43560505315,0.532021579772
HL1z,68,8,COMPLETED,1.98363575102,0.0163642489783,0.670053574727,0.453159772684,0.540466410016
HL1z,68,8,COMPLETED,1.982003744,0.0179962559977,0.650719479846,0.448400656685,0.549037744919
HL1z,68,8,COMPLETED,1.9808183796,0.0191816203952,0.643204106861,0.447314624276,0.557743005513
HL1z,68,8,COMPLETED,1.98103586625,0.0189641337549,0.700487656007,0.483116141126,0.566590305054
HL1z,68,8,COMPLETED,1.9806355641,0.0193644359005,0.71949238412,0.502083920833,0.575588543211
HL1z,68,8,COMPLETED,1.97989454638,0.0201054536224,0.706676015425,0.497245908711,0.58474751731
HL1z,68,8,COMPLETED,1.98008676397,0.0199132360341,0.73312698463,0.513342726189,0.594078054564
HL1z,68,8,COMPLETED,1.97898403086,0.0210159691354,0.736669076394,0.514528553676,0.603592170319
HL1z,68,8,COMPLETED,1.97873537398,0.0212646260224,0.727776328967,0.515894429061,0.613303258833
HL1z,68,8,COMPLETED,1.97904650797,0.020953492028,0.75177847826,0.529477709894,0.623226325151
HL1z,68,8,COMPLETED,1.97968640772,0.0203135922815,0.73537756014,0.520468114884,0.633378269377
HL1z,68,8,COMPLETED,1.97982887794,0.0201711220586,0.759250083377,0.550478795969,0.643778238557
HL1z,68,8,COMPLETED,1.98051801813,0.0194819818687,0.735200050984,0.538134863297,0.654448066852
HL1z,68,8,COMPLETED,1.98160991603,0.0183900839669,0.780999307786,0.57545065214,0.665412832559
HL1z,68,8,COMPLETED,1.98144071356,0.0185592864368,0.779171130687,0.577116511591,0.676701572159
HL1z,68,8,COMPLETED,1.98102012946,0.0189798705379,0.778165660782,0.578725996082,0.688348208856
HL1z,68,8,COMPLETED,1.98158747529,0.0184125247064,0.751682718211,0.559384780687,0.700392779698
HL1z,68,8,COMPLETED,1.98253809756,0.0174619024432,0.719886375289,0.538712736264,0.712883087078
HL1z,68,8,COMPLETED,1.98379639773,0.0162036022725,0.778516603281,0.577277650752,0.725876968096
HL1z,68,8,COMPLETED,1.98403606229,0.0159639377084,0.782337608413,0.57737011517,0.739445488374
HL1z,68,8,COMPLETED,1.9840658762,0.0159341237989,0.745736415839,0.559153305578,0.753677563755
HL1z,68,8,COMPLETED,1.99706002385,0.00293997615404,1.27589088536,0.621900574917,0.768686871083
HL1z,68,8,COMPLETED,2.01964045281,0.0196404528121,1.6467530686,0.722634996789,0.784622594979
HL1z,68,8,COMPLETED,2.09683292943,0.0968329294305,2.95930665166,1.1965090836,0.801686957182
HL1z,68,8,COMPLETED,2.14401838136,0.144018381361,4.32924211697,1.65512953861,0.820165561517
HL1z,68,8,COMPLETED,2.20886905549,0.208869055494,4.68750310142,1.71345585429,0.840484087342
HL1z,68,8,COMPLETED,2.29469402474,0.294694024739,4.84394679831,1.74853553587,0.863325539579
HL1z,68,8,COMPLETED,2.38022133815,0.380221338145,5.65444964211,2.03495407508,0.889909988966
HL1z,68,8,COMPLETED,2.45750247389,0.457502473893,5.77787804384,2.06121730478,0.921811328232
HL1z,68,8,COMPLETED,2.56074693759,0.560746937585,5.80099510355,2.0756131388,0.96009293535
HL1z,68,8,COMPLETED,2.6046351217,0.604635121705,5.6365451653,1.94166617431,1.00603086389
HL1z,68,8,COMPLETED,2.62754018357,0.627540183575,3.49357382357,1.06296353901,1.06115637814
HL1z,68,8,COMPLETED,2.6432234738,0.643223473797,3.00577718974,0.909847996485,1.12020369247
HL1z,68,8,COMPLETED,2.64293110972,0.642931109719,3.2444625104,0.943318200786,1.15037815366
HL1z,68,8,COMPLETED,2.66844298205,0.668442982048,2.86946904042,0.848636544436,1.17457926048
HL1z,68,8,COMPLETED,2.677790706,0.677790705999,2.90692718875,0.854991844269,1.1954933056
HL1z,68,8,COMPLETED,2.68702046056,0.687020460558,2.59703127062,0.797061297726,1.2142298268
HL1z,68,8,COMPLETED,2.70388611688,0.703886116879,2.60800125411,0.794523487374,1.23138209422
HL1z,68,8,COMPLETED,2.71382231684,0.713822316837,2.22138492986,0.733930557645,1.24731327926
HL1z,68,8,COMPLETED,2.73353220031,0.733532200311,2.80664289966,0.85285605009,1.26226549064
HL1z,68,8,COMPLETED,2.74677235833,0.746772358326,2.30127793242,0.767009763096,1.27640997988
HL1z,68,8,COMPLETED,2.76072894497,0.760728944971,2.31925361278,0.766718941243,1.28987329494
HL1z,68,8,COMPLETED,2.77572774293,0.77572774293,2.55104651578,0.80446914989,1.30275215611
HL1z,68,8,COMPLETED,2.79598825868,0.795988258682,2.56830463102,0.810305203201,1.31512249636
HL1z,68,8,COMPLETED,2.80151462779,0.801514627794,2.59040756592,0.811717032563,1.32704524763
HL1z,68,8,COMPLETED,2.81741475375,0.817414753751,2.6103706712,0.813276522384,1.33857020243
HL1z,68,8,COMPLETED,2.83273628051,0.832736280515,2.61055336655,0.817458854864,1.34973868124
HL1z,68,8,COMPLETED,2.84783723428,0.847837234278,2.72887609809,0.850697378212,1.36058542921
HL1z,68,8,COMPLETED,2.86151913877,0.861519138766,1.7776613847,0.711294315489,1.37113999835
HL1z,68,8,COMPLETED,2.86490482084,0.864904820841,1.35191923053,0.668506161153,1.38142777662
HL1z,68,8,COMPLETED,2.88078239064,0.880782390641,1.23564334079,0.662507769224,1.39147076824
HL1z,68,8,COMPLETED,2.88929271753,0.889292717533,1.34996142617,0.666291049618,1.40128819536
HL1z,68,8,COMPLETED,2.89583292834,0.895832928338,1.38773105694,0.670667865561,1.41089696848
HL1z,68,8,COMPLETED,2.90343489149,0.903434891489,1.39906132999,0.667212729851,1.42031205931
HL1z,68,8,COMPLETED,2.89996493701,0.899964937015,1.4088747079,0.674765194001,1.42954679949
HL1z,68,8,COMPLETED,2.91623527435,0.916235274346,1.13295159832,0.645568466108,1.43861312267
HL1z,68,8,COMPLETED,2.91821485474,0.91821485474,1.69942226481,0.72013698302,1.44752176243
HL1z,68,8,COMPLETED,2.91329062623,0.913290626228,1.72716739994,0.726665975483,1.45628241556
HL1z,68,8,COMPLETED,2.91955652527,0.919556525266,1.48772230074,0.69084580406,1.46490387785
HL1z,68,8,COMPLETED,2.9149946636,0.914994663601,1.76893361044,0.708117748717,1.47339415781
HL1z,68,8,COMPLETED,2.91740166249,0.917401662486,0.748447931006,0.623226199934,1.48176057261
HL1z,68,8,COMPLETED,2.91708993205,0.917089932049,0.747147897512,0.624387632593,1.49000982949
HL1z,68,8,COMPLETED,2.91247360502,0.912473605019,0.743856242522,0.621334811295,1.49814809524
HL1z,68,8,COMPLETED,2.90975968544,0.909759685436,0.738444736055,0.616398093703,1.50618105583
HL1z,68,8,COMPLETED,2.90807999497,0.908079994971,0.735887941556,0.613311632437,1.51411396791
HL1z,68,8,COMPLETED,2.91216224308,0.912162243082,0.731344913859,0.608962900313,1.52195170337
HL1z,68,8,COMPLETED,2.90871724983,0.90871724983,0.727177879806,0.604801661329,1.52969878816
HL1z,68,8,COMPLETED,2.90990423751,0.909904237508,0.727156105286,0.605376824299,1.53735943624
HL1z,68,8,COMPLETED,2.91371832255,0.919856044719,1.97960743368,0.77586203172,1.54493757938
HL1z,68,8,COMPLETED,2.9165006578,0.916634807712,1.9922725868,0.778631751075,1.55243689336
HL1z,68,8,COMPLETED,2.9163886161,0.916649211157,1.9933028698,0.786486528418,1.55986082123
HL1z,68,8,COMPLETED,2.91444619916,0.91516583903,1.98302512346,0.786738334644,1.56721259383
HL1z,68,8,COMPLETED,2.91723527383,0.918140826993,1.97880723865,0.785727195036,1.57449524813
HL1z,68,8,COMPLETED,2.91459922789,0.916540674179,2.00086911976,0.792720982127,1.58171164355
HL1z,68,8,COMPLETED,2.92133540825,0.923867880419,2.02125139456,0.802763455394,1.58886447659
HL1z,68,8,COMPLETED,2.91906906633,0.923152391081,2.03223869598,0.804037864174,1.59595629395
HL1z,68,8,COMPLETED,2.92261984562,0.927587965044,2.03414842426,0.808632313753,1.60298950433
HL1z,68,8,COMPLETED,2.92660306192,0.933104504249,2.10501529473,0.82750632382,1.6099663891
HL1z,68,8,COMPLETED,2.9214291793,0.931203421825,2.10915994107,0.825496755774,1.61688911186
HL1z,68,8,COMPLETED,2.93020759358,0.939874813098,2.49228785139,0.950226067973,1.62375972726
HL1z,68,8,COMPLETED,2.92907982639,0.939224904747,2.59317451196,0.995974776655,1.63058018883
HL1z,68,8,COMPLETED,2.92992981995,0.942248911579,2.57948695144,0.99142340138,1.63735235622
HL1z,68,8,COMPLETED,2.92598750316,0.94175909755,2.62580287999,1.00946780594,1.64407800179
HL1z,68,8,COMPLETED,2.92405298095,0.945198950362,2.60801746758,0.996797272103,1.65075881658
HL1z,68,8,COMPLETED,2.92537657155,0.950038290175,2.57466830784,0.962882674811,1.65739641581
HL1z,68,8,COMPLETED,2.92205046801,0.951990359715,2.51757194031,0.955196204964,1.66399234392
HL1z,68,8,COMPLETED,2.91155371709,0.951887037628,2.50391632293,0.948790928904,1.67054807919
HL1z,68,8,COMPLETED,2.90244702299,0.952184707192,2.46294540338,0.936369096963,1.67706503799
HL1z,68,8,COMPLETED,2.89191548115,0.951394125251,2.41429693874,0.932743091477,1.68354457871
HL1z,68,8,COMPLETED,2.884097379,0.955533335264,2.40059047747,0.95239802048,1.68998800538
HL1z,68,8,COMPLETED,2.86860917635,0.954286492655,2.36230635187,0.937354700925,1.69639657097
HL1z,68,8,COMPLETED,2.85626943538,0.95570970882,2.28633414841,0.920137494701,1.70277148055
HL1z,68,8,COMPLETED,2.84184308093,0.957291223289,2.2540306416,0.902273334208,1.70911389409
HL1z,68,8,COMPLETED,2.82486473642,0.959135665897,2.1640714345,0.880726519938,1.71542492919
HL1z,68,8,COMPLETED,2.80564373038,0.96194577646,2.16704703542,0.877763781275,1.72170566347
HL1z,68,8,COMPLETED,2.78561459831,0.956511432139,2.01779796131,0.848106782056,1.72795713696
HL1z,68,8,COMPLETED,2.77019007922,0.961972348518,1.79134720126,0.785488449797,1.73418035418
HL1z,68,8,COMPLETED,2.75584103965,0.966262930931,1.7142202545,0.758635316992,1.74037628616
HL1z,68,8,COMPLETED,2.73510351523,0.965075348398,1.66333689829,0.748683391916,1.74654587232
HL1z,68,8,COMPLETED,2.71892207773,0.975412249335,1.93917300362,0.840345640646,1.75269002221
HL1z,68,8,COMPLETED,2.69171513279,0.972765422727,1.89688259029,0.842817937627,1.75880961714
HL1z,68,8,COMPLETED,2.67126714839,0.977392733734,1.8699504057,0.847323158544,1.76490551172
HL1z,68,8,COMPLETED,2.64477860059,0.979037395738,1.82486563231,0.846231402912,1.77097853532
HL1z,68,8,COMPLETED,2.62347952421,0.986630807242,1.90487648131,0.888872704843,1.77702949338
HL1z,68,8,COMPLETED,2.59182338326,0.984445034239,1.63452718798,0.845727872404,1.78305916871
HL1z,68,8,COMPLETED,2.56023119948,0.985348074129,1.57539367716,0.826142332508,1.78906832271
HL1z,68,8,COMPLETED,2.52543485234,0.983660124625,1.54338071651,0.839303009158,1.79505769646
HL1z,68,8,COMPLETED,2.4889746509,0.980833928088,1.45073217512,0.819501023062,1.8010280118
HL1z,68,8,COMPLETED,2.44990469878,0.977360189522,1.35725715694,0.79643432088,1.80697997234
HL1z,68,8,COMPLETED,2.42282315452,0.98409217533,1.28638900866,0.78531692978,1.81291426445
HL1z,68,8,COMPLETED,2.38894553541,0.985339033998,1.26813542332,0.778316114266,1.81883155808
HL1z,68,8,COMPLETED,2.35203654329,0.985570653579,1.22793068706,0.770117033822,1.82473250771
HL1z,68,8,COMPLETED,2.3227944628,0.993482460504,1.19214100451,0.761188806532,1.83061775309
HL1z,68,8,COMPLETED,2.29533033716,1.00462876125,1.38639242955,0.811603013188,1.83648792006
HL1z,68,8,COMPLETED,2.25152489794,0.999572949118,1.34316408671,0.79693998657,1.84234362127
HL1z,68,8,COMPLETED,2.20831991827,0.99371708513,1.54559633287,0.836214591962,1.84818545685
HL1z,68,8,COMPLETED,2.16825690348,0.992107087802,1.51886480929,0.821883119624,1.85401401513
HL1z,68,8,COMPLETED,2.13461282471,0.997388741668,1.50334605336,0.820630940013,1.85982987326
HL1z,68,8,COMPLETED,2.10232794628,1.00425446817,1.47722477387,0.805414025476,1.86563359778
HL1z,68,8,COMPLETED,2.0643825428,1.00572311844,1.43698319736,0.792989509549,1.87142574526
HL1z,68,8,COMPLETED,2.02391188646,1.00519779245,1.43650530953,0.794092941433,1.87720686282
HL1z,68,8,COMPLETED,1.98806345796,1.00727209106,1.45156541057,0.791151441219,1.88297748871
HL1z,68,8,COMPLETED,1.94430416698,1.00387043701,1.44223085758,0.78651554778,1.88873815275
HL1z,68,8,COMPLETED,1.90361833416,1.00343466773,1.32913828412,0.762501533869,1.8944893769
HL1z,68,8,COMPLETED,1.86314327604,1.00231918098,1.30848140486,0.755215392561,1.9002316757
HL1z,68,8,COMPLETED,1.82548628125,1.00424683185,1.24061639644,0.73528204256,1.90596555675
HL1z,68,8,COMPLETED,1.78771191837,1.00818282499,1.22634089,0.74586372937,1.91169152113
HL1z,68,8,COMPLETED,1.74588318719,1.00724943218,1.09626589675,0.712245230135,1.91741006386
HL1z,68,8,COMPLETED,1.70779374258,1.00871803397,0.986714644669,0.682840129394,1.9231216743
HL1z,68,8,COMPLETED,1.66870045961,1.01118572773,0.982420848943,0.682830860729,1.92882683653
HL1z,68,8,COMPLETED,1.62765789168,1.00864356519,0.934169147077,0.661118702277,1.93452602982
HL1z,68,8,COMPLETED,1.59180306435,1.01366762754,1.05645298637,0.688812933569,1.94021972894
HL1z,68,8,COMPLETED,1.54351049603,1.00621359137,1.02989108279,0.67574673452,1.94590840455
HL1z,68,8,COMPLETED,1.51046302534,1.01466255136,0.993056989503,0.657969149926,1.9515925236
HL1z,68,8,COMPLETED,1.46734758187,1.01182526606,0.982924822483,0.658119576465,1.95727254965
HL1z,68,8,COMPLETED,1.4227123018,1.00784128327,0.964703995502,0.651526743534,1.96294894322
HL1z,68,8,COMPLETED,1.38740270383,1.01233783992,0.944368275411,0.643373172828,1.96862216219
HL1z,68,8,COMPLETED,1.34690762375,1.01232339004,0.999844959851,0.659668249743,1.97429266205
HL1z,68,8,COMPLETED,1.30876833141,1.01515451267,0.996671986898,0.638084799533,1.97996089631
HL1z,68,8,COMPLETED,1.26852408128,1.01439005972,0.99508006149,0.634305535603,1.9856273168
HL1z,68,8,COMPLETED,1.23324273681,1.01894218835,0.993667932302,0.633631702682,1.99129237399
HL1z,68,8,COMPLETED,1.18906944905,1.01337061278,0.990760717039,0.632030374245,1.99695651732
HL1z,68,8,COMPLETED,1.17435548874,1.01731338846,0.996384594625,0.63439526662,2
HL2,68,8,COMPLETED,0,0,0.0013625849643,0.00108582158143,0
HL2,68,8,COMPLETED,8.79622607391e-06,3.7259203037e-11,0.0013625853283,0.00108582158306,1.2e-06
HL2,68,8,COMPLETED,1.93516973654e-05,1.71607383223e-10,0.00136258673982,0.00108582160576,2.64e-06
HL2,68,8,COMPLETED,3.20182629242e-05,4.61902580553e-10,0.00136258983725,0.00108582166288,4.368e-06
HL2,68,8,COMPLETED,4.72181416174e-05,9.96127903483e-10,0.00136259557535,0.00108582177444,6.4416e-06
HL2,68,8,COMPLETED,6.54579960097e-05,1.90476748903e-09,0.00136260537153,0.00108582197028,8.92992e-06
HL2,68,8,COMPLETED,8.7345603944e-05,3.16312833634e-09,0.00136262131793,0.00108582229449,1.1915904e-05
HL2,68,8,COMPLETED,0.000113609947068,4.44159466405e-09,0.00136264648839,0.00108582281202,1.54990848e-05
HL2,68,8,COMPLETED,0.000145125148593,4.76441236832e-09,0.00136268538255,0.00108595141654,1.979890176e-05
HL2,68,8,COMPLETED,0.000182938844612,1.75623974494e-09,0.00136274456749,0.0010863099012,2.4958682112e-05
HL2,68,8,COMPLETED,0.000228308267199,7.21006011275e-09,0.00136283360425,0.00108686743534,3.11504185344e-05
HL2,68,8,COMPLETED,0.000282741311167,2.58482963412e-08,0.00136296638461,0.00108753710207,3.85805022413e-05
HL2,68,8,COMPLETED,0.000348046159046,5.95861114436e-08,0.00136316305821,0.00108834160357,4.74966026895e-05
HL2,68,8,COMPLETED,0.000426390241656,1.16864038657e-07,0.00136345280862,0.00108930830393,5.81959232274e-05
HL2,68,8,COMPLETED,0.000520371271518,2.10351889425e-07,0.00136387784803,0.00109047021521,7.10351078729e-05
HL2,68,8,COMPLETED,0.000633102602279,3.58200278873e-07,0.00136449915861,0.00109186720433,8.64421294475e-05
HL2,68,8,COMPLETED,0.000768313975291,5.87099429412e-07,0.00136540473029,0.00109354747564,0.000104930555337
HL2,68,8,COMPLETED,0.000930472247814,9.35933783973e-07,0.00136672135405,0.00109556939937,0.000127116666404
HL2,68,8,COMPLETED,0.00112492467948,1.4614909427e-06,0.0013686314517,0.00109853606404,0.000153739999685
HL2,68,8,COMPLETED,0.00135808177591,2.23403318025e-06,0.00137139698604,0.00110287491528,0.000185687999622
HL2,68,8,COMPLETED,0.00163772594022,3.24219921052e-06,0.00137539321392,0.0011089630444,0.000224025599547
HL2,68,8,COMPLETED,0.0019732335968,4.42636172929e-06,0.00138115590104,0.00111698455776,0.000270030719456
HL2,68,8,COMPLETED,0.00237578974937,5.76952353633e-06,0.00138944650641,0.00112785550867,0.000325236863347
HL2,68,8,COMPLETED,0.00285878064107,7.2695899723e-06,0.0014013404946,0.00114176671875,0.000391484236017
HL2,68,8,COMPLETED,0.00343825934296,8.90938528199e-06,0.00141834377742,0.00116244164746,0.00047098108322
HL2,68,8,COMPLETED,0.00413348441096,1.0637400669e-05,0.00144254035165,0.00118853693013,0.000566377299864
HL2,68,8,COMPLETED,0.00496764756051,1.22586373929e-05,0.00147676918104,0.00122162899529,0.000680852759837
HL2,68,8,COMPLETED,0.00596852856994,1.3515072452e-05,0.00152481929702,0.00126471772739,0.000818223311805
HL2,68,8,COMPLETED,0.00716942239246,1.4031124143e-05,0.001591620103,0.00132054779515,0.000983067974166
HL2,68,8,COMPLETED,0.00861026277086,1.32228819021e-05,0.00168339492516,0.00139857990672,0.001180881569
HL2,68,8,COMPLETED,0.0103389417893,1.01972843171e-05,0.00181280949655,0.00149985591367,0.0014182578828
HL2,68,8,COMPLETED,0.0124116450906,4.84911372217e-06,0.00198022819787,0.00163930050206,0.00170310945936
HL2,68,8,COMPLETED,0.0148937878206,1.4010969357e-06,0.00220055802537,0.00180826276906,0.00204493135123
HL2,68,8,COMPLETED,0.0178692994307,1.29506888228e-05,0.00248557942402,0.00202138272787,0.00245511762148
HL2,68,8,COMPLETED,0.0214425613204,1.81096025828e-05,0.00282886812306,0.00229094219852,0.00294734114577
HL2,68,8,COMPLETED,0.0257336061557,2.41025802126e-05,0.00326196361092,0.00263563418717,0.00353800937493
HL2,68,8,COMPLETED,0.0308910543754,3.38932422704e-05,0.00382396762181,0.00308762969589,0.00424681124991
HL2,68,8,COMPLETED,0.037073201135,4.78365012329e-05,0.00454547119455,0.00371199182393,0.00509737349989
HL2,68,8,COMPLETED,0.044516697219,5.22948630036e-05,0.0055073999515,0.00447195045064,0.00611804819987
HL2,68,8,COMPLETED,0.0534553876915,6.78131338791e-05,0.00653943865007,0.00530556662363,0.00734285783985
HL2,68,8,COMPLETED,0.06415431386,9.00083755695e-05,0.00791982077864,0.00635388370105,0.00881262940781
HL2,68,8,COMPLETED,0.0769842012552,0.000100209124194,0.00927996454947,0.0074293667611,0.0105763552894
HL2,68,8,COMPLETED,0.0923692515414,0.000120134902446,0.0109353845273,0.00886463431363,0.0126928263473
HL2,68,8,COMPLETED,0.110826764441,0.000195908298957,0.0131320113875,0.0107319686546,0.0152325916167
HL2,68,8,COMPLETED,0.133010220974,0.000305572939886,0.0151497200661,0.0126290960372,0.01828030994
HL2,68,8,COMPLETED,0.159474823458,0.000281407737575,0.0173661637031,0.01464048734,0.0219375719281
HL2,68,8,COMPLETED,0.191322219011,0.000491421791683,0.0198533534507,0.0166974463986,0.0263262863137
HL2,68,8,COMPLETED,0.229548071836,0.000726009756955,0.0227739408695,0.0192787336547,0.0315927435764
HL2,68,8,COMPLETED,0.270718252756,0.000648364930108,0.0267133166307,0.0224225325635,0.0372633381857
HL2,68,8,COMPLETED,0.311924635144,0.000695602153735,0.0318365816797,0.0263738033012,0.0429366676891
HL2,68,8,COMPLETED,0.352256558913,0.000213531898125,0.0356814187584,0.0291801293582,0.0486131869673
HL2,68,8,COMPLETED,0.393790240248,0.000298831563528,0.0401477227098,0.0319939130484,0.0542933531413
HL2,68,8,COMPLETED,0.433728021159,0.000328946375625,0.0455090223234,0.0351343531698,0.0599776259092
HL2,68,8,COMPLETED,0.474882874463,0.000469241038204,0.0494870162492,0.038479196766,0.0656664678876
HL2,68,8,COMPLETED,0.515094502432,0.00129389893034,0.0662546039318,0.0482520845081,0.0713603449594
HL2,68,8,COMPLETED,0.555594775468,0.00147255737199,0.0711895956499,0.0525772785092,0.0770597266278
HL2,68,8,COMPLETED,0.595721875605,0.00234620007531,0.0718532030006,0.052256617608,0.082765086378
HL2,68,8,COMPLETED,0.635973728694,0.00239396167747,0.0807499403113,0.0586690573339,0.0884769020468
HL2,68,8,COMPLETED,0.675725646784,0.00267642909349,0.0837510032845,0.0628456331887,0.0941956562008
HL2,68,8,COMPLETED,0.715645240677,0.00330590903208,0.089061064759,0.0686450343998,0.0999218365258
HL2,68,8,COMPLETED,0.755214689898,0.00413856192377,0.106013406186,0.0771821298653,0.105655936225
HL2,68,8,COMPLETED,0.793908493385,0.00460400604704,0.112494776499,0.0814603117724,0.111398454432
HL2,68,8,COMPLETED,0.832786478978,0.00462521111382,0.121401872567,0.0877591483395,0.117149896631
HL2,68,8,COMPLETED,0.872009167552,0.00518845204101,0.128328058019,0.0934823955214,0.122910775099
HL2,68,8,COMPLETED,0.911086904146,0.00572764877189,0.132639442281,0.0974300663139,0.128681609352
HL2,68,8,COMPLETED,0.94946592829,0.00649057991953,0.137268971458,0.0984518940962,0.134462926622
HL2,68,8,COMPLETED,0.987790909079,0.00686075070265,0.147042547307,0.105165857764,0.140255262333
HL2,68,8,COMPLETED,1.02588087309,0.00756124453945,0.15167241983,0.109982378611,0.146059160615
HL2,68,8,COMPLETED,1.06302980284,0.00804518165678,0.162595287239,0.119297868338,0.151875174822
HL2,68,8,COMPLETED,1.09998458,0.00836850052377,0.168745346377,0.124425948941,0.157703868081
HL2,68,8,COMPLETED,1.13706281773,0.00900808989247,0.172054402664,0.124484561702,0.163545813862
HL2,68,8,COMPLETED,1.17463694857,0.00954155346013,0.171622086763,0.121827465143,0.169401596569
HL2,68,8,COMPLETED,1.21116591694,0.0106199268429,0.178624331238,0.130962365385,0.175271812169
HL2,68,8,COMPLETED,1.24724935872,0.0110438941622,0.184392497925,0.135977839485,0.181157068833
HL2,68,8,COMPLETED,1.28299235682,0.01126417405,0.191684723382,0.142184951121,0.187057987625
HL2,68,8,COMPLETED,1.31784371863,0.0122130533369,0.196295899449,0.146428713984,0.192975203212
HL2,68,8,COMPLETED,1.35246451561,0.0125692706725,0.203018142258,0.148516721757,0.198909364617
HL2,68,8,COMPLETED,1.38787796249,0.0134647369903,0.210097785216,0.153457076478,0.204861136007
HL2,68,8,COMPLETED,1.42240386733,0.0135848574041,0.211223731423,0.154100019753,0.210831197524
HL2,68,8,COMPLETED,1.45453027873,0.0143365871061,0.214562137261,0.157679588005,0.216820246159
HL2,68,8,COMPLETED,1.48731937008,0.0145595017949,0.216218349642,0.161993546921,0.222828996677
HL2,68,8,COMPLETED,1.52078077714,0.0146751259927,0.218686351396,0.16721502071,0.228858182589
HL2,68,8,COMPLETED,1.55285325975,0.0150984551126,0.221976351663,0.172231093358,0.234908557187
HL2,68,8,COMPLETED,1.58218610854,0.0152556923683,0.224366420242,0.173407307467,0.24098089463
HL2,68,8,COMPLETED,1.61313512083,0.0154896858763,0.231506970741,0.181405053036,0.247075991102
HL2,68,8,COMPLETED,1.64335015676,0.015886054542,0.23831092884,0.187611663867,0.253194666038
HL2,68,8,COMPLETED,1.67344966831,0.0154342898391,0.238231686547,0.187272544636,0.259337763424
HL2,68,8,COMPLETED,1.69964094036,0.0154884630822,0.238056613029,0.186584134527,0.265506153181
HL2,68,8,COMPLETED,1.72655716802,0.0159990210637,0.24457109915,0.192722923221,0.271700732641
HL2,68,8,COMPLETED,1.75302859071,0.0161914576545,0.245998767376,0.195724823823,0.277922428106
HL2,68,8,COMPLETED,1.77956933713,0.0163760243437,0.252553459275,0.203230784084,0.284172196534
HL2,68,8,COMPLETED,1.80351653084,0.0170013561037,0.254746740985,0.20315148401,0.290451027314
HL2,68,8,COMPLETED,1.82622115788,0.0178362625497,0.252309196328,0.199781233465,0.296759944184
HL2,68,8,COMPLETED,1.84957410894,0.0187772913135,0.251414603945,0.196953108531,0.303100007271
HL2,68,8,COMPLETED,1.87178330778,0.0196152253423,0.248080714478,0.191980086263,0.309472315285
HL2,68,8,COMPLETED,1.88753069193,0.0198193940347,0.248295018566,0.193812585047,0.315878007867
HL2,68,8,COMPLETED,1.90572082209,0.0195082049159,0.258362267764,0.208016989417,0.322318268117
HL2,68,8,COMPLETED,1.92431760714,0.0194657983967,0.25622272422,0.207893873475,0.328794325313
HL2,68,8,COMPLETED,1.9402019183,0.0196485865063,0.256859857506,0.208990425898,0.335307457833
HL2,68,8,COMPLETED,1.95191272863,0.0189860630911,0.264688438012,0.215813947302,0.341858996316
HL2,68,8,COMPLETED,1.96208175988,0.0185354635405,0.274564092103,0.22774862798,0.34845032707
HL2,68,8,COMPLETED,1.97000444257,0.0177741953709,0.286838725172,0.238300359131,0.355082895764
HL2,68,8,COMPLETED,1.97601277828,0.0165689708735,0.299587796373,0.251754716095,0.361758211422
HL2,68,8,COMPLETED,1.98034618241,0.0152398264445,0.298526481098,0.246962845681,0.368477850756
HL2,68,8,COMPLETED,1.98358921014,0.0140400764948,0.31149706032,0.256711017533,0.375243462883
HL2,68,8,COMPLETED,1.97973705009,0.0198108657945,0.43669173232,0.291574473577,0.38205677445
HL2,68,8,COMPLETED,1.98367564354,0.0162961900613,0.517758164493,0.329715688117,0.388919595224
HL2,68,8,COMPLETED,1.98757266078,0.012427339221,0.539756567902,0.346095890897,0.3958338242
HL2,68,8,COMPLETED,1.98398395986,0.0160160401372,0.579273815614,0.375655591681,0.402801456283
HL2,68,8,COMPLETED,1.97294822181,0.0270517781944,0.538235142864,0.364902501559,0.409824589606
HL2,68,8,COMPLETED,1.95329381747,0.0467061825342,0.607687608222,0.405278785614,0.416905433581
HL2,68,8,COMPLETED,1.95076079795,0.0492392020464,0.625027048848,0.417530569051,0.424046317743
HL2,68,8,COMPLETED,1.94120778518,0.0587922148168,0.67761295359,0.449520489727,0.43124970152
HL2,68,8,COMPLETED,1.93672746855,0.0632725314474,0.63777242125,0.429325223332,0.438518185016
HL2,68,8,COMPLETED,1.93169510006,0.0683048999446,0.643921676712,0.421538132793,0.44585452097
HL2,68,8,COMPLETED,1.92805118902,0.0719488109794,0.648808164608,0.421023413591,0.453261628023
HL2,68,8,COMPLETED,1.92690372033,0.073096279666,0.635426705404,0.414691968308,0.4607426055
HL2,68,8,COMPLETED,1.92434176625,0.0756582337534,0.660919198578,0.428586821098,0.4683007499
HL2,68,8,COMPLETED,1.92142455283,0.0785754471693,0.708943221162,0.448635881438,0.475939573353
HL2,68,8,COMPLETED,1.92017252898,0.079827471023,0.685868157907,0.436207655297,0.48366282434
HL2,68,8,COMPLETED,1.91802289381,0.0819771061931,0.694034046017,0.433650812729,0.491474511023
HL2,68,8,COMPLETED,1.91433441668,0.0856655833168,0.657125238673,0.425638893806,0.499378927583
HL2,68,8,COMPLETED,1.91260167618,0.0873983238187,0.690021788855,0.445517065161,0.507380684088
HL2,68,8,COMPLETED,1.91154868961,0.0884513103861,0.699226128632,0.455681651231,0.515484740442
HL2,68,8,COMPLETED,1.91107746377,0.088922536234,0.680167737163,0.445866131563,0.523696445155
HL2,68,8,COMPLETED,1.91139901623,0.0886009837735,0.660950963338,0.441436004164,0.532021579772
HL2,68,8,COMPLETED,1.91069658151,0.0893034184871,0.715504833937,0.476005833623,0.540466410016
HL2,68,8,COMPLETED,1.91161591897,0.0883840810302,0.736174160815,0.497536898003,0.549037744919
HL2,68,8,COMPLETED,1.91041915528,0.0895808447235,0.7032962648,0.482499885612,0.557743005513
HL2,68,8,COMPLETED,1.91026687773,0.0897331222662,0.695468491324,0.488756943481,0.566590305054
HL2,68,8,COMPLETED,1.91124816759,0.0887518324136,0.704705494646,0.485180439312,0.575588543211
HL2,68,8,COMPLETED,1.91245275613,0.0875472438719,0.717501461669,0.496634320697,0.58474751731
HL2,68,8,COMPLETED,1.91402283167,0.085977168328,0.72419340286,0.513037939248,0.594078054564
HL2,68,8,COMPLETED,1.91440230639,0.0855976936056,0.71528768693,0.507783183268,0.603592170319
HL2,68,8,COMPLETED,1.91586974429,0.0841302557149,0.696641467194,0.502217919425,0.613303258833
HL2,68,8,COMPLETED,1.91760937493,0.0823906250683,0.706836928695,0.504841475644,0.623226325151
HL2,68,8,COMPLETED,1.91928872934,0.0807112706598,0.717003293145,0.511931849683,0.633378269377
HL2,68,8,COMPLETED,1.92143663607,0.0785633639319,0.714065416311,0.513035233708,0.643778238557
HL2,68,8,COMPLETED,1.92354884295,0.0764511570548,0.706133946291,0.508429822673,0.654448066852
HL2,68,8,COMPLETED,1.92478341003,0.0752165899733,0.694419817509,0.509940366811,0.665412832559
HL2,68,8,COMPLETED,1.92671778021,0.0732822197946,0.688755355393,0.506853061866,0.676701572159
HL2,68,8,COMPLETED,1.92837095674,0.0716290432633,0.696904885624,0.518584102534,0.688348208856
HL2,68,8,COMPLETED,1.93033420842,0.069665791577,0.684481984724,0.510810003102,0.700392779698
HL2,68,8,COMPLETED,1.93246747111,0.0675325288898,0.695185420194,0.527924844863,0.712883087078
HL2,68,8,COMPLETED,1.93405576239,0.0659442376063,0.697307858106,0.52953124553,0.725876968096
HL2,68,8,COMPLETED,1.9357990203,0.0642009796998,0.683557268726,0.519681676877,0.739445488374
HL2,68,8,COMPLETED,1.93783832621,0.0621616737852,0.693512861973,0.526650686398,0.753677563755
HL2,68,8,COMPLETED,1.93958127593,0.0604187240695,0.675998405025,0.519506336978,0.768686871083
HL2,68,8,COMPLETED,1.94136429119,0.0586357088095,0.668978414585,0.51142935963,0.784622594979
HL2,68,8,COMPLETED,1.94312005831,0.0568799416933,0.672266279892,0.517653117789,0.801686957182
HL2,68,8,COMPLETED,1.94438465114,0.055615348859,0.666496082084,0.516423308475,0.820165561517
HL2,68,8,COMPLETED,1.94548507313,0.0545149268663,0.680948214896,0.527267873913,0.840484087342
HL2,68,8,COMPLETED,1.94672830517,0.0532716948313,0.675030071046,0.521204847158,0.863325539579
HL2,68,8,COMPLETED,1.94826401505,0.0517359849526,0.682145866403,0.526423817082,0.889909988966
HL2,68,8,COMPLETED,1.94985328638,0.0501467136202,0.673733983079,0.518861388823,0.921811328232
HL2,68,8,COMPLETED,1.95123680341,0.0487631965936,0.667285617435,0.514910126648,0.96009293535
HL2,68,8,COMPLETED,1.9517656897,0.0482343103007,0.669544846661,0.514905014115,1.00603086389
HL2,68,8,COMPLETED,1.94983822635,0.050161773653,0.652638098021,0.506063750246,1.06115637814
HL2,68,8,COMPLETED,1.94618870069,0.0538112993054,0.619497558693,0.482318868552,1.12020369247
HL2,68,8,COMPLETED,1.94447194257,0.0555280574317,0.577980225224,0.452646112218,1.15037815366
HL2,68,8,COMPLETED,1.94308073712,0.0569192628826,0.557188986676,0.443800898071,1.17457926048
HL2,68,8,COMPLETED,1.94141541008,0.05858458992,0.517538636092,0.413549105273,1.1954933056
HL2,68,8,COMPLETED,1.93965111178,0.0603488882162,0.496237367669,0.395358275068,1.2142298268
HL2,68,8,COMPLETED,1.93789475911,0.0621052408938,0.477202335511,0.380035504458,1.23138209422
HL2,68,8,COMPLETED,1.93638684733,0.0636131526736,0.46619460523,0.372929794716,1.24731327926
HL2,68,8,COMPLETED,1.93428395637,0.0657160436309,0.446813593846,0.355503931945,1.26226549064
HL2,68,8,COMPLETED,1.93243849206,0.0675615079358,0.431146187009,0.342812939416,1.27640997988
HL2,68,8,COMPLETED,1.9306818581,0.0693181418992,0.417443044694,0.331454249614,1.28987329494
HL2,68,8,COMPLETED,1.92822178656,0.0717782134371,0.401518970524,0.3171013292,1.30275215611
HL2,68,8,COMPLETED,1.9258036089,0.0741963910992,0.38325493059,0.30031243229,1.31512249636
HL2,68,8,COMPLETED,1.92375327433,0.076246725667,0.383820728079,0.301409697165,1.32704524763
HL2,68,8,COMPLETED,1.92183571023,0.078164289768,0.374112091027,0.292107512923,1.33857020243
HL2,68,8,COMPLETED,1.91986124281,0.0801387571881,0.365621021444,0.287428663425,1.34973868124
HL2,68,8,COMPLETED,1.91720624255,0.0827937574457,0.362828634511,0.287382420807,1.36058542921
HL2,68,8,COMPLETED,1.91450910969,0.0854908903102,0.350628579805,0.277418379613,1.37113999835
HL2,68,8,COMPLETED,1.91277057318,0.0872294268158,0.347914208335,0.274429501702,1.38142777662
HL2,68,8,COMPLETED,1.91151224529,0.0884877547098,0.346775284813,0.270894528784,1.39147076824
HL2,68,8,COMPLETED,1.91021436307,0.0897856369267,0.338134949734,0.264610179228,1.40128819536
HL2,68,8,COMPLETED,1.90889932764,0.0911006723633,0.339030677542,0.26430613933,1.41089696848
HL2,68,8,COMPLETED,1.90721507845,0.0927849215534,0.327848206926,0.257777467917,1.42031205931
HL2,68,8,COMPLETED,1.90569965988,0.094300340121,0.327593650285,0.256558739112,1.42954679949
HL2,68,8,COMPLETED,1.90499899012,0.0950010098779,0.328277852809,0.254783317026,1.43861312267
HL2,68,8,COMPLETED,1.90439258289,0.0956074171063,0.326964743242,0.25659856608,1.44752176243
HL2,68,8,COMPLETED,1.90347319825,0.096526801752,0.308197824772,0.241024680388,1.45628241556
HL2,68,8,COMPLETED,1.90251390443,0.0974860955692,0.309498937897,0.241481352199,1.46490387785
HL2,68,8,COMPLETED,1.9020017795,0.0979982204955,0.310690486085,0.245620318563,1.47339415781
HL2,68,8,COMPLETED,1.90097881138,0.0990211886249,0.314555782354,0.252986620248,1.48176057261
HL2,68,8,COMPLETED,1.89995923067,0.10004076933,0.31036582072,0.251424120971,1.49000982949
HL2,68,8,COMPLETED,1.8988964826,0.101103517403,0.300530958982,0.243140610658,1.49814809524
HL2,68,8,COMPLETED,1.89859584157,0.101404158429,0.296703393217,0.237254311625,1.50618105583
HL2,68,8,COMPLETED,1.89802231974,0.101977680257,0.297750402907,0.240433357149,1.51411396791
HL2,68,8,COMPLETED,1.89752837943,0.102471620569,0.29179285421,0.236713466556,1.52195170337
HL2,68,8,COMPLETED,1.89737169517,0.102628304828,0.281523331552,0.228986790959,1.52969878816
HL2,68,8,COMPLETED,1.89720450221,0.102795497786,0.282017229232,0.225945925399,1.53735943624
HL2,68,8,COMPLETED,1.89697400227,0.103025997729,0.2730623424,0.219381182937,1.54493757938
HL2,68,8,COMPLETED,1.89559631197,0.104403688033,0.271777263028,0.2207602225,1.55243689336
HL2,68,8,COMPLETED,1.89454353658,0.10545646342,0.265335113643,0.216792996487,1.55986082123
HL2,68,8,COMPLETED,1.89401296391,0.105987036087,0.263724891625,0.221659401222,1.56721259383
HL2,68,8,COMPLETED,1.89352001634,0.106479983663,0.263338043478,0.219829161709,1.57449524813
HL2,68,8,COMPLETED,1.8930804007,0.106919599299,0.262837292902,0.22120309723,1.58171164355
HL2,68,8,COMPLETED,1.89252881604,0.107471183962,0.257008401247,0.216896780026,1.58886447659
HL2,68,8,COMPLETED,1.89220315277,0.107796847228,0.253303063628,0.214171229544,1.59595629395
HL2,68,8,COMPLETED,1.8913745488,0.108625451204,0.244000653771,0.204103464018,1.60298950433
HL2,68,8,COMPLETED,1.89082917136,0.10896854353,0.244594872664,0.204488280609,1.6099663891
HL2,68,8,COMPLETED,1.89005615193,0.109512851979,0.2443214996,0.206667918061,1.61688911186
HL2,68,8,COMPLETED,1.88770617086,0.109255300997,0.237380562023,0.200802298762,1.62375972726
HL2,68,8,COMPLETED,1.88326624514,0.110600004317,0.23736734738,0.204217022476,1.63058018883
HL2,68,8,COMPLETED,1.8804766804,0.110972080284,0.235120194539,0.19998850867,1.63735235622
HL2,68,8,COMPLETED,1.8765410358,0.111795314563,0.23793279832,0.201256256764,1.64407800179
HL2,68,8,COMPLETED,1.86949202184,0.112410657088,0.231319333307,0.194943687013,1.65075881658
HL2,68,8,COMPLETED,1.86138429884,0.112597736636,0.234105550236,0.197332772138,1.65739641581
HL2,68,8,COMPLETED,1.85270347829,0.113027626986,0.23599081458,0.199792407206,1.66399234392
HL2,68,8,COMPLETED,1.84358651271,0.112830548824,0.245151124021,0.207717012368,1.67054807919
HL2,68,8,COMPLETED,1.83121150921,0.113698009815,0.240264915558,0.202426569688,1.67706503799
HL2,68,8,COMPLETED,1.81766760219,0.114249849327,0.237871664753,0.199391360175,1.68354457871
HL2,68,8,COMPLETED,1.80421371648,0.114339010043,0.235098808614,0.196550527324,1.68998800538
HL2,68,8,COMPLETED,1.78684868159,0.114800856622,0.237176817386,0.196137688167,1.69639657097
HL2,68,8,COMPLETED,1.76769886594,0.115299931579,0.235342955897,0.195585858114,1.70277148055
HL2,68,8,COMPLETED,1.74704732923,0.115875358871,0.236892318831,0.198455053816,1.70911389409
HL2,68,8,COMPLETED,1.72950958517,0.115753303526,0.230891378213,0.194734168721,1.71542492919
HL2,68,8,COMPLETED,1.7120285762,0.115937162223,0.232479258085,0.19179798821,1.72170566347
HL2,68,8,COMPLETED,1.69231296529,0.1169019598,0.245023976796,0.20282863851,1.72795713696
HL2,68,8,COMPLETED,1.67063241764,0.117589330663,0.233695909,0.194538947157,1.73418035418
HL2,68,8,COMPLETED,1.64617442114,0.116925033841,0.234402254865,0.196704656861,1.74037628616
HL2,68,8,COMPLETED,1.6214895871,0.117366861248,0.232871297458,0.191688671417,1.74654587232
HL2,68,8,COMPLETED,1.59746902753,0.118050034515,0.247206581975,0.20441826273,1.75269002221
HL2,68,8,COMPLETED,1.57380181014,0.118206630503,0.248332862942,0.203942891181,1.75880961714
HL2,68,8,COMPLETED,1.54635986892,0.117223086178,0.244095400309,0.197030844202,1.76490551172
HL2,68,8,COMPLETED,1.51800549038,0.118254670781,0.255039102311,0.204245807478,1.77097853532
HL2,68,8,COMPLETED,1.48932896272,0.119013150092,0.254627943033,0.205067568986,1.77702949338
HL2,68,8,COMPLETED,1.460379713,0.119236012354,0.244540849235,0.200460411237,1.78305916871
HL2,68,8,COMPLETED,1.42932353889,0.119143881427,0.233073669005,0.190801951359,1.78906832271
HL2,68,8,COMPLETED,1.39847760345,0.119163262985,0.264886975602,0.21291622316,1.79505769646
HL2,68,8,COMPLETED,1.37072891772,0.116148498225,0.307405580579,0.234333410235,1.8010280118
HL2,68,8,COMPLETED,1.33601411139,0.119394296379,0.300256485009,0.226577674024,1.80697997234
HL2,68,8,COMPLETED,1.30201256629,0.119823050074,0.304600527889,0.232861639042,1.81291426445
HL2,68,8,COMPLETED,1.26766331054,0.11990269808,0.306407303775,0.239258587583,1.81883155808
HL2,68,8,COMPLETED,1.23473673518,0.120015498127,0.300443048759,0.231356430413,1.82473250771
HL2,68,8,COMPLETED,1.20067296732,0.120787899755,0.29700366642,0.227542368086,1.83061775309
HL2,68,8,COMPLETED,1.16540534596,0.120741605285,0.299351177875,0.234819679459,1.83648792006
HL2,68,8,COMPLETED,1.12945856654,0.120530609093,0.296223892035,0.23289168467,1.84234362127
HL2,68,8,COMPLETED,1.09627877702,0.117427783633,0.328001916352,0.248876173426,1.84818545685
HL2,68,8,COMPLETED,1.05922047056,0.119879286255,0.29774066408,0.231688288818,1.85401401513
HL2,68,8,COMPLETED,1.0287934686,0.114270447039,0.32086489648,0.25058731614,1.85982987326
HL2,68,8,COMPLETED,0.986162317377,0.120670519188,0.316334371608,0.244976337041,1.86563359778
HL2,68,8,COMPLETED,0.949671410914,0.120698250645,0.299631191882,0.232800167388,1.87142574526
HL2,68,8,COMPLETED,0.911718094993,0.119781063473,0.295949035019,0.230773604799,1.87720686282
HL2,68,8,COMPLETED,0.873908264993,0.119741914616,0.307071678778,0.236014226672,1.88297748871
HL2,68,8,COMPLETED,0.835392511033,0.120293567916,0.305085610672,0.237515385646,1.88873815275
HL2,68,8,COMPLETED,0.798606811806,0.118995147573,0.285826225142,0.223166409284,1.8944893769
HL2,68,8,COMPLETED,0.765426397648,0.11480008121,0.329717666111,0.251839675067,1.9002316757
HL2,68,8,COMPLETED,0.725389108757,0.116963232339,0.365698729489,0.275052015879,1.90596555675
HL2,68,8,COMPLETED,0.687620130188,0.115849550723,0.350725416041,0.265495404781,1.91169152113
HL2,68,8,COMPLETED,0.655471610045,0.112684144938,0.32852548932,0.252540832508,1.91741006386
HL2,68,8,COMPLETED,0.625365160281,0.111451327518,0.368690376674,0.268234619025,1.9231216743
HL2,68,8,COMPLETED,0.594880852653,0.110027086904,0.362517991505,0.271548468826,1.92882683653
HL2,68,8,COMPLETED,0.568295210969,0.107407051611,0.356946312423,0.268553893752,1.93452602982
HL2,68,8,COMPLETED,0.542293635832,0.105169623686,0.336057098901,0.258884399553,1.94021972894
HL2,68,8,COMPLETED,0.513804635525,0.104292678379,0.387777307797,0.267501296881,1.94590840455
HL2,68,8,COMPLETED,0.486774405421,0.10286382328,0.387550736508,0.276710253191,1.9515925236
HL2,68,8,COMPLETED,0.461792345658,0.100337373937,0.37225452179,0.269766311814,1.95727254965
HL2,68,8,COMPLETED,0.437399923721,0.0971132090367,0.349621452758,0.261883913735,1.96294894322
HL2,68,8,COMPLETED,0.412566343028,0.0944606387665,0.385010014933,0.277847529197,1.96862216219
HL2,68,8,COMPLETED,0.389294452837,0.0934866618595,0.425629372216,0.286142910642,1.97429266205
HL2,68,8,COMPLETED,0.366176373176,0.0907641033027,0.409594359989,0.283421964299,1.97996089631
HL2,68,8,COMPLETED,0.344669903037,0.0886132088231,0.40949255732,0.297237769673,1.9856273168
HL2,68,8,COMPLETED,0.323784384062,0.0849233678412,0.401611052937,0.292043429838,1.99129237399
HL2,68,8,COMPLETED,0.304266500389,0.082479040618,0.371963155506,0.277055195958,1.99695651732
HL2,68,8,COMPLETED,0.294911862015,0.0810710456086,0.445161669181,0.299652576122,2
S1,68,8,COMPLETED,0,0,0.0013625849643,0.00108582158143,0
S1,68,8,COMPLETED,8.78999881751e-06,3.28576598192e-11,0.00136258644464,0.00108582158742,1.2e-06
S1,68,8,COMPLETED,1.93379974018e-05,1.58840803185e-10,0.0013625921295,0.00108582161085,2.64e-06
S1,68,8,COMPLETED,3.19955957118e-05,4.34658700722e-10,0.00136260457941,0.00108582166235,4.368e-06
S1,68,8,COMPLETED,4.71847137051e-05,9.45118816564e-10,0.0013626276235,0.00108582175782,6.4416e-06
S1,68,8,COMPLETED,6.54116552249e-05,1.81600354698e-09,0.00136266694585,0.0010859020742,8.92992e-06
S1,68,8,COMPLETED,8.72837657232e-05,3.01381791242e-09,0.00136273093514,0.00108616471157,1.1915904e-05
S1,68,8,COMPLETED,0.000113529510041,4.19866384298e-09,0.00136283191432,0.00108669260602,1.54990848e-05
S1,68,8,COMPLETED,0.000145022393434,4.38209807351e-09,0.00136298791783,0.00108742130759,1.979890176e-05
S1,68,8,COMPLETED,0.000182809315909,1.1753224439e-09,0.00136322525729,0.00108829596732,2.4958682112e-05
S1,68,8,COMPLETED,0.00022814661403,8.08246810871e-09,0.00136358222046,0.00108934587269,3.11504185344e-05
S1,68,8,COMPLETED,0.000282541114305,2.71468282707e-08,0.0013641143965,0.00109060621085,3.85805022413e-05
S1,68,8,COMPLETED,0.000347799717092,6.15067143216e-08,0.00136490232861,0.00109211926711,4.74966026895e-05
S1,68,8,COMPLETED,0.000426088325168,1.19681516922e-07,0.00136606248584,0.00109393587128,5.81959232274e-05
S1,68,8,COMPLETED,0.00052000280586,2.14470051466e-07,0.00136776294426,0.00109646110844,7.10351078729e-05
S1,68,8,COMPLETED,0.000632654309925,3.64199246634e-07,0.00137024570137,0.00110014416739,8.64421294475e-05
S1,68,8,COMPLETED,0.000767769939645,5.95813810247e-07,0.00137385823506,0.00110515819586,0.000104930555337
S1,68,8,COMPLETED,0.000929813386147,9.48570947981e-07,0.00137909774702,0.00111190785283,0.000127116666404
S1,68,8,COMPLETED,0.00112412817248,1.47974095731e-06,0.00138667241425,0.00112088043829,0.000153739999685
S1,68,8,COMPLETED,0.00135712002063,2.26060655985e-06,0.00139758466573,0.00113318606536,0.000185687999622
S1,68,8,COMPLETED,0.00163656542802,3.28140045281e-06,0.00141324148296,0.00114833150657,0.000224025599547
S1,68,8,COMPLETED,0.00197183429776,4.48413746844e-06,0.00143559505686,0.00116975725068,0.000270030719456
S1,68,8,COMPLETED,0.00237410376624,5.85425959493e-06,0.00146731247894,0.00119882377453,0.000325236863347
S1,68,8,COMPLETED,0.00285675048987,7.39336484872e-06,0.00151196426179,0.00123496504524,0.000391484236017
S1,68,8,COMPLETED,0.00343581607408,9.08957399072e-06,0.00157420878491,0.00128489428242,0.00047098108322
S1,68,8,COMPLETED,0.00413054462816,1.08997480106e-05,0.00165993798498,0.00135047341358,0.000566377299864
S1,68,8,COMPLETED,0.00496410993752,1.26414892457e-05,0.00177634952753,0.00143740256449,0.000680852759837
S1,68,8,COMPLETED,0.00596427310598,1.4071996993e-05,0.00193193464495,0.00155304711966,0.000818223311805
S1,68,8,COMPLETED,0.00716430583699,1.48392798909e-05,0.00213641886698,0.00171763914176,0.000983067974166
S1,68,8,COMPLETED,0.00860411506176,1.43936259489e-05,0.00240074063326,0.00194125875331,0.001180881569
S1,68,8,COMPLETED,0.010331562886,1.18919685576e-05,0.00273473368365,0.00223944452807,0.0014182578828
S1,68,8,COMPLETED,0.012402802839,7.30360417677e-06,0.00315614334524,0.00261073992177,0.00170310945936
S1,68,8,COMPLETED,0.0148832142847,2.16706934241e-06,0.00368121275586,0.00305331878557,0.00204493135123
S1,68,8,COMPLETED,0.0178567349541,7.76926406064e-06,0.00433041324195,0.00359277181733,0.00245511762148
S1,68,8,COMPLETED,0.0214278367208,1.04372456299e-05,0.0051110057202,0.00424489717958,0.00294734114577
S1,68,8,COMPLETED,0.0257172586259,1.19356736091e-05,0.00606095055842,0.0050380945369,0.00353800937493
S1,68,8,COMPLETED,0.0308710431886,1.73494388512e-05,0.00723289845644,0.00601283041103,0.00424681124991
S1,68,8,COMPLETED,0.0370484123127,2.44342012734e-05,0.00871253011493,0.00730719766292,0.00509737349989
S1,68,8,COMPLETED,0.0444867183953,1.8866742892e-05,0.0104791976635,0.00878786756198,0.00611804819987
S1,68,8,COMPLETED,0.0534197907859,2.01070042293e-05,0.0124404874183,0.0103876947519,0.00734285783985
S1,68,8,COMPLETED,0.0641148934374,2.21063367719e-05,0.0149035973137,0.0124167828744,0.00881262940781
S1,68,8,COMPLETED,0.0769417393636,3.59435770207e-06,0.0176516473585,0.0146250678835,0.0105763552894
S1,68,8,COMPLETED,0.0923218438503,1.54673863546e-05,0.0210157552824,0.0175122395886,0.0126928263473
S1,68,8,COMPLETED,0.110771170298,1.12992018239e-05,0.0250259845789,0.0208759696831,0.0152325916167
S1,68,8,COMPLETED,0.132911277424,1.94812583184e-05,0.0297360821975,0.025103616349,0.01828030994
S1,68,8,COMPLETED,0.159380229396,9.78560785548e-05,0.0339129009594,0.0288346986509,0.0219375719281
S1,68,8,COMPLETED,0.191197035956,7.52852361639e-06,0.0369710677155,0.0317909460115,0.0263262863137
S1,68,8,COMPLETED,0.229371662724,3.23875755296e-05,0.039715060775,0.0346165850726,0.0315927435764
S1,68,8,COMPLETED,0.270498256931,0.000192782274937,0.0426081489646,0.0372188511554,0.0372633381857
S1,68,8,COMPLETED,0.311635040969,0.000285813583445,0.046511108264,0.0406705110686,0.0429366676891
S1,68,8,COMPLETED,0.351860384235,0.000879346545132,0.0502837927464,0.0430653631267,0.0486131869673
S1,68,8,COMPLETED,0.393251391897,0.000878404741422,0.0547923851038,0.0459124255741,0.0542933531413
S1,68,8,COMPLETED,0.433195794037,0.00168723752533,0.0579819836049,0.048192252504,0.0599776259092
S1,68,8,COMPLETED,0.474233512801,0.0019752265814,0.0606845055954,0.0502229195748,0.0656664678876
S1,68,8,COMPLETED,0.514367336818,0.00300563525682,0.0727350688241,0.0568061453495,0.0713603449594
S1,68,8,COMPLETED,0.554808837694,0.00325823232983,0.0787046817469,0.0596210427565,0.0770597266278
S1,68,8,COMPLETED,0.594940060062,0.00418025093469,0.0843471617644,0.0611945259609,0.082765086378
S1,68,8,COMPLETED,0.635128612278,0.00435517998383,0.0869496333826,0.0647098712018,0.0884769020468
S1,68,8,COMPLETED,0.674933793878,0.00487516317086,0.090733553441,0.0689012953187,0.0941956562008
S1,68,8,COMPLETED,0.714723909225,0.00570797039647,0.0945193440143,0.0726108698675,0.0999218365258
S1,68,8,COMPLETED,0.754209045601,0.00655477949535,0.112466141999,0.0805326558084,0.105655936225
S1,68,8,COMPLETED,0.792819310626,0.00705561990922,0.119493821197,0.0855948548604,0.111398454432
S1,68,8,COMPLETED,0.831736791245,0.0071315381606,0.126504635736,0.0912726366386,0.117149896631
S1,68,8,COMPLETED,0.870966710094,0.00790830435516,0.136162788497,0.0999198735495,0.122910775099
S1,68,8,COMPLETED,0.909976817353,0.00861714388196,0.140948656406,0.104308030974,0.128681609352
S1,68,8,COMPLETED,0.948237251463,0.00958942296039,0.142228413907,0.103723731765,0.134462926622
S1,68,8,COMPLETED,0.986501104876,0.0101962779581,0.152084234195,0.111480571912,0.140255262333
S1,68,8,COMPLETED,1.02430711862,0.0110917847932,0.15727676151,0.116118401398,0.146059160615
S1,68,8,COMPLETED,1.06145209741,0.0115974128159,0.166921700772,0.125280442649,0.151875174822
S1,68,8,COMPLETED,1.09830638582,0.0119230244232,0.174687269524,0.132999508427,0.157703868081
S1,68,8,COMPLETED,1.13553099402,0.0128069285476,0.18170973266,0.136509944217,0.163545813862
S1,68,8,COMPLETED,1.1733151799,0.0135778800496,0.182471128604,0.133850267289,0.169401596569
S1,68,8,COMPLETED,1.21014525149,0.0144751163405,0.186361863452,0.139826547475,0.175271812169
S1,68,8,COMPLETED,1.24588731058,0.0150421602366,0.187960810934,0.141685905932,0.181157068833
S1,68,8,COMPLETED,1.28154944611,0.0152688860289,0.195628994431,0.150015853858,0.187057987625
S1,68,8,COMPLETED,1.31618023105,0.0160536867658,0.201541416686,0.15541097708,0.192975203212
S1,68,8,COMPLETED,1.35079703234,0.0165107911061,0.208443733144,0.157332484,0.198909364617
S1,68,8,COMPLETED,1.38622223058,0.0175255286894,0.215406910906,0.161598513444,0.204861136007
S1,68,8,COMPLETED,1.4208838672,0.0177821542798,0.214804016368,0.160522501388,0.210831197524
S1,68,8,COMPLETED,1.45312750466,0.0180902444825,0.218356325308,0.162376432136,0.216820246159
S1,68,8,COMPLETED,1.48529143651,0.0189321924166,0.22297007463,0.168283069115,0.222828996677
S1,68,8,COMPLETED,1.51817053003,0.0194114730064,0.229433231088,0.174940715551,0.228858182589
S1,68,8,COMPLETED,1.55031029516,0.0199334256795,0.230079723505,0.177023659464,0.234908557187
S1,68,8,COMPLETED,1.58024812503,0.0202632976358,0.23333258866,0.180118038275,0.24098089463
S1,68,8,COMPLETED,1.61099142735,0.0206758368854,0.238366871267,0.183842849681,0.247075991102
S1,68,8,COMPLETED,1.64068358501,0.0209398727242,0.241048568736,0.187238301685,0.253194666038
S1,68,8,COMPLETED,1.67002214589,0.0204688146474,0.242936342717,0.188672793326,0.259337763424
S1,68,8,COMPLETED,1.69740479637,0.0203298329139,0.242837745744,0.188040268232,0.265506153181
S1,68,8,COMPLETED,1.72307249775,0.02104648678,0.247952914869,0.194934630675,0.271700732641
S1,68,8,COMPLETED,1.7498583079,0.0212711809987,0.250129008447,0.198093832649,0.277922428106
S1,68,8,COMPLETED,1.77613670288,0.0214344574484,0.254689189156,0.203192405083,0.284172196534
S1,68,8,COMPLETED,1.80102080229,0.0217863183176,0.255738630371,0.198796458337,0.290451027314
S1,68,8,COMPLETED,1.82287934055,0.0226724734773,0.25644000004,0.19850895646,0.296759944184
S1,68,8,COMPLETED,1.84510429319,0.0234600583852,0.254764072811,0.195579467784,0.303100007271
S1,68,8,COMPLETED,1.86645685818,0.0241323719177,0.25267583863,0.191714752886,0.309472315285
S1,68,8,COMPLETED,1.88398075866,0.0249938869602,0.251532560855,0.190978153739,0.315878007867
S1,68,8,COMPLETED,1.90196912347,0.0248666210049,0.251715092194,0.192863455546,0.322318268117
S1,68,8,COMPLETED,1.91913859018,0.0258585029049,0.254958982341,0.198452081676,0.328794325313
S1,68,8,COMPLETED,1.93358635155,0.0264960169046,0.253862359673,0.196844590964,0.335307457833
S1,68,8,COMPLETED,1.94562842545,0.0262383438064,0.255689065884,0.199867582942,0.341858996316
S1,68,8,COMPLETED,1.95611273749,0.0255102768172,0.265206332715,0.211057005827,0.34845032707
S1,68,8,COMPLETED,1.96350956125,0.0250980506016,0.274294353395,0.22095001715,0.355082895764
S1,68,8,COMPLETED,1.96843208166,0.0245343474986,0.279483302975,0.226020145285,0.361758211422
S1,68,8,COMPLETED,1.97194875346,0.0235165905501,0.280345231973,0.226940110386,0.368477850756
S1,68,8,COMPLETED,1.97475933314,0.0230845865409,0.290865447249,0.235441502718,0.375243462883
S1,68,8,COMPLETED,1.97660914322,0.0229344271068,0.298219140933,0.240158046124,0.38205677445
S1,68,8,COMPLETED,1.97733184516,0.0226637912008,0.312036948187,0.24220074403,0.388919595224
S1,68,8,COMPLETED,1.97524941613,0.024750583874,0.371582566237,0.269181337416,0.3958338242
S1,68,8,COMPLETED,1.97536070711,0.0246392928858,0.46775242779,0.310003656209,0.402801456283
S1,68,8,COMPLETED,1.97747412705,0.0225258729499,0.502153249774,0.333563395397,0.409824589606
S1,68,8,COMPLETED,1.97180861973,0.0281913802656,0.485716675421,0.339718082028,0.416905433581
S1,68,8,COMPLETED,1.95889529652,0.0411047034831,0.591784805479,0.389274768364,0.424046317743
S1,68,8,COMPLETED,1.94748406997,0.0525159300292,0.579140836158,0.381653993592,0.43124970152
S1,68,8,COMPLETED,1.93678527631,0.0632147236946,0.639255302181,0.411673685967,0.438518185016
S1,68,8,COMPLETED,1.93241804943,0.0675819505705,0.631264818112,0.414397008948,0.44585452097
S1,68,8,COMPLETED,1.92787104063,0.0721289593739,0.626795491374,0.400985399295,0.453261628023
S1,68,8,COMPLETED,1.92510436548,0.0748956345219,0.648785584797,0.408274852657,0.4607426055
S1,68,8,COMPLETED,1.92488831361,0.0751116863857,0.649074993058,0.40992670064,0.4683007499
S1,68,8,COMPLETED,1.92185962626,0.0781403737365,0.673862749838,0.418068644659,0.475939573353
S1,68,8,COMPLETED,1.92018035831,0.0798196416896,0.697513659645,0.432768525174,0.48366282434
S1,68,8,COMPLETED,1.91884552256,0.0811544774402,0.708949769052,0.42815676488,0.491474511023
S1,68,8,COMPLETED,1.91643511515,0.083564884847,0.676939160147,0.40610787308,0.499378927583
S1,68,8,COMPLETED,1.91299217844,0.0870078215626,0.694554701833,0.430546952329,0.507380684088
S1,68,8,COMPLETED,1.91087869076,0.0891213092381,0.712240873303,0.444226448888,0.515484740442
S1,68,8,COMPLETED,1.90904373654,0.0909562634627,0.709767173409,0.45411761233,0.523696445155
S1,68,8,COMPLETED,1.90850950479,0.0914904952069,0.691734775167,0.445727381709,0.532021579772
S1,68,8,COMPLETED,1.90882553729,0.0911744627085,0.733650226119,0.470381271134,0.540466410016
S1,68,8,COMPLETED,1.90969544812,0.0903045518845,0.751410355797,0.487509838851,0.549037744919
S1,68,8,COMPLETED,1.90866349742,0.0913365025771,0.738459430001,0.486615907729,0.557743005513
S1,68,8,COMPLETED,1.90794292175,0.0920570782501,0.727894980254,0.484924593601,0.566590305054
S1,68,8,COMPLETED,1.90870914734,0.0912908526593,0.708347696521,0.475997855778,0.575588543211
S1,68,8,COMPLETED,1.91022733893,0.0897726610676,0.752435094142,0.499491990495,0.58474751731
S1,68,8,COMPLETED,1.91157679819,0.0884232018149,0.733647527351,0.502464966995,0.594078054564
S1,68,8,COMPLETED,1.91253800839,0.0874619916064,0.753645274759,0.529085932914,0.603592170319
S1,68,8,COMPLETED,1.91298722787,0.0870127721282,0.735916505683,0.520550506531,0.613303258833
S1,68,8,COMPLETED,1.91309189985,0.0869081001537,0.760867331794,0.535194109143,0.623226325151
S1,68,8,COMPLETED,1.91406948448,0.0859305155177,0.77114768665,0.536884514781,0.633378269377
S1,68,8,COMPLETED,1.91587802281,0.0841219771859,0.765152672682,0.536751823282,0.643778238557
S1,68,8,COMPLETED,1.91734341722,0.0826565827817,0.76641841615,0.53621187512,0.654448066852
S1,68,8,COMPLETED,1.91912496268,0.0808750373185,0.752600524402,0.532145864293,0.665412832559
S1,68,8,COMPLETED,1.92006340465,0.0799365953517,0.771310988753,0.53985978344,0.676701572159
S1,68,8,COMPLETED,1.92157035756,0.0784296424388,0.78734797696,0.563140555491,0.688348208856
S1,68,8,COMPLETED,1.92273291299,0.0772670870102,0.773704401994,0.557968486254,0.700392779698
S1,68,8,COMPLETED,1.92414391183,0.0758560881723,0.767718463866,0.560715662199,0.712883087078
S1,68,8,COMPLETED,1.92527520068,0.0747247993176,0.774091302085,0.563773343481,0.725876968096
S1,68,8,COMPLETED,1.9270645693,0.0729354307023,0.772696501295,0.569482996613,0.739445488374
S1,68,8,COMPLETED,1.92864869335,0.0713513066485,0.787685660325,0.573392577297,0.753677563755
S1,68,8,COMPLETED,1.93011452598,0.0698854740202,0.76941002927,0.564056754658,0.768686871083
S1,68,8,COMPLETED,1.93250836681,0.0674916331889,0.777111306381,0.566081880842,0.784622594979
S1,68,8,COMPLETED,1.9342454468,0.0657545531986,0.77628108038,0.571021987153,0.801686957182
S1,68,8,COMPLETED,1.93535703788,0.0646429621206,0.776368930453,0.577081608441,0.820165561517
S1,68,8,COMPLETED,1.93699973879,0.0630002612075,0.802743047071,0.598701199565,0.840484087342
S1,68,8,COMPLETED,1.9383785971,0.0616214028978,0.808278181095,0.600960661036,0.863325539579
S1,68,8,COMPLETED,1.93919450109,0.0608054989128,0.798335837381,0.593199985358,0.889909988966
S1,68,8,COMPLETED,1.9402506816,0.0597493184031,0.795575407007,0.593055999731,0.921811328232
S1,68,8,COMPLETED,1.941754518,0.0582454819991,0.795098969599,0.590888315165,0.96009293535
S1,68,8,COMPLETED,1.94227246461,0.0577275353927,0.794885057738,0.589168962398,1.00603086389
S1,68,8,COMPLETED,1.93994438925,0.0600556107529,0.767636838081,0.571796387553,1.06115637814
S1,68,8,COMPLETED,1.93612830541,0.0638716945929,0.715232345272,0.533325726042,1.12020369247
S1,68,8,COMPLETED,1.93362960361,0.0663703963896,0.676829035944,0.506613245647,1.15037815366
S1,68,8,COMPLETED,1.9319209944,0.0680790056036,0.631066431905,0.468229313011,1.17457926048
S1,68,8,COMPLETED,1.93047241614,0.0695275838573,0.576483418946,0.428141644095,1.1954933056
S1,68,8,COMPLETED,1.92866598767,0.0713340123253,0.561012163139,0.419408180866,1.2142298268
S1,68,8,COMPLETED,1.92735269043,0.0726473095663,0.530910804211,0.398917271149,1.23138209422
S1,68,8,COMPLETED,1.92661701629,0.0733829837103,0.51285305175,0.379400781133,1.24731327926
S1,68,8,COMPLETED,1.9260548209,0.0739451790999,0.486624041852,0.360239390512,1.26226549064
S1,68,8,COMPLETED,1.92445285826,0.0755471417369,0.468850899864,0.346351066344,1.27640997988
S1,68,8,COMPLETED,1.92309695372,0.0769030462844,0.449462352691,0.329310906699,1.28987329494
S1,68,8,COMPLETED,1.92175790424,0.0782420957631,0.42857130982,0.31708953816,1.30275215611
S1,68,8,COMPLETED,1.92047110187,0.0795288981319,0.400841102295,0.29712567355,1.31512249636
S1,68,8,COMPLETED,1.91915486871,0.0808451312892,0.403442230534,0.300035356762,1.32704524763
S1,68,8,COMPLETED,1.91763701527,0.0823629847322,0.395472087253,0.295055743245,1.33857020243
S1,68,8,COMPLETED,1.91624280477,0.0837571952335,0.389531517175,0.291894339173,1.34973868124
S1,68,8,COMPLETED,1.914565588,0.0854344119967,0.378262487713,0.280224936883,1.36058542921
S1,68,8,COMPLETED,1.91265276968,0.0873472303192,0.364271445614,0.2714391319,1.37113999835
S1,68,8,COMPLETED,1.91177561346,0.0882243865382,0.36347066192,0.269923512039,1.38142777662
S1,68,8,COMPLETED,1.91075813064,0.089241869363,0.362992811116,0.270047884693,1.39147076824
S1,68,8,COMPLETED,1.91013464544,0.089865354564,0.358695028974,0.268008278863,1.40128819536
S1,68,8,COMPLETED,1.90884024702,0.0911597529842,0.357094873508,0.268509416945,1.41089696848
S1,68,8,COMPLETED,1.90724881332,0.092751186676,0.341442269936,0.257015908866,1.42031205931
S1,68,8,COMPLETED,1.90623835591,0.0937616440904,0.340782129802,0.25721042979,1.42954679949
S1,68,8,COMPLETED,1.90539430551,0.0946056944888,0.341141627206,0.260556840726,1.43861312267
S1,68,8,COMPLETED,1.90451736391,0.0954826360871,0.336370302998,0.261438818838,1.44752176243
S1,68,8,COMPLETED,1.90332715728,0.0966728427232,0.324403844322,0.252319746933,1.45628241556
S1,68,8,COMPLETED,1.90240699017,0.0975930098326,0.330098790695,0.26142867383,1.46490387785
S1,68,8,COMPLETED,1.90140567862,0.098594321377,0.323816721403,0.254009268209,1.47339415781
S1,68,8,COMPLETED,1.90021243928,0.0997875607207,0.317418944666,0.247235845915,1.48176057261
S1,68,8,COMPLETED,1.89943335474,0.100566645257,0.305752668294,0.236251460526,1.49000982949
S1,68,8,COMPLETED,1.89829474167,0.101705258329,0.297020331747,0.231462786536,1.49814809524
S1,68,8,COMPLETED,1.89769356935,0.102306430649,0.292141135986,0.230219086447,1.50618105583
S1,68,8,COMPLETED,1.89970488691,0.100295113093,0.405024925461,0.273366957408,1.51411396791
S1,68,8,COMPLETED,1.89499960729,0.105000392709,0.395800666581,0.263412306491,1.52195170337
S1,68,8,COMPLETED,1.89394628052,0.106053719482,0.391680130036,0.263593832122,1.52969878816
S1,68,8,COMPLETED,1.89286649782,0.107133502185,0.388175820151,0.263743268615,1.53735943624
S1,68,8,COMPLETED,1.89214404308,0.10785595692,0.380229805976,0.25882151369,1.54493757938
S1,68,8,COMPLETED,1.89042044796,0.109579552044,0.381192163238,0.25902767816,1.55243689336
S1,68,8,COMPLETED,1.88949123834,0.110508761663,0.375319310615,0.251743709408,1.55986082123
S1,68,8,COMPLETED,1.88904213059,0.110957869413,0.376175884458,0.254061037838,1.56721259383
S1,68,8,COMPLETED,1.88841634186,0.111583658144,0.371630891463,0.250472059486,1.57449524813
S1,68,8,COMPLETED,1.88808343372,0.111916566281,0.364106977488,0.242678189735,1.58171164355
S1,68,8,COMPLETED,1.88689192732,0.113108072684,0.359398375544,0.238251206709,1.58886447659
S1,68,8,COMPLETED,1.88582885778,0.114171142217,0.353426939517,0.232436379626,1.59595629395
S1,68,8,COMPLETED,1.88471124643,0.11498409927,0.36179992325,0.24074633789,1.60298950433
S1,68,8,COMPLETED,1.88301030404,0.116558699861,0.353947644378,0.234426080284,1.6099663891
S1,68,8,COMPLETED,1.8817426931,0.117144794426,0.346020483645,0.226108752031,1.61688911186
S1,68,8,COMPLETED,1.87662156653,0.118486713281,0.338836460443,0.221775002673,1.62375972726
S1,68,8,COMPLETED,1.87244600187,0.11940702631,0.341549593386,0.229504682782,1.63058018883
S1,68,8,COMPLETED,1.86847138425,0.120367361212,0.341155149276,0.230444927551,1.63735235622
S1,68,8,COMPLETED,1.86274134175,0.121284147375,0.33718771236,0.226946487501,1.64407800179
S1,68,8,COMPLETED,1.85384887318,0.122135979408,0.335376981087,0.22559228303,1.65075881658
S1,68,8,COMPLETED,1.84551214495,0.12242332952,0.335206789968,0.228005097562,1.65739641581
S1,68,8,COMPLETED,1.83624362396,0.123242550126,0.332848532312,0.226664869751,1.66399234392
S1,68,8,COMPLETED,1.82199230614,0.124643845852,0.329896874839,0.224486475777,1.67054807919
S1,68,8,COMPLETED,1.80668993119,0.126140079179,0.32341724757,0.222542026532,1.67706503799
S1,68,8,COMPLETED,1.79207907949,0.126912018767,0.323522492839,0.226646776456,1.68354457871
S1,68,8,COMPLETED,1.77664274343,0.127885627966,0.324610695709,0.231582817933,1.68998800538
S1,68,8,COMPLETED,1.75886704199,0.128107566159,0.323434396906,0.231900053945,1.69639657097
S1,68,8,COMPLETED,1.73945957651,0.128869890131,0.31473745055,0.22798556943,1.70277148055
S1,68,8,COMPLETED,1.71856524954,0.130369797045,0.309165220418,0.222621260308,1.70911389409
S1,68,8,COMPLETED,1.70024517756,0.130545859954,0.312567637404,0.227293540838,1.71542492919
S1,68,8,COMPLETED,1.68222736237,0.131321778752,0.323067830345,0.242310876336,1.72170566347
S1,68,8,COMPLETED,1.66201324822,0.132661435088,0.316246461937,0.235823769502,1.72795713696
S1,68,8,COMPLETED,1.63960105257,0.133011302777,0.341823020233,0.24182256874,1.73418035418
S1,68,8,COMPLETED,1.61470429716,0.133119638832,0.343286529608,0.243854567138,1.74037628616
S1,68,8,COMPLETED,1.59042361972,0.133706436878,0.349217979101,0.251561866593,1.74654587232
S1,68,8,COMPLETED,1.56696484517,0.134281657394,0.341823495432,0.245797593843,1.75269002221
S1,68,8,COMPLETED,1.53967403566,0.133672744533,0.33707616793,0.241562632867,1.75880961714
S1,68,8,COMPLETED,1.51190635467,0.134414094686,0.319705802844,0.235886074346,1.76490551172
S1,68,8,COMPLETED,1.48367110845,0.135703595185,0.322174156331,0.236397065833,1.77097853532
S1,68,8,COMPLETED,1.45669268831,0.136093763236,0.324515715395,0.243808289147,1.77702949338
S1,68,8,COMPLETED,1.42484918756,0.136280506177,0.317053952287,0.238161299032,1.78305916871
S1,68,8,COMPLETED,1.39425136598,0.136274560207,0.332584025231,0.249650680772,1.78906832271
S1,68,8,COMPLETED,1.36246917135,0.137519744002,0.321075414445,0.24363374225,1.79505769646
S1,68,8,COMPLETED,1.33028008096,0.137892201102,0.317141387384,0.242066844872,1.8010280118
S1,68,8,COMPLETED,1.29584785539,0.138055170692,0.309622568499,0.235364736415,1.80697997234
S1,68,8,COMPLETED,1.25905310901,0.135688408785,0.322548657369,0.25078109879,1.81291426445
S1,68,8,COMPLETED,1.2291944622,0.1384317306,0.356985396366,0.266665266933,1.81883155808
S1,68,8,COMPLETED,1.19496075091,0.139333761911,0.33539750007,0.251352037007,1.82473250771
S1,68,8,COMPLETED,1.15266371978,0.134235063439,0.353585745126,0.271000172679,1.83061775309
S1,68,8,COMPLETED,1.12283781549,0.139672827742,0.344888885511,0.265647667892,1.83648792006
S1,68,8,COMPLETED,1.08745821751,0.13921070244,0.341656090069,0.258189134301,1.84234362127
S1,68,8,COMPLETED,1.05327965307,0.136709945934,0.342145632631,0.260716909621,1.84818545685
S1,68,8,COMPLETED,1.01406678378,0.139897015231,0.340652371282,0.262361489535,1.85401401513
S1,68,8,COMPLETED,0.975860783111,0.140217639375,0.33560809487,0.26229119504,1.85982987326
S1,68,8,COMPLETED,0.941351195562,0.136718697832,0.345644618506,0.264101485049,1.86563359778
S1,68,8,COMPLETED,0.902547947378,0.138677933684,0.333949827051,0.26133218352,1.87142574526
S1,68,8,COMPLETED,0.866185881566,0.138537490785,0.339452164165,0.265370030517,1.87720686282
S1,68,8,COMPLETED,0.829832819836,0.136801866032,0.34407929749,0.265200470203,1.88297748871
S1,68,8,COMPLETED,0.792850715691,0.135834394774,0.350914456492,0.271163797417,1.88873815275
S1,68,8,COMPLETED,0.756054952118,0.135988957342,0.344486601349,0.268871478958,1.8944893769
S1,68,8,COMPLETED,0.724245116801,0.13427956673,0.359961554469,0.279990248856,1.9002316757
S1,68,8,COMPLETED,0.693474645348,0.134287776222,0.379504444781,0.286910895529,1.90596555675
S1,68,8,COMPLETED,0.663581863234,0.13249221745,0.375412597613,0.285121116858,1.91169152113
S1,68,8,COMPLETED,0.636900575031,0.13107560666,0.372104290747,0.289000916044,1.91741006386
S1,68,8,COMPLETED,0.609104927763,0.128910565911,0.361354840189,0.284242797061,1.9231216743
S1,68,8,COMPLETED,0.579700857243,0.128921964165,0.386859685577,0.288107875246,1.92882683653
S1,68,8,COMPLETED,0.55210887205,0.128692410445,0.383072741003,0.285152679078,1.93452602982
S1,68,8,COMPLETED,0.525989197393,0.127250340375,0.378897455869,0.290470080248,1.94021972894
S1,68,8,COMPLETED,0.49975121759,0.125649222902,0.381284147718,0.297958938222,1.94590840455
S1,68,8,COMPLETED,0.473532354104,0.123999946408,0.362033830757,0.286316043733,1.9515925236
S1,68,8,COMPLETED,0.447456044289,0.124829461118,0.431295706647,0.309720341897,1.95727254965
S1,68,8,COMPLETED,0.42016731837,0.124433227792,0.408978683205,0.299506089167,1.96294894322
S1,68,8,COMPLETED,0.39546250742,0.122042849536,0.397720399967,0.300099576297,1.96862216219
S1,68,8,COMPLETED,0.371990701719,0.119682550428,0.381699323893,0.296472860957,1.97429266205
S1,68,8,COMPLETED,0.348512164808,0.118830753718,0.38995990461,0.308062721623,1.97996089631
S1,68,8,COMPLETED,0.324621713813,0.116006134659,0.455904407004,0.330004004929,1.9856273168
S1,68,8,COMPLETED,0.300838139195,0.116314249581,0.448870047048,0.327648959219,1.99129237399
S1,68,8,COMPLETED,0.276401573423,0.114424975768,0.440343554425,0.327405400282,1.99695651732
S1,68,8,COMPLETED,0.265229542553,0.112583188542,0.421687300898,0.316798571834,2
baseline,68,8,COMPLETED,0,0,0.0013625849643,0.00108582158143,0
baseline,68,8,COMPLETED,8.78999881787e-06,3.28550750926e-11,0.00136258644472,0.00108582158746,1.2e-06
baseline,68,8,COMPLETED,1.9337997402e-05,1.58834525992e-10,0.00136259212966,0.00108582161095,2.64e-06
baseline,68,8,COMPLETED,3.19955957121e-05,4.34648731062e-10,0.00136260457967,0.00108582166252,4.368e-06
baseline,68,8,COMPLETED,4.71847137051e-05,9.45104046698e-10,0.00136262762389,0.00108582175807,6.4416e-06
baseline,68,8,COMPLETED,6.54116552252e-05,1.81598348458e-09,0.00136266694639,0.00108590207454,8.92992e-06
baseline,68,8,COMPLETED,8.72837657235e-05,3.01379021892e-09,0.00136273093586,0.00108616471202,1.1915904e-05
baseline,68,8,COMPLETED,0.000113529510042,4.19862802606e-09,0.00136283191525,0.00108669260661,1.54990848e-05
baseline,68,8,COMPLETED,0.000145022393435,4.38205241e-09,0.00136298791902,0.00108742130834,1.979890176e-05
baseline,68,8,COMPLETED,0.00018280931591,1.17526447218e-09,0.00136322525879,0.00108829596827,2.4958682112e-05
baseline,68,8,COMPLETED,0.000228146614033,8.08253998872e-09,0.00136358222233,0.00108934587387,3.11504185344e-05
baseline,68,8,COMPLETED,0.000282541114309,2.71469176284e-08,0.00136411439882,0.00109060621232,3.85805022413e-05
baseline,68,8,COMPLETED,0.000347799717098,6.15068239879e-08,0.00136490233148,0.00109211926892,4.74966026895e-05
baseline,68,8,COMPLETED,0.000426088325177,1.19681651574e-07,0.00136606248937,0.00109393587351,5.81959232274e-05
baseline,68,8,COMPLETED,0.000520002805874,2.14470216642e-07,0.00136776294858,0.00109646111116,7.10351078729e-05
baseline,68,8,COMPLETED,0.000632654309945,3.64199448119e-07,0.00137024570667,0.00110014417072,8.64421294475e-05
baseline,68,8,COMPLETED,0.000767769939674,5.95814055919e-07,0.00137385824155,0.00110515819993,0.000104930555337
baseline,68,8,COMPLETED,0.000929813386191,9.48571247809e-07,0.00137909775501,0.00111190785782,0.000127116666404
baseline,68,8,COMPLETED,0.00112412817254,1.4797413236e-06,0.00138667242411,0.00112088044443,0.000153739999685
baseline,68,8,COMPLETED,0.00135712002072,2.26060700886e-06,0.00139758467798,0.00113318607293,0.000185687999622
baseline,68,8,COMPLETED,0.00163656542816,3.28140100545e-06,0.00141324149836,0.00114833151602,0.000224025599547
baseline,68,8,COMPLETED,0.00197183429796,4.48413815475e-06,0.00143559507651,0.0011697572626,0.000270030719456
baseline,68,8,COMPLETED,0.00237410376654,5.85426045638e-06,0.00146731250454,0.00119882378984,0.000325236863347
baseline,68,8,COMPLETED,0.00285675049031,7.393365946e-06,0.00151196429605,0.00123496506537,0.000391484236017
baseline,68,8,COMPLETED,0.00343581607475,9.08957541749e-06,0.00157420883236,0.00128489430982,0.00047098108322
baseline,68,8,COMPLETED,0.00413054462917,1.08997499139e-05,0.00165993805348,0.00135047345243,0.000566377299864
baseline,68,8,COMPLETED,0.00496410993908,1.26414918653e-05,0.00177634963145,0.00143740262262,0.000680852759837
baseline,68,8,COMPLETED,0.00596427310842,1.40720007328e-05,0.00193193481181,0.0015530472119,0.000818223311805
baseline,68,8,COMPLETED,0.00716430584087,1.48392854537e-05,0.00213641915252,0.00171763929969,0.000983067974166
baseline,68,8,COMPLETED,0.00860411506801,1.43936346008e-05,0.00240074115694,0.00194125904481,0.001180881569
baseline,68,8,COMPLETED,0.010331562896,1.18919826662e-05,0.00273473471941,0.00223944511907,0.0014182578828
baseline,68,8,COMPLETED,0.0124028028547,7.30362837301e-06,0.00315614553646,0.00261074120731,0.00170310945936
baseline,68,8,COMPLETED,0.0148832143068,2.16711313149e-06,0.0036812178451,0.00305332183778,0.00204493135123
baseline,68,8,COMPLETED,0.0178567349756,7.76918020743e-06,0.00433042620537,0.00359277968592,0.00245511762148
baseline,68,8,COMPLETED,0.0214278367016,1.04370760764e-05,0.00511103777557,0.00424491710867,0.00294734114577
baseline,68,8,COMPLETED,0.0257172584169,1.1935299005e-05,0.00606103368946,0.00503814723972,0.00353800937493
baseline,68,8,COMPLETED,0.0308710422135,1.73485998534e-05,0.00723312641247,0.00601297736435,0.00424681124991
baseline,68,8,COMPLETED,0.0370484086151,2.44321899577e-05,0.00871316368511,0.00730761511422,0.00509737349989
baseline,68,8,COMPLETED,0.0444867055516,1.8861703322e-05,0.0104811162101,0.00878914280066,0.00611804819987
baseline,68,8,COMPLETED,0.0534197481294,2.00939602096e-05,0.0124460402574,0.0103913701129,0.00734285783985
baseline,68,8,COMPLETED,0.0641147588534,2.20710329612e-05,0.0149201890623,0.0124277816905,0.00881262940781
baseline,68,8,COMPLETED,0.0769413346152,3.49447563663e-06,0.0177000796441,0.0146568494885,0.0105763552894
baseline,68,8,COMPLETED,0.0923206838917,1.57298360928e-05,0.0211502035559,0.0176006511832,0.0126928263473
baseline,68,8,COMPLETED,0.110768151175,1.07304468713e-05,0.025415866404,0.0211336325262,0.0152325916167
baseline,68,8,COMPLETED,0.132903621109,1.73896902596e-05,0.0308327549748,0.0258432399493,0.01828030994
baseline,68,8,COMPLETED,0.159361662519,0.000103017788338,0.0367958649923,0.0307876468394,0.0219375719281
baseline,68,8,COMPLETED,0.191172403093,2.6718948237e-07,0.0442285130279,0.0368561339748,0.0263262863137
baseline,68,8,COMPLETED,0.229403398635,0.000105884138073,0.0533933145653,0.0444578391588,0.0315927435764
baseline,68,8,COMPLETED,0.270626531489,9.01625352837e-06,0.0628684186805,0.0520274811506,0.0372633381857
baseline,68,8,COMPLETED,0.311839810454,1.86049543175e-05,0.0728664008791,0.060651330343,0.0429366676891
baseline,68,8,COMPLETED,0.352144438257,0.000351596988242,0.0827765984447,0.0687495264193,0.0486131869673
baseline,68,8,COMPLETED,0.393750121985,1.67138968626e-05,0.093653695739,0.077554108951,0.0542933531413
baseline,68,8,COMPLETED,0.434034971841,0.000288256109116,0.103581934473,0.0857982258143,0.0599776259092
baseline,68,8,COMPLETED,0.47531691884,8.60819377741e-05,0.112849028193,0.0932019004291,0.0656664678876
baseline,68,8,COMPLETED,0.515574793029,0.000294449326953,0.123116907786,0.101207253777,0.0713603449594
baseline,68,8,COMPLETED,0.556286086818,2.67368438801e-05,0.135709342059,0.112030560855,0.0770597266278
baseline,68,8,COMPLETED,0.597076548859,0.000268747170337,0.144722945198,0.118684913358,0.082765086378
baseline,68,8,COMPLETED,0.637874041654,0.000109864025393,0.15521294196,0.127006614886,0.0884769020468
baseline,68,8,COMPLETED,0.678177010277,0.000105293352706,0.166382192171,0.135843400429,0.0941956562008
baseline,68,8,COMPLETED,0.718511639905,9.04430285273e-05,0.17967503491,0.146668392882,0.0999218365258
baseline,68,8,COMPLETED,0.75865013493,0.000210707767529,0.189604838974,0.153818090884,0.105655936225
baseline,68,8,COMPLETED,0.798287207685,0.000142169636641,0.20179647414,0.163656881282,0.111398454432
baseline,68,8,COMPLETED,0.837903052082,0.0001885876118,0.21087971384,0.170929496173,0.117149896631
baseline,68,8,COMPLETED,0.877619114866,0.000358615206685,0.224935302341,0.180255225627,0.122910775099
baseline,68,8,COMPLETED,0.917614485331,0.000315848232788,0.235492878901,0.187909245764,0.128681609352
baseline,68,8,COMPLETED,0.957219152068,0.000433255258592,0.248983064387,0.199531231072,0.134462926622
baseline,68,8,COMPLETED,0.996587923004,0.00034673819877,0.260509735319,0.207820494725,0.140255262333
baseline,68,8,COMPLETED,1.03500441707,0.000590288138069,0.271599363717,0.216424891577,0.146059160615
baseline,68,8,COMPLETED,1.07344252193,0.000471033127219,0.28678771854,0.227675169615,0.151875174822
baseline,68,8,COMPLETED,1.11113870922,0.000560018547076,0.299913957782,0.237921719003,0.157703868081
baseline,68,8,COMPLETED,1.1496933184,0.000427604527062,0.312271879727,0.245202082357,0.163545813862
baseline,68,8,COMPLETED,1.1884163646,0.000452138847603,0.325184644663,0.254544379505,0.169401596569
baseline,68,8,COMPLETED,1.22651738369,0.000404333997568,0.337318710402,0.264988432658,0.175271812169
baseline,68,8,COMPLETED,1.26360029622,0.000321753197807,0.348879173427,0.272613906569,0.181157068833
baseline,68,8,COMPLETED,1.30016682653,0.000653004107582,0.365357294163,0.284014017737,0.187057987625
baseline,68,8,COMPLETED,1.33683564092,0.000383404872736,0.378539332781,0.293864338267,0.192975203212
baseline,68,8,COMPLETED,1.37272479919,0.000369833623741,0.391221686442,0.303431815231,0.198909364617
baseline,68,8,COMPLETED,1.40911115967,0.00026787563935,0.407387988161,0.314398608083,0.204861136007
baseline,68,8,COMPLETED,1.44440910054,0.000235809786484,0.416842212359,0.32015602373,0.210831197524
baseline,68,8,COMPLETED,1.47839883434,0.000473135160521,0.43086852153,0.332621087751,0.216820246159
baseline,68,8,COMPLETED,1.51297658975,0.00023309041013,0.448176644014,0.343563762485,0.222828996677
baseline,68,8,COMPLETED,1.5478159054,0.000183241286369,0.464650424722,0.35594838503,0.228858182589
baseline,68,8,COMPLETED,1.58175549218,0.000292086224294,0.476574277918,0.364249995253,0.234908557187
baseline,68,8,COMPLETED,1.61252732032,0.00020773117705,0.490721942538,0.373314809397,0.24098089463
baseline,68,8,COMPLETED,1.64420220998,0.000168415834211,0.505288588604,0.387585048068,0.247075991102
baseline,68,8,COMPLETED,1.67652394,0.000270207378266,0.51851838192,0.395283653818,0.253194666038
baseline,68,8,COMPLETED,1.70826379062,0.000389204901596,0.531490622783,0.403866715412,0.259337763424
baseline,68,8,COMPLETED,1.73643081598,0.00036530132708,0.550457668991,0.420234162518,0.265506153181
baseline,68,8,COMPLETED,1.76472022026,0.000442284513082,0.562628903196,0.425918090753,0.271700732641
baseline,68,8,COMPLETED,1.7919757482,0.000612983853455,0.579245810861,0.439565665731,0.277922428106
baseline,68,8,COMPLETED,1.81952837901,0.000655009131182,0.598525288934,0.455253688117,0.284172196534
baseline,68,8,COMPLETED,1.84391021618,0.000685658593152,0.606365089736,0.458796225047,0.290451027314
baseline,68,8,COMPLETED,1.86808710655,0.000951898483091,0.624180438205,0.47261215758,0.296759944184
baseline,68,8,COMPLETED,1.8905406078,0.00114414668375,0.633141527597,0.480312839086,0.303100007271
baseline,68,8,COMPLETED,1.91104954441,0.00120797372617,0.651791159673,0.494478988181,0.309472315285
baseline,68,8,COMPLETED,1.92786825913,0.00153086451615,0.664735624038,0.505888686793,0.315878007867
baseline,68,8,COMPLETED,1.94542052834,0.00189787538034,0.681299545878,0.520454356349,0.322318268117
baseline,68,8,COMPLETED,1.9617537265,0.00229998358143,0.700308287167,0.533374139358,0.328794325313
baseline,68,8,COMPLETED,1.97587153355,0.00240691142701,0.714866505529,0.543353132589,0.335307457833
baseline,68,8,COMPLETED,1.98408499754,0.00294919213533,0.727419852406,0.555519804763,0.341858996316
baseline,68,8,COMPLETED,1.98885866139,0.00342064552188,0.75021007453,0.576195276999,0.34845032707
baseline,68,8,COMPLETED,1.99156688993,0.00383004385109,0.761353280702,0.581096873565,0.355082895764
baseline,68,8,COMPLETED,1.99355252602,0.00408515077573,0.7726859784,0.590201065764,0.361758211422
baseline,68,8,COMPLETED,1.99478041936,0.00459168505583,0.793354791966,0.616672828881,0.368477850756
baseline,68,8,COMPLETED,1.99446676325,0.00549431750282,0.808135635837,0.630171588258,0.375243462883
baseline,68,8,COMPLETED,1.99418736582,0.00581263418367,0.816761244909,0.636504574443,0.38205677445
baseline,68,8,COMPLETED,1.99393681133,0.00606318866948,0.82846054569,0.642718642118,0.388919595224
baseline,68,8,COMPLETED,1.99353137481,0.00646862518504,0.861920810569,0.679232061129,0.3958338242
baseline,68,8,COMPLETED,1.99282843725,0.00717156274675,0.879878814878,0.698618913537,0.402801456283
baseline,68,8,COMPLETED,1.99226077971,0.00773922029373,0.896857648456,0.71072117059,0.409824589606
baseline,68,8,COMPLETED,1.99211890433,0.00788109567126,0.919567727724,0.733127377194,0.416905433581
baseline,68,8,COMPLETED,1.991772665,0.00822733499509,0.934794061487,0.746537702895,0.424046317743
baseline,68,8,COMPLETED,1.9914075827,0.00859241730286,0.957359379959,0.774753330369,0.43124970152
baseline,68,8,COMPLETED,1.99087708361,0.00912291638982,0.971979649135,0.788903494204,0.438518185016
baseline,68,8,COMPLETED,1.99073199416,0.00926800584262,0.986405374872,0.800640995045,0.44585452097
baseline,68,8,COMPLETED,1.9904972901,0.00950270990092,0.994663721722,0.806555464866,0.453261628023
baseline,68,8,COMPLETED,1.99026027274,0.00973972725777,1.01845725408,0.832320952855,0.4607426055
baseline,68,8,COMPLETED,1.9901219905,0.00987800949577,1.03817929961,0.857557723655,0.4683007499
baseline,68,8,COMPLETED,1.98937415829,0.0106258417069,1.04520820102,0.868942756005,0.475939573353
baseline,68,8,COMPLETED,1.98907429714,0.010925702857,1.05595072655,0.873819255862,0.48366282434
baseline,68,8,COMPLETED,1.98936230226,0.0106376977374,1.08833589001,0.90781931566,0.491474511023
baseline,68,8,COMPLETED,1.98930725298,0.0106927470245,1.09300956913,0.906210865818,0.499378927583
baseline,68,8,COMPLETED,1.98888169405,0.0111183059518,1.1268717137,0.940594680656,0.507380684088
baseline,68,8,COMPLETED,1.98871848443,0.0112815155699,1.14376753428,0.961124840656,0.515484740442
baseline,68,8,COMPLETED,1.98874314855,0.01125685145,1.17545379382,0.99378679164,0.523696445155
baseline,68,8,COMPLETED,1.98906857308,0.0109314269201,1.18193101411,0.996078780159,0.532021579772
baseline,68,8,COMPLETED,1.98951304232,0.0104869576838,1.19827441734,1.01061262201,0.540466410016
baseline,68,8,COMPLETED,1.98960717021,0.010392829792,1.22390939925,1.03824934446,0.549037744919
baseline,68,8,COMPLETED,1.98935489317,0.0106451068306,1.23341038516,1.05187465745,0.557743005513
baseline,68,8,COMPLETED,1.98948341476,0.0105165852386,1.25424107861,1.07087368537,0.566590305054
baseline,68,8,COMPLETED,1.99028971214,0.00971028786379,1.26660115907,1.08557722318,0.575588543211
baseline,68,8,COMPLETED,1.99069827003,0.00930172996587,1.29062509148,1.11059845533,0.58474751731
baseline,68,8,COMPLETED,1.99061452687,0.00938547313096,1.285612379,1.10340005094,0.594078054564
baseline,68,8,COMPLETED,1.99094862477,0.00905137523174,1.29959232998,1.12218108615,0.603592170319
baseline,68,8,COMPLETED,1.99128080699,0.00871919301107,1.31929716675,1.13881319679,0.613303258833
baseline,68,8,COMPLETED,1.99135043332,0.00864956667592,1.34160242623,1.16414310379,0.623226325151
baseline,68,8,COMPLETED,1.99147195473,0.00852804527124,1.34569875163,1.17322573602,0.633378269377
baseline,68,8,COMPLETED,1.99224335653,0.0077566434718,1.39262669465,1.21108322687,0.643778238557
baseline,68,8,COMPLETED,1.99297871121,0.00702128878842,1.4121412615,1.22585931156,0.654448066852
baseline,68,8,COMPLETED,1.99288951439,0.00711048561042,1.42134558289,1.23786465054,0.665412832559
baseline,68,8,COMPLETED,1.99308806408,0.00691193591909,1.4384337243,1.25394049576,0.676701572159
baseline,68,8,COMPLETED,1.99389497421,0.00610502579178,1.45256796219,1.26780231306,0.688348208856
baseline,68,8,COMPLETED,1.99462568744,0.00537431256285,1.49352970932,1.30780656532,0.700392779698
baseline,68,8,COMPLETED,1.99529480142,0.00470519858014,1.52307362592,1.34237545004,0.712883087078
baseline,68,8,COMPLETED,1.99554898243,0.00445101756925,1.52714970772,1.34639436448,0.725876968096
baseline,68,8,COMPLETED,1.99626968055,0.00373031944902,1.53935696856,1.35918996132,0.739445488374
baseline,68,8,COMPLETED,1.99675511072,0.00324488928439,1.5512743924,1.36599222093,0.753677563755
baseline,68,8,COMPLETED,1.99731330199,0.00268669800588,1.56579633683,1.38140293667,0.768686871083
baseline,68,8,COMPLETED,1.9979120836,0.00208791640403,1.57306819204,1.38662039445,0.784622594979
baseline,68,8,COMPLETED,1.9985821923,0.00141780770315,1.59517922088,1.41308572138,0.801686957182
baseline,68,8,COMPLETED,1.99917434583,0.000825654170799,1.60256215215,1.42484511814,0.820165561517
baseline,68,8,COMPLETED,1.9998884718,0.000111528204062,1.62293740838,1.44465398703,0.840484087342
baseline,68,8,COMPLETED,2.00062802111,0.000628021113512,1.64758352354,1.47250023896,0.863325539579
baseline,68,8,COMPLETED,2.00077241027,0.000772410269154,1.6530038329,1.47190125971,0.889909988966
baseline,68,8,COMPLETED,2.00143897169,0.00143897168762,1.66509098749,1.48980499716,0.921811328232
baseline,68,8,COMPLETED,2.00175618327,0.00175618327185,1.67026629884,1.49389803465,0.96009293535
baseline,68,8,COMPLETED,2.00186069556,0.00186069556352,1.67673639203,1.50129664315,1.00603086389
baseline,68,8,COMPLETED,2.0016431522,0.00164315220066,1.66569694547,1.4912080064,1.06115637814
baseline,68,8,COMPLETED,2.00119844335,0.00119844334901,1.64537692601,1.46375830848,1.12020369247
baseline,68,8,COMPLETED,2.00093074084,0.000930740839729,1.63216598661,1.45405094972,1.15037815366
baseline,68,8,COMPLETED,2.00008413965,8.4139651995e-05,1.61061052294,1.43137769431,1.17457926048
baseline,68,8,COMPLETED,1.9996846513,0.000315348697732,1.58934748558,1.40845107504,1.1954933056
baseline,68,8,COMPLETED,1.99907804019,0.000921959809258,1.56675287101,1.38067102277,1.2142298268
baseline,68,8,COMPLETED,1.99861334461,0.0013866553945,1.55874414217,1.37516911111,1.23138209422
baseline,68,8,COMPLETED,1.99826910184,0.00173089816382,1.54633732067,1.36565756306,1.24731327926
baseline,68,8,COMPLETED,1.99792406197,0.00207593802517,1.53058154186,1.35030428382,1.26226549064
baseline,68,8,COMPLETED,1.99758976219,0.00241023780961,1.51499702352,1.33418842691,1.27640997988
baseline,68,8,COMPLETED,1.99740400086,0.00259599914411,1.50382799947,1.32599925969,1.28987329494
baseline,68,8,COMPLETED,1.99692092972,0.00307907028148,1.47335809202,1.29090116739,1.30275215611
baseline,68,8,COMPLETED,1.99635531048,0.0036446895201,1.43479130797,1.24953902887,1.31512249636
baseline,68,8,COMPLETED,1.99587594521,0.00412405479283,1.42634255541,1.24313654729,1.32704524763
baseline,68,8,COMPLETED,1.99616123283,0.00383876716696,1.40342094961,1.22032424864,1.33857020243
baseline,68,8,COMPLETED,1.9963523743,0.00364762569798,1.39398238771,1.21280928044,1.34973868124
baseline,68,8,COMPLETED,1.99559183045,0.00440816955471,1.35982128163,1.18497029649,1.36058542921
baseline,68,8,COMPLETED,1.9955079512,0.00449204879509,1.3319637392,1.15899441484,1.37113999835
baseline,68,8,COMPLETED,1.99567443771,0.00432556229295,1.32543476899,1.14977209854,1.38142777662
baseline,68,8,COMPLETED,1.99555372424,0.00444627575901,1.29668991957,1.12153867016,1.39147076824
baseline,68,8,COMPLETED,1.99557294774,0.00442705226439,1.28588472071,1.11010565765,1.40128819536
baseline,68,8,COMPLETED,1.99577016652,0.00422983347887,1.28207560409,1.10444362036,1.41089696848
baseline,68,8,COMPLETED,1.99581799371,0.00418200628876,1.2675053276,1.09208764402,1.42031205931
baseline,68,8,COMPLETED,1.99530567578,0.00469432422397,1.24804907602,1.0676468115,1.42954679949
baseline,68,8,COMPLETED,1.99532461218,0.00467538781826,1.2361490338,1.05324385173,1.43861312267
baseline,68,8,COMPLETED,1.99563656799,0.00436343201203,1.21673562067,1.03577784252,1.44752176243
baseline,68,8,COMPLETED,1.99586267236,0.00413732764416,1.18924330682,1.00262465461,1.45628241556
baseline,68,8,COMPLETED,1.99585987702,0.00414012297606,1.18410440575,1.00313410907,1.46490387785
baseline,68,8,COMPLETED,1.99556809264,0.00443190735616,1.17772031198,0.99826870756,1.47339415781
baseline,68,8,COMPLETED,1.99555872814,0.00444127185897,1.15089240726,0.969036961581,1.48176057261
baseline,68,8,COMPLETED,1.99563595693,0.00436404306756,1.13854822154,0.957725217289,1.49000982949
baseline,68,8,COMPLETED,1.99625513777,0.0037448622324,1.10578672053,0.924011270588,1.49814809524
baseline,68,8,COMPLETED,1.99639672074,0.00360327926446,1.08644375182,0.904813671228,1.50618105583
baseline,68,8,COMPLETED,1.99638171698,0.00361828301659,1.06190044141,0.88614919845,1.51411396791
baseline,68,8,COMPLETED,1.9965964087,0.00340359129996,1.05097002534,0.878682966412,1.52195170337
baseline,68,8,COMPLETED,1.99719257427,0.00280742573348,1.04299826928,0.868788579709,1.52969878816
baseline,68,8,COMPLETED,1.99737805068,0.0026219493214,1.03018742452,0.85212565587,1.53735943624
baseline,68,8,COMPLETED,1.99749518981,0.00250481018848,1.01114935735,0.831918919206,1.54493757938
baseline,68,8,COMPLETED,1.99768033616,0.00231966383848,1.00617094733,0.83012385956,1.55243689336
baseline,68,8,COMPLETED,1.99774012857,0.00225987142853,0.981392154422,0.805132070149,1.55986082123
baseline,68,8,COMPLETED,1.9978495105,0.00215048950302,0.973743818225,0.798598913041,1.56721259383
baseline,68,8,COMPLETED,1.99814294641,0.00185705358571,0.953014032032,0.774705861468,1.57449524813
baseline,68,8,COMPLETED,1.99828401831,0.00171598169205,0.942466412342,0.765292340712,1.58171164355
baseline,68,8,COMPLETED,1.99819843739,0.00180156260958,0.923982247183,0.750895822723,1.58886447659
baseline,68,8,COMPLETED,1.99849148315,0.00150851685136,0.904604019477,0.73507010846,1.59595629395
baseline,68,8,COMPLETED,1.99874018808,0.00125981192315,0.884572315702,0.713182350608,1.60298950433
baseline,68,8,COMPLETED,1.99889150975,0.00110849025132,0.85412425019,0.679828460917,1.6099663891
baseline,68,8,COMPLETED,1.99889870688,0.00110129312206,0.844941079825,0.675998097417,1.61688911186
baseline,68,8,COMPLETED,1.99899860696,0.000970140855438,0.83355444161,0.667915423691,1.62375972726
baseline,68,8,COMPLETED,1.99887427833,0.000568952306271,0.81595142292,0.647839928387,1.63058018883
baseline,68,8,COMPLETED,1.99734287576,0.000438433585054,0.799133877146,0.627793262062,1.63735235622
baseline,68,8,COMPLETED,1.99483313531,0.000455165067551,0.785440224744,0.616838595159,1.64407800179
baseline,68,8,COMPLETED,1.99199519236,0.000168717699227,0.77615249012,0.612993151136,1.65075881658
baseline,68,8,COMPLETED,1.98714251742,2.40837582846e-05,0.751365417174,0.58981332275,1.65739641581
baseline,68,8,COMPLETED,1.97868048187,0.000130101292544,0.738245046952,0.575845903555,1.66399234392
baseline,68,8,COMPLETED,1.96504106595,2.23323753497e-05,0.724611200533,0.56772860445,1.67054807919
baseline,68,8,COMPLETED,1.94859413338,0.000275821821345,0.705538026367,0.553266741871,1.67706503799
baseline,68,8,COMPLETED,1.93057435232,0.000487582577839,0.688882078235,0.538174059126,1.68354457871
baseline,68,8,COMPLETED,1.91315860146,0.000525570187098,0.674369581413,0.524556165007,1.68998800538
baseline,68,8,COMPLETED,1.89376991165,0.000465063516148,0.655332781141,0.510975625127,1.69639657097
baseline,68,8,COMPLETED,1.8712005995,0.000739721853285,0.645569581908,0.500457517632,1.70277148055
baseline,68,8,COMPLETED,1.84658320284,0.000846021836976,0.627714602748,0.48263453365,1.70911389409
baseline,68,8,COMPLETED,1.82218687771,0.00076951050167,0.616851787569,0.478122424511,1.71542492919
baseline,68,8,COMPLETED,1.7954559279,0.000796575090724,0.600499777471,0.465586875679,1.72170566347
baseline,68,8,COMPLETED,1.76812839163,0.00098652758961,0.582501464467,0.448989859375,1.72795713696
baseline,68,8,COMPLETED,1.74010136853,0.00114724165014,0.568434844715,0.438562826612,1.73418035418
baseline,68,8,COMPLETED,1.71170919875,0.000899206223903,0.552584716007,0.426508953242,1.74037628616
baseline,68,8,COMPLETED,1.68013999893,0.00116853935548,0.538304608676,0.416328499372,1.74654587232
baseline,68,8,COMPLETED,1.64781452306,0.00132194228559,0.522356684419,0.403150743333,1.75269002221
baseline,68,8,COMPLETED,1.61593760178,0.00124582577008,0.50597101421,0.387255331958,1.75880961714
baseline,68,8,COMPLETED,1.58499789542,0.00128537573245,0.493087476047,0.380133061147,1.76490551172
baseline,68,8,COMPLETED,1.55093102284,0.00148571678839,0.479712250395,0.368687776689,1.77097853532
baseline,68,8,COMPLETED,1.5160070232,0.00156534632552,0.464134088511,0.355659057805,1.77702949338
baseline,68,8,COMPLETED,1.48143907239,0.00154026823906,0.44723025211,0.34523520236,1.78305916871
baseline,68,8,COMPLETED,1.44706973492,0.00164746040502,0.43197806189,0.331334982504,1.78906832271
baseline,68,8,COMPLETED,1.4114074013,0.00164421305103,0.422079212546,0.324991709587,1.79505769646
baseline,68,8,COMPLETED,1.37488207215,0.00169304648137,0.408212852005,0.316020855803,1.8010280118
baseline,68,8,COMPLETED,1.33898462432,0.00196926851281,0.392058594298,0.302875518969,1.80697997234
baseline,68,8,COMPLETED,1.30222748878,0.00184566405867,0.377922664405,0.291927863206,1.81291426445
baseline,68,8,COMPLETED,1.26533618472,0.00202981779158,0.365292687407,0.28469334065,1.81883155808
baseline,68,8,COMPLETED,1.22795462743,0.00200437829136,0.35287356105,0.274868012596,1.82473250771
baseline,68,8,COMPLETED,1.18969531533,0.00202636290467,0.338666065786,0.262885698871,1.83061775309
baseline,68,8,COMPLETED,1.15085457871,0.00222297047785,0.32621713479,0.254365768329,1.83648792006
baseline,68,8,COMPLETED,1.1121346947,0.00218050753977,0.312919115226,0.245250590616,1.84234362127
baseline,68,8,COMPLETED,1.07453096027,0.00233661540677,0.298587608665,0.234496834126,1.84818545685
baseline,68,8,COMPLETED,1.03615461898,0.00231410556559,0.286060304045,0.224937760303,1.85401401513
baseline,68,8,COMPLETED,0.997315917704,0.00242448984851,0.27341654372,0.215088116185,1.85982987326
baseline,68,8,COMPLETED,0.957871701834,0.00237073818906,0.260772363187,0.206476535009,1.86563359778
baseline,68,8,COMPLETED,0.918216476779,0.00250175043579,0.247594251015,0.195754978716,1.87142574526
baseline,68,8,COMPLETED,0.87845376474,0.00266784823393,0.235784672713,0.186790124797,1.87720686282
baseline,68,8,COMPLETED,0.838349169279,0.00248471152091,0.224060688366,0.179886267447,1.88297748871
baseline,68,8,COMPLETED,0.798903656158,0.00277306322438,0.213403785102,0.170669992616,1.88873815275
baseline,68,8,COMPLETED,0.75902330562,0.00260054459338,0.200206223813,0.159870844939,1.8944893769
baseline,68,8,COMPLETED,0.718968113361,0.00274551417284,0.189084075637,0.1519026306,1.9002316757
baseline,68,8,COMPLETED,0.678669763887,0.00270614183848,0.176656483398,0.142198072076,1.90596555675
baseline,68,8,COMPLETED,0.638426128065,0.00278789519483,0.166068663437,0.133510606409,1.91169152113
baseline,68,8,COMPLETED,0.59742034711,0.00273095362896,0.154776828113,0.124878993192,1.91741006386
baseline,68,8,COMPLETED,0.556732420994,0.00295261700118,0.14502912907,0.11758281404,1.9231216743
baseline,68,8,COMPLETED,0.516091390812,0.00271324210137,0.13161552787,0.106276330997,1.92882683653
baseline,68,8,COMPLETED,0.475412318318,0.00288984718638,0.122173042017,0.0989324678241,1.93452602982
baseline,68,8,COMPLETED,0.434604982696,0.0028623683442,0.11227975203,0.0912475933289,1.94021972894
baseline,68,8,COMPLETED,0.394101996152,0.00265505734947,0.10092376489,0.0821435941069,1.94590840455
baseline,68,8,COMPLETED,0.352821858715,0.00294396282523,0.0896853456951,0.0728804987247,1.9515925236
baseline,68,8,COMPLETED,0.311853508927,0.00304435416212,0.0805517191079,0.0648368896317,1.95727254965
baseline,68,8,COMPLETED,0.270782106936,0.00296485592264,0.0702242886121,0.056927963702,1.96294894322
baseline,68,8,COMPLETED,0.229602827427,0.00303390400746,0.0599164296349,0.0484799484366,1.96862216219
baseline,68,8,COMPLETED,0.188994237312,0.00293167734825,0.0506131782351,0.0409765131828,1.97429266205
baseline,68,8,COMPLETED,0.147235360059,0.00309922734679,0.041855363588,0.0331960851767,1.97996089631
baseline,68,8,COMPLETED,0.106243620455,0.00294889162659,0.0323300855109,0.0251810025253,1.9856273168
baseline,68,8,COMPLETED,0.0650945455507,0.00302031186148,0.0239364789306,0.0181606212045,1.99129237399
baseline,68,8,COMPLETED,0.0240435653831,0.0032542740237,0.0194001369811,0.0145529702151,1.99695651732
baseline,68,8,COMPLETED,0.0052161093277,0.00310247388354,0.016878306374,0.0132637836551,2
