candidate,N,np,state,TIME,maxMagU,meanMagUPrime,l2MagUPrime,phaseVolumeRelError,centroidX,centroidY,zeroSetRadialL2,m2Amplitude,pLaplace,kErrL2Band,gradPsiL2ErrorBand,minGradPsiBand,maxGradPsiBand
FP0,100,1,COMPLETED,1.0861e-05,0.05017276219,1.322087595e-06,8.134074697e-06,6.877641568e-07,0.002500535836,0.005,4.35829706e-07,1.147849423e-10,72.78158162,2.066347445,0.001631537172,0.9966344367,0.999981974
FP0,100,1,COMPLETED,0.000173776,0.05041304264,1.145766583e-05,4.138211739e-05,3.551115075e-05,0.002508588299,0.005,3.957031244e-07,3.044048224e-08,72.77187978,1.939513691,0.001565361305,0.9966852664,1.000024564
FP0,100,1,COMPLETED,0.000336691,0.0505311186,1.755789293e-05,5.744493728e-05,6.309982585e-05,0.002516686732,0.005,3.507786092e-07,6.817052902e-08,72.77543191,1.677671629,0.001568595783,0.9967295843,1.000087289
FP0,100,1,COMPLETED,0.000499606,0.05061695458,2.253708811e-05,7.15793563e-05,0.0001107503683,0.002524855887,0.005,3.956197043e-07,1.615410864e-08,72.77266043,1.28450486,0.001570054871,0.9967764037,1.000146356
FP0,100,1,COMPLETED,0.000662521,0.05072346317,2.580491561e-05,8.011610531e-05,0.0001264368104,0.002533020397,0.005,3.862542034e-07,2.781267898e-08,72.77555787,0.8550731891,0.001587861636,0.9967926759,1.000201123
FP0,100,1,COMPLETED,0.000825436,0.05075471525,2.648173308e-05,8.035334682e-05,0.0001407991783,0.002541177326,0.005,3.673979121e-07,1.673437196e-08,72.76850971,0.63853406,0.001568442369,0.9967326966,1.000248633
FP0,100,1,COMPLETED,0.000988351,0.05072121675,2.471980064e-05,7.411163551e-05,0.0001297063208,0.002549324652,0.005,3.093048913e-07,3.233116134e-08,72.7631809,0.8500163877,0.00156856358,0.9966740435,1.000289802
FP0,100,1,COMPLETED,0.001151266,0.0506252796,2.086260186e-05,6.22181405e-05,0.0001314344163,0.002557465766,0.005,3.879780434e-07,2.967657413e-08,72.76668268,1.230863915,0.00157583719,0.9966160599,1.000332094
FP0,100,1,COMPLETED,0.001314181,0.05047905529,1.573621372e-05,4.658743197e-05,0.0001090818981,0.002565621239,0.005,3.696758811e-07,1.685904929e-08,72.77146753,1.561379677,0.001598979974,0.9965595785,1.000375313
FP0,100,1,COMPLETED,0.001477096,0.05041831366,1.109369533e-05,3.592711822e-05,9.466484504e-05,0.002573789364,0.005,4.224682971e-07,1.505843401e-08,72.76790547,1.796609121,0.001591432943,0.9965043797,1.000416509
FP0,100,1,COMPLETED,0.001640011,0.05052196549,9.574219882e-06,3.767290405e-05,4.653675491e-05,0.002581956482,0.005,3.727063019e-07,8.190799664e-08,72.76879368,1.904437388,0.001600700375,0.9964248165,1.000455593
FP0,100,1,COMPLETED,0.001802926,0.05051407439,1.214236055e-05,4.921384564e-05,1.761208392e-05,0.002590073275,0.005,4.278293058e-07,5.59976243e-08,72.76652893,1.905800374,0.001603232127,0.9963239077,1.000494284
FP0,100,1,COMPLETED,0.001965841,0.05054952481,1.642633234e-05,6.307875436e-05,1.512473078e-05,0.002598129031,0.005,4.59561404e-07,1.364200834e-08,72.77617098,1.678483958,0.001658895021,0.9962231439,1.000759186
FP0,100,1,COMPLETED,0.002128756,0.05075680011,2.105340935e-05,7.53951368e-05,5.906863825e-06,0.002606170559,0.005,4.355951297e-07,2.321020524e-08,72.77393484,1.448816401,0.001597621622,0.9966961943,1.000781276
FP0,100,1,COMPLETED,0.002291671,0.05075028988,2.40433205e-05,8.1522914e-05,4.801296514e-05,0.002614238782,0.005,3.706208241e-07,6.760577652e-08,72.7774996,1.084603379,0.001599517751,0.9966417103,1.000815908
FP0,100,1,COMPLETED,0.002454586,0.0506872836,2.484521997e-05,8.100432561e-05,0.0001047119072,0.002622405692,0.005,3.926569563e-07,9.605681389e-09,72.77252346,0.9841269189,0.001607949374,0.9965888228,1.000844894
FP0,100,1,COMPLETED,0.002617501,0.05056374276,2.351647362e-05,7.518313284e-05,0.000152079622,0.002630564789,0.005,4.326719201e-07,5.989774733e-08,72.78104475,1.084630137,0.001618405017,0.996487181,1.000868876
FP0,100,1,COMPLETED,0.002780416,0.05054405906,2.117563666e-05,6.784284528e-05,0.0001758012908,0.002638727709,0.005,4.175303389e-07,1.943827163e-08,72.78303344,1.288195525,0.001611529664,0.9964797586,1.000898344
FP0,100,1,COMPLETED,0.002943331,0.05051514485,1.797969587e-05,5.817775069e-05,0.0001755035278,0.002646886157,0.005,4.305118045e-07,4.101805045e-08,72.78050427,1.528468557,0.00162379214,0.9964217122,1.000931852
FP0,100,1,COMPLETED,0.003106246,0.05045136966,1.417565503e-05,4.612131724e-05,0.0001791156455,0.00265501342,0.005,4.840493557e-07,9.3917424e-08,72.77833077,1.681221588,0.001624539675,0.9963660663,1.000960258
FP0,100,1,COMPLETED,0.003269161,0.05029833093,1.026300928e-05,3.484757663e-05,0.0001675258156,0.002663169361,0.005,4.52650749e-07,7.163534257e-08,72.78043248,1.801505963,0.001638919627,0.9962974223,1.000985293
FP0,100,1,COMPLETED,0.003432076,0.05040006525,1.010031855e-05,3.736799472e-05,0.0001488868242,0.002671335229,0.005,5.090175419e-07,9.63444922e-08,72.77914604,1.829338444,0.001649719436,0.9962041343,1.001009648
FP0,100,1,COMPLETED,0.003594991,0.05049246967,1.382180499e-05,5.098344395e-05,9.362846516e-05,0.002679492611,0.005,4.565866797e-07,2.397623944e-08,72.77644068,1.681607979,0.001670518555,0.9961078606,1.001032712
FP0,100,1,COMPLETED,0.003757906,0.05055862062,1.781908927e-05,6.39876728e-05,4.823240251e-05,0.002687646196,0.005,4.576784395e-07,1.603718622e-08,72.77344154,1.444215123,0.001664656694,0.9960076751,1.001054237
FP0,100,1,COMPLETED,0.003920821,0.0507879834,2.048039795e-05,6.933434319e-05,1.026055018e-05,0.002695710634,0.005,4.949960851e-07,2.738562604e-08,72.77353297,1.198091984,0.001705532932,0.9959053181,1.001558628
FP0,100,1,COMPLETED,0.004083736,0.05113183113,2.157512229e-05,6.872835937e-05,2.374432378e-06,0.002703746197,0.005,4.933128727e-07,1.822898805e-08,72.77189747,1.128026553,0.001682496197,0.9964483206,1.0015405
FP0,100,1,COMPLETED,0.004246651,0.05083812794,2.088814044e-05,6.215713002e-05,3.339765058e-05,0.002711808268,0.005,4.431832768e-07,3.964619872e-08,72.77141159,1.05460227,0.0016943035,0.9963194191,1.001524815
FP0,100,1,COMPLETED,0.004409566,0.05071821339,2.015103084e-05,5.890767617e-05,7.24153201e-05,0.002719951848,0.005,4.388915346e-07,2.485502134e-08,72.77128492,1.160510288,0.001714190854,0.9961898485,1.001499325
FP0,100,1,COMPLETED,0.004572481,0.05081474068,1.888361288e-05,5.647711923e-05,0.0001249043456,0.002728110299,0.005,4.836408957e-07,4.341394718e-08,72.77081657,1.312549149,0.001720691464,0.9960597975,1.001463181
FP0,100,1,COMPLETED,0.004735396,0.05098085221,1.663034785e-05,5.312798993e-05,0.000143878267,0.002736274928,0.005,4.688824406e-07,1.719988904e-08,72.77376546,1.810323221,0.001708972924,0.9962445312,1.001421452
FP0,100,1,COMPLETED,0.004898311,0.05085264832,1.391280429e-05,4.987864779e-05,0.0001621393482,0.002744431048,0.005000000001,4.965455289e-07,3.495029097e-08,72.77046063,1.879437646,0.001728085114,0.9961416599,1.001379069
FP0,100,1,COMPLETED,0.005061226,0.05071208577,1.298052138e-05,5.170823532e-05,0.0001624868824,0.002752563664,0.005000000001,4.899444566e-07,4.253649411e-08,72.76933186,1.887115981,0.001727408875,0.9960416139,1.001333608
FP0,100,1,COMPLETED,0.005224141,0.05082805472,1.416471928e-05,6.586018244e-05,0.0001731832454,0.002760723123,0.005000000001,4.949516853e-07,4.206575402e-08,72.77430073,1.809501541,0.00174769215,0.9959411451,1.001279097
FP0,100,1,COMPLETED,0.005387056,0.05094950966,1.700515572e-05,8.070765354e-05,0.0001592479488,0.002768887157,0.005000000001,5.703874972e-07,6.730474024e-08,72.77404695,1.687963021,0.001758092324,0.995837683,1.00127504
FP0,100,1,COMPLETED,0.005549971,0.05079048885,2.123950358e-05,8.711622161e-05,0.0001272375824,0.002777050807,0.005000000001,5.707040448e-07,2.472418436e-08,72.76820337,1.507104941,0.001782222131,0.9957357644,1.001303136
FP0,100,1,COMPLETED,0.005712886,0.05064554665,2.416813148e-05,9.054202589e-05,7.861031536e-05,0.002785222888,0.005000000001,5.533272914e-07,5.803321463e-08,72.77640889,1.333975899,0.001837956633,0.9956378906,1.003289558
FP0,100,1,COMPLETED,0.005875801,0.05045579275,2.466907083e-05,8.56038662e-05,4.869497026e-05,0.002793298823,0.005000000001,5.820091906e-07,1.555581607e-08,72.77332508,1.51479124,0.001843333059,0.995537126,1.0034384
FP0,100,1,COMPLETED,0.006038716,0.0504121658,2.430056857e-05,7.889762855e-05,2.477588018e-05,0.002801347267,0.005000000001,5.916828301e-07,7.709431863e-09,72.77643745,1.648846041,0.001968944763,0.9954358534,1.005286277
FP0,100,1,COMPLETED,0.006201631,0.05033969452,2.385849989e-05,7.666800087e-05,6.267413278e-05,0.002809404343,0.005000000001,5.538400827e-07,5.241855678e-08,72.7685499,1.769342683,0.001906886063,0.9959169356,1.00553505
FP0,100,1,COMPLETED,0.006364546,0.05035984136,2.464617576e-05,8.544797043e-05,9.537609013e-05,0.002817517989,0.005000000001,5.357270366e-07,9.256350569e-08,72.77422814,1.859438322,0.001952149059,0.995763221,1.005798163
FP0,100,1,COMPLETED,0.006527461,0.05044601601,2.55722741e-05,9.254259272e-05,0.0001443031255,0.002825689351,0.005000000001,5.643581827e-07,1.14684833e-08,72.77373502,1.955358296,0.001969731022,0.9956022825,1.006069457
FP0,100,1,COMPLETED,0.006690376,0.05045769404,2.707659937e-05,9.947447223e-05,0.0001565803231,0.002833860621,0.005000000001,5.787426728e-07,1.672605059e-08,72.77792415,1.995010678,0.002018736734,0.9954372114,1.006350905
FP0,100,1,COMPLETED,0.006853291,0.0505065194,2.867211046e-05,0.0001075713599,0.0001711499105,0.002842020037,0.005000000001,5.891035401e-07,2.872812768e-08,72.77129671,1.926387783,0.002013958036,0.9959498274,1.006641495
FP0,100,1,COMPLETED,0.007016206,0.05066298221,2.926062492e-05,0.0001060578501,0.0001583129364,0.002850164651,0.005000000001,5.671774868e-07,4.67898711e-08,72.76391127,1.841889554,0.002026337065,0.9958660469,1.00693426
FP0,100,1,COMPLETED,0.007179121,0.05083110212,2.776277619e-05,9.656490243e-05,0.0001562475007,0.002858309962,0.005000000002,6.147852932e-07,3.390354546e-08,72.76811564,1.812438392,0.002072699901,0.9957686862,1.007234064
FP0,100,1,COMPLETED,0.007342036,0.05109904663,2.604392217e-05,8.724649999e-05,0.0001300286743,0.002866467609,0.005000000002,6.208825999e-07,3.026135135e-08,72.77039327,1.789856829,0.002120949531,0.995657443,1.007543078
FP0,100,1,COMPLETED,0.007504951,0.050696999,2.448547714e-05,7.92658725e-05,0.0001081922499,0.002874637611,0.005000000002,6.498868221e-07,1.722912822e-08,72.7581449,1.737289351,0.002157110218,0.9955333906,1.007852646
FP0,100,1,COMPLETED,0.007667866,0.05064413158,2.236695736e-05,7.085787366e-05,5.4741112e-05,0.002882810292,0.005000000002,6.087139405e-07,7.725885414e-08,72.76328588,1.876151848,0.002218592401,0.9953997862,1.008157876
FP0,100,1,COMPLETED,0.007830781,0.0506357218,2.042543535e-05,6.484545249e-05,2.470751123e-05,0.002890920503,0.005000000003,6.450317346e-07,4.486324989e-08,72.75875925,2.228139387,0.002228522233,0.9952719466,1.008457897
FP0,100,1,COMPLETED,0.007993696,0.05067598665,1.912280029e-05,6.071940887e-05,3.973666985e-06,0.002898983736,0.005000000003,6.639024291e-07,8.28008079e-09,72.7660672,3.276287913,0.002433087428,0.991909826,1.008753781
FP0,100,1,COMPLETED,0.008156611,0.05056692527,1.874222334e-05,5.945674917e-05,2.043669316e-05,0.002907024647,0.005000000004,6.421953905e-07,2.169472565e-08,72.76075159,3.4706298,0.00238497493,0.9919365678,1.009030743
FP0,100,1,COMPLETED,0.008319526,0.05074928456,1.957498554e-05,6.867740953e-05,5.160064518e-05,0.002915096232,0.005000000004,5.979275846e-07,5.699951948e-08,72.76533182,3.595740336,0.002461350775,0.9920479326,1.009305587
FP0,100,1,COMPLETED,0.008482441,0.05115440346,2.119028899e-05,8.613083383e-05,0.0001066559274,0.002923262041,0.005000000004,6.215431009e-07,3.891727131e-08,72.75665497,3.578927613,0.002476080411,0.9922345064,1.009562173
FP0,100,1,COMPLETED,0.008645356,0.05234168099,2.409300237e-05,0.0001138622246,0.0001435860543,0.002931418152,0.005000000004,6.522592067e-07,8.863207901e-08,72.76557537,3.600201304,0.002513446938,0.9924984654,1.009796386
FP0,100,1,COMPLETED,0.008808271,0.05303015735,2.814718921e-05,0.0001366182443,0.0001650604669,0.002939573495,0.005000000004,6.641688632e-07,9.57158651e-08,72.76713774,3.614773323,0.002514098188,0.9928495601,1.010009369
FP0,100,1,COMPLETED,0.008971186,0.05293995818,3.09102392e-05,0.000141324234,0.0001596980336,0.002947724477,0.005000000004,6.614655421e-07,7.168618652e-08,72.76248445,3.701793046,0.002514529522,0.9932947267,1.010196028
FP0,100,1,COMPLETED,0.009134101,0.05254496162,3.23428497e-05,0.000140670614,0.00016364132,0.002955854452,0.005000000004,7.273401915e-07,1.485883112e-07,72.759708,4.659771785,0.002780199157,0.9892063394,1.010345958
FP0,100,1,COMPLETED,0.009297016,0.05229983177,3.42975895e-05,0.0001432659779,0.00014696192,0.002964007416,0.005000000004,7.065283501e-07,1.081911048e-07,72.76178251,4.940236237,0.002845879422,0.9888433819,1.010460451
FP0,100,1,COMPLETED,0.009459931,0.0520290957,3.680324837e-05,0.0001524991997,0.0001243800131,0.002972163548,0.005000000003,7.737999409e-07,1.027579425e-07,72.75450677,5.393550585,0.002904717217,0.9885153314,1.010538936
FP0,100,1,COMPLETED,0.009622846,0.05214926967,3.707481414e-05,0.0001554426868,5.995664752e-05,0.002980307412,0.005000000003,7.476998041e-07,2.097058773e-09,72.75457235,5.721744734,0.003355693971,0.9845802664,1.010579661
FP0,100,1,COMPLETED,0.009785761,0.05216700568,3.432172353e-05,0.0001423527465,6.858381263e-06,0.002988434326,0.005000000004,7.770995167e-07,4.755472498e-08,72.75460417,6.161462889,0.003437591813,0.9832622484,1.010580963
FP0,100,1,COMPLETED,0.009948676,0.0517358136,3.066376285e-05,0.0001218824901,6.783781401e-05,0.002996456998,0.005000000004,8.131173338e-07,4.401083201e-08,72.75296504,8.367423696,0.003700476633,0.98199868,1.010541123
FP0,100,1,COMPLETED,0.010111591,0.05174556412,3.017063145e-05,0.0001152374086,9.951829241e-05,0.003004461803,0.005000000004,8.290753656e-07,9.366676838e-08,72.75472508,8.449675301,0.003838621604,0.980765937,1.010441432
FP0,100,1,COMPLETED,0.010274506,0.05253007693,3.28430334e-05,0.0001262683982,7.897576361e-05,0.00301250808,0.005000000004,8.215633343e-07,1.910268211e-07,72.75070926,8.748342666,0.004027973432,0.9796002577,1.010296834
FP0,100,1,COMPLETED,0.010437421,0.05343679353,3.792228395e-05,0.0001509318326,5.142183987e-05,0.003020641326,0.005000000004,8.693777023e-07,2.006963223e-07,72.74920793,9.143697946,0.004504469804,0.9785069896,1.010092409
FP0,100,1,COMPLETED,0.010600336,0.05337138461,4.346201561e-05,0.0001754636872,1.261430613e-05,0.003028770795,0.005000000004,9.273238282e-07,1.962490304e-07,72.74882037,9.347683397,0.004682391416,0.9774868621,1.010361681
FP0,100,1,COMPLETED,0.010763251,0.05230228457,4.753111049e-05,0.0001889102048,1.352274421e-05,0.003036901218,0.005000000004,1.007537162e-06,2.827148007e-07,72.75109293,9.724996048,0.004861533383,0.9765487933,1.010915186
FP0,100,1,COMPLETED,0.010926166,0.05282198333,5.35331491e-05,0.0002236186089,3.167328394e-05,0.003045017204,0.005000000004,1.053437682e-06,3.401160382e-07,72.75155897,10.00588134,0.005055722472,0.9757119066,1.011447285
FP0,100,1,COMPLETED,0.011089081,0.05382379471,5.880524218e-05,0.0002527840683,7.252730318e-05,0.003053092785,0.005000000004,1.093763435e-06,2.064701425e-07,72.75702493,10.6020816,0.005294020108,0.9750123675,1.011952377
FP0,100,1,COMPLETED,0.011251996,0.05458008547,6.39747245e-05,0.0002732044406,0.0001099139027,0.003061195889,0.005000000004,1.084932845e-06,2.583330732e-07,72.76533376,10.76823054,0.005505702048,0.9744858331,1.012745402
FP0,100,1,COMPLETED,0.011414911,0.05513583692,7.075386531e-05,0.0002990760654,0.0001641638234,0.003069308052,0.005000000005,1.175128575e-06,2.374645252e-07,72.76974276,11.89552735,0.005873166907,0.97376609,1.013758046
FP0,100,1,COMPLETED,0.011577826,0.05529294902,7.379739358e-05,0.0003114943761,0.0002312047605,0.003077422976,0.005000000005,1.216100866e-06,3.128893964e-07,72.77155073,12.26434743,0.006078798969,0.9726836521,1.014757941
FP0,100,1,COMPLETED,0.011740741,0.05449718628,6.715892982e-05,0.0002627296418,0.0003230491911,0.003085524779,0.005000000006,1.27434801e-06,4.084146677e-07,72.78486597,14.96265406,0.006498791551,0.971747811,1.017307719
FP0,100,1,COMPLETED,0.011903656,0.05298239027,5.982009067e-05,0.0002114337692,0.0003556999686,0.003093574731,0.005000000007,1.310270786e-06,3.940412744e-07,72.78656397,16.28106175,0.006564733013,0.9709728159,1.016719732
FP0,100,1,COMPLETED,0.012066571,0.0526312055,6.183991778e-05,0.0002144042011,0.0003932300909,0.003101587224,0.005000000008,1.340374064e-06,4.122837645e-07,72.79160195,16.39437342,0.007547649139,0.9703793522,1.033572682
FP0,100,1,COMPLETED,0.012229486,0.05303556415,7.611423854e-05,0.000295222647,0.0003407661966,0.003109644012,0.005000000009,1.37715578e-06,4.895184641e-07,72.78873077,16.50399626,0.007494997134,0.9699683687,1.030399929
FP0,100,1,COMPLETED,0.012392401,0.05453108291,9.581461775e-05,0.0004231126014,0.0003028810978,0.003117760073,0.005000000009,1.453176438e-06,5.546328039e-07,72.8024802,19.44399763,0.007606790534,0.9697379291,1.027080884
FP0,100,1,COMPLETED,0.012555316,0.05417458337,0.0001111445775,0.0004780726791,0.0002471283462,0.003125933473,0.00500000001,1.463054084e-06,5.06375229e-07,72.81172746,19.80625721,0.007646094034,0.9696692388,1.023625063
FP0,100,1,COMPLETED,0.012718231,0.05320622261,0.0001209654175,0.0004563389394,0.0002191663837,0.003134125581,0.005000000011,1.499702708e-06,5.061673989e-07,72.82808515,20.45334656,0.007737590141,0.9688695031,1.021075655
FP0,100,1,COMPLETED,0.012881146,0.05307833301,0.0001294019043,0.000482629535,0.000171641966,0.003142319277,0.005000000011,1.563700287e-06,5.544472698e-07,72.8369986,21.21914159,0.007832747675,0.9668465891,1.0218565
FP0,100,1,COMPLETED,0.013044061,0.05418351171,0.000139799552,0.0005532270378,0.0001327032303,0.00315051105,0.005000000012,1.443039242e-06,3.534230601e-07,72.84079931,22.10334394,0.007972185186,0.9648525093,1.022593591
FP0,100,1,COMPLETED,0.013206976,0.05589999168,0.0001478640939,0.0005953013413,0.0001165521051,0.00315868348,0.005000000013,1.4186386e-06,1.051576777e-07,72.86299314,24.09697023,0.009778627982,0.9629860402,1.052583673
FP0,100,1,COMPLETED,0.013369891,0.05573412689,0.0001509245539,0.0005879266299,0.0001249236646,0.00316687639,0.005000000014,1.382302689e-06,7.633748955e-09,72.87709715,24.78402421,0.009808176845,0.9613181151,1.049647648
FP0,100,1,COMPLETED,0.013532806,0.05397251019,0.0001621273042,0.0005987515988,0.0001023017821,0.003175123394,0.005000000015,1.351181717e-06,6.717570852e-08,72.87742979,25.52589787,0.009847044188,0.9598678666,1.046488654
FP0,100,1,COMPLETED,0.013695721,0.05335473484,0.0001828584863,0.0006420548951,0.0001000185316,0.003183393507,0.005000000016,1.280368286e-06,6.90271527e-08,72.89042511,26.52498751,0.01227551938,0.9586542355,1.071776964
FP0,100,1,COMPLETED,0.013858636,0.05343167091,0.0001957008399,0.0006837896053,6.937543183e-05,0.003191596729,0.005000000018,1.242908848e-06,2.005150489e-07,72.88904972,27.94254,0.01212316007,0.9576914232,1.070259598
FP0,100,1,COMPLETED,0.014021551,0.05373516263,0.0002013132669,0.0007196503409,2.842458735e-05,0.003199821841,0.00500000002,1.162044921e-06,3.652550263e-07,72.89298014,29.19353667,0.01357967813,0.9568438336,1.0689752
FP0,100,1,COMPLETED,0.014184466,0.05489841983,0.0001971252619,0.0007446797083,0.0001106205784,0.003207955261,0.005000000022,1.094688802e-06,4.703421355e-07,72.90583655,29.87289413,0.01343842067,0.9560893257,1.068319466
FP0,100,1,COMPLETED,0.014347381,0.06277279905,0.0001999412565,0.0008187977248,0.0002131631505,0.00321614673,0.005000000023,1.03908102e-06,5.545068867e-07,72.91736165,44.22397146,0.01461342694,0.9554965842,1.067294993
FP0,100,1,COMPLETED,0.014510296,0.06838066714,0.00021294091,0.000946176059,0.0003164233572,0.00322440725,0.005000000023,1.051852096e-06,8.185392671e-07,72.92850281,46.70196367,0.01444077042,0.9550586596,1.06589574
FP0,100,1,COMPLETED,0.014673211,0.06550119336,0.0002464161029,0.001061388117,0.0004390955706,0.003232694878,0.005000000023,1.115076018e-06,1.032821415e-06,72.96321308,49.04908621,0.0142622729,0.9547377925,1.064125072
FP0,100,1,COMPLETED,0.014836126,0.06341641395,0.000301819841,0.001223688625,0.0005942086328,0.003241022365,0.005000000025,1.233790781e-06,1.224351897e-06,72.98422869,51.53616831,0.01408870632,0.9543818901,1.062023252
FP0,100,1,COMPLETED,0.014999041,0.06267167614,0.0003449850404,0.001348231936,0.0007521737616,0.003249383781,0.005000000026,1.136100349e-06,1.245386823e-06,72.96627348,54.53099229,0.01393186436,0.9519446839,1.059617459
FP0,100,1,COMPLETED,0.015161956,0.06376769061,0.0003716711477,0.001396357801,0.0009082341493,0.003257727543,0.005000000028,1.24155396e-06,1.389800886e-06,72.93427114,59.34656059,0.01767343876,0.9496540715,1.110562541
FP0,100,1,COMPLETED,0.015324871,0.06750513946,0.0004064268842,0.001483009658,0.0009888377391,0.003266037783,0.005000000029,1.249298466e-06,1.435952553e-06,72.92664834,61.37660385,0.01792148113,0.9471955089,1.111486663
FP0,100,1,COMPLETED,0.015487786,0.07329374681,0.0004519946301,0.001613725841,0.001043820761,0.00327432131,0.005000000032,1.317443549e-06,1.50220592e-06,72.89648392,63.63920818,0.01868579706,0.9446229399,1.1122882
FP0,100,1,COMPLETED,0.015650701,0.07353625116,0.0004681908068,0.001621297283,0.001143707902,0.003282681978,0.005000000034,1.287934136e-06,1.45109536e-06,72.90798061,62.88050191,0.01867908488,0.9422072925,1.112823764
FP0,100,1,COMPLETED,0.015813616,0.07831060346,0.0004583533788,0.001580666079,0.001146419285,0.003290906292,0.005000000036,1.386046017e-06,1.535189197e-06,72.88318071,65.49739219,0.01951087381,0.9402817459,1.112999444
FP0,100,1,COMPLETED,0.015976531,0.08616244946,0.0004503255454,0.001597134117,0.001172277907,0.00329908212,0.005000000038,1.577495056e-06,1.662772579e-06,72.87387696,65.85242486,0.01979146806,0.9392566678,1.112581421
FP0,100,1,COMPLETED,0.016139446,0.08106694362,0.0004494402531,0.001544004603,0.001209771537,0.00330723068,0.00500000004,1.77525768e-06,1.770360043e-06,72.88172796,65.97850111,0.01982077105,0.938953746,1.111603303
FP0,100,1,COMPLETED,0.016302361,0.06828708036,0.0004674967744,0.001534910659,0.001326131104,0.003315464863,0.00500000004,1.955706781e-06,1.859428996e-06,72.87658579,74.04985401,0.022629319,0.9383597975,1.110964773
FP0,100,1,COMPLETED,0.016465276,0.0683127573,0.0004937094629,0.001700460121,0.00145323119,0.003323793906,0.00500000004,2.09221523e-06,1.981246929e-06,72.88139709,76.47754413,0.02284424675,0.9375774676,1.110330931
FP0,100,1,COMPLETED,0.016628191,0.0732994248,0.0005080092802,0.001803287171,0.001563359622,0.003332098464,0.005000000045,2.119571128e-06,1.990626371e-06,72.87802416,79.86547874,0.02302948478,0.9370003965,1.108758162
FP0,100,1,COMPLETED,0.016791106,0.07559235733,0.0005019930791,0.001822591132,0.001622795651,0.003340390399,0.005000000052,2.201141892e-06,1.978351336e-06,72.87639134,83.02266515,0.02312564464,0.9368955132,1.106371684
FP0,100,1,COMPLETED,0.016954021,0.08304997457,0.0005072492647,0.0019330188,0.001615048698,0.003348652169,0.005000000056,1.956606608e-06,1.672192052e-06,72.82851457,113.0079749,0.02422236843,0.9375783886,1.103666154
FP0,100,1,COMPLETED,0.017116936,0.09316915984,0.0005054092625,0.002005923334,0.001696150436,0.003356963105,0.005000000053,1.916622829e-06,1.481946089e-06,72.78477757,116.7748217,0.02434262445,0.9394634395,1.102764612
FP0,100,1,COMPLETED,0.017279851,0.09220442658,0.0004942678846,0.00204516841,0.001638719048,0.003365193636,0.005000000064,1.809093127e-06,1.29164218e-06,72.69100192,121.7521036,0.02546315915,0.942342467,1.101115181
FP0,100,1,COMPLETED,0.017442766,0.09907275819,0.0005104425917,0.002348337721,0.001428843648,0.003373298732,0.005000000071,1.681981314e-06,1.128142875e-06,72.62418246,128.3958301,0.02568952038,0.9428499928,1.100441469
FP0,100,1,COMPLETED,0.017605681,0.1169792334,0.0005213605867,0.002575087407,0.001223282236,0.003381425591,0.005000000067,1.598967039e-06,9.216398674e-07,72.62994653,119.0121414,0.02587217112,0.9365599021,1.107957438
FP0,100,1,COMPLETED,0.017768596,0.1165102163,0.0005336159277,0.002743682204,0.001043959381,0.00338952106,0.005000000065,1.650908522e-06,8.318708322e-07,72.61740223,114.0258352,0.02602342834,0.9304047204,1.11468087
FP0,100,1,COMPLETED,0.017931511,0.1100067128,0.0005414810635,0.002768027387,0.0008636674151,0.003397530924,0.005000000074,1.742490974e-06,7.790482431e-07,72.58070096,107.6321843,0.02653359903,0.9254848596,1.120144395
FP0,100,1,COMPLETED,0.018094426,0.1100444836,0.0005464164395,0.00274004116,0.000776737296,0.003405565729,0.005000000078,1.820078311e-06,7.188818503e-07,72.54843416,108.4607421,0.0268251187,0.9205322981,1.125502908
FP0,100,1,COMPLETED,0.018257341,0.112667571,0.0005699255066,0.002977800947,0.0007986665082,0.00341369941,0.005000000077,1.923178881e-06,6.440913289e-07,72.56120711,103.7112376,0.02886136518,0.9135413363,1.132666338
FP0,100,1,COMPLETED,0.018420256,0.1360732276,0.0005978757982,0.003576329402,0.0009064530572,0.003422005089,0.005000000074,1.899833148e-06,5.574508116e-07,72.5711642,102.9069686,0.03005675892,0.9051222156,1.140415177
FP0,100,1,COMPLETED,0.018583171,0.1436911007,0.0006538442087,0.003958282561,0.0009327105844,0.00343024235,0.005000000071,1.786087885e-06,3.588258923e-07,72.53253631,107.9059919,0.03080798626,0.89847691,1.146484789
FP0,100,1,COMPLETED,0.018746086,0.1440056383,0.0007588002222,0.004235524011,0.0008691503111,0.00343840331,0.005000000074,1.736966335e-06,1.59820168e-07,72.52927395,118.8705073,0.03152239012,0.8940745858,1.151527486
FP0,100,1,COMPLETED,0.018909001,0.1508906744,0.0008888971554,0.004822177035,0.0007079689097,0.003446444832,0.005000000081,1.562668305e-06,2.513177442e-07,72.46596519,127.5914252,0.03216940612,0.890233599,1.156289784
FP0,100,1,COMPLETED,0.019071916,0.1484981781,0.0009772413393,0.005016570607,0.0005461566019,0.003454434789,0.005000000085,1.457422795e-06,5.302011386e-07,72.39919033,152.3801425,0.03250573456,0.8864544776,1.159101895
FP0,100,1,COMPLETED,0.019234831,0.1358637632,0.001035683553,0.004830529005,0.0004086726913,0.003462502648,0.005000000088,1.356353473e-06,8.259926805e-07,72.34840459,159.3650419,0.03340673633,0.8843005662,1.159333835
FP0,100,1,COMPLETED,0.019397746,0.1195308573,0.001101200572,0.004538313159,0.0001352854405,0.003470491969,0.005000000098,1.236104888e-06,1.118444638e-06,72.29424156,159.6943726,0.03362593758,0.8828852449,1.157446385
FP0,100,1,COMPLETED,0.019560661,0.1302555794,0.001183741968,0.004849153007,0.0002966668414,0.003478386631,0.005000000114,1.281305045e-06,1.513195619e-06,72.29048694,155.068871,0.03396859281,0.8803855694,1.154706834
FP0,100,1,COMPLETED,0.019723576,0.1387818213,0.001146351936,0.004578913943,0.0007408233456,0.003486276487,0.005000000131,1.464138426e-06,1.737667726e-06,72.37348447,150.4621148,0.03236218785,0.9161701068,1.151575501
FP0,100,1,COMPLETED,0.019886491,0.149868722,0.00107436129,0.004354298973,0.001050802429,0.003494187798,0.005000000145,1.654552862e-06,1.902390925e-06,72.30205212,151.3291861,0.03279705815,0.9120449014,1.149199113
FP0,100,1,COMPLETED,0.020049406,0.1633466205,0.001081093383,0.004490203492,0.001291912397,0.00350211885,0.00500000016,1.750991322e-06,2.035488547e-06,72.27543259,150.5305345,0.03387469922,0.9096003111,1.146789754
FP0,100,1,COMPLETED,0.020212321,0.1620205911,0.001077816913,0.004696776067,0.001350558946,0.003510090705,0.005000000171,1.773166634e-06,2.144518364e-06,72.30232617,149.0688125,0.03441331023,0.9094231253,1.142866451
FP0,100,1,COMPLETED,0.020375236,0.1666243582,0.001135575826,0.005473624514,0.001267998231,0.003518238201,0.005000000175,1.723337078e-06,2.12012964e-06,72.36476285,133.7451317,0.0356999712,0.9069689107,1.139486486
FP0,100,1,COMPLETED,0.020538151,0.1823037934,0.001275417851,0.006299778671,0.001052625453,0.003526475219,0.005000000168,1.670022783e-06,2.058529327e-06,72.39623797,130.8128165,0.03687456954,0.9051671197,1.140098474
FP0,100,1,COMPLETED,0.020701066,0.1824629207,0.001412055136,0.006704694299,0.0009805596476,0.003534621413,0.005000000159,1.622794153e-06,2.075394838e-06,72.36820283,131.2394777,0.03779088618,0.9061967293,1.14743557
FP0,100,1,COMPLETED,0.020863981,0.1694941316,0.001514131052,0.006944281875,0.001072193297,0.003542644697,0.005000000153,1.573034371e-06,2.092394738e-06,72.3054885,137.0027538,0.03848802735,0.8973151108,1.159288997
FP0,100,1,COMPLETED,0.021026896,0.1580320938,0.001637388633,0.007208127736,0.001317334719,0.003550522803,0.005000000152,1.629221084e-06,2.153242033e-06,72.29497934,139.553482,0.03900878584,0.8863154294,1.168690462
FP0,100,1,COMPLETED,0.021189811,0.1596055428,0.001740595716,0.007222270992,0.001646583838,0.003558324396,0.005000000153,1.742312962e-06,2.291523152e-06,72.21901905,178.3940409,0.03834910887,0.8776092963,1.175646237
FP0,100,1,COMPLETED,0.021352726,0.1601914617,0.001841921917,0.007093236613,0.001929543694,0.003566161764,0.005000000161,1.972173068e-06,2.425244012e-06,72.19190983,184.5874945,0.03830349908,0.8712845484,1.179501923
FP0,100,1,COMPLETED,0.021515641,0.1533292463,0.001966222072,0.006937266978,0.002240670522,0.003573930015,0.005000000173,2.360678782e-06,2.710795443e-06,72.16231792,187.2966096,0.0381786762,0.8658324478,1.18082329
FP0,100,1,COMPLETED,0.021678556,0.1793249641,0.002083438985,0.007245246807,0.002651697683,0.003581611972,0.00500000019,2.801436472e-06,3.03098294e-06,72.24025683,179.8777254,0.03831944113,0.8590404312,1.180860624
FP0,100,1,COMPLETED,0.021841471,0.1279894312,0.002010954394,0.006594641732,0.003029221602,0.003589218113,0.00500000021,3.093475079e-06,3.194877135e-06,72.34890877,172.9789447,0.03561368769,0.9275174114,1.181024577
FP0,100,1,COMPLETED,0.022004386,0.1287507789,0.001870029381,0.006033861886,0.003210576993,0.003596962251,0.005000000223,3.278704783e-06,3.250672777e-06,72.30248503,174.7948679,0.0359536815,0.9288989679,1.183005423
FP0,100,1,COMPLETED,0.022167301,0.1306099472,0.001787952502,0.005830813556,0.003267130545,0.003604754752,0.005000000236,3.408316509e-06,3.294018777e-06,72.30250552,177.2336985,0.03749878544,0.927603004,1.184920604
FP0,100,1,COMPLETED,0.022330216,0.1210231688,0.001724174473,0.005866139823,0.003197969749,0.003612633128,0.005000000242,3.495148469e-06,3.310058431e-06,72.2713869,169.8203829,0.03850739826,0.9257637543,1.184224948
FP0,100,1,COMPLETED,0.022493131,0.150920382,0.001684348408,0.006467207957,0.002955878871,0.003620667016,0.005000000241,3.486977988e-06,3.211301877e-06,72.30103981,174.177988,0.03887157521,0.9266371883,1.182693926
FP0,100,1,COMPLETED,0.022656046,0.1755458866,0.001723511164,0.007213827204,0.002592430067,0.003628799009,0.005000000224,3.443238203e-06,3.068553192e-06,72.33998285,175.4237489,0.03985385136,0.9258729825,1.180315431
FP0,100,1,COMPLETED,0.022818961,0.1893648371,0.001830904443,0.007667025017,0.002313849974,0.003636832889,0.005000000203,3.532501587e-06,3.017434372e-06,72.37696418,176.6107684,0.04065132733,0.926648911,1.175744196
FP0,100,1,COMPLETED,0.022981876,0.1975594014,0.00194250926,0.007821122127,0.002132196779,0.003644740049,0.005000000186,3.695466955e-06,2.995861709e-06,72.43459959,184.1883113,0.04117202389,0.9316754398,1.169837855
FP0,100,1,COMPLETED,0.023144791,0.148463933,0.00207059549,0.007290589105,0.002122354324,0.003652383986,0.005000000172,3.853771922e-06,2.585733543e-06,72.32771423,192.0863856,0.04147742406,0.9170041274,1.180760462
FP0,100,1,COMPLETED,0.023307706,0.1524875113,0.002267123252,0.007474950294,0.002276112603,0.003659869264,0.005000000164,4.290708556e-06,2.665991552e-06,72.20070522,235.7348665,0.04116440354,0.9047887513,1.189460924
FP0,100,1,COMPLETED,0.023470621,0.1532976143,0.002424158848,0.007693233415,0.002482553078,0.003667330289,0.005000000175,4.838782972e-06,2.737806039e-06,72.0514009,245.2021237,0.04084318931,0.8958349744,1.194405896
FP0,100,1,COMPLETED,0.023633536,0.1522695252,0.002508331729,0.007731376655,0.002735843019,0.003674732497,0.005000000199,5.478460039e-06,2.922740592e-06,72.01845717,244.87401,0.04065336209,0.8871868073,1.197101416
FP0,100,1,COMPLETED,0.023796451,0.184434746,0.002504338592,0.007652075096,0.003065721856,0.003682039042,0.005000000232,6.129614153e-06,3.046167976e-06,72.06147677,237.0985615,0.04055896794,0.8768133866,1.198015051
FP0,100,1,COMPLETED,0.023959366,0.125291797,0.002333940087,0.006797793042,0.003427086476,0.003689261519,0.005000000263,6.628712056e-06,3.029449262e-06,72.16164393,245.8959951,0.03831603752,0.9495739226,1.199119258
FP0,100,1,COMPLETED,0.024122281,0.123219497,0.00221411562,0.006547273145,0.003587456814,0.003696695496,0.005000000287,6.949214805e-06,2.863283821e-06,72.14850171,253.0057865,0.03815128212,0.9558925143,1.202677765
FP0,100,1,COMPLETED,0.024285196,0.1412289697,0.002192454771,0.006775632831,0.003656337622,0.003704225289,0.005000000314,7.188244503e-06,2.720762455e-06,72.07131143,264.2119038,0.03859491969,0.9471530054,1.206295312
FP0,100,1,COMPLETED,0.024448111,0.1816530642,0.002170947945,0.007280089029,0.00360047716,0.003711826563,0.005000000343,7.429347107e-06,2.634809113e-06,71.84458989,245.3028443,0.03919514794,0.9496579182,1.206296787
FP0,100,1,COMPLETED,0.024611026,0.2307997278,0.002151083522,0.007907599361,0.003368115717,0.003719636599,0.005000000353,7.618335268e-06,2.434153064e-06,71.86720336,270.6044836,0.03999835151,0.9526143842,1.204410318
FP0,100,1,COMPLETED,0.024773941,0.2688746233,0.002223919097,0.008769306357,0.002917149403,0.003727638108,0.005000000332,7.748853824e-06,2.172129039e-06,71.99488481,276.5682086,0.04108381303,0.9520864197,1.201874642
FP0,100,1,COMPLETED,0.024936856,0.294102944,0.002336965574,0.009624519845,0.002410139767,0.003735593301,0.005000000309,7.983548196e-06,1.996909513e-06,72.16235322,286.1238252,0.04219155498,0.9533668432,1.196905181
FP0,100,1,COMPLETED,0.025099771,0.2950788293,0.002480281128,0.01011647219,0.001933576738,0.003743417024,0.005000000305,8.279477049e-06,1.816413776e-06,72.24467906,304.261701,0.04328123502,0.9348088165,1.207510681
FP0,100,1,COMPLETED,0.025262686,0.2874067274,0.002543603134,0.009603026185,0.001668624488,0.003750923416,0.005000000282,8.520267338e-06,1.072710965e-06,72.2012319,302.8343972,0.04411895679,0.9131073939,1.221115058
FP0,100,1,COMPLETED,0.025425601,0.270893527,0.002557075324,0.009091998198,0.001630852972,0.003758226858,0.005000000255,9.288773609e-06,1.426867798e-07,72.05410843,376.7420804,0.04435672467,0.8973744998,1.22941372
FP0,100,1,COMPLETED,0.025588516,0.2147042206,0.002541857285,0.008492330054,0.001854916252,0.003765375578,0.00500000026,1.010395116e-05,3.423280838e-07,71.82800804,383.7823577,0.0443523757,0.8846071913,1.232269798
FP0,100,1,COMPLETED,0.025751431,0.2435591897,0.002544883426,0.008383220439,0.002383161041,0.003772355784,0.005000000297,1.116116579e-05,7.274252424e-07,71.72922144,371.7983132,0.04497788457,0.8714902901,1.231428621
FP0,100,1,COMPLETED,0.025914346,0.2764903294,0.002587876374,0.008681645928,0.003124330405,0.003779230872,0.005000000343,1.218046271e-05,1.277781832e-06,71.72013879,374.1170699,0.04476764523,0.8587060428,1.227507019
FP0,100,1,COMPLETED,0.026077261,0.1874071475,0.002468892503,0.007563141313,0.003816268815,0.00378614728,0.005000000376,1.299602789e-05,1.584071467e-06,71.91720669,387.2635914,0.04176690504,0.9326153906,1.224236597
FP0,100,1,COMPLETED,0.026240176,0.1828148942,0.002390381547,0.007396146028,0.004251196933,0.003793239305,0.005000000409,1.360850551e-05,1.697543501e-06,71.90432204,385.8258195,0.041450402,0.9377906184,1.224867009
FP0,100,1,COMPLETED,0.026403091,0.2096207256,0.00232105304,0.00799841464,0.004540472275,0.003800448445,0.005000000441,1.408815692e-05,1.716638088e-06,71.71498141,396.9057923,0.0415576198,0.9399465798,1.226944636
FP0,100,1,COMPLETED,0.026566006,0.2411990901,0.002260611247,0.008880930984,0.004656619625,0.003807747019,0.00500000048,1.44859348e-05,1.752221307e-06,71.62819673,370.3937143,0.04135203548,0.9408918092,1.227687985
FP0,100,1,COMPLETED,0.026728921,0.2413465056,0.002182245026,0.009168723945,0.004589502856,0.003815138218,0.00500000053,1.489876075e-05,1.75285205e-06,71.67229165,349.0422674,0.04247810126,0.9425119743,1.226329712
FP0,100,1,COMPLETED,0.026891836,0.2551910118,0.002166706056,0.009470759076,0.004137637655,0.003822748839,0.005000000566,1.522716474e-05,1.541936923e-06,71.65582835,428.1887914,0.04322057711,0.9434484677,1.223613918
FP0,100,1,COMPLETED,0.027054751,0.2817592665,0.002299380679,0.01048020916,0.00348967502,0.003830492382,0.005000000581,1.554996344e-05,1.320730154e-06,72.13583211,440.3526618,0.04521071584,0.9427502292,1.21964134
FP0,100,1,COMPLETED,0.027217666,0.3374450404,0.002486503385,0.01201253562,0.00288673188,0.003838222345,0.005000000583,1.600702461e-05,1.293471659e-06,72.56894399,466.1966805,0.04768088189,0.9193647778,1.219732894
FP0,100,1,COMPLETED,0.027380581,0.4321016968,0.002610897592,0.01356143388,0.002555401651,0.003845806733,0.005000000552,1.649529583e-05,1.356863564e-06,72.62431522,507.4156394,0.04976368297,0.8930311303,1.23878029
FP0,100,1,COMPLETED,0.027543496,0.5720184021,0.00276110116,0.01573823938,0.00247980089,0.00385316381,0.005000000482,1.709133766e-05,1.184578351e-06,72.48417413,567.8521838,0.04945480886,0.870313253,1.249574466
FP0,100,1,COMPLETED,0.027706411,0.4977850443,0.002711137279,0.01451423577,0.002648662448,0.003860299175,0.005000000438,1.798223653e-05,8.57715737e-07,72.2666177,582.5679166,0.05074822365,0.8495887863,1.25194062
FP0,100,1,COMPLETED,0.027869326,0.3353745283,0.00264009556,0.0131444672,0.003282682219,0.003867010867,0.005000000427,1.933569574e-05,1.566125902e-07,72.13485281,557.7547968,0.0511862259,0.8298608886,1.250623358
FP0,100,1,COMPLETED,0.028032241,0.4090026704,0.002691362479,0.0132729486,0.004290633262,0.003873368691,0.005000000466,2.09181181e-05,8.806767567e-07,72.05441546,516.1319491,0.05190785057,0.8134114686,1.24550858
FP0,100,1,COMPLETED,0.028195156,0.3783789231,0.002821125058,0.01293905094,0.005400323224,0.003879627319,0.005000000499,2.229900985e-05,2.029322145e-06,72.20033964,536.4083705,0.05178088246,0.8003689296,1.236787786
FP0,100,1,COMPLETED,0.028358071,0.2479817188,0.002884280615,0.01161819431,0.006121974041,0.003886097708,0.005000000509,2.330660418e-05,2.927533945e-06,72.15072083,486.4614179,0.04733760344,0.9278887765,1.229907051
FP0,100,1,COMPLETED,0.028520986,0.2415349512,0.002840553062,0.01088346349,0.00641895796,0.003892859298,0.005000000531,2.409335225e-05,3.629126829e-06,72.2275727,493.6875319,0.04785162056,0.9328637933,1.227867785
FP0,100,1,COMPLETED,0.028683901,0.2524989176,0.002845925855,0.01122501414,0.006430201235,0.003899899927,0.005000000567,2.469762892e-05,4.213286446e-06,72.36967428,494.0825419,0.04907683459,0.9382732523,1.230235774
FP0,100,1,COMPLETED,0.028846816,0.2936357813,0.002988512868,0.01222814135,0.006307788274,0.003907055012,0.005000000633,2.531088869e-05,4.879102364e-06,72.54373226,486.3927387,0.05010868158,0.9041679585,1.235493834
FP0,100,1,COMPLETED,0.029009731,0.3692363285,0.003067961661,0.01320190624,0.006209831608,0.003914156666,0.005000000682,2.600741981e-05,5.45515086e-06,72.33117203,464.6199391,0.05030324055,0.9117952672,1.238466192
FP0,100,1,COMPLETED,0.029172646,0.364880536,0.00323079557,0.01377233542,0.005931206593,0.003921362886,0.005000000727,2.669146039e-05,5.958421109e-06,72.01153676,555.5887033,0.05357294167,0.9184362109,1.235356177
FP0,100,1,COMPLETED,0.029335561,0.2910768927,0.00359474401,0.01415105854,0.005396271608,0.00392891416,0.005000000806,2.705344869e-05,6.124923632e-06,72.20870414,551.7748444,0.05447571841,0.9211544848,1.230794683
FP0,100,1,COMPLETED,0.029498476,0.3399610726,0.004138252007,0.01571425068,0.004662432501,0.003936688461,0.00500000088,2.742566604e-05,6.273357891e-06,72.91248281,578.3845605,0.05711826539,0.9127860806,1.233757697
FP0,100,1,COMPLETED,0.029661391,0.4885397825,0.004623149933,0.01796000353,0.003980730682,0.003944300513,0.005000000915,2.793047301e-05,6.391443331e-06,72.95080265,629.2700842,0.0601445135,0.8959483389,1.254304306
FP0,100,1,COMPLETED,0.029824306,0.7829897561,0.005417679843,0.02284193809,0.003432456689,0.003951607637,0.005000000884,2.884731438e-05,4.499778929e-06,73.19261881,741.0250688,0.06059731605,0.8748222075,1.264526862
FP0,100,1,COMPLETED,0.029987221,1.216437876,0.006646689465,0.03176056411,0.002923816638,0.003958903376,0.005000000797,2.904918905e-05,2.280296246e-06,73.21101831,786.9749496,0.06300016535,0.8507542724,1.259991559
FP0,100,1,COMPLETED,0.030150136,0.986496349,0.006985772849,0.02921498029,0.002986756079,0.003965860572,0.005000000773,3.027498793e-05,2.404173624e-06,73.22206888,786.2993193,0.06506839261,0.8236050655,1.247646913
FP0,100,1,COMPLETED,0.030313051,0.6536386713,0.006941352322,0.02582644985,0.003840785327,0.003972206727,0.005000000828,3.199379885e-05,3.053674579e-06,72.74750369,751.6321452,0.06691685861,0.7984791871,1.253793172
FP0,100,1,COMPLETED,0.030475966,0.5515210263,0.006780503254,0.02395138959,0.005089893556,0.003978155064,0.005000000834,3.374068465e-05,3.756343594e-06,72.30637179,713.2171689,0.06800975542,0.781221766,1.259122978
FP0,100,1,COMPLETED,0.030638881,0.523993534,0.006586864643,0.02205369528,0.006283575382,0.003984013122,0.005000000825,3.509704011e-05,4.181611547e-06,72.41771284,685.5661049,0.06750256597,0.7692876675,1.259041413
FP0,100,1,COMPLETED,0.030801796,0.3622082359,0.00628522213,0.01944514512,0.007177947181,0.003990025508,0.00500000082,3.613102273e-05,4.280163134e-06,72.0637151,674.9631696,0.06330076968,0.8013865621,1.264471099
FP0,100,1,COMPLETED,0.030964711,0.3581160992,0.006027118467,0.01765494589,0.007890220924,0.003996247979,0.005000000993,3.711449498e-05,4.355501072e-06,71.87944465,674.8450608,0.06511465648,0.7929805674,1.282934095
FP0,100,1,COMPLETED,0.031127626,0.3593542989,0.005891011289,0.01737941878,0.008403729441,0.004002709625,0.005000001164,3.813761748e-05,4.644484183e-06,71.85466714,734.927297,0.07804059425,0.7810550352,1.445539443
FP0,100,1,COMPLETED,0.031290541,0.3440764991,0.006004099648,0.01985173505,0.008814742797,0.004009332337,0.005000001419,3.915483619e-05,4.989513429e-06,72.07059081,760.7411716,0.08132789968,0.7704069793,1.462915554
FP0,100,1,COMPLETED,0.031453456,0.5213198647,0.006069037216,0.02291260777,0.009264146951,0.004016020983,0.005000001576,4.010409576e-05,5.123148861e-06,71.60225781,748.7843376,0.082994732,0.7592542828,1.473291589
FP0,100,1,COMPLETED,0.031616371,0.6619758799,0.005991837692,0.02527346742,0.009555684226,0.004023194864,0.005000001737,4.086216449e-05,4.991864211e-06,70.93935085,759.7725845,0.08469702606,0.7408646656,1.475592427
FP0,100,1,COMPLETED,0.031779286,0.6548150442,0.005879026134,0.02602058896,0.009222197987,0.004031098169,0.005000002023,4.105086942e-05,4.21967757e-06,71.77368117,754.5531317,0.08705983649,0.7058323764,1.48346314
FP0,100,1,COMPLETED,0.031942201,0.6283067872,0.005795175304,0.02648353621,0.00878787671,0.004039241801,0.005000002241,4.142384641e-05,3.4629926e-06,71.95635716,782.8097235,0.09337729774,0.6659839616,1.493025775
FP0,100,1,COMPLETED,0.032105116,0.5530697613,0.005629381131,0.02638135707,0.008912349148,0.004046813152,0.005000002238,4.185173401e-05,2.685658923e-06,71.41823682,861.4039528,0.101373239,0.6395829882,1.49126226
FP0,100,1,COMPLETED,0.032268031,0.8385707296,0.005868523757,0.0280123535,0.009075450709,0.00405432116,0.005000002166,4.226709307e-05,4.338770477e-06,70.72504453,906.4013091,0.109692861,0.6290664203,1.486099628
FP0,100,1,COMPLETED,0.032430946,1.281853052,0.00672772164,0.03560855317,0.009258336969,0.004061849344,0.005000002145,4.246825598e-05,5.175138151e-06,69.74816999,941.9518349,0.1147059512,0.6356882549,1.470841837
FP0,100,1,COMPLETED,0.032593861,1.067625726,0.007058311094,0.0324475789,0.009761166621,0.00406922832,0.005000002175,4.305857027e-05,5.439244038e-06,70.14751777,967.2583724,0.1095223846,0.6442956516,1.440434409
FP0,100,1,COMPLETED,0.032756776,0.6551897634,0.007245003392,0.02888340849,0.01128933006,0.004076227348,0.005000002692,4.401979916e-05,4.372219686e-06,70.43057886,951.0819951,0.1113016752,0.6477225387,1.426880166
FP0,100,1,COMPLETED,0.032919691,0.7209696321,0.007207886959,0.02847869996,0.01388993612,0.004082372171,0.005000003208,4.547399253e-05,2.455180332e-06,70.87465158,891.2597951,0.1130542351,0.6428124747,1.436875199
FP0,100,1,COMPLETED,0.033082606,0.653159203,0.006868699447,0.02593819296,0.01627103416,0.004088183108,0.005000003566,4.715582738e-05,8.833290359e-07,70.89708419,894.0059529,0.1142546393,0.632171571,1.462258114
FP0,100,1,COMPLETED,0.033245521,0.4028733916,0.006472669245,0.02188789753,0.01775354983,0.004094348274,0.005000003851,4.831838379e-05,1.255156282e-07,70.78837913,1034.381466,0.1358616208,0.6262418492,1.64070621
FP0,100,1,COMPLETED,0.033408436,0.4097209962,0.006353858401,0.02299251777,0.01877724113,0.004100711078,0.005000004128,4.92540722e-05,2.031922554e-07,70.16608709,1077.011468,0.1405799442,0.6233996009,1.644233959
FP0,100,1,COMPLETED,0.033571351,0.5260425007,0.006653936096,0.02675699625,0.01970453165,0.004107290304,0.005000004537,5.010520782e-05,1.968956724e-07,69.3577851,1072.642601,0.1440845157,0.6182652804,1.654711907
FP0,100,1,COMPLETED,0.033734266,0.5936902435,0.007243528919,0.0309495105,0.02015703669,0.004113967746,0.005000003351,5.094498093e-05,1.709808133e-07,68.51138431,989.3109322,0.1330873059,0.6185465505,1.643764784
FP0,100,1,COMPLETED,0.033897181,0.560852081,0.007342304981,0.03072859238,0.02018734416,0.004120883399,0.00500000554,5.171007037e-05,4.566442835e-07,67.89941419,957.754579,0.138902483,0.6111601807,1.671245803
FP0,100,1,COMPLETED,0.034060096,0.5785728881,0.007318874388,0.03057429804,0.01972877477,0.004128684465,0.005000005764,5.232387024e-05,2.303541887e-07,67.53278419,947.8908598,0.1466112271,0.5935953008,1.706125007
FP0,100,1,COMPLETED,0.034223011,0.6921488094,0.007547135476,0.03364369728,0.0196970787,0.004136666292,0.005000005509,5.270078519e-05,5.610021987e-07,67.63910392,931.1607266,0.1413818837,0.5752594105,1.705793761
FP0,100,1,COMPLETED,0.034385926,0.8147745886,0.008045178763,0.03672447826,0.01989936555,0.004144401894,0.005000005504,5.316234105e-05,2.60442959e-06,67.84819312,882.9762465,0.1441734767,0.5611640086,1.698997717
FP0,100,1,COMPLETED,0.034548841,1.279383533,0.008677465925,0.04340688321,0.02025478551,0.004151851123,0.00500000545,5.288624862e-05,5.032131895e-06,68.04078809,946.9223525,0.1576859827,0.5474798737,1.676704582
FP0,100,1,COMPLETED,0.034711756,1.495815552,0.009400160821,0.04828363254,0.02071143436,0.004158955571,0.005000005458,5.376787222e-05,3.593252195e-06,68.17898643,966.5855682,0.1624605436,0.5420745806,1.630034686
FP0,100,1,COMPLETED,0.034874671,1.281301097,0.00962550516,0.04519039157,0.02144602866,0.004165243661,0.005000005803,5.544521628e-05,1.501327448e-06,68.15784508,971.6442547,0.1741014588,0.5282024997,1.85233372
FP0,100,1,COMPLETED,0.035037586,0.9256034769,0.00939628811,0.03911480351,0.02227460734,0.004170876866,0.005000006665,5.768958242e-05,1.281709014e-06,67.5461573,966.1981885,0.1906794996,0.4920996626,2.07022781
FP0,100,1,COMPLETED,0.035200501,0.5871560017,0.008742007672,0.03295586023,0.02302669163,0.004176214046,0.005000008313,6.021520358e-05,4.618846425e-06,65.97067715,990.889711,0.2059663184,0.4448398472,2.217440107
FP0,100,1,COMPLETED,0.035363416,0.4190223053,0.008150000544,0.02771609677,0.02356501364,0.004181257125,0.005000009165,6.284748494e-05,8.64273253e-06,64.88044284,1001.917296,0.2144989367,0.414463504,2.38892589
FP0,100,1,COMPLETED,0.035526331,0.5573101344,0.007927061478,0.02481174395,0.02401107908,0.004185722496,0.005000009157,6.567360278e-05,1.323277189e-05,63.97045109,911.5957648,0.2295549364,0.390197314,2.539462146
FP0,100,1,COMPLETED,0.035689246,0.9879386914,0.008223196846,0.03006803536,0.02452941953,0.004189659686,0.005000006111,6.908456808e-05,1.8106073e-05,63.55997666,1039.988238,0.2479958134,0.3606154066,2.746086433
FP0,100,1,COMPLETED,0.035852161,1.192984533,0.008630949391,0.03512762652,0.02537656981,0.004193197695,0.005000003264,7.315759586e-05,2.319747758e-05,63.06425064,998.2020698,0.287465856,0.3598819159,3.228669461
FP0,100,1,COMPLETED,0.036015076,1.075386515,0.009019030385,0.03472213076,0.02621865206,0.004196270417,0.005000001645,7.756310673e-05,2.875271566e-05,62.29101968,1016.303554,0.3772355985,0.4210128222,4.184882111
FP0,100,1,COMPLETED,0.036177991,0.6248705532,0.009122503231,0.02682266386,0.02773352778,0.004198264172,0.004999997146,9.095249624e-05,4.433373786e-05,60.30870129,1332.562623,1.046008862,0.4893429463,8.113080011
FP0,100,1,COMPLETED,0.036340906,0.5569939751,0.009589974151,0.02621286678,0.02881780659,0.004200247729,0.005000013848,9.506611748e-05,5.100132448e-05,59.19147001,1388.603225,1.098586982,0.4722354259,8.224387248
FP0,100,1,COMPLETED,0.036503821,0.6976035523,0.01035844524,0.02787831325,0.02999769649,0.004201765111,0.004999997758,0.000100329297,5.137377256e-05,59.22106594,1411.307821,1.125083769,0.3946893107,8.177688142
FP0,100,1,COMPLETED,0.036666736,0.5658188961,0.01120124545,0.02708364848,0.033462163,0.00420034682,0.004999134114,0.0001284282069,8.178555199e-05,56.58197199,1280.606483,1.269625073,0.2171526473,8.31148966
FP0,100,1,COMPLETED,0.036829651,0.8296751791,0.0125056952,0.02969025732,0.03453905872,0.004200093711,0.00499897375,0.0001341275874,8.976894971e-05,54.83183915,1465.873599,1.302358225,0.1437235629,8.50025391
FP0,100,1,COMPLETED,0.036992566,0.90549305,0.0139943681,0.03276727406,0.03375753056,0.004200553524,0.004999277095,0.000131016437,8.789337453e-05,54.29835288,1525.250739,1.236876209,0.1397195843,8.416661148
FP0,100,1,COMPLETED,0.037155481,0.7854055026,0.01570413632,0.03450854724,0.03347156703,0.004199437226,0.005000279046,0.0001469052642,0.0001031991194,50.51331696,1828.589535,1.272938346,0.07887670225,8.315069462
FP0,100,1,COMPLETED,0.037318396,0.7617978082,0.01801734164,0.03749851809,0.03207519557,0.004198209937,0.005002138688,0.0001533038612,0.000112149839,49.77036228,1867.0558,1.273405757,0.1180376481,8.028336504
FP0,100,1,COMPLETED,0.037481311,1.063866413,0.02031436317,0.04348587266,0.02929195746,0.004197297043,0.005003660725,0.0001602751094,0.0001215827086,50.98964977,1798.517264,1.301011503,0.188297001,8.189318816
FP0,100,1,COMPLETED,0.037644226,0.7952422735,0.02123573092,0.04386085918,0.0212708414,0.004200593394,0.005003297976,0.000164689365,0.0001292809114,45.63911855,2730.51682,1.225585775,0.3492972462,8.716350464
FP0,100,1,COMPLETED,0.037807141,0.8803785839,0.02222450952,0.04719684544,0.01446889308,0.004201293206,0.005003782795,0.0001697813031,0.0001364920178,48.28368995,3851.428156,1.300387682,0.5709370093,9.906680021
FP0,100,1,COMPLETED,0.037970056,1.67767807,0.02435467767,0.05774731008,0.01041414975,0.004198345638,0.005004564174,0.0001811065831,0.0001480252434,54.68196356,3340.98218,1.284043912,0.4757193614,9.906590526
FP0,100,1,COMPLETED,0.038132971,0.8325136599,0.02464901243,0.0508294196,0.008236497752,0.004193435617,0.005004649647,0.0001943075663,0.0001632436608,49.04947127,2092.509286,1.273412021,0.2678717058,9.360981327
FP0,100,1,COMPLETED,0.038295886,0.9041794455,0.02487407202,0.05001736811,0.00777559106,0.004186544432,0.005003298354,0.0002123984392,0.0001801832846,47.66806784,2533.271839,1.264798018,0.5615247984,9.333650788
FP0,100,1,COMPLETED,0.038458801,1.567977005,0.02531991998,0.0565760001,0.006551384819,0.004179729741,0.004999339395,0.0002248589165,0.0001928128306,46.22244723,2645.917066,1.27560193,0.5474965713,9.380499
FP0,100,1,COMPLETED,0.038621716,2.900959959,0.02728727014,0.07712356148,0.006348575496,0.004171147135,0.004995414961,0.0002303757515,0.0001973774047,51.9959029,2932.230804,1.301423433,0.4283440598,9.386207339
FP0,100,1,COMPLETED,0.038784631,3.685906241,0.02794308381,0.08148526911,0.005319529718,0.004163337927,0.00499239381,0.0002374533374,0.0002033307869,51.22768178,2659.420611,1.284352033,0.3554280886,9.083927424
FP0,100,1,COMPLETED,0.038947546,2.75333666,0.02943173162,0.08065234567,0.005388046851,0.004154076712,0.004990531088,0.0002473292666,0.0002142516247,50.07840577,2429.897505,1.255674463,0.3674951791,7.943392158
FP0,100,1,COMPLETED,0.039110461,1.178273968,0.03016281166,0.06303005294,0.005310313262,0.004144433579,0.004989912336,0.0002565665419,0.0002221927073,46.58968671,2320.572659,1.375377039,0.4244868888,7.735244889
FP0,100,1,COMPLETED,0.039273376,1.031701209,0.03138299434,0.06375365472,0.004853040679,0.004133638957,0.004989116773,0.0002798015296,0.0002438134105,57.60337517,2448.846839,1.478971487,0.4874411804,8.440829218
FP0,100,1,COMPLETED,0.039436291,1.640303992,0.03243846023,0.0666579286,0.005652131876,0.004120539212,0.004987664385,0.0002900796736,0.0002532345294,66.98106714,2414.454469,1.44869306,0.4180951648,9.899880425
FP0,100,1,COMPLETED,0.039599206,3.69092811,0.03408809877,0.08991685596,0.007944817332,0.004106689881,0.00498921165,0.0003090678099,0.0002732285426,53.53939015,3605.345608,1.762982706,0.4504634265,10.79114415
FP0,100,1,COMPLETED,0.039762121,1.231627404,0.03361251015,0.07068834559,0.0128634948,0.004089943725,0.004991666332,0.0003347058304,0.0002929296096,54.75191445,3234.548385,1.810008963,0.3663856391,10.90395226
FP0,100,1,COMPLETED,0.039925036,2.15659779,0.03518134405,0.07738421965,0.01450971611,0.00407542908,0.004992893808,0.0003489140815,0.0003255203789,51.45651795,3825.077987,1.784455209,0.2716571358,10.35659577
FP0,100,1,COMPLETED,0.040087951,1.748053294,0.03610028201,0.0803352267,0.00540569223,0.0040697878,0.004995037779,0.0003596764451,0.0003355340686,61.27570903,3929.301037,1.695390927,0.4134068728,10.45019994
FP0,100,1,COMPLETED,0.040250866,2.128235413,0.03827860656,0.09136942215,0.003695026111,0.004063514875,0.004998590198,0.0003643465759,0.0003334487797,47.3444981,4403.976676,1.587811448,0.5983999689,10.14127859
FP0,100,1,COMPLETED,0.040413781,1.376804848,0.03616142341,0.07765419611,0.00876263119,0.004054131091,0.005001239097,0.0003626668945,0.0003238872346,57.06147276,4370.853626,1.648988733,0.5668923483,9.946277049
FP0,100,1,COMPLETED,0.040576696,1.50753208,0.03659436123,0.07884168689,0.01096115466,0.004042140419,0.005002672912,0.0003852768696,0.0003423047262,67.86960836,4624.45233,1.65742396,0.4757087877,10.22797874
FP0,100,1,COMPLETED,0.040739611,2.082327347,0.039638793,0.09258686702,0.01717820738,0.004032438378,0.005002697232,0.0003988240118,0.0003568248967,69.5232424,6385.087459,1.643690988,0.421013025,10.59840936
FP0,100,1,COMPLETED,0.040902526,2.303107573,0.04157579458,0.0953519875,0.02603672938,0.004023934469,0.005004300927,0.0004107955978,0.0003575100815,34.23520682,4199.902234,1.597952085,0.559975525,10.01179687
FP0,100,1,COMPLETED,0.041065441,1.916374233,0.04259188357,0.1025271308,0.03503440083,0.004014023773,0.00500490707,0.000408221858,0.000342387611,72.89323985,3889.818511,1.583339525,0.2840300091,8.957230347
FP0,100,1,COMPLETED,0.041228356,2.089335541,0.04321839646,0.1031341867,0.04207584075,0.004003954139,0.005004238387,0.0004110759955,0.0003330815188,85.75452357,4273.700158,1.619678099,0.2742313061,8.538100481
FP0,100,1,COMPLETED,0.041391271,2.223497177,0.04214016613,0.09766774747,0.04697857807,0.00399147938,0.005004445567,0.0004186286605,0.0003655593912,88.60159198,2672.50334,1.697538276,0.412515843,8.83579419
FP0,100,1,COMPLETED,0.041554186,2.093647785,0.04195914434,0.09304060435,0.04568408719,0.003975553825,0.005006009781,0.0004293265007,0.0003681786431,114.7232085,2655.232748,1.701680102,0.3575954957,9.074511324
FP0,100,1,COMPLETED,0.041717101,2.021289941,0.04064343935,0.08946804678,0.04369003325,0.003960800997,0.005005839626,0.0004412871019,0.0003716453467,109.2708304,2445.116787,1.777699151,0.5544546682,9.435356743
FP0,100,1,COMPLETED,0.041880016,1.084932895,0.03919672181,0.08278767036,0.03989388615,0.003945987356,0.005001574403,0.000484055245,0.0004311519691,111.0688333,3604.818501,1.902792166,0.1152507721,10.09509821
FP0,100,1,COMPLETED,0.042042931,2.241464026,0.03885811372,0.08592347256,0.03643480202,0.003932469746,0.00499925176,0.0004597993876,0.0003900241749,89.93106718,3347.04716,2.045198946,0.2951554834,10.56475227
FP0,100,1,COMPLETED,0.042205846,2.647005215,0.03885432058,0.08875837795,0.03497756251,0.003921973947,0.004997231528,0.0004828807679,0.0003963705667,86.99884616,2876.081608,2.22703155,0.1306460544,12.25375733
FP0,100,1,COMPLETED,0.042368761,2.015411795,0.03861555461,0.08742766821,0.03813849644,0.003914511332,0.004991165474,0.0004886305435,0.000419648402,110.5853957,2793.763796,2.309893245,0.1725097917,12.63706481
FP0,100,1,COMPLETED,0.042531676,2.672848217,0.04080959598,0.1041757444,0.04307234824,0.003911478533,0.004988998197,0.0005003080805,0.0004154268648,126.8699137,2859.049765,2.247926989,0.242794694,12.71075183
FP0,100,1,COMPLETED,0.042694591,2.877750315,0.0403230602,0.10695046,0.04744418659,0.003911476862,0.004986675568,0.000510391195,0.0004051399521,151.6130904,3572.221577,2.16929929,0.0574825838,13.15390966
FP0,100,1,COMPLETED,0.042857506,1.926206391,0.04025676378,0.1023947637,0.05047317506,0.003913205465,0.004983768108,0.0005020960762,0.0004283602038,87.83977283,2964.64999,1.911432541,0.2067661737,11.55332062
FP0,100,1,COMPLETED,0.043020421,1.561857808,0.03702077927,0.09109376816,0.04891629479,0.003913646409,0.004979324272,0.0005134474922,0.0004473365909,70.06775233,3148.538484,1.841139851,0.3347587253,10.96016479
FP0,100,1,COMPLETED,0.043183336,2.965473,0.03447549598,0.0969619624,0.05433195267,0.003920955498,0.004976309049,0.0004985371584,0.0004304471836,80.31608307,2531.007108,1.714884743,0.4721469532,9.852589313
FP0,100,1,COMPLETED,0.043346251,1.49505303,0.03257942959,0.08196805686,0.06443389958,0.003929940351,0.004966711607,0.0005012173572,0.0004606271799,72.91367544,2790.069379,1.540679774,0.6178561013,9.024862509
FP0,100,1,COMPLETED,0.043509166,1.917499756,0.03287847627,0.08577962504,0.07046240969,0.003938914298,0.004959076706,0.0005413718095,0.0004984744829,79.41743412,3365.421705,1.406947417,0.6726738172,7.780747778
FP0,100,1,COMPLETED,0.043672081,2.943034355,0.0321843326,0.09799459859,0.07862341894,0.003949381484,0.004950616433,0.0005430682653,0.0004757835726,96.18076352,3436.873934,1.3903244,0.7415810364,7.947145244
FP0,100,1,COMPLETED,0.043834996,1.636559448,0.03357283986,0.09832702626,0.08572719939,0.003962399321,0.004943936023,0.0005561304977,0.0004558961623,98.4139037,2630.065486,1.403731209,0.7507974344,9.124575271
FP0,100,1,COMPLETED,0.043997911,3.2644303,0.03347133563,0.1101771271,0.08918953163,0.003974075179,0.004933407884,0.000547716737,0.0003842768855,93.02528909,2807.700709,1.214439624,0.7538866454,7.599312074
FP0,100,1,COMPLETED,0.044160826,3.192990195,0.03289380034,0.1125347469,0.08508821796,0.003981474828,0.004919994954,0.0005605491267,0.0004189111185,90.70014108,2982.399713,1.205205313,0.6491647197,7.377210545
FP0,100,1,COMPLETED,0.044323741,2.572873819,0.03302348848,0.108242736,0.07976511282,0.003988549172,0.004907704784,0.0005533195416,0.0003850204795,93.74800645,3161.17096,1.177925548,0.4256362328,7.205363611
FP0,100,1,COMPLETED,0.044486656,2.83958208,0.03386682272,0.1086370065,0.07618757606,0.003998550522,0.004895896079,0.0005664238341,0.0003943282824,108.922524,3208.877405,1.269384401,0.4070114148,7.257630361
FP0,100,1,COMPLETED,0.044649571,2.34999464,0.03289934148,0.1000636207,0.06572362269,0.004005973609,0.004879610976,0.0005587969998,0.0004139262418,83.18050605,3357.840051,1.375104471,0.2598608525,8.117011032
FP0,100,1,COMPLETED,0.044812486,2.785164558,0.03513251892,0.1143490134,0.04955782044,0.004011347357,0.004861299333,0.000572250561,0.0004294184277,84.46962477,3260.410912,1.528978941,0.3517455001,8.517418695
FP0,100,1,COMPLETED,0.044975401,2.308160789,0.0366914388,0.1008883147,0.03183911075,0.004018732156,0.004841381432,0.0005872941466,0.0004468064843,53.21106309,3949.700263,1.696524347,0.1583763071,8.259158499
FP0,100,1,COMPLETED,0.045138316,1.659991568,0.03785748015,0.09607469628,0.02855683227,0.00403975622,0.00482938546,0.0005903466513,0.0004401412404,68.00396422,3668.998625,1.789835461,0.3107444168,8.092666698
FP0,100,1,COMPLETED,0.045301231,1.863322093,0.04153755245,0.1025634346,0.0219498362,0.004060768204,0.004816718284,0.0006026183241,0.0004505785272,53.4824631,3991.337078,1.774835408,0.3523739784,8.794880537
FP0,100,1,COMPLETED,0.045464146,2.288846813,0.04551764053,0.1125522734,0.01402098245,0.004080074652,0.004797595348,0.0005969639221,0.000430585333,74.77670856,5051.796447,1.722191625,0.3720151219,9.088063617
FP0,100,1,COMPLETED,0.045627061,2.93449351,0.05375970811,0.1283186328,0.003030549918,0.004094612223,0.004777900886,0.0006249852506,0.000416759452,159.3490827,5710.034816,1.71202539,0.3692858272,8.745653645
FP0,100,1,COMPLETED,0.045789976,3.500286056,0.07016675413,0.1569103016,0.02324927273,0.00411149265,0.004757903414,0.0006266800455,0.000444931577,130.0797147,5052.868745,1.797656768,0.3559630248,9.079881181
FP0,100,1,COMPLETED,0.045952891,2.69728878,0.07915429392,0.1584098316,0.01687449606,0.004151697046,0.004738019246,0.0006178467854,0.0004462568519,79.74694259,4785.456445,1.726844746,0.2637483114,10.05166954
FP0,100,1,COMPLETED,0.046115806,4.151580788,0.08261854131,0.163657384,0.01803286454,0.004188556076,0.004713558653,0.0006560766025,0.0004860346373,78.92566033,5340.93736,1.788144762,0.2065376408,10.57764151
FP0,100,1,COMPLETED,0.046278721,4.346875854,0.09020294316,0.1921073631,0.01163847893,0.004232878256,0.004686556981,0.0006707924461,0.0005229652418,68.73197035,5320.914373,1.815171813,0.24098566,12.01272751
FP0,100,1,COMPLETED,0.046441636,3.25835821,0.09570220778,0.1848655773,0.01769023939,0.00426944125,0.004661475667,0.0006735143351,0.0005252194762,93.21301537,5832.888467,1.894774677,0.299569048,11.95254562
FP0,100,1,COMPLETED,0.046604551,4.316850301,0.09789531061,0.1847336082,0.02948782245,0.004310603124,0.004637552709,0.0006439513288,0.0004889608662,156.052963,5459.051836,1.89450664,0.2767723366,12.51607722
FP0,100,1,COMPLETED,0.046767466,4.813598734,0.1023128077,0.2014941318,0.05146899103,0.004348661628,0.00461509774,0.0006601040145,0.0005045114299,159.6338801,5223.000719,1.95294166,0.3180399994,11.07344757
FP0,100,1,COMPLETED,0.046930381,3.63722321,0.1242928679,0.2271121184,0.08137870693,0.004382092211,0.004585778297,0.0006398493149,0.000567571465,252.041177,5118.412642,2.046173483,0.4692775833,11.99687892
FP0,100,1,COMPLETED,0.047093296,3.308025333,0.1404951679,0.2541216315,0.1175608033,0.004429756721,0.004570862983,0.0006324657432,0.0005565985796,139.8929282,4650.920049,2.105189605,0.06587048901,10.73826498
FP0,100,1,COMPLETED,0.047256211,3.308052497,0.1547366584,0.2680866817,0.154549708,0.004479585296,0.004543347987,0.0006545933934,0.0005841315229,152.5765403,4879.333694,2.278722033,0.03179141305,12.86802604
FP0,100,1,COMPLETED,0.047419126,4.075575495,0.1689953021,0.2859019332,0.2029763572,0.004529200027,0.004503097296,0.0006897480923,0.0006012026325,136.353216,4755.057289,2.566877662,0.1441063957,16.14964058
FP0,100,1,COMPLETED,0.047582041,3.235082331,0.1930080581,0.3024518701,0.2209278122,0.004604303634,0.004461901786,0.0007066839524,0.000557096415,91.77619471,4205.543464,2.499379905,0.1723441073,16.22943833
FP0,100,1,COMPLETED,0.047744956,3.133526872,0.2045277153,0.3075234481,0.2428990883,0.004685778499,0.004423089753,0.0007300887171,0.000507532864,50.26755228,4167.29737,2.504886895,0.06894292582,15.54882303
FP0,100,1,COMPLETED,0.047907871,3.005928715,0.2179871557,0.3158970291,0.2641960971,0.004777187716,0.004387245331,0.0007472119066,0.0004186764566,11.29465927,4663.300486,2.58191256,0.1000542789,14.562569
FP0,100,1,COMPLETED,0.048070786,4.771979019,0.2251452047,0.3261734751,0.2750278079,0.004871720278,0.004340032,0.0007608132617,0.0003501171596,-0.7478632523,4436.627254,2.371869,0.06319074566,14.61441791
FP0,100,1,COMPLETED,0.048233701,2.871384329,0.2306631903,0.3269412717,0.2798690792,0.004968323404,0.004293485506,0.0007805365697,0.000352398856,-18.16974597,5123.087573,2.248300456,0.07012799727,13.40596322
FP0,100,1,COMPLETED,0.048396616,4.075682554,0.2338850031,0.3338404171,0.2750623208,0.005068890931,0.004243079378,0.0007901744989,0.0003875361379,-19.11857909,6580.04316,2.322024953,0.05669731829,15.16175871
FP0,100,1,COMPLETED,0.048559531,4.661108134,0.2334802023,0.3296497013,0.2998353271,0.005160051789,0.004177335356,0.0007925514186,0.0002802400446,-22.00621897,6141.329693,2.358675443,0.1002330472,16.86311096
FP0,100,1,COMPLETED,0.048722446,3.015184621,0.2394953284,0.3314384435,0.308445641,0.005265842968,0.004120971837,0.0008605381381,0.0002311234749,-14.70484549,5728.621333,2.327446351,0.0723308335,12.87924715
FP0,100,1,COMPLETED,0.048885361,2.721427391,0.2383975296,0.3233122445,0.32307178,0.005376631964,0.004073392188,0.0008632161361,0.000166225914,-6.510283448,4353.697315,2.259048917,0.03237148852,13.3689591
FP0,100,1,COMPLETED,0.049048276,2.187757667,0.2355656405,0.3147364064,0.3487973056,0.005471215005,0.00401975909,0.0008962658926,1.372572435e-05,-1.6192416,5148.875707,2.545749039,0.0848653056,14.04268067
FP0,100,1,COMPLETED,0.049211191,4.397243301,0.2339588684,0.3151486285,0.3810024592,0.005563215539,0.003954218406,0.000936797424,1.128423878e-05,9.109245716,4654.98327,2.720084746,0.04679293198,15.49092169
FP0,100,1,COMPLETED,0.049374106,5.155532914,0.2380657927,0.3269649545,0.4037663033,0.005658648818,0.003887344759,0.0009736718142,0.0001433943608,22.16963776,5994.41233,2.884557728,0.06494967494,16.69177373
FP0,100,1,COMPLETED,0.049537021,3.37014152,0.2268836987,0.3107567826,0.4062505496,0.005761969057,0.003830520995,0.00103172993,0.0003184426478,32.21156382,5907.752698,2.679706461,0.06983168868,14.38850119
FP0,100,1,COMPLETED,0.049699936,3.438897351,0.2245049338,0.307080207,0.4022055197,0.005858891738,0.003783549899,0.001018969657,0.0001877255316,18.22570569,5042.713566,3.100761609,0.1778852397,16.20243142
FP0,100,1,COMPLETED,0.049862851,4.636438614,0.2264288087,0.3292042467,0.3941578032,0.005960622081,0.003737964269,0.001059995579,0.0002222287212,25.9811547,6508.932471,3.582576666,0.1399104308,18.46559492
FP0,100,1,COMPLETED,0.050004044,4.353469932,0.2237445026,0.3171597592,0.3888717394,0.006039467283,0.003693274218,0.001091969143,0.0002304692111,20.85524893,7389.470177,2.907160079,0.1592751084,14.30160744
HL0,100,1,COMPLETED,1.0861e-05,0.05015733634,1.264961924e-06,7.533169866e-06,6.560719787e-07,0.002500535835,0.005,4.358308746e-07,1.147677197e-10,72.7816978,2.066599736,0.00163163639,0.9966340719,0.9999820187
HL0,100,1,COMPLETED,0.000173776,0.05027163505,9.662173122e-06,3.25290357e-05,3.552775639e-05,0.002508588334,0.005,3.951218912e-07,2.926148054e-08,72.77197018,1.92736642,0.001575789797,0.9966501823,1.000049858
HL0,100,1,COMPLETED,0.000336691,0.05044369819,1.518137249e-05,4.871401384e-05,6.443243885e-05,0.002516686529,0.005,3.493886425e-07,6.412957588e-08,72.77507766,1.659241673,0.001597691795,0.9966252706,1.000173
HL0,100,1,COMPLETED,0.000499606,0.05062081881,1.974699262e-05,6.227733931e-05,0.0001149779159,0.002524855588,0.005,3.952467365e-07,2.402427023e-08,72.77257615,1.257161175,0.001623707897,0.9965751942,1.000321114
HL0,100,1,COMPLETED,0.000662521,0.050707641,2.256131551e-05,6.9891989e-05,0.0001342924934,0.002533019822,0.005,3.865745915e-07,4.027221427e-08,72.77514651,0.8395249213,0.001671212915,0.9964993329,1.000478421
HL0,100,1,COMPLETED,0.000825436,0.05071023095,2.254952364e-05,6.866168801e-05,0.0001525043841,0.002541176783,0.005,3.710632757e-07,3.5353275e-08,72.76956161,0.6680058389,0.001675507884,0.9963220919,1.000634457
HL0,100,1,COMPLETED,0.000988351,0.05063490586,2.042905286e-05,6.107031127e-05,0.000144526418,0.00254932484,0.005,3.107873775e-07,1.135737884e-08,72.76476109,0.9291611442,0.001701539254,0.9961449863,1.000779916
HL0,100,1,COMPLETED,0.001151266,0.05049137614,1.641254666e-05,4.79204084e-05,0.0001483235779,0.002557466565,0.005,3.968101337e-07,5.549225397e-08,72.76833341,1.317563374,0.001727517657,0.9959869058,1.000899234
HL0,100,1,COMPLETED,0.001314181,0.05030107997,1.133793063e-05,3.219533191e-05,0.000126003629,0.002565622156,0.005,3.779470656e-07,4.376579491e-08,72.77347835,1.607488346,0.001769926482,0.9958651739,1.000984523
HL0,100,1,COMPLETED,0.001477096,0.05014376191,6.954704801e-06,2.111138873e-05,0.0001102593768,0.002573790387,0.005,4.301155353e-07,4.232986756e-08,72.76839946,1.762922315,0.00176055236,0.9957853673,1.001025061
HL0,100,1,COMPLETED,0.001640011,0.05029079062,6.804167783e-06,2.712496627e-05,5.965497496e-05,0.002581957818,0.005,3.739948118e-07,5.670819561e-08,72.76859083,1.76178355,0.001758559397,0.9957503879,1.00103196
HL0,100,1,COMPLETED,0.001802926,0.05051575672,1.092666201e-05,4.184656e-05,2.798670948e-05,0.002590074764,0.005,4.262074136e-07,3.515528831e-08,72.76770045,1.711228849,0.001735241195,0.9957419251,1.000993219
HL0,100,1,COMPLETED,0.001965841,0.05071647437,1.614993976e-05,5.809868154e-05,6.831553764e-06,0.002598130109,0.005,4.57852417e-07,1.23872441e-09,72.77601125,1.422634373,0.001791241224,0.9957155795,1.001320906
HL0,100,1,COMPLETED,0.002128756,0.05087294451,1.983671922e-05,6.82938907e-05,1.215019238e-05,0.002606171384,0.005,4.323262389e-07,1.530386734e-08,72.77299271,1.167487205,0.001673546742,0.9963466698,1.001294642
HL0,100,1,COMPLETED,0.002291671,0.05075151543,2.086450634e-05,6.917679447e-05,5.200816133e-05,0.002614239092,0.005,3.682280154e-07,6.791352265e-08,72.77680485,1.027687349,0.001649140508,0.9965107432,1.001307736
HL0,100,1,COMPLETED,0.002454586,0.0505569154,2.017320758e-05,6.489477745e-05,0.0001060424531,0.002622405836,0.005,3.947511483e-07,1.281891129e-09,72.77260784,1.008379614,0.001629229018,0.9965486074,1.001240942
HL0,100,1,COMPLETED,0.002617501,0.05051154457,1.791853899e-05,5.588766233e-05,0.0001509461214,0.002630564854,0.005,4.373818442e-07,4.472173385e-08,72.77895201,1.144745646,0.001611963391,0.99649992,1.001168397
HL0,100,1,COMPLETED,0.002780416,0.05043214677,1.452533163e-05,4.363269475e-05,0.0001720409225,0.00263872716,0.005,4.25411899e-07,4.392374539e-09,72.77717558,1.388469177,0.0015894307,0.9968108446,1.001103839
HL0,100,1,COMPLETED,0.002943331,0.05030895881,1.027813073e-05,2.99849201e-05,0.0001711747045,0.002646884927,0.005,4.339507283e-07,1.419870453e-08,72.7733546,1.561051978,0.001589355232,0.9967760194,1.001075695
HL0,100,1,COMPLETED,0.003106246,0.05017825014,7.833603546e-06,2.287787906e-05,0.0001765773872,0.002655012491,0.005,4.807272915e-07,6.176941726e-08,72.77442395,1.628269716,0.001583500377,0.9967092893,1.001079772
HL0,100,1,COMPLETED,0.003269161,0.05020347014,8.566575439e-06,2.660388145e-05,0.0001676095285,0.002663168676,0.005,4.458495421e-07,3.607379204e-08,72.77757478,1.525385034,0.001596685425,0.9966093487,1.001092344
HL0,100,1,COMPLETED,0.003432076,0.05028211245,1.161706947e-05,3.741734287e-05,0.0001511158475,0.00267133439,0.005,5.007628335e-07,5.968184186e-08,72.77484401,1.406367505,0.00161678852,0.9964758153,1.001121063
HL0,100,1,COMPLETED,0.003594991,0.05039706826,1.457757888e-05,4.66486757e-05,9.914800942e-05,0.002679492264,0.005,4.515883725e-07,1.150830214e-08,72.77214643,1.190968601,0.001650232479,0.996321453,1.001327065
HL0,100,1,COMPLETED,0.003757906,0.05038595664,1.691615804e-05,5.241794086e-05,5.734035411e-05,0.002687645946,0.005,4.611200628e-07,4.923832455e-08,72.76973305,1.023547145,0.001656754302,0.9961517797,1.001417656
HL0,100,1,COMPLETED,0.003920821,0.0507097471,1.7264628e-05,5.284389542e-05,2.26044564e-05,0.00269571094,0.005,5.015891685e-07,9.535100889e-10,72.77154987,0.9882810694,0.001704399739,0.9959716273,1.002115874
HL0,100,1,COMPLETED,0.004083736,0.05089915862,1.558757968e-05,4.756357154e-05,1.77414927e-05,0.002703745775,0.005,5.03996362e-07,3.879696004e-09,72.77174589,1.058034411,0.001720857792,0.9962976374,1.002160628
HL0,100,1,COMPLETED,0.004246651,0.05056491296,1.246698414e-05,3.662931983e-05,4.996970434e-05,0.002711808492,0.005,4.579199891e-07,5.555204125e-08,72.77215466,1.105969088,0.001746350004,0.9961230546,1.002247116
HL0,100,1,COMPLETED,0.004409566,0.05031959587,9.108476993e-06,2.622998722e-05,8.863160639e-05,0.002719953195,0.005,4.486457968e-07,3.443759449e-08,72.7748456,1.2328754,0.001767479389,0.995959806,1.00226371
HL0,100,1,COMPLETED,0.004572481,0.05012152838,5.911372212e-06,1.654014236e-05,0.0001402380813,0.002728114132,0.005,4.903271916e-07,3.808739761e-08,72.77690621,1.33497669,0.001773518304,0.9958051097,1.002235452
HL0,100,1,COMPLETED,0.004735396,0.05015982849,5.71740951e-06,1.903785116e-05,0.0001573499718,0.002736280834,0.005,4.700665767e-07,1.482614945e-08,72.77937071,1.454062988,0.001757382904,0.9960809935,1.002166943
HL0,100,1,COMPLETED,0.004898311,0.050243507,8.878363796e-06,2.971210053e-05,0.0001725505007,0.002744437904,0.005,4.972007286e-07,3.575413416e-08,72.77733986,1.335229549,0.001761080476,0.9960217544,1.002051838
HL0,100,1,COMPLETED,0.005061226,0.05031177118,1.224885157e-05,4.032869061e-05,0.0001692621651,0.002752569869,0.005,4.907638231e-07,4.467394952e-08,72.77750039,1.084009492,0.001747236194,0.9959757351,1.001919668
HL0,100,1,COMPLETED,0.005224141,0.0503998026,1.474248362e-05,4.727751037e-05,0.0001763969612,0.002760727911,0.005,4.947873498e-07,4.333625453e-08,72.78163856,0.8853346404,0.001745631744,0.9959377866,1.001767182
HL0,100,1,COMPLETED,0.005387056,0.05043296953,1.56799458e-05,4.86337841e-05,0.0001597694196,0.002768889534,0.005,5.688890226e-07,6.896579036e-08,72.78144041,0.9885541349,0.001739838762,0.9959129133,1.001591775
HL0,100,1,COMPLETED,0.005549971,0.05041114262,1.511584848e-05,4.547837789e-05,0.0001251337519,0.00277704999,0.005,5.664511712e-07,2.503033838e-08,72.7752483,1.065522362,0.001743002149,0.9958883137,1.001425899
HL0,100,1,COMPLETED,0.005712886,0.05034702621,1.360822783e-05,3.960350637e-05,7.501228541e-05,0.002785219341,0.005,5.499097376e-07,5.83711064e-08,72.7825904,1.176798302,0.001787422295,0.9958554128,1.00350388
HL0,100,1,COMPLETED,0.005875801,0.05026704772,1.093157951e-05,3.029370773e-05,4.318978195e-05,0.002793293226,0.005,5.795986236e-07,1.719039853e-08,72.77600287,1.423914997,0.001771022215,0.9958031975,1.003610671
HL0,100,1,COMPLETED,0.006038716,0.0507070131,8.46039347e-06,2.788579945e-05,1.817586785e-05,0.002801340281,0.005,5.922508584e-07,9.041597221e-09,72.7773795,1.452987663,0.001911851428,0.9957181968,1.005407385
HL0,100,1,COMPLETED,0.006201631,0.05039758709,6.877159403e-06,2.167969943e-05,5.428650739e-05,0.002809395333,0.005,5.567687419e-07,5.184426095e-08,72.77005603,1.50403444,0.001856680764,0.9958669393,1.005696309
HL0,100,1,COMPLETED,0.006364546,0.05033787696,8.570086185e-06,2.755577966e-05,8.698641511e-05,0.002817507117,0.005,5.402977583e-07,8.825029606e-08,72.7745041,1.430662115,0.001906002621,0.995707618,1.005982486
HL0,100,1,COMPLETED,0.006527461,0.05034911557,1.146558482e-05,3.657782536e-05,0.0001380588744,0.002825676197,0.005,5.668892652e-07,1.367884073e-09,72.77153064,1.342362669,0.001927535531,0.9955330747,1.006259969
HL0,100,1,COMPLETED,0.006690376,0.05043470604,1.342092271e-05,4.222167543e-05,0.0001547286592,0.002833845402,0.005,5.791637344e-07,8.086227846e-10,72.77416525,1.182311002,0.001991711665,0.9953392038,1.006573042
HL0,100,1,COMPLETED,0.006853291,0.05049284074,1.407787074e-05,4.379707117e-05,0.0001752838068,0.002842004225,0.005,5.890459563e-07,4.963505136e-09,72.76879531,1.063183591,0.001991270142,0.9960638147,1.00690328
HL0,100,1,COMPLETED,0.007016206,0.05050596365,1.420499701e-05,4.320820228e-05,0.0001690658907,0.00285015211,0.005,5.638661101e-07,2.50034022e-08,72.76244969,1.20118822,0.002009950958,0.995886971,1.007250353
HL0,100,1,COMPLETED,0.007179121,0.0504220096,1.323004536e-05,3.934450575e-05,0.0001741396448,0.002858302437,0.005,6.255730803e-07,6.306428712e-08,72.76513216,1.346447008,0.002067751321,0.9957081097,1.007585523
HL0,100,1,COMPLETED,0.007342036,0.050305152,1.110169304e-05,3.186871142e-05,0.0001521066435,0.002866464744,0.005,6.321435551e-07,5.804606968e-08,72.76820948,1.508100965,0.00212496558,0.9955369979,1.007906864
HL0,100,1,COMPLETED,0.007504951,0.05015713155,8.101361343e-06,2.267025757e-05,0.0001341306572,0.00287463878,0.005,6.671067737e-07,4.684271672e-08,72.75837183,1.686349523,0.002167886577,0.9953862155,1.008209663
HL0,100,1,COMPLETED,0.007667866,0.05010495296,6.434625399e-06,1.944531202e-05,8.523292849e-05,0.002882816839,0.005,6.232426727e-07,4.78342263e-08,72.76333131,1.861087432,0.002224136883,0.995254821,1.008485101
HL0,100,1,COMPLETED,0.007830781,0.0501200802,8.086057139e-06,2.592651188e-05,5.761026806e-05,0.002890930171,0.005,6.588634053e-07,1.559494271e-08,72.76061089,1.900500034,0.002208307031,0.9951393953,1.008712444
HL0,100,1,COMPLETED,0.007993696,0.05026015793,1.236524428e-05,4.03447012e-05,2.985531789e-05,0.002898995536,0.005,6.742287093e-07,1.851253118e-08,72.7643538,3.042268963,0.002425665904,0.9920189192,1.008905735
HL0,100,1,COMPLETED,0.008156611,0.05035801825,1.529306207e-05,4.780010256e-05,5.362629348e-05,0.002907039201,0.005,6.46558987e-07,1.192724827e-09,72.76203657,3.079115802,0.002338082271,0.9920075294,1.008896138
HL0,100,1,COMPLETED,0.008319526,0.05036599632,1.686863419e-05,5.172169199e-05,8.339370092e-05,0.002915114541,0.005,5.94616202e-07,4.012739638e-08,72.76692513,3.284943771,0.002403792162,0.9920699494,1.009093437
HL0,100,1,COMPLETED,0.008482441,0.05036079434,1.770602242e-05,5.433436897e-05,0.0001351242407,0.002923284132,0.005,6.186250534e-07,4.880658787e-08,72.76081248,3.362424619,0.002404072431,0.9921349929,1.00921575
HL0,100,1,COMPLETED,0.008645356,0.05032241507,1.749235456e-05,5.57961759e-05,0.0001676101901,0.002931442943,0.005,6.488063125e-07,8.881550251e-08,72.76828337,3.448090094,0.002431184727,0.9922467651,1.00926861
HL0,100,1,COMPLETED,0.008808271,0.05032433281,1.659244839e-05,5.597769264e-05,0.0001831612153,0.002939599704,0.005,6.57920267e-07,8.27215975e-08,72.76700205,3.525859336,0.002425713606,0.9924086526,1.009218887
HL0,100,1,COMPLETED,0.008971186,0.0503261288,1.53208686e-05,5.483940341e-05,0.0001724155146,0.002947748916,0.005,6.565353024e-07,5.534747976e-08,72.76238487,3.565545692,0.002421730928,0.9926371101,1.009056935
HL0,100,1,COMPLETED,0.009134101,0.05063587032,1.401034149e-05,5.467524229e-05,0.0001715178454,0.002955874349,0.005,7.160698468e-07,1.188246476e-07,72.76065327,4.805645573,0.002704578899,0.9889934436,1.008770397
HL0,100,1,COMPLETED,0.009297016,0.0506768967,1.2830544e-05,5.362127557e-05,0.0001502878052,0.002964022858,0.005,6.957365343e-07,7.112796058e-08,72.76260726,5.11758294,0.002777254132,0.9886082644,1.008386736
HL0,100,1,COMPLETED,0.009459931,0.05047045434,1.286435268e-05,4.934498773e-05,0.0001229150649,0.002972176555,0.005,7.588447401e-07,5.798951811e-08,72.75547655,5.71398554,0.002857126559,0.9883043655,1.007992091
HL0,100,1,COMPLETED,0.009622846,0.0507308424,1.387849042e-05,5.067007918e-05,5.276715031e-05,0.002980317705,0.005,7.33130269e-07,5.28441555e-08,72.75208147,6.209705973,0.003330714186,0.9843444275,1.007710045
HL0,100,1,COMPLETED,0.009785761,0.05153986609,1.741496716e-05,6.920855163e-05,2.684107937e-06,0.002988442175,0.005,7.68420333e-07,9.958084411e-08,72.74822926,6.490400223,0.003416075836,0.9830360511,1.007851659
HL0,100,1,COMPLETED,0.009948676,0.05140756604,1.968475304e-05,7.344949424e-05,7.743319093e-05,0.002996465502,0.005,8.033898549e-07,9.287993785e-08,72.74894653,8.734082534,0.003627002553,0.9819294486,1.008317819
HL0,100,1,COMPLETED,0.010111591,0.05144956622,2.022669376e-05,7.193478666e-05,0.0001063983656,0.00300447212,0.005,8.17693185e-07,1.361822067e-07,72.75126218,8.709683856,0.003726135505,0.9808419652,1.008772197
HL0,100,1,COMPLETED,0.010274506,0.05168279204,2.036115427e-05,7.042076216e-05,8.474616363e-05,0.003012522538,0.005,8.081209945e-07,2.272431389e-07,72.74657127,9.092512459,0.003917615528,0.9796772584,1.009047293
HL0,100,1,COMPLETED,0.010437421,0.05198825575,2.231254496e-05,8.030364685e-05,5.637215922e-05,0.003020660502,0.005,8.46110362e-07,2.264699965e-07,72.74845483,9.539676555,0.004405349296,0.9787994598,1.009332932
HL0,100,1,COMPLETED,0.010600336,0.05254745731,2.460601004e-05,9.279350787e-05,1.564466687e-05,0.00302879936,0.005,8.925891408e-07,2.114615339e-07,72.75310872,9.671493294,0.004574964239,0.9779935187,1.009668967
HL0,100,1,COMPLETED,0.010763251,0.05328995766,2.931562279e-05,0.0001178628941,1.21861286e-05,0.003036940552,0.005,9.576246582e-07,2.869247258e-07,72.75685541,9.672517654,0.004742988626,0.9772293115,1.010094475
HL0,100,1,COMPLETED,0.010926166,0.05405882998,3.518889009e-05,0.0001479561603,2.37753588e-05,0.003045067668,0.005,9.922318823e-07,3.258724174e-07,72.75760737,9.679514872,0.004938146388,0.9765772913,1.010645681
HL0,100,1,COMPLETED,0.011089081,0.05457949555,3.962734408e-05,0.0001596702644,5.461124501e-05,0.003053156721,0.005,1.031964195e-06,1.876005728e-07,72.76215345,10.26827684,0.005190675166,0.9760187378,1.011356564
HL0,100,1,COMPLETED,0.011251996,0.05468983338,4.359154714e-05,0.0001709635251,7.821310433e-05,0.003061277761,0.005,1.01781047e-06,2.211601804e-07,72.77011752,10.51938934,0.005429479059,0.975647726,1.012886474
HL0,100,1,COMPLETED,0.011414911,0.05445359864,4.523225506e-05,0.0001738537406,0.0001187349105,0.003069405289,0.004999999999,1.102696188e-06,1.829472311e-07,72.77885402,11.68524493,0.005884090808,0.9755014294,1.014694718
HL0,100,1,COMPLETED,0.011577826,0.05358342913,4.315580266e-05,0.0001451492812,0.0001757641589,0.003077533548,0.004999999999,1.129535165e-06,2.422418567e-07,72.7874074,12.420276,0.00614951715,0.9754837023,1.016389441
HL0,100,1,COMPLETED,0.011740741,0.05215057918,4.076132571e-05,0.0001193915533,0.0002544675915,0.003085654653,0.004999999999,1.16896279e-06,3.226844153e-07,72.80645842,14.9164879,0.006630534893,0.9756564999,1.018350001
HL0,100,1,COMPLETED,0.011903656,0.05281031854,4.273937707e-05,0.0001360932012,0.0002849126246,0.003093716938,0.004999999999,1.194024457e-06,2.969644255e-07,72.81240028,14.81688474,0.006690663587,0.9754336974,1.019405792
HL0,100,1,COMPLETED,0.012066571,0.052299928,4.670089272e-05,0.0001347729457,0.0003234199247,0.00310173901,0.004999999999,1.224128839e-06,3.123165894e-07,72.81291501,13.48254039,0.0076316329,0.9753622304,1.034935463
HL0,100,1,COMPLETED,0.012229486,0.05269480044,5.043326334e-05,0.0001502555957,0.000279657117,0.003109796242,0.004999999999,1.259936776e-06,3.865540301e-07,72.80697556,13.83762873,0.007648155271,0.9749396309,1.03227498
HL0,100,1,COMPLETED,0.012392401,0.05252669672,5.018002256e-05,0.0001398918342,0.0002446523398,0.003117911971,0.004999999999,1.335718429e-06,4.431702709e-07,72.82024013,19.41272355,0.007819366525,0.9737834089,1.029379506
HL0,100,1,COMPLETED,0.012555316,0.05213568858,5.132228364e-05,0.0001307768085,0.0001852668043,0.00312608065,0.004999999999,1.347366829e-06,3.812858313e-07,72.82606116,19.98593716,0.007902586876,0.9720992318,1.026370197
HL0,100,1,COMPLETED,0.012718231,0.05197385718,4.992293585e-05,0.0001193744227,0.0001524110903,0.0031342648,0.004999999999,1.394122736e-06,3.749402157e-07,72.84174935,20.29662689,0.008027566153,0.9704962539,1.026967395
HL0,100,1,COMPLETED,0.012881146,0.05138041606,4.677320117e-05,0.0001119200257,0.0001017794729,0.003142451099,0.004999999999,1.452520665e-06,4.109014805e-07,72.84904922,20.38741153,0.008134020897,0.9689238544,1.028258969
HL0,100,1,COMPLETED,0.013044061,0.05092733956,4.550910192e-05,0.0001057383874,6.59353564e-05,0.003150637489,0.004999999999,1.344692913e-06,2.229837714e-07,72.85397142,20.4344308,0.008262200575,0.9673636811,1.029333359
HL0,100,1,COMPLETED,0.013206976,0.05087864599,4.687567544e-05,0.0001177126569,5.044977319e-05,0.003158808245,0.004999999999,1.323931327e-06,2.678366289e-09,72.87555067,21.91841435,0.01002951134,0.9658294826,1.052814768
HL0,100,1,COMPLETED,0.013369891,0.05155062254,5.04125355e-05,0.0001570307166,5.516113269e-05,0.003166999057,0.004999999999,1.297024555e-06,9.37310978e-08,72.89257496,22.76764758,0.01003243268,0.9643849823,1.049776092
HL0,100,1,COMPLETED,0.013532806,0.05169427191,5.542599561e-05,0.0002070633109,3.149558603e-05,0.003175230358,0.004999999999,1.282442958e-06,1.572987518e-07,72.89526838,23.54777482,0.01002994197,0.9630166456,1.046483287
HL0,100,1,COMPLETED,0.013695721,0.0509206411,6.220349975e-05,0.0002429417642,3.653407468e-05,0.003183471132,0.004999999999,1.230965116e-06,1.441189781e-07,72.90413866,22.95621712,0.01240668733,0.9616205973,1.072918113
HL0,100,1,COMPLETED,0.013858636,0.05111754496,7.581780337e-05,0.0003095547214,6.591403988e-06,0.003191653749,0.004999999999,1.202311645e-06,2.673140191e-07,72.91167415,23.18516777,0.01216795023,0.9602168347,1.071100709
HL0,100,1,COMPLETED,0.014021551,0.05128497364,8.505123079e-05,0.0003377321968,9.870052791e-05,0.003199871332,0.004999999999,1.131682916e-06,4.176994502e-07,72.92983829,24.97969504,0.01352500258,0.9587167371,1.070175748
HL0,100,1,COMPLETED,0.014184466,0.05132691386,9.170074861e-05,0.000362752624,0.000187293364,0.003208009016,0.004999999999,1.063680161e-06,5.043419445e-07,72.94743138,25.54972857,0.01333982306,0.95755418,1.069209245
HL0,100,1,COMPLETED,0.014347381,0.05130357043,9.578205657e-05,0.0003715266157,0.0002872362492,0.003216202364,0.004999999999,1.00842516e-06,5.603322298e-07,72.97180267,35.8653966,0.01459654664,0.9566349303,1.067691746
HL0,100,1,COMPLETED,0.014510296,0.05140491892,0.0001041844648,0.0004011879702,0.0003702167379,0.003224456381,0.004999999999,1.019951307e-06,7.83534214e-07,72.97693169,36.76858845,0.01440549852,0.9561892962,1.065573142
HL0,100,1,COMPLETED,0.014673211,0.05164870154,0.0001188600069,0.0004565155521,0.0004492909955,0.003232724085,0.004999999999,1.069975385e-06,9.466505323e-07,72.98793543,37.82920982,0.01422975388,0.9560376128,1.062812938
HL0,100,1,COMPLETED,0.014836126,0.05214981426,0.0001361430154,0.000524252806,0.0005431049533,0.003241019365,0.004999999999,1.156067965e-06,1.079949189e-06,72.98587398,38.76903981,0.01404649923,0.9559004736,1.059451165
HL0,100,1,COMPLETED,0.014999041,0.05262230543,0.0001529673477,0.000575194938,0.0006416494579,0.003249344833,0.004999999999,1.044349499e-06,1.072292512e-06,72.96460675,39.34391794,0.0139227306,0.9553737398,1.055469732
HL0,100,1,COMPLETED,0.015161956,0.05295617463,0.0001653787708,0.0005791979421,0.0007663266986,0.003257671909,0.004999999999,1.11629731e-06,1.208417882e-06,72.95079132,47.87264909,0.01757999887,0.9537920617,1.106294401
HL0,100,1,COMPLETED,0.015324871,0.0529932434,0.0001747811118,0.000582587209,0.0008396617783,0.003265988795,0.004999999999,1.097486868e-06,1.246696203e-06,72.95272773,54.37966609,0.01800862555,0.9508868311,1.10577781
HL0,100,1,COMPLETED,0.015487786,0.05288109701,0.00018100776,0.0005776200883,0.0008823061417,0.003274290358,0.004999999999,1.139918274e-06,1.300835084e-06,72.94395203,54.65761909,0.01800060254,0.9480393222,1.1050068
HL0,100,1,COMPLETED,0.015650701,0.05254074194,0.0001922804804,0.0005996683142,0.000953078892,0.00328265713,0.004999999999,1.09528335e-06,1.248630124e-06,72.93589121,53.99473094,0.01867128026,0.9453796584,1.103995178
HL0,100,1,COMPLETED,0.015813616,0.05662384437,0.0002169838701,0.0006875740669,0.0009764434342,0.003290925489,0.004999999999,1.215737407e-06,1.355450489e-06,72.93320465,51.75515708,0.01911305161,0.9421912011,1.10254732
HL0,100,1,COMPLETED,0.015976531,0.0526181744,0.0002354862238,0.0006970626218,0.001042363873,0.003299161325,0.004999999999,1.4248389e-06,1.502807752e-06,72.95653667,47.72830757,0.01923210506,0.9391277434,1.100659541
HL0,100,1,COMPLETED,0.016139446,0.05223772181,0.0002464527839,0.0006956738018,0.001104834135,0.003307343598,0.004999999999,1.594457582e-06,1.605017638e-06,72.95784188,47.59782505,0.01947849341,0.9371394367,1.098061119
HL0,100,1,COMPLETED,0.016302361,0.05222073451,0.0002403143428,0.0006142772273,0.001196393917,0.003315575865,0.004999999999,1.717930268e-06,1.654035941e-06,72.94673518,48.85710704,0.02267613676,0.9353699511,1.109402163
HL0,100,1,COMPLETED,0.016465276,0.05226167765,0.0002349988445,0.0005552034706,0.001266119826,0.003323878108,0.004999999998,1.846860012e-06,1.743583138e-06,72.91705323,49.09636782,0.02273375341,0.9340635634,1.110075392
HL0,100,1,COMPLETED,0.016628191,0.05440922553,0.0002306171229,0.0005359382706,0.001297378502,0.003332146421,0.004999999998,1.859629533e-06,1.72649778e-06,72.88667963,47.91022368,0.0227525372,0.9336537229,1.110914887
HL0,100,1,COMPLETED,0.016791106,0.0537201741,0.0002267113365,0.0005250437087,0.001290363188,0.003340398869,0.004999999998,1.934874179e-06,1.706449476e-06,72.84683205,47.26583172,0.02260717679,0.9338777514,1.111630579
HL0,100,1,COMPLETED,0.016954021,0.05244110862,0.0002210480531,0.0004816793601,0.001258929776,0.003348647983,0.004999999998,1.689484487e-06,1.411716093e-06,72.81464178,67.61983884,0.02337513583,0.9330685426,1.111895337
HL0,100,1,COMPLETED,0.017116936,0.05290572207,0.00021887304,0.0004759134593,0.00135317671,0.003356979568,0.004999999998,1.724636426e-06,1.280338818e-06,72.78522299,67.32971619,0.02346834516,0.9319793046,1.111408617
HL0,100,1,COMPLETED,0.017279851,0.05389406125,0.0002152060916,0.0004807246309,0.001400277375,0.003365306171,0.004999999998,1.767125889e-06,1.158749052e-06,72.76786927,68.6233338,0.02485665309,0.9318184493,1.110781622
HL0,100,1,COMPLETED,0.017442766,0.05487146441,0.0002143184443,0.0004937442737,0.001392268658,0.003373587321,0.004999999998,1.841557237e-06,1.082747539e-06,72.75746907,68.89566014,0.02483972624,0.932967905,1.110150303
HL0,100,1,COMPLETED,0.017605681,0.05582337883,0.0002156026659,0.0005176360119,0.001368217089,0.003381885125,0.004999999998,1.896049956e-06,9.132630842e-07,72.74191517,79.64236887,0.02452004544,0.9346109537,1.108987461
HL0,100,1,COMPLETED,0.017768596,0.05628830207,0.0002194923623,0.0005405978939,0.001311237648,0.003390103603,0.004999999998,1.950195744e-06,8.153633447e-07,72.71680454,77.74746665,0.02419453766,0.9311379478,1.107392506
HL0,100,1,COMPLETED,0.017931511,0.05642323804,0.0002196597696,0.0005454681936,0.001225747261,0.003398202572,0.004999999998,2.012650777e-06,7.251737825e-07,72.68810201,79.17668081,0.02311740784,0.9286594578,1.10574538
HL0,100,1,COMPLETED,0.018094426,0.05736025732,0.0002196660064,0.0005768663112,0.001172442294,0.003406286198,0.004999999998,2.047865899e-06,6.013277023e-07,72.64875497,72.67124402,0.02306723732,0.9267406834,1.103598828
HL0,100,1,COMPLETED,0.018257341,0.06176191328,0.0002350651592,0.0006880269474,0.001142344887,0.003414386772,0.004999999998,2.080802192e-06,4.538332142e-07,72.60008838,88.12048099,0.02461834517,0.9260816338,1.100138382
HL0,100,1,COMPLETED,0.018420256,0.06616352129,0.0002677504902,0.0008721367432,0.001169614148,0.003422630949,0.004999999998,2.091000249e-06,3.789996028e-07,72.54034,85.20108932,0.02468087702,0.9275519866,1.095918007
HL0,100,1,COMPLETED,0.018583171,0.06895337259,0.0002977385806,0.001063255185,0.001150987473,0.003430831139,0.004999999998,2.040891015e-06,2.363295521e-07,72.48699673,81.73829613,0.02472866034,0.9316986514,1.090949388
HL0,100,1,COMPLETED,0.018746086,0.06899108022,0.0003133114494,0.001142938227,0.001073167978,0.00343898874,0.004999999998,2.083532653e-06,1.425405359e-07,72.45778035,80.12056677,0.02473093621,0.9384633921,1.091986282
HL0,100,1,COMPLETED,0.018909001,0.06428116151,0.0002911069757,0.0009736667775,0.0009494525228,0.003447106184,0.004999999998,1.961945921e-06,2.399619134e-07,72.47314292,80.41999492,0.02483471463,0.9441698983,1.096477427
HL0,100,1,COMPLETED,0.019071916,0.06614038507,0.0002743237697,0.0009031277094,0.0008803975094,0.003455234618,0.004999999998,1.931188719e-06,5.087898272e-07,72.49238606,71.88262479,0.02487862703,0.9455463088,1.099977408
HL0,100,1,COMPLETED,0.019234831,0.06843170623,0.0002793710911,0.0009500122847,0.0008364968103,0.003463434113,0.004999999998,1.9301943e-06,7.03128592e-07,72.50380327,70.46249451,0.02621564073,0.9456497062,1.10296198
HL0,100,1,COMPLETED,0.019397746,0.07109244475,0.0002939106494,0.001033664578,0.0007919787627,0.003471654754,0.004999999998,1.91678168e-06,8.254000428e-07,72.49269338,65.97862021,0.0265350118,0.9466203192,1.105786918
HL0,100,1,COMPLETED,0.019560661,0.07420852738,0.0003216552832,0.00116040626,0.000682837581,0.003479826996,0.004999999998,1.929026033e-06,1.034417756e-06,72.4594958,80.23427133,0.02653838414,0.9465324438,1.107566623
HL0,100,1,COMPLETED,0.019723576,0.07672921396,0.0003476518046,0.001282962849,0.0005575234596,0.003487945034,0.004999999998,1.919103422e-06,1.182796245e-06,72.45723578,76.59945218,0.02665278691,0.9479184549,1.108463538
HL0,100,1,COMPLETED,0.019886491,0.07785334955,0.0003644727283,0.001336134433,0.0004048648044,0.003495938217,0.004999999998,1.894203003e-06,1.336115941e-06,72.40928051,78.11315126,0.02632338266,0.9505034323,1.10912162
HL0,100,1,COMPLETED,0.020049406,0.07394380312,0.0003689218441,0.001318756686,0.000258503555,0.003503880202,0.004999999998,1.871428971e-06,1.515874501e-06,72.37116227,75.22262106,0.02680269347,0.9527505913,1.109411561
HL0,100,1,COMPLETED,0.020212321,0.06589109107,0.0003526910947,0.001214009808,0.0001877061744,0.003511853177,0.004999999997,1.87385242e-06,1.702771324e-06,72.36260142,71.58908318,0.02732935681,0.9523163668,1.108914561
HL0,100,1,COMPLETED,0.020375236,0.06672691943,0.0003385041537,0.001151342655,0.0001535345227,0.003519937647,0.004999999997,1.838026427e-06,1.774158808e-06,72.32985422,75.41364668,0.02778190147,0.948523201,1.1081453
HL0,100,1,COMPLETED,0.020538151,0.06709566112,0.0003323475591,0.001120826532,0.000179613145,0.003528058388,0.004999999997,1.829198606e-06,1.769232197e-06,72.33974684,68.07399323,0.02800099096,0.9463558185,1.106853862
HL0,100,1,COMPLETED,0.020701066,0.06688417776,0.0003372344012,0.001106864474,0.0001709259381,0.003536169456,0.004999999997,1.804800786e-06,1.822921639e-06,72.35528115,65.75817958,0.02853224607,0.9455126075,1.10530016
HL0,100,1,COMPLETED,0.020863981,0.06324636766,0.0003331960873,0.00104737904,0.0001293474548,0.003544241688,0.004999999997,1.803485974e-06,1.811675118e-06,72.38444361,65.55835566,0.02909895883,0.94478293,1.103884543
HL0,100,1,COMPLETED,0.021026896,0.06134473605,0.0003236770203,0.0009850693172,5.366702704e-05,0.003552242567,0.004999999997,1.804825468e-06,2.037010568e-06,72.41550487,63.88595006,0.02959573181,0.944038903,1.102340091
HL0,100,1,COMPLETED,0.021189811,0.06052705219,0.0003224712354,0.0009777747217,2.847569613e-05,0.003560260949,0.004999999997,1.802280284e-06,2.144816819e-06,72.45749951,66.90729265,0.03029344163,0.9428624724,1.101918193
HL0,100,1,COMPLETED,0.021352726,0.05964951759,0.0003208805651,0.0009672412792,0.0001214899518,0.003568298397,0.004999999997,1.728591888e-06,2.134399855e-06,72.48096311,69.88612072,0.0308364577,0.941765105,1.101972266
HL0,100,1,COMPLETED,0.021515641,0.06048137181,0.0003398745493,0.0009842390983,0.0002000905778,0.00357635211,0.004999999997,1.7031339e-06,2.199061181e-06,72.48102068,67.61386946,0.03125153138,0.9413609046,1.101769819
HL0,100,1,COMPLETED,0.021678556,0.06078364436,0.0003765704897,0.001080927091,0.0003383316539,0.003584358498,0.004999999997,1.701735899e-06,2.26288878e-06,72.48737047,66.710789,0.03231494241,0.9388246377,1.100689481
HL0,100,1,COMPLETED,0.021841471,0.06490063382,0.0004048137615,0.00116799927,0.0004453331856,0.00359229086,0.004999999997,1.674978029e-06,2.268168283e-06,72.46595973,62.95443058,0.03228846992,0.9423326372,1.098955268
HL0,100,1,COMPLETED,0.022004386,0.06855632283,0.00042651086,0.001234975428,0.0006222117388,0.00360011951,0.004999999997,1.648434482e-06,2.275471348e-06,72.4223011,63.75705748,0.03230839608,0.944872683,1.098317378
HL0,100,1,COMPLETED,0.022167301,0.06421841415,0.000426760537,0.001190432787,0.000675302261,0.003607976615,0.004999999997,1.649625878e-06,2.311073321e-06,72.40730011,60.97828995,0.03271171344,0.9428033563,1.10097071
HL0,100,1,COMPLETED,0.022330216,0.06161635915,0.0004074044795,0.001086926997,0.0007131281342,0.003615871474,0.004999999997,1.643550674e-06,2.297336042e-06,72.43153722,56.88232005,0.03331481252,0.9413725878,1.103440576
HL0,100,1,COMPLETED,0.022493131,0.05992279434,0.0003888970899,0.001017801036,0.0006652658751,0.003623853195,0.004999999997,1.598958231e-06,2.195919703e-06,72.45094237,54.08168039,0.03354425782,0.9415295958,1.106253839
HL0,100,1,COMPLETED,0.022656046,0.06070888577,0.0003849449766,0.001005279368,0.0006294138728,0.003631843313,0.004999999997,1.553424275e-06,2.078775277e-06,72.50728782,56.13320874,0.03332288506,0.9434795988,1.108265231
HL0,100,1,COMPLETED,0.022818961,0.06218235693,0.0003960038074,0.001040071328,0.0005917868125,0.003639813505,0.004999999997,1.594548024e-06,2.039944366e-06,72.5416676,55.32718872,0.03354323973,0.94575529,1.109885859
HL0,100,1,COMPLETED,0.022981876,0.06339259145,0.0004037575473,0.001048435735,0.0005948517007,0.003647742384,0.004999999997,1.568800562e-06,1.918381352e-06,72.55244975,55.9136972,0.03375717285,0.947230925,1.111472632
HL0,100,1,COMPLETED,0.023144791,0.06350518344,0.0004083030366,0.001056628887,0.000640323546,0.003655604052,0.004999999997,1.577921696e-06,1.716493764e-06,72.57285035,63.67470228,0.03523056231,0.9080842656,1.111197003
HL0,100,1,COMPLETED,0.023307706,0.06230113834,0.0004096501322,0.001047816196,0.0006844767473,0.003663492999,0.004999999997,1.675878833e-06,1.651498208e-06,72.59782539,59.87623783,0.0351640198,0.9165233692,1.110992276
HL0,100,1,COMPLETED,0.023470621,0.06142514262,0.0004074681166,0.001016657251,0.0007198393219,0.003671395587,0.004999999997,1.817592628e-06,1.564978844e-06,72.593788,59.04594009,0.03496506839,0.9255754672,1.110132769
HL0,100,1,COMPLETED,0.023633536,0.06132914784,0.0004067154754,0.0009932706011,0.0007806020772,0.003679284318,0.004999999997,1.971021088e-06,1.559954965e-06,72.60547413,56.70412509,0.03490524778,0.9350493376,1.108421735
HL0,100,1,COMPLETED,0.023796451,0.06149543025,0.0004054523337,0.000969855774,0.0008621222992,0.0036871242,0.004999999997,2.164746499e-06,1.477653152e-06,72.58505162,54.42294466,0.03555229933,0.9290227482,1.106274174
HL0,100,1,COMPLETED,0.023959366,0.06151534309,0.0004066418309,0.000941205781,0.0009554614968,0.003694875218,0.004999999996,2.347332689e-06,1.371379412e-06,72.5408631,53.33304162,0.03505018918,0.937625704,1.104409365
HL0,100,1,COMPLETED,0.024122281,0.06122421374,0.0004192280944,0.0009520843789,0.001063958496,0.003702573754,0.004999999996,2.559222676e-06,1.31028383e-06,72.52846079,59.83403673,0.03470913491,0.9465437694,1.102364923
HL0,100,1,COMPLETED,0.024285196,0.06065640077,0.0004243648574,0.0009606279881,0.001046498385,0.003710327334,0.004999999996,2.790260628e-06,1.29982136e-06,72.52188253,56.90865527,0.03473845321,0.9542430925,1.104365186
HL0,100,1,COMPLETED,0.024448111,0.06046936888,0.0004333723569,0.0009837249879,0.001035980543,0.003718121953,0.004999999996,3.075266372e-06,1.253050673e-06,72.54842805,52.25493218,0.03589893045,0.9265526798,1.10709316
HL0,100,1,COMPLETED,0.024611026,0.06027996677,0.0004462682908,0.001020560236,0.0009549805707,0.003725968408,0.004999999996,3.28741467e-06,1.117797103e-06,72.55768885,50.27247975,0.03575679643,0.9338092789,1.109223129
HL0,100,1,COMPLETED,0.024773941,0.060151546,0.0004609228622,0.001057348305,0.0009169545299,0.003733814567,0.004999999996,3.533602388e-06,1.030588633e-06,72.57655418,49.24389749,0.03558476773,0.9412571668,1.110489208
HL0,100,1,COMPLETED,0.024936856,0.06024452677,0.0004727872886,0.001088180363,0.0008858035534,0.003741628698,0.004999999996,3.81336336e-06,1.005097315e-06,72.56263603,49.20703144,0.035500657,0.9488779275,1.111194572
HL0,100,1,COMPLETED,0.025099771,0.0603749737,0.0004890359804,0.001131905888,0.0008915015648,0.003749411519,0.004999999996,4.046475884e-06,9.629581457e-07,72.56087265,49.23197895,0.03541116241,0.9510408416,1.112170441
HL0,100,1,COMPLETED,0.025262686,0.06014369574,0.000507631454,0.00118781653,0.0009306405526,0.003757159888,0.004999999996,4.25755642e-06,2.367807299e-07,72.58693882,63.02113224,0.03716153608,0.8870290465,1.113374194
HL0,100,1,COMPLETED,0.025425601,0.05984403592,0.0005152185966,0.001213185743,0.0009960640061,0.003764912302,0.004999999996,4.534434151e-06,1.539802753e-07,72.58296732,61.48279975,0.03707197097,0.893944308,1.113919264
HL0,100,1,COMPLETED,0.025588516,0.05995616798,0.0005157471988,0.001202916521,0.001023810065,0.003772696238,0.004999999996,4.842428121e-06,9.688270609e-08,72.56646925,60.3660976,0.03679530342,0.9014806294,1.113282904
HL0,100,1,COMPLETED,0.025751431,0.05986820507,0.0005220531323,0.001197447607,0.001084134231,0.003780471983,0.004999999996,5.120775353e-06,1.406279678e-07,72.55526209,53.95695124,0.03656351023,0.9095616084,1.111679495
HL0,100,1,COMPLETED,0.025914346,0.05954146232,0.0005365541818,0.001196642733,0.001154193257,0.003788190093,0.004999999996,5.467689852e-06,1.358917295e-07,72.51282546,52.14669893,0.03678750189,0.918039054,1.109231621
HL0,100,1,COMPLETED,0.026077261,0.0593878958,0.0005446803744,0.001171766738,0.001228814841,0.003795830584,0.004999999996,5.7676001e-06,9.10519682e-08,72.46543823,54.19656505,0.03676690268,0.9241909217,1.106024862
HL0,100,1,COMPLETED,0.026240176,0.05924440182,0.000546774687,0.001148442197,0.001264125252,0.003803437794,0.004999999996,6.080733886e-06,1.158740046e-07,72.46202834,59.87484,0.03661870806,0.9298362844,1.103002796
HL0,100,1,COMPLETED,0.026403091,0.05904902181,0.0005575619928,0.001171156669,0.001215744159,0.003811109915,0.004999999996,6.397251658e-06,2.017237965e-07,72.47757887,58.6710998,0.03667621613,0.9353564109,1.102005782
HL0,100,1,COMPLETED,0.026566006,0.05869013101,0.0005865943094,0.001227856423,0.001177120148,0.003818831165,0.004999999996,6.770942863e-06,2.672262765e-07,72.51278976,56.69582606,0.03867694709,0.8929461636,1.103203972
HL0,100,1,COMPLETED,0.026728921,0.05809662569,0.0006175951195,0.001288672897,0.001114277893,0.003826578957,0.004999999996,7.07171811e-06,2.333728819e-07,72.54123657,55.81780424,0.03855081966,0.8990616622,1.104286292
HL0,100,1,COMPLETED,0.026891836,0.05782859268,0.0006332158124,0.001315179325,0.001083774814,0.00383433273,0.004999999996,7.41138175e-06,2.657905958e-07,72.55303715,56.10226011,0.03847328732,0.9053535523,1.105327605
HL0,100,1,COMPLETED,0.027054751,0.05761310466,0.000636370883,0.001304799857,0.001056657657,0.00384206495,0.004999999996,7.776622492e-06,3.6909411e-07,72.54033298,51.93154311,0.03835103044,0.9116625401,1.106330265
HL0,100,1,COMPLETED,0.027217666,0.05759934719,0.0006399983557,0.001301412085,0.001067377576,0.003849780927,0.004999999996,8.087917539e-06,4.373092261e-07,72.55603232,52.6132226,0.03832017991,0.9183019176,1.10682724
HL0,100,1,COMPLETED,0.027380581,0.05750890876,0.0006431931569,0.001308580262,0.001106729593,0.00385745601,0.004999999996,8.392817166e-06,8.966151533e-07,72.58468644,62.04592267,0.0405200713,0.8703399756,1.106800781
HL0,100,1,COMPLETED,0.027543496,0.05744104449,0.0006394332971,0.001290588019,0.001168700905,0.003865130014,0.004999999996,8.707072828e-06,8.6312915e-07,72.5845743,60.50762104,0.04072770312,0.8751057612,1.106157379
HL0,100,1,COMPLETED,0.027706411,0.05723422151,0.0006402275068,0.001280399609,0.001209156522,0.00387282934,0.004999999996,9.072762793e-06,8.238062592e-07,72.57841995,63.09926689,0.04109052577,0.8808155676,1.105058436
HL0,100,1,COMPLETED,0.027869326,0.05704050105,0.0006615184931,0.001323604099,0.001273844772,0.003880534831,0.004999999996,9.400811894e-06,6.64221492e-07,72.58090313,59.39215497,0.04201336113,0.8869496471,1.10434881
HL0,100,1,COMPLETED,0.028032241,0.05694279785,0.0006937544812,0.001393176162,0.001343609944,0.003888190908,0.004999999996,9.785113165e-06,5.40671513e-07,72.57501799,57.65322028,0.04166173715,0.8934556353,1.101961562
HL0,100,1,COMPLETED,0.028195156,0.05679249324,0.0007079657466,0.001394036154,0.001391497903,0.003895798161,0.004999999995,1.010343991e-05,5.012905774e-07,72.56487704,58.65352094,0.04220496369,0.9002500908,1.098668073
HL0,100,1,COMPLETED,0.028358071,0.05658854362,0.0006994656989,0.001342469827,0.001395704102,0.003903387811,0.004999999995,1.04359333e-05,3.964888231e-07,72.59439508,65.2892679,0.04184025149,0.9070496148,1.095669692
HL0,100,1,COMPLETED,0.028520986,0.05637626576,0.0006956381149,0.001325370632,0.001335243746,0.003911036891,0.004999999995,1.078023351e-05,2.214453566e-07,72.64468545,65.09689776,0.04217712189,0.9135710181,1.092220311
HL0,100,1,COMPLETED,0.028683901,0.05621811501,0.0007147381155,0.001358824489,0.001303174637,0.003918723325,0.004999999995,1.117274235e-05,5.807535191e-08,72.69560481,67.82691557,0.04472512915,0.8660116698,1.091185009
HL0,100,1,COMPLETED,0.028846816,0.05623320391,0.0007337621992,0.001393397422,0.001252529735,0.003926425726,0.004999999995,1.149588631e-05,3.088645918e-09,72.73646249,65.71583488,0.044969184,0.8706105324,1.093382575
HL0,100,1,COMPLETED,0.029009731,0.05610512239,0.0007410662116,0.001388986032,0.001225719875,0.003934141105,0.004999999995,1.186996677e-05,1.358428532e-07,72.76694872,64.51233243,0.04526538169,0.8755688062,1.095841117
HL0,100,1,COMPLETED,0.029172646,0.05582111708,0.0007385907389,0.001355167127,0.001211328264,0.003941844789,0.004999999995,1.225744504e-05,3.190240686e-07,72.77409802,64.8197891,0.04514542221,0.8805912676,1.098090359
HL0,100,1,COMPLETED,0.029335561,0.05584352338,0.0007409675857,0.001342547395,0.001221780586,0.003949545257,0.004999999995,1.242899171e-05,4.596382343e-07,72.78195047,64.18619669,0.04540246509,0.8859419066,1.099937197
HL0,100,1,COMPLETED,0.029498476,0.05592736447,0.0007469975567,0.001346478091,0.001263111079,0.003957209498,0.004999999995,1.289580147e-05,1.395128792e-06,72.79703498,70.00158625,0.04778270597,0.8593829751,1.104800161
HL0,100,1,COMPLETED,0.029661391,0.05599863913,0.0007342976322,0.001303155936,0.001332626431,0.00396487434,0.004999999995,1.321238213e-05,1.304497586e-06,72.79925856,69.65898625,0.04826842018,0.861734693,1.109737206
HL0,100,1,COMPLETED,0.029824306,0.05595588687,0.0007204140991,0.001261908308,0.001384864249,0.0039725549,0.004999999995,1.358032341e-05,1.230652748e-06,72.77764564,69.68927186,0.04945507356,0.8648995143,1.113528202
HL0,100,1,COMPLETED,0.029987221,0.05575104513,0.0007239162744,0.001270727132,0.00144730419,0.003980249466,0.004999999995,1.390431603e-05,1.017450281e-06,72.79094965,68.26239408,0.05069536947,0.8686828307,1.116858379
HL0,100,1,COMPLETED,0.030150136,0.05554077544,0.000739163508,0.00130967536,0.001522631396,0.003987906075,0.004999999995,1.427650725e-05,8.384727733e-07,72.77343144,91.55507935,0.0530523852,0.8358932514,1.120216269
HL0,100,1,COMPLETED,0.030313051,0.05555555963,0.0007493736539,0.001318076509,0.00156210492,0.003995539682,0.004999999995,1.456697856e-05,7.663345232e-07,72.77762853,91.87447392,0.05400880671,0.834464149,1.123707479
HL0,100,1,COMPLETED,0.030475966,0.05553132123,0.0007487055687,0.00130777107,0.001572744981,0.004003171439,0.004999999995,1.487025515e-05,6.313349721e-07,72.80547329,69.74803364,0.05073174974,0.8822822622,1.104717369
HL0,100,1,COMPLETED,0.030638881,0.05557337828,0.0007380842824,0.001280200591,0.001533566688,0.00401085707,0.004999999995,1.51883595e-05,4.165691252e-07,72.86130597,93.37210489,0.05369819032,0.8332772844,1.110007904
HL0,100,1,COMPLETED,0.030801796,0.05627434233,0.0007420333747,0.001287199691,0.001521392257,0.004018568848,0.004999999994,1.554943797e-05,2.069679956e-07,72.91038994,99.30903099,0.05596120916,0.8332344069,1.11531201
HL0,100,1,COMPLETED,0.030964711,0.05565105106,0.0007410855126,0.001281684495,0.001509504902,0.004026289619,0.004999999994,1.58467593e-05,1.01856974e-07,72.92895867,98.42077119,0.05644064527,0.8331382066,1.120565117
HL0,100,1,COMPLETED,0.031127626,0.05525118893,0.0007396301388,0.001266017289,0.001506374551,0.004034026511,0.004999999994,1.619146891e-05,8.123035391e-08,72.97638591,72.65092387,0.05461926112,0.8547392689,1.125306911
HL0,100,1,COMPLETED,0.031290541,0.05522055224,0.0007328768824,0.001238668743,0.001509767844,0.004041766337,0.004999999994,1.656002465e-05,3.255766676e-07,72.97895788,78.06631224,0.05450308379,0.858315733,1.129755087
HL0,100,1,COMPLETED,0.031453456,0.055063699,0.0007295534373,0.001229418043,0.001526222668,0.004049517579,0.004999999994,1.686459544e-05,5.121649133e-07,72.97450049,77.3340574,0.0549202724,0.8622780101,1.134990683
HL0,100,1,COMPLETED,0.031616371,0.0549321499,0.0007255376802,0.001221358195,0.001563421667,0.004057232608,0.004999999994,1.715789102e-05,2.041036804e-06,72.97751006,79.25859613,0.05719665869,0.8540609433,1.141132204
HL0,100,1,COMPLETED,0.031779286,0.05475945404,0.0007033801031,0.001166353494,0.001628862909,0.004064940866,0.004999999994,1.743040216e-05,1.908299558e-06,72.98233734,103.2200027,0.06013212446,0.8263933075,1.146467058
HL0,100,1,COMPLETED,0.031942201,0.05458841088,0.0006807661017,0.001117609423,0.001697651564,0.004072652444,0.004999999994,1.777095703e-05,1.808937286e-06,72.95636638,102.7390951,0.0615276458,0.8256392791,1.150276309
HL0,100,1,COMPLETED,0.032105116,0.05461301904,0.0006629178265,0.00108832747,0.001771318006,0.004080382853,0.004999999993,1.806907526e-05,1.565506806e-06,72.95435104,104.7971962,0.06444088629,0.8261330972,1.15347512
HL0,100,1,COMPLETED,0.032268031,0.05488475968,0.0006489700183,0.001070847803,0.001859016073,0.00408808592,0.004999999993,1.840631452e-05,1.336881504e-06,72.94449268,103.4909891,0.06427526387,0.8275609132,1.156739297
HL0,100,1,COMPLETED,0.032430946,0.05527323415,0.0006402217091,0.001053436169,0.001894526365,0.004095788525,0.004999999993,1.864974432e-05,1.240226384e-06,72.97425027,100.6527504,0.06514963925,0.8294047511,1.160048877
HL0,100,1,COMPLETED,0.032593861,0.05644180589,0.0006354259553,0.001050066092,0.0018854509,0.004103485623,0.004999999993,1.890648519e-05,1.069462243e-06,72.98355192,100.4161211,0.06364854941,0.8315330477,1.126794538
HL0,100,1,COMPLETED,0.032756776,0.05766458367,0.0006196085216,0.001028924391,0.001852450356,0.004111231207,0.004999999993,1.918551035e-05,8.055232208e-07,73.01340875,98.16812378,0.0640343471,0.8316189487,1.131929314
HL0,100,1,COMPLETED,0.032919691,0.05903266831,0.0006032248429,0.001016826574,0.001856755271,0.004118997563,0.004999999992,1.950958448e-05,5.583939615e-07,73.06113224,101.8728512,0.06530369862,0.8315334807,1.137037044
HL0,100,1,COMPLETED,0.033082606,0.05866447169,0.0005782126462,0.0009770040668,0.001877007621,0.004126777749,0.004999999992,1.975858973e-05,4.267453986e-07,73.09698985,98.51805529,0.06564530467,0.8322901543,1.142175042
HL0,100,1,COMPLETED,0.033245521,0.05624316613,0.0005673034852,0.0009504173891,0.001894190515,0.004134580996,0.004999999992,2.006383708e-05,1.887458606e-07,73.1336385,93.05193767,0.06595532735,0.8337993849,1.146738972
HL0,100,1,COMPLETED,0.033408436,0.05583548563,0.0005652946244,0.0009360700851,0.001911812365,0.004142400237,0.004999999991,2.036131906e-05,6.787041671e-08,73.14678697,99.92495178,0.06581135234,0.8362479754,1.150854797
HL0,100,1,COMPLETED,0.033571351,0.05487475181,0.0005530182976,0.0009168076189,0.001919937236,0.004150238801,0.004999999991,2.03592206e-05,1.227220221e-06,73.13435959,97.47515309,0.06604595487,0.838969096,1.156099769
HL0,100,1,COMPLETED,0.033734266,0.05598149026,0.0005353897456,0.0009090854479,0.00195630865,0.004158039634,0.004999999991,2.086875657e-05,2.745367728e-06,73.12959566,115.6015953,0.06899601474,0.8408607584,1.162385818
HL0,100,1,COMPLETED,0.033897181,0.05771995817,0.0005265344991,0.0009207473428,0.002010253535,0.004165841907,0.004999999991,2.109679096e-05,2.570901627e-06,73.12408408,116.8001728,0.06932228995,0.8412461965,1.167302894
HL0,100,1,COMPLETED,0.034060096,0.0591023704,0.0005188917563,0.0009448772301,0.0020807068,0.004173644255,0.004999999991,2.137648327e-05,2.400078704e-06,73.0890242,108.2125953,0.06913738077,0.84081988,1.170039475
HL0,100,1,COMPLETED,0.034223011,0.06022500291,0.0005030584965,0.0009663582142,0.002163736814,0.004181458687,0.004999999991,2.161188829e-05,2.083817955e-06,73.07767009,103.6444373,0.06985756642,0.8410949205,1.17226038
HL0,100,1,COMPLETED,0.034385926,0.06087861868,0.0004887986278,0.000992652584,0.002226786106,0.004189270361,0.004999999991,2.186782882e-05,1.823852999e-06,73.07649917,100.0840483,0.06922066649,0.8422034525,1.174645472
HL0,100,1,COMPLETED,0.034548841,0.06074360058,0.0004804869146,0.0009991972203,0.002230151297,0.00419709697,0.00499999999,2.201439701e-05,1.654236156e-06,73.09867025,93.18392959,0.06978349175,0.8439842739,1.177253794
HL0,100,1,COMPLETED,0.034711756,0.06381556656,0.0004772573933,0.001013436784,0.002191722855,0.004204914303,0.00499999999,2.21796381e-05,1.38252676e-06,73.10791994,88.75153354,0.06752501936,0.8461722442,1.135398834
HL0,100,1,COMPLETED,0.034874671,0.06552663546,0.0004819689498,0.001071034298,0.002156343023,0.004212777155,0.00499999999,2.236397124e-05,1.004373159e-06,73.1105641,82.50126032,0.06785095646,0.8485590052,1.136901711
HL0,100,1,COMPLETED,0.035037586,0.06674226057,0.0004838017258,0.001144826005,0.002183176008,0.004220653082,0.004999999989,2.258743388e-05,7.115417886e-07,73.13487984,82.50708385,0.06757384127,0.8458022894,1.139649436
HL0,100,1,COMPLETED,0.035200501,0.06674147108,0.0004769381028,0.001173412694,0.002212207894,0.004228550593,0.004999999989,2.273958649e-05,4.814501519e-07,73.14784907,79.80873846,0.06793909298,0.8462883252,1.142677622
HL0,100,1,COMPLETED,0.035363416,0.06453324402,0.0004693563219,0.001113163089,0.00221325999,0.004236477651,0.004999999989,2.296106551e-05,1.031604712e-07,73.15672473,80.08319263,0.06846716342,0.8472426844,1.144997002
HL0,100,1,COMPLETED,0.035526331,0.06207239759,0.000457348664,0.001048504596,0.002186808734,0.004244427159,0.004999999989,2.313347197e-05,2.385462777e-07,73.15131046,103.1910503,0.06976291388,0.8486613139,1.146679887
HL0,100,1,COMPLETED,0.035689246,0.06346534137,0.0004558421729,0.001074049453,0.00215154183,0.004252396736,0.004999999989,2.297278896e-05,1.157100023e-06,73.14427782,100.1483417,0.07018261918,0.8506816782,1.150741213
HL0,100,1,COMPLETED,0.035852161,0.06593230623,0.0004746900438,0.001158931414,0.002167473534,0.004260334714,0.004999999989,2.341861443e-05,2.744239091e-06,73.11250843,98.31772301,0.07103558889,0.8498144652,1.155137125
HL0,100,1,COMPLETED,0.036015076,0.06783213578,0.0005064169764,0.001253422536,0.002207045062,0.004268279711,0.004999999989,2.359136089e-05,2.501345084e-06,73.08310703,101.9820589,0.07179953572,0.8486269533,1.158658995
HL0,100,1,COMPLETED,0.036177991,0.06996167151,0.0005461637067,0.00139724614,0.002283038512,0.004276234391,0.004999999988,2.3773354e-05,2.188331788e-06,73.03171227,98.3872794,0.0708605995,0.8580829194,1.161220828
HL0,100,1,COMPLETED,0.036340906,0.07316286552,0.000593675616,0.00158950295,0.002384705841,0.004284196821,0.004999999988,2.392226339e-05,1.740225485e-06,73.01013932,92.68498492,0.07095489684,0.8586614131,1.163342729
HL0,100,1,COMPLETED,0.036503821,0.07654854741,0.0006336558353,0.001706726921,0.002404357906,0.004292155275,0.004999999988,2.404531882e-05,1.423363132e-06,73.01404128,89.41247751,0.0710647524,0.8592400841,1.165506964
HL0,100,1,COMPLETED,0.036666736,0.07770632357,0.0006555076813,0.001711390045,0.002344606877,0.004300146297,0.004999999988,2.40770376e-05,1.115742452e-06,73.02779453,84.56355017,0.07165556118,0.8595549339,1.168051469
HL0,100,1,COMPLETED,0.036829651,0.07495184826,0.0006838255888,0.001743720636,0.002258465408,0.004308112542,0.004999999988,2.413095576e-05,6.844493688e-07,73.01667403,81.4945946,0.06925443964,0.8594446508,1.153082534
HL0,100,1,COMPLETED,0.036992566,0.07429811997,0.0007239756522,0.001826362271,0.002183613599,0.004316127739,0.004999999987,2.421858785e-05,1.947741176e-07,72.99819718,73.16223937,0.06718544709,0.8588418411,1.151077406
HL0,100,1,COMPLETED,0.037155481,0.07351735798,0.0007570826321,0.001885782405,0.002182023005,0.004324147564,0.004999999987,2.428759584e-05,1.848913729e-07,72.98760549,72.90285919,0.06784328673,0.8578647804,1.156092428
HL0,100,1,COMPLETED,0.037318396,0.07217162004,0.0007692381338,0.00184627248,0.002180827662,0.004332214415,0.004999999987,2.43377361e-05,5.809324091e-07,72.99835877,71.6304413,0.06864608351,0.8565374195,1.160755279
HL0,100,1,COMPLETED,0.037481311,0.06995780049,0.0007610233376,0.001750202218,0.002137262057,0.004340305548,0.004999999987,2.445567195e-05,1.10589737e-06,72.98503221,81.51505554,0.0695345276,0.854586616,1.164986617
HL0,100,1,COMPLETED,0.037644226,0.06813746776,0.0007712850742,0.001736550546,0.002069249077,0.00434844628,0.004999999987,2.445458569e-05,1.500921035e-06,72.95348068,80.93907641,0.07072250398,0.8518820148,1.168701577
HL0,100,1,COMPLETED,0.037807141,0.07123616077,0.0008181503627,0.001833418828,0.002025729276,0.004356603773,0.004999999987,2.443293951e-05,1.866321782e-06,72.91908544,79.42828824,0.06958330986,0.8639187501,1.171954289
HL0,100,1,COMPLETED,0.037970056,0.07482525809,0.0008622225602,0.001915922359,0.002023470011,0.004364760777,0.004999999986,2.443200838e-05,1.503102104e-06,72.87957099,80.79693696,0.07033291134,0.866480559,1.175311764
HL0,100,1,COMPLETED,0.038132971,0.077826906,0.0009132750587,0.00203429526,0.002054921783,0.004372935536,0.004999999986,2.449965912e-05,1.162298106e-06,72.82773979,82.26777198,0.07017110151,0.8693736486,1.174375531
HL0,100,1,COMPLETED,0.038295886,0.08115758849,0.00099296628,0.002217554402,0.002118893057,0.00438114771,0.004999999986,2.451253828e-05,6.490830183e-07,72.79317162,81.55235011,0.07117707884,0.8712456399,1.179145658
HL0,100,1,COMPLETED,0.038458801,0.08554627819,0.001079111888,0.002392906851,0.002148776068,0.004389342084,0.004999999986,2.457439252e-05,1.906972305e-07,72.76995935,83.87345057,0.07219885351,0.8700037323,1.184392116
HL0,100,1,COMPLETED,0.038621716,0.08971698141,0.001145627614,0.002506355224,0.002081412311,0.004397568921,0.004999999986,2.44384734e-05,1.497108608e-07,72.76987519,79.49927684,0.0727458964,0.8683051829,1.190111522
HL0,100,1,COMPLETED,0.038784631,0.09045268504,0.001202188497,0.002592464874,0.001906933004,0.004405779851,0.004999999985,2.43088283e-05,5.868373933e-07,72.74696662,73.48155445,0.07063235273,0.8658519605,1.18319529
HL0,100,1,COMPLETED,0.038947546,0.08591180383,0.001248460834,0.002652056355,0.001748081535,0.004414015703,0.004999999985,2.421116367e-05,1.119125594e-06,72.69780262,69.61345629,0.07244948032,0.8625821278,1.187834862
HL0,100,1,COMPLETED,0.039110461,0.08195417132,0.001283637073,0.002651043734,0.001656234663,0.004422279534,0.004999999985,2.411949326e-05,1.566776864e-06,72.67055656,69.20308852,0.06822548845,0.858788549,1.17911025
HL0,100,1,COMPLETED,0.039273376,0.07817142247,0.001295551709,0.002587334724,0.001603651569,0.00443059328,0.004999999985,2.39428697e-05,1.929850621e-06,72.64872316,68.68822428,0.06855690288,0.884423829,1.187611551
HL0,100,1,COMPLETED,0.039436291,0.07594112096,0.00130545647,0.002538013394,0.001518266711,0.004438941827,0.004999999985,2.383605734e-05,2.404417983e-06,72.62843631,70.79767876,0.07037399054,0.8822674012,1.195540749
HL0,100,1,COMPLETED,0.039599206,0.07432007083,0.001329081921,0.002530912181,0.001410796953,0.004447349212,0.004999999984,2.366180528e-05,2.803571009e-06,72.57395277,70.03412191,0.07212926381,0.8815600206,1.203122378
HL0,100,1,COMPLETED,0.039762121,0.07507624638,0.001388315947,0.00260020765,0.001296128415,0.004455804749,0.004999999984,2.339335429e-05,4.013752283e-07,72.55048999,74.41546874,0.0738338669,0.8820472693,1.210314935
HL0,100,1,COMPLETED,0.039925036,0.07965853813,0.001457000818,0.002707450655,0.001235679903,0.004464284153,0.004999999984,2.317242256e-05,4.137848198e-08,72.51029071,71.10707506,0.07353550827,0.8829671104,1.217516341
HL0,100,1,COMPLETED,0.040087951,0.08443344079,0.00152497137,0.002838726781,0.001215334027,0.004472792945,0.004999999984,2.302088528e-05,2.964449853e-07,72.46813262,70.04133025,0.07269882136,0.884084292,1.203065153
HL0,100,1,COMPLETED,0.040250866,0.08937673318,0.00160154373,0.003007885989,0.001252655161,0.004481356679,0.004999999983,2.282132822e-05,7.742792386e-07,72.44636833,70.13646751,0.07456257904,0.8849403117,1.211573115
HL0,100,1,COMPLETED,0.040413781,0.0955226126,0.001685442047,0.003185916846,0.001228885673,0.004489896293,0.004999999983,2.266924578e-05,1.19788184e-06,72.43834888,78.15541723,0.0764515603,0.8767522457,1.220852032
HL0,100,1,COMPLETED,0.040576696,0.1023627813,0.001774512634,0.003366769484,0.001106722875,0.004498462812,0.004999999983,2.230131386e-05,1.499146846e-06,72.45049766,75.89932023,0.07715753206,0.8736616756,1.230963694
HL0,100,1,COMPLETED,0.040739611,0.1032572462,0.00185380457,0.003499289566,0.0008496417152,0.004506996521,0.004999999983,2.193673146e-05,1.873437934e-06,72.44020104,76.5867603,0.07492178368,0.8715846309,1.215152333
HL0,100,1,COMPLETED,0.040902526,0.09558239486,0.001907104517,0.00354487436,0.0006263025556,0.00451556409,0.004999999982,2.159636871e-05,2.310921003e-06,72.40908999,71.3367105,0.07220448568,0.8703433897,1.230585075
HL0,100,1,COMPLETED,0.041065441,0.08749277263,0.001923425011,0.003471931612,0.0004699981412,0.004524172781,0.004999999982,2.122718455e-05,2.664114294e-06,72.38650994,79.41299236,0.07065745127,0.870217128,1.204404228
HL0,100,1,COMPLETED,0.041228356,0.08285877401,0.001936523888,0.003407223457,0.0003650583413,0.004532845231,0.004999999982,2.081221414e-05,2.957872345e-06,72.36357702,74.18301813,0.07238949345,0.8692050965,1.217114821
HL0,100,1,COMPLETED,0.041391271,0.08130900429,0.001971062875,0.003417084652,0.0002200418382,0.0045415371,0.004999999981,2.047730939e-05,3.339632617e-06,72.31342893,71.95970376,0.07536957226,0.8685685214,1.228945739
HL0,100,1,COMPLETED,0.041554186,0.07942171263,0.002008166012,0.003437164678,8.090659067e-05,0.00455030295,0.004999999981,2.003124063e-05,3.596482795e-06,72.31335953,76.95323681,0.07815338902,0.8683205209,1.240514034
HL0,100,1,COMPLETED,0.041717101,0.08085730243,0.002070069439,0.003513532468,4.843276995e-05,0.004559125939,0.00499999998,1.947496546e-05,8.431137659e-07,72.29899736,73.41125898,0.07736046158,0.8682464583,1.251818865
HL0,100,1,COMPLETED,0.041880016,0.08629771569,0.00215558781,0.003659612397,0.0001401447508,0.004567995529,0.00499999998,1.90408599e-05,1.100153495e-06,72.25241896,69.21704856,0.08037210951,0.8669898668,1.263199987
HL0,100,1,COMPLETED,0.042042931,0.09260656026,0.002240493035,0.003822363832,0.0001643313425,0.004576904897,0.004999999979,1.861936766e-05,1.394598055e-06,72.25326793,67.19484879,0.07937826455,0.8637188882,1.231475543
HL0,100,1,COMPLETED,0.042205846,0.09947127136,0.002317099517,0.003990960855,0.0001562810845,0.004585872287,0.004999999978,1.81753866e-05,1.765409916e-06,72.25863889,66.65016698,0.07968597486,0.8601840641,1.24396001
HL0,100,1,COMPLETED,0.042368761,0.1073453825,0.002393176863,0.004161026995,0.0002949676109,0.00459477083,0.004999999978,1.76488203e-05,2.002981635e-06,72.29170373,74.13138098,0.08465200122,0.855796593,1.257653483
HL0,100,1,COMPLETED,0.042531676,0.1131044051,0.002475324325,0.00433032188,0.0005417554281,0.004603709468,0.004999999977,1.702911351e-05,2.203486865e-06,72.34189576,75.73025764,0.07729124404,0.8505874342,1.244801751
HL0,100,1,COMPLETED,0.042694591,0.1075281499,0.002541463584,0.004420827087,0.0008132969236,0.004612580185,0.004999999976,1.644389372e-05,2.473485158e-06,72.33904395,80.9402853,0.08176635998,0.8453716647,1.265656117
HL0,100,1,COMPLETED,0.042857506,0.09735040786,0.002561898597,0.004363577277,0.0009988109333,0.004621562265,0.004999999976,1.581736814e-05,2.711970432e-06,72.3208209,77.6162824,0.07383846213,0.8410247633,1.218502068
HL0,100,1,COMPLETED,0.043020421,0.08911989335,0.002555140854,0.004261030899,0.001171861364,0.004630556697,0.004999999975,1.512586993e-05,2.828895786e-06,72.33464323,75.2422481,0.07571591,0.8381132274,1.236127072
HL0,100,1,COMPLETED,0.043183336,0.08828038476,0.002584458475,0.004266707584,0.001323653383,0.004639610215,0.004999999974,1.451203155e-05,3.015322552e-06,72.32358183,73.15687704,0.07959190562,0.8359301282,1.252548274
HL0,100,1,COMPLETED,0.043346251,0.0866430789,0.002618577141,0.004281043452,0.001461900335,0.004648727333,0.004999999973,1.38251872e-05,3.094987853e-06,72.31702834,72.43249642,0.08350115441,0.8340828699,1.268738506
HL0,100,1,COMPLETED,0.043509166,0.08567954401,0.002660692901,0.004325892241,0.00163260151,0.004657875528,0.004999999971,1.311890539e-05,1.206757802e-06,72.32103546,72.93435859,0.08309690089,0.8332841073,1.284942173
HL0,100,1,COMPLETED,0.043672081,0.09055057539,0.002743766687,0.00446781598,0.001748426144,0.004667097397,0.00499999997,1.240392536e-05,1.397868201e-06,72.28987355,71.49904238,0.08706245599,0.828852009,1.301156239
HL0,100,1,COMPLETED,0.043834996,0.09905741934,0.002842156505,0.004649235519,0.001812314155,0.00467634719,0.004999999969,1.173550591e-05,1.565213532e-06,72.30456614,71.77654864,0.08664885531,0.8244298805,1.258975081
HL0,100,1,COMPLETED,0.043997911,0.1086738519,0.002933038675,0.004856878508,0.001836318007,0.004685665278,0.004999999968,1.103606085e-05,1.822165197e-06,72.34788278,72.30102068,0.08795192975,0.8197482914,1.272648042
HL0,100,1,COMPLETED,0.044160826,0.1160133072,0.003015327144,0.005062934465,0.001996786587,0.004694894448,0.004999999967,1.026034318e-05,1.919335386e-06,72.38976683,78.51135031,0.09428485545,0.8144375058,1.291192302
HL0,100,1,COMPLETED,0.044323741,0.1238897108,0.003099954525,0.005258884324,0.002234858658,0.00470412126,0.004999999966,9.448476849e-06,1.995030258e-06,72.45439246,79.38147307,0.08527436008,0.8085121941,1.282634501
HL0,100,1,COMPLETED,0.044486656,0.115842835,0.003161864219,0.005342991754,0.002487629318,0.004713292892,0.004999999964,8.662867108e-06,2.120621511e-06,72.47118804,82.52577649,0.08450050458,0.8027473655,1.309372553
HL0,100,1,COMPLETED,0.044649571,0.1061571093,0.003168320404,0.005246558124,0.002641352973,0.004722603514,0.004999999962,7.821387532e-06,2.155329308e-06,72.48383029,83.96887726,0.08212902022,0.7980483529,1.246543825
HL0,100,1,COMPLETED,0.044812486,0.09620389143,0.003151408535,0.005124693379,0.002817968053,0.004731901567,0.004999999961,6.985616843e-06,2.122397676e-06,72.53338007,71.15169333,0.08462996565,0.7948511583,1.269137616
HL0,100,1,COMPLETED,0.044975401,0.09605389487,0.00316641616,0.005099838262,0.002954478888,0.004741257032,0.004999999959,6.175255972e-06,2.06466295e-06,72.53627841,72.13443243,0.08962084685,0.792261994,1.290497149
HL0,100,1,COMPLETED,0.045138316,0.09494717678,0.003192384786,0.005106365149,0.003078117503,0.004750666171,0.004999999956,5.392056756e-06,1.789323608e-06,72.5548488,74.45485186,0.09507637392,0.7871480735,1.311834668
HL0,100,1,COMPLETED,0.045301231,0.09470084005,0.003236785628,0.005161022175,0.003266793296,0.004760092758,0.004999999954,4.731336585e-06,1.375889171e-06,72.55380194,74.53514463,0.09550039327,0.7816242637,1.333587797
HL0,100,1,COMPLETED,0.045464146,0.09996066936,0.003311586528,0.005298459933,0.003402647281,0.004769554977,0.004999999952,3.998371502e-06,1.476597714e-06,72.54402167,75.63330953,0.09450388485,0.776576196,1.280937711
HL0,100,1,COMPLETED,0.045627061,0.1096977242,0.003398501159,0.005489743747,0.003479228779,0.00477902379,0.00499999995,3.378619551e-06,1.583899946e-06,72.56882997,78.02067435,0.10202753,0.7717461808,1.310972306
HL0,100,1,COMPLETED,0.045789976,0.1199682126,0.003485121768,0.005720611914,0.003565861201,0.004788528967,0.004999999947,2.888966356e-06,1.729178121e-06,72.62054032,79.58168216,0.1037224394,0.7668394439,1.324507699
HL0,100,1,COMPLETED,0.045952891,0.1322642911,0.003565844004,0.005944290419,0.003777872283,0.004797954047,0.004999999945,2.663323022e-06,1.697656202e-06,72.68551903,81.43257281,0.1070650265,0.7615107328,1.349692029
HL0,100,1,COMPLETED,0.046115806,0.1356812616,0.003642347923,0.006113008885,0.003942349731,0.00480724252,0.004999999943,2.78127707e-06,1.698006888e-06,72.73252996,83.02140866,0.102328176,0.755991958,1.343706018
HL0,100,1,COMPLETED,0.046278721,0.1215066571,0.003662342884,0.006072861441,0.004149542588,0.004816597469,0.00499999994,3.194661136e-06,1.729889234e-06,72.77383601,85.87014534,0.101517377,0.7511581722,1.377718617
HL0,100,1,COMPLETED,0.046441636,0.1070043495,0.003631767091,0.005889859791,0.004265508846,0.004826085568,0.004999999937,3.885590282e-06,1.563631565e-06,72.83427202,72.32638011,0.09715373236,0.7478291698,1.303815948
HL0,100,1,COMPLETED,0.046604551,0.09628912498,0.003598898524,0.005760034709,0.004373450576,0.004835547989,0.004999999933,4.585343222e-06,1.473946267e-06,72.8897616,75.54412984,0.1026145578,0.7456201421,1.331189356
HL0,100,1,COMPLETED,0.046767466,0.09554313285,0.003597853169,0.005716424858,0.00444344937,0.004845041921,0.004999999929,5.384410692e-06,1.306484175e-06,72.91048155,79.28235382,0.1087128382,0.7425762807,1.356995845
HL0,100,1,COMPLETED,0.046930381,0.0947046303,0.003602452234,0.005687471175,0.004556532797,0.004854541625,0.004999999925,6.034398102e-06,1.756477908e-06,72.90737779,81.01707858,0.1101561374,0.7365862667,1.382627322
HL0,100,1,COMPLETED,0.047093296,0.09640420914,0.003638138928,0.005734089018,0.004727314793,0.004864066282,0.004999999921,6.866212543e-06,2.04113745e-06,72.91321085,80.08944934,0.1164865746,0.7312345631,1.408243683
HL0,100,1,COMPLETED,0.047256211,0.1043667784,0.003688627015,0.005839888999,0.004840335803,0.004873576296,0.004999999917,7.732267182e-06,2.04503205e-06,72.90491761,80.2792744,0.1148429093,0.7264156887,1.345096213
HL0,100,1,COMPLETED,0.047419126,0.1145483276,0.003742448783,0.005984986507,0.004935273188,0.004883103049,0.004999999912,8.640508558e-06,2.151601347e-06,72.92484846,84.35938514,0.1194167612,0.7221009344,1.358260218
HL0,100,1,COMPLETED,0.047582041,0.1256449112,0.003795629807,0.006148849112,0.005056257528,0.004892540207,0.004999999907,9.622191248e-06,2.111161934e-06,72.97366857,87.81286043,0.1243252102,0.7178529024,1.385640694
HL0,100,1,COMPLETED,0.047744956,0.1353889605,0.003847261332,0.006297286579,0.005236751268,0.004901909848,0.004999999902,1.058087632e-05,2.025354349e-06,73.04855314,86.2623127,0.1191061769,0.7131716807,1.3819495
HL0,100,1,COMPLETED,0.047907871,0.1316087844,0.003879610858,0.006359351546,0.005382499918,0.004911224378,0.004999999897,1.150590668e-05,1.977451664e-06,73.0991995,90.63005154,0.1260632267,0.7085606666,1.419450801
HL0,100,1,COMPLETED,0.048070786,0.1131520126,0.003839592818,0.006184688151,0.005475814564,0.00492068088,0.004999999892,1.251204145e-05,1.834120389e-06,73.13485699,92.78053765,0.1177960466,0.7049608925,1.332901275
HL0,100,1,COMPLETED,0.048233701,0.1012514432,0.003784313555,0.006011380791,0.005543877831,0.004930154601,0.004999999885,1.345673614e-05,1.629391398e-06,73.19831741,87.52757824,0.1211622149,0.7027913202,1.364334182
HL0,100,1,COMPLETED,0.048396616,0.09339609804,0.003745349174,0.005899067077,0.005571470356,0.004939624057,0.004999999878,1.437806013e-05,1.390228741e-06,73.24244519,90.61878545,0.1273705214,0.7008701502,1.393924967
HL0,100,1,COMPLETED,0.048559531,0.09277898776,0.003733170681,0.005839526891,0.00556667547,0.004949115309,0.00499999987,1.486886107e-05,2.6297879e-06,73.2592336,92.16919289,0.1341752144,0.6988073683,1.422315235
HL0,100,1,COMPLETED,0.048722446,0.09299948998,0.003718024213,0.00577673213,0.005694813271,0.004958586414,0.004999999861,1.580666632e-05,3.466926175e-06,73.23308174,91.76686525,0.1361532007,0.6977933408,1.450298895
HL0,100,1,COMPLETED,0.048885361,0.09397108013,0.003736437883,0.005797906536,0.005809777898,0.004968066539,0.004999999853,1.673899992e-05,3.477846489e-06,73.24514981,89.21913181,0.1347715874,0.6921368977,1.37921451
HL0,100,1,COMPLETED,0.049048276,0.1026695234,0.003768536966,0.005872807107,0.005872774793,0.004977514911,0.004999999844,1.765273012e-05,3.461752067e-06,73.21543998,92.20451092,0.1398990887,0.6871860094,1.382772578
HL0,100,1,COMPLETED,0.049211191,0.1127506048,0.003806380441,0.005983910214,0.005977551229,0.004986982111,0.004999999834,1.861258684e-05,3.498768432e-06,73.24409117,93.05029542,0.1462731432,0.6828895003,1.409773848
HL0,100,1,COMPLETED,0.049374106,0.1222459166,0.00383024651,0.006077352033,0.006149462853,0.004996343191,0.004999999825,1.960063451e-05,3.349350809e-06,73.28862149,101.128793,0.1516305945,0.6786925208,1.438494597
HL0,100,1,COMPLETED,0.049537021,0.1253118627,0.003838780755,0.006125063076,0.006228229578,0.005005554142,0.004999999815,2.051789458e-05,3.228531466e-06,73.30502108,100.3743087,0.1451505467,0.6745051013,1.446023306
HL0,100,1,COMPLETED,0.049699936,0.1125516314,0.003822701507,0.006060220371,0.006246732969,0.005014872965,0.004999999804,2.145627695e-05,3.148543083e-06,73.34392927,97.08374801,0.1478537399,0.6709729421,1.484525059
HL0,100,1,COMPLETED,0.049862851,0.1006440944,0.003762108519,0.005897740884,0.006229063982,0.005024330599,0.004999999792,2.241594171e-05,2.861302809e-06,73.36393727,102.5430727,0.1429188209,0.6685976238,1.38467928
HL0,100,1,COMPLETED,0.050004044,0.09375263848,0.00371827586,0.005784657076,0.006236478786,0.005032479242,0.004999999781,2.318258613e-05,2.63102019e-06,73.38527743,103.9049639,0.1479675422,0.667207812,1.407152612
HL1q,100,1,COMPLETED,1.0861e-05,0.05015736433,1.265146547e-06,7.534489666e-06,6.462917201e-07,0.002500535835,0.005,4.35830751e-07,1.147677148e-10,72.78169899,2.066236725,0.001630668635,0.9966364734,0.9999820286
HL1q,100,1,COMPLETED,0.000173776,0.05027272605,9.673216882e-06,3.257573792e-05,3.537255605e-05,0.002508588335,0.005,3.951164905e-07,2.926113285e-08,72.77199085,1.923570664,0.001561381798,0.9966879265,1.000049909
HL1q,100,1,COMPLETED,0.000336691,0.05044352036,1.520631991e-05,4.879581693e-05,6.412682045e-05,0.002516686536,0.005,3.4936583e-07,6.412905894e-08,72.77510908,1.650586805,0.001569262707,0.9966975292,1.000171827
HL1q,100,1,COMPLETED,0.000499606,0.05062086762,1.978077728e-05,6.238064583e-05,0.0001145199408,0.002524855613,0.005,3.952094496e-07,2.402154975e-08,72.77262831,1.245175356,0.001581626699,0.9966813368,1.00031726
HL1q,100,1,COMPLETED,0.000662521,0.05070857715,2.261071286e-05,7.004069104e-05,0.000133673623,0.002533019878,0.005,3.864995442e-07,4.025897701e-08,72.7752096,0.8197422338,0.001614309425,0.9966241411,1.000470322
HL1q,100,1,COMPLETED,0.000825436,0.05071284002,2.261393472e-05,6.885081579e-05,0.0001517196819,0.002541176874,0.005,3.709214405e-07,3.532222434e-08,72.76963037,0.6480897326,0.001606165131,0.9964781589,1.000620601
HL1q,100,1,COMPLETED,0.000988351,0.05063973006,2.051300805e-05,6.130881077e-05,0.0001435811395,0.002549324969,0.005,3.106051489e-07,1.139595205e-08,72.76485102,0.9194262126,0.001618768593,0.9963352475,1.00075899
HL1q,100,1,COMPLETED,0.001151266,0.05049851317,1.652788229e-05,4.821490172e-05,0.0001471872753,0.002557466746,0.005,3.96599106e-07,5.543349995e-08,72.76847147,1.31367927,0.001630816139,0.9962120583,1.00087047
HL1q,100,1,COMPLETED,0.001314181,0.05031049665,1.145730769e-05,3.245717685e-05,0.0001246336333,0.002565622415,0.005,3.777357669e-07,4.369833696e-08,72.77366268,1.608896196,0.001654974913,0.9961257318,1.000947599
HL1q,100,1,COMPLETED,0.001477096,0.05014209709,6.992467867e-06,2.102032192e-05,0.0001086391722,0.002573790783,0.005,4.298527269e-07,4.222459925e-08,72.76867183,1.764503729,0.001633665156,0.9960812632,1.000980888
HL1q,100,1,COMPLETED,0.001640011,0.05028061248,6.715842791e-06,2.664590007e-05,5.776138745e-05,0.00258195836,0.005,3.73613841e-07,5.684807887e-08,72.76877852,1.76686607,0.001618206978,0.9960813013,1.000981009
HL1q,100,1,COMPLETED,0.001802926,0.0505035642,1.075709537e-05,4.124240272e-05,2.58261176e-05,0.002590075464,0.005,4.257625315e-07,3.533515889e-08,72.76795892,1.714281831,0.001584636696,0.9961134924,1.000936432
HL1q,100,1,COMPLETED,0.001965841,0.05070209935,1.585246699e-05,5.715088474e-05,9.27152053e-06,0.002598131052,0.005,4.573294699e-07,9.978187117e-10,72.77632452,1.424645106,0.001605997221,0.996125949,1.001210972
HL1q,100,1,COMPLETED,0.002128756,0.05085476446,1.941996653e-05,6.700760645e-05,9.5341569e-06,0.002606172714,0.005,4.316015389e-07,1.561945501e-08,72.77331435,1.149416017,0.001484840376,0.9970159637,1.001164576
HL1q,100,1,COMPLETED,0.002291671,0.05072282912,2.041670948e-05,6.787593473e-05,4.916858412e-05,0.002614240891,0.005,3.673082052e-07,6.830674148e-08,72.77703391,0.9972121947,0.00144657523,0.9969997136,1.001157621
HL1q,100,1,COMPLETED,0.002454586,0.05054148333,1.961369483e-05,6.330330068e-05,0.0001030280113,0.002622408112,0.005,3.937481093e-07,7.124562671e-10,72.77270571,0.9843653216,0.001413792092,0.9969817586,1.001071436
HL1q,100,1,COMPLETED,0.002617501,0.050492212,1.731197935e-05,5.421150038e-05,0.0001476683358,0.00263056766,0.005,4.363048136e-07,4.40747557e-08,72.77889462,1.130966307,0.00138627921,0.9969656266,1.000980933
HL1q,100,1,COMPLETED,0.002780416,0.05040909641,1.388649655e-05,4.190380001e-05,0.0001685146233,0.002638730515,0.005,4.24435284e-07,5.274196073e-09,72.77700328,1.380940694,0.001352908697,0.9972935991,1.000899285
HL1q,100,1,COMPLETED,0.002943331,0.05028353367,9.59413319e-06,2.805538745e-05,0.0001673708998,0.002646888887,0.005,4.326678401e-07,1.349667572e-08,72.77353791,1.555857292,0.001343052192,0.9972921848,1.00085574
HL1q,100,1,COMPLETED,0.003106246,0.05016152722,7.053062577e-06,2.100046328e-05,0.0001724303551,0.00265501713,0.005,4.79165835e-07,6.108179278e-08,72.77358486,1.639320864,0.001327730983,0.9972580495,1.000847778
HL1q,100,1,COMPLETED,0.003269161,0.05020151564,8.024352187e-06,2.592829965e-05,0.00016301796,0.002663174014,0.005,4.439241849e-07,3.552035151e-08,72.77686893,1.540758896,0.001330689043,0.9971895642,1.000852127
HL1q,100,1,COMPLETED,0.003432076,0.05029787245,1.126134274e-05,3.750292153e-05,0.0001461268931,0.002671340488,0.005,4.979733191e-07,5.91370286e-08,72.77362553,1.442616004,0.001337504459,0.9970861958,1.000876188
HL1q,100,1,COMPLETED,0.003594991,0.05037850133,1.441690516e-05,4.698147401e-05,9.358133032e-05,0.002679499041,0.005,4.47665907e-07,1.21311919e-08,72.77069804,1.221100838,0.001359698465,0.9969630528,1.001153524
HL1q,100,1,COMPLETED,0.003757906,0.05036916726,1.682590639e-05,5.282521036e-05,5.121581862e-05,0.002687653416,0.005,4.566065892e-07,4.964175452e-08,72.76809993,1.031069626,0.001358795097,0.9968251972,1.001219486
HL1q,100,1,COMPLETED,0.003920821,0.05070962059,1.721447859e-05,5.323902828e-05,1.579077137e-05,0.002695719085,0.005,4.969208277e-07,1.412391968e-09,72.76960206,0.9662210459,0.001394448429,0.9966775154,1.001817034
HL1q,100,1,COMPLETED,0.004083736,0.0509276405,1.56685546e-05,4.821651836e-05,1.078362827e-05,0.002703754756,0.005,4.986853163e-07,4.440637311e-09,72.76930148,1.152563106,0.001377724151,0.9969406349,1.001816054
HL1q,100,1,COMPLETED,0.004246651,0.0505923573,1.264497745e-05,3.763900762e-05,4.282686078e-05,0.002711818143,0.005,4.516376763e-07,5.622403713e-08,72.76911767,1.259345701,0.001385009547,0.9968079196,1.001855617
HL1q,100,1,COMPLETED,0.004409566,0.05035215342,9.305603173e-06,2.68697941e-05,8.156250083e-05,0.002719963407,0.005,4.424002123e-07,3.483204631e-08,72.77123855,1.418126761,0.001392562017,0.9966852634,1.001825755
HL1q,100,1,COMPLETED,0.004572481,0.05013671482,5.950365387e-06,1.634402584e-05,0.0001330817462,0.002728124572,0.005,4.842081542e-07,3.747319256e-08,72.77373134,1.53208859,0.001386067715,0.9965710681,1.001753602
HL1q,100,1,COMPLETED,0.004735396,0.05015441228,5.416151988e-06,1.74962333e-05,0.0001499463203,0.002736291092,0.005,4.628223004e-07,1.405874491e-08,72.77547614,1.594911447,0.001359601974,0.9967872932,1.001643666
HL1q,100,1,COMPLETED,0.004898311,0.05023748092,8.043936731e-06,2.770164948e-05,0.0001645501518,0.002744447436,0.005,4.894048563e-07,3.485297205e-08,72.77296156,1.510098591,0.001353545079,0.9967679169,1.001492104
HL1q,100,1,COMPLETED,0.005061226,0.05028981333,1.138640984e-05,3.757373947e-05,0.0001605164287,0.002752578179,0.005,4.82792248e-07,4.310628732e-08,72.7730879,1.303495623,0.001334809296,0.9967660488,1.001325486
HL1q,100,1,COMPLETED,0.005224141,0.05038024778,1.392822509e-05,4.452378515e-05,0.0001668340239,0.002760734631,0.005,4.86490032e-07,4.124905742e-08,72.77727416,1.101972643,0.001325555218,0.9967763991,1.001193012
HL1q,100,1,COMPLETED,0.005387056,0.05041464419,1.499089505e-05,4.659715056e-05,0.0001495424317,0.002768894418,0.005,5.618599509e-07,6.785189811e-08,72.77734362,1.027749155,0.001314548245,0.9967965821,1.001252289
HL1q,100,1,COMPLETED,0.005549971,0.05039577526,1.440664137e-05,4.350720985e-05,0.0001143775701,0.002777052835,0.005,5.59872882e-07,2.430534176e-08,72.77164488,1.032457968,0.001311562424,0.9968135119,1.001299998
HL1q,100,1,COMPLETED,0.005712886,0.05033747614,1.264827098e-05,3.703134946e-05,6.323691922e-05,0.002785219252,0.005,5.44407702e-07,5.820331498e-08,72.77902789,1.130508854,0.001357824498,0.996822055,1.0033385
HL1q,100,1,COMPLETED,0.005875801,0.05025846218,9.630769799e-06,2.707587016e-05,3.012597054e-05,0.002793290143,0.005,5.760477667e-07,1.685621347e-08,72.77319849,1.368261459,0.001352187563,0.9968119184,1.003432176
HL1q,100,1,COMPLETED,0.006038716,0.05079920961,7.183500156e-06,2.56703499e-05,3.552350751e-06,0.002801333471,0.005,5.907361684e-07,9.060304321e-09,72.77461321,1.499779768,0.001481433104,0.9967715532,1.005362264
HL1q,100,1,COMPLETED,0.006201631,0.05051791214,6.308180539e-06,2.007269121e-05,3.923758119e-05,0.002809385612,0.005,5.57400134e-07,5.24471007e-08,72.76618236,1.569261062,0.001448597073,0.9967847995,1.005651247
HL1q,100,1,COMPLETED,0.006364546,0.05049539478,8.788396219e-06,2.818016603e-05,7.197884594e-05,0.002817494067,0.005,5.432969823e-07,8.956396423e-08,72.77195429,1.510926363,0.001488993879,0.9966697126,1.005941858
HL1q,100,1,COMPLETED,0.006527461,0.05054331249,1.25440419e-05,3.843755823e-05,0.0001241166199,0.002825659797,0.005,5.720708875e-07,3.215841383e-09,72.76936312,1.459407879,0.001506745994,0.9965394995,1.006232546
HL1q,100,1,COMPLETED,0.006690376,0.05064339517,1.498750492e-05,4.452662175e-05,0.0001417215195,0.002833825371,0.005,5.875060488e-07,3.216022562e-09,72.77224795,1.384112112,0.001556593213,0.996389053,1.006556947
HL1q,100,1,COMPLETED,0.006853291,0.05073866301,1.623618839e-05,4.738604e-05,0.0001633678933,0.002841980094,0.005,6.004630416e-07,8.102626418e-09,72.76741399,1.314195596,0.001567213767,0.9968951426,1.006904102
HL1q,100,1,COMPLETED,0.007016206,0.05080062202,1.73903996e-05,4.914096212e-05,0.0001583546003,0.002850123263,0.005,5.805260326e-07,2.748856908e-08,72.76134339,1.377839374,0.001589216097,0.9968137287,1.00728031
HL1q,100,1,COMPLETED,0.007179121,0.05077481708,1.72808304e-05,4.66826591e-05,0.0001637122713,0.002858267996,0.005,6.414586337e-07,6.021118845e-08,72.76418396,1.641224836,0.001648823205,0.9966685261,1.007667351
HL1q,100,1,COMPLETED,0.007342036,0.05067245493,1.547378555e-05,3.986795302e-05,0.0001421585898,0.00286642434,0.005,6.528258438e-07,5.717754316e-08,72.76810411,1.799097499,0.00170247187,0.9965328688,1.008062088
HL1q,100,1,COMPLETED,0.007504951,0.05048216852,1.290969044e-05,3.12427556e-05,0.000125756354,0.00287459282,0.005,6.907902031e-07,4.71830512e-08,72.75867112,2.015762903,0.001752015229,0.9964163149,1.008451387
HL1q,100,1,COMPLETED,0.007667866,0.05019835468,1.163150206e-05,2.699957406e-05,7.843512528e-05,0.002882764456,0.005,6.518263346e-07,4.62788886e-08,72.7644308,2.195506674,0.001808433912,0.9963179197,1.00882445
HL1q,100,1,COMPLETED,0.007830781,0.05011848146,1.357823663e-05,3.365756922e-05,5.248995433e-05,0.002890872438,0.005,6.886527252e-07,1.346310839e-08,72.76169243,2.274053519,0.001820484624,0.9962333568,1.009141841
HL1q,100,1,COMPLETED,0.007993696,0.05016888642,1.728333081e-05,4.37080391e-05,2.788318068e-05,0.002898933184,0.005,7.072672151e-07,2.179102622e-08,72.7670069,3.792585566,0.002028353944,0.9917635743,1.009431985
HL1q,100,1,COMPLETED,0.008156611,0.05022865284,1.974677886e-05,4.9191786e-05,5.142362313e-05,0.002906970429,0.005,6.845811997e-07,5.220381145e-09,72.76391956,3.843711137,0.001977426715,0.9917234794,1.009505552
HL1q,100,1,COMPLETED,0.008319526,0.05024650416,2.136543588e-05,5.27721385e-05,8.157429076e-05,0.002915038103,0.005,6.380132848e-07,3.631234299e-08,72.76794045,4.00627615,0.002029355783,0.9917629072,1.009741892
HL1q,100,1,COMPLETED,0.008482441,0.05023821778,2.253957875e-05,5.643883459e-05,0.0001338260341,0.002923200078,0.005,6.633115052e-07,5.315763886e-08,72.76057515,4.075088873,0.002039202184,0.9918334211,1.009897714
HL1q,100,1,COMPLETED,0.008645356,0.05022518965,2.290629035e-05,6.061057185e-05,0.0001672252689,0.002931351321,0.005,6.976496383e-07,9.550485628e-08,72.76722993,4.122018262,0.002069038343,0.9919575887,1.00995361
HL1q,100,1,COMPLETED,0.008808271,0.05033428244,2.259052709e-05,6.480305562e-05,0.0001831712476,0.002939500791,0.005,7.126577245e-07,9.106953583e-08,72.76532477,4.140431347,0.002075980448,0.9921385188,1.009876796
HL1q,100,1,COMPLETED,0.008971186,0.05033057672,2.216809052e-05,6.880130014e-05,0.000173416595,0.002947643359,0.005,7.18769903e-07,6.73147486e-08,72.75936212,4.165393566,0.002093292554,0.9924136536,1.009659813
HL1q,100,1,COMPLETED,0.009134101,0.05073661069,2.131473059e-05,7.135854606e-05,0.0001735465732,0.002955761308,0.005,7.811586501e-07,1.335616011e-07,72.75665132,5.594658608,0.002423526333,0.9886384493,1.009287495
HL1q,100,1,COMPLETED,0.009297016,0.05081695785,2.158811633e-05,7.279872289e-05,0.0001533639227,0.002963902474,0.005,7.659491017e-07,8.302267381e-08,72.75753769,5.955777292,0.002485607691,0.9882948206,1.008794639
HL1q,100,1,COMPLETED,0.009459931,0.05060612068,2.316776249e-05,6.763702316e-05,0.0001255212714,0.002972047934,0.005,8.356556135e-07,6.919459255e-08,72.74876972,6.644626488,0.002574470229,0.9880763014,1.008267673
HL1q,100,1,COMPLETED,0.009622846,0.05071956155,2.393778994e-05,6.121354988e-05,5.401681942e-05,0.002980179568,0.005,8.189574974e-07,4.25149707e-08,72.7434625,7.427543799,0.003287173365,0.9808502395,1.00886571
HL1q,100,1,COMPLETED,0.009785761,0.05148027325,2.585145815e-05,7.356835949e-05,2.482416919e-06,0.002988297452,0.005,8.593923558e-07,9.530573853e-08,72.73812273,7.806931678,0.003410896535,0.9792701711,1.009432775
HL1q,100,1,COMPLETED,0.009948676,0.05145458533,2.743117384e-05,7.73326997e-05,7.989668689e-05,0.002996309602,0.005,8.986766579e-07,9.007335424e-08,72.73754964,10.65776869,0.003833782861,0.9779728003,1.009901894
HL1q,100,1,COMPLETED,0.010111591,0.05123714957,2.804377613e-05,7.515223586e-05,0.000112355501,0.003004303188,0.005,9.197862607e-07,1.335143138e-07,72.73852574,10.51550262,0.003967512299,0.9767758408,1.010345307
HL1q,100,1,COMPLETED,0.010274506,0.05158371341,2.929479002e-05,7.651099258e-05,9.229191073e-05,0.003012341439,0.005,9.17606186e-07,2.241521215e-07,72.73270959,10.93660956,0.004217437856,0.9755173584,1.010569165
HL1q,100,1,COMPLETED,0.010437421,0.05197075868,3.235967076e-05,8.539967642e-05,6.600590041e-05,0.003020464551,0.005,9.628149529e-07,2.279835876e-07,72.73180702,11.90713012,0.004777696512,0.9746099391,1.010768197
HL1q,100,1,COMPLETED,0.010600336,0.05266992248,3.640306942e-05,0.0001018536826,2.79009209e-05,0.003028589727,0.005,1.018227391e-06,2.159945357e-07,72.73488009,12.0314519,0.004984805726,0.9738348699,1.011052842
HL1q,100,1,COMPLETED,0.010763251,0.05364073001,4.188142202e-05,0.0001322201504,2.9655717e-05,0.003036714565,0.005,1.091663905e-06,2.940585821e-07,72.73580056,11.98546408,0.005179945905,0.9731384276,1.012131872
HL1q,100,1,COMPLETED,0.010926166,0.05456240998,4.887043585e-05,0.0001695064272,4.709759262e-05,0.00304482132,0.005,1.140587339e-06,3.448677576e-07,72.734349,11.98247811,0.005379978001,0.9718751371,1.013305762
HL1q,100,1,COMPLETED,0.011089081,0.0551357125,5.367182095e-05,0.0001837749578,8.784814469e-05,0.003052888005,0.005,1.191455788e-06,1.989153892e-07,72.73686428,12.2044047,0.005872078463,0.9709160509,1.014711159
HL1q,100,1,COMPLETED,0.011251996,0.05524360294,5.803826594e-05,0.0001988368568,0.0001170558505,0.003060987015,0.005,1.195955399e-06,2.390241758e-07,72.7442814,12.43784254,0.006144376015,0.9702283366,1.016514494
HL1q,100,1,COMPLETED,0.011414911,0.05510303558,6.212471056e-05,0.0002111564631,0.0001665134073,0.00306908945,0.005,1.295790828e-06,2.132022974e-07,72.75203889,14.18880215,0.006648427525,0.9697939857,1.018688683
HL1q,100,1,COMPLETED,0.011577826,0.05430138502,6.191046722e-05,0.0001854643808,0.0002337566379,0.003077189099,0.005,1.345467512e-06,2.814279836e-07,72.76169325,15.0283224,0.006933864045,0.9696809063,1.020760406
HL1q,100,1,COMPLETED,0.011740741,0.05287993737,6.073084411e-05,0.0001625484344,0.0003270395793,0.003085281018,0.005,1.402903808e-06,3.768183491e-07,72.7773469,18.29094986,0.007205313948,0.9697951885,1.022380477
HL1q,100,1,COMPLETED,0.011903656,0.05342642173,6.394999988e-05,0.0001795448989,0.00037302063,0.003093311934,0.005,1.456138802e-06,3.719837561e-07,72.78875239,18.34179693,0.007327757318,0.968725732,1.024184063
HL1q,100,1,COMPLETED,0.012066571,0.05337749951,7.036472417e-05,0.0001997675504,0.0004448181958,0.003101289159,0.005,1.516226619e-06,4.061437829e-07,72.78969784,16.78742228,0.007880941474,0.9664104712,1.026019723
HL1q,100,1,COMPLETED,0.012229486,0.05382793859,7.67373606e-05,0.0002264843085,0.0004109533803,0.003109314559,0.005,1.585367295e-06,4.995159092e-07,72.78051726,17.35212374,0.008013040555,0.9644023475,1.02774947
HL1q,100,1,COMPLETED,0.012392401,0.05403347766,7.758559359e-05,0.0002187273991,0.0003904170595,0.003117390366,0.004999999999,1.689185015e-06,5.784607794e-07,72.79105413,20.48241689,0.00853755149,0.9627173983,1.029522395
HL1q,100,1,COMPLETED,0.012555316,0.05394781785,8.000144389e-05,0.0002155491166,0.0003380853369,0.003125528036,0.004999999999,1.749416957e-06,5.491713624e-07,72.78959502,20.76183562,0.008781977704,0.9612839876,1.03137158
HL1q,100,1,COMPLETED,0.012718231,0.05395713717,8.11408619e-05,0.0002114194159,0.0003152201397,0.003133675445,0.004999999999,1.833212158e-06,5.625821398e-07,72.80894147,20.90845224,0.009060271448,0.9600340654,1.033229304
HL1q,100,1,COMPLETED,0.012881146,0.05353285942,8.015512901e-05,0.0002040002385,0.0002809264238,0.003141819377,0.004999999999,1.98443156e-06,6.643956603e-07,72.81978714,21.01112953,0.009350032025,0.9588865077,1.035030584
HL1q,100,1,COMPLETED,0.013044061,0.05371317773,8.13819131e-05,0.0002031127849,0.0002669253823,0.003149958101,0.004999999999,1.937064908e-06,6.041481725e-07,72.82878141,21.08669575,0.009663776312,0.9578456274,1.03672546
HL1q,100,1,COMPLETED,0.013206976,0.05378889784,8.106957257e-05,0.0001928039031,0.0002759029663,0.00315807389,0.004999999999,1.851797838e-06,1.630789795e-07,72.85263673,27.18353013,0.01061539661,0.9569126047,1.0392693
HL1q,100,1,COMPLETED,0.013369891,0.05317010108,7.732666757e-05,0.0001771850639,0.0003085122957,0.003166208022,0.004999999999,1.844357442e-06,7.819129248e-08,72.87045142,27.59377442,0.01100901265,0.9562142788,1.041757723
HL1q,100,1,COMPLETED,0.013532806,0.05196682592,7.226732488e-05,0.0001694933884,0.0003005442498,0.003174391256,0.004999999999,1.858715151e-06,1.255754504e-08,72.87230605,28.32968139,0.01122809754,0.9557189713,1.043666502
HL1q,100,1,COMPLETED,0.013695721,0.05094349091,7.06627112e-05,0.0001798434924,0.0003232399492,0.003182581035,0.004999999999,1.837092827e-06,3.06336643e-08,72.88665208,27.94033279,0.01318289274,0.9548439022,1.066864657
HL1q,100,1,COMPLETED,0.013858636,0.05094225271,7.519041262e-05,0.0002462594324,0.0003220746848,0.003190714751,0.004999999999,1.846712689e-06,6.477176751e-08,72.89590107,27.80468829,0.01306627865,0.9526373977,1.064341207
HL1q,100,1,COMPLETED,0.014021551,0.05105539462,7.731482659e-05,0.0002371864881,0.000231267073,0.003198892694,0.004999999999,1.78847638e-06,2.031459956e-07,72.91232605,30.49585678,0.01425272408,0.9505662272,1.067112692
HL1q,100,1,COMPLETED,0.014184466,0.05109577029,8.014122878e-05,0.0002475075018,0.0001599605721,0.00320698727,0.004999999999,1.747648081e-06,2.69045361e-07,72.93116557,30.06991182,0.01358367268,0.9484420106,1.065664037
HL1q,100,1,COMPLETED,0.014347381,0.05116606179,8.497100458e-05,0.000275394913,7.095450788e-05,0.003215127019,0.004999999999,1.71758773e-06,2.940899109e-07,72.9629582,30.44438616,0.01369448682,0.9466015473,1.063507087
HL1q,100,1,COMPLETED,0.014510296,0.05145951116,9.395013399e-05,0.0003307739319,3.903973399e-06,0.003223337066,0.004999999999,1.692775593e-06,4.592263114e-07,72.97836494,49.94051141,0.01397494816,0.9452791263,1.060817713
HL1q,100,1,COMPLETED,0.014673211,0.05165341251,0.0001076631379,0.0004144126038,8.775381361e-05,0.003231566221,0.004999999999,1.645081806e-06,6.559668245e-07,73.00807123,50.87330589,0.01385255765,0.9441435678,1.057325853
HL1q,100,1,COMPLETED,0.014836126,0.05188229857,0.0001237079335,0.0005117909255,0.0001856164916,0.00323983482,0.004999999999,1.631692608e-06,7.845066152e-07,73.02056793,51.22050645,0.01373489564,0.9435032965,1.053158463
HL1q,100,1,COMPLETED,0.014999041,0.05206619473,0.0001356573192,0.000575026201,0.0002967557689,0.00324814361,0.004999999999,1.59710056e-06,9.043123218e-07,73.00357629,51.08923478,0.01366998229,0.943230813,1.048400994
HL1q,100,1,COMPLETED,0.015161956,0.05249648937,0.0001395472849,0.0005820032306,0.0004187710209,0.003256435916,0.004999999999,1.627715509e-06,1.137737045e-06,72.99759857,52.87046034,0.01723396279,0.9432245353,1.103394224
HL1q,100,1,COMPLETED,0.015324871,0.05262957648,0.0001489591884,0.0006084868015,0.0004802351563,0.003264714337,0.004999999999,1.561588505e-06,1.19444008e-06,72.9989689,60.01516376,0.01725473369,0.9435601821,1.101325408
HL1q,100,1,COMPLETED,0.015487786,0.05253054629,0.000162196363,0.0006479647034,0.0005259025731,0.00327299289,0.004999999999,1.583170211e-06,1.28343206e-06,72.99479367,60.19285036,0.01716556753,0.9441873077,1.098957061
HL1q,100,1,COMPLETED,0.015650701,0.0523244802,0.0001805773384,0.0007026182916,0.0005913430405,0.003281328782,0.004999999999,1.515741764e-06,1.263118358e-06,72.98218405,59.34639301,0.0177747618,0.9440857212,1.096409946
HL1q,100,1,COMPLETED,0.015813616,0.05393267469,0.0002131398571,0.0008255361647,0.0006392392767,0.003289619261,0.004999999999,1.484453455e-06,1.330642186e-06,72.99352631,58.17552747,0.01770655961,0.9419610528,1.093469425
HL1q,100,1,COMPLETED,0.015976531,0.05219291197,0.0002447583263,0.0008940138977,0.0007472745497,0.003297882042,0.004999999999,1.494271512e-06,1.532212498e-06,73.02286965,53.67539169,0.01900933693,0.9394656885,1.090088639
HL1q,100,1,COMPLETED,0.016139446,0.05205751331,0.0002663223298,0.0009183728024,0.0008311694741,0.003306061714,0.004999999999,1.527861247e-06,1.68150512e-06,73.05641854,54.00625862,0.01911102692,0.9379673299,1.086169149
HL1q,100,1,COMPLETED,0.016302361,0.05221184276,0.0002680986792,0.0008363133151,0.0009459629431,0.00331430145,0.004999999999,1.514555886e-06,1.75382628e-06,73.06647039,56.65571876,0.02205653179,0.9364389256,1.104157545
HL1q,100,1,COMPLETED,0.016465276,0.05248197589,0.0002699840947,0.0007756599085,0.001027824744,0.003322597544,0.004999999999,1.633626562e-06,1.900306483e-06,73.05402985,54.2597109,0.02232316068,0.935125547,1.102986045
HL1q,100,1,COMPLETED,0.016628191,0.05264646416,0.0002702790083,0.0007282754139,0.001088557582,0.003330878937,0.004999999998,1.669801954e-06,1.939517533e-06,73.03004957,53.97675759,0.02251024963,0.9342269981,1.10194891
HL1q,100,1,COMPLETED,0.016791106,0.05283173036,0.0002730906038,0.0007100293139,0.001121490672,0.003339168605,0.004999999998,1.715887145e-06,1.937454857e-06,73.00233652,54.08701867,0.02243198241,0.9337177882,1.100600576
HL1q,100,1,COMPLETED,0.016954021,0.05298928889,0.0002793988211,0.0007022966218,0.001154389587,0.00334747082,0.004999999998,1.49041967e-06,1.741517743e-06,72.96734312,54.96172013,0.0224774047,0.9320057813,1.098665301
HL1q,100,1,COMPLETED,0.017116936,0.0529725565,0.0002833679006,0.000685885071,0.00128228569,0.003355842926,0.004999999998,1.519499551e-06,1.705487799e-06,72.93642314,79.04925548,0.0238594152,0.9299444754,1.095996263
HL1q,100,1,COMPLETED,0.017279851,0.05280323672,0.0002843090244,0.0006658037107,0.001383970992,0.003364217856,0.004999999998,1.493781398e-06,1.609786492e-06,72.9252304,87.34894716,0.02494576893,0.9284358359,1.093228399
HL1q,100,1,COMPLETED,0.017442766,0.05234417896,0.0002868120219,0.0006528888894,0.001414117846,0.003372536913,0.004999999998,1.552838349e-06,1.571211051e-06,72.92681081,87.34852845,0.02500169422,0.9258598466,1.09051381
HL1q,100,1,COMPLETED,0.017605681,0.0528629223,0.0003011330878,0.0006903945915,0.001435442363,0.00338088335,0.004999999998,1.55091331e-06,1.435830084e-06,72.91030771,90.49336969,0.02494711622,0.9226894278,1.089626325
HL1q,100,1,COMPLETED,0.017768596,0.0552234578,0.0003201001397,0.0007453573432,0.001433494876,0.003389193024,0.004999999998,1.628013764e-06,1.364633903e-06,72.90524615,87.77582087,0.02504631757,0.9189813536,1.09174817
HL1q,100,1,COMPLETED,0.017931511,0.05316245911,0.0003334930634,0.0007672119099,0.001427582702,0.003397393455,0.004999999998,1.766283836e-06,1.347703235e-06,72.91399143,87.32328103,0.02336827664,0.9153924623,1.093004621
HL1q,100,1,COMPLETED,0.018094426,0.05362861019,0.0003348327621,0.0007689374971,0.001422468428,0.003405546696,0.004999999998,1.865121736e-06,1.293067683e-06,72.90004152,81.95559162,0.02359156825,0.912285834,1.09316221
HL1q,100,1,COMPLETED,0.018257341,0.05459319821,0.0003277957115,0.0007749970986,0.001436763575,0.003413727646,0.004999999998,1.920149279e-06,1.185024571e-06,72.87290429,96.59743409,0.0259568965,0.9103407785,1.099489543
HL1q,100,1,COMPLETED,0.018420256,0.05934949229,0.0003288956793,0.0008613561995,0.001479362507,0.003422029681,0.004999999998,1.937162446e-06,1.105556281e-06,72.80554236,95.19707921,0.0260511249,0.910882543,1.102541977
HL1q,100,1,COMPLETED,0.018583171,0.06303913763,0.00033625797,0.001022304796,0.001472055299,0.003430282807,0.004999999998,1.87949494e-06,9.561344912e-07,72.73458325,91.13055821,0.02601328054,0.9148641635,1.106204504
HL1q,100,1,COMPLETED,0.018746086,0.06433092379,0.0003428729603,0.00111425509,0.001393884948,0.00343850031,0.004999999998,1.933950891e-06,8.538062606e-07,72.67914667,87.55605791,0.02581130936,0.9220773841,1.110152335
HL1q,100,1,COMPLETED,0.018909001,0.06299280096,0.0003187243689,0.0009299542062,0.001285332885,0.003446690951,0.004999999998,1.789299215e-06,4.845799766e-07,72.67349106,87.67432874,0.02577562664,0.9278724153,1.11382417
HL1q,100,1,COMPLETED,0.019071916,0.06525440326,0.0003017753274,0.0008702891349,0.001268932409,0.003454935395,0.004999999998,1.803981956e-06,2.297648911e-07,72.68648777,80.06999261,0.02581506009,0.9262804589,1.116441169
HL1q,100,1,COMPLETED,0.019234831,0.06626725046,0.0002971944922,0.0009165778483,0.001293494503,0.003463260887,0.004999999998,1.868249744e-06,3.431114019e-08,72.69363937,74.6926683,0.0274206326,0.9256570439,1.118310444
HL1q,100,1,COMPLETED,0.019397746,0.06908294132,0.0002964564066,0.0009656552135,0.001300793559,0.003471593105,0.004999999997,1.935297886e-06,8.281128804e-08,72.68197987,68.93649986,0.02763262549,0.925873379,1.120167817
HL1q,100,1,COMPLETED,0.019560661,0.07345322836,0.0003134728172,0.001060915174,0.001235000337,0.003479873401,0.004999999997,1.996261952e-06,2.963450886e-07,72.6412978,80.55611063,0.02694261581,0.9262125794,1.120612868
HL1q,100,1,COMPLETED,0.019723576,0.07328951563,0.0003321706367,0.001135784063,0.001144281058,0.003488103642,0.004999999997,2.021822904e-06,4.772584134e-07,72.63163947,77.45597008,0.02689368212,0.928201004,1.11977961
HL1q,100,1,COMPLETED,0.019886491,0.07236140602,0.0003400759986,0.00114470795,0.001033690106,0.003496206936,0.004999999997,2.035563379e-06,6.476711684e-07,72.56846912,80.21216263,0.0259836411,0.9310814301,1.118737478
HL1q,100,1,COMPLETED,0.020049406,0.06764675338,0.0003325846436,0.001095658767,0.000914923715,0.003504250843,0.004999999997,2.047635967e-06,8.329761719e-07,72.51624931,81.57513834,0.02576179059,0.9333792714,1.117229704
HL1q,100,1,COMPLETED,0.020212321,0.06443243007,0.0003226851525,0.001025429825,0.0008436196568,0.003512320062,0.004999999997,2.085508458e-06,1.021742817e-06,72.47705698,100.392149,0.02649108256,0.9351229079,1.114754131
HL1q,100,1,COMPLETED,0.020375236,0.06616742555,0.0003256530748,0.001048205376,0.0008312896854,0.003520533892,0.004999999997,2.128395508e-06,1.074934328e-06,72.43264556,94.35454281,0.02709048539,0.9367939895,1.111822496
HL1q,100,1,COMPLETED,0.020538151,0.06716095108,0.000334551076,0.00109669696,0.0008460941519,0.003528756818,0.004999999997,2.181063209e-06,1.10754113e-06,72.42392499,86.50916182,0.02728523247,0.9392722588,1.108158506
HL1q,100,1,COMPLETED,0.020701066,0.0660814891,0.0003440315174,0.001119293503,0.0008167725123,0.003536960431,0.004999999997,2.199597955e-06,1.198899439e-06,72.43378036,84.08323314,0.02776314855,0.9395771653,1.104447933
HL1q,100,1,COMPLETED,0.020863981,0.06228867203,0.0003367181861,0.001060417722,0.0007460100199,0.003545118565,0.004999999997,2.27573113e-06,1.212166463e-06,72.42053614,82.08548248,0.02826051056,0.9383998541,1.10511848
HL1q,100,1,COMPLETED,0.021026896,0.06235646723,0.0003239230615,0.001008038371,0.0006470063123,0.003553209732,0.004999999997,2.240511455e-06,1.633551065e-06,72.46970499,82.59492176,0.02876074188,0.9390600529,1.105265705
HL1q,100,1,COMPLETED,0.021189811,0.06513444705,0.0003205242634,0.001021479101,0.0005817752912,0.003561369221,0.004999999997,2.260144765e-06,1.788183257e-06,72.50453482,76.03241536,0.0291127598,0.9410793966,1.104851549
HL1q,100,1,COMPLETED,0.021352726,0.06789711164,0.0003177343203,0.001044289396,0.0005050892896,0.003569548356,0.004999999997,2.215143381e-06,1.825523985e-06,72.51391548,82.68184952,0.03032635411,0.9388406994,1.103877206
HL1q,100,1,COMPLETED,0.021515641,0.06909945337,0.0003407358747,0.001140693061,0.0004113702153,0.003577716178,0.004999999997,2.214744921e-06,1.944903456e-06,72.48233019,78.95013084,0.03085420828,0.9359935997,1.102245175
HL1q,100,1,COMPLETED,0.021678556,0.07057108834,0.0003688257404,0.001250517788,0.000290115237,0.00358585188,0.004999999996,2.211321676e-06,2.040382344e-06,72.47602088,77.99286478,0.03157354623,0.9337237982,1.099057047
HL1q,100,1,COMPLETED,0.021841471,0.07358887925,0.0003901606638,0.001335727131,0.0001666084279,0.003593874761,0.004999999996,2.184513024e-06,2.089816434e-06,72.4428359,72.01060984,0.03159189542,0.9318811673,1.094849399
HL1q,100,1,COMPLETED,0.022004386,0.0731434449,0.0004015754452,0.001361980029,6.08075952e-06,0.003601799565,0.004999999996,2.155356642e-06,2.155415534e-06,72.42327204,74.10986954,0.03161895986,0.9304883086,1.096014932
HL1q,100,1,COMPLETED,0.022167301,0.06557359161,0.0003780975658,0.001233107262,6.600317378e-05,0.00360976558,0.004999999996,2.136824206e-06,2.226515084e-06,72.38030691,70.47485903,0.03203078389,0.9260041567,1.097625498
HL1q,100,1,COMPLETED,0.022330216,0.06302902976,0.000344794073,0.001086164671,0.0001136314159,0.003617793614,0.004999999996,2.08010683e-06,2.212740353e-06,72.42096743,67.81375829,0.03254770387,0.9228282631,1.098918361
HL1q,100,1,COMPLETED,0.022493131,0.06425590723,0.0003279315575,0.001008389783,6.110935883e-05,0.003625907188,0.004999999996,2.006951625e-06,2.093322247e-06,72.45051772,61.51202916,0.03240215343,0.921636951,1.100477659
HL1q,100,1,COMPLETED,0.022656046,0.06509677771,0.0003338928439,0.001020285771,3.801262683e-05,0.003634025225,0.004999999996,1.931036594e-06,2.014198648e-06,72.4878675,63.48029378,0.03269554119,0.9219390023,1.103125264
HL1q,100,1,COMPLETED,0.022818961,0.06300337166,0.0003433764726,0.001044190244,2.922564996e-05,0.003642106848,0.004999999996,1.856764021e-06,1.951561518e-06,72.51738876,62.50026015,0.03314360462,0.9217389162,1.105266856
HL1q,100,1,COMPLETED,0.022981876,0.06366046924,0.0003520428631,0.001046518649,7.400873617e-05,0.003650121085,0.004999999996,1.842769732e-06,2.071255656e-06,72.52516672,62.27991718,0.03358824401,0.9210221239,1.10624475
HL1q,100,1,COMPLETED,0.023144791,0.06214305649,0.0003541202836,0.001038343693,0.0001529847304,0.003658100105,0.004999999996,1.772905791e-06,2.068770556e-06,72.54104163,65.77363273,0.03488597687,0.9173368943,1.106339064
HL1q,100,1,COMPLETED,0.023307706,0.06021505658,0.0003395212583,0.0009665829086,0.0002326392368,0.003666110539,0.004999999996,1.664139803e-06,2.01089969e-06,72.5357382,77.408301,0.03495547696,0.919054066,1.106349972
HL1q,100,1,COMPLETED,0.023470621,0.05833821263,0.0003349350237,0.0008986726587,0.0002886095663,0.003674145548,0.004999999995,1.567728171e-06,1.976549623e-06,72.52665456,74.64349157,0.03511501364,0.9188090325,1.106077431
HL1q,100,1,COMPLETED,0.023633536,0.05874117878,0.0003443867273,0.0008939265667,0.0004081630258,0.003682142515,0.004999999995,1.509963682e-06,1.978945949e-06,72.54842512,73.56250485,0.03612613385,0.9200708391,1.105658133
HL1q,100,1,COMPLETED,0.023796451,0.05919996899,0.0003515882244,0.0009055420794,0.0004936243561,0.003690082425,0.004999999995,1.413567473e-06,1.899233887e-06,72.53142732,70.13357935,0.03575661509,0.9218867557,1.105157082
HL1q,100,1,COMPLETED,0.023959366,0.05938751837,0.0003578853938,0.0009148427434,0.0006312846362,0.003697926475,0.004999999995,1.324243107e-06,1.81874616e-06,72.49759968,71.68250045,0.03537178522,0.9412012619,1.105515735
HL1q,100,1,COMPLETED,0.024122281,0.0590520352,0.0003609100268,0.0009044168598,0.0006921026931,0.003705760116,0.004999999995,1.276732899e-06,1.786386756e-06,72.4829823,67.22267064,0.03541294363,0.9411295226,1.107813314
HL1q,100,1,COMPLETED,0.024285196,0.05863248421,0.0003572276939,0.0008740012817,0.0007091407273,0.003713618004,0.004999999995,1.262385735e-06,1.765786575e-06,72.49804076,62.11484948,0.03582778525,0.9409473623,1.108906534
HL1q,100,1,COMPLETED,0.024448111,0.05837629729,0.0003536706659,0.0008657557389,0.0006719492914,0.003721562527,0.004999999995,1.239987285e-06,1.665550915e-06,72.51780327,56.66062514,0.03628493619,0.9397753943,1.108967594
HL1q,100,1,COMPLETED,0.024611026,0.05845935723,0.0003553524611,0.0008729408639,0.0006143050875,0.003729527453,0.004999999995,1.198497483e-06,1.516026132e-06,72.5403149,51.92081121,0.03623487792,0.9395703122,1.110930373
HL1q,100,1,COMPLETED,0.024773941,0.05906716135,0.0003658122703,0.0008886868655,0.0005841343632,0.003737476426,0.004999999995,1.25366487e-06,1.45383509e-06,72.56242665,59.99088749,0.03586620127,0.9459917842,1.112095463
HL1q,100,1,COMPLETED,0.024936856,0.05991157943,0.0003791667775,0.0009171341964,0.0005996332749,0.003745387772,0.004999999995,1.294921846e-06,1.341425733e-06,72.54649026,59.3339803,0.03594793118,0.9473686029,1.113363402
HL1q,100,1,COMPLETED,0.025099771,0.0602328216,0.0003899518706,0.0009389489812,0.0006503107391,0.003753222006,0.004999999994,1.39827115e-06,1.147218449e-06,72.55045935,58.46764459,0.03622333713,0.9480712046,1.113392298
HL1q,100,1,COMPLETED,0.025262686,0.05977906496,0.0003958508717,0.0009493719679,0.0007173734893,0.003761071031,0.004999999994,1.537370675e-06,1.123541335e-06,72.55096989,64.87487188,0.03759024956,0.8985373285,1.111918467
HL1q,100,1,COMPLETED,0.025425601,0.05932254787,0.0003956223732,0.0009394224266,0.0007815975633,0.003768934204,0.004999999994,1.747897877e-06,1.026404214e-06,72.55303909,66.78104145,0.03732761806,0.9097164691,1.111150912
HL1q,100,1,COMPLETED,0.025588516,0.05953473424,0.0003936959216,0.0009229124074,0.0008267571951,0.003776816942,0.004999999994,1.948607056e-06,1.011913562e-06,72.540641,63.13941893,0.03707783103,0.9213821217,1.111486111
HL1q,100,1,COMPLETED,0.025751431,0.05949134364,0.0003980101098,0.0009180727037,0.0009190976897,0.003784660868,0.004999999994,2.171198573e-06,1.005155604e-06,72.5215109,56.84131588,0.0376647713,0.922088886,1.110109978
HL1q,100,1,COMPLETED,0.025914346,0.0594560469,0.0004060731573,0.0009138049076,0.0009927882566,0.003792410415,0.004999999994,2.40525269e-06,9.464246842e-07,72.47789696,54.54731424,0.03690435261,0.9311725273,1.107984078
HL1q,100,1,COMPLETED,0.026077261,0.05941899385,0.0004137252885,0.0009113919712,0.001115008267,0.003800078405,0.004999999994,2.64388566e-06,9.23775497e-07,72.45036765,64.72796426,0.03650405828,0.9408828285,1.106464237
HL1q,100,1,COMPLETED,0.026240176,0.05907347176,0.000424083633,0.0009267831297,0.001086804568,0.003807804571,0.004999999994,2.895869908e-06,9.646065439e-07,72.45351498,61.25886288,0.03636519808,0.9503847803,1.106496359
HL1q,100,1,COMPLETED,0.026403091,0.05888245976,0.0004400595572,0.0009651920002,0.001076571145,0.003815547234,0.004999999994,3.182764712e-06,1.012206757e-06,72.46034265,57.17043355,0.03677535315,0.9563245213,1.109084135
HL1q,100,1,COMPLETED,0.026566006,0.05833462389,0.0004655975665,0.00101987989,0.001007821245,0.003823369993,0.004999999993,3.465682172e-06,9.773697472e-07,72.46180102,54.03134528,0.03758222746,0.9110780634,1.110697477
HL1q,100,1,COMPLETED,0.026728921,0.05784437992,0.0004864255146,0.001058166057,0.0009566042728,0.003831190814,0.004999999993,3.717903381e-06,9.254771605e-07,72.47987879,52.26116274,0.03721830236,0.9215293711,1.111289517
HL1q,100,1,COMPLETED,0.026891836,0.05772171073,0.0004942741034,0.001067769176,0.000928945591,0.003838986377,0.004999999993,4.045138993e-06,9.739318417e-07,72.46309917,53.67709232,0.03689614076,0.932006085,1.110985945
HL1q,100,1,COMPLETED,0.027054751,0.05787354497,0.000501405071,0.001076057729,0.0009463768199,0.003846756259,0.004999999993,4.286077243e-06,9.523976774e-07,72.451706,53.11590334,0.03665604588,0.9425481553,1.110791981
HL1q,100,1,COMPLETED,0.027217666,0.05796189587,0.0005157970637,0.001110960964,0.0009913300515,0.003854465083,0.004999999993,4.556286858e-06,2.63219314e-07,72.46229996,51.2221137,0.03664009097,0.9531685014,1.111200387
HL1q,100,1,COMPLETED,0.027380581,0.05794605616,0.0005301742287,0.001142330268,0.00106261619,0.003862179582,0.004999999993,4.830031928e-06,2.85036224e-07,72.4680622,58.24776897,0.03815888583,0.8849479814,1.111051015
HL1q,100,1,COMPLETED,0.027543496,0.05820400099,0.0005372713392,0.001149743643,0.001120341779,0.003869906444,0.004999999993,5.179278246e-06,2.657041926e-07,72.46799116,58.40107201,0.03810308344,0.8945405029,1.109689636
HL1q,100,1,COMPLETED,0.027706411,0.05836789748,0.0005506128749,0.001165530029,0.00118135154,0.003877646543,0.004999999993,5.497748113e-06,3.459217457e-07,72.46267727,55.94648711,0.03762526794,0.9047756798,1.10728193
HL1q,100,1,COMPLETED,0.027869326,0.05808094991,0.0005762656873,0.001193646643,0.001270813749,0.003885357159,0.004999999992,5.840851225e-06,4.377314902e-07,72.45209382,50.36996052,0.0382068161,0.911946459,1.105227774
HL1q,100,1,COMPLETED,0.028032241,0.05788419896,0.000595855325,0.001196951203,0.001332394671,0.003892980573,0.004999999992,6.186377524e-06,4.693805018e-07,72.41978387,49.20442405,0.03738541193,0.9185558603,1.103681965
HL1q,100,1,COMPLETED,0.028195156,0.05779232819,0.0006006507956,0.001164671238,0.001436037516,0.003900527846,0.004999999992,6.525718235e-06,5.354615501e-07,72.40585773,65.86310977,0.03725087234,0.9257338016,1.101732805
HL1q,100,1,COMPLETED,0.028358071,0.05773484033,0.000603153579,0.00114746639,0.001399034279,0.003908138992,0.004999999992,6.871783727e-06,6.583634957e-07,72.41505695,64.88193361,0.0371771134,0.9328309308,1.103044582
HL1q,100,1,COMPLETED,0.028520986,0.05756133526,0.0006335554145,0.001202124628,0.001385728327,0.003915773144,0.004999999992,7.251418473e-06,7.843066052e-07,72.44010421,60.36289461,0.03765481591,0.9404293056,1.103608773
HL1q,100,1,COMPLETED,0.028683901,0.05707620694,0.0006770670551,0.00128715417,0.001327794754,0.003923472612,0.004999999992,7.628018736e-06,8.268858666e-07,72.45877741,59.92004347,0.03924134795,0.8840002453,1.103420195
HL1q,100,1,COMPLETED,0.028846816,0.05679115357,0.0007104185945,0.001346710431,0.00128276843,0.003931169787,0.004999999992,7.985935825e-06,8.644184491e-07,72.48016888,58.3999857,0.03893464933,0.8934448185,1.102797507
HL1q,100,1,COMPLETED,0.029009731,0.05685353562,0.0007236905022,0.001357213461,0.001261768254,0.003938848005,0.004999999991,8.409070221e-06,9.987101839e-07,72.47552186,54.24091901,0.03864373704,0.9028601459,1.102080185
HL1q,100,1,COMPLETED,0.029172646,0.05705737817,0.0007351659174,0.001369305937,0.001275735078,0.003946512854,0.004999999991,8.746290157e-06,1.057545695e-06,72.47929779,52.68995329,0.03845253568,0.9123489676,1.100974778
HL1q,100,1,COMPLETED,0.029335561,0.05722496243,0.0007516288922,0.001400423944,0.001309089707,0.003954122796,0.004999999991,9.07956779e-06,2.185633679e-07,72.48910433,49.84523719,0.03846944927,0.9221373469,1.10130255
HL1q,100,1,COMPLETED,0.029498476,0.0571930792,0.0007572967119,0.00140564351,0.001379821652,0.003961726943,0.004999999991,9.415617846e-06,1.409879605e-07,72.50751507,53.8312341,0.04051521966,0.8699772025,1.102262666
HL1q,100,1,COMPLETED,0.029661391,0.05718407965,0.0007518965098,0.001381139339,0.00144672124,0.003969340927,0.004999999991,9.833635259e-06,1.281111463e-07,72.51353948,55.22080096,0.04119086157,0.8776588177,1.102047361
HL1q,100,1,COMPLETED,0.029824306,0.05689517442,0.0007551370587,0.001375627728,0.001510570486,0.003976970234,0.004999999991,1.021590542e-05,8.974263132e-09,72.52308858,53.11613912,0.04087378829,0.8860780263,1.100766836
HL1q,100,1,COMPLETED,0.029987221,0.05652945092,0.0007757677073,0.001399944041,0.00160814004,0.003984578204,0.00499999999,1.062093436e-05,1.577682333e-07,72.51510383,49.90843009,0.04199850484,0.8917958799,1.098504331
HL1q,100,1,COMPLETED,0.030150136,0.05652167874,0.0007976544291,0.001419744078,0.001675096369,0.003992114145,0.00499999999,1.103013526e-05,2.348518555e-07,72.48699532,48.60718946,0.04149020394,0.8961044175,1.095449562
HL1q,100,1,COMPLETED,0.030313051,0.05639936522,0.0008061982238,0.001398017072,0.00178954038,0.003999591961,0.00499999999,1.142383816e-05,3.186810358e-07,72.48879801,63.51217599,0.04149991762,0.9011485348,1.092497063
HL1q,100,1,COMPLETED,0.030475966,0.05617860143,0.0008001394331,0.001360616051,0.001779685095,0.004007124161,0.00499999999,1.182692244e-05,4.617069058e-07,72.51345402,63.44691712,0.04157171369,0.9063737235,1.093606354
HL1q,100,1,COMPLETED,0.030638881,0.05598360656,0.0008151682247,0.001381011272,0.001782136977,0.004014679077,0.00499999999,1.225558311e-05,6.302132807e-07,72.54531744,60.655691,0.04186696639,0.912306451,1.095716087
HL1q,100,1,COMPLETED,0.030801796,0.05604878898,0.0008490725716,0.001444342527,0.001766430397,0.004022282744,0.00499999999,1.270947313e-05,7.306274271e-07,72.56456441,62.07813501,0.04426524229,0.8619481483,1.096932529
HL1q,100,1,COMPLETED,0.030964711,0.05588697625,0.0008776757699,0.001488484138,0.001741360505,0.004029880139,0.004999999989,1.3127333e-05,8.094862747e-07,72.59191691,60.45391901,0.04415949963,0.8703040671,1.097546203
HL1q,100,1,COMPLETED,0.031127626,0.05578586861,0.0008925433261,0.001496703383,0.001744569463,0.004037469624,0.004999999989,1.360847192e-05,9.8216837e-07,72.59236138,59.63042654,0.04372007717,0.8788136282,1.09782435
HL1q,100,1,COMPLETED,0.031290541,0.05570249966,0.0009049633118,0.001510808706,0.001769381494,0.004045051169,0.004999999989,1.403120578e-05,1.106145835e-06,72.60071792,58.15571637,0.04365974374,0.8874599131,1.098435706
HL1q,100,1,COMPLETED,0.031453456,0.05571172828,0.0009262914622,0.001549941901,0.001803475571,0.004052591691,0.004999999989,1.442684089e-05,9.258741912e-07,72.60608756,57.23444058,0.04364821593,0.896425665,1.100334328
HL1q,100,1,COMPLETED,0.031616371,0.0556629882,0.0009323846015,0.001550756901,0.001878532621,0.004060112456,0.004999999988,1.481605441e-05,8.424018156e-07,72.61875774,57.55062806,0.04623539025,0.8508004309,1.101822395
HL1q,100,1,COMPLETED,0.031779286,0.05569332779,0.0009233606009,0.001517637916,0.001957857317,0.004067632127,0.004999999988,1.528760193e-05,8.146836151e-07,72.61562929,57.0301411,0.04754173686,0.8568468691,1.102619758
HL1q,100,1,COMPLETED,0.031942201,0.05565503976,0.0009215418845,0.00150519594,0.002027008798,0.004075162953,0.004999999988,1.573976727e-05,6.808195206e-07,72.62034767,55.7595862,0.04739240783,0.8638342291,1.102785662
HL1q,100,1,COMPLETED,0.032105116,0.05528085487,0.0009340016434,0.001520972471,0.002124639409,0.004082683224,0.004999999988,1.61839329e-05,4.700566511e-07,72.64113783,55.55664062,0.04912237827,0.8651551627,1.10233123
HL1q,100,1,COMPLETED,0.032268031,0.05498511332,0.0009488207333,0.001538190179,0.002200397668,0.00409014718,0.004999999988,1.666961462e-05,3.425373038e-07,72.63367787,80.34700729,0.05077408513,0.8534086348,1.1013775
HL1q,100,1,COMPLETED,0.032430946,0.05475817409,0.0009556453507,0.001533288351,0.002300985562,0.004097572716,0.004999999988,1.71076686e-05,2.474629429e-07,72.62774865,79.97409691,0.05179160902,0.852983433,1.103471269
HL1q,100,1,COMPLETED,0.032593861,0.05443108367,0.0009496117871,0.00150718822,0.002342056249,0.004105014303,0.004999999987,1.756193424e-05,8.237503586e-08,72.66050456,84.95878128,0.05096563309,0.8532521472,1.101299027
HL1q,100,1,COMPLETED,0.032756776,0.05418153811,0.0009466187784,0.001489217028,0.002335743621,0.004112487765,0.004999999987,1.802683251e-05,1.522513527e-07,72.69475772,83.22066238,0.05097296609,0.8540195982,1.103482985
HL1q,100,1,COMPLETED,0.032919691,0.05405219432,0.0009574181103,0.001497897729,0.002356293943,0.0041200023,0.004999999987,1.856822581e-05,3.362976436e-07,72.71981138,82.6925104,0.0535244192,0.8440064031,1.105150783
HL1q,100,1,COMPLETED,0.033082606,0.05384847059,0.0009645075143,0.001497056043,0.002351263507,0.004127504197,0.004999999987,1.903501556e-05,4.576074736e-07,72.73522371,79.86074206,0.05337822419,0.8511402216,1.10638863
HL1q,100,1,COMPLETED,0.033245521,0.05375644169,0.0009788237903,0.00150943913,0.002378118189,0.004135012299,0.004999999986,1.956395864e-05,6.823099026e-07,72.75600246,76.25438946,0.05332418671,0.8579986144,1.107184023
HL1q,100,1,COMPLETED,0.033408436,0.05366695832,0.0009909974927,0.001521813964,0.002422135061,0.004142506571,0.004999999986,2.008169037e-05,9.243057634e-07,72.75623705,79.60095393,0.05237158084,0.8601203323,1.110012043
HL1q,100,1,COMPLETED,0.033571351,0.05349795386,0.001005729611,0.001544022686,0.002470900539,0.00414998829,0.004999999986,2.02901123e-05,3.434114973e-07,72.75401649,77.58392039,0.05219527382,0.8626450256,1.113478496
HL1q,100,1,COMPLETED,0.033734266,0.05322980101,0.001015379626,0.001553375154,0.002539402204,0.004157437734,0.004999999986,2.100743143e-05,1.856523807e-06,72.7551138,88.35156513,0.05540017607,0.8266778498,1.117180458
HL1q,100,1,COMPLETED,0.033897181,0.05316250645,0.001012607871,0.001536659508,0.002633072596,0.004164879685,0.004999999985,2.148546547e-05,1.702565602e-06,72.76289131,85.67598192,0.05538380652,0.8316648708,1.119967791
HL1q,100,1,COMPLETED,0.034060096,0.05368545926,0.00101196535,0.001527845096,0.002723341491,0.004172322069,0.004999999984,2.201220529e-05,1.552959613e-06,72.74784829,88.25378696,0.05814238646,0.837628101,1.121681962
HL1q,100,1,COMPLETED,0.034223011,0.0537506371,0.001014557645,0.00152760602,0.002832087565,0.004179762474,0.004999999984,2.25070881e-05,1.274021074e-06,72.75133294,88.75613749,0.057873474,0.8446215935,1.12310261
HL1q,100,1,COMPLETED,0.034385926,0.05310892892,0.001017537392,0.001528506472,0.002958727185,0.004187165251,0.004999999983,2.305513065e-05,1.016774112e-06,72.75670994,91.24398774,0.059174503,0.8401197782,1.124498947
HL1q,100,1,COMPLETED,0.034548841,0.05259229813,0.001019582774,0.001529709358,0.003051872676,0.004194546167,0.004999999983,2.353798722e-05,8.40597296e-07,72.75416029,89.51728861,0.06022613533,0.8431273438,1.125836165
HL1q,100,1,COMPLETED,0.034711756,0.05256454685,0.001022075475,0.001531308818,0.003138320639,0.004201888663,0.004999999983,2.403053101e-05,5.954761516e-07,72.76838321,88.28819979,0.05892957408,0.8469026347,1.108378036
HL1q,100,1,COMPLETED,0.034874671,0.05316740321,0.001018989372,0.001518048476,0.003154583571,0.004209294641,0.004999999982,2.453939882e-05,2.642754273e-07,72.78348315,80.96375861,0.05857339086,0.8516359889,1.110316619
HL1q,100,1,COMPLETED,0.035037586,0.05338611632,0.001014320697,0.00150613275,0.00319101566,0.004216713598,0.004999999982,2.51052285e-05,6.906472416e-08,72.81535518,74.84199842,0.06076004147,0.8259843868,1.113012519
HL1q,100,1,COMPLETED,0.035200501,0.05308805378,0.001003522963,0.001480200934,0.003237564396,0.004224153103,0.004999999981,2.564605272e-05,3.336243963e-07,72.82712858,69.579554,0.06022614463,0.8318483204,1.115606802
HL1q,100,1,COMPLETED,0.035363416,0.05270345772,0.001006090743,0.001478051067,0.003288417963,0.004231582864,0.004999999981,2.620135819e-05,6.550929821e-07,72.86144467,65.15286409,0.05968448861,0.8383895644,1.117781846
HL1q,100,1,COMPLETED,0.035526331,0.0524233896,0.001020886659,0.001495078907,0.003347748003,0.004239005227,0.004999999981,2.681536048e-05,1.101065651e-06,72.87104949,62.15932176,0.05934665066,0.8453544745,1.119570656
HL1q,100,1,COMPLETED,0.035689246,0.05224028399,0.001031499108,0.001506967993,0.003419612238,0.004246424493,0.004999999981,2.731950009e-05,1.434457338e-06,72.86745546,97.28861135,0.05918253481,0.8528335609,1.121666828
HL1q,100,1,COMPLETED,0.035852161,0.05224220573,0.001034360224,0.001507899394,0.003474808769,0.004253814517,0.00499999998,2.783228283e-05,2.386564408e-06,72.87041049,95.64136911,0.05874441266,0.8609252293,1.124240448
HL1q,100,1,COMPLETED,0.036015076,0.05220803284,0.001041310954,0.001518579959,0.003568327365,0.004261183013,0.00499999998,2.831487538e-05,2.040025615e-06,72.86253218,94.47754709,0.06128921487,0.8036991019,1.126376587
HL1q,100,1,COMPLETED,0.036177991,0.05217766484,0.001046522202,0.001525394027,0.003661507107,0.004268546162,0.004999999979,2.890591649e-05,1.777577389e-06,72.85040863,91.69447416,0.06244987991,0.8087944818,1.127473239
HL1q,100,1,COMPLETED,0.036340906,0.05297795595,0.001042602405,0.001521694489,0.003767747236,0.004275907581,0.004999999979,2.946843842e-05,1.382212373e-06,72.81885269,86.08659552,0.06176828188,0.8149555443,1.128010438
HL1q,100,1,COMPLETED,0.036503821,0.05566446652,0.001035930473,0.001516497997,0.00391253014,0.004283256692,0.004999999979,3.002835087e-05,9.078876499e-07,72.82675419,80.12193882,0.06325419557,0.8119431481,1.128899377
HL1q,100,1,COMPLETED,0.036666736,0.05817467086,0.00103467369,0.001522989988,0.004028756132,0.004290571978,0.004999999978,3.061348965e-05,4.935189633e-07,72.82597149,76.58279834,0.06184208775,0.8144565051,1.129698116
HL1q,100,1,COMPLETED,0.036829651,0.05567582095,0.001031900951,0.001515316005,0.004145498772,0.004297866832,0.004999999978,3.113122463e-05,9.339976021e-08,72.83220664,72.09938016,0.06295875098,0.8178789689,1.130313511
HL1q,100,1,COMPLETED,0.036992566,0.05425614455,0.001028560784,0.00150760869,0.0041934269,0.004305173703,0.004999999977,3.167051033e-05,4.002029434e-07,72.83867107,72.74954749,0.0612088848,0.8223161891,1.117880569
HL1q,100,1,COMPLETED,0.037155481,0.05522284044,0.001020355812,0.001501070854,0.004206587329,0.004312515657,0.004999999977,3.223948446e-05,9.681194586e-07,72.85149246,67.91155525,0.06049107724,0.8279341364,1.117406822
HL1q,100,1,COMPLETED,0.037318396,0.05935525322,0.001007089746,0.001503193716,0.004266431459,0.004319883188,0.004999999977,3.289433975e-05,1.479675571e-06,72.86268416,63.63930575,0.06240504084,0.8112574241,1.116446677
HL1q,100,1,COMPLETED,0.037481311,0.05749227743,0.0009907090995,0.001488271383,0.004313504673,0.004327243075,0.004999999977,3.346491049e-05,1.94248393e-06,72.87415618,59.92167011,0.06155800902,0.816752725,1.115130905
HL1q,100,1,COMPLETED,0.037644226,0.05322276474,0.0009898612041,0.001469667566,0.004366073215,0.004334604318,0.004999999977,3.408366879e-05,2.512686501e-06,72.89963931,58.2443978,0.06084930928,0.8229269356,1.113690544
HL1q,100,1,COMPLETED,0.037807141,0.05342306225,0.0009980881767,0.001469122309,0.004421323928,0.004341954254,0.004999999977,3.474676879e-05,3.166396413e-06,72.89361146,85.53589338,0.05990955272,0.8298272543,1.112638055
HL1q,100,1,COMPLETED,0.037970056,0.05355969147,0.0009990752915,0.00146880962,0.004469379587,0.004349297864,0.004999999976,3.529705225e-05,3.700645037e-06,72.89765829,82.27743467,0.0590864438,0.8375525196,1.113480177
HL1q,100,1,COMPLETED,0.038132971,0.0533843556,0.0009995976662,0.001475605882,0.00453259573,0.004356623007,0.004999999976,3.575509528e-05,1.118923134e-06,72.8939122,84.59955081,0.06208259772,0.7761871783,1.114301648
HL1q,100,1,COMPLETED,0.038295886,0.05290264525,0.001007728892,0.001492149105,0.004629262408,0.004363927377,0.004999999976,3.633976351e-05,6.374795908e-07,72.88614996,86.35589257,0.06140298334,0.7806745948,1.114606757
HL1q,100,1,COMPLETED,0.038458801,0.052814275,0.001014478146,0.001505650963,0.004737337397,0.004371228506,0.004999999976,3.696981049e-05,1.455838149e-07,72.84937303,82.3543491,0.06212498726,0.7862997973,1.114245041
HL1q,100,1,COMPLETED,0.038621716,0.05845230018,0.001014515097,0.001522789876,0.004865655837,0.004378532597,0.004999999976,3.756760001e-05,4.811615291e-07,72.8287645,76.53886362,0.0610663368,0.7929979102,1.1138569
HL1q,100,1,COMPLETED,0.038784631,0.06469898981,0.001009459845,0.001551330238,0.005019817932,0.004385807356,0.004999999976,3.823079111e-05,1.054587448e-06,72.81748576,73.38431457,0.06325215031,0.785891779,1.11402735
HL1q,100,1,COMPLETED,0.038947546,0.06393844624,0.001001296398,0.001545286244,0.005132061229,0.004393064719,0.004999999975,3.885455101e-05,1.623930702e-06,72.81861382,68.24807541,0.06180036218,0.7891396893,1.114346898
HL1q,100,1,COMPLETED,0.039110461,0.05815998408,0.0009943565705,0.001511196296,0.005230708477,0.004400297784,0.004999999975,3.941123084e-05,2.197716061e-06,72.80999067,67.89664114,0.06315462777,0.7933404967,1.114450067
HL1q,100,1,COMPLETED,0.039273376,0.05582116162,0.0009932172956,0.001501030693,0.005238329271,0.004407578458,0.004999999975,3.999020922e-05,2.86104893e-06,72.80380952,65.07882842,0.06149953543,0.7986148387,1.106871084
HL1q,100,1,COMPLETED,0.039436291,0.06054369272,0.0009864463157,0.001518411654,0.005247532979,0.00441488258,0.004999999975,4.064913147e-05,3.510134683e-06,72.79444913,58.64204102,0.06050625254,0.8052310322,1.104566068
HL1q,100,1,COMPLETED,0.039599206,0.06504390781,0.0009779094593,0.001551345153,0.005292186397,0.004422196028,0.004999999974,4.133204121e-05,4.155863189e-06,72.81297667,53.36237592,0.06239089006,0.7953208215,1.102059202
HL1q,100,1,COMPLETED,0.039762121,0.06154863634,0.0009664075378,0.001526750557,0.00534406897,0.004429517633,0.004999999974,4.191999524e-05,4.72772234e-06,72.81931219,48.90716512,0.06127644943,0.8008110038,1.099710422
HL1q,100,1,COMPLETED,0.039925036,0.05637627604,0.0009639090819,0.001478642266,0.005379226367,0.004436837172,0.004999999974,4.255986423e-05,5.402605499e-06,72.84409428,50.09033437,0.06018545444,0.8071988669,1.09781828
HL1q,100,1,COMPLETED,0.040087951,0.05482994262,0.0009606647934,0.001461724831,0.005409450085,0.004444163985,0.004999999974,4.323786135e-05,6.136383033e-06,72.83536522,69.59311032,0.0588645105,0.8145251495,1.096454444
HL1q,100,1,COMPLETED,0.040250866,0.05522861881,0.0009514014239,0.001462076768,0.005423561575,0.004451487159,0.004999999974,4.423270148e-05,3.294949664e-06,72.8352675,66.92357902,0.05783805552,0.822749353,1.097595074
HL1q,100,1,COMPLETED,0.040413781,0.05490713144,0.0009481430066,0.001456317714,0.005477729306,0.004458804151,0.004999999974,4.413041163e-05,8.244167271e-07,72.83101413,70.9836717,0.06128379403,0.7547882688,1.098783953
HL1q,100,1,COMPLETED,0.040576696,0.05434345957,0.0009489299954,0.001454022176,0.005568481129,0.004466106862,0.004999999974,4.477921915e-05,1.27818652e-06,72.81416757,71.85517863,0.06030655589,0.7598285838,1.0999977
HL1q,100,1,COMPLETED,0.040739611,0.05636459404,0.0009456715349,0.001461290441,0.005688635016,0.004473421484,0.004999999975,4.540135282e-05,1.867679168e-06,72.77121318,68.09089058,0.06120010472,0.7661684574,1.101110633
HL1q,100,1,COMPLETED,0.040902526,0.06237816133,0.000938484243,0.001493309594,0.005828299504,0.004480752794,0.004999999974,4.601753113e-05,2.541906719e-06,72.7621018,62.78802108,0.05984290384,0.7736721413,1.101264967
HL1q,100,1,COMPLETED,0.041065441,0.06509240916,0.0009283336157,0.001509123371,0.005945411311,0.004488031628,0.004999999974,4.669036222e-05,3.169017626e-06,72.74445539,64.26496046,0.06306466151,0.7625743016,1.104008102
HL1q,100,1,COMPLETED,0.041228356,0.06112745499,0.0009114743352,0.001476927877,0.006033828638,0.004495314857,0.004999999974,4.728288082e-05,3.79535823e-06,72.73601695,59.26533156,0.06204819738,0.7665712277,1.108584384
HL1q,100,1,COMPLETED,0.041391271,0.05740545469,0.0008993755552,0.001444131096,0.006080836266,0.004502568455,0.004999999975,4.782022613e-05,4.438751569e-06,72.70792331,57.11528987,0.06360689289,0.7716187948,1.111566896
HL1q,100,1,COMPLETED,0.041554186,0.05657952224,0.0008928821634,0.001428687632,0.006036024323,0.004509884981,0.004999999974,4.838500903e-05,5.164673446e-06,72.6864022,52.95752026,0.06272921889,0.7779479915,1.102821297
HL1q,100,1,COMPLETED,0.041717101,0.0608219325,0.0008802419463,0.001437664445,0.006024419284,0.004517228731,0.004999999974,4.904668491e-05,5.808043255e-06,72.68083347,47.7606288,0.06147854442,0.7856963035,1.10544412
HL1q,100,1,COMPLETED,0.041880016,0.06131180795,0.0008670797969,0.001418334503,0.006043335829,0.004524583297,0.004999999974,4.969818684e-05,6.507544224e-06,72.67963051,44.92501185,0.06364208863,0.7810851192,1.107347241
HL1q,100,1,COMPLETED,0.042042931,0.05622071653,0.0008519785924,0.001365118795,0.006074881157,0.004531960424,0.004999999974,5.024895512e-05,7.137569786e-06,72.67991905,40.54692319,0.062441245,0.7868680609,1.108607564
HL1q,100,1,COMPLETED,0.042205846,0.05563043875,0.0008440598196,0.001332310906,0.006073364222,0.004539325842,0.004999999975,5.086320788e-05,7.860148675e-06,72.67160086,50.67355397,0.06124340802,0.7935634649,1.109540763
HL1q,100,1,COMPLETED,0.042368761,0.05570938863,0.0008305055499,0.001321891962,0.006070076481,0.004546719555,0.004999999975,5.148781568e-05,8.60759848e-06,72.68059344,52.56493899,0.06007545263,0.8012047848,1.111158801
HL1q,100,1,COMPLETED,0.042531676,0.05609496931,0.0008158562683,0.001319909298,0.006078439561,0.004554120361,0.004999999975,5.253249023e-05,5.163292318e-06,72.68768539,49.89311074,0.05893176279,0.8097217751,1.113721499
HL1q,100,1,COMPLETED,0.042694591,0.0551374608,0.0008043828347,0.001293922214,0.00612700883,0.004561512077,0.004999999975,5.224586175e-05,2.097715591e-06,72.67720917,57.32906864,0.06276515232,0.7353684895,1.11587774
HL1q,100,1,COMPLETED,0.042857506,0.05484099473,0.0007935836201,0.001272955574,0.00621484756,0.004568915684,0.004999999976,5.282388858e-05,2.645924976e-06,72.66280506,53.92706452,0.06157581017,0.7411221078,1.117309389
HL1q,100,1,COMPLETED,0.043020421,0.05678218251,0.0007826469131,0.001267087849,0.006336565194,0.004576348429,0.004999999976,5.336551017e-05,3.356943385e-06,72.63724723,50.33631196,0.0623396835,0.7482443187,1.119871464
HL1q,100,1,COMPLETED,0.043183336,0.05890999345,0.0007702964116,0.001269044399,0.006447180322,0.004583791128,0.004999999976,5.395520767e-05,4.045521196e-06,72.62019048,50.78784604,0.0613350074,0.7566511886,1.124013844
HL1q,100,1,COMPLETED,0.043346251,0.05786953813,0.0007559796243,0.001251706944,0.006528064382,0.004591162909,0.004999999976,5.455626208e-05,4.76073091e-06,72.61272589,54.01573233,0.06550214345,0.7441842642,1.129189413
HL1q,100,1,COMPLETED,0.043509166,0.05906204576,0.000745596953,0.001247220538,0.006558129054,0.004598560809,0.004999999976,5.502481715e-05,5.433855815e-06,72.60864191,50.22899068,0.06459287316,0.7491105515,1.133660015
HL1q,100,1,COMPLETED,0.043672081,0.05500902406,0.0007339712418,0.001207355125,0.006521514859,0.004605925981,0.004999999976,5.549638972e-05,6.172695047e-06,72.57993386,50.0154244,0.06650468089,0.7551904607,1.108972896
HL1q,100,1,COMPLETED,0.043834996,0.0583876839,0.0007217756899,0.001190573146,0.006444336411,0.004613388774,0.004999999976,5.602887375e-05,6.931635624e-06,72.56074762,45.3423741,0.06520670575,0.7627671625,1.112244176
HL1q,100,1,COMPLETED,0.043997911,0.05593553149,0.0007075948162,0.001157766452,0.006403889331,0.004620867878,0.004999999976,5.658764417e-05,7.665888014e-06,72.56644832,49.10431404,0.0673686605,0.7615631924,1.115224396
HL1q,100,1,COMPLETED,0.044160826,0.05549910401,0.0006913239574,0.001128555844,0.006406341236,0.004628370691,0.004999999976,5.709158524e-05,8.400774392e-06,72.5601986,49.96514911,0.06581451821,0.7667675926,1.117456723
HL1q,100,1,COMPLETED,0.044323741,0.05434930304,0.0006763984095,0.001091072569,0.006389036354,0.004635878491,0.004999999976,5.757347109e-05,9.144041116e-06,72.56305496,45.25186789,0.06534057494,0.7730077338,1.119361506
HL1q,100,1,COMPLETED,0.044486656,0.05415981037,0.0006637373704,0.001062733193,0.006373566309,0.004643410553,0.004999999976,5.811778798e-05,9.973980017e-06,72.57683056,46.79812247,0.06396606988,0.7802362315,1.121612816
HL1q,100,1,COMPLETED,0.044649571,0.05399742955,0.0006499782589,0.001050060343,0.006348591277,0.004650956537,0.004999999976,5.912736279e-05,6.023979196e-06,72.59341967,51.46012467,0.06271446634,0.7884501716,1.12482904
HL1q,100,1,COMPLETED,0.044812486,0.0588652175,0.0006400660488,0.001063495421,0.006362165319,0.00465852362,0.004999999977,5.8630496e-05,2.792864892e-06,72.59862485,45.27952575,0.06049117827,0.7975560674,1.127866565
HL1q,100,1,COMPLETED,0.044975401,0.05437621249,0.0006235781601,0.00103912263,0.006424271714,0.004666076272,0.004999999977,5.908401722e-05,3.384224253e-06,72.597356,53.91558916,0.0654017631,0.7206471229,1.130288049
HL1q,100,1,COMPLETED,0.045138316,0.05466001385,0.0006056299865,0.001003028012,0.006522962312,0.004673679603,0.004999999977,5.9510664e-05,4.137015383e-06,72.6015933,48.98162303,0.06618706989,0.7271739913,1.132096148
HL1q,100,1,COMPLETED,0.045301231,0.0551575093,0.0005902931673,0.0009803152383,0.006640283748,0.004681325243,0.004999999977,5.993963598e-05,4.972404894e-06,72.58162395,44.54755169,0.06492098891,0.7351136755,1.13658471
HL1q,100,1,COMPLETED,0.045464146,0.05509917697,0.0005750865208,0.0009528768841,0.006699409913,0.004688886582,0.004999999977,6.041688243e-05,5.776720918e-06,72.57519713,52.01554894,0.06952970522,0.7234779766,1.142429177
HL1q,100,1,COMPLETED,0.045627061,0.05736160963,0.000565756286,0.0009477287619,0.00673829102,0.004696472298,0.004999999977,6.080473106e-05,6.579564787e-06,72.58334355,47.70918674,0.0682736885,0.7276666329,1.148708496
HL1q,100,1,COMPLETED,0.045789976,0.05469133519,0.000559168495,0.000935494634,0.006696252763,0.004704013005,0.004999999977,6.113513401e-05,7.389180829e-06,72.56728986,57.74960527,0.0716180066,0.7332243523,1.15354111
HL1q,100,1,COMPLETED,0.045952891,0.05509399609,0.0005519163558,0.0009240781573,0.006586302446,0.004711657215,0.004999999977,6.150618144e-05,8.259797927e-06,72.55244962,54.0409888,0.06878898149,0.7401662389,1.118933987
HL1q,100,1,COMPLETED,0.046115806,0.05362962711,0.0005434455496,0.0008978572148,0.006521533254,0.004719345205,0.004999999977,6.192804115e-05,9.083572507e-06,72.56088198,68.29345756,0.06736501746,0.7487662272,1.12247517
HL1q,100,1,COMPLETED,0.046278721,0.05539301253,0.000535058954,0.000880175965,0.0064992169,0.004727035752,0.004999999977,6.233454014e-05,9.955968891e-06,72.57054011,65.80186084,0.06975050231,0.7460375009,1.125156267
HL1q,100,1,COMPLETED,0.046441636,0.05892037847,0.0005320512548,0.000904504173,0.006480988346,0.004734751034,0.004999999977,6.264651096e-05,1.075899823e-05,72.57914054,60.48594658,0.06914299229,0.7519649946,1.127224245
HL1q,100,1,COMPLETED,0.046604551,0.05569559839,0.0005194920958,0.0008593872236,0.006455709316,0.004742493345,0.004999999977,6.302915354e-05,1.164979661e-05,72.58251687,56.36560339,0.06754308329,0.7588882244,1.130532629
HL1q,100,1,COMPLETED,0.046767466,0.05565770534,0.0005118636758,0.0008463433806,0.006416396264,0.004750251111,0.004999999977,6.399189209e-05,7.377670613e-06,72.61732416,56.55423364,0.06614404411,0.7668403304,1.133514666
HL1q,100,1,COMPLETED,0.046930381,0.06047658186,0.0005153200625,0.0009132067986,0.006415850984,0.004758031167,0.004999999977,6.322403565e-05,3.976348548e-06,72.63215985,49.88202048,0.0646379105,0.7758079277,1.136468238
HL1q,100,1,COMPLETED,0.047093296,0.05682024844,0.0005113171249,0.0009315206989,0.006469851449,0.004765792338,0.004999999977,6.350053572e-05,4.682360103e-06,72.63803669,53.9747682,0.06847352114,0.7039899347,1.139062776
HL1q,100,1,COMPLETED,0.047256211,0.05548742454,0.0005005366833,0.0009023820185,0.006561316728,0.004773602831,0.004999999977,6.375393743e-05,5.559351166e-06,72.65127316,47.68917707,0.06928364546,0.7101379997,1.140733689
HL1q,100,1,COMPLETED,0.047419126,0.05544741702,0.0004945714995,0.000884881118,0.006670963479,0.00478145626,0.004999999977,6.402383767e-05,6.506265902e-06,72.65642926,43.41936004,0.06776072861,0.717943549,1.141833645
HL1q,100,1,COMPLETED,0.047582041,0.05516800587,0.0004917113677,0.000880165411,0.006710149215,0.004789220422,0.004999999977,6.434979123e-05,7.427588429e-06,72.66761123,55.101666,0.07209405639,0.7063329928,1.144708685
HL1q,100,1,COMPLETED,0.047744956,0.0572535763,0.0004959286884,0.0009023075628,0.006744703426,0.004796998133,0.004999999976,6.46081719e-05,8.342783262e-06,72.68110479,53.04804963,0.07058391709,0.7101569819,1.148573474
HL1q,100,1,COMPLETED,0.047907871,0.05772614685,0.0005071721143,0.0009377835756,0.006667609608,0.00480474271,0.004999999976,6.479691237e-05,9.22992101e-06,72.67401991,66.72079668,0.07426848743,0.7157097721,1.15124461
HL1q,100,1,COMPLETED,0.048070786,0.06081045245,0.0005199742042,0.0009935945857,0.006552842993,0.004812611275,0.004999999976,6.5044698e-05,1.014718918e-05,72.67819036,63.00832834,0.07132864995,0.722606539,1.12184096
HL1q,100,1,COMPLETED,0.048233701,0.0574550477,0.000527812297,0.0009961216135,0.006478341029,0.004820517765,0.004999999976,6.533293114e-05,1.103239219e-05,72.69521214,62.50791098,0.06996068126,0.7312259444,1.124725415
HL1q,100,1,COMPLETED,0.048396616,0.06023872989,0.0005354927256,0.001034742664,0.006470021676,0.004828413515,0.004999999976,6.560968806e-05,1.194885939e-05,72.73706631,71.06030471,0.07275896605,0.7260665213,1.126890128
HL1q,100,1,COMPLETED,0.048559531,0.05922949544,0.0005327914135,0.001038279293,0.006468973173,0.004836320328,0.004999999975,6.580515687e-05,1.278963928e-05,72.74787254,68.03567991,0.07154847073,0.7320581735,1.128462866
HL1q,100,1,COMPLETED,0.048722446,0.06023504214,0.0005241670774,0.001015526183,0.006480673589,0.004844265682,0.004999999976,6.6077925e-05,1.371305351e-05,72.76848981,66.77276576,0.07033757627,0.7391811792,1.130243275
HL1q,100,1,COMPLETED,0.048885361,0.06088155751,0.0005284556038,0.001044217613,0.006454720549,0.004852193941,0.004999999975,6.6907949e-05,9.190555341e-06,72.79507109,65.69777288,0.0683448367,0.7473744594,1.134367741
HL1q,100,1,COMPLETED,0.049048276,0.06145440576,0.0005464712703,0.00113734841,0.006469359229,0.004860147248,0.004999999975,6.594792337e-05,5.634062415e-06,72.80654605,62.64053023,0.06669893257,0.7565503253,1.138057677
HL1q,100,1,COMPLETED,0.049211191,0.06109368662,0.0005579998616,0.001174437291,0.006545507626,0.004868075197,0.004999999975,6.606647695e-05,6.435759333e-06,72.82877485,60.84896124,0.07040244176,0.685152103,1.140730587
HL1q,100,1,COMPLETED,0.049374106,0.06058810844,0.0005697979196,0.001197052974,0.006652684279,0.004876049823,0.004999999975,6.617915586e-05,7.382033617e-06,72.83957434,56.5541275,0.07169206112,0.6913504948,1.142398666
HL1q,100,1,COMPLETED,0.049537021,0.05972036255,0.0005918789417,0.00124098385,0.006724769464,0.004884019472,0.004999999975,6.636096566e-05,8.293602005e-06,72.83605035,52.35410853,0.07040071671,0.6992683021,1.143315346
HL1q,100,1,COMPLETED,0.049699936,0.05889497348,0.0006218568589,0.001309802555,0.00678109402,0.004891907922,0.004999999975,6.659140528e-05,9.236063682e-06,72.85986261,54.85980284,0.07398835801,0.6892492174,1.14045056
HL1q,100,1,COMPLETED,0.049862851,0.05876374153,0.0006555408112,0.001392258564,0.006777615465,0.004899809543,0.004999999975,6.670616056e-05,1.010415306e-05,72.87788635,54.27548206,0.0726405402,0.6932143198,1.142733729
HL1q,100,1,COMPLETED,0.050004044,0.05767110198,0.0006814441078,0.001452422065,0.00672332189,0.004906664601,0.004999999975,6.678899328e-05,1.084726564e-05,72.88611658,61.08042702,0.0775938089,0.6979783466,1.136325128
HL1z,100,1,COMPLETED,1.0861e-05,0.05015736418,1.265145766e-06,7.534482931e-06,6.463103815e-07,0.002500535835,0.005,4.358307516e-07,1.14767715e-10,72.78169899,2.06623735,0.001630669988,0.9966364683,0.9999820286
HL1z,100,1,COMPLETED,0.000173776,0.05027272349,9.67319318e-06,3.257563278e-05,3.537285079e-05,0.002508588335,0.005,3.951165075e-07,2.926113408e-08,72.77199083,1.923577824,0.001561400274,0.9966878489,1.000049909
HL1z,100,1,COMPLETED,0.000336691,0.05044352096,1.520628287e-05,4.879569514e-05,6.412739104e-05,0.002516686536,0.005,3.493658843e-07,6.412906531e-08,72.77510906,1.65060214,0.001569299574,0.9966973847,1.000171827
HL1z,100,1,COMPLETED,0.000499606,0.05062086949,1.978074045e-05,6.238054048e-05,0.0001145207798,0.002524855613,0.005,3.952095461e-07,2.402154036e-08,72.77262823,1.245196883,0.001581681247,0.99668113,1.00031726
HL1z,100,1,COMPLETED,0.000662521,0.05070858065,2.261067947e-05,7.004061385e-05,0.0001336747418,0.002533019878,0.005,3.864996956e-07,4.025896927e-08,72.77520949,0.819772745,0.001614384441,0.9966239139,1.000470321
HL1z,100,1,COMPLETED,0.000825436,0.05071284522,2.261391011e-05,6.885078064e-05,0.0001517210851,0.002541176874,0.005,3.709216752e-07,3.532223234e-08,72.76963024,0.6481126467,0.001606254655,0.9964778635,1.000620599
HL1z,100,1,COMPLETED,0.000988351,0.05063973692,2.051297391e-05,6.130877684e-05,0.0001435828278,0.002549324969,0.005,3.106054244e-07,1.139595154e-08,72.7648508,0.9194290725,0.001618876196,0.9963348784,1.000758985
HL1z,100,1,COMPLETED,0.001151266,0.05049852126,1.652782103e-05,4.821485135e-05,0.0001471892984,0.002557466746,0.005,3.965994938e-07,5.543357025e-08,72.76847109,1.313672022,0.001630942604,0.9962116108,1.000870462
HL1z,100,1,COMPLETED,0.001314181,0.0503105049,1.145726881e-05,3.245722964e-05,0.0001246360317,0.002565622414,0.005,3.777362848e-07,4.369845701e-08,72.77366218,1.608879606,0.001655132045,0.9961252021,1.000947588
HL1z,100,1,COMPLETED,0.001477096,0.0501420979,6.992483481e-06,2.102051975e-05,0.000108641956,0.002573790782,0.005,4.298535129e-07,4.222481874e-08,72.76867161,1.764479894,0.001633837033,0.9960806489,1.000980874
HL1z,100,1,COMPLETED,0.001640011,0.05028059904,6.715859646e-06,2.664610458e-05,5.776458601e-05,0.002581958359,0.005,3.736148946e-07,5.684778966e-08,72.7687776,1.766830356,0.001618397269,0.9960806014,1.000980993
HL1z,100,1,COMPLETED,0.001802926,0.05050355119,1.075713394e-05,4.124275368e-05,2.582966454e-05,0.002590075463,0.005,4.257638326e-07,3.533486773e-08,72.7679581,1.714244346,0.00158483578,0.9961126825,1.000936415
HL1z,100,1,COMPLETED,0.001965841,0.05070208763,1.58527038e-05,5.715171575e-05,9.267665693e-06,0.002598131051,0.005,4.57330942e-07,9.981371223e-10,72.77632328,1.424597471,0.001606272761,0.9961250345,1.001210888
HL1z,100,1,COMPLETED,0.002128756,0.05085475831,1.942033962e-05,6.700875906e-05,9.538068672e-06,0.002606172712,0.005,4.316033188e-07,1.56191381e-08,72.77331261,1.149404613,0.00148509612,0.9970152795,1.001164477
HL1z,100,1,COMPLETED,0.002291671,0.05072284775,2.041709736e-05,6.78770519e-05,4.917248717e-05,0.002614240888,0.005,3.673101163e-07,6.830645209e-08,72.77703185,0.9971841116,0.001446845375,0.996998944,1.001157508
HL1z,100,1,COMPLETED,0.002454586,0.05054149159,1.961417721e-05,6.330455704e-05,0.0001030318456,0.002622408107,0.005,3.937496508e-07,7.129064889e-10,72.7727033,0.9842827135,0.001414073008,0.9969809013,1.001071311
HL1z,100,1,COMPLETED,0.002617501,0.05049221842,1.731238257e-05,5.421252275e-05,0.0001476722323,0.002630567655,0.005,4.363058735e-07,4.407516345e-08,72.77889216,1.130831362,0.001386566419,0.9969646799,1.000980799
HL1z,100,1,COMPLETED,0.002780416,0.05040910724,1.3886866e-05,4.190480802e-05,0.0001685185125,0.002638730509,0.005,4.244353173e-07,5.273458896e-09,72.77700046,1.380777154,0.001353198163,0.9972927233,1.000899146
HL1z,100,1,COMPLETED,0.002943331,0.0502835478,9.594592669e-06,2.805675038e-05,0.0001673746607,0.002646888879,0.005,4.326680224e-07,1.349693541e-08,72.77353181,1.555690484,0.00134334723,0.9972912349,1.0008556
HL1z,100,1,COMPLETED,0.003106246,0.05016154484,7.053920321e-06,2.100230533e-05,0.0001724340065,0.00265501712,0.005,4.79166567e-07,6.108188836e-08,72.77358343,1.639158207,0.001328031483,0.9972570253,1.000847638
HL1z,100,1,COMPLETED,0.003269161,0.0502015389,8.025194974e-06,2.592962217e-05,0.0001630214722,0.002663174001,0.005,4.4392567e-07,3.55201497e-08,72.77686817,1.540583396,0.001330998112,0.9971884663,1.00085199
HL1z,100,1,COMPLETED,0.003432076,0.05029786188,1.126198488e-05,3.75036722e-05,0.0001461301075,0.002671340473,0.005,4.979770847e-07,5.913672617e-08,72.77362657,1.442418898,0.001337836531,0.9970850236,1.000876055
HL1z,100,1,COMPLETED,0.003594991,0.05037858258,1.441731989e-05,4.69822123e-05,9.358450856e-05,0.002679499023,0.005,4.476725758e-07,1.213144301e-08,72.77069866,1.220934334,0.001360040085,0.9969618007,1.001153388
HL1z,100,1,COMPLETED,0.003757906,0.05036916928,1.682641259e-05,5.282626077e-05,5.121861007e-05,0.002687653395,0.005,4.56615239e-07,4.964247656e-08,72.76810119,1.030950439,0.001359140557,0.9968238598,1.001219327
HL1z,100,1,COMPLETED,0.003920821,0.05070972871,1.721510962e-05,5.324065243e-05,1.579294633e-05,0.002695719061,0.005,4.969308303e-07,1.413422739e-09,72.76960478,0.9661463756,0.00139479812,0.9966760874,1.001816653
HL1z,100,1,COMPLETED,0.004083736,0.0509277177,1.566909054e-05,4.821798112e-05,1.07838716e-05,0.002703754727,0.005,4.986976534e-07,4.442038155e-09,72.76930538,1.1519287,0.001378149785,0.9969394974,1.001815604
HL1z,100,1,COMPLETED,0.004246651,0.05059246412,1.264521284e-05,3.763946637e-05,4.282616206e-05,0.002711818111,0.005,4.516534873e-07,5.622586059e-08,72.76912038,1.258665067,0.001385454017,0.9968066777,1.001855097
HL1z,100,1,COMPLETED,0.004409566,0.0503523108,9.305940647e-06,2.687107051e-05,8.156037808e-05,0.002719963372,0.005,4.424155938e-07,3.483489634e-08,72.77124762,1.417509815,0.00139301893,0.9966839125,1.001825171
HL1z,100,1,COMPLETED,0.004572481,0.05013689627,5.950946364e-06,1.634475567e-05,0.0001330790554,0.002728124533,0.005,4.842229764e-07,3.746991371e-08,72.77373833,1.531484633,0.00138653468,0.996569602,1.001752955
HL1z,100,1,COMPLETED,0.004735396,0.0501544398,5.417240167e-06,1.749606489e-05,0.0001499435358,0.002736291051,0.005,4.628409616e-07,1.405520924e-08,72.77547285,1.594329625,0.001360070569,0.996786137,1.001642958
HL1z,100,1,COMPLETED,0.004898311,0.05023749512,8.044706084e-06,2.770128253e-05,0.0001645482128,0.002744447393,0.005,4.894247481e-07,3.484851691e-08,72.77297037,1.509404783,0.001354017191,0.9967666694,1.00149135
HL1z,100,1,COMPLETED,0.005061226,0.05028985801,1.138719529e-05,3.757399766e-05,0.0001605153224,0.002752578134,0.005,4.828146351e-07,4.310399741e-08,72.77309624,1.302629207,0.001335272335,0.996764703,1.001324685
HL1z,100,1,COMPLETED,0.005224141,0.05038028271,1.392865445e-05,4.452314809e-05,0.0001668334233,0.002760734585,0.005,4.865152213e-07,4.124746038e-08,72.77728376,1.101053137,0.001326018435,0.9967749486,1.001192701
HL1z,100,1,COMPLETED,0.005387056,0.05041467077,1.499126475e-05,4.659587606e-05,0.0001495418918,0.002768894371,0.005,5.618847423e-07,6.784932608e-08,72.77735473,1.026944776,0.00131501922,0.9967950327,1.001251942
HL1z,100,1,COMPLETED,0.005549971,0.05039578863,1.440720877e-05,4.350562771e-05,0.0001143771957,0.002777052786,0.005,5.599010589e-07,2.430201017e-08,72.77165638,1.031824679,0.001312034536,0.9968118669,1.001299626
HL1z,100,1,COMPLETED,0.005712886,0.05033747298,1.264921739e-05,3.702971036e-05,6.323691318e-05,0.002785219202,0.005,5.444380328e-07,5.82089317e-08,72.77904161,1.130002444,0.001358269101,0.9968203102,1.003337921
HL1z,100,1,COMPLETED,0.005875801,0.05025844911,9.631829431e-06,2.707218878e-05,3.012718785e-05,0.002793290094,0.005,5.760749946e-07,1.686345509e-08,72.77321179,1.367954889,0.001352606833,0.9968100666,1.003431554
HL1z,100,1,COMPLETED,0.006038716,0.05079913798,7.183703947e-06,2.566391714e-05,3.553368598e-06,0.002801333423,0.005,5.907624662e-07,9.06798206e-09,72.77463013,1.499020842,0.001481876077,0.9967695855,1.005361425
HL1z,100,1,COMPLETED,0.006201631,0.05051796945,6.309217938e-06,2.007261082e-05,3.923804145e-05,0.002809385564,0.005,5.574287069e-07,5.245558862e-08,72.76618738,1.568685479,0.001448971478,0.9967831242,1.005650265
HL1z,100,1,COMPLETED,0.006364546,0.05049557039,8.791366272e-06,2.818492466e-05,7.1977255e-05,0.002817494019,0.005,5.433269961e-07,8.957365515e-08,72.77198266,1.510316421,0.001489352511,0.9966679067,1.005940742
HL1z,100,1,COMPLETED,0.006527461,0.05054357921,1.254727041e-05,3.844424313e-05,0.0001241124045,0.002825659751,0.005,5.72095217e-07,3.228488047e-09,72.76937887,1.458735311,0.001507096828,0.9965375566,1.006231307
HL1z,100,1,COMPLETED,0.006690376,0.0506437154,1.499092368e-05,4.453558663e-05,0.000141714818,0.002833825327,0.005,5.875310828e-07,3.22984178e-09,72.77226071,1.383115057,0.001556970927,0.9963869652,1.006555569
HL1z,100,1,COMPLETED,0.006853291,0.05073904116,1.623909308e-05,4.739462553e-05,0.0001633587593,0.002841980052,0.005,6.004839728e-07,8.122149165e-09,72.76742589,1.313136173,0.001567551073,0.9968937611,1.006902594
HL1z,100,1,COMPLETED,0.007016206,0.05080103688,1.739223156e-05,4.914834892e-05,0.0001583432271,0.002850123225,0.005,5.805478241e-07,2.749756374e-08,72.76135481,1.376967386,0.001589541662,0.9968122114,1.00727875
HL1z,100,1,COMPLETED,0.007179121,0.05077517308,1.728136568e-05,4.668710271e-05,0.000163700083,0.002858267965,0.005,6.414802569e-07,6.02119363e-08,72.76419477,1.640267659,0.001649154037,0.9966668961,1.007665815
HL1z,100,1,COMPLETED,0.007342036,0.05067272089,1.547394684e-05,3.987131219e-05,0.0001421461132,0.002866424316,0.005,6.528404657e-07,5.717921288e-08,72.76811515,1.798439861,0.001702830269,0.9965311209,1.008060621
HL1z,100,1,COMPLETED,0.007504951,0.05048238399,1.290874373e-05,3.124170047e-05,0.0001257432471,0.002874592803,0.005,6.908021524e-07,4.718785246e-08,72.75868196,2.015352843,0.00175238346,0.9964144451,1.008450047
HL1z,100,1,COMPLETED,0.007667866,0.05019846759,1.162887753e-05,2.699393487e-05,7.842112037e-05,0.002882764448,0.005,6.518320577e-07,4.627206165e-08,72.76442297,2.195387826,0.001808820289,0.9963159269,1.008823288
HL1z,100,1,COMPLETED,0.007830781,0.05011847989,1.357417785e-05,3.365352492e-05,5.247743619e-05,0.002890872441,0.005,6.886534686e-07,1.345290632e-08,72.76170014,2.273865774,0.001820835675,0.9962312391,1.009140882
HL1z,100,1,COMPLETED,0.007993696,0.05016888628,1.727858807e-05,4.370291153e-05,2.787359828e-05,0.002898933201,0.005,7.072598957e-07,2.180516883e-08,72.76701907,3.790116823,0.002029233705,0.9917520644,1.009431287
HL1z,100,1,COMPLETED,0.008156611,0.05022889007,1.974172962e-05,4.918803658e-05,5.141423764e-05,0.002906970454,0.005,6.845669223e-07,5.238979722e-09,72.76392984,3.841400407,0.001978255312,0.9917115356,1.009505155
HL1z,100,1,COMPLETED,0.008319526,0.05024669928,2.135926455e-05,5.276681013e-05,8.156373297e-05,0.002915038137,0.005,6.379924044e-07,3.628872963e-08,72.76795196,4.004386885,0.002030198192,0.9917507698,1.009741812
HL1z,100,1,COMPLETED,0.008482441,0.05023839341,2.253161553e-05,5.643064371e-05,0.0001338123725,0.002923200122,0.005,6.632859314e-07,5.318745008e-08,72.76058631,4.073561213,0.00204000624,0.9918213244,1.009898042
HL1z,100,1,COMPLETED,0.008645356,0.05022534278,2.289701684e-05,6.059980874e-05,0.0001672083598,0.002931351374,0.005,6.976201577e-07,9.554204739e-08,72.76724289,4.121058015,0.002069806,0.9919458172,1.009954433
HL1z,100,1,COMPLETED,0.008808271,0.0503346249,2.257993049e-05,6.478841993e-05,0.0001831517541,0.002939500855,0.005,7.126243811e-07,9.111694054e-08,72.76533878,4.140106906,0.002076683295,0.9921273627,1.00987814
HL1z,100,1,COMPLETED,0.008971186,0.05033074998,2.215569229e-05,6.877800906e-05,0.0001733942528,0.002947643434,0.005,7.187242334e-07,6.735407146e-08,72.75937342,4.165520022,0.002093901025,0.9924037993,1.009661631
HL1z,100,1,COMPLETED,0.009134101,0.05073650057,2.130138628e-05,7.133102174e-05,0.0001735216177,0.002955761394,0.005,7.811057926e-07,1.335935546e-07,72.75666492,5.594336552,0.002424448286,0.9886289137,1.009289659
HL1z,100,1,COMPLETED,0.009297016,0.05081667975,2.15754676e-05,7.277322562e-05,0.0001533356719,0.002963902572,0.005,7.658862452e-07,8.305218294e-08,72.75755025,5.955656659,0.002486434584,0.9882855087,1.008796908
HL1z,100,1,COMPLETED,0.009459931,0.05060601212,2.315605605e-05,6.76246662e-05,0.0001254906582,0.002972048043,0.005,8.355841107e-07,6.92212062e-08,72.74878642,6.644748134,0.002575263027,0.9880676005,1.008269771
HL1z,100,1,COMPLETED,0.009622846,0.0507200607,2.392702886e-05,6.121077764e-05,5.398734916e-05,0.002980179694,0.005,8.188740183e-07,4.24902265e-08,72.743482,7.427016605,0.003292689549,0.9807697953,1.00886589
HL1z,100,1,COMPLETED,0.009785761,0.05148053733,2.584203031e-05,7.357100873e-05,2.509430483e-06,0.002988297594,0.005,8.592999166e-07,9.527723434e-08,72.73813768,7.806438724,0.003416984486,0.9791830504,1.009433679
HL1z,100,1,COMPLETED,0.009948676,0.05145493962,2.742306671e-05,7.734076778e-05,7.992479299e-05,0.002996309758,0.005,8.98575197e-07,9.004268641e-08,72.73756187,10.65556767,0.00384510604,0.9778802869,1.009903513
HL1z,100,1,COMPLETED,0.010111591,0.05123725253,2.803616918e-05,7.516145928e-05,0.0001123889074,0.003004303356,0.005,9.196714341e-07,1.33476785e-07,72.73852675,10.51261408,0.003980556653,0.9766794783,1.010347613
HL1z,100,1,COMPLETED,0.010274506,0.05158378618,2.92862107e-05,7.651569249e-05,9.234269834e-05,0.003012341608,0.005,9.174721558e-07,2.241035632e-07,72.73271237,10.93274236,0.00423180744,0.9754186631,1.010572085
HL1z,100,1,COMPLETED,0.010437421,0.05197057082,3.234934609e-05,8.54023968e-05,6.607984838e-05,0.003020464718,0.005,9.626556465e-07,2.279117532e-07,72.73179126,11.90026666,0.004792406432,0.9745104352,1.010771498
HL1z,100,1,COMPLETED,0.010600336,0.05266921885,3.63914165e-05,0.000101851081,2.800431047e-05,0.00302858988,0.005,1.018049683e-06,2.159121015e-07,72.73486453,12.02407253,0.005000192761,0.9737360843,1.011068782
HL1z,100,1,COMPLETED,0.010763251,0.05363926774,4.186963501e-05,0.0001322117866,2.979505149e-05,0.003036714697,0.005,1.091447322e-06,2.939643427e-07,72.73577499,11.97775946,0.005195766894,0.9730052782,1.012157646
HL1z,100,1,COMPLETED,0.010926166,0.05456044897,4.885857209e-05,0.0001694919376,4.728268487e-05,0.003044821421,0.005,1.140348129e-06,3.447662088e-07,72.7342845,11.97424801,0.005395924484,0.9717004501,1.013334648
HL1z,100,1,COMPLETED,0.011089081,0.05513325245,5.365885743e-05,0.0001837346243,8.808462656e-05,0.003052888062,0.005,1.19124373e-06,1.989124143e-07,72.73677447,12.18360489,0.005893929297,0.9707395265,1.014742565
HL1z,100,1,COMPLETED,0.011251996,0.0552407223,5.802257836e-05,0.0001987590255,0.0001173369525,0.003060987031,0.005,1.195802318e-06,2.391276509e-07,72.74417398,12.41602629,0.006166972976,0.9700521781,1.016547486
HL1z,100,1,COMPLETED,0.011414911,0.05509980751,6.210585124e-05,0.0002110439574,0.0001668653095,0.003069089394,0.005,1.295719236e-06,2.134206496e-07,72.75190372,14.16116291,0.006670825896,0.9696203208,1.018722347
HL1z,100,1,COMPLETED,0.011577826,0.05429855809,6.18925292e-05,0.0001853753414,0.0002342205021,0.003077188924,0.005,1.345489463e-06,2.817951311e-07,72.76154498,14.99964923,0.006956402799,0.969511918,1.02079428
HL1z,100,1,COMPLETED,0.011740741,0.05287780086,6.071272665e-05,0.0001624684958,0.0003276012922,0.003085280731,0.005,1.403049419e-06,3.773463092e-07,72.77718978,18.24773509,0.007225391163,0.9696330175,1.022414827
HL1z,100,1,COMPLETED,0.011903656,0.05342078463,6.392600185e-05,0.000179425228,0.0003737395912,0.003093311477,0.005,1.456413636e-06,3.727064492e-07,72.78863256,18.29732368,0.007348839917,0.9684459423,1.024218838
HL1z,100,1,COMPLETED,0.012066571,0.05337580396,7.033578198e-05,0.0001996218025,0.0004457931594,0.003101288451,0.005,1.516635676e-06,4.070677998e-07,72.78959379,16.73320722,0.007895395448,0.9661238996,1.026054654
HL1z,100,1,COMPLETED,0.012229486,0.05382808285,7.672211883e-05,0.0002264370091,0.0004119167768,0.003109313825,0.005,1.585950174e-06,5.006620178e-07,72.78034018,17.29744821,0.008029194424,0.9641126427,1.027784103
HL1z,100,1,COMPLETED,0.012392401,0.05403322219,7.758873536e-05,0.0002187693659,0.0003914289764,0.003117389546,0.004999999999,1.689963603e-06,5.798423523e-07,72.79081998,20.32644126,0.008562890793,0.962427564,1.029556335
HL1z,100,1,COMPLETED,0.012555316,0.05394795486,8.00249873e-05,0.0002157142385,0.0003391635562,0.003125527099,0.004999999999,1.750561049e-06,5.509611608e-07,72.78924588,20.60179206,0.008810312205,0.9609961024,1.031404435
HL1z,100,1,COMPLETED,0.012718231,0.05395819954,8.118570316e-05,0.0002117087502,0.0003164300461,0.003133674314,0.004999999999,1.834736594e-06,5.647930975e-07,72.8085749,20.75110576,0.009091537443,0.9597510046,1.033260908
HL1z,100,1,COMPLETED,0.012881146,0.05353643012,8.02284652e-05,0.0002044425137,0.0002823423713,0.003141817967,0.004999999999,1.986834505e-06,6.674061704e-07,72.81942004,20.85967057,0.009384095228,0.9586113024,1.035061508
HL1z,100,1,COMPLETED,0.013044061,0.05374963706,8.148002601e-05,0.000203722465,0.0002686472366,0.003149956304,0.004999999999,1.939529023e-06,6.073763866e-07,72.82850713,20.94410659,0.009700414714,0.957581658,1.036757579
HL1z,100,1,COMPLETED,0.013206976,0.05382799607,8.117902462e-05,0.0001934390813,0.0002779367726,0.003158071695,0.004999999999,1.853792668e-06,1.659930321e-07,72.8524674,27.24886162,0.01063361908,0.9566635843,1.039376253
HL1z,100,1,COMPLETED,0.013369891,0.05321096763,7.740583502e-05,0.0001774994635,0.0003108428456,0.003166205454,0.004999999999,1.846303862e-06,8.124679142e-08,72.87038132,27.671898,0.01103493437,0.9559832294,1.041876813
HL1z,100,1,COMPLETED,0.013532806,0.05192043716,7.232907926e-05,0.0001691477241,0.000303133576,0.003174388343,0.004999999999,1.860703808e-06,1.578836673e-08,72.87230438,28.40953999,0.01125849119,0.9555097988,1.043800751
HL1z,100,1,COMPLETED,0.013695721,0.05092528164,7.06674603e-05,0.0001789588169,0.0003261846341,0.003182577692,0.004999999999,1.839285063e-06,3.409239733e-08,72.88629336,28.01739738,0.01320075592,0.9544847114,1.066618752
HL1z,100,1,COMPLETED,0.013858636,0.05093133395,7.512412388e-05,0.0002448882564,0.000325396405,0.003190710971,0.004999999999,1.84929156e-06,6.086219127e-08,72.89556343,27.86768261,0.01308749565,0.9522768056,1.064069082
HL1z,100,1,COMPLETED,0.014021551,0.05104591973,7.708813375e-05,0.0002352728497,0.0002351982873,0.003198888304,0.004999999999,1.791515924e-06,1.986107773e-07,72.91189568,30.54788533,0.01426604694,0.9502086719,1.06694742
HL1z,100,1,COMPLETED,0.014184466,0.0510866336,7.976242144e-05,0.0002454949527,0.0001640080114,0.003206982666,0.004999999999,1.751251295e-06,2.638941544e-07,72.93041889,30.11060873,0.01359450599,0.9480920165,1.065474711
HL1z,100,1,COMPLETED,0.014347381,0.05118115844,8.457477628e-05,0.0002738274335,7.520763712e-05,0.003215122072,0.004999999999,1.721889017e-06,2.883626501e-07,72.9624528,30.46946606,0.01370821577,0.9462659206,1.063292934
HL1z,100,1,COMPLETED,0.014510296,0.05147410727,9.358623955e-05,0.000329446918,4.001675227e-07,0.0032233319,0.004999999999,1.697534295e-06,4.523620822e-07,72.97792675,50.06024441,0.01397336961,0.9449683927,1.060579069
HL1z,100,1,COMPLETED,0.014673211,0.05164837275,0.0001073138843,0.0004132808652,8.347945241e-05,0.003231560929,0.004999999999,1.648643157e-06,6.492634317e-07,73.00812609,50.95965572,0.01385424305,0.9438645352,1.057061434
HL1z,100,1,COMPLETED,0.014836126,0.05187732595,0.0001233293361,0.0005107510255,0.0001814155261,0.003239829464,0.004999999999,1.634519493e-06,7.772835764e-07,73.02112438,51.25848941,0.01374022655,0.9432624243,1.052868632
HL1z,100,1,COMPLETED,0.014999041,0.05206034925,0.0001351736838,0.000573423426,0.0002926481985,0.003248138204,0.004999999999,1.600125092e-06,8.98997062e-07,73.00406651,51.08899004,0.01367944548,0.9430311256,1.048087048
HL1z,100,1,COMPLETED,0.015161956,0.05249091972,0.0001389607773,0.0005799705707,0.0004143529424,0.003256430113,0.004999999999,1.630423584e-06,1.133275765e-06,72.99842268,52.57203663,0.01722614401,0.9430646302,1.103085782
HL1z,100,1,COMPLETED,0.015324871,0.05262454789,0.0001483151107,0.0006065048032,0.0004753812338,0.003264708082,0.004999999999,1.564311795e-06,1.190396282e-06,73.00001043,59.57840197,0.0172431223,0.9434360739,1.100959273
HL1z,100,1,COMPLETED,0.015487786,0.05252494555,0.0001615422641,0.0006461352579,0.0005211044313,0.003272986712,0.004999999999,1.58590097e-06,1.279940348e-06,72.99560294,59.73464295,0.01715653472,0.9440943889,1.098538828
HL1z,100,1,COMPLETED,0.015650701,0.0523270903,0.000179885485,0.0007007013577,0.0005864718507,0.003281322579,0.004999999999,1.518752072e-06,1.260138835e-06,72.98276189,58.91452721,0.01776591893,0.9439982817,1.095943265
HL1z,100,1,COMPLETED,0.015813616,0.05391050215,0.0002123893358,0.0008234376611,0.0006343799943,0.003289613185,0.004999999999,1.487290021e-06,1.327452797e-06,72.99323978,57.78021757,0.01769878233,0.9419103182,1.092955492
HL1z,100,1,COMPLETED,0.015976531,0.05219335436,0.0002440210054,0.0008921630173,0.0007432240167,0.003297876871,0.004999999999,1.494671467e-06,1.529601475e-06,73.02333153,53.26933293,0.01900501997,0.9394505228,1.089529963
HL1z,100,1,COMPLETED,0.016139446,0.05205623154,0.0002656900361,0.0009170162779,0.0008272847352,0.003306056908,0.004999999999,1.526191338e-06,1.679180316e-06,73.0565529,53.63446435,0.01910630597,0.9379821593,1.085570622
HL1z,100,1,COMPLETED,0.016302361,0.05221512947,0.0002677925238,0.0008365549462,0.0009424231978,0.003314297117,0.004999999999,1.510948079e-06,1.751336957e-06,73.06750735,56.49850511,0.02203223392,0.9364730607,1.103727676
HL1z,100,1,COMPLETED,0.016465276,0.05251014193,0.0002699966025,0.0007774590207,0.001024390345,0.003322593441,0.004999999999,1.632013052e-06,1.90065488e-06,73.05604109,54.10241394,0.02229961646,0.9351664663,1.102492939
HL1z,100,1,COMPLETED,0.016628191,0.05265634064,0.0002705557697,0.0007307603806,0.001085828228,0.003330875762,0.004999999998,1.67095028e-06,1.942502921e-06,73.03228477,53.88198251,0.02248971026,0.9342546963,1.101384492
HL1z,100,1,COMPLETED,0.016791106,0.05285053059,0.0002733887082,0.0007122117454,0.001120217807,0.003339167194,0.004999999998,1.718189888e-06,1.941843042e-06,73.00605005,54.08898207,0.02241691191,0.9337178941,1.099959759
HL1z,100,1,COMPLETED,0.016954021,0.0530213488,0.0002797677695,0.0007048777565,0.001155122086,0.003347471748,0.004999999998,1.492703872e-06,1.746534921e-06,72.97051389,54.96379593,0.02246711276,0.9319106498,1.097936314
HL1z,100,1,COMPLETED,0.017116936,0.05301531932,0.0002836515928,0.0006878436736,0.001283764464,0.003355845196,0.004999999998,1.521354635e-06,1.711441642e-06,72.93940818,79.47174389,0.02386307991,0.929832341,1.095189369
HL1z,100,1,COMPLETED,0.017279851,0.05284654423,0.0002848559685,0.0006683112708,0.001385361162,0.003364220628,0.004999999998,1.494513737e-06,1.616385691e-06,72.92764635,87.9564641,0.02493408031,0.9282728653,1.092348205
HL1z,100,1,COMPLETED,0.017442766,0.05234367474,0.0002878375644,0.0006569173391,0.00141511299,0.003372539955,0.004999999998,1.552335653e-06,1.578339573e-06,72.92895198,87.92473499,0.02499010841,0.9255079568,1.08956401
HL1z,100,1,COMPLETED,0.017605681,0.05286143762,0.00030275541,0.0006961988261,0.001437697033,0.003380888296,0.004999999998,1.549413747e-06,1.443528943e-06,72.9166804,91.24602928,0.02494397465,0.9223639583,1.089678004
HL1z,100,1,COMPLETED,0.017768596,0.05530773552,0.0003225298428,0.0007540651886,0.001437431385,0.003389200323,0.004999999998,1.629454227e-06,1.374635588e-06,72.91251239,88.5002366,0.02504686965,0.9186262307,1.091723211
HL1z,100,1,COMPLETED,0.017931511,0.05320899001,0.0003368828228,0.0007783701938,0.001433798871,0.003397403581,0.004999999998,1.772768415e-06,1.360925464e-06,72.91852925,87.8552973,0.02336507854,0.9149790646,1.092907787
HL1z,100,1,COMPLETED,0.018094426,0.05360413859,0.0003385076751,0.0007797765046,0.001431222676,0.003405560025,0.004999999998,1.8764016e-06,1.309273154e-06,72.90467127,82.45287402,0.02359597404,0.9118062971,1.093004815
HL1z,100,1,COMPLETED,0.018257341,0.0544811807,0.0003306194179,0.0007804865381,0.001447698353,0.003413744228,0.004999999998,1.93379572e-06,1.202719634e-06,72.87903488,96.98795902,0.0259822664,0.9098270148,1.099950273
HL1z,100,1,COMPLETED,0.018420256,0.05915965092,0.0003310515958,0.0008612822711,0.001490606342,0.003422047867,0.004999999998,1.94947125e-06,1.122121878e-06,72.81063597,95.57382948,0.02607582843,0.9103478193,1.102923272
HL1z,100,1,COMPLETED,0.018583171,0.06293260088,0.0003379356947,0.001020821523,0.001483060575,0.003430302214,0.004999999998,1.890145947e-06,9.711007697e-07,72.74617268,91.37929815,0.02603580336,0.9143577551,1.106535846
HL1z,100,1,COMPLETED,0.018746086,0.0643158618,0.0003443095219,0.001112508386,0.001404360529,0.003438520677,0.004999999998,1.9446482e-06,8.681435321e-07,72.68181304,87.73039008,0.02582462078,0.92164101,1.110429919
HL1z,100,1,COMPLETED,0.018909001,0.06282004892,0.0003205498314,0.0009271293667,0.00129572031,0.00344671295,0.004999999998,1.80088704e-06,4.983211364e-07,72.67663984,87.88793047,0.02578601892,0.9274507708,1.114040765
HL1z,100,1,COMPLETED,0.019071916,0.06507013662,0.0003041269725,0.0008694180201,0.001281174126,0.00345496106,0.004999999998,1.818017791e-06,2.432551973e-07,72.68842387,80.52132003,0.02582766382,0.9255041387,1.11658373
HL1z,100,1,COMPLETED,0.019234831,0.06603976806,0.0002995665866,0.0009159022151,0.001307306727,0.003463290093,0.004999999998,1.88516793e-06,4.810568382e-08,72.69880743,75.1132432,0.02743467628,0.9249518701,1.11839632
HL1z,100,1,COMPLETED,0.019397746,0.06891726911,0.0002980126677,0.0009626914613,0.001315766303,0.003471625251,0.004999999997,1.954794908e-06,6.905524847e-08,72.68545778,69.43141941,0.02763999287,0.9252365773,1.120194095
HL1z,100,1,COMPLETED,0.019560661,0.07322618233,0.0003140659045,0.001057552588,0.001249963651,0.003479907718,0.004999999997,2.018223764e-06,2.830519484e-07,72.64498809,81.30450666,0.02693217075,0.9256332524,1.120586473
HL1z,100,1,COMPLETED,0.019723576,0.0730166015,0.000332363623,0.001130982336,0.001158506076,0.003488139158,0.004999999997,2.044341068e-06,4.649432954e-07,72.63259863,78.23255983,0.0268756606,0.9276880888,1.119713547
HL1z,100,1,COMPLETED,0.019886491,0.07214458492,0.0003402240402,0.001139752334,0.001048049338,0.003496244549,0.004999999997,2.058970884e-06,6.360133279e-07,72.5706584,80.79506374,0.02594003103,0.9306098771,1.118654502
HL1z,100,1,COMPLETED,0.020049406,0.06745426316,0.0003327780194,0.001090743623,0.0009300853058,0.003504290846,0.004999999997,2.072059356e-06,8.219944009e-07,72.51891537,82.08382572,0.02567859131,0.9329323034,1.117131218
HL1z,100,1,COMPLETED,0.020212321,0.0644554923,0.0003233585601,0.001023731314,0.0008590270222,0.003512362597,0.004999999997,2.111011672e-06,1.011403687e-06,72.47836582,101.5736177,0.02640772118,0.9347197887,1.114630166
HL1z,100,1,COMPLETED,0.020375236,0.06628629921,0.0003272110442,0.001051198237,0.0008476332655,0.003520579916,0.004999999997,2.155293708e-06,1.064221002e-06,72.43288828,95.11100535,0.0268514139,0.9364874684,1.111647957
HL1z,100,1,COMPLETED,0.020538151,0.06732513024,0.0003365908267,0.001102904925,0.0008616154421,0.003528805067,0.004999999997,2.208799353e-06,1.097916198e-06,72.42006633,87.84248728,0.02718005232,0.939086347,1.107926981
HL1z,100,1,COMPLETED,0.020701066,0.06624672405,0.0003460841804,0.001126270796,0.000831372229,0.003537010246,0.004999999997,2.228319727e-06,1.190378588e-06,72.43128901,85.39865288,0.02764319879,0.9390666767,1.104224101
HL1z,100,1,COMPLETED,0.020863981,0.06237337399,0.0003379974199,0.001064689671,0.000759367866,0.003545169959,0.004999999997,2.306448414e-06,1.203642207e-06,72.41943918,83.32726368,0.02812709943,0.9379528733,1.104886834
HL1z,100,1,COMPLETED,0.021026896,0.06269467773,0.0003244683977,0.001011172328,0.0006604180788,0.003553263194,0.004999999997,2.271393857e-06,1.631243789e-06,72.47124675,83.95277107,0.02862302722,0.938710516,1.105041187
HL1z,100,1,COMPLETED,0.021189811,0.06548656529,0.000321224391,0.001026558215,0.0005961172905,0.003561426171,0.004999999997,2.292116108e-06,1.785405355e-06,72.51135302,77.27066791,0.02896854034,0.9408310321,1.104637685
HL1z,100,1,COMPLETED,0.021352726,0.068245367,0.000319113736,0.001051901507,0.0005210613321,0.00356960944,0.004999999997,2.248412786e-06,1.822968085e-06,72.51490231,83.83655077,0.0301904669,0.9390616855,1.103684222
HL1z,100,1,COMPLETED,0.021515641,0.06937588537,0.0003428422447,0.001151057434,0.0004271250918,0.003577779854,0.004999999996,2.249018824e-06,1.943204163e-06,72.48177872,79.97035176,0.03071396016,0.9361151482,1.10205152
HL1z,100,1,COMPLETED,0.021678556,0.07098885747,0.0003716449206,0.001263814581,0.000306453387,0.003585918051,0.004999999996,2.244868389e-06,2.038410695e-06,72.4743333,78.96200581,0.03141961869,0.9337418178,1.098805304
HL1z,100,1,COMPLETED,0.021841471,0.07392924848,0.0003935745948,0.001351494973,0.0001814898347,0.003593941864,0.004999999996,2.217675447e-06,2.089343129e-06,72.43941987,72.87911554,0.03143587247,0.931805451,1.094521728
HL1z,100,1,COMPLETED,0.022004386,0.07334828437,0.0004048570939,0.001377681879,8.156647073e-06,0.003601868255,0.004999999996,2.188342519e-06,2.156917163e-06,72.40940274,75.04801595,0.03144530856,0.9300259292,1.095287763
HL1z,100,1,COMPLETED,0.022167301,0.06562433529,0.0003804953161,0.001244322577,5.26580621e-05,0.00360983628,0.004999999996,2.170207551e-06,2.229166653e-06,72.37594917,71.38811145,0.03185884663,0.9254386053,1.096805529
HL1z,100,1,COMPLETED,0.022330216,0.06324201376,0.0003464619299,0.001094314294,0.000100134677,0.003617868213,0.004999999996,2.113579767e-06,2.214999669e-06,72.41742982,68.5581684,0.03237865984,0.9221810604,1.098035412
HL1z,100,1,COMPLETED,0.022493131,0.06451086075,0.0003294443418,0.001015210906,4.733074928e-05,0.003625984661,0.004999999996,2.042072794e-06,2.094061007e-06,72.44865464,62.13415919,0.03221801963,0.9209439845,1.100335137
HL1z,100,1,COMPLETED,0.022656046,0.06536075038,0.0003363436124,0.001030094004,2.424387214e-05,0.003634105633,0.004999999996,1.966977234e-06,2.014666245e-06,72.4866016,63.88817031,0.0325090329,0.9212065938,1.102944521
HL1z,100,1,COMPLETED,0.022818961,0.06323936634,0.0003463266983,0.001055171166,1.560287415e-05,0.003642190051,0.004999999996,1.89360306e-06,1.949631696e-06,72.51643595,62.84035821,0.03295392073,0.9209255607,1.105048348
HL1z,100,1,COMPLETED,0.022981876,0.06386318885,0.000355267382,0.001057385292,6.066246249e-05,0.003650206126,0.004999999996,1.880027885e-06,2.077991854e-06,72.5243482,62.59634554,0.03339412769,0.9201201974,1.105962811
HL1z,100,1,COMPLETED,0.023144791,0.06232261513,0.0003572572471,0.001048987944,0.0001398996517,0.003658187869,0.004999999996,1.810598072e-06,2.078403598e-06,72.54349558,66.29515038,0.03469375999,0.9171372018,1.105976002
HL1z,100,1,COMPLETED,0.023307706,0.0603519488,0.0003416170768,0.0009755129982,0.0002206795642,0.003666200222,0.004999999996,1.697718967e-06,2.018490394e-06,72.54017492,78.23969608,0.03476383896,0.9179800384,1.1059073
HL1z,100,1,COMPLETED,0.023470621,0.05838621776,0.0003371213012,0.0009069851399,0.000277573831,0.003674237394,0.004999999995,1.598611292e-06,1.984489006e-06,72.52689231,75.47389952,0.0349208541,0.91766905,1.105556826
HL1z,100,1,COMPLETED,0.023633536,0.0588571132,0.0003466023049,0.0009026901693,0.0003979357111,0.003682236715,0.004999999995,1.537331541e-06,1.98548794e-06,72.54748766,74.36426223,0.03593920048,0.9188971813,1.105084159
HL1z,100,1,COMPLETED,0.023796451,0.05925877822,0.0003537038935,0.0009150127991,0.0004838784968,0.003690177628,0.004999999995,1.435943508e-06,1.904867699e-06,72.53138462,70.86835055,0.03557178647,0.9206934533,1.104546454
HL1z,100,1,COMPLETED,0.023959366,0.05946365325,0.0003593816724,0.000922819592,0.0006214645816,0.003698024149,0.004999999995,1.340002268e-06,1.823449462e-06,72.49715666,72.41517632,0.03515650232,0.9400400787,1.103841588
HL1z,100,1,COMPLETED,0.024122281,0.05912847008,0.000361679914,0.0009102143981,0.000678883367,0.003705862405,0.004999999995,1.284203447e-06,1.790042348e-06,72.4836471,67.97882864,0.03519470669,0.9399052943,1.106201799
HL1z,100,1,COMPLETED,0.024285196,0.0587143596,0.0003576097458,0.0008793242981,0.0006953538863,0.003713724285,0.004999999995,1.260070974e-06,1.767588913e-06,72.49831293,62.8866509,0.03559580136,0.9398969169,1.107358945
HL1z,100,1,COMPLETED,0.024448111,0.05846828419,0.0003537940358,0.000871338842,0.0006562026664,0.003721673074,0.004999999995,1.224681808e-06,1.665746971e-06,72.51950391,57.26426776,0.03604802947,0.9386704921,1.107468762
HL1z,100,1,COMPLETED,0.024611026,0.05855779135,0.0003554361726,0.0008787743034,0.0005989496915,0.003729641141,0.004999999995,1.170906293e-06,1.516002261e-06,72.54385999,52.66358234,0.03561768799,0.9425308331,1.109182394
HL1z,100,1,COMPLETED,0.024773941,0.05918017125,0.0003659029072,0.0008942820677,0.0005680254732,0.003737593244,0.004999999995,1.213546882e-06,1.453920327e-06,72.56610113,60.48412549,0.03558627526,0.9446521686,1.110346303
HL1z,100,1,COMPLETED,0.024936856,0.06002957801,0.0003792997996,0.0009225531686,0.0005836146563,0.003745507471,0.004999999995,1.243207267e-06,1.340735563e-06,72.55053132,59.82097656,0.03565613851,0.9459920547,1.111680843
HL1z,100,1,COMPLETED,0.025099771,0.0603464769,0.0003898512018,0.0009437734178,0.0006348629653,0.003753344378,0.004999999994,1.33757137e-06,1.155187768e-06,72.55491418,58.93605396,0.03591853943,0.9466441544,1.111765656
HL1z,100,1,COMPLETED,0.025262686,0.05984726804,0.0003952740274,0.0009520708582,0.0007025469493,0.003761196533,0.004999999994,1.469294863e-06,1.130914324e-06,72.55523252,65.60065569,0.03729382807,0.8983486179,1.110347105
HL1z,100,1,COMPLETED,0.025425601,0.05936588245,0.0003944134681,0.0009396805999,0.0007661420725,0.003769063567,0.004999999994,1.672545277e-06,1.034004622e-06,72.55730663,67.31776007,0.0370259212,0.9092516699,1.109499596
HL1z,100,1,COMPLETED,0.025588516,0.05957674971,0.0003919555213,0.0009220310416,0.0008126258555,0.003776949118,0.004999999994,1.867775071e-06,1.019922445e-06,72.54552415,63.62394168,0.03676700828,0.9206558383,1.109876689
HL1z,100,1,COMPLETED,0.025751431,0.05954137134,0.0003959278187,0.0009163266779,0.0009052697508,0.003784795404,0.004999999994,2.087347025e-06,1.010472328e-06,72.52428708,57.15411463,0.03734959745,0.922015266,1.108549965
HL1z,100,1,COMPLETED,0.025914346,0.05951128173,0.0004038615333,0.0009119536877,0.0009794143714,0.003792547419,0.004999999994,2.316090488e-06,9.498142006e-07,72.48076291,54.80064475,0.03658177266,0.9309373379,1.106492559
HL1z,100,1,COMPLETED,0.026077261,0.05948102463,0.0004110459093,0.0009090269392,0.001099152248,0.003800219546,0.004999999994,2.550225636e-06,9.263124153e-07,72.45528803,65.2105629,0.03614550687,0.9404869506,1.105061556
HL1z,100,1,COMPLETED,0.026240176,0.05914787411,0.0004213132298,0.0009249897178,0.001067603987,0.003807951942,0.004999999994,2.798507584e-06,9.66462511e-07,72.45564184,61.75220917,0.03599693813,0.9498229218,1.104439253
HL1z,100,1,COMPLETED,0.026403091,0.0589600944,0.0004372244747,0.0009638302309,0.00105602565,0.003815700415,0.004999999994,3.083829868e-06,1.012139978e-06,72.4627959,57.71823932,0.03638256217,0.9557444345,1.107119246
HL1z,100,1,COMPLETED,0.026566006,0.05840426995,0.0004625803203,0.001019287943,0.0009850575906,0.003823528305,0.004999999993,3.360368952e-06,9.742342979e-07,72.46598638,54.59593933,0.03719625629,0.9106696517,1.108830449
HL1z,100,1,COMPLETED,0.026728921,0.05791211178,0.0004830886525,0.001058065643,0.0009338311721,0.00383135398,0.004999999993,3.609060016e-06,9.218965187e-07,72.48580579,52.7795613,0.03681682509,0.9207964285,1.109500848
HL1z,100,1,COMPLETED,0.026891836,0.05779643962,0.0004910893007,0.001068926205,0.0009048152072,0.003839154159,0.004999999993,3.933853223e-06,9.709296419e-07,72.46574389,54.1768907,0.03647192389,0.9309611865,1.109258377
HL1z,100,1,COMPLETED,0.027054751,0.05794250177,0.0004982098301,0.001076993121,0.0009209751924,0.003846928523,0.004999999993,4.169216773e-06,9.463099459e-07,72.4582446,53.59697554,0.03621319166,0.9412070801,1.109131219
HL1z,100,1,COMPLETED,0.027217666,0.05801499603,0.0005124552251,0.001111470488,0.0009655753694,0.003854642894,0.004999999993,4.435436898e-06,2.72685929e-07,72.46913568,51.62470081,0.03617615325,0.9515423364,1.10962837
HL1z,100,1,COMPLETED,0.027380581,0.05798853741,0.0005263587018,0.001141956706,0.0010372375,0.003862362243,0.004999999993,4.706939068e-06,2.913357717e-07,72.47325879,58.80840941,0.03770158595,0.8850265432,1.109567642
HL1z,100,1,COMPLETED,0.027543496,0.05824708477,0.0005329255583,0.001148354094,0.001093789055,0.003870095173,0.004999999993,5.051358988e-06,2.73528445e-07,72.47397553,58.77056184,0.03765247147,0.8943371353,1.108286787
HL1z,100,1,COMPLETED,0.027706411,0.05840569385,0.0005460415162,0.001163537994,0.001155594306,0.003877840267,0.004999999993,5.365103574e-06,3.546196776e-07,72.47133675,56.26853874,0.03716281527,0.904296071,1.105960858
HL1z,100,1,COMPLETED,0.027869326,0.0581165765,0.0005715571723,0.001190816713,0.001243955875,0.003885554986,0.004999999992,5.706974625e-06,4.429900343e-07,72.45371974,50.61060418,0.03773840399,0.9120388969,1.103473728
HL1z,100,1,COMPLETED,0.028032241,0.0579173554,0.0005906311893,0.001192246812,0.001305673328,0.003893183204,0.004999999992,6.046663493e-06,4.717937397e-07,72.42390606,49.41914879,0.0369106469,0.9184876892,1.101965299
HL1z,100,1,COMPLETED,0.028195156,0.05782122341,0.0005949987212,0.001158697479,0.001405312546,0.003900737064,0.004999999992,6.381519605e-06,5.371029604e-07,72.41049594,66.0998153,0.03678103751,0.9255010423,1.099807403
HL1z,100,1,COMPLETED,0.028358071,0.05777179672,0.0005978155728,0.001142404005,0.001366582139,0.00390835664,0.004999999992,6.722965399e-06,6.590396026e-07,72.41998042,65.13530547,0.03669349735,0.9324161348,1.101240797
HL1z,100,1,COMPLETED,0.028520986,0.05759091615,0.0006289089958,0.001198755098,0.001352607402,0.003915999822,0.004999999992,7.099808187e-06,7.81444668e-07,72.44663508,60.64170018,0.03714620676,0.9398372948,1.101909028
HL1z,100,1,COMPLETED,0.028683901,0.05709378712,0.0006725798044,0.001285011779,0.001293366802,0.003923706608,0.004999999992,7.4679777e-06,8.187194584e-07,72.46448744,60.49006543,0.03874642934,0.8837736937,1.101828758
HL1z,100,1,COMPLETED,0.028846816,0.05682544632,0.000705478663,0.001344116828,0.001249543,0.003931411298,0.004999999992,7.821574053e-06,8.553900853e-07,72.49035207,59.00075811,0.03842438464,0.892871526,1.101323471
HL1z,100,1,COMPLETED,0.029009731,0.05689359366,0.0007184795308,0.001354848475,0.001227587247,0.003939096556,0.004999999991,8.241027717e-06,9.900679918e-07,72.48147072,54.74371476,0.03811927271,0.9019386302,1.100730661
HL1z,100,1,COMPLETED,0.029172646,0.05709943847,0.0007300751888,0.001367770052,0.00124077819,0.003946768622,0.004999999991,8.569459702e-06,1.042751381e-06,72.48608193,53.16566852,0.0379076484,0.9110870233,1.099737728
HL1z,100,1,COMPLETED,0.029335561,0.05725561281,0.00074607457,0.001398258226,0.001274231769,0.003954387259,0.004999999991,8.897388432e-06,2.150793105e-07,72.50357974,50.2545544,0.03790669455,0.9205518809,1.099185029
HL1z,100,1,COMPLETED,0.029498476,0.05722383414,0.0007503786425,0.001400401976,0.001345445453,0.003961999822,0.004999999991,9.229496482e-06,1.42432072e-07,72.51449814,54.19603336,0.03995975122,0.8704097474,1.100233248
HL1z,100,1,COMPLETED,0.029661391,0.05721592005,0.0007442594802,0.001374417244,0.001410615961,0.003969623436,0.004999999991,9.639971861e-06,1.277501811e-07,72.52058039,55.64520241,0.04065929934,0.8778397342,1.100100207
HL1z,100,1,COMPLETED,0.029824306,0.05690866752,0.0007476870124,0.001369096134,0.001475230865,0.003977261597,0.00499999999,1.001536946e-05,9.119486414e-09,72.5299361,53.49136452,0.04033698318,0.8859986336,1.098894278
HL1z,100,1,COMPLETED,0.029987221,0.05655578365,0.0007687195913,0.001394436137,0.001571636901,0.003984877044,0.00499999999,1.041681024e-05,1.52878756e-07,72.52057396,50.09292537,0.04147592331,0.8916851501,1.096678119
HL1z,100,1,COMPLETED,0.030150136,0.05654521518,0.0007904266928,0.001413985943,0.001637147726,0.003992421546,0.00499999999,1.081645115e-05,2.234110682e-07,72.49340289,48.64356948,0.04096972001,0.8959182717,1.093669145
HL1z,100,1,COMPLETED,0.030313051,0.05641723844,0.0007980367233,0.00139019984,0.001746709263,0.003999909691,0.00499999999,1.120244307e-05,3.037990476e-07,72.50212199,63.44683177,0.04103788016,0.9008581843,1.090803847
HL1z,100,1,COMPLETED,0.030475966,0.05619137635,0.0007912257078,0.001351641317,0.001731827571,0.004007456138,0.00499999999,1.15977521e-05,4.432691477e-07,72.52103836,63.55308992,0.04109870459,0.9059735027,1.091104347
HL1z,100,1,COMPLETED,0.030638881,0.05600409206,0.0008070040754,0.001373716941,0.001733863631,0.004015024641,0.004999999989,1.202138834e-05,6.046674867e-07,72.55172542,60.82599689,0.04137620226,0.9118128985,1.093330882
HL1z,100,1,COMPLETED,0.030801796,0.05605439547,0.000840521793,0.001436953317,0.00171532414,0.004022640121,0.004999999989,1.246229033e-05,6.953736524e-07,72.57295194,62.55229618,0.04377342147,0.8622219886,1.094680087
HL1z,100,1,COMPLETED,0.030964711,0.05588904651,0.0008685320296,0.001479686135,0.001691870506,0.004030249487,0.004999999989,1.287429569e-05,7.728064719e-07,72.6014738,61.01613331,0.04365753261,0.870228013,1.09543609
HL1z,100,1,COMPLETED,0.031127626,0.05578983065,0.0008825739563,0.001486423386,0.00169498207,0.00403785015,0.004999999989,1.334975163e-05,9.454862085e-07,72.60093312,60.17555728,0.0432070198,0.8783803916,1.095856187
HL1z,100,1,COMPLETED,0.031290541,0.05571087664,0.0008950781273,0.001501362602,0.001720470324,0.004045445364,0.004999999988,1.375664525e-05,1.056052679e-06,72.60964022,58.6963029,0.04312997812,0.8866880333,1.096333436
HL1z,100,1,COMPLETED,0.031453456,0.05571849175,0.0009156255022,0.001539277283,0.001753329379,0.004052997857,0.004999999988,1.41475926e-05,9.47125042e-07,72.61556874,57.81731266,0.04310139637,0.8953229183,1.098222417
HL1z,100,1,COMPLETED,0.031616371,0.05568591228,0.0009197338682,0.001535764143,0.001828893443,0.004060532689,0.004999999988,1.452010653e-05,8.549362166e-07,72.62691696,57.89946377,0.04566390398,0.8518728628,1.099696384
HL1z,100,1,COMPLETED,0.031779286,0.05572012711,0.0009095819581,0.001500533731,0.001905894152,0.004068067898,0.004999999987,1.498923356e-05,8.421823442e-07,72.62419288,57.60746601,0.04698488089,0.8577517344,1.100491469
HL1z,100,1,COMPLETED,0.031942201,0.05567939372,0.0009076224861,0.001488104894,0.001975657786,0.004075613519,0.004999999987,1.542907483e-05,7.072496792e-07,72.62324862,56.36478405,0.04682838104,0.8645670827,1.100660775
HL1z,100,1,COMPLETED,0.032105116,0.05529520486,0.0009204317291,0.001504950087,0.002073925648,0.004083148114,0.004999999986,1.586646844e-05,5.054663659e-07,72.64812666,55.93733156,0.04861399078,0.863960564,1.100207834
HL1z,100,1,COMPLETED,0.032268031,0.05503057875,0.0009352643558,0.0015224164,0.002144807901,0.004090625782,0.004999999986,1.633514752e-05,3.897531591e-07,72.64127168,80.69886748,0.05031742042,0.8526662064,1.100927026
HL1z,100,1,COMPLETED,0.032430946,0.0548127056,0.0009415697823,0.00151682244,0.00224545845,0.004098065261,0.004999999984,1.676145677e-05,2.988960798e-07,72.64059585,80.2039402,0.05142187108,0.852183697,1.103055045
HL1z,100,1,COMPLETED,0.032593861,0.05449722336,0.0009343498908,0.001488671951,0.002273776609,0.004105530229,0.004999999983,1.72035478e-05,1.379093979e-07,72.6700918,85.26566214,0.05061584938,0.8523816022,1.100255151
HL1z,100,1,COMPLETED,0.032756776,0.05424611239,0.0009315504457,0.001471275963,0.002268633361,0.004113022919,0.004999999982,1.765866963e-05,8.73569927e-08,72.70636073,83.68925505,0.05076878987,0.853061289,1.102372843
HL1z,100,1,COMPLETED,0.032919691,0.05412987871,0.0009416057159,0.001478599333,0.002287113999,0.004120557873,0.00499999998,1.817845387e-05,2.531372263e-07,72.72241968,83.48780343,0.05310895653,0.8449929327,1.103973483
HL1z,100,1,COMPLETED,0.033082606,0.05392720724,0.0009483390076,0.001477400507,0.00228211816,0.004128076813,0.004999999978,1.863699432e-05,3.749312889e-07,72.74453832,80.761563,0.05294954122,0.851836366,1.105143218
HL1z,100,1,COMPLETED,0.033245521,0.05384458648,0.0009618226038,0.001487972768,0.002309289179,0.004135602268,0.004999999976,1.915688114e-05,6.015277581e-07,72.763112,77.29033371,0.05288326667,0.856679023,1.106392223
HL1z,100,1,COMPLETED,0.033408436,0.05376579462,0.0009733539866,0.001499581917,0.002353814185,0.00414311656,0.004999999974,1.964928436e-05,8.216533783e-07,72.76503995,80.74502755,0.051929934,0.8586715262,1.109240272
HL1z,100,1,COMPLETED,0.033571351,0.05360474458,0.0009875936868,0.001521604071,0.002400053034,0.004150615703,0.004999999972,1.985054969e-05,4.241755364e-07,72.76188462,78.75127933,0.05173725823,0.8610622933,1.11278306
HL1z,100,1,COMPLETED,0.033734266,0.0533352373,0.0009953482196,0.001527253931,0.002470831696,0.004158084702,0.004999999968,2.055243771e-05,1.899822423e-06,72.76255275,88.67200944,0.05489150466,0.8282536113,1.116513838
HL1z,100,1,COMPLETED,0.033897181,0.05326667873,0.000990502934,0.001506579839,0.002563024791,0.004165547324,0.004999999965,2.102397216e-05,1.758729067e-06,72.76575645,86.14672027,0.05506095913,0.8332521796,1.119253162
HL1z,100,1,COMPLETED,0.034060096,0.05382590575,0.0009885994134,0.001495812047,0.002654191175,0.004173010512,0.00499999996,2.153427549e-05,1.605690859e-06,72.75005435,88.66019656,0.05765810031,0.8392163399,1.120929853
HL1z,100,1,COMPLETED,0.034223011,0.05381952357,0.000990308855,0.001493731079,0.002767632015,0.004180468993,0.004999999956,2.201095184e-05,1.321201855e-06,72.75963633,90.71686141,0.05950752773,0.8347494454,1.122359746
HL1z,100,1,COMPLETED,0.034385926,0.05317234656,0.000992751899,0.001494286265,0.002886004047,0.004187893059,0.004999999952,2.254760504e-05,1.078092865e-06,72.76380398,91.94997048,0.05880286881,0.8372100892,1.123778002
HL1z,100,1,COMPLETED,0.034548841,0.05258836759,0.0009952672452,0.001496650744,0.002981989204,0.004195291741,0.004999999948,2.300701599e-05,9.150941692e-07,72.76275763,89.88587614,0.06001215496,0.8406707946,1.125143641
HL1z,100,1,COMPLETED,0.034711756,0.05268771972,0.000997479079,0.001498280063,0.003051527662,0.004202665537,0.004999999943,2.348306192e-05,6.714130516e-07,72.7748848,88.35275115,0.05873468613,0.8448898867,1.106669721
HL1z,100,1,COMPLETED,0.034874671,0.05326628133,0.0009925776374,0.001482309532,0.003063923235,0.004210098648,0.004999999939,2.39758042e-05,3.409995063e-07,72.79487052,81.04309289,0.05833752703,0.8500789684,1.109141704
HL1z,100,1,COMPLETED,0.035037586,0.0534523227,0.0009865287017,0.001468523362,0.003103469693,0.004217545879,0.004999999933,2.453148166e-05,2.146845034e-08,72.82639298,75.19617111,0.06040955926,0.8282261927,1.111837245
HL1z,100,1,COMPLETED,0.035200501,0.05312143253,0.0009751782449,0.00144113031,0.003148938652,0.004225006918,0.004999999928,2.504527523e-05,2.277378428e-07,72.84520535,70.18095455,0.05984279882,0.8339226077,1.114445738
HL1z,100,1,COMPLETED,0.035363416,0.05273958126,0.0009790618915,0.001441354751,0.003203305059,0.004232460809,0.004999999923,2.559077284e-05,5.576503015e-07,72.87251298,65.83347605,0.05927325226,0.8402688966,1.116650839
HL1z,100,1,COMPLETED,0.035526331,0.05245479992,0.0009929109844,0.001456071556,0.003264189358,0.004239905253,0.004999999918,2.619323437e-05,1.007652145e-06,72.87772378,62.99242927,0.05891775409,0.847044987,1.118523942
HL1z,100,1,COMPLETED,0.035689246,0.05215009027,0.001001500157,0.001464767049,0.003333686876,0.004247347452,0.004999999911,2.666573497e-05,1.319974245e-06,72.87523145,98.59610008,0.05885907106,0.8543275678,1.120795623
HL1z,100,1,COMPLETED,0.035852161,0.05213219816,0.001003775461,0.001465680737,0.00339346829,0.004254760804,0.004999999906,2.7161891e-05,2.42548017e-06,72.87865233,98.24820983,0.06146882312,0.8013597565,1.123466865
HL1z,100,1,COMPLETED,0.036015076,0.05209588446,0.001010286112,0.001476487156,0.003484657487,0.00426215755,0.0049999999,2.763653835e-05,2.088776675e-06,72.87735533,95.17417581,0.06111925934,0.8057598121,1.125633063
HL1z,100,1,COMPLETED,0.036177991,0.05230053217,0.001013353643,0.001480087876,0.003578343571,0.004269547308,0.004999999894,2.820573718e-05,1.814918164e-06,72.85229761,92.03815636,0.06197641726,0.8111281792,1.126815894
HL1z,100,1,COMPLETED,0.036340906,0.0531003299,0.00100722947,0.00147290257,0.003687918191,0.004276935532,0.004999999891,2.874564156e-05,1.410443771e-06,72.8349003,86.51989154,0.06127793755,0.8175779893,1.127481708
HL1z,100,1,COMPLETED,0.036503821,0.05598860568,0.001000235686,0.001467908499,0.003834891453,0.004284307402,0.004999999888,2.929362589e-05,9.477291189e-07,72.83356803,80.88125195,0.06298071693,0.8057047411,1.128533023
HL1z,100,1,COMPLETED,0.036666736,0.05780700264,0.0009985257337,0.00147320447,0.003943902188,0.004291651902,0.004999999883,2.98420633e-05,5.519744692e-07,72.83670413,77.46387102,0.0614624095,0.8092308312,1.129464723
HL1z,100,1,COMPLETED,0.036829651,0.0551847719,0.0009957926556,0.001465963093,0.004055504047,0.00429896963,0.004999999878,3.033923891e-05,1.498768216e-07,72.84836909,73.36386165,0.06311575431,0.8135847554,1.130253309
HL1z,100,1,COMPLETED,0.036992566,0.05412336854,0.0009920376208,0.001459497521,0.004085470867,0.004306319779,0.00499999987,3.08585278e-05,3.462706848e-07,72.84944606,73.20444466,0.06106791165,0.8189456979,1.116541185
HL1z,100,1,COMPLETED,0.037155481,0.05579574868,0.0009809179727,0.001452378112,0.004103108974,0.004313695298,0.004999999864,3.142084803e-05,8.927856363e-07,72.86162832,67.9846206,0.06028293616,0.8254593177,1.115902953
HL1z,100,1,COMPLETED,0.037318396,0.0594860737,0.0009647727655,0.00145110936,0.004164708501,0.004321093323,0.00499999986,3.204434682e-05,1.395774455e-06,72.87010715,64.02441312,0.06199270339,0.8153480316,1.114782758
HL1z,100,1,COMPLETED,0.037481311,0.05680458146,0.0009480963443,0.001433500815,0.004214254215,0.004328482903,0.00499999986,3.258960739e-05,1.850520702e-06,72.88019552,60.09375923,0.06105883516,0.8208474336,1.113332689
HL1z,100,1,COMPLETED,0.037644226,0.053156574,0.0009491115742,0.001415809968,0.004268149155,0.004335870898,0.004999999861,3.31967661e-05,2.431437751e-06,72.90553623,58.53305412,0.06031017998,0.8270305596,1.111776342
HL1z,100,1,COMPLETED,0.037807141,0.05348218615,0.0009565607796,0.001414834995,0.004327465347,0.00434325071,0.004999999862,3.380705438e-05,3.039848397e-06,72.89950905,86.61574512,0.05946321845,0.8339443488,1.111776954
HL1z,100,1,COMPLETED,0.037970056,0.05361911393,0.0009555744716,0.001412843598,0.004373012472,0.004350621686,0.004999999863,3.471914338e-05,9.259759505e-07,72.90736894,83.41750864,0.05861283095,0.8416032334,1.112726548
HL1z,100,1,COMPLETED,0.038132971,0.0534080037,0.0009576428,0.001423723813,0.004443675116,0.004357974842,0.004999999864,3.477727672e-05,1.090482939e-06,72.89587262,83.60514454,0.06155987965,0.7776108856,1.11357677
HL1z,100,1,COMPLETED,0.038295886,0.05292572605,0.0009652530931,0.001440896503,0.004537216843,0.00436531255,0.004999999866,3.536436296e-05,6.447728339e-07,72.8864014,85.78254337,0.06085788422,0.7828021914,1.113954435
HL1z,100,1,COMPLETED,0.038458801,0.05353034941,0.0009703074686,0.001452899457,0.004649455273,0.004372644723,0.004999999869,3.596814411e-05,1.387514793e-07,72.84336859,81.83164496,0.06147020306,0.7890570796,1.11364479
HL1z,100,1,COMPLETED,0.038621716,0.05986661801,0.0009677265998,0.001471824826,0.004784669199,0.004379979826,0.004999999871,3.654438605e-05,4.915631642e-07,72.83117836,75.88930411,0.06028532058,0.7963941985,1.113390901
HL1z,100,1,COMPLETED,0.038784631,0.0652917531,0.00096058224,0.001499624888,0.004932503944,0.004387275673,0.00499999987,3.7197435e-05,1.048236998e-06,72.83029807,74.42702358,0.06237795922,0.777149276,1.113647049
HL1z,100,1,COMPLETED,0.038947546,0.06302906321,0.000950371931,0.001481326424,0.005036619286,0.004394570515,0.00499999987,3.777087421e-05,1.589183672e-06,72.8262057,69.65517243,0.06129352959,0.7820802384,1.114003995
HL1z,100,1,COMPLETED,0.039110461,0.05766358419,0.0009441114884,0.001447749867,0.005123968096,0.004401831908,0.004999999873,3.830641399e-05,2.164515943e-06,72.81358279,70.29615762,0.06275323722,0.7878443882,1.114153415
HL1z,100,1,COMPLETED,0.039273376,0.05607921591,0.0009418277518,0.001442210119,0.005115841197,0.004409159646,0.004999999876,3.886574958e-05,2.827932143e-06,72.8056253,66.10866439,0.06129246119,0.794673862,1.104543791
HL1z,100,1,COMPLETED,0.039436291,0.06187651974,0.0009337304703,0.001473707425,0.0051363811,0.004416499671,0.004999999878,3.95203389e-05,3.439176228e-06,72.8136581,59.66493476,0.05996778328,0.8027730482,1.102045811
HL1z,100,1,COMPLETED,0.039599206,0.06540874911,0.0009236274979,0.001504474979,0.005185132448,0.004423844263,0.00499999988,4.015709685e-05,4.055582753e-06,72.81077871,53.38137579,0.06167206509,0.8018849003,1.099400995
HL1z,100,1,COMPLETED,0.039762121,0.06034546792,0.0009137123544,0.001465620386,0.005241081253,0.004431199973,0.004999999886,4.072905006e-05,4.628663355e-06,72.83607447,48.97395522,0.06046789606,0.8076012771,1.09701107
HL1z,100,1,COMPLETED,0.039925036,0.05614348685,0.0009121759757,0.001418440747,0.005275035865,0.004438545889,0.004999999891,4.136037955e-05,5.309732625e-06,72.84309323,50.47907262,0.05931112942,0.8142086728,1.095270096
HL1z,100,1,COMPLETED,0.040087951,0.05489567694,0.0009061153671,0.001401291461,0.005300717355,0.004445902511,0.004999999895,4.197542377e-05,5.981974863e-06,72.8361193,71.21340356,0.05810021981,0.821761037,1.095523593
HL1z,100,1,COMPLETED,0.040250866,0.05521420147,0.0008971479727,0.001401760936,0.005320932232,0.004453256471,0.004999999898,4.232211255e-05,2.690042728e-07,72.84477632,68.32586666,0.05698364537,0.8301044898,1.096411373
HL1z,100,1,COMPLETED,0.040413781,0.05468746275,0.0008956345079,0.001395246067,0.005384494913,0.004460601212,0.004999999901,4.285726869e-05,8.058968328e-07,72.84549257,69.9236501,0.06041175714,0.7559521643,1.097938117
HL1z,100,1,COMPLETED,0.040576696,0.05437557429,0.0008960100644,0.001397339185,0.005477108586,0.004467942397,0.004999999904,4.347974922e-05,1.277261976e-06,72.8160234,71.18048891,0.05939129852,0.7622129999,1.099884119
HL1z,100,1,COMPLETED,0.040739611,0.05778563341,0.0008907505827,0.001411079374,0.005603429108,0.004475292041,0.004999999906,4.407128129e-05,1.889991256e-06,72.77267938,67.42634922,0.05973889148,0.7696801115,1.101389775
HL1z,100,1,COMPLETED,0.040902526,0.06388662948,0.0008832048166,0.001451657462,0.005739874408,0.004482652047,0.004999999911,4.469003284e-05,2.520418539e-06,72.75386914,64.92141862,0.05860357693,0.7783354888,1.101962486
HL1z,100,1,COMPLETED,0.041065441,0.06510627509,0.0008702768587,0.001459163492,0.005849667379,0.004489950657,0.004999999916,4.534265729e-05,3.149683777e-06,72.74414974,65.12569108,0.06236868253,0.7514597526,1.102265242
HL1z,100,1,COMPLETED,0.041228356,0.05994280699,0.0008518493703,0.001421406259,0.005925049134,0.00449726625,0.004999999923,4.587261398e-05,3.737342196e-06,72.7353526,60.18201551,0.06123757672,0.7580612656,1.102481708
HL1z,100,1,COMPLETED,0.041391271,0.05723825605,0.0008409317797,0.001388078151,0.005948616287,0.004504553959,0.004999999928,4.639248366e-05,4.380473707e-06,72.70033472,58.92240942,0.06361738814,0.7655457501,1.102467609
HL1z,100,1,COMPLETED,0.041554186,0.05768397218,0.0008328189509,0.001380005084,0.005900603277,0.004511918805,0.004999999931,4.696136527e-05,5.067059631e-06,72.67917651,53.51551178,0.0623606702,0.7742338316,1.102771745
HL1z,100,1,COMPLETED,0.041717101,0.06115679795,0.0008208292769,0.001396104986,0.005895456743,0.004519296503,0.004999999934,4.759641356e-05,5.696527968e-06,72.67688357,49.27998819,0.0609718869,0.7835981842,1.105529026
HL1z,100,1,COMPLETED,0.041880016,0.0609245831,0.0008065271037,0.001368065655,0.005926829446,0.004526683446,0.004999999937,4.818732597e-05,6.339476116e-06,72.67054925,44.2808581,0.06252955789,0.7914313461,1.10755878
HL1z,100,1,COMPLETED,0.042042931,0.05620003167,0.0007929545808,0.001309085354,0.005950962593,0.004534083949,0.004999999941,4.873618981e-05,6.981285874e-06,72.67265375,41.97848494,0.06136502397,0.7977009673,1.109078806
HL1z,100,1,COMPLETED,0.042205846,0.05584119414,0.0007839924428,0.001275733112,0.00595484316,0.004541483859,0.004999999945,4.934535665e-05,7.706201032e-06,72.66761523,51.41603137,0.05995033092,0.8048624078,1.110333602
HL1z,100,1,COMPLETED,0.042368761,0.05644518843,0.0007676074474,0.0012679179,0.005950746906,0.004548905041,0.004999999947,5.03612019e-05,4.405421049e-06,72.67818161,53.25738817,0.05870104514,0.8129506818,1.111106921
HL1z,100,1,COMPLETED,0.042531676,0.05613723502,0.0007513080778,0.001253276355,0.005967967783,0.004556336511,0.00499999995,5.011332571e-05,1.541213982e-06,72.68512363,50.26622015,0.0574993817,0.8217424188,1.11185239
HL1z,100,1,COMPLETED,0.042694591,0.05529363772,0.0007402575642,0.001226499213,0.006025037587,0.004563756158,0.004999999954,5.064977022e-05,2.043903799e-06,72.67147413,54.73114466,0.06133643875,0.7365920163,1.113642502
HL1z,100,1,COMPLETED,0.042857506,0.05528838179,0.0007300338499,0.00121121385,0.006122132283,0.004571199732,0.004999999958,5.120354321e-05,2.61654452e-06,72.65917842,51.08034625,0.06171683248,0.7442089525,1.114926499
HL1z,100,1,COMPLETED,0.043020421,0.05795255485,0.0007187268061,0.001217577063,0.006245204604,0.004578670291,0.00499999996,5.171997583e-05,3.349990004e-06,72.62765083,47.7890954,0.06046707274,0.7531153469,1.115959421
HL1z,100,1,COMPLETED,0.043183336,0.05946431214,0.0007065055615,0.001220707057,0.006345686783,0.004586109767,0.004999999963,5.231848113e-05,3.988631463e-06,72.61888111,53.88005039,0.06468589562,0.7223911118,1.118802787
HL1z,100,1,COMPLETED,0.043346251,0.05753611987,0.0006911395502,0.001209592951,0.006416760085,0.004593523823,0.004999999966,5.28712677e-05,4.678183616e-06,72.60433561,54.04132102,0.06442335288,0.7295575727,1.122282151
HL1z,100,1,COMPLETED,0.043509166,0.05830369846,0.000680153898,0.001198265205,0.00642996607,0.004600927899,0.004999999969,5.330639976e-05,5.333883397e-06,72.58533721,52.51416858,0.06794897816,0.7380641786,1.125130837
HL1z,100,1,COMPLETED,0.043672081,0.05643151111,0.0006677493353,0.001153126322,0.006358003244,0.004608355609,0.004999999972,5.376675903e-05,6.072091322e-06,72.5562137,50.11822659,0.06611880194,0.7476187992,1.111678281
HL1z,100,1,COMPLETED,0.043834996,0.05902465415,0.000654596374,0.00114216946,0.006295749566,0.004615849286,0.004999999976,5.430470552e-05,6.778736422e-06,72.54109979,44.99285878,0.06459327648,0.7584600587,1.113224658
HL1z,100,1,COMPLETED,0.043997911,0.0561595587,0.0006390652808,0.001096275106,0.006269898159,0.004623355629,0.00499999998,5.483570551e-05,7.508726701e-06,72.53563668,49.77914197,0.06591028287,0.7705783848,1.1162429
HL1z,100,1,COMPLETED,0.044160826,0.05505242667,0.0006233947449,0.001070495667,0.006278697737,0.004630893878,0.004999999983,5.528299094e-05,8.194261583e-06,72.53857082,47.64500768,0.06409669599,0.7815791008,1.118661132
HL1z,100,1,COMPLETED,0.044323741,0.05444110764,0.000607507813,0.001021844147,0.006253693586,0.004638417779,0.004999999986,5.576930412e-05,8.945964825e-06,72.52523981,44.07125139,0.06344972003,0.7887808379,1.120842242
HL1z,100,1,COMPLETED,0.044486656,0.05452956909,0.0005934873454,0.000994593307,0.00623768532,0.004645976495,0.004999999987,5.629318713e-05,9.761457785e-06,72.55488166,54.32469607,0.06200217318,0.7967691116,1.122631381
HL1z,100,1,COMPLETED,0.044649571,0.05502808094,0.0005783075482,0.0009835256936,0.006229643759,0.004653550971,0.00499999999,5.723887598e-05,5.965249128e-06,72.57758319,50.83019501,0.06062142142,0.8056490163,1.124123672
HL1z,100,1,COMPLETED,0.044812486,0.05879748876,0.00056772301,0.0009965532468,0.006258950463,0.004661133264,0.004999999992,5.675530839e-05,2.725511293e-06,72.57412379,54.8704115,0.06477386017,0.7143525646,1.124764129
HL1z,100,1,COMPLETED,0.044975401,0.05401942464,0.0005493526677,0.0009623519717,0.006325983976,0.004668733136,0.004999999994,5.719254548e-05,3.348928108e-06,72.57942453,48.6591334,0.06298728033,0.7220415664,1.126750798
HL1z,100,1,COMPLETED,0.045138316,0.05464827657,0.0005318471959,0.0009297828484,0.00643329559,0.004676378488,0.004999999997,5.759526128e-05,4.141702114e-06,72.57646072,43.95732843,0.06360162972,0.7311663133,1.128292166
HL1z,100,1,COMPLETED,0.045301231,0.0549430473,0.00051694815,0.0009155411067,0.006531735051,0.004684031684,0.004999999997,5.804210458e-05,4.925800522e-06,72.55361646,40.61960565,0.06263162608,0.7416025819,1.129864791
HL1z,100,1,COMPLETED,0.045464146,0.05611389848,0.0005024880589,0.0008966007967,0.006591811273,0.004691607187,0.004999999999,5.850175903e-05,5.733731935e-06,72.54949358,54.3573533,0.06817447598,0.701556766,1.134256675
HL1z,100,1,COMPLETED,0.045627061,0.05762081162,0.0004943736353,0.0008956375933,0.006594115942,0.004699212616,0.004999999999,5.88260433e-05,6.492107518e-06,72.54287461,55.36670851,0.06697700743,0.7107251724,1.138907709
HL1z,100,1,COMPLETED,0.045789976,0.05383039995,0.0004834423352,0.0008613920741,0.006527815697,0.004706785395,0.005000000001,5.91538636e-05,7.306675137e-06,72.51617976,60.95615701,0.06982617916,0.7208911486,1.119158496
HL1z,100,1,COMPLETED,0.045952891,0.05577675592,0.0004763791282,0.0008614039037,0.006436099501,0.004714473784,0.005000000003,5.954110056e-05,8.132758858e-06,72.49456077,55.031641,0.06798615577,0.732262571,1.120504638
HL1z,100,1,COMPLETED,0.046115806,0.05359627918,0.0004618936041,0.0008022798787,0.006381030118,0.004722176425,0.005000000005,5.993046577e-05,8.949347366e-06,72.50601024,70.16363182,0.06930375934,0.7451128797,1.123966849
HL1z,100,1,COMPLETED,0.046278721,0.05977552176,0.0004600021985,0.0008347713686,0.006380480099,0.004729907798,0.005000000006,6.026799031e-05,9.757541787e-06,72.50804102,63.79985511,0.06743016433,0.7590294002,1.126700922
HL1z,100,1,COMPLETED,0.046441636,0.05582960648,0.0004502423711,0.0008025032621,0.00635088852,0.004737633037,0.005000000005,6.05948498e-05,1.057246278e-05,72.49204883,60.03395428,0.06692148232,0.7717447396,1.12899912
HL1z,100,1,COMPLETED,0.046604551,0.05560176814,0.0004388282303,0.0007635188295,0.006331504967,0.004745403005,0.005000000005,6.098410949e-05,1.147453052e-05,72.53773085,57.01246193,0.06513983138,0.7798106962,1.131092981
HL1z,100,1,COMPLETED,0.046767466,0.05597551307,0.0004353874897,0.0007669103044,0.006309816149,0.004753177813,0.005000000004,6.183154254e-05,7.323236743e-06,72.57132391,56.83321604,0.06326367598,0.7888580101,1.132859058
HL1z,100,1,COMPLETED,0.046930381,0.06089263785,0.0004395272221,0.0008510507221,0.006329362943,0.004760970464,0.005000000004,6.109540206e-05,3.9538428e-06,72.58287587,56.28662766,0.06733673467,0.6965374003,1.134270679
HL1z,100,1,COMPLETED,0.047093296,0.05562242726,0.0004307249132,0.0008448966704,0.006390124016,0.004768774521,0.005000000003,6.13567189e-05,4.703264789e-06,72.61162983,48.52288987,0.06566260151,0.7045966884,1.135846406
HL1z,100,1,COMPLETED,0.047256211,0.05556423423,0.0004168589354,0.0008003244361,0.006491931665,0.004776631279,0.005000000003,6.159684048e-05,5.612923917e-06,72.61615119,42.70569347,0.06583653346,0.7141510144,1.136701686
HL1z,100,1,COMPLETED,0.047419126,0.05546666431,0.0004107152001,0.000788953966,0.006570314394,0.0047844835,0.005000000003,6.189001942e-05,6.509405191e-06,72.61179122,38.70344995,0.06469009476,0.7252060955,1.137583687
HL1z,100,1,COMPLETED,0.047582041,0.05593424931,0.0004038965395,0.0007769776623,0.006627266346,0.004792254992,0.005000000003,6.221101377e-05,7.431523746e-06,72.62388743,64.12515774,0.07025491844,0.6779165931,1.136768316
HL1z,100,1,COMPLETED,0.047744956,0.0570093554,0.0004059365512,0.000796755683,0.006613520299,0.00480003966,0.005000000003,6.240703092e-05,8.290402908e-06,72.61119006,65.42142454,0.06914210597,0.6883767764,1.139859512
HL1z,100,1,COMPLETED,0.047907871,0.05535034972,0.0004092164814,0.0008033859008,0.006537298037,0.004807821005,0.005000000003,6.260367786e-05,9.176519581e-06,72.59154202,73.40821852,0.07223784931,0.699988227,1.124174693
HL1z,100,1,COMPLETED,0.048070786,0.05881895231,0.000421282312,0.0008610954176,0.006451817077,0.004815738759,0.005000000002,6.287579679e-05,1.003964284e-05,72.59219419,66.3144952,0.07004704038,0.7126371855,1.125545674
HL1z,100,1,COMPLETED,0.048233701,0.0579191193,0.0004246407781,0.0008441273113,0.006387413418,0.004823641023,0.005000000001,6.313792623e-05,1.091770063e-05,72.6112265,65.23839875,0.07181047842,0.7255386827,1.128375149
HL1z,100,1,COMPLETED,0.048396616,0.0626458775,0.0004367951688,0.0009263248834,0.006393738721,0.004831564929,0.005000000001,6.334670162e-05,1.175580262e-05,72.63750523,57.3143961,0.06956504944,0.7390808209,1.130638851
HL1z,100,1,COMPLETED,0.048559531,0.0596722024,0.0004288357564,0.0008868825931,0.006392616776,0.004839488925,0.005,6.356387652e-05,1.260721256e-05,72.6471324,67.74430135,0.0680105606,0.753647327,1.132540315
HL1z,100,1,COMPLETED,0.048722446,0.06052474749,0.0004269403301,0.0008824986711,0.006386052133,0.00484743028,0.005,6.44341798e-05,8.340726752e-06,72.69143695,67.94138847,0.06625636369,0.7646588765,1.134642195
HL1z,100,1,COMPLETED,0.048885361,0.06132025645,0.0004412234823,0.0009537123712,0.006392160576,0.00485537743,0.005000000001,6.453074743e-05,9.21494597e-06,72.72357175,63.91494858,0.06387205323,0.7743468387,1.13683999
HL1z,100,1,COMPLETED,0.049048276,0.06151938443,0.0004594597768,0.00104110985,0.006434059347,0.004863331707,0.005000000002,6.361729408e-05,5.65201738e-06,72.741818,62.72303225,0.06871213566,0.6778216898,1.138642063
HL1z,100,1,COMPLETED,0.049211191,0.06113571965,0.0004690606589,0.001070134247,0.006515611205,0.004871305697,0.005000000002,6.372981202e-05,6.499517848e-06,72.77358426,57.11862314,0.06602573486,0.6868032129,1.139956709
HL1z,100,1,COMPLETED,0.049374106,0.06056812786,0.0004724267723,0.001063642408,0.006630411036,0.004879315037,0.005000000002,6.386019334e-05,7.43522546e-06,72.78252101,52.70465497,0.06693689936,0.697258815,1.140734613
HL1z,100,1,COMPLETED,0.049537021,0.05974721423,0.0004833334203,0.001086864605,0.006672654887,0.004887256988,0.005000000003,6.406753654e-05,8.32100802e-06,72.78347201,49.37507896,0.06432121455,0.70938296,1.130217805
HL1z,100,1,COMPLETED,0.049699936,0.05892168034,0.0005012594391,0.001128593538,0.006748333881,0.004895158727,0.005000000002,6.428159244e-05,9.241150803e-06,72.7995715,64.10738374,0.07110862304,0.6559104544,1.132529441
HL1z,100,1,COMPLETED,0.049862851,0.05892487079,0.0005238307015,0.001174596311,0.00670752778,0.004903056548,0.005000000004,6.436141699e-05,1.005599678e-05,72.806012,69.29337751,0.07683606935,0.6571584291,1.122796238
HL1z,100,1,COMPLETED,0.050004044,0.05964299459,0.0005479238735,0.001227279424,0.006642742448,0.004909968884,0.005000000003,6.446554497e-05,1.078397948e-05,72.81281511,66.15314055,0.0751131675,0.6661551284,1.122545082
HL2,100,1,DIVERGED,1.0861e-05,0.05015733634,1.264961924e-06,7.533169867e-06,6.560719753e-07,0.002500535835,0.005,4.358308746e-07,1.147677197e-10,72.7816978,2.066599736,0.00163163639,0.9966340719,0.9999820187
HL2,100,1,DIVERGED,0.000152054,0.05027960975,8.628984001e-06,2.933813924e-05,2.980348548e-05,0.002507514776,0.005,4.036409643e-07,2.239285117e-08,72.77368323,1.951483063,0.001573893341,0.9966516483,1.000035548
HL2,100,1,DIVERGED,0.000293247,0.05039008305,1.392049547e-05,4.491694323e-05,5.299467111e-05,0.002514514007,0.005,3.543389505e-07,6.672619086e-08,72.77883079,1.752041174,0.001581390562,0.9966337741,1.000137506
HL2,100,1,DIVERGED,0.00043444,0.05055915905,1.809423762e-05,5.74223675e-05,9.123556848e-05,0.00252159518,0.005,3.69792841e-07,9.816327853e-09,72.7722793,1.425444656,0.001612162687,0.9965992758,1.000259392
HL2,100,1,DIVERGED,0.000575633,0.05067434096,2.136613229e-05,6.683416978e-05,0.0001309705348,0.002528663271,0.005,4.068667596e-07,4.275650045e-08,72.7740704,1.058546879,0.001638549572,0.996541476,1.000394811
HL2,100,1,DIVERGED,0.000716826,0.05071607113,2.282568479e-05,7.029283911e-05,0.00013797395,0.002535741639,0.005,3.611173408e-07,2.515723046e-08,72.77505918,0.7279716287,0.001683178888,0.9964415673,1.00053033
HL2,100,1,DIVERGED,0.000858019,0.05070161188,2.226951275e-05,6.758519236e-05,0.0001522371101,0.002542808432,0.005,3.877003777e-07,4.213214405e-08,72.77052579,0.6923781635,0.001681852043,0.9962861729,1.000665227
HL2,100,1,DIVERGED,0.000999212,0.05062739708,2.022565337e-05,6.037538563e-05,0.0001445367141,0.002549865975,0.005,3.096802994e-07,1.14668792e-08,72.76468944,0.9545645915,0.001703427024,0.9961336042,1.000788693
HL2,100,1,DIVERGED,0.001140405,0.05050063282,1.669842938e-05,4.884161736e-05,0.0001481429682,0.002556922514,0.005,3.99330547e-07,5.505736568e-08,72.76868216,1.292842504,0.001726063009,0.9959964202,1.000892023
HL2,100,1,DIVERGED,0.001281598,0.05034248561,1.24333077e-05,3.546322316e-05,0.0001317730826,0.002563990967,0.005,3.542113104e-07,3.275698799e-08,72.77321594,1.571574854,0.001742309626,0.995886296,1.000971464
HL2,100,1,DIVERGED,0.001422791,0.05016750178,8.114706912e-06,2.344233762e-05,0.0001208148202,0.002571069485,0.005,4.285654916e-07,5.299027826e-08,72.77070048,1.726654214,0.001759736804,0.9958070338,1.001015393
HL2,100,1,DIVERGED,0.001563984,0.05020596544,6.19686567e-06,2.179588512e-05,8.017209955e-05,0.002578139329,0.005,4.040642119e-07,3.297773441e-09,72.7708001,1.783824671,0.001759672676,0.9957608921,1.001032571
HL2,100,1,DIVERGED,0.001705177,0.0503819386,8.135001672e-06,3.247971916e-05,3.984758973e-05,0.002585223005,0.005,3.962801052e-07,6.183635484e-08,72.7736832,1.714782764,0.001754891914,0.9957491951,1.001023418
HL2,100,1,DIVERGED,0.00184637,0.05057339176,1.226406704e-05,4.608800672e-05,1.798747491e-05,0.002592223124,0.005,4.375290131e-07,2.027613699e-08,72.77064861,1.648133224,0.001731013528,0.995731876,1.000979897
HL2,100,1,DIVERGED,0.001987563,0.05073868818,1.727227241e-05,6.448556881e-05,1.236980323e-05,0.00259919969,0.005,4.582410678e-07,2.078367212e-09,72.77245837,1.37447017,0.001796503851,0.9957145142,1.001312357
HL2,100,1,DIVERGED,0.002128756,0.05087294454,1.983671957e-05,6.829389167e-05,1.215019033e-05,0.002606171384,0.005,4.323262364e-07,1.530386746e-08,72.77299271,1.167487189,0.001673546462,0.9963466724,1.001294642
HL2,100,1,DIVERGED,0.002269949,0.05075834233,2.082797768e-05,6.93922931e-05,4.803721026e-05,0.002613158657,0.005,3.727891254e-07,6.774017203e-08,72.77171358,1.046480908,0.00165231376,0.9964878326,1.001311022
HL2,100,1,DIVERGED,0.002411142,0.0505913399,2.055718703e-05,6.660342783e-05,8.936176478e-05,0.002620228578,0.005,3.773352486e-07,2.907298648e-08,72.77457109,0.977394122,0.001636667653,0.9965614466,1.001261797
HL2,100,1,DIVERGED,0.002552335,0.05052645978,1.898949894e-05,5.993333953e-05,0.0001399944681,0.00262729897,0.005,4.307468374e-07,3.8495272e-08,72.77681183,1.075890787,0.001617836584,0.9965203494,1.001196341
HL2,100,1,DIVERGED,0.002693528,0.05048126149,1.642769561e-05,5.038682304e-05,0.0001544892629,0.002634378536,0.005,4.288887649e-07,3.316682634e-08,72.77914494,1.261669797,0.001623123406,0.996473741,1.001136937
HL2,100,1,DIVERGED,0.002834721,0.05039562372,1.316548257e-05,3.915142903e-05,0.0001775748403,0.002641445608,0.005,4.474265605e-07,3.268860545e-08,72.77358274,1.459220309,0.001588673841,0.996802465,1.001088322
HL2,100,1,DIVERGED,0.002975914,0.05028103126,9.542605426e-06,2.772870049e-05,0.0001731008516,0.00264850914,0.005,4.249170459e-07,1.988117523e-08,72.76845298,1.583399626,0.001579270272,0.9967653523,1.001075297
HL2,100,1,DIVERGED,0.003117107,0.0501813963,7.762306638e-06,2.274753364e-05,0.0001777287981,0.002655556578,0.005,4.846841536e-07,6.379518271e-08,72.77523431,1.625852152,0.001584100423,0.9967036518,1.001080371
HL2,100,1,DIVERGED,0.0032583,0.050204583,8.410602683e-06,2.603401292e-05,0.0001699524502,0.002662625289,0.005,4.408775694e-07,3.11035452e-08,72.7777591,1.536127419,0.001595522028,0.9966170707,1.001091175
HL2,100,1,DIVERGED,0.003399493,0.05026792327,1.097294508e-05,3.520203662e-05,0.0001552465904,0.002669701215,0.005,4.974952181e-07,6.239818754e-08,72.77576329,1.442371047,0.001611836774,0.9965045745,1.001113147
HL2,100,1,DIVERGED,0.003540686,0.05034577307,1.366034145e-05,4.388110201e-05,0.000120805741,0.002676773138,0.005,4.777538895e-07,2.516423687e-08,72.76817112,1.267060156,0.001634853677,0.9963747154,1.001156499
HL2,100,1,DIVERGED,0.003681879,0.05041426318,1.592423293e-05,5.013109442e-05,7.308875417e-05,0.002683857348,0.005,4.413916425e-07,5.341865743e-08,72.77061204,1.071558504,0.001667052226,0.9962327011,1.00137121
HL2,100,1,DIVERGED,0.003823072,0.05036327564,1.736795089e-05,5.323045731e-05,4.615294594e-05,0.002690874124,0.005,4.761196597e-07,2.466582549e-08,72.76727972,0.9840208692,0.001671652467,0.996080602,1.001453496
HL2,100,1,DIVERGED,0.003964265,0.05064531114,1.69875924e-05,5.158889266e-05,1.204597741e-05,0.002697857309,0.005,5.080735818e-07,3.600920093e-09,72.77504467,0.9402137629,0.001749071813,0.9959227215,1.00213061
HL2,100,1,DIVERGED,0.004105458,0.05082873858,1.52388977e-05,4.618496961e-05,2.064887576e-05,0.002704821451,0.005,4.999414153e-07,8.03662622e-09,72.77306249,1.053428406,0.001724097656,0.996273787,1.002173199
HL2,100,1,DIVERGED,0.004246651,0.05056491276,1.246698301e-05,3.662931702e-05,4.996970918e-05,0.002711808492,0.005,4.579199788e-07,5.55520386e-08,72.77215465,1.105968928,0.001746349462,0.9961230567,1.002247115
HL2,100,1,DIVERGED,0.004387844,0.05035111774,9.558280785e-06,2.754727922e-05,8.337895311e-05,0.002718861142,0.005,4.454781503e-07,5.180042793e-08,72.77452999,1.213994673,0.001765117847,0.9959811877,1.002264817
HL2,100,1,DIVERGED,0.004529037,0.05015185941,6.596991005e-06,1.843194622e-05,0.0001300360382,0.00272593779,0.005,4.834802041e-07,2.873801271e-08,72.77518622,1.318386528,0.001770272451,0.9958451074,1.002246398
HL2,100,1,DIVERGED,0.00467023,0.05013963591,5.321392351e-06,1.636400609e-05,0.0001487203666,0.002733015693,0.005,4.830582928e-07,3.549397983e-08,72.77974342,1.340251955,0.001796073296,0.9957203718,1.002200269
HL2,100,1,DIVERGED,0.004811423,0.05019493155,7.012710032e-06,2.378299164e-05,0.0001712441387,0.002740085936,0.005,4.78141571e-07,2.204288538e-08,72.77944576,1.41682172,0.00175952255,0.9960507993,1.002117315
HL2,100,1,DIVERGED,0.004952616,0.0502645812,1.002659484e-05,3.332908346e-05,0.0001673332227,0.002747157569,0.005,4.653966503e-07,3.591132937e-09,72.77770831,1.260123713,0.001761656926,0.9960056253,1.00200925
HL2,100,1,DIVERGED,0.005093809,0.05033248393,1.294576813e-05,4.247466722e-05,0.0001725553196,0.002754199879,0.005,5.253801265e-07,6.887344149e-08,72.77869087,1.03317944,0.001746892922,0.9959672258,1.001890973
HL2,100,1,DIVERGED,0.005235002,0.05040379293,1.488102013e-05,4.761877306e-05,0.0001751253407,0.002761271565,0.005,4.853752279e-07,3.258223582e-08,72.78175751,0.8777209132,0.001745564658,0.9959357662,1.001756138
HL2,100,1,DIVERGED,0.005376195,0.05043245594,1.569642129e-05,4.879412162e-05,0.0001600093713,0.002768344843,0.005,5.646518255e-07,6.867673981e-08,72.78158692,0.9850545232,0.001739791247,0.9959144096,1.001603662
HL2,100,1,DIVERGED,0.005517388,0.05041970814,1.532859004e-05,4.636934582e-05,0.0001366952554,0.002775419454,0.005,5.756302529e-07,4.083607926e-08,72.77856975,1.043882033,0.001741993324,0.9958935918,1.001451942
HL2,100,1,DIVERGED,0.005658581,0.05037107649,1.428836553e-05,4.228282639e-05,9.175832094e-05,0.002782499549,0.005,5.306338641e-07,5.303355997e-08,72.77963698,1.139476188,0.001783540945,0.9958679931,1.003472477
HL2,100,1,DIVERGED,0.005799774,0.05030645521,1.232408402e-05,3.487365165e-05,6.279664838e-05,0.002789534371,0.005,5.628586025e-07,3.875307366e-08,72.77809971,1.388766695,0.001763871302,0.9958308026,1.003563756
HL2,100,1,DIVERGED,0.005940967,0.05022880088,9.751875548e-06,2.683578753e-05,3.097058997e-05,0.002796519883,0.005,5.905442372e-07,7.525688498e-09,72.7747737,1.433148777,0.001857561018,0.9957737245,1.005294184
HL2,100,1,DIVERGED,0.00608216,0.05052823156,7.623329265e-06,2.355739889e-05,2.848389821e-05,0.00280348371,0.005,5.866737958e-07,1.564509373e-08,72.77326626,1.477965408,0.001850034003,0.9959810105,1.005471498
HL2,100,1,DIVERGED,0.006223353,0.0503878004,6.875950088e-06,2.174562564e-05,5.822840899e-05,0.002810470715,0.005,5.492793548e-07,6.086403025e-08,72.77413556,1.515788811,0.00186133019,0.9958459474,1.005737155
HL2,100,1,DIVERGED,0.006364546,0.05033787705,8.570083454e-06,2.755576597e-05,8.698639521e-05,0.002817507117,0.005,5.402977811e-07,8.825031016e-08,72.77450409,1.430661658,0.001906001987,0.9957076219,1.005982485
HL2,100,1,DIVERGED,0.006505739,0.05034113281,1.114592748e-05,3.563324904e-05,0.0001316957766,0.002824588456,0.005,5.615042856e-07,8.174618507e-09,72.77174528,1.364643811,0.001921223979,0.9955574176,1.006220959
HL2,100,1,DIVERGED,0.006646932,0.0504133202,1.300742131e-05,4.110053409e-05,0.0001548980143,0.002831664906,0.005,5.802282327e-07,7.991356026e-09,72.77408543,1.214612814,0.001964489385,0.9953931643,1.00648713
HL2,100,1,DIVERGED,0.006788125,0.05047136403,1.391695411e-05,4.34630764e-05,0.0001707986388,0.002838740422,0.005,5.858932903e-07,4.393852316e-08,72.77294566,1.099182681,0.001970110137,0.9961293643,1.006769102
HL2,100,1,DIVERGED,0.006929318,0.05050895886,1.418201727e-05,4.373432585e-05,0.000169564949,0.002845814483,0.005,5.768651374e-07,1.356021715e-08,72.76922887,1.050366033,0.002016315879,0.9959827682,1.007064491
HL2,100,1,DIVERGED,0.007070511,0.05048467386,1.398850409e-05,4.225222004e-05,0.0001664687774,0.002852859808,0.005,5.959595613e-07,3.80931472e-08,72.76712222,1.265639795,0.002031933429,0.9958268898,1.007364095
HL2,100,1,DIVERGED,0.007211704,0.05040392358,1.292716582e-05,3.823387036e-05,0.0001722800091,0.002859934962,0.005,6.002082265e-07,4.723486268e-08,72.76806953,1.374219966,0.002078553662,0.9956729119,1.007651338
HL2,100,1,DIVERGED,0.007352897,0.05029645869,1.091826977e-05,3.125057285e-05,0.0001522329597,0.002867010316,0.005,6.379641926e-07,6.01501693e-08,72.76809486,1.520191729,0.002128407685,0.99552623,1.007927585
HL2,100,1,DIVERGED,0.00749409,0.05016863043,8.298817683e-06,2.321279334e-05,0.0001369946094,0.00287409438,0.005,6.683664996e-07,5.036056108e-08,72.76327921,1.676082185,0.002164585263,0.9953955899,1.008190101
HL2,100,1,DIVERGED,0.007635283,0.05011165471,6.548754187e-06,1.938683927e-05,9.468187165e-05,0.002881178629,0.005,6.235741237e-07,3.275595111e-08,72.76384897,1.844908583,0.002215034386,0.9952798264,1.008433063
HL2,100,1,DIVERGED,0.007776476,0.05009523565,7.125296959e-06,2.274111339e-05,6.494716566e-05,0.002888238149,0.005,6.525426682e-07,3.690070715e-08,72.76255254,1.894317419,0.00220533027,0.9951760135,1.008640176
HL2,100,1,DIVERGED,0.007917669,0.05018415477,1.01826442e-05,3.29237383e-05,4.218427841e-05,0.002895235476,0.005,6.711720019e-07,8.955131214e-09,72.76185464,3.012626738,0.002368273976,0.9920543687,1.008826627
HL2,100,1,DIVERGED,0.008058862,0.05033271626,1.362101881e-05,4.302384068e-05,3.482438002e-05,0.002902204698,0.005,6.68677452e-07,1.698786051e-08,72.76604618,3.093856837,0.002376499005,0.9919893934,1.008807923
HL2,100,1,DIVERGED,0.008200055,0.05037348112,1.591529064e-05,4.955446827e-05,6.563814328e-05,0.00290918596,0.005,6.335427224e-07,1.150338192e-08,72.76006348,3.084688436,0.002345148186,0.9920242473,1.008953868
HL2,100,1,DIVERGED,0.008341248,0.0503612261,1.705120898e-05,5.224539383e-05,8.962816085e-05,0.002916200884,0.005,5.970895258e-07,3.770809575e-08,72.76241354,3.289847705,0.00240744536,0.9920768972,1.009114294
HL2,100,1,DIVERGED,0.008482441,0.05036079408,1.770604504e-05,5.433450613e-05,0.0001351243448,0.002923284132,0.005,6.186251163e-07,4.880719683e-08,72.76081244,3.362410001,0.002404104297,0.9921343295,1.009215945
HL2,100,1,DIVERGED,0.008623634,0.05032873231,1.758605253e-05,5.568959922e-05,0.0001666904773,0.002930354156,0.005,6.481795397e-07,8.873138373e-08,72.76775919,3.437938611,0.002427391008,0.9922281442,1.009266808
HL2,100,1,DIVERGED,0.008764827,0.0503135288,1.684499418e-05,5.59363021e-05,0.0001778327611,0.002937426695,0.005,6.463258625e-07,5.87022873e-08,72.76800104,3.512538192,0.002417514207,0.9923598011,1.009243746
HL2,100,1,DIVERGED,0.00890602,0.05032527328,1.586682927e-05,5.540372087e-05,0.0001803653046,0.002944491407,0.005,6.818147205e-07,9.785948153e-08,72.76371575,3.547885338,0.002445241054,0.9925368339,1.009135447
HL2,100,1,DIVERGED,0.009047213,0.0504143066,1.462477092e-05,5.412998136e-05,0.0001695658982,0.002951532801,0.005,6.593527659e-07,7.726321425e-08,72.75540608,3.587155141,0.002437656021,0.9927667002,1.00893967
HL2,100,1,DIVERGED,0.009188406,0.05063566627,1.346813485e-05,5.432153438e-05,0.0001712962679,0.002958592563,0.005,7.032707055e-07,1.022245739e-07,72.75628657,4.897238096,0.002723094415,0.9888563635,1.008650024
HL2,100,1,DIVERGED,0.009329599,0.05066357921,1.277797497e-05,5.298509901e-05,0.0001427941961,0.002965652209,0.005,7.148246653e-07,7.614239195e-08,72.7618653,5.342538565,0.002812548647,0.9885429065,1.008304506
HL2,100,1,DIVERGED,0.009470792,0.0504450942,1.28782695e-05,4.899828023e-05,0.00011960234,0.00297271951,0.005,7.595950149e-07,5.380649994e-08,72.75494694,5.747298168,0.002861056902,0.9882901175,1.0079681
HL2,100,1,DIVERGED,0.009611985,0.05072594704,1.37656598e-05,5.029099744e-05,5.539799964e-05,0.002979771904,0.005,7.361299809e-07,4.216565242e-08,72.75200888,6.187461226,0.003328617987,0.9843054299,1.007721762
HL2,100,1,DIVERGED,0.009753178,0.05126003932,1.651188929e-05,6.377849267e-05,7.055218643e-06,0.00298683027,0.005,7.671545294e-07,1.068819978e-07,72.75337453,6.454836686,0.003400301881,0.9831415513,1.007762565
HL2,100,1,DIVERGED,0.009894371,0.0520641806,1.945253723e-05,7.787478372e-05,5.558898099e-05,0.002993787929,0.005,7.921006955e-07,8.962996282e-08,72.74661255,6.43938348,0.003451888104,0.9821238359,1.00816125
HL2,100,1,DIVERGED,0.010035564,0.05187139167,2.02339492e-05,7.69177449e-05,0.0001179858492,0.003000724496,0.005,8.147080894e-07,1.098190378e-07,72.75406136,8.708291311,0.003727688947,0.981240101,1.008577203
HL2,100,1,DIVERGED,0.010176757,0.05149958474,2.017471523e-05,7.03601667e-05,9.562790745e-05,0.003007691509,0.005,8.166544616e-07,1.66859621e-07,72.74821337,8.833997984,0.003800361223,0.9801870905,1.008916271
HL2,100,1,DIVERGED,0.01031795,0.0517525102,2.068087191e-05,7.184611469e-05,8.221867489e-05,0.003014678652,0.005,8.13324159e-07,2.406322907e-07,72.75108244,9.213614183,0.004013495577,0.9792651383,1.009115908
HL2,100,1,DIVERGED,0.010459143,0.05204536412,2.258268223e-05,8.163792477e-05,4.884778744e-05,0.003021745919,0.005,8.50105393e-07,2.177574757e-07,72.74707347,9.574797784,0.004439114372,0.9785334549,1.009385384
HL2,100,1,DIVERGED,0.010600336,0.05254565466,2.459465255e-05,9.268856858e-05,1.575867423e-05,0.003028799254,0.005,8.923224029e-07,2.110944672e-07,72.75294361,9.677908737,0.004607855442,0.9778371493,1.00967773
HL2,100,1,DIVERGED,0.010741529,0.0531855079,2.853889946e-05,0.0001136511416,1.534928632e-05,0.003035857107,0.005,9.450449004e-07,2.71224438e-07,72.75621488,9.684855475,0.004753095478,0.9771736039,1.010038713
HL2,100,1,DIVERGED,0.010882722,0.0538557319,3.363742659e-05,0.0001405446089,1.50036755e-05,0.003042899761,0.005,9.863805163e-07,3.141368067e-07,72.75500407,9.66525606,0.004923912205,0.9766001564,1.010499071
HL2,100,1,DIVERGED,0.011023915,0.05442531385,3.818271911e-05,0.0001578329893,4.031693699e-05,0.003049924655,0.005,1.067760358e-06,4.249379499e-07,72.75365052,9.816535381,0.005072541789,0.9760964003,1.010991965
HL2,100,1,DIVERGED,0.011165108,0.05467251151,4.159609064e-05,0.0001645462741,6.130668529e-05,0.003056945598,0.005,1.050742492e-06,1.71833901e-07,72.76225871,10.38969025,0.005366606354,0.9757087545,1.012117458
HL2,100,1,DIVERGED,0.011306301,0.05463738605,4.434416259e-05,0.0001733950504,9.733646151e-05,0.003063982365,0.005,1.049433585e-06,1.95653072e-07,72.77236644,10.74589574,0.005587595857,0.9754952716,1.013561551
HL2,100,1,DIVERGED,0.011447494,0.05434493541,4.514875638e-05,0.0001709723568,0.0001270232662,0.003071030775,0.004999999999,1.113597525e-06,1.880909601e-07,72.77954952,11.90954587,0.006018634534,0.9754354308,1.015158411
HL2,100,1,DIVERGED,0.011588687,0.05348413509,4.285327725e-05,0.0001422051244,0.0001830511016,0.00307807285,0.004999999999,1.129476133e-06,2.514698551e-07,72.7878321,12.5443571,0.006251818515,0.9751553487,1.01659039
HL2,100,1,DIVERGED,0.01172988,0.0522317772,4.077379517e-05,0.000119768485,0.0002534796192,0.003085113067,0.004999999999,1.164346699e-06,3.222944171e-07,72.7993354,14.46101618,0.006679611649,0.9749153106,1.017797118
HL2,100,1,DIVERGED,0.011871073,0.05259660296,4.204504707e-05,0.0001324744974,0.0002805564459,0.003092102335,0.004999999999,1.190011091e-06,3.037742596e-07,72.80763348,14.34554373,0.006731835837,0.9747234817,1.01915598
HL2,100,1,DIVERGED,0.012012266,0.05242720128,4.490143144e-05,0.0001291439579,0.0003348262443,0.003099056446,0.004999999999,1.216049055e-06,3.034039193e-07,72.8127265,13.98823564,0.007760091232,0.9747550205,1.034936579
HL2,100,1,DIVERGED,0.012153459,0.05247527657,4.953482559e-05,0.0001464789267,0.000307697118,0.00310603218,0.004999999999,1.244554212e-06,3.500967451e-07,72.80601798,12.94096368,0.007651048234,0.9741810063,1.032709161
HL2,100,1,DIVERGED,0.012294652,0.05279843906,5.038486363e-05,0.0001482459321,0.000274101982,0.003113020935,0.004999999999,1.275905001e-06,4.316913401e-07,72.80955185,13.6345603,0.00779820609,0.972384541,1.030236039
HL2,100,1,DIVERGED,0.012435845,0.0523656558,5.041193196e-05,0.0001365532202,0.0002388186604,0.003120087612,0.004999999999,1.370450121e-06,4.556976329e-07,72.81875469,18.02812485,0.007936921739,0.9707861395,1.027643781
HL2,100,1,DIVERGED,0.012577038,0.05197792704,5.105583123e-05,0.0001278455931,0.0001846409103,0.003127161195,0.004999999999,1.35635382e-06,3.843396808e-07,72.82526106,18.48049189,0.008028419458,0.9693380947,1.025747126
HL2,100,1,DIVERGED,0.012718231,0.05184247446,4.954828258e-05,0.0001175091327,0.0001593081433,0.003134254276,0.004999999999,1.402337395e-06,3.862042932e-07,72.83863367,18.68999782,0.008159557859,0.9679282663,1.026946084
HL2,100,1,DIVERGED,0.012859424,0.05138607855,4.682182882e-05,0.0001113026123,0.0001149240765,0.00314134558,0.004999999999,1.494036931e-06,4.531531788e-07,72.84411416,18.72313775,0.008269403753,0.9665538876,1.028028576
HL2,100,1,DIVERGED,0.013000617,0.0508918102,4.534418821e-05,0.0001052531105,8.817584471e-05,0.003148444124,0.004999999999,1.409819826e-06,3.720455457e-07,72.84979613,18.72189676,0.008392577987,0.9652463343,1.028972969
HL2,100,1,DIVERGED,0.01314181,0.05086294533,4.552551702e-05,0.000106562864,6.417292161e-05,0.003155520496,0.004999999999,1.368287277e-06,3.875092625e-08,72.86963968,21.5114282,0.01001130979,0.9639677823,1.050566137
HL2,100,1,DIVERGED,0.013283003,0.05087891681,4.7480597e-05,0.0001245987878,7.010245611e-05,0.003162604273,0.004999999999,1.296734863e-06,5.942940961e-10,72.8836636,21.61970305,0.01002391465,0.9627498488,1.047717854
HL2,100,1,DIVERGED,0.013424196,0.05138457343,5.051472702e-05,0.0001608894591,6.356085985e-05,0.0031697149,0.004999999999,1.313787426e-06,1.040876128e-07,72.8942532,22.20067552,0.01007210073,0.9616313711,1.044524337
HL2,100,1,DIVERGED,0.013565389,0.05122696677,5.42972491e-05,0.000196861611,4.810580738e-05,0.003176852164,0.004999999999,1.288582763e-06,1.360390889e-07,72.89122247,22.82940974,0.01010398125,0.9605954531,1.040966857
HL2,100,1,DIVERGED,0.013706582,0.05089322951,5.963306327e-05,0.0002300017775,6.24005163e-05,0.003183987222,0.004999999999,1.252508595e-06,1.234342565e-07,72.9036152,21.57980155,0.01239832631,0.9595870787,1.071224046
HL2,100,1,DIVERGED,0.013847775,0.05102554276,7.036601154e-05,0.0002857163581,3.706795498e-05,0.003191073168,0.004999999999,1.230081413e-06,2.249942167e-07,72.90844124,21.53416983,0.01219025532,0.958656382,1.069344145
HL2,100,1,DIVERGED,0.013988968,0.05114418687,7.73787153e-05,0.0003044823588,5.888450816e-05,0.003198204268,0.004999999999,1.167872007e-06,3.573100587e-07,72.92148628,25.14584188,0.01376728241,0.9576853685,1.070077148
HL2,100,1,DIVERGED,0.014130161,0.05120716267,8.290985873e-05,0.0003247573438,0.0001216580522,0.00320524447,0.004999999999,1.111797337e-06,4.397099023e-07,72.93960169,24.6498813,0.01339185686,0.9569460737,1.069217314
HL2,100,1,DIVERGED,0.014271354,0.05122758792,8.788703066e-05,0.0003404512137,0.0002040336778,0.003212319438,0.004999999999,1.047981958e-06,4.775118968e-07,72.95962643,25.25539658,0.01344916154,0.9563918325,1.067806488
HL2,100,1,DIVERGED,0.014412547,0.05125184945,9.207399363e-05,0.0003530094443,0.0002820175453,0.003219455192,0.004999999999,1.043784994e-06,5.600066812e-07,72.97320757,37.99800981,0.01414587967,0.956142121,1.065898147
HL2,100,1,DIVERGED,0.01455374,0.05135601423,0.0001008762534,0.0003853977873,0.0003574249485,0.003226608568,0.004999999999,1.036733821e-06,7.693767593e-07,72.98082809,37.65574086,0.01392764262,0.9545083935,1.063403933
HL2,100,1,DIVERGED,0.014694933,0.0517146584,0.0001133841587,0.0004325997828,0.0004218487778,0.003233782881,0.004999999999,1.058442544e-06,8.846342757e-07,72.99513375,37.28813989,0.01372812788,0.9529939257,1.060389283
HL2,100,1,DIVERGED,0.014836126,0.05206204265,0.0001277215494,0.0004892886744,0.0005085604095,0.003240973373,0.004999999999,1.12399441e-06,1.005250491e-06,72.99769901,37.00226574,0.01356637228,0.9517717102,1.056920173
HL2,100,1,DIVERGED,0.014977319,0.05232514801,0.0001429007277,0.0005417995697,0.0005908926561,0.003248191862,0.004999999999,1.04007353e-06,1.009743706e-06,72.98851617,36.76856232,0.01348933529,0.9508362099,1.053016032
HL2,100,1,DIVERGED,0.015118512,0.05248518891,0.0001547884266,0.0005565008272,0.0006985456511,0.003255402977,0.004999999999,1.093779073e-06,1.142876352e-06,72.98821496,34.62564423,0.01709239235,0.9492685091,1.103310381
HL2,100,1,DIVERGED,0.015259705,0.05268627446,0.0001638031386,0.0005575138314,0.0007702150023,0.003262614142,0.004999999999,1.047732905e-06,1.164137155e-06,72.98572272,33.85574356,0.01707820777,0.9465069325,1.101746183
HL2,100,1,DIVERGED,0.015400898,0.05281110114,0.0001673203725,0.0005391704573,0.0008255420367,0.003269822426,0.004999999999,1.115037685e-06,1.261051037e-06,72.97735322,36.23053496,0.01724447875,0.9440182186,1.099831541
HL2,100,1,DIVERGED,0.015542091,0.05273500371,0.0001708183146,0.0005293262759,0.0008591184425,0.003277032872,0.004999999999,1.11582456e-06,1.279619005e-06,72.95571821,39.45412145,0.01817957598,0.9424661072,1.097795845
HL2,100,1,DIVERGED,0.015683284,0.05241154831,0.0001823887309,0.0005593952214,0.0009213749084,0.003284298217,0.004999999999,1.07510499e-06,1.226675359e-06,72.94329443,39.65458236,0.01816080357,0.9409938423,1.095564798
HL2,100,1,DIVERGED,0.015824477,0.05592349501,0.0002001693844,0.0006083241955,0.000946940461,0.003291457148,0.004999999999,1.173998727e-06,1.347697909e-06,72.93106126,34.79929029,0.01901951573,0.9387438285,1.092869587
HL2,100,1,DIVERGED,0.01596567,0.0522257611,0.000212190052,0.0005999482807,0.001024326774,0.003298620283,0.004999999999,1.314125664e-06,1.475490041e-06,72.96793485,34.02209591,0.01911135556,0.9367941607,1.089680848
HL2,100,1,DIVERGED,0.016106863,0.05241724636,0.0002247650045,0.0006142353841,0.001086364748,0.003305720966,0.004999999999,1.428597263e-06,1.565894859e-06,72.97797316,34.10727096,0.01921069226,0.9355805604,1.085332569
HL2,100,1,DIVERGED,0.016248056,0.05260123121,0.0002323906174,0.0006099721432,0.001170151593,0.003312864497,0.004999999999,1.503580943e-06,1.606283052e-06,72.99765946,34.21589149,0.01957278907,0.9342466163,1.079747375
HL2,100,1,DIVERGED,0.016389249,0.0530168988,0.0002394697536,0.0006150063952,0.001261449828,0.003320070763,0.004999999999,1.699993166e-06,1.7403705e-06,73.00997609,65.25720298,0.02213424129,0.9326434156,1.100152047
HL2,100,1,DIVERGED,0.016530442,0.05302601752,0.0002457968414,0.0006217576018,0.001336937732,0.003327292249,0.004999999998,1.8804836e-06,1.858642576e-06,73.01704816,67.53502998,0.02210502189,0.9307626541,1.09751273
HL2,100,1,DIVERGED,0.016671635,0.05284458374,0.000249294173,0.0006199154859,0.001396713247,0.003334524984,0.004999999998,1.965394344e-06,1.897457054e-06,73.02620603,69.94715263,0.02201142787,0.928665429,1.094407388
HL2,100,1,DIVERGED,0.016812828,0.0527617639,0.0002473162037,0.0005971246766,0.001467486079,0.003341762835,0.004999999998,2.020836892e-06,1.878137551e-06,73.01316008,71.2591713,0.02195789439,0.9266108129,1.090434496
HL2,100,1,DIVERGED,0.016954021,0.05546221345,0.0002414171781,0.0005693331955,0.001517066231,0.003349011933,0.004999999998,1.815882298e-06,1.640507806e-06,72.96279359,103.2090701,0.02378569375,0.925171495,1.094479818
HL2,100,1,DIVERGED,0.017095214,0.05848567592,0.0002365755373,0.0005608529771,0.001622617326,0.003356278876,0.004999999998,1.850203047e-06,1.528947286e-06,72.90829517,103.8671234,0.02387747136,0.9243667386,1.099834187
HL2,100,1,DIVERGED,0.017236407,0.05757304958,0.0002354453543,0.0005706160516,0.001667856428,0.003363520341,0.004999999998,1.872261123e-06,1.420705898e-06,72.87532973,106.5791919,0.02459969825,0.9225784377,1.104507973
HL2,100,1,DIVERGED,0.0173776,0.05795294635,0.0002381388052,0.0005751208723,0.001669553632,0.003370731582,0.004999999998,1.91547512e-06,1.390937647e-06,72.84334199,104.72526,0.02450701995,0.9214123946,1.108229741
HL2,100,1,DIVERGED,0.017518793,0.06101791866,0.0002528707108,0.0006139450009,0.001658771609,0.003377948234,0.004999999998,1.950794906e-06,1.291213903e-06,72.83775716,113.8378077,0.02433286674,0.9202666649,1.11077135
HL2,100,1,DIVERGED,0.017659986,0.05829572771,0.0002789129776,0.0007138659805,0.001707392815,0.003385245483,0.004999999998,2.028784219e-06,1.170155635e-06,72.84783997,109.2991859,0.02431088227,0.9190783754,1.112007739
HL2,100,1,DIVERGED,0.017801179,0.05465389157,0.000320865384,0.000902564553,0.00174841921,0.003392445879,0.004999999998,2.29836277e-06,1.250768104e-06,72.88051417,100.7540453,0.02303837995,0.9183882825,1.11210012
HL2,100,1,DIVERGED,0.017942372,0.05699628851,0.0003633108926,0.001087589152,0.001835969578,0.003399643237,0.004999999998,2.56199525e-06,1.310378115e-06,72.92473616,88.69197006,0.02165898062,0.9162355294,1.111167434
HL2,100,1,DIVERGED,0.018083565,0.05508056672,0.0003647996698,0.001040732767,0.00194089487,0.003406827995,0.004999999998,2.757791568e-06,1.310806664e-06,72.93447236,79.02835077,0.02149391191,0.9091706475,1.109264207
HL2,100,1,DIVERGED,0.018224758,0.0571473447,0.000333729044,0.0008440537388,0.002041066313,0.003414013613,0.004999999998,2.899487499e-06,1.237300359e-06,72.91949734,78.2921446,0.02499190673,0.9041345828,1.12502176
HL2,100,1,DIVERGED,0.018365951,0.0559361532,0.000309504708,0.0007048803215,0.002118229348,0.003421258071,0.004999999998,2.978744004e-06,1.178038439e-06,72.84589385,80.62119191,0.02493978152,0.9026370734,1.126730825
HL2,100,1,DIVERGED,0.018507144,0.06188160329,0.0003002534224,0.0007655955432,0.002152086977,0.003428465603,0.004999999998,3.004256601e-06,1.070743363e-06,72.794842,74.42181372,0.02479553801,0.905093188,1.129114079
HL2,100,1,DIVERGED,0.018648337,0.06048698598,0.0003047705673,0.0008509386817,0.002134468126,0.003435662887,0.004999999998,2.999438249e-06,9.142571601e-07,72.72982703,59.37985811,0.02447062656,0.9128128271,1.13254276
HL2,100,1,DIVERGED,0.01878953,0.05830734355,0.0003009744063,0.0007361950224,0.002110896585,0.003442836737,0.004999999998,3.211437118e-06,9.383187384e-07,72.68777491,54.10525945,0.02421335604,0.9203574322,1.135796879
HL2,100,1,DIVERGED,0.018930723,0.05854682487,0.0003149994377,0.0007723509397,0.002092378557,0.003450037524,0.004999999998,3.107627872e-06,5.198599159e-07,72.70528269,77.36712423,0.02447388888,0.9218476354,1.137312299
HL2,100,1,DIVERGED,0.019071916,0.06145851122,0.0003340806235,0.0008829768262,0.002186510982,0.003457328368,0.004999999998,3.188700995e-06,2.661110746e-07,72.70525144,72.06261015,0.0247229571,0.9194746657,1.13751904
HL2,100,1,DIVERGED,0.019213109,0.06156548284,0.0003314136321,0.0008745342679,0.002220073514,0.003464598922,0.004999999998,3.318491468e-06,1.313517181e-07,72.70623277,85.63611882,0.02676291891,0.9177650028,1.137991406
HL2,100,1,DIVERGED,0.019354302,0.06196787387,0.0003188495476,0.0007967595674,0.002228247877,0.003471855634,0.004999999998,3.422373015e-06,7.218058833e-08,72.72340638,86.90602009,0.02691532267,0.9187938588,1.138929057
HL2,100,1,DIVERGED,0.019495495,0.06365181616,0.0003153615963,0.0007848458236,0.002196352002,0.003479091423,0.004999999998,3.535344794e-06,6.561506673e-08,72.73607966,104.4914833,0.02592522566,0.9385863486,1.139004058
HL2,100,1,DIVERGED,0.019636688,0.06409697722,0.0003204386378,0.0008273854408,0.002178284834,0.003486350285,0.004999999998,3.673766807e-06,1.904459166e-07,72.72081925,102.7987952,0.02608474376,0.9354116981,1.137098893
HL2,100,1,DIVERGED,0.019777881,0.06468952146,0.0003147111956,0.0008178651732,0.002121487822,0.003493458512,0.004999999998,3.824014795e-06,2.409235862e-07,72.72601545,99.93513761,0.02559717469,0.9328916255,1.133730554
HL2,100,1,DIVERGED,0.019919074,0.06590142538,0.0003174071629,0.0008421893798,0.00208675506,0.003500553515,0.004999999998,3.961724767e-06,3.041669448e-07,72.7201387,98.51576238,0.02501806037,0.956882309,1.129646514
HL2,100,1,DIVERGED,0.020060267,0.06072665308,0.0003150080623,0.0008143640736,0.002091569863,0.003507635867,0.004999999997,4.091794061e-06,3.789574638e-07,72.67643789,93.41588342,0.0247124545,0.95662168,1.123813875
HL2,100,1,DIVERGED,0.02020146,0.06035192644,0.0003157362801,0.0008041210986,0.002117175261,0.003514761244,0.004999999997,4.227880845e-06,4.59517784e-07,72.65517341,129.3676981,0.02704145284,0.9572247235,1.115852402
HL2,100,1,DIVERGED,0.020342653,0.06364900172,0.0003290318058,0.0008881649114,0.00218733118,0.00352200845,0.004999999997,4.273905669e-06,4.966584236e-07,72.58439833,122.4438924,0.02724499814,0.9598899437,1.118659822
HL2,100,1,DIVERGED,0.020483846,0.06529929969,0.0003414611883,0.000991462758,0.002242535307,0.003529217983,0.004999999997,4.291930656e-06,5.693745887e-07,72.53013797,114.9634235,0.02740929165,0.96071949,1.129717544
HL2,100,1,DIVERGED,0.020625039,0.06468248917,0.0003469725727,0.001035905922,0.002264233672,0.003536420404,0.004999999997,4.306274625e-06,6.716035416e-07,72.49656904,110.1461016,0.02785595082,0.9553898676,1.140662318
HL2,100,1,DIVERGED,0.020766232,0.0597599377,0.0003129586245,0.0008967557303,0.002272945441,0.003543590709,0.004999999997,4.436102003e-06,6.612616794e-07,72.46334207,106.2116884,0.02810691923,0.948650428,1.150437999
HL2,100,1,DIVERGED,0.020907425,0.06068925159,0.0002819133709,0.0008656385792,0.002290133605,0.003550758882,0.004999999997,4.479139071e-06,1.068738663e-06,72.49897669,99.83651664,0.0285189059,0.9420930408,1.157928355
HL2,100,1,DIVERGED,0.021048618,0.06063290455,0.000300431119,0.001053607582,0.002443184707,0.003558046503,0.004999999997,4.689296357e-06,1.373867748e-06,72.53618649,92.33326306,0.02888182182,0.9369683595,1.163187933
HL2,100,1,DIVERGED,0.021189811,0.06656432634,0.0003181679375,0.001244533816,0.002601374153,0.003565364317,0.004999999997,4.900481994e-06,1.347773707e-06,72.5985845,82.05469787,0.03267012326,0.9330569085,1.166919485
HL2,100,1,DIVERGED,0.021331004,0.06662133993,0.0002995747937,0.001134606144,0.002708725729,0.003572650717,0.004999999997,5.088872766e-06,1.281576261e-06,72.61017636,77.62906633,0.03346338388,0.9291364274,1.169216769
HL2,100,1,DIVERGED,0.021472197,0.06197281178,0.000266063944,0.0008760658296,0.002717938695,0.003579851923,0.004999999997,5.28587991e-06,1.311718603e-06,72.65375504,81.43652314,0.03435018857,0.9227610342,1.169644672
HL2,100,1,DIVERGED,0.02161339,0.05951662775,0.0002537216567,0.0007757966487,0.002761630466,0.003587088802,0.004999999997,5.3463233e-06,1.366541786e-06,72.65852456,82.69763917,0.03460024581,0.918848915,1.167961622
HL2,100,1,DIVERGED,0.021754583,0.06474951673,0.0003068279735,0.001015637064,0.002732839419,0.003594173307,0.004999999997,5.370602603e-06,1.40620431e-06,72.59724095,74.90475333,0.03311711921,0.9250702381,1.165555982
HL2,100,1,DIVERGED,0.021895776,0.07013313774,0.0003599115028,0.001220123891,0.002665055296,0.003601179612,0.004999999997,5.377993333e-06,1.450352781e-06,72.52728929,79.895448,0.03357496199,0.930937961,1.161729708
HL2,100,1,DIVERGED,0.022036969,0.06453701271,0.0003424015803,0.001045875524,0.002604899875,0.003608166093,0.004999999997,5.414477093e-06,1.471230138e-06,72.5437105,78.99855235,0.03357982976,0.9366412237,1.16137412
HL2,100,1,DIVERGED,0.022178162,0.0614828586,0.0003174224365,0.0009097786506,0.00258630826,0.00361519006,0.004999999997,5.482615691e-06,1.449723439e-06,72.51927627,124.7522341,0.03462479093,0.9392421847,1.163289803
HL2,100,1,DIVERGED,0.022319355,0.0655422726,0.0003345228764,0.0009953474812,0.002660591213,0.003622351671,0.004999999997,5.528057813e-06,1.306426978e-06,72.52926329,124.4690748,0.03494948458,0.9411952726,1.162219744
HL2,100,1,DIVERGED,0.022460548,0.06998622404,0.0003607229962,0.001096287504,0.002712809274,0.003629481867,0.004999999997,5.555057462e-06,1.186273818e-06,72.5495191,127.5591638,0.03489340545,0.9442822566,1.15892601
HL2,100,1,DIVERGED,0.022601741,0.07174160001,0.0003755203451,0.001147693001,0.002717402444,0.003636588367,0.004999999997,5.558804267e-06,1.120452947e-06,72.59166812,131.0402059,0.03504221457,0.9445262745,1.154065725
HL2,100,1,DIVERGED,0.022742934,0.06936963482,0.0003788517822,0.001133935015,0.002694831602,0.003643644636,0.004999999997,5.63041547e-06,9.812400824e-07,72.64444832,132.1301851,0.03521389848,0.9445976895,1.148490844
HL2,100,1,DIVERGED,0.022884127,0.06725879044,0.0003787240271,0.001123336211,0.002637182661,0.003650648376,0.004999999997,5.480265576e-06,1.470717836e-06,72.66373666,128.9463116,0.0358654615,0.9317176116,1.141816275
HL2,100,1,DIVERGED,0.02302532,0.06797488622,0.0003882173931,0.001160240186,0.002672632415,0.003657725334,0.004999999997,5.480339011e-06,1.822747336e-06,72.65366578,120.120334,0.03587929974,0.9437672933,1.1353601
HL2,100,1,DIVERGED,0.023166513,0.06936222095,0.000388181519,0.001174599844,0.002713047068,0.003664826123,0.004999999997,5.459587723e-06,1.829536062e-06,72.65076047,119.1418483,0.03854773829,0.943345031,1.146838524
HL2,100,1,DIVERGED,0.023307706,0.07025422865,0.000398756248,0.001231363862,0.002745362699,0.003671936571,0.004999999997,5.42171249e-06,1.78436583e-06,72.61291572,104.0832017,0.03887614634,0.9421323869,1.157066018
HL2,100,1,DIVERGED,0.023448899,0.0764316164,0.0004189318215,0.001348023747,0.002714950813,0.003678990872,0.004999999997,5.437600257e-06,1.79536638e-06,72.5974296,90.58760047,0.03880038125,0.9425665585,1.16380121
HL2,100,1,DIVERGED,0.023590092,0.07951512862,0.000435686527,0.00141922622,0.002695887923,0.003686048494,0.004999999997,5.423286272e-06,1.771178414e-06,72.62692743,84.92036877,0.03902508734,0.934207435,1.166446993
HL2,100,1,DIVERGED,0.023731285,0.07943560779,0.0004401987972,0.001410670271,0.0026496265,0.00369299245,0.004999999997,5.366471656e-06,1.72273627e-06,72.595734,81.57342233,0.0379664355,0.9445805694,1.167321983
HL2,100,1,DIVERGED,0.023872478,0.07544128472,0.0004294718605,0.001345585983,0.002582046159,0.003699875482,0.004999999997,5.294357876e-06,1.668359473e-06,72.56982123,89.76983668,0.03936339779,0.9424321831,1.167772913
HL2,100,1,DIVERGED,0.024013671,0.0682432232,0.0004149273034,0.00124257152,0.002548947559,0.003706777553,0.004999999997,5.220227367e-06,1.60440779e-06,72.53175396,92.19332589,0.03935601481,0.9417239309,1.169321262
HL2,100,1,DIVERGED,0.024154864,0.06545308027,0.0004088045677,0.001201165563,0.002547085555,0.003713679581,0.004999999996,5.180945377e-06,1.53118921e-06,72.51265638,123.8079099,0.03959071821,0.9426431571,1.173179223
HL2,100,1,DIVERGED,0.024296057,0.0657657972,0.0004327373645,0.001319618631,0.002598311985,0.003720688263,0.004999999996,5.118097734e-06,1.3547524e-06,72.54785518,126.6318502,0.04002732249,0.9423854475,1.176439047
HL2,100,1,DIVERGED,0.02443725,0.07355545585,0.0004848251168,0.001519962852,0.002654774777,0.003727683749,0.004999999996,5.063208136e-06,1.172468298e-06,72.59339785,130.2223618,0.03977099419,0.9426964156,1.177869239
HL2,100,1,DIVERGED,0.024578443,0.07526820628,0.0005544974231,0.001725405117,0.00266345371,0.003734672627,0.004999999996,4.968654591e-06,1.073742305e-06,72.60071616,140.0123422,0.03996380485,0.9431439297,1.176839865
HL2,100,1,DIVERGED,0.024719636,0.08126091752,0.0006118496556,0.001885640402,0.00264583847,0.003741613985,0.004999999996,4.894201465e-06,9.578305791e-07,72.62324979,146.6611705,0.04010069687,0.9415226709,1.173165636
HL2,100,1,DIVERGED,0.024860829,0.0855562717,0.0006453862887,0.001992339436,0.002586697604,0.003748511724,0.004999999996,4.717212017e-06,1.259307803e-06,72.63404325,145.5950469,0.04014222423,0.9384223109,1.167372191
HL2,100,1,DIVERGED,0.025002022,0.08708954172,0.0006471779948,0.001998073044,0.00254650842,0.003755396987,0.004999999996,4.587478093e-06,1.497605998e-06,72.68449845,148.390281,0.04119628353,0.9114245734,1.160936991
HL2,100,1,DIVERGED,0.025143215,0.08593881457,0.0006332763419,0.001961414202,0.002553686937,0.003762361633,0.004999999996,4.481899699e-06,1.488064641e-06,72.75914554,167.0224817,0.04332145363,0.9264196348,1.153922889
HL2,100,1,DIVERGED,0.025284408,0.0868881864,0.0006382496209,0.001979645862,0.002588155232,0.003769383816,0.004999999996,4.32916503e-06,1.353358732e-06,72.76312719,157.4233319,0.04339963133,0.9234600247,1.153795135
HL2,100,1,DIVERGED,0.025425601,0.08836634962,0.0006682655175,0.002058219845,0.002597219314,0.003776386454,0.004999999996,4.216255042e-06,1.293107467e-06,72.73203265,147.187244,0.04333369704,0.9229030744,1.165166677
HL2,100,1,DIVERGED,0.025566794,0.08481259253,0.0006787850335,0.002054135976,0.002586650816,0.003783383262,0.004999999996,4.12721844e-06,1.30267818e-06,72.74926951,136.4553868,0.04385916068,0.9210094692,1.174944371
HL2,100,1,DIVERGED,0.025707987,0.07687688458,0.000665139447,0.001969067276,0.002620893421,0.00379033544,0.004999999996,4.019681079e-06,1.228313528e-06,72.68863737,129.5269173,0.04294533357,0.9281451611,1.18321422
HL2,100,1,DIVERGED,0.02584918,0.0759622647,0.0006269510999,0.001829331463,0.00263908609,0.003797202881,0.004999999996,3.931492391e-06,1.172513088e-06,72.62018796,118.2399051,0.04453126081,0.9423048999,1.191347497
HL2,100,1,DIVERGED,0.025990373,0.07248230114,0.000572144917,0.001724716304,0.002719207586,0.003804039824,0.004999999996,3.897454331e-06,1.119663184e-06,72.57000692,118.0743086,0.04451995121,0.9422715918,1.198811751
HL2,100,1,DIVERGED,0.026131566,0.06748500782,0.0005439819685,0.001784880558,0.002875795232,0.003810923109,0.004999999996,3.941252353e-06,1.035648564e-06,72.59054175,113.0372058,0.04379910264,0.9420288144,1.204855795
HL2,100,1,DIVERGED,0.026272759,0.06766227625,0.0005370901932,0.001906367381,0.003088691957,0.003817915427,0.004999999996,4.019745358e-06,8.898420769e-07,72.64003228,100.5050366,0.04353550941,0.9412842894,1.20950648
HL2,100,1,DIVERGED,0.026413952,0.07269009828,0.0005449532034,0.002068770295,0.003286202574,0.003824957377,0.004999999996,4.106472003e-06,6.147978272e-07,72.79244983,87.4605567,0.04314256762,0.9425226196,1.212915329
HL2,100,1,DIVERGED,0.026555145,0.07846910172,0.000568650077,0.002099724967,0.003458825193,0.003831987301,0.004999999996,4.136153702e-06,4.304964254e-07,72.80385529,88.9624501,0.04307512226,0.9418501183,1.213796782
HL2,100,1,DIVERGED,0.026696338,0.0775892741,0.000573426926,0.001837094885,0.003549345865,0.003838969828,0.004999999996,4.10012493e-06,3.558086791e-07,72.70467184,97.44134929,0.04298117277,0.9418070726,1.210313997
HL2,100,1,DIVERGED,0.026837531,0.07539495329,0.0005823790292,0.001777193873,0.003547225534,0.003845854574,0.004999999995,4.071482342e-06,2.948824544e-07,72.73113737,93.76646294,0.04282621687,0.9422373897,1.204324077
HL2,100,1,DIVERGED,0.026978724,0.07346658665,0.0005956329592,0.001794709327,0.003508715414,0.003852690949,0.004999999995,3.991535473e-06,4.655242237e-07,72.72817579,87.92421609,0.04293044032,0.9325827904,1.196752366
HL2,100,1,DIVERGED,0.027119917,0.0822817588,0.0006194658189,0.001923579725,0.003576716506,0.003859630449,0.004999999995,3.885938082e-06,6.374108347e-07,72.63985037,148.691331,0.04388140158,0.939559459,1.187773571
HL2,100,1,DIVERGED,0.02726111,0.08328955525,0.0006467712913,0.00204338323,0.003669896423,0.003866618686,0.004999999995,3.816001233e-06,6.008233313e-07,72.51957665,141.6293817,0.04387643266,0.9388009853,1.177772521
HL2,100,1,DIVERGED,0.027402303,0.08338880421,0.0006713240288,0.002036417469,0.003714078616,0.003873571122,0.004999999995,3.765176238e-06,5.003665987e-07,72.43435919,137.1360805,0.04411890449,0.93804238,1.167597931
HL2,100,1,DIVERGED,0.027543496,0.08674071488,0.0006983947568,0.002099834142,0.003698165898,0.003880483707,0.004999999995,3.728811136e-06,4.52785576e-07,72.38186941,134.2138332,0.04496387256,0.937668239,1.178357085
HL2,100,1,DIVERGED,0.027684689,0.08552496129,0.0007243125868,0.002160282573,0.003714582034,0.003887424243,0.004999999995,3.643973388e-06,4.164111397e-07,72.27568735,132.2263483,0.04516881425,0.9375640972,1.192459022
HL2,100,1,DIVERGED,0.027825882,0.08590055299,0.0007377229152,0.002161163595,0.003684728402,0.00389420147,0.004999999995,3.541833486e-06,3.760004528e-07,72.18196844,133.0198142,0.04805467538,0.9369301195,1.203207973
HL2,100,1,DIVERGED,0.027967075,0.08185546174,0.0007279412755,0.002095328788,0.003689883648,0.00390094562,0.004999999995,3.462477508e-06,3.592314002e-07,72.11617945,133.2095899,0.04855869115,0.9350114438,1.211894097
HL2,100,1,DIVERGED,0.028108268,0.07395243278,0.0007039288086,0.001955843226,0.003765729836,0.003907684156,0.004999999995,3.425138878e-06,3.503978645e-07,72.10740344,129.1866138,0.04881529743,0.9347815426,1.219429093
HL2,100,1,DIVERGED,0.028249461,0.06991915342,0.0006792000392,0.00188084872,0.003941788794,0.003914474335,0.004999999995,3.462552749e-06,3.358799952e-07,72.09987986,143.1425376,0.04869811506,0.936488022,1.226550682
HL2,100,1,DIVERGED,0.028390654,0.067848328,0.0006661905154,0.001895358512,0.004185775338,0.003921388723,0.004999999995,3.522830663e-06,2.427608223e-07,72.1925434,139.3625452,0.04886426637,0.9398548848,1.232147417
HL2,100,1,DIVERGED,0.028531847,0.06664281655,0.0006709474523,0.001834336623,0.004377308135,0.003928239437,0.004999999995,3.513729436e-06,1.952094165e-07,72.29177026,137.3661444,0.04949751706,0.9311671757,1.235148025
HL2,100,1,DIVERGED,0.02867304,0.06799695929,0.0007023643637,0.001788202174,0.004474439567,0.003935047652,0.004999999995,3.490191382e-06,1.640292565e-07,72.30094918,136.6698547,0.04972498507,0.9328590487,1.236503902
HL2,100,1,DIVERGED,0.028814233,0.07418821162,0.0007826960819,0.002020552257,0.004493990763,0.003941786525,0.004999999995,3.465546457e-06,1.15697458e-07,72.25988512,138.8158958,0.05006461014,0.9300779066,1.236665057
HL2,100,1,DIVERGED,0.028955426,0.07881305903,0.0008213226135,0.002144712797,0.004417270578,0.003948456063,0.004999999995,3.131642708e-06,4.826231517e-07,72.22284078,127.595555,0.05033469574,0.9179752693,1.232262647
HL2,100,1,DIVERGED,0.029096619,0.07789676694,0.0008532148472,0.002202607969,0.004396306922,0.003955126711,0.004999999995,3.000497518e-06,6.203558632e-07,72.21942174,131.5071429,0.04987759319,0.9120134683,1.222865935
HL2,100,1,DIVERGED,0.029237812,0.07574802759,0.0008659846335,0.002243755326,0.004377062327,0.003961805666,0.004999999995,2.957743816e-06,7.650306621e-07,72.22962961,189.1500493,0.04944189743,0.9198246958,1.213630421
HL2,100,1,DIVERGED,0.029379005,0.07821741553,0.0008576185409,0.002313395405,0.004424602341,0.003968534547,0.004999999995,3.020079464e-06,7.748687059e-07,72.23850245,184.3649309,0.04951840327,0.9124420903,1.205395603
HL2,100,1,DIVERGED,0.029520198,0.08349636697,0.0008665437429,0.002436548736,0.00449220106,0.003975283649,0.004999999995,3.161120623e-06,7.962124085e-07,72.31140997,183.7013635,0.05035645904,0.9035872956,1.197642885
HL2,100,1,DIVERGED,0.029661391,0.08764771774,0.0009131038997,0.002609258642,0.004578488032,0.003982051622,0.004999999994,3.336638364e-06,8.649459716e-07,72.37216178,187.0244554,0.05111918418,0.8974084878,1.189789424
HL2,100,1,DIVERGED,0.029802584,0.09391338428,0.0009821165139,0.002852027089,0.004667441542,0.003988784643,0.004999999994,3.587580865e-06,8.080538907e-07,72.40577052,191.6086541,0.05458448603,0.8973328822,1.199259584
HL2,100,1,DIVERGED,0.029943777,0.09315557452,0.0010357181,0.002977026516,0.004870784177,0.003995542355,0.004999999994,3.850693662e-06,7.270096677e-07,72.3221514,189.6634009,0.05485935721,0.9288407472,1.214048011
HL2,100,1,DIVERGED,0.03008497,0.08501244649,0.00109223678,0.003125562614,0.005117570325,0.004002289069,0.004999999994,4.094730233e-06,6.682000711e-07,72.233259,206.2686404,0.05637450785,0.9188213976,1.225561169
HL2,100,1,DIVERGED,0.030226163,0.09712212094,0.001219620091,0.003831851383,0.005382911878,0.004009068591,0.004999999994,4.29699922e-06,5.797879477e-07,72.14735143,212.4793201,0.05897816317,0.9013927372,1.234575728
HL2,100,1,DIVERGED,0.030367356,0.1684432387,0.001469746177,0.005516671255,0.005724188973,0.004015906309,0.004999999994,4.467100598e-06,4.088771292e-07,72.06882771,204.8731593,0.06117834985,0.8618332775,1.242739175
HL2,100,1,DIVERGED,0.030508549,0.2884158601,0.002085824625,0.009046093766,0.006144811277,0.004022846525,0.004999999994,4.645337886e-06,2.122505044e-07,71.82432268,256.019865,0.06508169631,0.8258833794,1.250403819
HL2,100,1,DIVERGED,0.030649742,0.5452717383,0.00345156573,0.01642283266,0.00696157861,0.00402999375,0.004999999994,4.945446313e-06,3.89283407e-08,71.45686043,399.8370788,0.07178195726,0.8040522612,1.248154368
HL2,100,1,DIVERGED,0.030790935,0.8307223601,0.005305647269,0.02491782263,0.0083526283,0.004037537804,0.004999999995,5.558669395e-06,1.060396133e-07,71.11233642,664.5623596,0.07960552439,0.7320488831,1.229205392
HL2,100,1,DIVERGED,0.030932128,1.009043493,0.00737331631,0.03419254005,0.009811961788,0.004045125043,0.004999999994,6.214624978e-06,5.450404158e-08,71.96725476,954.0310353,0.08537895201,0.6918281036,1.197028404
HL2,100,1,DIVERGED,0.031073321,1.223266829,0.008745338956,0.04223321483,0.01092817021,0.004052471152,0.004999999991,7.904847178e-06,9.158590024e-08,73.14771252,1071.033683,0.0935329014,0.574221669,1.2760031
HL2,100,1,DIVERGED,0.031214514,2.221132399,0.01109775913,0.06491928124,0.01246214947,0.004060205306,0.00499999999,9.139745756e-06,1.166774514e-07,72.52217517,1506.02369,0.1281340577,0.6726813185,1.522916127
HL2,100,1,DIVERGED,0.031355707,2.573781745,0.01280418363,0.08522582953,0.01204084672,0.00406756924,0.00500000002,1.045172801e-05,1.7474414e-06,79.23633141,2049.064947,0.1657540544,0.6232458362,1.719584394
HL2,100,1,DIVERGED,0.0314969,1.953401185,0.01044546128,0.07036651392,0.007274798679,0.004072776833,0.004999999969,1.16636567e-05,4.716393507e-06,72.18128673,1964.733024,0.1602713636,0.476122673,1.496891443
HL2,100,1,DIVERGED,0.031638093,0.64033445,0.007792054279,0.03879071292,0.006290426164,0.004079001281,0.004999999938,1.012964813e-05,6.119963724e-06,78.04098475,2102.753619,0.1567238895,0.3046996482,1.535708823
HL2,100,1,DIVERGED,0.031779286,0.7933104933,0.008935390792,0.03503117966,0.007914288235,0.004087132373,0.004999999913,1.41209586e-05,5.469012083e-06,78.0926902,2066.123744,0.1672638649,0.2077512121,1.451794023
HL2,100,1,DIVERGED,0.031920479,1.088794608,0.01027024068,0.04010729781,0.01101841923,0.004095964116,0.004999999937,1.703100511e-05,5.565755353e-06,74.70422096,1678.055794,0.1862205263,0.2189660241,1.598392949
HL2,100,1,DIVERGED,0.032061672,1.054795209,0.01004641316,0.0352905995,0.01360800923,0.00410441412,0.005000000098,1.66833176e-05,5.620205711e-06,72.91661629,1663.238053,0.198057225,0.05743574787,1.569901763
HL2,100,1,DIVERGED,0.032202865,0.9890718456,0.01054244028,0.03597802072,0.01364431424,0.004111171899,0.005000000411,1.2168213e-05,5.829193089e-06,77.47254305,1725.18951,0.2037061989,0.1090405295,1.673836166
HL2,100,1,DIVERGED,0.032344058,0.8661080563,0.01157746032,0.03633032729,0.01251283153,0.004117245759,0.005000000218,1.236437734e-05,5.001879711e-06,74.61451749,2154.75082,0.2218075835,0.1120444186,1.700561511
HL2,100,1,DIVERGED,0.032485251,1.5291139,0.01387666135,0.05082027795,0.01097333984,0.004123251791,0.004999999882,1.389422373e-05,4.349650059e-06,72.9594297,2377.203998,0.224931418,0.06009348006,1.662343448
HL2,100,1,DIVERGED,0.032626444,1.220770953,0.01285516159,0.04350856946,0.01052992871,0.004130324183,0.004999999451,0.0001012534461,4.770979654e-05,66.90214863,3250.056256,0.337233211,0.4495300652,3.322784349
HL2,100,1,DIVERGED,0.032767637,0.8394053476,0.01245256357,0.03747178393,0.010207691,0.004137900687,0.004999955033,0.0001045543292,4.906540012e-05,71.84821095,3635.947472,0.3463181174,0.5028650253,3.028008899
HL2,100,1,DIVERGED,0.03290883,1.104083571,0.01574549806,0.04802577945,0.005010659707,0.004141654495,0.004999887775,5.827062273e-05,9.120963368e-06,57.76847716,4000.246429,0.3715407451,0.6529421957,2.968763298
HL2,100,1,DIVERGED,0.033050023,1.39899797,0.01667442294,0.05290617417,0.003971746474,0.004141804653,0.004999780012,6.272026286e-05,1.335706317e-05,47.7976365,4368.570182,0.4220427652,0.6070850409,3.292474402
HL2,100,1,DIVERGED,0.033191216,1.24223347,0.01744616574,0.06136698852,0.0005346320095,0.004151034829,0.004999842478,8.018259349e-05,2.259792885e-05,33.88594623,4187.036517,0.3632890943,0.4322518684,3.381704951
HL2,100,1,DIVERGED,0.033332409,1.194438218,0.0174328223,0.05736838011,0.002311968948,0.004155255223,0.005000015138,8.517952126e-05,2.73782903e-05,30.88342881,3882.729903,0.3476147961,0.321447373,3.356186108
HL2,100,1,DIVERGED,0.033473602,0.9855845826,0.01822196759,0.05662879111,0.003886920001,0.004159270362,0.005000013838,9.449495738e-05,3.869541135e-05,48.35584802,3501.250368,0.3607898052,0.2853879096,3.357296301
HL2,100,1,DIVERGED,0.033614795,2.016037006,0.02343035683,0.07388987958,0.01364878569,0.004160847632,0.004999949986,0.0001338719796,3.591427966e-05,70.96200639,5169.728604,0.5143259321,0.2089592485,4.493928386
HL2,100,1,DIVERGED,0.033755988,1.244111192,0.02255773239,0.06450631901,0.01650888562,0.004167123145,0.005000051996,0.0001343893426,4.124559283e-05,77.52617985,5316.525689,0.5360713804,0.09216296624,4.31725721
HL2,100,1,DIVERGED,0.033897181,2.570953625,0.02730622366,0.08882609672,0.01947793213,0.004173976727,0.005000376111,0.0001487995407,4.444812788e-05,76.42490842,5099.856899,0.5593465183,0.2441201639,4.057880046
HL2,100,1,DIVERGED,0.034038374,1.815702677,0.02567277748,0.08107464904,0.01916220916,0.00418299847,0.00499965145,0.0001979121492,6.074254312e-05,79.02622685,6342.52115,0.8106946309,0.1201050482,6.053845131
HL2,100,1,DIVERGED,0.034179567,1.780893315,0.02834785366,0.09031082432,0.01824650965,0.004192520402,0.004999720541,0.0002189463426,8.201221337e-05,87.75564447,6011.59228,0.669737648,0.1159100521,4.728837839
HL2,100,1,DIVERGED,0.03432076,1.575208383,0.02894217196,0.08297813595,0.02308223748,0.00420244102,0.005002408489,0.0002495946386,5.663975537e-05,69.65749924,5837.977192,0.5364532724,0.1231744762,3.713490088
HL2,100,1,DIVERGED,0.034461953,1.768699651,0.03134690699,0.09270759479,0.01494188113,0.004216719085,0.005002898151,0.0001978725818,3.55677028e-05,63.08184615,4013.614497,0.4250253004,0.0453047688,2.956105894
HL2,100,1,DIVERGED,0.034603146,1.991823765,0.02890668365,0.08098115577,0.004733327862,0.004231640232,0.00500273459,0.0001666637036,3.775071065e-05,57.61258899,4047.310063,0.3255049718,0.1424394136,2.098907363
HL2,100,1,DIVERGED,0.034744339,1.576742017,0.02795098565,0.08181292442,0.002531822972,0.004241704876,0.005003934809,0.0001818464791,2.986425809e-05,51.63903271,4385.277845,0.3835036567,0.2545112974,3.31276818
HL2,100,1,DIVERGED,0.034885532,1.531664743,0.02883614041,0.08029245138,0.004185645823,0.004247109515,0.005001996346,0.0002399186043,6.869301993e-05,62.29462713,5208.872423,0.4379313368,0.3170842368,3.472779756
HL2,100,1,DIVERGED,0.035026725,1.283087646,0.03085673546,0.08414057087,0.007229251531,0.004259453747,0.005003758456,0.0002517556767,0.0001297107277,52.58934156,6491.282808,0.4038851244,0.3244421056,3.279812801
HL2,100,1,DIVERGED,0.035167918,1.507809841,0.03052028017,0.08179377076,0.009599360791,0.00426993866,0.005001519567,0.0002201564025,0.0001367656948,71.01217567,5962.266731,0.2942479732,0.3397114382,2.201420328
HL2,100,1,DIVERGED,0.035309111,3.854961421,0.03848117022,0.1162388699,0.01938768254,0.004280340675,0.005002550738,0.000179988329,0.0001005722122,81.48202373,5829.423271,0.3286829021,0.2217610883,2.117949978
HL2,100,1,DIVERGED,0.035450304,3.062978535,0.03758340335,0.1114382565,0.02970756578,0.004292026772,0.004999647513,0.0001866328689,0.0001063086048,76.43863251,5320.469615,0.3844627998,0.1701917234,2.166065926
HL2,100,1,DIVERGED,0.035591497,3.512597501,0.03756680111,0.123779057,0.03725750111,0.00429823479,0.004997826372,0.0002388066371,7.331098744e-05,105.6261871,6092.60005,0.4376905437,0.04954290549,3.161009958
HL2,100,1,DIVERGED,0.03573269,3.271380895,0.03784978074,0.1307784462,0.04089868047,0.004308433802,0.004995100702,0.000234199107,6.384170788e-05,95.48684466,6638.247336,0.4205632867,0.1211867801,3.144665396
HL2,100,1,DIVERGED,0.035873883,4.137408087,0.03612749061,0.1448386673,0.03657660861,0.004326848389,0.004993351999,0.0002434257789,6.460696455e-05,34.50098894,8257.096609,0.4876832456,0.09449564006,3.102573072
HL2,100,1,DIVERGED,0.036015076,3.098357812,0.03608811013,0.1364838742,0.03616320535,0.004344731707,0.004986797619,0.0002452501828,6.332152272e-05,-2.739438458,9824.341093,0.5043723711,0.01707655593,3.166427429
HL2,100,1,DIVERGED,0.036156269,3.658191182,0.03682158129,0.1399708884,0.04598250697,0.004361231612,0.004974451395,0.0002616036673,4.932952132e-05,82.01772871,9178.761894,0.4921148276,0.1821916407,2.948544923
HL2,100,1,DIVERGED,0.036297462,3.01134016,0.04130298582,0.1427678251,0.05718652233,0.004370752445,0.004956270421,0.0002825701627,6.449971786e-05,56.39066985,8418.027327,0.6824210356,0.08247437152,7.20601239
HL2,100,1,DIVERGED,0.036438655,4.034770295,0.04532948605,0.1562411135,0.06895228744,0.004383889004,0.004946841787,0.0002784918783,6.173875184e-05,79.06011835,10322.26221,0.7183187307,0.1443063391,5.097481113
HL2,100,1,DIVERGED,0.036579848,2.584145527,0.03937283931,0.1324478285,0.0700146885,0.004394677078,0.004939396055,0.0002858067363,9.737279735e-05,53.28571313,7920.229852,0.7294134471,0.03241949644,5.178887592
HL2,100,1,DIVERGED,0.036721041,2.281951135,0.03801103657,0.1276676541,0.07189389836,0.004410441842,0.004937762689,0.0002988361952,9.532792188e-05,50.44091399,7404.24945,0.5856529899,0.1381438021,4.041001886
HL2,100,1,DIVERGED,0.036862234,3.901243088,0.04500251509,0.1726019751,0.07321116371,0.004421537977,0.004943569761,0.0003006833271,0.0001086319219,29.88053846,10809.30157,0.6612474957,0.225609314,4.620816953
HL2,100,1,DIVERGED,0.037003427,3.365748078,0.04681189922,0.1604182006,0.07106664648,0.004426245962,0.004946987378,0.0002886808098,9.095744647e-05,15.66793631,9574.371426,0.7115635744,0.0881380675,6.127848965
HL2,100,1,DIVERGED,0.03714462,5.01443851,0.06131451143,0.2184477805,0.07386457908,0.0044213388,0.004944966793,0.0003470555825,0.0001341613609,40.78387451,8649.105911,0.9168974683,0.03027566768,9.492065875
HL2,100,1,DIVERGED,0.037285813,13.09951253,0.07283139475,0.315476506,0.08308175393,0.004428825267,0.004943138164,0.0003349245528,0.000137407521,73.5430736,11117.83531,0.8921262303,0.0814581808,8.936406688
HL2,100,1,DIVERGED,0.037427006,6.473176937,0.06663187018,0.2388027442,0.07528014193,0.004429772664,0.004946958053,0.0003491640418,0.0001525335843,92.42835025,10655.75096,1.057258306,0.06818774004,8.64176096
HL2,100,1,DIVERGED,0.037568199,6.387307461,0.06393444812,0.2214145553,0.06184132902,0.004428141086,0.004940253451,0.0004014515862,0.0001368047978,14.24027737,9964.528298,0.9931284684,0.04468563626,6.699318084
HL2,100,1,DIVERGED,0.037709392,5.087053882,0.07164693848,0.2141875123,0.04472808887,0.004440875477,0.004940421755,0.0004205946458,0.0001452955547,76.94055616,10532.89761,0.9974870735,0.06170434374,8.751546693
HL2,100,1,DIVERGED,0.037850585,3.484186163,0.07478891088,0.2075581935,0.0415030054,0.004445411867,0.004950024373,0.000445643529,0.0001046581505,24.62727638,10270.30756,1.043836536,0.03494044091,9.059801121
HL2,100,1,DIVERGED,0.037991778,3.187544384,0.07951030106,0.2108799515,0.03065869237,0.004441198644,0.004938795981,0.0004756071043,0.0001135072945,46.86976647,8652.423465,1.305044093,0.05257915097,9.470125195
HL2,100,1,DIVERGED,0.038132971,4.933897344,0.08143557458,0.236005993,0.02450483865,0.004455242972,0.004932976348,0.000527093444,7.715701464e-05,102.646723,11167.52868,1.394932296,0.06950384683,9.580244622
HL2,100,1,DIVERGED,0.038274164,4.879424857,0.08742937329,0.2544409592,0.006037157154,0.004449402509,0.004929730654,0.0005983035979,0.0001530702954,80.7427188,9858.932759,1.605611599,0.04536601502,10.30921429
HL2,100,1,DIVERGED,0.038415357,4.85177437,0.09937379573,0.2578993128,0.03538799781,0.00443477294,0.004935439759,0.0006218470889,0.0001641722568,94.84785244,10445.9351,1.768830535,0.05556061893,11.43971338
HL2,100,1,DIVERGED,0.03855655,4.78482721,0.1041364328,0.2575914489,0.07754965485,0.004400571391,0.004931731357,0.0006676899538,0.0001138767352,63.72122914,10958.17298,1.883642666,0.0155526307,10.16139952
HL2,100,1,DIVERGED,0.038697743,10.64434605,0.1249705372,0.3431299631,0.1073972517,0.004402342297,0.004948167462,0.0007188924619,0.0001421650787,54.21885473,10776.77549,1.896627037,0.08701832093,10.17991099
HL2,100,1,DIVERGED,0.038838936,8.308194004,0.1341618992,0.3518408824,0.1519669245,0.004376729293,0.004948994258,0.0007800868985,7.751250424e-05,88.59985174,10125.25128,2.041062797,0.04020589926,10.13167812
HL2,100,1,DIVERGED,0.038980129,6.419273144,0.1426788258,0.3401968141,0.1788023811,0.004372125527,0.00496710783,0.0008145503816,0.0001486079634,103.1980239,10195.73621,2.063871956,0.0635599488,11.95296156
HL2,100,1,DIVERGED,0.039121322,9.219656586,0.1544493357,0.358478805,0.1999208838,0.004339576653,0.004996601781,0.0008392533685,0.0001349739444,104.353344,9843.860561,2.289879002,0.008945415189,12.68461674
HL2,100,1,DIVERGED,0.039262515,9.494824558,0.1637343996,0.3824377112,0.2200375085,0.004320850599,0.005023792243,0.0008916177213,0.0001464452017,73.21160302,9832.744004,2.157477857,0.06115088666,12.59066898
HL2,100,1,DIVERGED,0.039403708,6.405445234,0.1688473424,0.3822938361,0.2582091585,0.004314342089,0.005053307779,0.0009272250909,0.0001351429281,97.56910292,10476.48076,2.125191248,0.02499041018,13.72475323
HL2,100,1,DIVERGED,0.039544901,6.703318715,0.1737467482,0.39267958,0.2898753054,0.004333843463,0.005075866832,0.0009740487512,0.0001447160671,104.6000003,10000.56059,2.184026568,0.0839544619,15.45035374
HL2,100,1,DIVERGED,0.039686094,6.098433047,0.1858384318,0.4036459988,0.3228919691,0.004323678192,0.005104786661,0.0009975122051,0.0001489079996,112.6045503,10576.80265,2.105951704,0.01345211387,16.65007075
HL2,100,1,DIVERGED,0.039827287,12.23482602,0.1999753244,0.4504344668,0.3726712131,0.004320161719,0.005140694242,0.001048453483,0.0001441888873,124.5790732,11091.89982,2.129737406,0.05342970791,17.58252602
HL2,100,1,DIVERGED,0.03996848,4.316341711,0.2000349079,0.4090262847,0.4301497065,0.004305599844,0.005168388324,0.001076071008,0.0001522250911,137.7067573,8944.695737,2.206290813,0.05929205661,18.34276891
HL2,100,1,DIVERGED,0.040109673,7.54793127,0.2228617895,0.4740607897,0.4627448489,0.004297851078,0.005204914506,0.001123371469,0.0002110210909,149.1375618,9318.830582,2.199233391,0.01021147213,16.89562419
HL2,100,1,DIVERGED,0.040250866,8.109085435,0.2515061126,0.5010397273,0.506666007,0.004275737459,0.005227123571,0.001142959407,0.0001988760839,104.6721282,9791.739991,2.310240669,0.03899986379,17.70639971
HL2,100,1,DIVERGED,0.040392059,19.27894513,0.2773477897,0.5563161934,0.6115425799,0.004273246681,0.005238319601,0.001187487252,0.0002040203697,148.8561955,11094.68899,2.30833306,0.01181339741,16.61081038
HL2,100,1,DIVERGED,0.040533252,13.8771603,0.302652495,0.581519588,0.745999152,0.004229611305,0.00529052282,0.001222091604,0.0001749214096,141.9711826,10247.99337,2.214715846,0.06217224865,15.74876598
HL2,100,1,DIVERGED,0.040674445,9.599708007,0.343164281,0.6053032179,0.88030022,0.004225003029,0.005326122422,0.001234425138,0.0002107791536,129.3551535,10295.4215,2.233630566,0.04701412781,16.79833814
HL2,100,1,DIVERGED,0.040815638,12.67941957,0.3873253854,0.6577469967,0.9883628887,0.004253750029,0.00533580566,0.001270240704,0.0001854491994,181.6259833,9966.842825,2.333164876,0.03197371572,15.85182706
HL2,100,1,DIVERGED,0.040956831,16.46764076,0.4254551749,0.6946037083,1.074230219,0.004240459431,0.005361484251,0.001316450833,0.0002467331621,103.6389421,9664.495605,2.435249772,0.008613216539,16.53771458
HL2,100,1,DIVERGED,0.041098024,41.20303285,0.4821605582,0.9253341644,1.221084629,0.004214885439,0.005399538639,0.001339021945,0.0002077443889,123.1819234,11838.84051,2.476484954,0.02593329999,16.96714891
HL2,100,1,DIVERGED,0.041239217,8.28961576,0.4842938633,0.6768797018,1.383486211,0.004204300093,0.005418982259,0.001408874389,0.0001835355313,138.3414406,10883.65648,2.543340454,0.03886301514,20.34969064
HL2,100,1,DIVERGED,0.04138041,7.387209366,0.5619136776,0.7646117464,1.533386822,0.004213356218,0.005442524973,0.001440762377,0.0001810978409,157.8042821,10715.10281,2.520232258,0.01608832389,22.54795278
HL2,100,1,DIVERGED,0.041521603,6.051340582,0.597897551,0.7924263286,1.69673349,0.004214122253,0.005448133754,0.001510962976,0.0001864580383,139.3324148,12024.79841,2.666896942,0.04259596028,21.65997229
HL2,100,1,DIVERGED,0.041662796,9.40356136,0.61437531,0.8435189536,1.872334541,0.004217438252,0.005469982106,0.001562420575,0.0001648111181,104.3954653,10827.97866,2.818180102,0.02903979982,23.75191865
HL2,100,1,DIVERGED,0.041803989,7.377020026,0.6668832502,0.9078630141,2.029630253,0.004221241227,0.005496070562,0.001599388908,0.0001633652763,47.33460076,11106.18539,2.750680103,0.03189556543,20.47830692
HL2,100,1,DIVERGED,0.041945182,25.90178226,0.6994145723,1.022828252,2.265265029,0.004257997133,0.005529866491,0.001668823419,0.0001798384265,161.7710061,11595.32628,2.860038032,0.03082946146,23.80319693
HL2,100,1,DIVERGED,0.042086375,42.51107182,0.7005478049,1.118524762,2.475086913,0.004303407324,0.005555881241,0.001715740713,0.0001958689318,116.8685338,10604.79072,2.864924839,0.0094601535,19.60143724
HL2,100,1,DIVERGED,0.042227568,7.619237718,0.6921832565,1.005799494,2.729241051,0.004325928743,0.005571160931,0.00177104608,0.000173580387,60.71355602,10556.11187,2.981728911,0.04851381782,22.9201027
HL2,100,1,DIVERGED,0.042368761,18.59302512,0.7271038738,1.057365428,2.98628989,0.004340944479,0.005617404555,0.001831158236,0.0001773015664,125.6240483,11057.47468,3.102085168,0.007923914503,21.40140028
HL2,100,1,DIVERGED,0.042509954,11.92550676,0.745361108,1.073024282,3.16767512,0.004307083709,0.005637409399,0.001913832781,0.0001676331262,111.0760571,10549.53403,3.026018958,0.01387694045,23.6880961
HL2,100,1,DIVERGED,0.042651147,12.88681798,0.7415801002,1.059896761,3.348630375,0.004273821982,0.005651385798,0.001968744936,0.0001192856388,157.5102761,10444.19495,3.056038229,0.04205182843,25.81033928
HL2,100,1,DIVERGED,0.04279234,25.3627859,0.739152094,1.130273281,3.560707853,0.004188281938,0.005700088639,0.002004996885,0.0001092262287,111.9860284,10759.60437,3.015878287,0.01295091083,26.24799524
HL2,100,1,DIVERGED,0.042933533,12.19431096,0.7588561697,1.097361636,3.698729147,0.004125177361,0.005707743137,0.002065062973,0.0001146888182,120.6397185,9943.306104,2.980967,0.007760128179,29.56944447
HL2,100,1,DIVERGED,0.043074726,9.741553218,0.7224815048,1.028156989,3.789959142,0.004051956052,0.005705548712,0.002141136416,8.2585715e-05,140.0994976,10713.11313,3.14228405,0.02359834747,29.21159595
HL2,100,1,DIVERGED,0.043215919,8.842294955,0.7190255849,0.9973289998,3.970518326,0.003995356217,0.005729248611,0.002194674044,9.502171036e-05,116.3036486,11331.92321,3.417099011,0.01389076223,30.48334347
HL2,100,1,DIVERGED,0.043357112,7.768645676,0.7148248671,0.9771303964,4.174400337,0.003987850459,0.005745342567,0.002257450124,7.221926131e-05,168.8722168,10474.75073,3.50233694,0.0136637673,30.57720699
HL2,100,1,DIVERGED,0.043498305,9.75086052,0.7472453975,1.030271963,4.435341778,0.003966793248,0.005759920247,0.002286852428,9.917408142e-05,130.1812411,10706.52776,3.588810613,0.0182254975,26.19490902
HL2,100,1,DIVERGED,0.043639498,23.73551586,0.7612510905,1.129794528,4.757618131,0.003997362051,0.0057566569,0.002330943258,7.511692664e-05,109.3059859,10753.56084,3.696266289,0.009123344788,31.17224507
HL2,100,1,DIVERGED,0.043780691,11.06728637,0.7339161239,1.037045797,4.985086457,0.004035804662,0.005748037642,0.002383976816,8.533300236e-05,128.7912719,11350.59612,3.619044482,0.02903727881,34.63071038
HL2,100,1,DIVERGED,0.043921884,8.378080539,0.7124700592,0.9828019524,5.184030578,0.004089338681,0.005759068043,0.002453594378,7.249687756e-05,123.3747348,10749.95187,3.759654171,0.01235368965,32.4702438
HL2,100,1,DIVERGED,0.044063077,11.47665827,0.7240958323,1.001769475,5.402760232,0.004122585466,0.005776202211,0.002496591283,6.405090046e-05,123.6909944,11158.6689,3.515207527,0.01610399731,31.79514413
HL2,100,1,DIVERGED,0.044128243,21.53863602,0.748535878,1.057445845,5.483209464,0.004131485404,0.0057823803,0.002510884543,5.989570279e-05,115.5541052,11442.39353,3.641377101,0.0007631789534,33.71375008
S1,100,1,COMPLETED,1.0861e-05,0.05015422782,1.250393992e-06,7.392742486e-06,6.710243654e-07,0.002500535835,0.005,4.358481422e-07,1.148567003e-10,72.78171302,2.066484703,0.001631611324,0.9966344054,0.999981968
S1,100,1,COMPLETED,0.000173776,0.05023741222,9.259796731e-06,3.089478585e-05,3.694432682e-05,0.0025085883,0.005,3.958538508e-07,2.912241372e-08,72.77148683,1.920424537,0.001578004922,0.9966610805,1.000057187
S1,100,1,COMPLETED,0.000336691,0.05045028796,1.459739007e-05,4.690295992e-05,6.895401878e-05,0.002516686408,0.005,3.501342663e-07,6.332401009e-08,72.7734814,1.635028512,0.001608679935,0.996639982,1.000205162
S1,100,1,COMPLETED,0.000499606,0.05061682408,1.898322159e-05,6.008019428e-05,0.0001226191682,0.002524855491,0.005,3.963049295e-07,2.641288833e-08,72.77045064,1.225520281,0.001646079125,0.9965837151,1.00039489
S1,100,1,COMPLETED,0.000662521,0.05065768212,2.131410524e-05,6.615578848e-05,0.0001453521035,0.002533019933,0.005,3.884805129e-07,4.40652803e-08,72.77312517,0.8900720732,0.001707399007,0.9964655979,1.000591098
S1,100,1,COMPLETED,0.000825436,0.05061234766,2.072350161e-05,6.316367877e-05,0.0001663198783,0.002541177213,0.005,3.746012267e-07,4.023704308e-08,72.76742645,0.8869586837,0.001727079847,0.9962548459,1.000778935
S1,100,1,COMPLETED,0.000988351,0.05050952726,1.787536286e-05,5.349468027e-05,0.0001600196791,0.00254932542,0.005,3.146838364e-07,6.773493047e-09,72.76282306,1.21527887,0.001765158658,0.9960516032,1.00094777
S1,100,1,COMPLETED,0.001151266,0.05037484978,1.355422675e-05,3.977532401e-05,0.0001654628714,0.002557467036,0.005,4.035679954e-07,6.109188553e-08,72.76793013,1.582354904,0.001793405593,0.9958789812,1.001087675
S1,100,1,COMPLETED,0.001314181,0.05020262954,8.719953049e-06,2.55103672e-05,0.0001438504995,0.002565622313,0.005,3.845829641e-07,4.848693789e-08,72.77438834,1.782662088,0.001830489076,0.9957548442,1.001189858
S1,100,1,COMPLETED,0.001477096,0.05015272576,6.076418305e-06,2.068937807e-05,0.0001277838324,0.00257379025,0.005,4.354818729e-07,4.648792818e-08,72.77161279,1.858849355,0.001810688485,0.9956882709,1.001230559
S1,100,1,COMPLETED,0.001640011,0.05039033874,8.231654439e-06,3.150119273e-05,7.667435835e-05,0.002581957471,0.005,3.765519414e-07,5.361593536e-08,72.77157095,1.755447658,0.00179487419,0.9956770724,1.00120962
S1,100,1,COMPLETED,0.001802926,0.05060390865,1.25392712e-05,4.586562839e-05,4.33889024e-05,0.002590073952,0.005,4.267659966e-07,3.378603948e-08,72.77075255,1.504160385,0.001747126982,0.9956353599,1.001115631
S1,100,1,COMPLETED,0.001965841,0.05075933398,1.679037209e-05,5.821400929e-05,6.500355887e-06,0.002598129377,0.005,4.575225634e-07,1.557992544e-09,72.77960563,1.151811338,0.001789345716,0.9956219515,1.001451595
S1,100,1,COMPLETED,0.002128756,0.05084731837,1.905275078e-05,6.379676426e-05,2.344603939e-05,0.002606173607,0.005,4.313019411e-07,1.48976384e-08,72.7780975,0.9045882001,0.001662808658,0.9963220452,1.001399387
S1,100,1,COMPLETED,0.002291671,0.05063789725,1.908531661e-05,6.185139092e-05,5.826465643e-05,0.002614242191,0.005,3.678380562e-07,6.951648188e-08,72.78335437,0.8780965609,0.001615851186,0.9964821848,1.00132244
S1,100,1,COMPLETED,0.002454586,0.05046023256,1.716998058e-05,5.406862218e-05,0.0001082227324,0.002622409124,0.005,3.971371586e-07,2.878670165e-09,72.77849046,1.112589173,0.001586881978,0.9964296948,1.001226803
S1,100,1,COMPLETED,0.002617501,0.05040113373,1.368155387e-05,4.184574933e-05,0.0001492868497,0.002630567979,0.005,4.402439485e-07,3.8129943e-08,72.78282008,1.399339396,0.00156835516,0.9963463806,1.001152526
S1,100,1,COMPLETED,0.002780416,0.0502887361,9.451805553e-06,2.76922456e-05,0.0001678877279,0.002638730098,0.005,4.272118553e-07,1.207511756e-08,72.78245053,1.626207274,0.001542115711,0.9967326256,1.001114334
S1,100,1,COMPLETED,0.002943331,0.05013675077,6.26998098e-06,1.804065327e-05,0.000165332573,0.002646887862,0.005,4.33397796e-07,5.776549077e-09,72.77878697,1.69434346,0.001547528181,0.9967007686,1.001113531
S1,100,1,COMPLETED,0.003106246,0.05018316676,6.43339063e-06,2.266140105e-05,0.0001697184963,0.002655015982,0.005,4.762050435e-07,5.120301032e-08,72.77814049,1.626692672,0.00154663261,0.9965832975,1.001131957
S1,100,1,COMPLETED,0.003269161,0.05026742919,9.587590411e-06,3.39729158e-05,0.0001601540849,0.002663172786,0.005,4.386331478e-07,2.558727811e-08,72.77978154,1.41148033,0.001571887892,0.9964302713,1.001165581
S1,100,1,COMPLETED,0.003432076,0.05037786832,1.290339402e-05,4.317785879e-05,0.000143467819,0.002671338619,0.005,4.940542259e-07,4.87667517e-08,72.77632511,1.119279017,0.001606135405,0.9962550009,1.001238802
S1,100,1,COMPLETED,0.003594991,0.05036761865,1.480866939e-05,4.817422752e-05,9.223357091e-05,0.002679496658,0.005,4.472203821e-07,2.307311772e-08,72.7727339,0.8567295127,0.001650364635,0.9960643092,1.001367016
S1,100,1,COMPLETED,0.003757906,0.05032384717,1.512760828e-05,4.797099882e-05,5.179406447e-05,0.002687650176,0.005,4.611932354e-07,6.124963895e-08,72.77101825,0.7785217367,0.001661803636,0.9958611847,1.001467105
S1,100,1,COMPLETED,0.003920821,0.05058485068,1.365197964e-05,4.2728504e-05,1.848382191e-05,0.002695715501,0.005,5.027570345e-07,1.270159937e-08,72.77118687,0.99592879,0.0017187398,0.9956550198,1.002155852
S1,100,1,COMPLETED,0.004083736,0.05070094108,1.07436156e-05,3.334661555e-05,1.604445664e-05,0.002703751151,0.005,5.056337349e-07,1.400002154e-08,72.77083457,1.152985909,0.001722480013,0.9962360422,1.002204708
S1,100,1,COMPLETED,0.004246651,0.05022359627,6.859875215e-06,1.99341661e-05,4.933437909e-05,0.002711814225,0.005,4.601305234e-07,6.497873282e-08,72.77334758,1.334139621,0.001751143629,0.9960748932,1.002230162
S1,100,1,COMPLETED,0.004409566,0.05010143274,3.78043507e-06,1.23329063e-05,8.843097136e-05,0.00271995863,0.005,4.478282409e-07,4.296804973e-08,72.77424534,1.377069523,0.001763957912,0.9959280227,1.002194525
S1,100,1,COMPLETED,0.004572481,0.05012717347,4.769007446e-06,1.883920845e-05,0.0001394395829,0.00272811926,0.005,4.860602428e-07,2.884378374e-08,72.77513871,1.348890496,0.001758576797,0.9957940826,1.002133093
S1,100,1,COMPLETED,0.004735396,0.05019808615,8.363507612e-06,2.968562086e-05,0.0001555303741,0.00273628558,0.005,4.661974631e-07,4.514795018e-09,72.77922756,1.205152522,0.001722832565,0.9960498388,1.002010834
S1,100,1,COMPLETED,0.004898311,0.05026479388,1.130505195e-05,3.826072047e-05,0.0001689921573,0.002744441915,0.005,4.905446851e-07,2.306145399e-08,72.77735151,0.9902477376,0.001712964014,0.9960148395,1.001847724
S1,100,1,COMPLETED,0.005061226,0.05035020892,1.323229326e-05,4.341236215e-05,0.0001636631463,0.002752573072,0.005,4.876341394e-07,3.468234442e-08,72.77807805,0.8220004389,0.001685875805,0.9959926357,1.001675212
S1,100,1,COMPLETED,0.005224141,0.05038565175,1.347967438e-05,4.314827482e-05,0.0001687566142,0.002760730507,0.005,4.904749171e-07,3.255353489e-08,72.78234361,0.7853562173,0.001677560254,0.9959759005,1.001481477
S1,100,1,COMPLETED,0.005387056,0.05036965058,1.229077413e-05,3.838613084e-05,0.0001502119128,0.002768892004,0.005,5.646494027e-07,6.100224582e-08,72.78268859,0.9162349672,0.001669339529,0.9959570128,1.001307194
S1,100,1,COMPLETED,0.005549971,0.05030994116,9.938021329e-06,3.002807242e-05,0.0001139135199,0.002777052474,0.005,5.611388153e-07,1.853066827e-08,72.77524855,1.111698391,0.001676535424,0.995928077,1.001360476
S1,100,1,COMPLETED,0.005712886,0.05021456147,7.093782062e-06,2.039000502e-05,6.196786482e-05,0.002785221798,0.005,5.456017324e-07,6.220789304e-08,72.78144247,1.254112442,0.001728495981,0.9958789858,1.003417319
S1,100,1,COMPLETED,0.005875801,0.05009599203,4.701747715e-06,1.341122757e-05,2.893711096e-05,0.002793296719,0.005,5.738724303e-07,1.854516395e-08,72.7746337,1.326395845,0.001726538927,0.9958022261,1.003563936
S1,100,1,COMPLETED,0.006038716,0.05085722753,4.9024362e-06,2.334390424e-05,5.402791005e-06,0.0028013458,0.005,5.849601664e-07,6.125664229e-09,72.77842646,1.317047709,0.00187759403,0.9956972333,1.005346071
S1,100,1,COMPLETED,0.006201631,0.05047351972,6.770997354e-06,2.505992864e-05,4.365884359e-05,0.002809401534,0.005,5.486484957e-07,4.503585763e-08,72.77076997,1.223448903,0.001828130377,0.9958993769,1.005636011
S1,100,1,COMPLETED,0.006364546,0.05042451517,9.327047628e-06,3.248433109e-05,7.8646669e-05,0.002817513089,0.005,5.29609392e-07,7.768740262e-08,72.77461801,1.051232602,0.001888570922,0.9957302333,1.005927755
S1,100,1,COMPLETED,0.006527461,0.05048505211,1.090993394e-05,3.657516553e-05,0.0001325033061,0.002825682478,0.005,5.57377004e-07,1.342520307e-08,72.77306634,0.9219129903,0.00191544696,0.9955416921,1.006246136
S1,100,1,COMPLETED,0.006690376,0.05052426187,1.134589984e-05,3.720019675e-05,0.00015241273,0.002833851731,0.005,5.67520756e-07,1.67711946e-08,72.77701885,0.8677667203,0.001984881729,0.9953450854,1.006600355
S1,100,1,COMPLETED,0.006853291,0.05047404841,1.049372312e-05,3.375820909e-05,0.0001762394185,0.002842010309,0.005,5.796897566e-07,1.695348175e-08,72.77233809,0.9324312068,0.001989801894,0.9959397632,1.006940304
S1,100,1,COMPLETED,0.007016206,0.05040384448,8.653181139e-06,2.747694583e-05,0.0001728182809,0.002850157942,0.005,5.548494172e-07,5.452315256e-09,72.76735693,1.056870319,0.002008723093,0.9957790042,1.007273096
S1,100,1,COMPLETED,0.007179121,0.05031678173,6.289774832e-06,1.974208185e-05,0.0001811892197,0.002858308289,0.005,6.230319161e-07,8.459963628e-08,72.77105466,1.237383212,0.002063354613,0.9956357917,1.007598372
S1,100,1,COMPLETED,0.007342036,0.05019420713,4.358179069e-06,1.399780084e-05,0.0001621405759,0.00286646944,0.005,6.319110226e-07,8.159684937e-08,72.77606806,1.329237495,0.002111682407,0.9955120164,1.007908555
S1,100,1,COMPLETED,0.007504951,0.05011996253,4.475990685e-06,1.539658782e-05,0.0001463769342,0.002874641492,0.005,6.664164961e-07,7.137312916e-08,72.76586579,1.382453766,0.002140808467,0.9954085415,1.00817837
S1,100,1,COMPLETED,0.007667866,0.05021425703,6.894614137e-06,2.398640797e-05,9.92527266e-05,0.00288281697,0.005,6.208602269e-07,2.228213928e-08,72.77029671,1.512767299,0.002182727211,0.995326773,1.008382141
S1,100,1,COMPLETED,0.007830781,0.0503035679,9.638078121e-06,3.220412067e-05,7.166145652e-05,0.002890927939,0.005,6.540690961e-07,1.07961703e-08,72.76821608,1.475592975,0.002168254051,0.9952632415,1.008527435
S1,100,1,COMPLETED,0.007993696,0.0503564883,1.165072163e-05,3.839690689e-05,4.39936343e-05,0.002898991516,0.005,6.722760019e-07,4.476572412e-08,72.77298062,2.658916474,0.002379766293,0.9920681501,1.008665835
S1,100,1,COMPLETED,0.008156611,0.05034359152,1.189602493e-05,3.749624505e-05,6.678955329e-05,0.002907035819,0.005,6.459438148e-07,2.782621897e-08,72.77141628,2.749049014,0.002299249618,0.9920356578,1.008768412
S1,100,1,COMPLETED,0.008319526,0.05023650162,1.150857495e-05,3.642189076e-05,9.405398867e-05,0.002915109322,0.005,5.954602479e-07,1.541101715e-08,72.77622701,3.053276037,0.002362382869,0.9920380547,1.008828169
S1,100,1,COMPLETED,0.008482441,0.0501590076,1.022649977e-05,3.325949884e-05,0.0001441079761,0.002923276041,0.005,6.257619841e-07,7.121043179e-08,72.76770416,3.169173628,0.002350922945,0.9921171147,1.008803284
S1,100,1,COMPLETED,0.008645356,0.05017435445,8.659534159e-06,3.01168299e-05,0.0001740129028,0.002931432249,0.005,6.597504407e-07,1.080480637e-07,72.77335212,3.244469588,0.002375802827,0.9922790021,1.008686619
S1,100,1,COMPLETED,0.008808271,0.0502761181,7.846737963e-06,3.003714819e-05,0.000187441038,0.002939586385,0.005,6.70214646e-07,9.970191428e-08,72.77186673,3.27160279,0.002369065826,0.9925198279,1.008469663
S1,100,1,COMPLETED,0.008971186,0.05035229676,8.446140921e-06,3.270836502e-05,0.0001752060243,0.002947733263,0.005,6.677595608e-07,6.891355216e-08,72.76789126,3.288960857,0.002355980705,0.9928191344,1.008144431
S1,100,1,COMPLETED,0.009134101,0.05039872051,1.016154561e-05,3.62613746e-05,0.0001731333846,0.00295585772,0.005,7.261324519e-07,1.29662821e-07,72.76423297,4.532329475,0.002660192188,0.9886868128,1.007735396
S1,100,1,COMPLETED,0.009297016,0.05041188188,1.189511382e-05,3.878412991e-05,0.000151308596,0.002964006159,0.005,7.041502523e-07,7.847561825e-08,72.76417415,4.814263515,0.002736495114,0.988239482,1.007342738
S1,100,1,COMPLETED,0.009459931,0.05037451225,1.283544777e-05,4.021471892e-05,0.0001241548165,0.002972160365,0.005,7.711657792e-07,6.235116114e-08,72.75742532,5.330435032,0.002823902364,0.987892237,1.007060889
S1,100,1,COMPLETED,0.009622846,0.05079840256,1.338254111e-05,4.425512894e-05,5.6520327e-05,0.002980304183,0.005,7.487498513e-07,5.066164552e-08,72.75285448,5.707033383,0.003304140644,0.984246045,1.007121267
S1,100,1,COMPLETED,0.009785761,0.05124731876,1.410108945e-05,5.342169473e-05,5.585291492e-06,0.002988432088,0.005,7.88167941e-07,1.007994383e-07,72.7502467,5.95943416,0.003380009934,0.9830043002,1.007526319
S1,100,1,COMPLETED,0.009948676,0.05080578642,1.314720181e-05,4.697842778e-05,6.239737662e-05,0.002996460927,0.005,8.205916732e-07,9.211255696e-08,72.7507067,7.930996222,0.0036124106,0.9819601136,1.008031912
S1,100,1,COMPLETED,0.010111591,0.05107359999,1.166203246e-05,4.142196997e-05,8.242940916e-05,0.003004471837,0.004999999999,8.322355536e-07,1.323533205e-07,72.75184196,7.918498157,0.003720869072,0.9808326192,1.008386396
S1,100,1,COMPLETED,0.010274506,0.05117592407,1.157768781e-05,4.220396221e-05,5.564288767e-05,0.003012526096,0.004999999999,8.205747766e-07,2.230702627e-07,72.74772876,8.235993952,0.003920105745,0.9796267346,1.008647903
S1,100,1,COMPLETED,0.010437421,0.05131730653,1.426206838e-05,5.542712431e-05,2.301318704e-05,0.003020668573,0.004999999999,8.550309042e-07,2.223602058e-07,72.74807568,8.689525272,0.00440798759,0.9787391606,1.008937689
S1,100,1,COMPLETED,0.010600336,0.05168416682,1.800262883e-05,6.911099497e-05,2.091075717e-05,0.003028813091,0.004999999999,8.984292646e-07,2.078374376e-07,72.74905631,8.925292858,0.004584291669,0.9779564411,1.009357469
S1,100,1,COMPLETED,0.010763251,0.05211048783,2.338163012e-05,9.225383382e-05,2.826062929e-05,0.003036961669,0.004999999999,9.625974124e-07,2.831278969e-07,72.75066522,9.119810266,0.004764142987,0.9772561378,1.010442389
S1,100,1,COMPLETED,0.010926166,0.05249216802,2.853919396e-05,0.0001131097473,2.130212388e-05,0.003045097256,0.004999999999,9.942921064e-07,3.232419114e-07,72.74890806,9.434477849,0.004971848489,0.9767844527,1.01198173
S1,100,1,COMPLETED,0.011089081,0.05271241578,3.17577876e-05,0.0001190288682,3.954628124e-06,0.003053195645,0.004999999999,1.025304175e-06,1.751101962e-07,72.75136744,10.29199543,0.005226042854,0.9764490903,1.013637774
S1,100,1,COMPLETED,0.011251996,0.05259492603,3.444426035e-05,0.0001257115453,2.052144224e-05,0.003061327713,0.004999999999,9.995062916e-07,2.025000821e-07,72.75828786,10.72579851,0.005471901796,0.9760493622,1.015510696
S1,100,1,COMPLETED,0.011414911,0.05237448088,3.655543426e-05,0.000131691874,5.455158975e-05,0.003069466881,0.004999999999,1.07167576e-06,1.571644749e-07,72.76452861,11.81007785,0.005886077536,0.9754394093,1.017542928
S1,100,1,COMPLETED,0.011577826,0.05185991541,3.704626426e-05,0.0001283948408,0.0001089580563,0.003077604011,0.004999999999,1.082949501e-06,2.103576301e-07,72.7685238,12.34682956,0.006135861102,0.9751284185,1.019456679
S1,100,1,COMPLETED,0.011740741,0.05206331854,3.823936328e-05,0.0001332220417,0.0001858916833,0.003085733602,0.004999999999,1.108907146e-06,2.860831493e-07,72.78333009,13.74452277,0.006598778182,0.9748604085,1.021164859
S1,100,1,COMPLETED,0.011903656,0.05269537004,4.130021712e-05,0.000146384983,0.0002146446855,0.003093803453,0.004999999999,1.131209506e-06,2.583898137e-07,72.78888936,13.91287001,0.006685267396,0.9745025766,1.023064898
S1,100,1,COMPLETED,0.012066571,0.0521018251,4.352664759e-05,0.0001448738721,0.0002490300447,0.003101832481,0.004999999999,1.155975187e-06,2.724289751e-07,72.78447201,12.9432745,0.007672487279,0.9746300258,1.034087432
S1,100,1,COMPLETED,0.012229486,0.05241102522,4.509126308e-05,0.0001444943128,0.0001931483682,0.003109901369,0.004999999999,1.17984599e-06,3.420209646e-07,72.78436367,13.5366007,0.007681438154,0.9749249743,1.03138699
S1,100,1,COMPLETED,0.012392401,0.05199532458,4.44863193e-05,0.0001311312272,0.0001460736685,0.003118027646,0.004999999999,1.247892626e-06,3.957154296e-07,72.79384125,17.47473765,0.007843651426,0.9739347513,1.028368822
S1,100,1,COMPLETED,0.012555316,0.05173543757,4.334390111e-05,0.0001174014896,7.795695871e-05,0.003126202401,0.004999999999,1.255566006e-06,3.312908528e-07,72.79967039,17.91321641,0.007905661497,0.9724165256,1.02861367
S1,100,1,COMPLETED,0.012718231,0.05127302263,4.023004274e-05,0.0001002351607,4.075665678e-05,0.003134386841,0.004999999999,1.306026715e-06,3.317288344e-07,72.81527982,18.09444545,0.007997422158,0.970827019,1.029332909
S1,100,1,COMPLETED,0.012881146,0.05076176371,3.71735197e-05,9.035314168e-05,9.227956561e-06,0.003142567298,0.004999999999,1.360061957e-06,3.665726762e-07,72.8274621,18.33454091,0.008072166028,0.9692703611,1.029862802
S1,100,1,COMPLETED,0.013044061,0.0506162312,3.664251447e-05,8.431977264e-05,4.004598589e-05,0.003150743063,0.004999999999,1.271146056e-06,1.978401146e-07,72.83293212,18.64242184,0.008164321684,0.9677572101,1.030341543
S1,100,1,COMPLETED,0.013206976,0.05066743666,3.694877004e-05,8.835847971e-05,4.803449903e-05,0.003158899386,0.004999999999,1.261356783e-06,1.785618426e-08,72.85540437,21.10744495,0.009812713536,0.9662416822,1.050966689
S1,100,1,COMPLETED,0.013369891,0.05087193317,3.948245852e-05,0.0001184404574,3.68419512e-05,0.003167074455,0.004999999999,1.243969112e-06,9.909253241e-08,72.87457359,22.04507791,0.009812735083,0.9648107484,1.04776067
S1,100,1,COMPLETED,0.013532806,0.05108134132,4.414056361e-05,0.0001725527068,5.182339744e-05,0.003175287177,0.004999999999,1.240081441e-06,1.489797436e-07,72.88452847,23.17071155,0.009818111722,0.9635784677,1.044221127
S1,100,1,COMPLETED,0.013695721,0.05114232858,4.917358822e-05,0.0002107620433,2.974559109e-05,0.003183501063,0.004999999999,1.198527987e-06,1.194260973e-07,72.89431751,22.32998593,0.01216252309,0.9624122799,1.071354957
S1,100,1,COMPLETED,0.013858636,0.05122592368,5.731783907e-05,0.000251651826,3.929055619e-05,0.003191654137,0.004999999999,1.18520893e-06,2.22228575e-07,72.90187166,22.52414661,0.01196307233,0.9611897686,1.069050214
S1,100,1,COMPLETED,0.014021551,0.05129642235,6.162514818e-05,0.0002562328118,0.0001188133946,0.003199838332,0.004999999999,1.137998e-06,3.430873838e-07,72.91989162,23.555779,0.01325683905,0.9597301721,1.069714409
S1,100,1,COMPLETED,0.014184466,0.05115863614,6.527420912e-05,0.0002595640111,0.0001844814807,0.003207945244,0.004999999999,1.085361849e-06,4.041147409e-07,72.93964958,23.92329792,0.01314286833,0.9584496614,1.068555064
S1,100,1,COMPLETED,0.014347381,0.05117847838,7.274767517e-05,0.0002838827529,0.0002608526352,0.003216106708,0.004999999999,1.042411727e-06,4.352253014e-07,72.9708251,36.57913486,0.0142815785,0.9574073016,1.066709255
S1,100,1,COMPLETED,0.014510296,0.0512701322,8.265904271e-05,0.0003154363816,0.0003249047066,0.003224332198,0.004999999999,1.039670492e-06,6.322340948e-07,72.98273839,37.64514236,0.01413863145,0.9566521416,1.064222435
S1,100,1,COMPLETED,0.014673211,0.05144052803,9.569856223e-05,0.0003575670422,0.0003845998543,0.003232572835,0.004999999999,1.074742474e-06,7.807664793e-07,72.99830383,38.30298268,0.01403135255,0.9547079412,1.061121706
S1,100,1,COMPLETED,0.014836126,0.0518149717,0.0001104129509,0.0004034574035,0.0004581077971,0.003240841473,0.004999999999,1.151798173e-06,9.065408966e-07,73.00430588,38.66230076,0.01396114527,0.951308738,1.057529096
S1,100,1,COMPLETED,0.014999041,0.05195526085,0.0001242450388,0.0004373472754,0.0005350813153,0.003249140369,0.004999999999,1.040906059e-06,8.767067397e-07,72.99568234,38.83155927,0.01395294618,0.9477829573,1.053231825
S1,100,1,COMPLETED,0.015161956,0.05201562468,0.0001356076995,0.0004543516486,0.0006310025703,0.003257437414,0.004999999998,1.079051677e-06,1.004798577e-06,72.99254745,41.79346308,0.01744808424,0.9439390819,1.102618651
S1,100,1,COMPLETED,0.015324871,0.05207058849,0.0001472795962,0.0004813194729,0.0006779305693,0.003265732769,0.004999999998,1.02304886e-06,1.02200351e-06,72.98975986,44.74579019,0.01773291789,0.939969512,1.100929297
S1,100,1,COMPLETED,0.015487786,0.05186677425,0.0001595914217,0.0005136607399,0.0007058616329,0.003274027296,0.004999999998,1.043651088e-06,1.060540721e-06,72.97249195,43.93463352,0.01778050931,0.9364461015,1.099097704
S1,100,1,COMPLETED,0.015650701,0.0515310332,0.0001757127194,0.0005540141207,0.0007562658134,0.003282383237,0.004999999998,9.721096613e-07,9.98969294e-07,72.95789491,43.14792434,0.01863122442,0.933358125,1.097292585
S1,100,1,COMPLETED,0.015813616,0.05265361838,0.0001939571339,0.0005912446124,0.0007762110572,0.003290654927,0.004999999998,1.028269399e-06,1.085169957e-06,72.96638524,43.87243279,0.01872203016,0.9296760067,1.095078091
S1,100,1,COMPLETED,0.015976531,0.0514759296,0.0002066303486,0.0005820864894,0.0008465628047,0.003298904469,0.004999999998,1.183777145e-06,1.233282694e-06,73.0024876,39.40641012,0.02010861832,0.9263722612,1.092426011
S1,100,1,COMPLETED,0.016139446,0.05141050084,0.0002152704735,0.0005664212028,0.0008955322259,0.003307083464,0.004999999998,1.303773295e-06,1.317541605e-06,73.01395439,40.10125609,0.02031215492,0.9244585982,1.088560181
S1,100,1,COMPLETED,0.016302361,0.05162116097,0.0002174990228,0.0005348929328,0.0009777150729,0.003315323207,0.004999999998,1.370332149e-06,1.347796481e-06,73.01648917,46.72437287,0.02328253287,0.9232057486,1.102718933
S1,100,1,COMPLETED,0.016465276,0.05206422852,0.0002211520762,0.0005250207213,0.001047081997,0.003323648243,0.004999999998,1.547219311e-06,1.47482128e-06,73.00536375,48.09218352,0.02347657513,0.9229546248,1.10236893
S1,100,1,COMPLETED,0.016628191,0.05239021831,0.0002181627701,0.0004795486948,0.001102034625,0.00333196765,0.004999999998,1.624677863e-06,1.512212503e-06,72.99000212,50.62098988,0.02356816193,0.9235576847,1.101564279
S1,100,1,COMPLETED,0.016791106,0.05232940688,0.0002138919418,0.0004403126582,0.001138897617,0.003340300743,0.004999999998,1.739184564e-06,1.529730586e-06,72.98027476,53.2034782,0.02347757467,0.9238546307,1.099323471
S1,100,1,COMPLETED,0.016954021,0.05292794777,0.0002180157324,0.000438800276,0.001165506309,0.003348651939,0.004999999998,1.522980402e-06,1.271626311e-06,72.94963231,79.37623384,0.02451914939,0.9225855277,1.094788057
S1,100,1,COMPLETED,0.017116936,0.05425866077,0.000220205687,0.0004368858672,0.001293757363,0.00335706708,0.004999999998,1.580869897e-06,1.176699416e-06,72.91425935,77.60220156,0.0245454279,0.9217972357,1.088688571
S1,100,1,COMPLETED,0.017279851,0.05373963334,0.0002240695721,0.0004628824962,0.001375041722,0.003365483562,0.004999999998,1.638850553e-06,1.087552358e-06,72.87788306,84.57732074,0.02544276228,0.9215918973,1.090014013
S1,100,1,COMPLETED,0.017442766,0.05575727171,0.0002291108923,0.0004778108961,0.001395218416,0.003373855645,0.004999999998,1.73268779e-06,1.046503777e-06,72.85118456,85.06831727,0.0252124094,0.9225135546,1.094889913
S1,100,1,COMPLETED,0.017605681,0.05683632987,0.0002415173344,0.0005051498142,0.001429510195,0.003382277797,0.004999999998,1.820976473e-06,9.104140312e-07,72.83732115,88.22929651,0.02476997533,0.9237599099,1.099622006
S1,100,1,COMPLETED,0.017768596,0.0570913296,0.0002617546092,0.000568326665,0.001438461765,0.003390625183,0.004999999998,2.039115923e-06,9.157448356e-07,72.85639376,82.21464616,0.02414133611,0.9191100852,1.102296219
S1,100,1,COMPLETED,0.017931511,0.05412589245,0.0002771575744,0.0006068894346,0.001454875976,0.003398892973,0.004999999998,2.271430245e-06,9.254576999e-07,72.86725109,74.90052893,0.02248349781,0.914067615,1.102710486
S1,100,1,COMPLETED,0.018094426,0.05434303643,0.0002718323882,0.0005513827909,0.0014814779,0.003407128969,0.004999999998,2.447008585e-06,8.747157347e-07,72.86402585,66.91788091,0.02231729442,0.9088593129,1.101801031
S1,100,1,COMPLETED,0.018257341,0.05467913013,0.0002670666379,0.0005207350443,0.001540569721,0.00341540264,0.004999999998,2.62647292e-06,7.940479841e-07,72.85759844,62.80697222,0.02496727756,0.9052348807,1.104779465
S1,100,1,COMPLETED,0.018420256,0.05933586341,0.0002808570357,0.0005894867046,0.001636773782,0.003423802308,0.004999999998,2.745538671e-06,7.747063929e-07,72.78090447,57.42006447,0.02509393768,0.9046132011,1.107557019
S1,100,1,COMPLETED,0.018583171,0.06255372272,0.0003057034783,0.0007341566243,0.001710617768,0.003432190755,0.004999999998,2.826124473e-06,7.112200168e-07,72.72815008,48.67377041,0.02529063059,0.9073981817,1.112383573
S1,100,1,COMPLETED,0.018746086,0.06122753,0.0003132720126,0.0007176672555,0.001755140511,0.003440566037,0.004999999997,3.079416374e-06,7.793170275e-07,72.6636282,47.10923124,0.02545374861,0.9122694062,1.117447932
S1,100,1,COMPLETED,0.018909001,0.05859104542,0.0002994401518,0.000618281225,0.001746971511,0.00344890451,0.004999999997,3.034903405e-06,3.94600672e-07,72.6757116,73.52153017,0.02549082153,0.9150268864,1.119793597
S1,100,1,COMPLETED,0.019071916,0.06043086683,0.000311122126,0.0007031154122,0.001843033919,0.003457308058,0.004999999997,3.146048363e-06,1.314743171e-07,72.68540284,64.38623701,0.0253383727,0.9144056433,1.119590445
S1,100,1,COMPLETED,0.019234831,0.06002770542,0.000323727909,0.0007210758397,0.001895663388,0.003465708214,0.004999999997,3.273211077e-06,9.151349228e-09,72.66828325,68.85288748,0.02680877051,0.9144690475,1.118742391
S1,100,1,COMPLETED,0.019397746,0.05994260958,0.0003179335888,0.000649309998,0.001920604008,0.003474091009,0.004999999997,3.375375256e-06,7.770800482e-08,72.67535945,68.46877133,0.02678649976,0.917124353,1.118501639
S1,100,1,COMPLETED,0.019560661,0.05977051841,0.0003130100206,0.0006238822989,0.001923375974,0.003482478664,0.004999999997,3.520393493e-06,2.575250325e-07,72.68744855,84.47813747,0.02557594332,0.9251429043,1.117768559
S1,100,1,COMPLETED,0.019723576,0.05849868906,0.0003059395279,0.000601128348,0.001890792612,0.003490763874,0.004999999997,3.694765009e-06,2.848381591e-07,72.67881916,77.40466305,0.02532828594,0.9232672879,1.116414244
S1,100,1,COMPLETED,0.019886491,0.05811993726,0.0002992024368,0.0006018335328,0.001863020887,0.003498970582,0.004999999997,3.873596821e-06,3.050285865e-07,72.67198403,70.44857502,0.023776073,0.9489230672,1.115272469
S1,100,1,COMPLETED,0.020049406,0.05668466057,0.0002902372405,0.0005701648481,0.001881684751,0.003507168736,0.004999999997,4.047822412e-06,3.386476931e-07,72.65713959,61.30551871,0.0237033083,0.948660091,1.112262726
S1,100,1,COMPLETED,0.020212321,0.05706477126,0.0002947422624,0.0005869896108,0.001935959122,0.003515406281,0.004999999997,4.235658553e-06,3.526082775e-07,72.64809178,88.55927155,0.02541507185,0.9446531503,1.107502854
S1,100,1,COMPLETED,0.020375236,0.06002998338,0.0002992165246,0.0006215157724,0.002048203209,0.003523763766,0.004999999997,4.306703233e-06,3.215837843e-07,72.58712654,84.2771657,0.02611982342,0.9419664377,1.102054206
S1,100,1,COMPLETED,0.020538151,0.06215058811,0.0003107133366,0.0007063132833,0.002131121606,0.003532094776,0.004999999997,4.345472121e-06,3.298025646e-07,72.52272545,80.67553604,0.02684484056,0.9427052964,1.109825862
S1,100,1,COMPLETED,0.020701066,0.06035522427,0.0003071008474,0.0006784722094,0.002173718974,0.003540389741,0.004999999997,4.484362179e-06,2.525483824e-07,72.46718977,78.64504764,0.0275572491,0.9453707134,1.123926274
S1,100,1,COMPLETED,0.020863981,0.05583583624,0.0002801759734,0.000558386836,0.002142191536,0.003548613515,0.004999999997,4.481540746e-06,6.351074283e-07,72.50813359,76.89020283,0.02788256812,0.9474326185,1.134220503
S1,100,1,COMPLETED,0.021026896,0.05694434283,0.0002693285789,0.0006176864036,0.002206153609,0.003556892486,0.004999999997,4.61266494e-06,9.828854984e-07,72.50776809,70.2747083,0.02796464257,0.9478030931,1.140604663
S1,100,1,COMPLETED,0.021189811,0.05615490357,0.0002565731899,0.0005942145639,0.002271606452,0.003565202852,0.004999999997,4.711708133e-06,1.034150184e-06,72.52023772,67.21953758,0.02994483094,0.94719263,1.144291426
S1,100,1,COMPLETED,0.021352726,0.05672363046,0.0002419176784,0.000529676137,0.002298048681,0.003573489503,0.004999999997,4.774026903e-06,1.049112683e-06,72.49063652,66.31575184,0.03023491669,0.9475741845,1.147131347
S1,100,1,COMPLETED,0.021515641,0.05784969534,0.0002482105978,0.0005777666087,0.002275140547,0.003581741719,0.004999999997,4.903070128e-06,1.122558797e-06,72.51556697,64.24933705,0.03040186432,0.9537482982,1.149685146
S1,100,1,COMPLETED,0.021678556,0.06216105358,0.0002673839034,0.0007048945268,0.002253825942,0.003589935943,0.004999999997,4.929157239e-06,1.112567339e-06,72.46167768,64.08633016,0.03060066945,0.9538359901,1.152146988
S1,100,1,COMPLETED,0.021841471,0.06197300018,0.0002804539313,0.0007787808011,0.002193242259,0.003598000431,0.004999999997,4.951708835e-06,1.089003147e-06,72.43223669,60.89683671,0.03108252133,0.9541322539,1.155406546
S1,100,1,COMPLETED,0.022004386,0.05720644188,0.0002691263362,0.00071542968,0.002184186535,0.003606053173,0.004999999997,4.974848632e-06,1.067856543e-06,72.38997546,59.55343195,0.03133229928,0.9547493789,1.157229581
S1,100,1,COMPLETED,0.022167301,0.05879156498,0.0002643444514,0.0007057802277,0.002206227548,0.003614100295,0.004999999996,5.007518323e-06,1.045249593e-06,72.3791245,104.9965862,0.03209108814,0.9548576294,1.158078024
S1,100,1,COMPLETED,0.022330216,0.06181256093,0.0002742729572,0.0007715266569,0.002325418039,0.003622303343,0.004999999996,5.031978438e-06,8.809888087e-07,72.37643764,105.5773579,0.03271521345,0.9552413672,1.158668474
S1,100,1,COMPLETED,0.022493131,0.06218709931,0.0002830756377,0.0008173441292,0.002416584356,0.003630464561,0.004999999996,5.017186801e-06,7.766534509e-07,72.3746747,108.4675044,0.03341975275,0.9566548112,1.158053911
S1,100,1,COMPLETED,0.022656046,0.06193547136,0.0002979639103,0.0008744786588,0.002450880999,0.003638585042,0.004999999996,5.005353391e-06,6.880419325e-07,72.38173334,110.6296795,0.03423879514,0.9585843125,1.155907554
S1,100,1,COMPLETED,0.022818961,0.06193860509,0.0003038934116,0.0009005919841,0.002412784862,0.003646634012,0.004999999996,4.802395714e-06,1.101973856e-06,72.40273674,107.4763695,0.03503210633,0.9605676196,1.157281843
S1,100,1,COMPLETED,0.022981876,0.0632417849,0.0002974983875,0.0008798646296,0.002366135311,0.003654620711,0.004999999996,4.728986902e-06,1.444241826e-06,72.45115262,113.1363608,0.03641077791,0.9196059611,1.155942963
S1,100,1,COMPLETED,0.023144791,0.06422606027,0.0002981468903,0.0008993228461,0.002356571671,0.003662667235,0.004999999996,4.658301947e-06,1.508898672e-06,72.4756534,116.1303419,0.03781596734,0.9357577595,1.151880215
S1,100,1,COMPLETED,0.023307706,0.0659475006,0.0003105473661,0.0009531318864,0.002365062389,0.003670747142,0.004999999996,4.538464568e-06,1.461001071e-06,72.49684786,104.0851507,0.03842216405,0.9544433541,1.146059249
S1,100,1,COMPLETED,0.023470621,0.06424047773,0.0003262251233,0.0009909015799,0.002337936871,0.003678787419,0.004999999996,4.472204775e-06,1.474352391e-06,72.52429196,92.89732756,0.0396967521,0.9232458999,1.138263408
S1,100,1,COMPLETED,0.023633536,0.06076076541,0.0003361554617,0.001010122972,0.002330350172,0.00368683183,0.004999999996,4.376556099e-06,1.435648769e-06,72.49701098,75.1719062,0.04019125294,0.9370073775,1.152013153
S1,100,1,COMPLETED,0.023796451,0.0636561271,0.0003548010532,0.001047701943,0.002298143463,0.003694744124,0.004999999996,4.245039278e-06,1.366640304e-06,72.44736835,66.18007114,0.04149955357,0.9515569707,1.166545229
S1,100,1,COMPLETED,0.023959366,0.06300002011,0.0003563837025,0.0009851721591,0.002281087615,0.003702606878,0.004999999996,4.116839797e-06,1.307834463e-06,72.38332445,67.6753577,0.04212399376,0.9573191142,1.177518442
S1,100,1,COMPLETED,0.024122281,0.05930197678,0.0003322732162,0.0008500294538,0.002320929623,0.003710472455,0.004999999996,4.006517345e-06,1.273123064e-06,72.34761543,72.1115775,0.04288911807,0.955786498,1.185764959
S1,100,1,COMPLETED,0.024285196,0.06000082045,0.0003411225906,0.0008908852813,0.002400236654,0.003718409166,0.004999999996,3.875645142e-06,1.212057703e-06,72.31890127,82.69549368,0.04338623573,0.9547104721,1.192342923
S1,100,1,COMPLETED,0.024448111,0.06619847683,0.0003651876292,0.001024504532,0.00250687106,0.003726376004,0.004999999996,3.789721223e-06,1.004426971e-06,72.3599179,73.65182704,0.04399375934,0.9532208205,1.198177824
S1,100,1,COMPLETED,0.024611026,0.06270066029,0.0003673788962,0.0009724787291,0.002562699568,0.003734307628,0.004999999996,3.632821699e-06,9.225019025e-07,72.35220668,76.0064408,0.04450709984,0.9516929618,1.201966229
S1,100,1,COMPLETED,0.024773941,0.05738178626,0.0003658240865,0.0008877883837,0.002575225912,0.003742171376,0.004999999996,3.478052975e-06,8.374787711e-07,72.34943325,74.77696765,0.04511667494,0.9509358291,1.204073425
S1,100,1,COMPLETED,0.024936856,0.05616296478,0.0003800302748,0.0009091197625,0.002523167216,0.003749966469,0.004999999996,3.257593173e-06,1.038399091e-06,72.35823246,65.96962406,0.04580583368,0.9510396687,1.20637378
S1,100,1,COMPLETED,0.025099771,0.05638722278,0.0003939876061,0.000928898637,0.00247847799,0.003757741288,0.004999999996,3.057492341e-06,1.179479771e-06,72.36572295,60.57728851,0.04713968627,0.919353779,1.208391947
S1,100,1,COMPLETED,0.025262686,0.05778986751,0.0004126239521,0.000973859804,0.002427081874,0.003765528675,0.004999999996,2.853492232e-06,1.198244524e-06,72.34182555,131.5101935,0.0475696492,0.9369542997,1.208438683
S1,100,1,COMPLETED,0.025425601,0.05956120906,0.000419908553,0.0009657337199,0.002408851163,0.003773340665,0.004999999996,2.650177936e-06,1.167091126e-06,72.31489034,131.2075201,0.04789775933,0.9490476274,1.208358955
S1,100,1,COMPLETED,0.025588516,0.05743223599,0.0004216148106,0.0009345722437,0.002358707103,0.003781116394,0.004999999996,2.477793091e-06,1.205790862e-06,72.32439835,126.7070626,0.0487604717,0.9346328307,1.206236737
S1,100,1,COMPLETED,0.025751431,0.05656803492,0.0004365212453,0.0009541172926,0.002306476093,0.003788837737,0.004999999996,2.305528425e-06,1.169205983e-06,72.27672747,121.3864795,0.04886147208,0.9459508183,1.200038965
S1,100,1,COMPLETED,0.025914346,0.05461573735,0.0004545048254,0.0009692861151,0.002204882052,0.003796405324,0.004999999995,2.173061465e-06,1.134006658e-06,72.23823646,118.5930594,0.04954322392,0.9452199958,1.192725919
S1,100,1,COMPLETED,0.026077261,0.05530946104,0.0004697335322,0.0009778414453,0.002164443658,0.003803955602,0.004999999995,2.066642057e-06,1.130797727e-06,72.25200849,112.0908735,0.05021180969,0.9445039732,1.186577293
S1,100,1,COMPLETED,0.026240176,0.05643742805,0.0004927686228,0.001022763172,0.002162791209,0.003811503924,0.004999999995,1.978897538e-06,1.16778268e-06,72.29460631,106.3810962,0.0513469791,0.9443077923,1.18027257
S1,100,1,COMPLETED,0.026403091,0.05692789616,0.0005172617669,0.001074130039,0.002195214721,0.003819125803,0.004999999995,1.968567907e-06,1.143345381e-06,72.33836604,98.54727948,0.05251608516,0.9315410193,1.176538975
S1,100,1,COMPLETED,0.026566006,0.05615240628,0.0005443488016,0.001129000303,0.002262332622,0.003826779418,0.004999999995,2.032034436e-06,1.123869232e-06,72.40865561,87.37274678,0.05286085322,0.9412678266,1.190419112
S1,100,1,COMPLETED,0.026728921,0.05603521008,0.0005798504792,0.001199805668,0.002297673569,0.003834417153,0.004999999995,2.159733548e-06,1.182258793e-06,72.42158408,75.52344726,0.05331986382,0.9397358846,1.202722934
S1,100,1,COMPLETED,0.026891836,0.06353838788,0.0006339984892,0.001355245904,0.002304770653,0.003841998178,0.004999999995,2.363736709e-06,1.148612163e-06,72.39605197,63.61261811,0.05344617467,0.9383778835,1.209039023
S1,100,1,COMPLETED,0.027054751,0.06633723981,0.0006802375975,0.001446572905,0.002249570342,0.003849517258,0.004999999995,2.662021626e-06,1.164013478e-06,72.37417411,56.08893013,0.05359543039,0.9374517461,1.211313098
S1,100,1,COMPLETED,0.027217666,0.06573136614,0.000704363341,0.001449810625,0.002217490049,0.003857028875,0.004999999995,3.04510261e-06,1.001221619e-06,72.30549635,58.22423826,0.05491038762,0.9021880749,1.211453508
S1,100,1,COMPLETED,0.027380581,0.06413371183,0.0007156569396,0.001424672626,0.00218619155,0.003864552601,0.004999999995,3.429691281e-06,1.03711648e-06,72.23953099,134.0197323,0.05514750568,0.9194133713,1.210111287
S1,100,1,COMPLETED,0.027543496,0.06214575881,0.000721075581,0.001389807515,0.002150574622,0.003872068297,0.004999999995,3.872746524e-06,1.038954211e-06,72.20449495,131.1558333,0.05544113826,0.9342593198,1.208430571
S1,100,1,COMPLETED,0.027706411,0.05609002405,0.0007244067565,0.001363923098,0.002055343823,0.003879503717,0.004999999995,4.287807228e-06,1.142027673e-06,72.20521956,128.1322085,0.05612662414,0.9196018104,1.208075478
S1,100,1,COMPLETED,0.027869326,0.05724074336,0.0007413034292,0.00138012734,0.001967252507,0.003886910318,0.004999999995,4.755119947e-06,1.210984655e-06,72.24705502,125.0940063,0.05609534528,0.9313602878,1.207270672
S1,100,1,COMPLETED,0.028032241,0.05526840002,0.000773649797,0.001409072093,0.001856994448,0.003894188215,0.004999999995,5.250767675e-06,1.277818626e-06,72.2473255,118.9793262,0.05509874631,0.932394956,1.205089121
S1,100,1,COMPLETED,0.028195156,0.05536773973,0.0008202618028,0.001466657616,0.00176076267,0.003901411663,0.004999999995,5.784821389e-06,1.404265897e-06,72.22382489,112.7385779,0.05509595304,0.9328278292,1.201171442
S1,100,1,COMPLETED,0.028358071,0.05458253813,0.0008713976601,0.001546257367,0.001754287573,0.003908656503,0.004999999995,6.317736006e-06,1.574099662e-06,72.2728568,102.8007323,0.05523790759,0.9332648553,1.195554916
S1,100,1,COMPLETED,0.028520986,0.05440312067,0.0009181047189,0.001625292978,0.001742984014,0.003915897684,0.004999999995,6.895191063e-06,1.752478026e-06,72.34376733,91.01461158,0.05654890835,0.9082771202,1.186114607
S1,100,1,COMPLETED,0.028683901,0.05529704214,0.0009399798949,0.001638983358,0.00179661014,0.00392322256,0.004999999995,7.521858254e-06,1.851769666e-06,72.35994188,78.66270725,0.05632697839,0.9253787403,1.174325146
S1,100,1,COMPLETED,0.028846816,0.05617923623,0.0009458459507,0.00163514602,0.00182362266,0.003930522778,0.004999999995,8.183257099e-06,2.011005164e-06,72.38053287,71.17342329,0.0560952442,0.9332858776,1.164906164
S1,100,1,COMPLETED,0.029009731,0.05662754755,0.000951896201,0.00165735685,0.001813849764,0.00393779011,0.004999999995,8.869469664e-06,2.218840511e-06,72.40383506,61.09607168,0.05619210337,0.933332271,1.170521834
S1,100,1,COMPLETED,0.029172646,0.05782060862,0.0009696867152,0.001707444218,0.001759132222,0.003945008214,0.004999999995,9.482445451e-06,2.335959891e-06,72.41312259,54.90364183,0.05643654158,0.9333144902,1.173740358
S1,100,1,COMPLETED,0.029335561,0.0550884693,0.0009902369139,0.00174483524,0.001680812033,0.003952170775,0.004999999995,1.016963578e-05,1.039112609e-06,72.41967026,55.36900716,0.05689791272,0.9332354936,1.174995039
S1,100,1,COMPLETED,0.029498476,0.05550387127,0.001014496848,0.001780528268,0.001633778588,0.003959367178,0.004999999995,1.082729138e-05,1.154337089e-06,72.38959085,58.93411983,0.05772941899,0.9079352702,1.174284163
S1,100,1,COMPLETED,0.029661391,0.05647207758,0.001047151201,0.001812859427,0.001575826516,0.003966564883,0.004999999995,1.152184414e-05,1.254576325e-06,72.35458845,63.44244232,0.05788196434,0.9248400156,1.170726369
S1,100,1,COMPLETED,0.029824306,0.05533783717,0.001070185152,0.001825338534,0.001540216478,0.003973769876,0.004999999994,1.221467729e-05,1.388561132e-06,72.35367026,57.55987943,0.05806288916,0.9330617199,1.165845202
S1,100,1,COMPLETED,0.029987221,0.05794921511,0.001091121211,0.001848377023,0.001455050628,0.003980926023,0.004999999994,1.286436516e-05,1.6174261e-06,72.37858852,54.16557042,0.05822722993,0.9242274998,1.167012639
S1,100,1,COMPLETED,0.030150136,0.0589748145,0.001112203138,0.001875880038,0.001380458394,0.003988031132,0.004999999994,1.359018167e-05,1.772003897e-06,72.39536817,55.18865829,0.05845979995,0.9328819636,1.167591213
S1,100,1,COMPLETED,0.030313051,0.05431824701,0.001140230237,0.001905660119,0.001303730013,0.003995046481,0.004999999994,1.434924907e-05,1.945391679e-06,72.37407773,50.4832881,0.05776843968,0.9333898257,1.170149515
S1,100,1,COMPLETED,0.030475966,0.05398978079,0.001171261782,0.001936177929,0.001242338539,0.004002017079,0.004999999994,1.511598771e-05,2.159366819e-06,72.31860405,96.05590373,0.05749629905,0.9334534375,1.172568426
S1,100,1,COMPLETED,0.030638881,0.05610552391,0.001204280207,0.001970100845,0.001257066834,0.004009005134,0.004999999994,1.587945333e-05,2.407492244e-06,72.28078131,93.01976245,0.05816367917,0.9335378491,1.172034449
S1,100,1,COMPLETED,0.030801796,0.05605175837,0.001232806616,0.002002998646,0.001256228287,0.004015999942,0.004999999994,1.668039529e-05,2.652022261e-06,72.31351324,97.61507289,0.05916641529,0.908935629,1.168418496
S1,100,1,COMPLETED,0.030964711,0.05460671146,0.001240241403,0.002006183575,0.001302078155,0.004023055869,0.004999999994,1.750663597e-05,2.82761644e-06,72.31462269,97.6430693,0.05929151934,0.9255188346,1.163119728
S1,100,1,COMPLETED,0.031127626,0.05565506144,0.001250650564,0.002023827066,0.001327701879,0.004030088156,0.004999999994,1.835334653e-05,3.054454344e-06,72.28500482,96.40713602,0.05952716041,0.9354803299,1.167987772
S1,100,1,COMPLETED,0.031290541,0.05994871762,0.001282266627,0.002079305862,0.00131267839,0.00403708387,0.004999999994,1.922822732e-05,3.351599343e-06,72.26537293,87.54158929,0.06012963593,0.9358779383,1.171221551
S1,100,1,COMPLETED,0.031453456,0.06218912533,0.001324757944,0.002145274889,0.001253421304,0.004044013187,0.004999999994,2.003254851e-05,3.585966775e-06,72.28668035,77.25756232,0.06072393153,0.9361554108,1.171235667
S1,100,1,COMPLETED,0.031616371,0.05965913458,0.001358535125,0.002173022434,0.001153291157,0.00405086666,0.004999999994,2.08904525e-05,8.438061013e-07,72.34511574,68.2647096,0.06137666084,0.9365696396,1.171735477
S1,100,1,COMPLETED,0.031779286,0.05593366582,0.001386596685,0.002206969235,0.001071920908,0.004057733757,0.004999999994,2.17900027e-05,1.062821355e-06,72.35718315,61.19101394,0.06219206828,0.9240452508,1.172728206
S1,100,1,COMPLETED,0.031942201,0.05468413328,0.001409081801,0.002239937222,0.0009847387561,0.004064610798,0.004999999994,2.2701847e-05,1.316944926e-06,72.36659374,60.47396589,0.06289950157,0.9337584694,1.173543761
S1,100,1,COMPLETED,0.032105116,0.0544354382,0.001425587216,0.002265997604,0.0009184544219,0.004071509077,0.004999999994,2.363464347e-05,1.558047133e-06,72.39379928,55.54146067,0.06308232102,0.9380554392,1.172437957
S1,100,1,COMPLETED,0.032268031,0.05494070602,0.001441823104,0.002297896865,0.0008478006247,0.00407839309,0.004999999994,2.453048635e-05,1.872599508e-06,72.41653173,52.09864883,0.06318232859,0.938514042,1.170255944
S1,100,1,COMPLETED,0.032430946,0.05687649003,0.001464201317,0.002350820636,0.0007830596147,0.004085265433,0.004999999994,2.54552185e-05,2.155547387e-06,72.41731271,52.24170609,0.06312333119,0.9389582666,1.168448978
S1,100,1,COMPLETED,0.032593861,0.05627267106,0.0014930269,0.002403234476,0.0007270536651,0.00409204076,0.004999999994,2.640696942e-05,2.408857186e-06,72.37962723,49.37339079,0.0625556232,0.9393782617,1.169917137
S1,100,1,COMPLETED,0.032756776,0.0569725419,0.001525251556,0.002437629601,0.0006182140032,0.004098728351,0.004999999994,2.737134454e-05,2.701313324e-06,72.33474281,124.6427384,0.06004710674,0.9398539971,1.170784045
S1,100,1,COMPLETED,0.032919691,0.05497349083,0.001560261567,0.002463566161,0.0006055718951,0.004105438501,0.004999999994,2.833630173e-05,3.041120832e-06,72.29446543,122.2934333,0.06012257329,0.9404538095,1.171380743
S1,100,1,COMPLETED,0.033082606,0.05460569519,0.00159988033,0.002502765005,0.0005887685642,0.004112116477,0.004999999994,2.931242954e-05,3.431435411e-06,72.27588035,120.9345618,0.06111753966,0.9398517648,1.171933376
S1,100,1,COMPLETED,0.033245521,0.05464802664,0.001635269303,0.002541388722,0.0005800648995,0.004118849582,0.004999999994,3.03520475e-05,3.750064231e-06,72.24059321,118.1029317,0.06193121496,0.9202778684,1.17229452
S1,100,1,COMPLETED,0.033408436,0.05468662013,0.001669245327,0.002579488885,0.0006239246306,0.004125585701,0.004999999994,3.137776545e-05,4.058441445e-06,72.21833615,114.7241138,0.06218186055,0.9360285858,1.172489105
S1,100,1,COMPLETED,0.033571351,0.05471012073,0.001705152434,0.002622402956,0.000617704145,0.004132295538,0.004999999994,3.24449957e-05,4.446173499e-06,72.1744162,111.7368636,0.06242481079,0.9368904097,1.172329767
S1,100,1,COMPLETED,0.033734266,0.05471920973,0.001742580318,0.002670612785,0.0005975760692,0.004138961229,0.004999999994,3.350451497e-05,4.848164216e-06,72.17180007,105.7354569,0.0628075328,0.9362160103,1.172080508
S1,100,1,COMPLETED,0.033897181,0.05474058737,0.001782693769,0.002723437911,0.0005341054447,0.00414557979,0.004999999994,3.455759937e-05,5.276120556e-06,72.18106049,97.80864383,0.06316828133,0.935778908,1.170387699
S1,100,1,COMPLETED,0.034060096,0.05478122913,0.001826853454,0.002782796909,0.0004508770707,0.004152113815,0.004999999994,3.570140738e-05,5.260947913e-07,72.21942116,88.7085224,0.06365690329,0.9354700602,1.16612983
S1,100,1,COMPLETED,0.034223011,0.05483457527,0.001862985737,0.002830726585,0.0003902641377,0.004158675507,0.004999999994,3.681222496e-05,9.44227109e-07,72.23222558,84.29328615,0.06400686288,0.9330757297,1.160216732
S1,100,1,COMPLETED,0.034385926,0.05490375539,0.001890619993,0.00287665,0.0003022815715,0.004165217841,0.004999999994,3.79697394e-05,1.364682971e-06,72.26952067,89.86411814,0.06481706006,0.9173897161,1.1590671
S1,100,1,COMPLETED,0.034548841,0.05498011016,0.001919121908,0.002928733375,0.0002338228929,0.004171768704,0.004999999994,3.914243974e-05,1.813046356e-06,72.30617406,77.94918805,0.06500582487,0.9349704929,1.161310309
S1,100,1,COMPLETED,0.034711756,0.05506302578,0.001943469289,0.002969934025,0.0001559924363,0.004178304206,0.004999999994,4.028410607e-05,2.34049305e-06,72.33708233,80.22269752,0.06454671946,0.9350896688,1.164398804
S1,100,1,COMPLETED,0.034874671,0.0551599362,0.001962795378,0.003006104252,0.0001056343131,0.004184855545,0.004999999994,4.145047444e-05,2.864688802e-06,72.35331433,76.23079708,0.06458607226,0.9353304466,1.168850779
S1,100,1,COMPLETED,0.035037586,0.05524637731,0.001985364816,0.003035944024,6.361168809e-05,0.004191301818,0.004999999994,4.263880948e-05,3.354542546e-06,72.32081027,72.56145448,0.06368729028,0.9354874038,1.171920742
S1,100,1,COMPLETED,0.035200501,0.05531922973,0.002021708902,0.003073940173,4.629155476e-05,0.004197644082,0.004999999994,4.384147314e-05,3.899236129e-06,72.31265264,118.5390323,0.06088126043,0.9355769905,1.174136277
S1,100,1,COMPLETED,0.035363416,0.05539099264,0.002073448919,0.003128562382,7.963746593e-05,0.004203979515,0.004999999994,4.505159045e-05,4.511512332e-06,72.30371235,112.3546206,0.06084072012,0.9351374441,1.174820495
S1,100,1,COMPLETED,0.035526331,0.0554490361,0.002136395405,0.003208042911,8.51961394e-05,0.00421030605,0.004999999994,4.628035116e-05,5.195671683e-06,72.2879377,106.0753898,0.06097489921,0.9345589767,1.173466064
S1,100,1,COMPLETED,0.035689246,0.05549648592,0.002196471973,0.003287786992,0.0001080138521,0.004216646711,0.004999999994,4.756754107e-05,5.877016079e-06,72.25070681,102.9624704,0.06204619888,0.913225677,1.170047121
S1,100,1,COMPLETED,0.035852161,0.05554046315,0.002245451087,0.003345234089,7.144948658e-05,0.004223038804,0.004999999994,4.885913554e-05,6.527703962e-06,72.18877948,99.74353025,0.06175452098,0.931575266,1.17397919
S1,100,1,COMPLETED,0.036015076,0.05558632051,0.002282288959,0.003382124396,5.611743828e-05,0.004229392788,0.004999999994,5.017946935e-05,7.247125047e-06,72.17972079,96.72913781,0.06145541423,0.9328604292,1.177596234
S1,100,1,COMPLETED,0.036177991,0.05564544869,0.002313903879,0.003416359171,7.170959745e-05,0.004235723795,0.004999999994,5.151666665e-05,8.013390945e-06,72.14044666,94.67558298,0.06124754124,0.9327573974,1.179537543
S1,100,1,COMPLETED,0.036340906,0.05571532612,0.002346355073,0.003457431484,9.463616658e-05,0.004242007835,0.004999999994,5.280245192e-05,8.747867164e-06,72.15052376,89.34386816,0.06100926674,0.9329392157,1.178644741
S1,100,1,COMPLETED,0.036503821,0.05578497371,0.002385213477,0.003514063153,0.0001618250339,0.0042482283,0.004999999994,5.347790127e-05,5.950922092e-06,72.1722829,78.55849291,0.0606727005,0.9332454121,1.172301392
S1,100,1,COMPLETED,0.036666736,0.05586538001,0.002431980123,0.003583148725,0.0002430409727,0.004254387384,0.004999999994,5.552800331e-05,2.237221044e-06,72.23153165,70.59008222,0.06021431581,0.89786543,1.159873171
S1,100,1,COMPLETED,0.036829651,0.05597831766,0.002471967274,0.003626526751,0.0002823204245,0.004260593986,0.004999999994,5.688571783e-05,3.129339796e-06,72.25820302,65.84383874,0.0593280194,0.9127853695,1.152389555
S1,100,1,COMPLETED,0.036992566,0.05611007951,0.002503600002,0.003660365245,0.0003509274699,0.004266779926,0.004999999994,5.833318403e-05,3.919829324e-06,72.25194831,63.05030426,0.05920936364,0.9270997607,1.157307426
S1,100,1,COMPLETED,0.037155481,0.05625774734,0.002528553004,0.003699128884,0.000419750654,0.0042729556,0.004999999994,5.976284117e-05,4.798564401e-06,72.27863724,58.8600886,0.0588167681,0.9355855158,1.162424439
S1,100,1,COMPLETED,0.037318396,0.05636945916,0.002540303497,0.003714932575,0.0005227199939,0.004279104967,0.004999999994,6.11646892e-05,5.749020667e-06,72.30450755,57.95822084,0.05837183025,0.9363567334,1.167471734
S1,100,1,COMPLETED,0.037481311,0.05646893694,0.002545721693,0.003728298016,0.0005779283411,0.004285279411,0.004999999994,6.260298624e-05,6.635491743e-06,72.28744094,76.98925226,0.05817398188,0.9376022307,1.171132996
S1,100,1,COMPLETED,0.037644226,0.05653801091,0.002560588676,0.003745869742,0.0006245936318,0.004291363783,0.004999999994,6.405125371e-05,7.522291727e-06,72.23772139,71.92009184,0.057671168,0.9388430014,1.173271538
S1,100,1,COMPLETED,0.037807141,0.05659303428,0.002601244728,0.003786821953,0.000764598933,0.004297329222,0.004999999994,6.551809399e-05,8.46525056e-06,72.22948113,72.4904024,0.05748219291,0.9395673244,1.174865566
S1,100,1,COMPLETED,0.037970056,0.05661342544,0.002657413462,0.003856741467,0.0008335246691,0.004303284587,0.004999999994,6.699165073e-05,9.465393327e-06,72.2202476,88.99574005,0.05575679155,0.9402578718,1.174567886
S1,100,1,COMPLETED,0.038132971,0.0566033067,0.002713358663,0.003935172555,0.000833950172,0.004309262382,0.004999999994,6.847154407e-05,1.051573011e-05,72.20233139,82.50814602,0.05574965434,0.9407888583,1.172222689
S1,100,1,COMPLETED,0.038295886,0.05656832394,0.002749003994,0.003981930613,0.0008754251131,0.004315240201,0.004999999994,6.998701293e-05,1.15445465e-05,72.17515227,83.8546,0.05699227554,0.8923450603,1.168678354
S1,100,1,COMPLETED,0.038458801,0.05655523063,0.00278008539,0.004019996457,0.0008659266572,0.004321286703,0.004999999994,7.152390848e-05,1.253619637e-05,72.13019515,83.00058021,0.05687729035,0.9094618969,1.163967083
S1,100,1,COMPLETED,0.038621716,0.0565522812,0.002807962178,0.004053356734,0.0008470237294,0.004327310531,0.004999999994,7.308618239e-05,1.357078378e-05,72.11853571,83.88155262,0.05685513483,0.927047524,1.159582028
S1,100,1,COMPLETED,0.038784631,0.05656295182,0.002828819368,0.004078168817,0.0008789976274,0.004333314414,0.004999999994,7.467409934e-05,1.464052785e-05,72.08644344,83.84922776,0.05699260464,0.9398641564,1.162478172
S1,100,1,COMPLETED,0.038947546,0.0565776199,0.002842755969,0.004094414595,0.0009183473167,0.004339274095,0.004999999994,7.628693404e-05,1.573116362e-05,72.07249554,82.09954934,0.0572462358,0.9392443806,1.163326529
S1,100,1,COMPLETED,0.039110461,0.0565962528,0.002860726992,0.004118897905,0.0009979220901,0.004345211791,0.004999999994,7.781666435e-05,1.674706587e-05,72.06281183,78.10282252,0.05754436162,0.9387375876,1.162304691
S1,100,1,COMPLETED,0.039273376,0.05662217046,0.002886401201,0.004155295379,0.001077197263,0.0043510836,0.004999999994,7.939974082e-05,6.077458803e-06,72.0521249,72.83893241,0.05797308129,0.9380032946,1.159770007
S1,100,1,COMPLETED,0.039436291,0.05665184587,0.002905849403,0.004180557609,0.001149744775,0.004356975195,0.004999999994,8.098066624e-05,7.088467037e-06,72.02933151,71.72361848,0.06029827858,0.8535130492,1.161273695
S1,100,1,COMPLETED,0.039599206,0.05667835429,0.002920740407,0.00420340132,0.001216708066,0.004362888216,0.004999999994,8.256923252e-05,8.129952541e-06,71.99483565,71.5083986,0.06061772981,0.8645168966,1.170481518
S1,100,1,COMPLETED,0.039762121,0.05669678971,0.002935117663,0.004231591223,0.001294680301,0.004368793108,0.004999999994,8.418362916e-05,9.128406192e-06,71.97256998,78.26729235,0.06137537372,0.8765849458,1.180502855
S1,100,1,COMPLETED,0.039925036,0.05670226481,0.002941030025,0.004245202188,0.001363929038,0.004374711907,0.004999999994,8.576919201e-05,1.020416518e-05,71.95425025,77.6195467,0.06185090944,0.8898982075,1.189569344
S1,100,1,COMPLETED,0.040087951,0.05669493012,0.002933993865,0.004242374623,0.001471208477,0.004380618227,0.004999999994,8.732546016e-05,1.135543108e-05,71.95825561,78.8922777,0.06215257311,0.9042203211,1.196344457
S1,100,1,COMPLETED,0.040250866,0.05667993729,0.002926494152,0.004239808389,0.001558614046,0.004386516834,0.004999999994,8.893463079e-05,1.241702398e-05,71.92334751,173.9581659,0.06260554154,0.9201665756,1.203716227
S1,100,1,COMPLETED,0.040413781,0.05666011536,0.002946453417,0.004265850232,0.001603508254,0.004392388827,0.004999999994,9.055528322e-05,1.351068769e-05,71.82208271,181.6228807,0.06249789747,0.9359435691,1.211004422
S1,100,1,COMPLETED,0.040576696,0.05666620226,0.002996808439,0.004334470355,0.001731602064,0.004398160335,0.004999999994,9.217231563e-05,1.463692409e-05,71.71418803,185.6759511,0.06290314701,0.9359178509,1.221104736
S1,100,1,COMPLETED,0.040739611,0.056655156,0.003041428214,0.004388906052,0.001738040484,0.004403927834,0.004999999994,9.377797208e-05,1.580726562e-05,71.65153491,185.0116236,0.05860696281,0.9357201131,1.18270766
S1,100,1,COMPLETED,0.040902526,0.0566178441,0.003059899757,0.004410393829,0.001758961426,0.004409730662,0.004999999994,9.537669053e-05,1.704148327e-05,71.60953254,165.625672,0.05890079826,0.9352907142,1.175902673
S1,100,1,COMPLETED,0.041065441,0.05875677206,0.003058122563,0.00440855912,0.00180288872,0.004415532955,0.004999999994,9.699280717e-05,1.827649291e-05,71.54039433,165.9369167,0.06100655822,0.8745727016,1.172257919
S1,100,1,COMPLETED,0.041228356,0.06222437078,0.003049049093,0.00439922851,0.001814533552,0.004421440131,0.004999999994,9.863583758e-05,1.947111942e-05,71.43010174,157.9071629,0.06101394984,0.8908148845,1.179707593
S1,100,1,COMPLETED,0.041391271,0.06282983679,0.003041636079,0.00439533752,0.001828984392,0.004427357788,0.004999999994,0.0001002706747,2.069828546e-05,71.36288387,157.5097882,0.06123425972,0.9077949868,1.187573355
S1,100,1,COMPLETED,0.041554186,0.0598461988,0.003027428663,0.004377027283,0.001875046025,0.004433282319,0.004999999995,0.0001018916921,2.195980681e-05,71.25854939,160.3947557,0.06172279199,0.9265810238,1.193432775
S1,100,1,COMPLETED,0.041717101,0.05652201606,0.00301093177,0.004337292011,0.001932150838,0.004439186876,0.004999999995,0.0001035131918,2.32656775e-05,71.20236048,166.8976727,0.06247887283,0.9260697795,1.195519981
S1,100,1,COMPLETED,0.041880016,0.05650833082,0.00301107153,0.00432539906,0.002040455916,0.004445087811,0.004999999995,0.0001049879527,2.446759638e-05,71.16611964,161.2303306,0.06331197893,0.9211639255,1.191761416
S1,100,1,COMPLETED,0.042042931,0.05649512848,0.003025775862,0.004350351373,0.002197944731,0.004450968436,0.004999999995,0.0001052656445,1.927101235e-05,71.18103963,153.1659282,0.06375751996,0.9164929995,1.180204523
S1,100,1,COMPLETED,0.042205846,0.05648167008,0.003027974304,0.004355666034,0.002317134985,0.004456857694,0.004999999995,0.0001084090923,1.079232524e-05,71.19787267,248.814719,0.06676300064,0.7952449535,1.175406664
S1,100,1,COMPLETED,0.042368761,0.05842984873,0.003006101388,0.00433851766,0.002390074349,0.004462827983,0.004999999995,0.0001100055714,1.214195288e-05,71.16881542,237.8483713,0.06758007369,0.8081952151,1.176172779
S1,100,1,COMPLETED,0.042531676,0.0648484876,0.002927567905,0.004294009989,0.002456744692,0.004468857392,0.004999999996,0.0001115348268,1.366242587e-05,71.12295591,230.2461735,0.06887561746,0.8247444543,1.179620514
S1,100,1,COMPLETED,0.042694591,0.08663328783,0.002833027477,0.004296462208,0.002559926883,0.004474941045,0.004999999996,0.0001130832032,1.515072723e-05,71.07272773,206.8695762,0.07017343674,0.8441622603,1.198654575
S1,100,1,COMPLETED,0.042857506,0.0927564545,0.002792086041,0.004347625755,0.002715828941,0.00448106141,0.004999999996,0.000114581311,1.67643355e-05,70.94900286,187.1214955,0.07183931727,0.8655384475,1.212882289
S1,100,1,COMPLETED,0.043020421,0.09001595846,0.002805946809,0.004470295272,0.002821762239,0.004487135093,0.004999999996,0.0001160704066,1.845164701e-05,70.71472534,239.3511802,0.07329581893,0.8853837148,1.22940045
S1,100,1,COMPLETED,0.043183336,0.08897464421,0.00278840836,0.004430022483,0.002827917803,0.004493183463,0.004999999997,0.0001175806552,1.992796571e-05,70.36264205,248.2545469,0.07644960639,0.8483735814,1.248924401
S1,100,1,COMPLETED,0.043346251,0.08486276566,0.002784511822,0.004416300153,0.002877286225,0.004499161608,0.004999999997,0.0001190404096,2.134472973e-05,70.03150479,627.4027652,0.07526637774,0.8213965146,1.226386811
S1,100,1,COMPLETED,0.043509166,0.1509704612,0.00276323248,0.004939002132,0.00280478648,0.004505134794,0.004999999997,0.000120458849,2.272641066e-05,69.81626164,580.5493737,0.07757485484,0.7979799215,1.228563079
S1,100,1,COMPLETED,0.043672081,0.2575178489,0.002799297034,0.007265685885,0.002541014594,0.004511027934,0.004999999997,0.0001218829228,2.414837181e-05,69.3436303,505.6462523,0.08122669898,0.7820810069,1.260729645
S1,100,1,COMPLETED,0.043834996,0.2506924611,0.002826213924,0.008424144546,0.001917680768,0.004516832398,0.004999999997,0.0001233978064,2.547868523e-05,69.13784662,325.1805,0.09155827699,0.7724251517,1.286152875
S1,100,1,COMPLETED,0.043997911,0.1774461428,0.002796634208,0.007677292185,0.001181055633,0.004522793346,0.004999999998,0.0001249666826,2.68267344e-05,68.60539084,288.4436134,0.1021594929,0.6247078896,1.294674676
S1,100,1,COMPLETED,0.044160826,0.1395801951,0.002701985897,0.006925166014,0.0006736400479,0.004529008984,0.004999999998,0.0001264268975,2.82936289e-05,68.0093451,303.7413915,0.110391095,0.5246350782,1.336775234
S1,100,1,COMPLETED,0.044323741,0.1470966443,0.002593573741,0.00698667218,0.0003059073821,0.004535419125,0.004999999999,0.000127709682,2.983034778e-05,67.41087602,338.1382013,0.1153709034,0.4573014951,1.360620547
S1,100,1,COMPLETED,0.044486656,0.1492573691,0.002497539799,0.006897713707,4.707509455e-05,0.004541930137,0.004999999999,0.0001287513298,3.123822502e-05,66.74710983,379.4543526,0.1207968558,0.4021290525,1.372513505
S1,100,1,COMPLETED,0.044649571,0.1505242177,0.002459583647,0.007176788413,0.0003004354444,0.004548628973,0.005,0.0001284115091,2.507472997e-05,65.77649043,423.1218346,0.1250748271,0.3579586121,1.389400065
S1,100,1,COMPLETED,0.044812486,0.1592929569,0.002427040306,0.007674310159,0.0005709290642,0.004555579431,0.005000000001,0.0001294380164,2.645734793e-05,64.43874207,542.2176287,0.1338200328,0.3183001282,1.41377391
S1,100,1,COMPLETED,0.044975401,0.1939671472,0.002619143464,0.009239636853,0.001153401416,0.004562745861,0.005000000001,0.0001303351139,2.784271982e-05,62.4992438,678.3263228,0.1376549281,0.2839026153,1.435603136
S1,100,1,COMPLETED,0.045138316,0.2578328288,0.003408566227,0.01234954489,0.002611958877,0.004569871429,0.005000000001,0.000131052034,2.908711606e-05,60.31841322,702.5152129,0.1401610152,0.2575779332,1.416075565
S1,100,1,COMPLETED,0.045301231,0.2629733752,0.004330324984,0.01436957305,0.004818576327,0.004576900914,0.005000000004,0.0001312203675,3.003802331e-05,58.10646406,1413.661279,0.1667221275,0.2567313846,1.378561029
S1,100,1,COMPLETED,0.045464146,1.526762441,0.006496417021,0.04251894458,0.006786615501,0.004584792566,0.004999999998,0.0001310284845,3.166345201e-05,64.52230008,1780.38757,0.1691376471,0.3893260938,1.347047727
S1,100,1,COMPLETED,0.045627061,1.031592177,0.007193931348,0.02983457287,0.009831846775,0.004592425211,0.00499999998,0.000131831073,3.348935924e-05,66.7510715,1167.37816,0.1638825337,0.3612078304,1.304519226
S1,100,1,COMPLETED,0.045789976,1.403367926,0.009782372588,0.04115839356,0.0174134311,0.004596544287,0.00499999999,0.0001292115042,3.623666263e-05,73.21350185,1652.682951,0.1460264072,0.5040389846,1.452704701
S1,100,1,COMPLETED,0.045952891,1.302605756,0.009864047571,0.04132271983,0.02296932535,0.004601748502,0.004999999966,0.0001355048468,4.092699945e-05,76.76661951,3864.69878,0.1801954572,0.4825453961,1.569734464
S1,100,1,COMPLETED,0.046115806,1.263782168,0.01077495003,0.04099237027,0.0251486726,0.00460960783,0.005000000433,0.0001378986,3.171095837e-05,74.70627307,5001.788043,0.2071056007,0.4667849106,1.887360954
S1,100,1,COMPLETED,0.046278721,1.394140369,0.01317638732,0.0545096194,0.02311851255,0.004621316913,0.004999999766,0.0001394806336,3.270911755e-05,64.97786395,4077.935311,0.2465380046,0.4161391216,1.949060809
S1,100,1,COMPLETED,0.046441636,0.9704758826,0.01287544824,0.05008974485,0.01980624007,0.00463522389,0.004999975242,0.0001378034187,3.278936753e-05,70.15060048,4083.140241,0.2608966578,0.2313870378,1.990454337
S1,100,1,COMPLETED,0.046604551,1.053947269,0.01671061248,0.05264225562,0.01110650561,0.004654442352,0.004998069978,0.0001326085392,3.181459193e-05,80.26704816,3707.992779,0.277588952,0.08224503108,2.135643303
S1,100,1,COMPLETED,0.046767466,2.96048673,0.01970873017,0.08045114857,0.009798174587,0.004667746642,0.004996737614,0.0001334045506,2.718938324e-05,84.90696111,3882.514053,0.3068710782,0.06184265499,2.111716088
S1,100,1,COMPLETED,0.046930381,2.406694721,0.02491502645,0.0965007973,0.0109536976,0.004681500302,0.004997273899,0.0001428626485,6.519134681e-06,72.76811711,4422.633242,0.320757585,0.1232821663,2.392183339
S1,100,1,COMPLETED,0.047093296,3.377573858,0.03137537567,0.1339634466,0.01229475846,0.004697185505,0.005003740842,0.0001606931288,1.181702288e-05,72.63824985,5836.028243,0.341502878,0.09237193846,2.275493156
S1,100,1,COMPLETED,0.047256211,4.427720582,0.03170661376,0.1344317287,0.01091164945,0.004726402433,0.00499826654,0.0001660298656,1.002057239e-05,90.69286083,6467.008928,0.3904058794,0.07398418208,3.338803321
S1,100,1,COMPLETED,0.047419126,3.31064603,0.04184373982,0.1378569389,0.02106954448,0.004738260423,0.004998994565,0.0001804356768,1.149762949e-05,88.96233378,5730.132582,0.399579156,0.08836385208,2.905618853
S1,100,1,COMPLETED,0.047582041,4.054378471,0.05060357892,0.16692885,0.02935233146,0.004760674867,0.004994534309,0.0001961791524,5.827390045e-05,70.89427319,5650.004709,0.4416898371,0.1134179154,2.733073408
S1,100,1,COMPLETED,0.047744956,3.615417529,0.04859114008,0.1752921226,0.03883465073,0.004781451163,0.004980729166,0.0002839873588,0.0001119630367,61.50278445,6042.697256,0.5820800062,0.1984696199,4.424517401
S1,100,1,COMPLETED,0.047907871,6.497650834,0.05709471997,0.1970089543,0.07362324402,0.004830851346,0.004965451974,0.0003512043477,0.000141854412,58.0878441,8270.437239,0.7584018555,0.1368791873,4.654566498
S1,100,1,COMPLETED,0.048070786,3.384947238,0.07057716854,0.1935790335,0.128745787,0.004900562078,0.004939897375,0.0003956376694,0.0001587830021,107.0934373,6583.80298,0.9263251774,0.02626016632,5.710896037
S1,100,1,COMPLETED,0.048233701,16.48770787,0.07728045182,0.2812013801,0.1523473574,0.004961006197,0.004931686791,0.0004280192612,0.0002033283744,88.57838321,5272.807667,1.105939576,0.08391376181,6.652519249
S1,100,1,COMPLETED,0.048396616,6.134375689,0.08251445033,0.1996584606,0.1732301534,0.005011106359,0.004915336638,0.0004834806201,0.0002416488988,82.63132193,5648.48046,1.186112698,0.06456123146,7.077030947
S1,100,1,COMPLETED,0.048559531,2.729842926,0.09541082634,0.2098683702,0.2108505965,0.005069749349,0.004900331685,0.0005431771025,0.0002491772004,84.64698116,6069.691846,1.264939311,0.009859369941,6.435437717
S1,100,1,COMPLETED,0.048722446,6.085655568,0.1087546024,0.2548594671,0.230463707,0.005117471033,0.004895512543,0.0005968265789,0.0003059784508,94.96545371,7220.406581,1.480583726,0.07506104807,7.167553792
S1,100,1,COMPLETED,0.048885361,4.987290838,0.1052474698,0.2366230165,0.2577154738,0.005172701655,0.00488672475,0.0006228324269,0.0003332110665,93.61252597,7804.75282,1.436484806,0.1648754108,7.298273628
S1,100,1,COMPLETED,0.049048276,3.827693522,0.1154612912,0.2421431101,0.2883592547,0.005233648546,0.004869052688,0.0006624744418,0.0003463681144,91.3991402,6792.627795,1.582766308,0.04990841302,8.820789578
S1,100,1,COMPLETED,0.049211191,3.40691977,0.1267078431,0.2543332769,0.3290696611,0.005273424085,0.004843475185,0.0007522141591,0.0004061326351,61.80105854,8240.869712,1.697329123,0.1065291784,8.126927246
S1,100,1,COMPLETED,0.049374106,7.71569516,0.1551530576,0.3336891268,0.3676487043,0.005315476356,0.004821106812,0.0007866052674,0.0004277704517,81.36891012,8404.70513,1.739435823,0.06647604883,8.513829742
S1,100,1,COMPLETED,0.049537021,4.706590256,0.1558611738,0.3021633897,0.4223610883,0.005373319172,0.004800382793,0.000877615455,0.000486424894,49.0029084,8002.86884,1.918630851,0.1254958767,10.79864802
S1,100,1,COMPLETED,0.049699936,6.22531693,0.1597935139,0.3185001803,0.4712715277,0.005429413145,0.00479094113,0.0008906610613,0.0004857138086,89.58277842,7932.867893,2.254396831,0.1186147517,11.71612118
S1,100,1,COMPLETED,0.049862851,4.301815743,0.1658610428,0.3194662938,0.5244174797,0.005499721504,0.004760352093,0.0009446992834,0.0004663664342,48.04574758,8580.286237,2.52634923,0.07366958716,15.77576279
S1,100,1,COMPLETED,0.050004044,6.926590245,0.1838746031,0.3615553003,0.5865844778,0.005553714322,0.004745890806,0.001006913461,0.0004723139263,30.03911636,9175.053292,2.745152489,0.06998252084,15.69801597
baseline,100,1,COMPLETED,1.0861e-05,0.05015422782,1.250393992e-06,7.392742485e-06,6.710243687e-07,0.002500535835,0.005,4.358481422e-07,1.148567003e-10,72.78171302,2.066484703,0.001631611324,0.9966344054,0.999981968
baseline,100,1,COMPLETED,0.000173776,0.05023741222,9.259796728e-06,3.089478583e-05,3.694432691e-05,0.0025085883,0.005,3.958538508e-07,2.912241372e-08,72.77148683,1.920424539,0.001578004925,0.9966610805,1.000057187
baseline,100,1,COMPLETED,0.000336691,0.05045028796,1.459739007e-05,4.690295992e-05,6.895401902e-05,0.002516686408,0.005,3.501342663e-07,6.33240101e-08,72.7734814,1.635028518,0.001608679946,0.9966399819,1.000205162
baseline,100,1,COMPLETED,0.000499606,0.05061682408,1.898322161e-05,6.008019432e-05,0.0001226191687,0.002524855491,0.005,3.963049296e-07,2.641288834e-08,72.77045064,1.225520295,0.001646079149,0.996583715,1.00039489
baseline,100,1,COMPLETED,0.000662521,0.05065768212,2.131410527e-05,6.61557886e-05,0.0001453521043,0.002533019933,0.005,3.88480513e-07,4.40652803e-08,72.77312517,0.8900720913,0.001707399051,0.9964655977,1.000591098
baseline,100,1,COMPLETED,0.000825436,0.05061234766,2.072350168e-05,6.316367901e-05,0.0001663198795,0.002541177213,0.005,3.746012269e-07,4.02370431e-08,72.76742645,0.8869586974,0.001727079909,0.9962548455,1.000778935
baseline,100,1,COMPLETED,0.000988351,0.05050952727,1.787536298e-05,5.349468066e-05,0.0001600196807,0.00254932542,0.005,3.146838366e-07,6.773492996e-09,72.76282306,1.215278867,0.001765158745,0.9960516027,1.00094777
baseline,100,1,COMPLETED,0.001151266,0.05037484979,1.355422693e-05,3.977532457e-05,0.0001654628732,0.002557467036,0.005,4.035679957e-07,6.109188559e-08,72.76793013,1.582354893,0.001793405706,0.9958789805,1.001087675
baseline,100,1,COMPLETED,0.001314181,0.05020262955,8.719953242e-06,2.551036776e-05,0.0001438505016,0.002565622313,0.005,3.845829646e-07,4.848693797e-08,72.77438834,1.782662078,0.001830489219,0.9957548433,1.001189858
baseline,100,1,COMPLETED,0.001477096,0.05015272575,6.07641831e-06,2.06893778e-05,0.0001277838348,0.00257379025,0.005,4.354818738e-07,4.648792829e-08,72.77161279,1.858849338,0.001810688637,0.9956882699,1.001230559
baseline,100,1,COMPLETED,0.001640011,0.05039033872,8.231654208e-06,3.15011918e-05,7.667436121e-05,0.002581957471,0.005,3.765519428e-07,5.361593519e-08,72.77157095,1.755447646,0.001794874353,0.9956770713,1.00120962
baseline,100,1,COMPLETED,0.001802926,0.05060390863,1.253927086e-05,4.586562732e-05,4.338890584e-05,0.002590073952,0.005,4.267659983e-07,3.378603936e-08,72.77075255,1.504160392,0.001747127164,0.9956353588,1.001115631
baseline,100,1,COMPLETED,0.001965841,0.05075933396,1.679037173e-05,5.821400818e-05,6.500359909e-06,0.002598129377,0.005,4.575225652e-07,1.557992655e-09,72.77960563,1.151811359,0.001789346009,0.9956219501,1.001451595
baseline,100,1,COMPLETED,0.002128756,0.05084731835,1.905275044e-05,6.379676324e-05,2.34460436e-05,0.002606173607,0.005,4.313019432e-07,1.489763829e-08,72.7780975,0.9045882167,0.001662808919,0.9963220432,1.001399387
baseline,100,1,COMPLETED,0.002291671,0.05063789724,1.90853163e-05,6.185138996e-05,5.826466061e-05,0.002614242191,0.005,3.678380583e-07,6.951648188e-08,72.78335437,0.8780965499,0.001615851477,0.9964821826,1.00132244
baseline,100,1,COMPLETED,0.002454586,0.05046023254,1.716998027e-05,5.406862113e-05,0.0001082227364,0.002622409124,0.005,3.971371599e-07,2.878670172e-09,72.77849046,1.112589187,0.001586882291,0.9964296935,1.001226803
baseline,100,1,COMPLETED,0.002617501,0.05040113371,1.368155351e-05,4.184574812e-05,0.0001492868536,0.002630567979,0.005,4.40243949e-07,3.812994283e-08,72.78282008,1.399339396,0.001568355493,0.996346379,1.001152526
baseline,100,1,COMPLETED,0.002780416,0.05028873608,9.451805201e-06,2.769224437e-05,0.0001678877317,0.002638730098,0.005,4.272118548e-07,1.207511769e-08,72.78245053,1.626207236,0.001542116027,0.9967326237,1.001114334
baseline,100,1,COMPLETED,0.002943331,0.05013675075,6.269980862e-06,1.804065319e-05,0.0001653325766,0.002646887862,0.005,4.333977955e-07,5.776548534e-09,72.77878697,1.694343409,0.001547528506,0.9967007669,1.001113531
baseline,100,1,COMPLETED,0.003106246,0.05018316677,6.433391026e-06,2.266140245e-05,0.0001697184998,0.002655015982,0.005,4.762050439e-07,5.120300997e-08,72.77814049,1.626692602,0.001546632948,0.9965832957,1.001131957
baseline,100,1,COMPLETED,0.003269161,0.0502674292,9.587591129e-06,3.397291737e-05,0.0001601540885,0.002663172786,0.005,4.386331488e-07,2.55872776e-08,72.77978154,1.41148029,0.001571888249,0.9964302693,1.001165581
baseline,100,1,COMPLETED,0.003432076,0.05037786833,1.290339469e-05,4.317786018e-05,0.0001434678227,0.002671338619,0.005,4.940542293e-07,4.876675138e-08,72.77632511,1.119278998,0.001606135793,0.9962549987,1.001238802
baseline,100,1,COMPLETED,0.003594991,0.05036761868,1.480866996e-05,4.817422875e-05,9.223357504e-05,0.002679496658,0.005,4.472203876e-07,2.307311762e-08,72.7727339,0.8567295329,0.001650365061,0.9960643067,1.001367016
baseline,100,1,COMPLETED,0.003757906,0.05032384721,1.512760883e-05,4.797100009e-05,5.179406916e-05,0.002687650176,0.005,4.611932421e-07,6.1249639e-08,72.77101825,0.7785217781,0.001661804101,0.9958611818,1.001467105
baseline,100,1,COMPLETED,0.003920821,0.0505848508,1.365197998e-05,4.272850495e-05,1.848382718e-05,0.002695715501,0.005,5.027570411e-07,1.270159909e-08,72.77118688,0.9959288573,0.001718740304,0.9956550165,1.002155852
baseline,100,1,COMPLETED,0.004083736,0.05070094118,1.074361574e-05,3.334661637e-05,1.604446186e-05,0.002703751151,0.005,5.056337415e-07,1.400002079e-08,72.77083459,1.15298592,0.001722480484,0.9962360402,1.002204708
baseline,100,1,COMPLETED,0.004246651,0.0502235964,6.859875034e-06,1.993416591e-05,4.933438414e-05,0.002711814225,0.005,4.601305302e-07,6.49787318e-08,72.77334759,1.334139531,0.00175114414,0.996074891,1.002230163
baseline,100,1,COMPLETED,0.004409566,0.05010143269,3.780434364e-06,1.233290468e-05,8.843097589e-05,0.00271995863,0.005,4.47828246e-07,4.29680488e-08,72.77424535,1.377069372,0.001763958448,0.9959280202,1.002194526
baseline,100,1,COMPLETED,0.004572481,0.05012717346,4.769006448e-06,1.883920783e-05,0.0001394395874,0.00272811926,0.005,4.860602456e-07,2.884378517e-08,72.77513871,1.348890316,0.001758577356,0.99579408,1.002133093
baseline,100,1,COMPLETED,0.004735396,0.05019808615,8.363507207e-06,2.968562186e-05,0.000155530379,0.00273628558,0.005,4.661974673e-07,4.514796668e-09,72.77922757,1.205152327,0.001722833093,0.9960498367,1.002010834
baseline,100,1,COMPLETED,0.004898311,0.0502647939,1.130505187e-05,3.826072203e-05,0.0001689921631,0.002744441915,0.005,4.905446878e-07,2.30614551e-08,72.77735152,0.9902475422,0.001712964568,0.9960148371,1.001847724
baseline,100,1,COMPLETED,0.005061226,0.05035020894,1.323229337e-05,4.341236408e-05,0.0001636631532,0.002752573072,0.005,4.87634144e-07,3.468234937e-08,72.77807807,0.822000308,0.001685876386,0.9959926329,1.001675213
baseline,100,1,COMPLETED,0.005224141,0.05038565177,1.347967464e-05,4.314827728e-05,0.0001687566229,0.002760730507,0.005,4.904749218e-07,3.25535417e-08,72.78234362,0.7853562166,0.001677560866,0.9959758973,1.001481477
baseline,100,1,COMPLETED,0.005387056,0.05036965059,1.229077444e-05,3.838613351e-05,0.0001502119239,0.002768892004,0.005,5.646494055e-07,6.100225237e-08,72.7826886,0.9162349559,0.001669340156,0.9959570091,1.001307194
baseline,100,1,COMPLETED,0.005549971,0.05030994117,9.93802151e-06,3.002807447e-05,0.0001139135328,0.002777052474,0.005,5.611388158e-07,1.853067502e-08,72.77524856,1.111698462,0.001676536085,0.9959280729,1.001360476
baseline,100,1,COMPLETED,0.005712886,0.05021456147,7.093782188e-06,2.039000638e-05,6.196787975e-05,0.002785221798,0.005,5.456017305e-07,6.220788699e-08,72.78144248,1.254112518,0.001728496664,0.9958789813,1.003417319
baseline,100,1,COMPLETED,0.005875801,0.05009599204,4.701748073e-06,1.341122901e-05,2.893712865e-05,0.002793296719,0.005,5.738724263e-07,1.854515826e-08,72.77463371,1.326395875,0.001726539575,0.9958022213,1.003563936
baseline,100,1,COMPLETED,0.006038716,0.05085722744,4.902436483e-06,2.334390461e-05,5.402812007e-06,0.0028013458,0.005,5.849601585e-07,6.125658607e-09,72.77842648,1.317047978,0.001877594706,0.9956972282,1.005346071
baseline,100,1,COMPLETED,0.006201631,0.05047351964,6.770998726e-06,2.505993161e-05,4.365886443e-05,0.002809401534,0.005,5.486484833e-07,4.503585173e-08,72.77076997,1.223449037,0.001828130887,0.9958993736,1.005636011
baseline,100,1,COMPLETED,0.006364546,0.05042451503,9.327048458e-06,3.248433327e-05,7.864668966e-05,0.002817513089,0.005,5.296093767e-07,7.768739503e-08,72.77461802,1.051232702,0.001888571473,0.9957302296,1.005927755
baseline,100,1,COMPLETED,0.006527461,0.05048505194,1.090993502e-05,3.657516907e-05,0.0001325033256,0.002825682478,0.005,5.573769853e-07,1.342521181e-08,72.77306635,0.9219130482,0.001915447562,0.995541688,1.006246137
baseline,100,1,COMPLETED,0.006690376,0.05052426173,1.134590095e-05,3.72002019e-05,0.0001524127485,0.002833851731,0.005,5.67520731e-07,1.677120513e-08,72.77701886,0.8677665583,0.001984882383,0.9953450807,1.006600355
baseline,100,1,COMPLETED,0.006853291,0.05047404824,1.049372438e-05,3.375821471e-05,0.0001762394359,0.002842010309,0.005,5.796897258e-07,1.695349656e-08,72.7723381,0.932431097,0.001989802478,0.9959397599,1.006940303
baseline,100,1,COMPLETED,0.007016206,0.05040384416,8.653183507e-06,2.747695017e-05,0.0001728182964,0.002850157942,0.005,5.548493769e-07,5.452301885e-09,72.76735694,1.056870413,0.002008723488,0.9957790004,1.00727309
baseline,100,1,COMPLETED,0.007179121,0.05031678121,6.289777582e-06,1.974208209e-05,0.0001811892332,0.002858308289,0.005,6.23031879e-07,8.459964536e-08,72.77105466,1.237382342,0.00206335461,0.9956357876,1.007598358
baseline,100,1,COMPLETED,0.007342036,0.05019420666,4.358180936e-06,1.399779817e-05,0.0001621405856,0.00286646944,0.005,6.319109811e-07,8.159685066e-08,72.77606806,1.329235498,0.002111681898,0.995512012,1.00790853
baseline,100,1,COMPLETED,0.007504951,0.05011996264,4.47599264e-06,1.53965934e-05,0.000146376934,0.002874641492,0.005,6.664164527e-07,7.137311865e-08,72.76586577,1.382449917,0.002140807371,0.9954085369,1.008178334
baseline,100,1,COMPLETED,0.007667866,0.05021425727,6.894616047e-06,2.398641607e-05,9.925270647e-05,0.00288281697,0.005,6.208601809e-07,2.228216923e-08,72.77029669,1.512743806,0.002182725635,0.995326768,1.008382093
baseline,100,1,COMPLETED,0.007830781,0.05030356817,9.638083393e-06,3.220414316e-05,7.166140087e-05,0.002890927939,0.005,6.540690547e-07,1.079611094e-08,72.76821605,1.475567993,0.002168251809,0.9952632358,1.008527374
baseline,100,1,COMPLETED,0.007993696,0.05035648857,1.16507277e-05,3.839690854e-05,4.399350461e-05,0.002898991516,0.005,6.722759681e-07,4.476561897e-08,72.77298062,2.658937149,0.002379749435,0.9920685606,1.008665762
baseline,100,1,COMPLETED,0.008156611,0.05034359174,1.189603122e-05,3.749625865e-05,6.678943795e-05,0.002907035819,0.005,6.459437868e-07,2.7826046e-08,72.77141626,2.749066041,0.002299231554,0.9920360643,1.008768327
baseline,100,1,COMPLETED,0.008319526,0.05023650177,1.150856987e-05,3.64218427e-05,9.405389496e-05,0.002915109322,0.005,5.954602295e-07,1.541128096e-08,72.77622702,3.053290752,0.002362364641,0.9920384516,1.008828071
baseline,100,1,COMPLETED,0.008482441,0.05015900772,1.0226483e-05,3.32593751e-05,0.0001441079119,0.002923276041,0.005,6.257619505e-07,7.121002698e-08,72.76770417,3.16918322,0.002350904538,0.9921174977,1.008803174
baseline,100,1,COMPLETED,0.008645356,0.05017435579,8.659502914e-06,3.011663311e-05,0.0001740128694,0.002931432249,0.005,6.597503547e-07,1.080474853e-07,72.77335207,3.244506261,0.00237578619,0.9922793148,1.0086865
baseline,100,1,COMPLETED,0.008808271,0.05027612292,7.84670462e-06,3.003694897e-05,0.000187440981,0.002939586385,0.005,6.70214473e-07,9.970102538e-08,72.77186654,3.271736618,0.002369054104,0.9925199076,1.00846954
baseline,100,1,COMPLETED,0.008971186,0.05035230864,8.446126799e-06,3.270833981e-05,0.0001752056873,0.002947733263,0.005,6.677595466e-07,6.89127666e-08,72.76789071,3.289222345,0.002355999375,0.9928180326,1.008144323
baseline,100,1,COMPLETED,0.009134101,0.05039873588,1.016159125e-05,3.626185113e-05,0.0001731319211,0.002955857718,0.005,7.261326563e-07,1.29661767e-07,72.76423168,4.529700661,0.002660301384,0.988686105,1.007735361
baseline,100,1,COMPLETED,0.009297016,0.05041188815,1.189522327e-05,3.878471265e-05,0.0001513046344,0.002964006155,0.005,7.041509948e-07,7.847319241e-08,72.76417052,4.810821656,0.002736745235,0.9882376563,1.00734289
baseline,100,1,COMPLETED,0.009459931,0.05037448899,1.283551952e-05,4.021426829e-05,0.0001241460757,0.002972160356,0.005,7.711678537e-07,6.234503355e-08,72.75741641,5.326910901,0.00282431896,0.9878887617,1.007061447
baseline,100,1,COMPLETED,0.009622846,0.05079824211,1.338247327e-05,4.425378227e-05,5.650135764e-05,0.002980304163,0.005,7.487555821e-07,5.067578025e-08,72.75284014,5.704794769,0.003298063481,0.9843775903,1.007117451
baseline,100,1,COMPLETED,0.009785761,0.05124725108,1.410139648e-05,5.34245798e-05,5.552033755e-06,0.002988432053,0.005,7.881811325e-07,1.008284421e-07,72.75023024,5.958634639,0.003373353147,0.9831413945,1.007521624
baseline,100,1,COMPLETED,0.009948676,0.05080563451,1.314843184e-05,4.6986959e-05,6.245997615e-05,0.002996460863,0.005,8.206200257e-07,9.216871168e-08,72.75069846,7.924639707,0.003593782413,0.9821055005,1.008036266
baseline,100,1,COMPLETED,0.010111591,0.05107326065,1.166408815e-05,4.143358185e-05,8.249749746e-05,0.003004471767,0.004999999999,8.322901734e-07,1.324500339e-07,72.75186146,7.914203189,0.003698567318,0.9809839641,1.008380337
baseline,100,1,COMPLETED,0.010274506,0.05117638371,1.158116652e-05,4.222884165e-05,5.567170091e-05,0.003012526062,0.004999999999,8.206806209e-07,2.232223086e-07,72.74775238,8.234695446,0.003894929523,0.9797797136,1.008641261
baseline,100,1,COMPLETED,0.010437421,0.05131881372,1.426823923e-05,5.548094401e-05,2.298544915e-05,0.003020668594,0.004999999999,8.552076642e-07,2.225942992e-07,72.74815513,8.68592558,0.004381313501,0.9788905816,1.00893036
baseline,100,1,COMPLETED,0.010600336,0.05168657097,1.801296544e-05,6.919285973e-05,2.101685688e-05,0.003028813193,0.004999999999,8.986696369e-07,2.081575157e-07,72.74919167,8.915970995,0.004553198853,0.9781037403,1.009349266
baseline,100,1,COMPLETED,0.010763251,0.05211267273,2.339977277e-05,9.236895835e-05,2.847548113e-05,0.003036961892,0.004999999999,9.629881645e-07,2.835429263e-07,72.750901,9.105938594,0.004728476955,0.9773949703,1.010380827
baseline,100,1,COMPLETED,0.010926166,0.05249384329,2.856762732e-05,0.000113269643,2.16629323e-05,0.003045097649,0.004999999999,9.947689969e-07,3.237412068e-07,72.7492379,9.419955603,0.004932189601,0.9769099072,1.01191573
baseline,100,1,COMPLETED,0.011089081,0.0527116065,3.179016518e-05,0.000119181009,3.407183053e-06,0.003053196266,0.004999999999,1.02561523e-06,1.753202122e-07,72.75181181,10.25318618,0.005167685715,0.9765555041,1.013568741
baseline,100,1,COMPLETED,0.011251996,0.05259145044,3.447873321e-05,0.0001258353889,1.979021556e-05,0.003061328586,0.004999999999,9.994862196e-07,2.023802296e-07,72.75889535,10.67220661,0.005405493841,0.9764726998,1.015438537
baseline,100,1,COMPLETED,0.011414911,0.05236957307,3.659544765e-05,0.0001318013429,5.352274659e-05,0.003069468151,0.004999999999,1.071294421e-06,1.56616746e-07,72.76552636,11.75572083,0.005815238403,0.9762577196,1.017464367
baseline,100,1,COMPLETED,0.011577826,0.05185769832,3.71104097e-05,0.0001286487621,0.000107463264,0.003077605893,0.004999999999,1.08217811e-06,2.092818192e-07,72.76986978,12.29097654,0.006060495179,0.9759279108,1.019368342
baseline,100,1,COMPLETED,0.011740741,0.05206150523,3.832916101e-05,0.0001335337026,0.000183975425,0.0030857361,0.004999999999,1.107697341e-06,2.843439463e-07,72.78540478,14.09129616,0.006547618778,0.9756323517,1.021069335
baseline,100,1,COMPLETED,0.011903656,0.05268547385,4.138134366e-05,0.0001464704979,0.0002117684483,0.003093807148,0.004999999999,1.129350629e-06,2.556927234e-07,72.79041964,14.28184816,0.006626157803,0.975258348,1.022963647
baseline,100,1,COMPLETED,0.012066571,0.05208974697,4.359488579e-05,0.0001448188324,0.0002449179198,0.003101837575,0.004999999999,1.153401845e-06,2.685569388e-07,72.78613751,13.36748417,0.007646927664,0.9753595455,1.034852705
baseline,100,1,COMPLETED,0.012229486,0.05238758351,4.515632926e-05,0.0001443425779,0.0001887852842,0.003109907159,0.004999999999,1.176505815e-06,3.369062528e-07,72.78658703,13.95833817,0.007647298666,0.9756057123,1.032224914
baseline,100,1,COMPLETED,0.012392401,0.0519939235,4.462968062e-05,0.0001312557002,0.0001412678451,0.003118034425,0.004999999999,1.243724339e-06,3.892924672e-07,72.79616711,18.66002214,0.007782933535,0.9757550236,1.029256582
baseline,100,1,COMPLETED,0.012555316,0.05170935072,4.35463142e-05,0.000117563084,7.270216058e-05,0.003126210269,0.004999999999,1.2498701e-06,3.228706226e-07,72.80201342,19.14861358,0.007825589062,0.9745973152,1.028600127
baseline,100,1,COMPLETED,0.012718231,0.05126031925,4.046502292e-05,0.0001006369968,3.469416979e-05,0.003134396238,0.004999999999,1.298787885e-06,3.212065387e-07,72.8172422,19.39087527,0.007896236701,0.973069874,1.029378869
baseline,100,1,COMPLETED,0.012881146,0.05078883277,3.742597977e-05,9.100334069e-05,1.656751823e-05,0.003142578739,0.004999999999,1.349297223e-06,3.520303419e-07,72.82869964,19.65501528,0.007948725218,0.9715644923,1.029951776
baseline,100,1,COMPLETED,0.013044061,0.05064809098,3.687059071e-05,8.566402858e-05,4.937545661e-05,0.003150757218,0.004999999999,1.259242722e-06,1.812172182e-07,72.83396107,19.93138746,0.008017666743,0.9700518413,1.030449037
baseline,100,1,COMPLETED,0.013206976,0.0506976485,3.752959429e-05,9.211055578e-05,5.950705987e-05,0.003158916359,0.004999999999,1.250220158e-06,3.425247069e-08,72.85563992,21.34207196,0.009821784201,0.9684974648,1.05367794
baseline,100,1,COMPLETED,0.013369891,0.0509038087,4.031657056e-05,0.0001266830844,5.047585788e-05,0.003167094107,0.004999999999,1.232722694e-06,1.165536663e-07,72.87377856,22.44854746,0.009794507372,0.966995646,1.050777319
baseline,100,1,COMPLETED,0.013532806,0.05112865986,4.537791002e-05,0.0001830835415,6.735324808e-05,0.003175309161,0.004999999999,1.227966245e-06,1.672364735e-07,72.88351183,23.60610565,0.009771427696,0.9656252317,1.047487616
baseline,100,1,COMPLETED,0.013695721,0.05121944907,5.178863039e-05,0.0002271961143,4.784357257e-05,0.003183525766,0.004999999999,1.184543164e-06,1.386431149e-07,72.89386197,22.93222158,0.01218288245,0.9642545883,1.072754143
baseline,100,1,COMPLETED,0.013858636,0.05133580117,6.167977759e-05,0.0002750571379,5.839791928e-05,0.003191679706,0.004999999999,1.168775946e-06,2.441285507e-07,72.90278512,23.26854504,0.01197075845,0.9627280456,1.070720874
baseline,100,1,COMPLETED,0.014021551,0.05141008093,6.702754345e-05,0.0002836407648,0.0001411333765,0.003199866696,0.004999999999,1.12036808e-06,3.684467201e-07,72.92444936,23.90092909,0.01329484149,0.9608170575,1.070189528
baseline,100,1,COMPLETED,0.014184466,0.05126483861,7.063108867e-05,0.0002852727355,0.0002060864944,0.003207972837,0.004999999999,1.066488576e-06,4.334287832e-07,72.94389301,24.48998841,0.01317142437,0.9590753494,1.069164643
baseline,100,1,COMPLETED,0.014347381,0.05122719796,7.715389217e-05,0.0003016272973,0.000281932931,0.003216133971,0.004999999999,1.020631184e-06,4.693217226e-07,72.97191779,34.85136652,0.0144349687,0.9576143859,1.067517325
baseline,100,1,COMPLETED,0.014510296,0.05129498158,8.656884192e-05,0.0003281107219,0.0003447881077,0.003224358634,0.004999999999,1.033219223e-06,6.750579363e-07,72.98217018,36.22702769,0.01432207355,0.9565258122,1.065292542
baseline,100,1,COMPLETED,0.014673211,0.05138324088,9.96331594e-05,0.0003686814367,0.0004024764027,0.00323259772,0.004999999999,1.083617623e-06,8.250415763e-07,72.99523134,37.33666288,0.01424596235,0.9555997202,1.062480566
baseline,100,1,COMPLETED,0.014836126,0.05171692032,0.0001144020969,0.000414003935,0.0004736316069,0.003240864131,0.004999999999,1.171926692e-06,9.477092027e-07,72.99907437,38.1111563,0.01420151502,0.9538242306,1.05919209
baseline,100,1,COMPLETED,0.014999041,0.05189545263,0.0001281968361,0.0004470465008,0.0005475489416,0.003249160098,0.004999999999,1.039811884e-06,8.979196714e-07,72.98641596,38.51425589,0.01420636257,0.9501143688,1.055183584
baseline,100,1,COMPLETED,0.015161956,0.05200701603,0.0001389669734,0.0004595936072,0.0006458340239,0.003257458836,0.004999999998,1.074951628e-06,1.01660618e-06,72.98063565,46.02559063,0.01766910124,0.9463211374,1.103041498
baseline,100,1,COMPLETED,0.015324871,0.05204702434,0.000150189176,0.0004852915641,0.0006931234308,0.003265753175,0.004999999998,1.016283467e-06,1.026286889e-06,72.97903871,51.81038556,0.01809412328,0.9425827545,1.102056311
baseline,100,1,COMPLETED,0.015487786,0.05177737228,0.0001626332204,0.0005209678111,0.0007132823372,0.003274038378,0.004999999998,1.034194914e-06,1.057926443e-06,72.96556764,51.75612107,0.01814788213,0.9391894756,1.100916337
baseline,100,1,COMPLETED,0.015650701,0.05176362378,0.0001784296302,0.0005597970813,0.0007574479996,0.003282386528,0.004999999998,9.584423024e-07,9.898929202e-07,72.95824231,51.20733212,0.01883876224,0.9358820975,1.09976932
baseline,100,1,COMPLETED,0.015813616,0.05245975359,0.000196170352,0.0005950033,0.0007686734487,0.003290647739,0.004999999998,1.024777011e-06,1.070719695e-06,72.96019061,51.09251739,0.01886550611,0.9320208444,1.098280186
baseline,100,1,COMPLETED,0.015976531,0.05234765937,0.0002087066553,0.0005881308046,0.0008199643587,0.003298878099,0.004999999998,1.200036475e-06,1.208986663e-06,72.9973546,48.64572218,0.02013628583,0.9284907316,1.096364163
baseline,100,1,COMPLETED,0.016139446,0.05177513046,0.0002145421244,0.0005615499745,0.0008504007582,0.003307036394,0.004999999998,1.344589143e-06,1.291340707e-06,72.99913758,48.81149371,0.02028952159,0.9265536037,1.093493867
baseline,100,1,COMPLETED,0.016302361,0.05195104255,0.0002120573816,0.0005137982965,0.0009142927123,0.003315255326,0.004999999998,1.432666084e-06,1.32428162e-06,72.98727062,49.38964441,0.02326169661,0.925554616,1.104014868
baseline,100,1,COMPLETED,0.016465276,0.0521522066,0.0002123994973,0.0005004008519,0.0009767894515,0.003323568876,0.004999999998,1.55232116e-06,1.414328548e-06,72.95625934,49.6116212,0.02343279518,0.9259574335,1.104680867
baseline,100,1,COMPLETED,0.016628191,0.05387168428,0.0002092690601,0.0004783887062,0.00101741487,0.003331868379,0.004999999998,1.578253687e-06,1.418411829e-06,72.91208182,50.04451376,0.02355168666,0.9278964377,1.10568953
baseline,100,1,COMPLETED,0.016791106,0.05421423219,0.0002020252851,0.000442638559,0.00103147762,0.003340170827,0.004999999998,1.680717039e-06,1.425996394e-06,72.88201711,51.64910316,0.02351728008,0.9299257119,1.106277902
baseline,100,1,COMPLETED,0.016954021,0.05335562411,0.0001984336519,0.0003980352961,0.001020030892,0.003348473158,0.004999999998,1.465116089e-06,1.164322112e-06,72.85406732,71.2425758,0.02406536176,0.9300961889,1.10558256
baseline,100,1,COMPLETED,0.017116936,0.05308181939,0.0002024469425,0.0003955410455,0.0011265129,0.003356851078,0.004999999998,1.522185045e-06,1.061457556e-06,72.82313533,70.63736948,0.02409738209,0.9307472856,1.104173879
baseline,100,1,COMPLETED,0.017279851,0.05350613358,0.00020757743,0.0004213961785,0.001205015442,0.003365246383,0.004999999998,1.588067924e-06,9.597316897e-07,72.79457607,73.30657464,0.02528539386,0.9320741701,1.102934066
baseline,100,1,COMPLETED,0.017442766,0.05581827773,0.0002175594828,0.0004904695893,0.00122620395,0.0033735986,0.004999999998,1.693355227e-06,9.109540221e-07,72.76298226,75.05229621,0.0251682263,0.9316658174,1.101885637
baseline,100,1,COMPLETED,0.017605681,0.05680771136,0.0002303685026,0.0005181540565,0.001221698109,0.003381961799,0.004999999998,1.790408952e-06,7.715302705e-07,72.74945377,80.77153007,0.02481222841,0.9278849677,1.100158938
baseline,100,1,COMPLETED,0.017768596,0.05810045737,0.0002408452764,0.0005303092835,0.001196347989,0.003390255515,0.004999999998,1.91093096e-06,7.133657355e-07,72.7426041,78.17930384,0.0243511919,0.9246450456,1.098173521
baseline,100,1,COMPLETED,0.017931511,0.05742162304,0.0002429772335,0.000512114203,0.001142729448,0.003398436071,0.004999999998,2.035727598e-06,6.57376702e-07,72.71680459,77.01007491,0.02357145486,0.9224712856,1.096672361
baseline,100,1,COMPLETED,0.018094426,0.05649507969,0.0002530061826,0.0005372353296,0.001122899953,0.003406599273,0.004999999998,2.132368877e-06,5.662218253e-07,72.67840413,70.57583411,0.02347725289,0.9200804372,1.093932718
baseline,100,1,COMPLETED,0.018257341,0.06134880012,0.000280258831,0.0006664133083,0.001139028422,0.003414794516,0.004999999998,2.255346205e-06,4.680591083e-07,72.63137777,84.12465619,0.02509480587,0.9188738432,1.089940394
baseline,100,1,COMPLETED,0.018420256,0.0648855718,0.0003129132561,0.0008245107064,0.001229786132,0.003423142435,0.004999999998,2.333785569e-06,4.424078924e-07,72.54919728,81.39361596,0.02539145602,0.920237464,1.088043659
baseline,100,1,COMPLETED,0.018583171,0.06731872323,0.0003387197006,0.0009810314671,0.001283123554,0.00343145538,0.004999999998,2.369407872e-06,3.647877458e-07,72.49103023,78.10153496,0.02581922216,0.9239744336,1.089813784
baseline,100,1,COMPLETED,0.018746086,0.06612747885,0.0003479825687,0.001012273423,0.001283042955,0.003439725351,0.004999999998,2.540393919e-06,3.799019622e-07,72.44055278,77.66000276,0.02633540932,0.9292236894,1.096334392
baseline,100,1,COMPLETED,0.018909001,0.0650436277,0.000332732045,0.0008942901428,0.001210882208,0.003447931203,0.004999999997,2.496434071e-06,3.470856076e-08,72.42881134,79.12560942,0.02670082952,0.9334072554,1.101447622
baseline,100,1,COMPLETED,0.019071916,0.06600698181,0.0003293696182,0.0008827584834,0.001202312496,0.003456154894,0.004999999997,2.529964553e-06,2.377821403e-07,72.43166252,71.53559409,0.02662867138,0.9344265309,1.104101897
baseline,100,1,COMPLETED,0.019234831,0.06752193777,0.0003440644558,0.0009621710705,0.001202380577,0.003464419608,0.004999999997,2.575472283e-06,4.019596817e-07,72.44659754,68.30521649,0.02785727567,0.9349707244,1.106290418
baseline,100,1,COMPLETED,0.019397746,0.06927140513,0.0003586828417,0.00101440963,0.001216451837,0.003472706294,0.004999999997,2.599122836e-06,5.154594771e-07,72.44149217,65.48521973,0.02808509918,0.9374094757,1.108634917
baseline,100,1,COMPLETED,0.019560661,0.07070970294,0.0003819215406,0.001103397772,0.001164203003,0.003480943173,0.004999999997,2.659041748e-06,7.093586904e-07,72.41246015,80.37258954,0.02790615845,0.9535015516,1.110504814
baseline,100,1,COMPLETED,0.019723576,0.06874971501,0.0003900788207,0.001129631388,0.001082151873,0.003489097569,0.004999999997,2.674423551e-06,8.138647987e-07,72.39299509,76.90852723,0.02825272517,0.955189341,1.112325045
baseline,100,1,COMPLETED,0.019886491,0.06703767833,0.0003846000786,0.001085681391,0.0009722842484,0.003497130255,0.004999999997,2.666131048e-06,9.311954109e-07,72.34486819,73.68832238,0.02870225757,0.9550354755,1.114647069
baseline,100,1,COMPLETED,0.020049406,0.06227268266,0.0003681331779,0.001023693694,0.0009244539534,0.003505162522,0.004999999997,2.651572253e-06,1.062015659e-06,72.31618201,67.22877487,0.0287805571,0.955475062,1.116221815
baseline,100,1,COMPLETED,0.020212321,0.06279931117,0.0003537165651,0.0009826384972,0.000912386101,0.003513190508,0.004999999997,2.637847754e-06,1.194339241e-06,72.29944911,78.47464612,0.02959303517,0.953786924,1.11705383
baseline,100,1,COMPLETED,0.020375236,0.06311377314,0.0003442463519,0.0009671550493,0.000968425517,0.003521343342,0.004999999997,2.59598788e-06,1.189222947e-06,72.26556339,73.8496904,0.030263315,0.9536635895,1.118088487
baseline,100,1,COMPLETED,0.020538151,0.06233613394,0.0003345812502,0.0009376607556,0.001029987362,0.003529483347,0.004999999997,2.566007887e-06,1.176363267e-06,72.27076784,70.90750006,0.03096127621,0.9544379534,1.118551604
baseline,100,1,COMPLETED,0.020701066,0.05957846135,0.0003209022673,0.0008907086003,0.001050309765,0.003537590958,0.004999999997,2.500399307e-06,1.234432004e-06,72.2765725,70.18848565,0.03172247312,0.9557366822,1.118486306
baseline,100,1,COMPLETED,0.020863981,0.05918963849,0.0002994425292,0.000829635064,0.001013866143,0.003545636546,0.004999999997,2.500210587e-06,1.19451418e-06,72.3010571,67.63647509,0.0324644729,0.9555023766,1.118503243
baseline,100,1,COMPLETED,0.021026896,0.05836039657,0.0002840925205,0.0008092769126,0.0009369087447,0.003553592801,0.004999999997,2.402813677e-06,1.624549673e-06,72.34251609,68.59487316,0.03325164803,0.9470834586,1.118744037
baseline,100,1,COMPLETED,0.021189811,0.05696087035,0.0002739498053,0.0008033091476,0.0008602764264,0.003561575135,0.004999999997,2.329281623e-06,1.752733433e-06,72.3935062,63.45602221,0.03369309572,0.9556324064,1.119095437
baseline,100,1,COMPLETED,0.021352726,0.05683656244,0.0002726308172,0.0007679445806,0.0007767969597,0.003569571263,0.004999999997,2.195960256e-06,1.796860583e-06,72.40401313,67.974566,0.03438290451,0.9561650416,1.118386277
baseline,100,1,COMPLETED,0.021515641,0.05666957092,0.0002897048224,0.0007899701514,0.0006965135773,0.00357756598,0.004999999997,2.118447742e-06,1.912695291e-06,72.40529262,65.11852564,0.03486289451,0.9562912565,1.115175634
baseline,100,1,COMPLETED,0.021678556,0.05742684355,0.0003053857242,0.0008082803031,0.000588596017,0.003585523785,0.004999999997,2.032940515e-06,1.984629199e-06,72.40181127,66.36456867,0.03576354363,0.9416392476,1.11419532
baseline,100,1,COMPLETED,0.021841471,0.0586157705,0.000331952729,0.000864810152,0.0004830867848,0.003593373287,0.004999999997,1.923177732e-06,1.986562879e-06,72.36210671,63.48493019,0.03584281874,0.950868704,1.113200748
baseline,100,1,COMPLETED,0.022004386,0.05785776769,0.000346774891,0.0008708867303,0.0003416194247,0.003601135031,0.004999999997,1.815013757e-06,1.990360795e-06,72.33975363,61.39170301,0.03665937247,0.956550996,1.118362022
baseline,100,1,COMPLETED,0.022167301,0.05607783936,0.0003336067584,0.0007881149306,0.0003374026066,0.003608955529,0.004999999997,1.721136019e-06,2.022589456e-06,72.34304615,57.67838035,0.03715404495,0.9554278419,1.122039203
baseline,100,1,COMPLETED,0.022330216,0.05597089745,0.0003241000352,0.000750955857,0.0003046311177,0.003616785661,0.004999999996,1.621702687e-06,2.032453078e-06,72.38873345,55.77364723,0.03780149268,0.9552279125,1.123519063
baseline,100,1,COMPLETED,0.022493131,0.05590235632,0.000329790598,0.0007605401718,0.0003423215636,0.003624680139,0.004999999996,1.518910354e-06,1.952656949e-06,72.42069756,51.2986552,0.03806166034,0.9553094908,1.123091125
baseline,100,1,COMPLETED,0.022656046,0.05656729633,0.0003421185564,0.0007921457801,0.000341303933,0.003632558595,0.004999999996,1.460006157e-06,1.912445533e-06,72.48781744,51.46731216,0.03823932022,0.9544301478,1.123104299
baseline,100,1,COMPLETED,0.022818961,0.05637085809,0.0003534427698,0.0008044685941,0.0003292130911,0.003640403075,0.004999999996,1.493312383e-06,1.969666671e-06,72.5136002,52.29937066,0.03848876618,0.9546700393,1.125427947
baseline,100,1,COMPLETED,0.022981876,0.05537709082,0.0003650457378,0.000806764109,0.0002726487969,0.003648200888,0.004999999996,1.482902521e-06,1.895638512e-06,72.54415404,51.65073962,0.03866798596,0.9541217759,1.125903334
baseline,100,1,COMPLETED,0.023144791,0.05484565987,0.0003799150031,0.000811396292,0.0001782086457,0.003655938686,0.004999999996,1.541127694e-06,1.755013914e-06,72.58481807,58.16800559,0.03994009602,0.9071736997,1.124708272
baseline,100,1,COMPLETED,0.023307706,0.05412722855,0.0003946473579,0.0008163841837,6.273244179e-05,0.003663687613,0.004999999996,1.69210506e-06,1.734764537e-06,72.59895076,54.30278012,0.03998318732,0.9149392099,1.124502611
baseline,100,1,COMPLETED,0.023470621,0.05363934529,0.0004007950863,0.0008085363226,3.89001177e-05,0.003671460453,0.004999999996,1.898343229e-06,1.683095835e-06,72.60082572,58.65959846,0.03961715947,0.9241145236,1.124979732
baseline,100,1,COMPLETED,0.023633536,0.05340163124,0.0004059315227,0.0008102224298,0.0001525904065,0.003679224882,0.004999999996,2.10768404e-06,1.705864639e-06,72.6080731,56.77617236,0.03940932022,0.9339094314,1.123323321
baseline,100,1,COMPLETED,0.023796451,0.05320224185,0.0004134234143,0.0007968322299,0.0002913343377,0.003686937705,0.004999999996,2.368021015e-06,1.658962035e-06,72.60651603,56.83571815,0.0399664218,0.9219520311,1.12074558
baseline,100,1,COMPLETED,0.023959366,0.0530185353,0.0004238027948,0.000791277561,0.0004172261971,0.003694574422,0.004999999996,2.619822063e-06,1.565906678e-06,72.56919968,55.29408411,0.03925381559,0.9301532209,1.118657716
baseline,100,1,COMPLETED,0.024122281,0.05283705984,0.00043683693,0.0008014286991,0.0005461272579,0.00370216594,0.004999999996,2.898780715e-06,1.50587269e-06,72.57167328,55.69272429,0.03912847218,0.938838428,1.117881531
baseline,100,1,COMPLETED,0.024285196,0.05257011886,0.0004528749243,0.0008188791056,0.0005534837136,0.003709813459,0.004999999996,3.20280415e-06,1.504964846e-06,72.57139291,51.75579894,0.03898836864,0.9472375563,1.116814677
baseline,100,1,COMPLETED,0.024448111,0.05219612399,0.000477007583,0.0008568322372,0.0005949420771,0.003717482779,0.004999999996,3.560540504e-06,1.491186581e-06,72.59268631,47.97325147,0.03969586508,0.9305369354,1.118803118
baseline,100,1,COMPLETED,0.024611026,0.05220083537,0.0004984823604,0.0008851770967,0.0005870205709,0.003725203929,0.004999999996,3.865410506e-06,1.394236546e-06,72.62786023,44.29305895,0.03936567095,0.9374942766,1.120659734
baseline,100,1,COMPLETED,0.024773941,0.05226284397,0.0005167783347,0.0009187627843,0.0006138134193,0.003732922313,0.004999999996,4.180169556e-06,1.318823973e-06,72.67462251,44.03470791,0.03909909483,0.9442471386,1.121861284
baseline,100,1,COMPLETED,0.024936856,0.05230491374,0.0005348844692,0.0009452517995,0.0006407550799,0.003740617536,0.004999999996,4.579330638e-06,1.350065645e-06,72.69243559,44.37094806,0.03889245761,0.9511518424,1.122843359
baseline,100,1,COMPLETED,0.025099771,0.0523128092,0.0005625158051,0.0009879553384,0.000704702923,0.003748290181,0.004999999996,4.848606743e-06,1.25920155e-06,72.71265653,44.22672086,0.03864087411,0.9586146569,1.124700096
baseline,100,1,COMPLETED,0.025262686,0.05230227752,0.000588050638,0.001032213537,0.0007982224157,0.003755915227,0.004999999996,5.154939051e-06,3.773756348e-07,72.76678174,59.636713,0.04025213694,0.8803217909,1.126491167
baseline,100,1,COMPLETED,0.025425601,0.05225766659,0.0006021976495,0.001051789117,0.0009318893434,0.003763536859,0.004999999995,5.503423999e-06,3.214776479e-07,72.77389825,55.24791353,0.03977910585,0.8863806174,1.126867927
baseline,100,1,COMPLETED,0.025588516,0.05233183508,0.0006144738724,0.001073314362,0.001039367428,0.003771187885,0.004999999995,5.912751675e-06,2.518259143e-07,72.76614916,58.07906982,0.03932168216,0.89379537,1.125009671
baseline,100,1,COMPLETED,0.025751431,0.05240847219,0.0006251247961,0.001096848754,0.001153721567,0.003778852873,0.004999999995,6.286634921e-06,2.79649337e-07,72.7562903,55.56081386,0.03863874049,0.9021517336,1.121303063
baseline,100,1,COMPLETED,0.025914346,0.05246667972,0.0006319653182,0.001094540943,0.001295265032,0.003786480932,0.004999999995,6.694494622e-06,2.908638664e-07,72.73316044,51.89605488,0.03893534526,0.9070510212,1.116834928
baseline,100,1,COMPLETED,0.026077261,0.05243874241,0.000630238525,0.001061592137,0.001405963759,0.003794050328,0.004999999995,7.068684309e-06,2.437072348e-07,72.69806377,50.12009116,0.03778533872,0.9127732265,1.112418415
baseline,100,1,COMPLETED,0.026240176,0.0523961825,0.0006309525084,0.001041127695,0.001520046749,0.003801581531,0.004999999995,7.433264427e-06,2.319155064e-07,72.68126753,53.5162055,0.03747523884,0.9186802722,1.10902172
baseline,100,1,COMPLETED,0.026403091,0.05234670285,0.000646671985,0.001070873053,0.001514858802,0.003809176094,0.004999999995,7.806694183e-06,2.923750492e-07,72.68263513,49.41985292,0.0364993354,0.9241701375,1.106765845
baseline,100,1,COMPLETED,0.026566006,0.05230711318,0.0006682139064,0.001120969678,0.001544664361,0.003816788121,0.004999999995,8.215293022e-06,3.665528383e-07,72.71173164,47.5061958,0.03791688725,0.8921789511,1.105778907
baseline,100,1,COMPLETED,0.026728921,0.05224441694,0.000682294209,0.001152392986,0.001564136102,0.003824446815,0.004999999995,8.608669263e-06,3.74600233e-07,72.73410307,42.68472022,0.03736011846,0.8975142025,1.105465769
baseline,100,1,COMPLETED,0.026891836,0.05220434022,0.0006916406715,0.001176037373,0.001600700175,0.003832111515,0.004999999995,8.977163466e-06,3.86507285e-07,72.78235369,39.02102729,0.03675271394,0.9026384334,1.106168593
baseline,100,1,COMPLETED,0.027054751,0.05222970071,0.0006986204305,0.001188042145,0.00163736357,0.003839770698,0.004999999995,9.42055812e-06,5.386959694e-07,72.80428221,38.10008519,0.03617832448,0.9076794101,1.107223506
baseline,100,1,COMPLETED,0.027217666,0.0523505984,0.0007101729213,0.001209860172,0.001692713319,0.003847435511,0.004999999995,9.746001674e-06,5.842153366e-07,72.80395508,38.47556088,0.03554932854,0.9133468372,1.107089205
baseline,100,1,COMPLETED,0.027380581,0.05251617107,0.0007224270139,0.001233281604,0.001758114226,0.003855063844,0.004999999995,1.009409178e-05,9.407527501e-07,72.84434005,36.5316671,0.03492133965,0.919671964,1.105747021
baseline,100,1,COMPLETED,0.027543496,0.05265322855,0.0007350255085,0.001258887785,0.00187762143,0.003862680605,0.004999999995,1.043259251e-05,8.589254911e-07,72.84762952,50.45334368,0.03672335828,0.8642732079,1.10379497
baseline,100,1,COMPLETED,0.027706411,0.05276055738,0.0007462378481,0.001292014881,0.00198837856,0.0038703195,0.004999999995,1.085556958e-05,8.232127675e-07,72.8311907,51.21495316,0.03651190096,0.8694565142,1.101359828
baseline,100,1,COMPLETED,0.027869326,0.05277621076,0.0007532975544,0.001318348332,0.00210106207,0.003877987721,0.004999999995,1.123552896e-05,6.627899082e-07,72.81425397,48.57908108,0.03564432016,0.875546372,1.098335189
baseline,100,1,COMPLETED,0.028032241,0.05276803621,0.000753095473,0.001316652036,0.002237808056,0.003885637323,0.004999999995,1.163051938e-05,4.766106685e-07,72.79956349,47.04033099,0.03608575115,0.882040804,1.094228467
baseline,100,1,COMPLETED,0.028195156,0.05272067136,0.0007473982491,0.00128339277,0.002328359459,0.003893233966,0.004999999994,1.200098167e-05,3.644543067e-07,72.79383781,46.40652503,0.03496594775,0.8889046371,1.090179325
baseline,100,1,COMPLETED,0.028358071,0.052673303,0.000745690956,0.001262524241,0.002423560282,0.00390080349,0.004999999994,1.233154608e-05,2.351138529e-07,72.79802972,51.98791,0.03460103603,0.8953036981,1.087414114
baseline,100,1,COMPLETED,0.028520986,0.05267294308,0.0007584324747,0.001295106243,0.002408258324,0.003908422867,0.004999999994,1.267634402e-05,2.051135437e-08,72.80676421,48.06812261,0.03405101672,0.9009091783,1.085279487
baseline,100,1,COMPLETED,0.028683901,0.05269420004,0.0007733598581,0.00133835134,0.002425478496,0.00391607074,0.004999999994,1.305042049e-05,2.239850721e-07,72.84515516,44.92266775,0.03389119767,0.9041139331,1.082540389
baseline,100,1,COMPLETED,0.028846816,0.05266802248,0.0007769701159,0.001341333059,0.002455122772,0.003923759171,0.004999999994,1.343065247e-05,4.259916147e-07,72.86844318,47.58127018,0.03606304866,0.8642382655,1.079079338
baseline,100,1,COMPLETED,0.029009731,0.05261642928,0.0007756128054,0.00133154464,0.002493086453,0.003931464249,0.004999999994,1.375533503e-05,5.94226688e-07,72.90309639,43.53609263,0.03552571938,0.8676501817,1.077316753
baseline,100,1,COMPLETED,0.029172646,0.0525945008,0.0007719296094,0.001319966871,0.002530262687,0.003939176655,0.004999999994,1.415429918e-05,9.00124496e-07,72.91448248,39.95635691,0.03500457352,0.8709559751,1.078979248
baseline,100,1,COMPLETED,0.029335561,0.05261460382,0.0007684532363,0.001312863708,0.00257295881,0.003946910533,0.004999999994,1.446579917e-05,1.123585183e-06,72.92223921,38.73661319,0.03450805101,0.8745710508,1.080633163
baseline,100,1,COMPLETED,0.029498476,0.05264884399,0.0007653582282,0.001308009062,0.002619404842,0.003954622889,0.004999999994,1.470222214e-05,9.400219701e-07,72.93839763,38.46504404,0.03400252301,0.8788462122,1.081240603
baseline,100,1,COMPLETED,0.029661391,0.05269760408,0.00076156147,0.001303461438,0.002719320782,0.003962326128,0.004999999994,1.497607737e-05,7.325481025e-07,72.95878077,50.39784646,0.03682555301,0.8463319077,1.081317027
baseline,100,1,COMPLETED,0.029824306,0.05273099686,0.0007573256983,0.001303833466,0.002818448187,0.003970048618,0.004999999994,1.532940434e-05,5.815344613e-07,72.92882125,48.26867939,0.03778836602,0.8484715296,1.080327143
baseline,100,1,COMPLETED,0.029987221,0.05270506768,0.0007510892112,0.001299235941,0.002922749484,0.003977808187,0.004999999994,1.563793025e-05,2.951233021e-07,72.90078048,45.58444614,0.03721502848,0.8517968147,1.077302484
baseline,100,1,COMPLETED,0.030150136,0.05263366582,0.0007426896417,0.001283686294,0.00304128933,0.003985559619,0.004999999994,1.597160429e-05,6.401048754e-09,72.88289483,45.10719155,0.0382681293,0.8559219576,1.072954078
baseline,100,1,COMPLETED,0.030313051,0.05255001183,0.0007357538754,0.001266499367,0.003114188448,0.003993265616,0.004999999994,1.627956016e-05,2.312198165e-07,72.88278171,44.59228595,0.03748803585,0.860269268,1.068645467
baseline,100,1,COMPLETED,0.030475966,0.05249428172,0.0007324416878,0.001260407501,0.003171741124,0.004000966785,0.004999999994,1.651171851e-05,4.48181697e-07,72.89808818,50.50713548,0.03817480053,0.8642048561,1.069374295
baseline,100,1,COMPLETED,0.030638881,0.05247199118,0.0007347799848,0.001271667517,0.003142509904,0.004008705758,0.004999999994,1.676737036e-05,7.480962184e-07,72.90474343,47.3783709,0.03794902853,0.8676134609,1.070157368
baseline,100,1,COMPLETED,0.030801796,0.05246117663,0.0007367859347,0.001287683825,0.003146191765,0.004016487187,0.004999999993,1.706646632e-05,1.051353e-06,72.93243618,44.19686826,0.03802692083,0.8712831319,1.071087689
baseline,100,1,COMPLETED,0.030964711,0.05240412473,0.0007285900351,0.001269955439,0.003172117888,0.004024290477,0.004999999993,1.73677913e-05,1.33349026e-06,72.94525734,51.69253608,0.04111038603,0.8379918386,1.072443376
baseline,100,1,COMPLETED,0.031127626,0.0523179488,0.0007141054396,0.001234409798,0.003212279655,0.004032121839,0.004999999993,1.759051855e-05,1.544417811e-06,72.98429,47.94422108,0.04085262315,0.8397371566,1.072866033
baseline,100,1,COMPLETED,0.031290541,0.05224283044,0.0007000960734,0.001205305189,0.003237858676,0.004039965465,0.004999999993,1.789253312e-05,1.884407061e-06,72.98147676,43.32236422,0.04066326916,0.8414794279,1.073422852
baseline,100,1,COMPLETED,0.031453456,0.05219495459,0.0006852431502,0.00117762451,0.003260982045,0.00404783997,0.004999999993,1.811879611e-05,2.143774421e-06,72.98940267,42.96493299,0.04019522616,0.8434601945,1.074505058
baseline,100,1,COMPLETED,0.031616371,0.05214354715,0.0006677928738,0.001142986041,0.003285627679,0.004055713488,0.004999999993,1.818700757e-05,4.495225707e-07,73.00379813,42.02167416,0.04007120582,0.8460637802,1.075672765
baseline,100,1,COMPLETED,0.031779286,0.05209298224,0.0006502490755,0.001108607835,0.003366349134,0.004063577477,0.004999999993,1.836378634e-05,2.482481337e-07,73.00917819,51.32038426,0.04280671832,0.8332882882,1.075872783
baseline,100,1,COMPLETED,0.031942201,0.05204498172,0.0006362411347,0.001086466223,0.00345397564,0.004071461502,0.004999999993,1.859185167e-05,6.598206745e-08,72.9969906,48.17681739,0.04447471921,0.8329062591,1.074825969
baseline,100,1,COMPLETED,0.032105116,0.05205745685,0.0006191029278,0.001061516854,0.003552209338,0.004079385739,0.004999999993,1.878051478e-05,2.411453212e-07,72.96079553,45.96291663,0.04407109083,0.8338786664,1.074895605
baseline,100,1,COMPLETED,0.032268031,0.05189114011,0.0006030368801,0.001034927296,0.003637543901,0.004087286262,0.004999999993,1.902541886e-05,4.992272081e-07,72.94605892,45.02091539,0.04492821061,0.8358841134,1.076372593
baseline,100,1,COMPLETED,0.032430946,0.0518280508,0.0005930804712,0.001019251815,0.003688067485,0.004095168423,0.004999999993,1.919481029e-05,7.085241479e-07,72.95527692,44.77776914,0.04458557548,0.8381256258,1.077385158
baseline,100,1,COMPLETED,0.032593861,0.05179782792,0.0005889880207,0.001019427606,0.003687438299,0.004103062607,0.004999999993,1.929641065e-05,9.049391415e-07,72.9633717,48.44367263,0.04594551405,0.8400515962,1.078544558
baseline,100,1,COMPLETED,0.032756776,0.05177509097,0.0005847314,0.001020761832,0.003638471529,0.004110988642,0.004999999993,1.943073832e-05,1.182728487e-06,72.96696294,45.49612092,0.04574729541,0.8417844415,1.080087736
baseline,100,1,COMPLETED,0.032919691,0.05201618741,0.0005791048091,0.00102099277,0.003638868801,0.004118976955,0.004999999993,1.961991825e-05,1.417577434e-06,72.99834696,42.00255407,0.04574281285,0.8441742594,1.081650545
baseline,100,1,COMPLETED,0.033082606,0.05191828359,0.000565252583,0.0009957490135,0.003658507153,0.004126948634,0.004999999993,1.975538851e-05,1.623240782e-06,73.00824426,52.91990929,0.04886593538,0.8207141927,1.082468545
baseline,100,1,COMPLETED,0.033245521,0.0520346397,0.0005442709671,0.0009558672113,0.003689611642,0.004134966356,0.004999999992,1.98659161e-05,1.824719237e-06,73.04571481,49.53582083,0.04861345471,0.821022887,1.082124208
baseline,100,1,COMPLETED,0.033408436,0.05233507239,0.0005263953695,0.0009284743109,0.003712805607,0.004143014352,0.004999999992,2.005792174e-05,2.14471191e-06,73.04022477,47.45183561,0.04803145085,0.821345612,1.081050274
baseline,100,1,COMPLETED,0.033571351,0.05260050686,0.0005076115146,0.0008941753056,0.003707388105,0.004151080073,0.004999999992,2.02886638e-05,7.309319709e-07,73.0434746,45.30444742,0.04770626299,0.822014273,1.080474289
baseline,100,1,COMPLETED,0.033734266,0.05254519037,0.0004853488944,0.0008516700785,0.003721796811,0.004159156839,0.004999999992,1.998627713e-05,6.062446846e-07,73.04833362,53.6552859,0.05022794922,0.8235043511,1.080906359
baseline,100,1,COMPLETED,0.033897181,0.05276315919,0.0004670070956,0.0008209486978,0.003779875985,0.004167231736,0.004999999992,2.006808485e-05,5.078751899e-07,73.03609387,50.68660239,0.05002301299,0.8255553766,1.08091429
baseline,100,1,COMPLETED,0.034060096,0.05289770018,0.0004516579586,0.0008014469556,0.003863967043,0.004175331319,0.004999999992,2.013512387e-05,3.158092081e-07,73.00168923,48.2334257,0.05155622443,0.8236996087,1.079960839
baseline,100,1,COMPLETED,0.034223011,0.05445437635,0.0004364529849,0.0007878590269,0.003948311433,0.004183469182,0.004999999992,2.019905625e-05,6.09355194e-08,72.97241592,46.40205845,0.05256410788,0.8233557964,1.080538248
baseline,100,1,COMPLETED,0.034385926,0.05233532707,0.0004226264038,0.0007694736228,0.003979440135,0.004191547473,0.004999999992,2.030741159e-05,1.660084964e-07,72.97093112,45.91895866,0.05167275508,0.8237058044,1.080786755
baseline,100,1,COMPLETED,0.034548841,0.05220851563,0.0004182972117,0.000772664037,0.003975050216,0.004199653929,0.004999999992,2.023658731e-05,2.786160227e-07,72.99030792,44.21214751,0.05202117891,0.824080137,1.080668092
baseline,100,1,COMPLETED,0.034711756,0.05212623077,0.0004157212552,0.0007803921003,0.003905778562,0.004207772263,0.004999999992,2.020216296e-05,4.822548415e-07,73.00289046,45.24383252,0.05289884616,0.8242127192,1.080923698
baseline,100,1,COMPLETED,0.034874671,0.05325425704,0.0004102558702,0.0007792812025,0.003864226887,0.004215942883,0.004999999992,2.022358772e-05,7.125369574e-07,73.00983702,41.34702874,0.05272118121,0.8247791718,1.08174593
baseline,100,1,COMPLETED,0.035037586,0.05322182813,0.0004039623159,0.000774941308,0.003876681769,0.004224132026,0.004999999992,2.023536376e-05,9.216193338e-07,73.02568318,53.28552467,0.05562138959,0.8119920439,1.082738032
baseline,100,1,COMPLETED,0.035200501,0.05275733712,0.0003887439191,0.0007462418528,0.003904974855,0.004232348802,0.004999999992,2.016434394e-05,1.068607989e-06,73.05106775,51.07078822,0.05532828193,0.8108609282,1.083357952
baseline,100,1,COMPLETED,0.035363416,0.0528713572,0.0003745722093,0.0007314304144,0.003903913922,0.004240590353,0.004999999992,2.01781208e-05,1.344552056e-06,73.0555418,50.2457804,0.05462176535,0.8097948699,1.082961795
baseline,100,1,COMPLETED,0.035526331,0.053130808,0.0003645245672,0.0007190619659,0.003884236374,0.004248877489,0.004999999991,2.010006972e-05,1.524235646e-06,73.05340793,47.20712044,0.05422988473,0.8089107738,1.081765741
baseline,100,1,COMPLETED,0.035689246,0.05321308088,0.0003503892415,0.0006986151576,0.003854249491,0.004257177476,0.004999999991,1.990054473e-05,1.403789964e-06,73.05068083,52.78848483,0.05613192016,0.8088329796,1.080319143
baseline,100,1,COMPLETED,0.035852161,0.05456922433,0.0003384921436,0.0006898091674,0.003879171602,0.004265466347,0.004999999991,1.97838417e-05,1.248000363e-06,73.03955544,50.33632561,0.05585863866,0.8098631729,1.079416927
baseline,100,1,COMPLETED,0.036015076,0.05436005418,0.0003322598545,0.0006931543045,0.003936827261,0.004273777959,0.004999999991,1.970859502e-05,1.089774713e-06,73.01865852,49.90764986,0.05765349762,0.8116164444,1.07938297
baseline,100,1,COMPLETED,0.036177991,0.05653367478,0.0003314248215,0.0007096428476,0.004007909904,0.004282136204,0.004999999991,1.959787765e-05,7.940570274e-07,72.98198613,48.83374174,0.05795685168,0.8142172545,1.07896607
baseline,100,1,COMPLETED,0.036340906,0.05374613759,0.0003331268378,0.0007018817926,0.004028331813,0.00429044005,0.004999999991,1.955940527e-05,5.455150523e-07,72.96566319,47.7127513,0.05715006855,0.8178494381,1.078362699
baseline,100,1,COMPLETED,0.036503821,0.05337285053,0.0003404947099,0.0007071047344,0.003998984276,0.004298771274,0.004999999991,1.933822967e-05,4.068001404e-07,72.98849168,44.74460451,0.05752752488,0.8169277159,1.077749724
baseline,100,1,COMPLETED,0.036666736,0.05330244884,0.0003482653101,0.0007161915682,0.003906857834,0.004307102057,0.004999999991,1.913818483e-05,1.853923794e-07,73.00039768,44.01079387,0.058239269,0.8156333305,1.077186358
baseline,100,1,COMPLETED,0.036829651,0.0542597727,0.0003591895983,0.0007334490356,0.003836511785,0.004315482377,0.004999999991,1.899862561e-05,8.790877479e-08,73.00625395,39.70018157,0.05788655941,0.8148927405,1.076761417
baseline,100,1,COMPLETED,0.036992566,0.05430299733,0.0003675874789,0.0007441634687,0.003836334707,0.004323889385,0.004999999991,1.884431555e-05,3.261146014e-07,73.02838784,51.74074681,0.06042996955,0.8110521274,1.076663866
baseline,100,1,COMPLETED,0.037155481,0.05335093573,0.0003668647126,0.0007360016822,0.003842985836,0.004332317815,0.004999999991,1.861365807e-05,5.148300943e-07,73.04857565,50.08563579,0.06035990696,0.80842577,1.076878138
baseline,100,1,COMPLETED,0.037318396,0.05331345795,0.0003687067854,0.000745022685,0.003824161935,0.004340774776,0.00499999999,1.847342159e-05,8.364256872e-07,73.05682315,49.86357588,0.05929302027,0.8060467442,1.076368502
baseline,100,1,COMPLETED,0.037481311,0.05347162898,0.0003787013956,0.0007611286404,0.00378542251,0.00434928077,0.00499999999,1.823644651e-05,1.052767913e-06,73.04747489,46.74960222,0.05881163658,0.8038986577,1.07502866
baseline,100,1,COMPLETED,0.037644226,0.05427010705,0.0003892735908,0.0007790677358,0.003738332975,0.004357798038,0.00499999999,1.789631305e-05,1.53743827e-06,73.03607151,50.41208802,0.06040174606,0.8026691711,1.074613931
baseline,100,1,COMPLETED,0.037807141,0.05567427029,0.0004032155286,0.0008101878378,0.003734976108,0.004366310018,0.00499999999,1.762918753e-05,1.332685529e-06,73.02808477,47.93619475,0.05986802719,0.8027063537,1.074357258
baseline,100,1,COMPLETED,0.037970056,0.05610752047,0.0004171847363,0.0008399088999,0.003775925783,0.004374837334,0.00499999999,1.739352573e-05,1.104523133e-06,73.00195955,49.93642669,0.06171502129,0.8034580673,1.073644618
baseline,100,1,COMPLETED,0.038132971,0.05754922282,0.0004334826513,0.000870453779,0.003826506309,0.004383404314,0.00499999999,1.713960098e-05,7.666691775e-07,72.96312018,47.65694862,0.0618720213,0.8050142883,1.072426086
baseline,100,1,COMPLETED,0.038295886,0.05506395718,0.0004465263695,0.0008733456547,0.003806358458,0.004391916415,0.00499999999,1.693034673e-05,4.829289708e-07,72.95654627,47.71720999,0.06069659977,0.807600174,1.070958673
baseline,100,1,COMPLETED,0.038458801,0.05498590906,0.000458114172,0.0008833197792,0.003723039301,0.004400463699,0.00499999999,1.654286703e-05,3.095552569e-07,72.98393002,43.41473259,0.06058225862,0.8109901609,1.069558317
baseline,100,1,COMPLETED,0.038621716,0.0550561155,0.0004671601997,0.0008930294371,0.003615578817,0.00440900518,0.004999999989,1.62001349e-05,3.712947123e-08,73.00146145,41.14182969,0.06176642997,0.814156655,1.068294193
baseline,100,1,COMPLETED,0.038784631,0.05508129086,0.000486620128,0.0009223560463,0.003538042036,0.004417610989,0.004999999989,1.592260444e-05,2.468562548e-07,73.00577335,36.70450708,0.06133351387,0.8123353698,1.067231179
baseline,100,1,COMPLETED,0.038947546,0.05557656761,0.0005018541431,0.000941767764,0.003522017671,0.004426211638,0.004999999989,1.558060258e-05,4.660284738e-07,73.00929887,48.31384805,0.06351422544,0.8113490983,1.067183645
baseline,100,1,COMPLETED,0.039110461,0.05481480809,0.0005098143204,0.0009474587608,0.003515328025,0.004434850737,0.004999999989,1.522643929e-05,7.002594356e-07,73.033728,46.56761506,0.06308976681,0.8115017831,1.066626416
baseline,100,1,COMPLETED,0.039273376,0.05450076815,0.0005226966777,0.0009680787646,0.003480388385,0.004443525121,0.004999999989,1.492124402e-05,1.003476748e-06,73.02764829,47.23217037,0.06258819623,0.8082619511,1.065872499
baseline,100,1,COMPLETED,0.039436291,0.0550242001,0.0005421457365,0.0009940092781,0.003409702927,0.004452229488,0.004999999989,1.445019435e-05,9.797458404e-07,73.0143276,44.79772749,0.06180158307,0.805176387,1.065538951
baseline,100,1,COMPLETED,0.039599206,0.05577713353,0.0005673731289,0.00103171647,0.003365012973,0.004460947389,0.004999999989,1.399995525e-05,7.490372189e-07,73.00991008,46.87916618,0.06313835126,0.8031398426,1.065447602
baseline,100,1,COMPLETED,0.039762121,0.05658692823,0.0005949401118,0.001075801266,0.003350019366,0.004469667523,0.004999999989,1.364821482e-05,6.134300411e-07,72.99171718,49.51414835,0.06443850031,0.80233464,1.065285723
baseline,100,1,COMPLETED,0.039925036,0.05779160795,0.0006208056959,0.001115801086,0.003372650119,0.004478403122,0.004999999988,1.325011642e-05,3.193976592e-07,72.95157894,48.00038833,0.06382042535,0.8021945374,1.065149009
baseline,100,1,COMPLETED,0.040087951,0.05788937715,0.0006411123967,0.001138435786,0.003368754269,0.004487138508,0.004999999988,1.290403953e-05,3.476529762e-08,72.93095484,45.67737169,0.06339840459,0.8029071386,1.064808632
baseline,100,1,COMPLETED,0.040250866,0.05612376929,0.0006536275082,0.001141447627,0.003317621481,0.00449584732,0.004999999988,1.247111716e-05,1.509069276e-07,72.94418663,46.1549288,0.06278605095,0.8046301337,1.065059814
baseline,100,1,COMPLETED,0.040413781,0.05678192491,0.0006615008286,0.001148482295,0.003181902166,0.004504590326,0.004999999988,1.196675645e-05,3.189447352e-07,72.97613895,40.69801236,0.06420698034,0.8071448035,1.06541703
baseline,100,1,COMPLETED,0.040576696,0.05640435723,0.0006776736201,0.001164834432,0.003061054202,0.004513329143,0.004999999988,1.153203227e-05,5.623795197e-07,72.97634715,38.04267357,0.0638791194,0.8097989281,1.065368864
baseline,100,1,COMPLETED,0.040739611,0.05730999047,0.0007057997259,0.001202482156,0.003000414002,0.004522121872,0.004999999988,1.11331525e-05,7.65319575e-07,72.98043167,46.05604783,0.06560936233,0.8120695845,1.059026475
baseline,100,1,COMPLETED,0.040902526,0.05680578415,0.0007244288009,0.001220553777,0.002968752313,0.004530914552,0.004999999987,1.060557985e-05,8.468390141e-07,72.98890539,44.52755895,0.06521355704,0.8131569841,1.058059055
baseline,100,1,COMPLETED,0.041065441,0.05673032197,0.0007383935055,0.001234450981,0.0029243984,0.00453974066,0.004999999987,1.018231869e-05,1.069557678e-06,73.00278317,46.34245307,0.06453024897,0.8125332491,1.057457008
baseline,100,1,COMPLETED,0.041228356,0.05707861111,0.0007581374824,0.001261237734,0.002857662942,0.004548609343,0.004999999987,9.700972027e-06,1.213076204e-06,72.98830613,43.42010244,0.06435541091,0.8127993491,1.057246483
baseline,100,1,COMPLETED,0.041391271,0.05793258709,0.0007853203497,0.001295429661,0.002772734526,0.004557498949,0.004999999987,9.073634618e-06,1.029228089e-07,72.97304405,43.94478099,0.0648719252,0.8113922022,1.056971329
baseline,100,1,COMPLETED,0.041554186,0.05827713202,0.0008150525442,0.001340348197,0.002727303193,0.004566392449,0.004999999987,8.565481041e-06,5.491736718e-09,72.95578098,42.29749585,0.06431247118,0.8088759742,1.057202726
baseline,100,1,COMPLETED,0.041717101,0.05894467459,0.0008441108147,0.001384736692,0.002718553773,0.004575286165,0.004999999986,8.07031252e-06,1.464598563e-07,72.92547026,45.77032412,0.06550219279,0.8073899746,1.057766124
baseline,100,1,COMPLETED,0.041880016,0.05953943322,0.000865001142,0.001411365506,0.002716439078,0.004584204678,0.004999999986,7.592373964e-06,3.446284703e-07,72.90178956,43.18415252,0.06540526682,0.8065544749,1.058258373
baseline,100,1,COMPLETED,0.042042931,0.05761416326,0.0008753434089,0.001409985822,0.002650742702,0.004593069653,0.004999999986,7.122106622e-06,4.620800573e-07,72.88674116,43.6320127,0.06415454684,0.8066264042,1.058767798
baseline,100,1,COMPLETED,0.042205846,0.05804043564,0.0008811795659,0.001408562858,0.002513095988,0.00460196836,0.004999999986,6.490376939e-06,4.759183285e-07,72.91839417,40.04103001,0.06409258841,0.8077460555,1.059632562
baseline,100,1,COMPLETED,0.042368761,0.05831563604,0.0008912714247,0.00141600547,0.002386702092,0.004610837999,0.004999999986,5.925896455e-06,5.780247052e-07,72.93813284,37.54902196,0.06502454814,0.8093963654,1.060739592
baseline,100,1,COMPLETED,0.042531676,0.05812971722,0.0009163069811,0.00145002604,0.002296585647,0.004619776957,0.004999999986,5.42308146e-06,6.450071012e-07,72.94907558,43.3656244,0.06665371867,0.8106690259,1.05521032
baseline,100,1,COMPLETED,0.042694591,0.05866112737,0.0009382058821,0.001477999932,0.002237559331,0.004628701801,0.004999999985,4.802539937e-06,6.037497487e-07,72.95685404,41.12306138,0.06649960542,0.8123872248,1.054702784
baseline,100,1,COMPLETED,0.042857506,0.05834769643,0.0009560759599,0.001498242974,0.002183208758,0.004637664912,0.004999999985,4.261593287e-06,6.50030407e-07,72.98163339,43.16040549,0.06593494394,0.8152958938,1.053988317
baseline,100,1,COMPLETED,0.043020421,0.05856037366,0.0009725751023,0.001519527048,0.002107006449,0.004646669176,0.004999999985,3.715472106e-06,6.679600106e-07,72.96101698,41.03929669,0.06540134332,0.8181350111,1.054138256
baseline,100,1,COMPLETED,0.043183336,0.05922567181,0.0009935857926,0.001547533418,0.00200154261,0.004655687547,0.004999999985,3.064223787e-06,1.885759758e-07,72.94487928,39.97472916,0.06537767697,0.8181769408,1.054273177
baseline,100,1,COMPLETED,0.043346251,0.05976570685,0.001019084995,0.001586952198,0.001932427614,0.004664723137,0.004999999984,2.478879659e-06,1.886465543e-07,72.92481931,38.62041611,0.06518993472,0.8178061498,1.054334743
baseline,100,1,COMPLETED,0.043509166,0.05983571667,0.001043481967,0.001625264368,0.001892269416,0.00467375323,0.004999999984,1.971980909e-06,1.897936519e-07,72.89510383,44.52346125,0.06623595761,0.8175440769,1.054291071
baseline,100,1,COMPLETED,0.043672081,0.06050195811,0.001060477539,0.001645900817,0.001875627194,0.004682805967,0.004999999984,1.566349639e-06,2.733712415e-07,72.86307792,42.09269041,0.06591953121,0.8168204336,1.054189018
baseline,100,1,COMPLETED,0.043834996,0.0589414644,0.001066417722,0.001639566167,0.001801693099,0.00469180729,0.004999999984,1.288691886e-06,2.641313859e-07,72.84859476,42.19680815,0.06469045716,0.8154720758,1.054011319
baseline,100,1,COMPLETED,0.043997911,0.05886801171,0.001067803749,0.001629415121,0.001665875403,0.004700828015,0.004999999984,1.097349972e-06,1.40322533e-07,72.88548749,39.05790648,0.06445020079,0.8152330868,1.053657051
baseline,100,1,COMPLETED,0.044160826,0.05927063097,0.001073703454,0.001630415322,0.001533070406,0.004709796388,0.004999999984,1.405603934e-06,1.06422232e-07,72.9065796,37.05919776,0.06542854232,0.8156102085,1.053123251
baseline,100,1,COMPLETED,0.044323741,0.05894284172,0.00109342764,0.001655975748,0.001421217204,0.004718833489,0.004999999983,1.848275343e-06,6.875467383e-08,72.90717225,39.68508937,0.06688652817,0.8156200043,1.052400682
baseline,100,1,COMPLETED,0.044486656,0.05917486182,0.001113340063,0.001682878877,0.001344351292,0.004727875047,0.004999999983,2.416544788e-06,1.045953741e-07,72.92105768,37.89063725,0.06659469076,0.8158771992,1.052318113
baseline,100,1,COMPLETED,0.044649571,0.05905173575,0.00113058201,0.001703494185,0.001278429845,0.004736946811,0.004999999983,3.005921807e-06,1.720184709e-07,72.93859856,38.89113631,0.06620611525,0.8173581106,1.052397764
baseline,100,1,COMPLETED,0.044812486,0.05893655351,0.001143003605,0.001717652709,0.001190803834,0.004746053491,0.004999999983,3.660176097e-06,2.649748706e-07,72.9206452,37.23073532,0.06579980768,0.8195605085,1.052310068
baseline,100,1,COMPLETED,0.044975401,0.05951425256,0.001157313433,0.001735044909,0.001075906451,0.004755169855,0.004999999982,4.294811584e-06,2.5106348e-07,72.90352437,35.85460125,0.06582966039,0.821760933,1.052146577
baseline,100,1,COMPLETED,0.045138316,0.05980324352,0.00117691115,0.001763877209,0.0009866318623,0.004764309691,0.004999999982,4.969550424e-06,1.854475916e-07,72.8838861,34.78516078,0.06542889258,0.8224575331,1.051904993
baseline,100,1,COMPLETED,0.045301231,0.05990269756,0.001195249344,0.001791524893,0.0009270329803,0.004773438247,0.004999999982,5.607746245e-06,9.755529421e-08,72.86098106,40.39976402,0.06655175773,0.8237264301,1.051553897
baseline,100,1,COMPLETED,0.045464146,0.06052653735,0.001207460098,0.001805139775,0.0008890617996,0.00478258732,0.004999999982,6.297486251e-06,1.136651136e-07,72.82643105,37.97714276,0.0661449131,0.8232212585,1.051140314
baseline,100,1,COMPLETED,0.045627061,0.05910000351,0.001209594959,0.001795940064,0.000812064619,0.004791683655,0.004999999982,6.954007e-06,3.047092471e-09,72.81502407,37.94709235,0.06503152465,0.82299041,1.050673741
baseline,100,1,COMPLETED,0.045789976,0.05900757692,0.00120881104,0.001785642658,0.0006783748792,0.004800779199,0.004999999982,7.700572014e-06,1.891690672e-07,72.85696279,35.96936408,0.06598881693,0.8242223221,1.050820657
baseline,100,1,COMPLETED,0.045952891,0.05934518947,0.001213101201,0.001785431617,0.0005454669809,0.004809816131,0.004999999982,8.426355431e-06,2.894987425e-07,72.87344724,33.3711654,0.06572968286,0.8259951654,1.051002154
baseline,100,1,COMPLETED,0.046115806,0.05909103365,0.001228828962,0.001805693104,0.0004246229709,0.004818922255,0.004999999981,9.113780956e-06,3.884484339e-07,72.87369003,36.65049777,0.06687981284,0.8246097386,1.050996876
baseline,100,1,COMPLETED,0.046278721,0.05900717492,0.00124450309,0.001826459637,0.0003310494029,0.004828047486,0.004999999981,9.87395043e-06,6.365318057e-07,72.88348367,35.11971379,0.06668230225,0.8235419916,1.050886
baseline,100,1,COMPLETED,0.046441636,0.05892667896,0.001258543552,0.001843268955,0.0002507276032,0.004837195621,0.004999999981,1.054960702e-05,7.43820091e-07,72.90629948,35.06792974,0.06647082947,0.8235934111,1.050677965
baseline,100,1,COMPLETED,0.046604551,0.05896716233,0.001266258219,0.001850623201,0.0001521234535,0.004846370013,0.004999999981,1.12813266e-05,8.956792026e-07,72.89456254,33.70194748,0.06620403578,0.8242969052,1.050309763
baseline,100,1,COMPLETED,0.046767466,0.05936910316,0.001275741907,0.001860702883,2.943325971e-05,0.004855553885,0.00499999998,1.192792973e-05,7.650849545e-07,72.86827612,32.29155925,0.06607073133,0.8259743615,1.049851192
baseline,100,1,COMPLETED,0.046930381,0.05941417425,0.001290687273,0.001881431517,7.102774017e-05,0.00486475994,0.00499999998,1.265790533e-05,6.807564414e-07,72.8576466,31.51681898,0.06580434567,0.8265339352,1.049548265
baseline,100,1,COMPLETED,0.047093296,0.05961743659,0.001304792379,0.00190168152,0.0001408927,0.00487395035,0.00499999998,1.333986604e-05,5.647121926e-07,72.83678451,37.63018305,0.06678484208,0.8280297921,1.049757617
baseline,100,1,COMPLETED,0.047256211,0.05992778188,0.001313005598,0.001909620621,0.0001975012953,0.004883164141,0.00499999998,1.406812585e-05,5.475975107e-07,72.80459344,35.50440906,0.06636193287,0.8286637531,1.049900302
baseline,100,1,COMPLETED,0.047419126,0.05895380636,0.001311033014,0.001896474816,0.000273780185,0.004892307066,0.00499999998,1.479787813e-05,3.677481563e-07,72.79991879,36.79932293,0.06507777966,0.8298426346,1.050007907
baseline,100,1,COMPLETED,0.047582041,0.05864240521,0.001307233675,0.001884363096,0.0004007020117,0.004901436756,0.00499999998,1.558279373e-05,1.463057338e-07,72.84340225,34.96480048,0.06606729899,0.8295570722,1.050071139
baseline,100,1,COMPLETED,0.047744956,0.05880934765,0.001309713998,0.001882963916,0.0005291755064,0.004910517151,0.00499999998,1.634185787e-05,1.162511284e-08,72.85975431,32.77911393,0.06600516807,0.8299186032,1.049999088
baseline,100,1,COMPLETED,0.047907871,0.05871552232,0.001321700476,0.001898667609,0.0006521461904,0.00491966937,0.004999999979,1.710257714e-05,1.707791251e-07,72.86454414,35.64226174,0.06708440192,0.8315857717,1.049731447
baseline,100,1,COMPLETED,0.048070786,0.05851871324,0.001333401209,0.001913580102,0.0007587761816,0.004928841558,0.004999999979,1.788679743e-05,4.472818855e-07,72.87213242,34.42177303,0.06698892611,0.8326875793,1.049360999
baseline,100,1,COMPLETED,0.048233701,0.05830890023,0.001343195566,0.001924565144,0.0008539305975,0.004938034372,0.004999999979,1.860909184e-05,6.232514302e-07,72.88720142,33.72468341,0.06694042937,0.8313278061,1.04886223
baseline,100,1,COMPLETED,0.048396616,0.05859710479,0.001346084695,0.001924859624,0.0009559468159,0.004947245698,0.004999999979,1.902816594e-05,7.906576141e-07,72.87438209,32.60166368,0.06681912908,0.830627104,1.048870831
baseline,100,1,COMPLETED,0.048559531,0.05877292212,0.001351079673,0.001928056892,0.001088672736,0.004956466993,0.004999999979,1.999990018e-05,2.057958594e-06,72.84429798,31.29659398,0.06659951648,0.8308723247,1.04895922
baseline,100,1,COMPLETED,0.048722446,0.05858123867,0.001361716093,0.001941326349,0.001190952627,0.004965707434,0.004999999979,2.074148639e-05,1.936894809e-06,72.83762818,35.31748079,0.0669636518,0.8301123816,1.048958851
baseline,100,1,COMPLETED,0.048885361,0.05878936049,0.001371646201,0.001954223812,0.001264220525,0.00497493101,0.004999999979,2.144576938e-05,1.779592677e-06,72.8174666,34.79499825,0.06727614038,0.8314562083,1.04886897
baseline,100,1,COMPLETED,0.049048276,0.0588706463,0.00137554198,0.001955986975,0.001334990713,0.004984180945,0.004999999978,2.218840843e-05,1.698223076e-06,72.79838906,32.68324271,0.06689767213,0.8344933264,1.048703836
baseline,100,1,COMPLETED,0.049211191,0.05847775789,0.00136870013,0.001938526438,0.001420392979,0.00499334472,0.004999999978,2.296429995e-05,1.421257004e-06,72.80020675,32.71046798,0.06568966059,0.8348747539,1.048493258
baseline,100,1,COMPLETED,0.049374106,0.05810174925,0.001361453864,0.001924655548,0.001527840644,0.005002468414,0.004999999978,2.375920515e-05,1.133641528e-06,72.83645227,34.42735119,0.06646955049,0.836033042,1.048185486
baseline,100,1,COMPLETED,0.049537021,0.05813053102,0.001362937972,0.001922397828,0.001651427396,0.005011566161,0.004999999978,2.453473065e-05,9.202329163e-07,72.85631093,33.00211021,0.06649428844,0.8345580155,1.047698333
baseline,100,1,COMPLETED,0.049699936,0.05824459701,0.001372440959,0.00193426458,0.001777580689,0.005020743906,0.004999999978,2.533452966e-05,6.04772373e-07,72.86334039,35.51075355,0.06746360624,0.8344276969,1.047179893
baseline,100,1,COMPLETED,0.049862851,0.05823686962,0.001381357347,0.001945474972,0.001893774171,0.005029932731,0.004999999978,2.611787619e-05,2.480457012e-07,72.87212415,34.0230059,0.06751624714,0.8353252022,1.047242706
baseline,100,1,COMPLETED,0.050004044,0.0580449305,0.001388864524,0.00195478922,0.00198795178,0.005037916038,0.004999999978,2.676444608e-05,1.11901406e-08,72.87685135,33.35699487,0.06753838598,0.8365216614,1.047147523
