candidate,N,np,state,E_GEOM_ALPHA_REL,E_VOL_ALPHA_REL,E_NARROW_L2_GRAD_PSI,E_NARROW_L1_GRAD_PSI,TIME
FP0,68,4,COMPLETED,0,0,0.0013625849643,0.00108582158143,0
FP0,68,4,COMPLETED,8.78127101757e-06,3.89604454619e-11,0.00136258496231,0.00108582157586,1.2e-06
FP0,68,4,COMPLETED,1.9318796233e-05,1.72670813591e-10,0.00136258496405,0.00108582157044,2.64e-06
FP0,68,4,COMPLETED,3.19638264858e-05,4.5834070423e-10,0.00136258497209,0.00108582156574,4.368e-06
FP0,68,4,COMPLETED,4.71378627847e-05,9.81459087757e-10,0.00136258499031,0.00108582156269,6.4416e-06
FP0,68,4,COMPLETED,6.53467062817e-05,1.8687922797e-09,0.00136258502452,0.00108582156278,8.92992e-06
FP0,68,4,COMPLETED,8.71971026133e-05,3.09161535188e-09,0.00136258508334,0.00108582156827,1.1915904e-05
FP0,68,4,COMPLETED,0.000113416793,4.31217198809e-09,0.00136258517949,0.00108582158263,1.54990848e-05
FP0,68,4,COMPLETED,0.000144878429553,4.560162473e-09,0.00136258533142,0.00108582161077,1.979890176e-05
FP0,68,4,COMPLETED,0.000182627871074,1.45168805731e-09,0.00136258556637,0.00108582166034,2.4958682112e-05
FP0,68,4,COMPLETED,0.00022792021306,7.65897739617e-09,0.00136258592408,0.00108582174258,3.11504185344e-05
FP0,68,4,COMPLETED,0.000282260796242,2.65045754077e-08,0.00136258646223,0.00108582187305,3.85805022413e-05
FP0,68,4,COMPLETED,0.000347454740692,6.05422152251e-08,0.0013625872654,0.00108582207692,4.74966026895e-05
FP0,68,4,COMPLETED,0.000425665827695,1.18235505663e-07,0.00136258845459,0.00108582238995,5.81959232274e-05
FP0,68,4,COMPLETED,0.000519487379852,2.12311149474e-07,0.00136259018375,0.00108582284075,7.10351078729e-05
FP0,68,4,COMPLETED,0.000632027499498,3.60998056229e-07,0.00136259270175,0.00108582349684,8.64421294475e-05
FP0,68,4,COMPLETED,0.000767009653977,5.9109201165e-07,0.00136259634245,0.00108582443501,0.000104930555337
FP0,68,4,COMPLETED,0.000928893201226,9.41626378921e-07,0.00136260159746,0.00108582577507,0.000127116666404
FP0,68,4,COMPLETED,0.00112301645956,1.46960492811e-06,0.00136260910795,0.00108582761535,0.000153739999685
FP0,68,4,COMPLETED,0.00135577896843,2.24585901422e-06,0.00136261994946,0.00108583025671,0.000185687999622
FP0,68,4,COMPLETED,0.00163494967875,3.26016847545e-06,0.00136263563495,0.00108583408475,0.000224025599547
FP0,68,4,COMPLETED,0.00196988926108,4.45409301199e-06,0.00136265832963,0.00108583963322,0.000270030719456
FP0,68,4,COMPLETED,0.0023717645842,5.81158333975e-06,0.00136267935251,0.00108582521863,0.000325236863347
FP0,68,4,COMPLETED,0.00285393970518,7.33256207398e-06,0.00136271295379,0.00108581006605,0.000391484236017
FP0,68,4,COMPLETED,0.00343244073407,9.00226293936e-06,0.00136276397157,0.00108579386315,0.00047098108322
FP0,68,4,COMPLETED,0.00412649475182,1.0773445511e-05,0.00136284329718,0.00108577945965,0.000566377299864
FP0,68,4,COMPLETED,0.00495925553609,1.245695156e-05,0.00136296563899,0.00108577071676,0.000680852759837
FP0,68,4,COMPLETED,0.00595845781476,1.38029548719e-05,0.00136315294202,0.00108578698014,0.000818223311805
FP0,68,4,COMPLETED,0.00715734266493,1.44474552092e-05,0.00136343558106,0.0010859596888,0.000983067974166
FP0,68,4,COMPLETED,0.00859577986824,1.38232875906e-05,0.00136385741277,0.00108633292695,0.001180881569
FP0,68,4,COMPLETED,0.0103215864453,1.10641950921e-05,0.00138041543873,0.00110043484604,0.0014182578828
FP0,68,4,COMPLETED,0.0123908981439,6.05219669927e-06,0.00139126684068,0.00110790208268,0.00170310945936
FP0,68,4,COMPLETED,0.0148689862996,2.95020152862e-07,0.00139498436286,0.00111322614991,0.00204493135123
FP0,68,4,COMPLETED,0.0178396842394,1.05476865726e-05,0.00141016218154,0.00112582516662,0.00245511762148
FP0,68,4,COMPLETED,0.0214076027797,1.43197983925e-05,0.00140992877865,0.00112548389908,0.00294734114577
FP0,68,4,COMPLETED,0.0256930312821,1.74414231179e-05,0.0014104584649,0.00112535787794,0.00353800937493
FP0,68,4,COMPLETED,0.0308421690213,2.51995170916e-05,0.00142467503507,0.00113437948073,0.00424681124991
FP0,68,4,COMPLETED,0.0370144062626,3.6159299955e-05,0.00141618049402,0.00112015911774,0.00509737349989
FP0,68,4,COMPLETED,0.0444463509366,3.63247335433e-05,0.00143126545438,0.00113971880352,0.00611804819987
FP0,68,4,COMPLETED,0.0533725079876,4.44714858391e-05,0.00146553001408,0.00117323608997,0.00734285783985
FP0,68,4,COMPLETED,0.0640577509917,5.6131183839e-05,0.00145454835786,0.00116508286794,0.00881262940781
FP0,68,4,COMPLETED,0.0768723605234,5.17630519721e-05,0.00145549034215,0.00117509445501,0.0105763552894
FP0,68,4,COMPLETED,0.0922381264197,5.15797143284e-05,0.0015217850536,0.00124338568215,0.0126928263473
FP0,68,4,COMPLETED,0.1106682559,9.92875432772e-05,0.0016651986117,0.00134427856154,0.0152325916167
FP0,68,4,COMPLETED,0.132778998022,0.000140141667882,0.00174571118976,0.00139559921001,0.01828030994
FP0,68,4,COMPLETED,0.159219956443,8.245832809e-05,0.00218281972663,0.00162205500027,0.0219375719281
FP0,68,4,COMPLETED,0.191000229211,0.000273708812088,0.00279318709989,0.0019996548533,0.0263262863137
FP0,68,4,COMPLETED,0.229204226762,0.000518683712022,0.00411954451838,0.00284009688688,0.0315927435764
FP0,68,4,COMPLETED,0.270260093307,0.000404535088748,0.00545372432957,0.00367209044911,0.0372633381857
FP0,68,4,COMPLETED,0.311571444069,0.000710190920034,0.00621344230676,0.004398666992,0.0429366676891
FP0,68,4,COMPLETED,0.351870878177,0.000521749268976,0.00871215118967,0.00591682101088,0.0486131869673
FP0,68,4,COMPLETED,0.393421516045,0.00101628775769,0.0105555163993,0.0069878243962,0.0542933531413
FP0,68,4,COMPLETED,0.433698686849,0.000885595853194,0.0122132743544,0.00809857168168,0.0599776259092
FP0,68,4,COMPLETED,0.474985263449,0.00127545775296,0.0136883344062,0.00929111380574,0.0656664678876
FP0,68,4,COMPLETED,0.515228420063,0.00136757258657,0.0155721964439,0.0106864738117,0.0713603449594
FP0,68,4,COMPLETED,0.555980655971,0.00180395587545,0.0187778184803,0.0130398963486,0.0770597266278
FP0,68,4,COMPLETED,0.596826534963,0.00175256768252,0.0207586663426,0.0147300015606,0.082765086378
FP0,68,4,COMPLETED,0.637714845014,0.0021349075855,0.0224727058534,0.0158801233771,0.0884769020468
FP0,68,4,COMPLETED,0.678194487916,0.0025060928605,0.0237491561697,0.0173194179365,0.0941956562008
FP0,68,4,COMPLETED,0.718638696989,0.00288835160326,0.0255871173671,0.0189988957241,0.0999218365258
FP0,68,4,COMPLETED,0.758965025912,0.00308974838457,0.0283657532943,0.0209571322612,0.105655936225
FP0,68,4,COMPLETED,0.798680354938,0.0034882838374,0.0304681492056,0.0223563979562,0.111398454432
FP0,68,4,COMPLETED,0.838459753887,0.00387497246097,0.031147316891,0.0226663828763,0.117149896631
FP0,68,4,COMPLETED,0.878334632435,0.00398420124553,0.0328083500494,0.0244211123792,0.122910775099
FP0,68,4,COMPLETED,0.918506588238,0.00442361224747,0.0339811977202,0.0255818388981,0.128681609352
FP0,68,4,COMPLETED,0.958341150706,0.0047756018975,0.0350786605972,0.0268983750883,0.134462926622
FP0,68,4,COMPLETED,0.997790176395,0.00521075644676,0.0354526423215,0.027710784671,0.140255262333
FP0,68,4,COMPLETED,1.03639076997,0.00520558463057,0.037274848813,0.029243877524,0.146059160615
FP0,68,4,COMPLETED,1.07493106747,0.0057545099064,0.0397660503056,0.0313134881211,0.151875174822
FP0,68,4,COMPLETED,1.11278834644,0.00587876448756,0.0408678706124,0.0325054192869,0.157703868081
FP0,68,4,COMPLETED,1.15148314636,0.006267163245,0.0426833817436,0.0342265396099,0.163545813862
FP0,68,4,COMPLETED,1.19022213604,0.00650433414574,0.0449623680314,0.0361937833895,0.169401596569
FP0,68,4,COMPLETED,1.22851363583,0.006800958374,0.0456267677782,0.0367462387361,0.175271812169
FP0,68,4,COMPLETED,1.26582369511,0.00732723318974,0.0490091260696,0.0391759450935,0.181157068833
FP0,68,4,COMPLETED,1.30271419398,0.00762912851796,0.0530877212365,0.0412782165262,0.187057987625
FP0,68,4,COMPLETED,1.33941821788,0.00781027137648,0.0574952161332,0.0449218232775,0.192975203212
FP0,68,4,COMPLETED,1.37542420543,0.00804816243606,0.0627589013038,0.0486409566883,0.198909364617
FP0,68,4,COMPLETED,1.41211766801,0.00849152622336,0.0655124222062,0.0502754122709,0.204861136007
FP0,68,4,COMPLETED,1.44749942491,0.00903770469626,0.0686067993963,0.0521521957616,0.210831197524
FP0,68,4,COMPLETED,1.48198739678,0.00944670152334,0.0730173103779,0.0549705067848,0.216820246159
FP0,68,4,COMPLETED,1.5171055418,0.00996562264459,0.0844793798925,0.0633221879779,0.222828996677
FP0,68,4,COMPLETED,1.55222756449,0.0105679038354,0.0922347475907,0.068328090409,0.228858182589
FP0,68,4,COMPLETED,1.58659077629,0.0108642836071,0.0993594780238,0.0729491689034,0.234908557187
FP0,68,4,COMPLETED,1.6182451135,0.0115947618588,0.106257349674,0.0769380494815,0.24098089463
FP0,68,4,COMPLETED,1.6502661442,0.012343803218,0.114044393805,0.0824156985058,0.247075991102
FP0,68,4,COMPLETED,1.68384749354,0.0133498770694,0.120715995517,0.0873467288732,0.253194666038
FP0,68,4,COMPLETED,1.71695795037,0.0144646037125,0.125158467746,0.089179688118,0.259337763424
FP0,68,4,COMPLETED,1.74643202037,0.0157552639545,0.134931642306,0.0981345566098,0.265506153181
FP0,68,4,COMPLETED,1.77653785058,0.0167014666748,0.143499756877,0.103400935239,0.271700732641
FP0,68,4,COMPLETED,1.80531731623,0.0176477788304,0.157743069914,0.115985071777,0.277922428106
FP0,68,4,COMPLETED,1.83448507565,0.0197552070702,0.16846531578,0.124508953232,0.284172196534
FP0,68,4,COMPLETED,1.86057123736,0.0211697245469,0.174068607528,0.125865351395,0.290451027314
FP0,68,4,COMPLETED,1.88778881889,0.0227927265427,0.189667210123,0.13731163933,0.296759944184
FP0,68,4,COMPLETED,1.91422688078,0.0249122082748,0.202757114568,0.14622005614,0.303100007271
FP0,68,4,COMPLETED,1.9349607517,0.0269478780927,0.212442068487,0.149798310527,0.309472315285
FP0,68,4,COMPLETED,1.95417294462,0.0289912176049,0.221459913861,0.157802505233,0.315878007867
FP0,68,4,COMPLETED,1.97651619982,0.0318345315782,0.247954605064,0.178322621779,0.322318268117
FP0,68,4,COMPLETED,1.99738623032,0.0340989713155,0.26256630966,0.186821709378,0.328794325313
FP0,68,4,COMPLETED,2.01304307471,0.0361014227909,0.312487893383,0.212252509813,0.335307457833
FP0,68,4,COMPLETED,2.02417177492,0.037332141594,0.367673773247,0.23669843477,0.341858996316
FP0,68,4,COMPLETED,2.02980100415,0.0381257594895,0.370985236997,0.254404547427,0.34845032707
FP0,68,4,COMPLETED,2.0346789272,0.0398411226837,0.410660782064,0.281464786811,0.355082895764
FP0,68,4,COMPLETED,2.03895553735,0.0404120139817,0.416044618341,0.282236166982,0.361758211422
FP0,68,4,COMPLETED,2.03720545364,0.037759400151,0.435011130902,0.302926144422,0.368477850756
FP0,68,4,COMPLETED,2.03498176782,0.0349817678196,0.514671349174,0.357834106332,0.375243462883
FP0,68,4,COMPLETED,2.03316838386,0.0331683838561,0.543871401567,0.369106416605,0.38205677445
FP0,68,4,COMPLETED,2.02695061736,0.0269506173628,0.693628102669,0.429587331361,0.388919595224
FP0,68,4,COMPLETED,2.01134111175,0.0113411117471,0.757329331382,0.483158372725,0.3958338242
FP0,68,4,COMPLETED,2.0186492922,0.0186492922038,0.7880285584,0.514497743247,0.402801456283
FP0,68,4,COMPLETED,2.01297928278,0.0129792827777,0.817160715184,0.531727465845,0.409824589606
FP0,68,4,COMPLETED,2.01455289508,0.0145528950772,0.859457826904,0.564538321164,0.416905433581
FP0,68,4,COMPLETED,2.01771196203,0.0177119620321,0.918488095349,0.616386851322,0.424046317743
FP0,68,4,COMPLETED,2.01928538614,0.01928538614,0.948161337134,0.631564099674,0.43124970152
FP0,68,4,COMPLETED,2.02098377356,0.0209837735598,0.935735345771,0.634905980333,0.438518185016
FP0,68,4,COMPLETED,2.02517579288,0.0251757928816,0.935694045563,0.63885043037,0.44585452097
FP0,68,4,COMPLETED,2.02838987146,0.028389871462,0.968867974817,0.674370736974,0.453261628023
FP0,68,4,COMPLETED,2.03193896553,0.0319389655325,0.987662397912,0.700778171277,0.4607426055
FP0,68,4,COMPLETED,2.03567626832,0.0356762683182,1.1178310867,0.788077614667,0.4683007499
FP0,68,4,COMPLETED,2.03910227347,0.0391022734663,1.15940168447,0.8146503198,0.475939573353
FP0,68,4,COMPLETED,2.04160722678,0.0416072267845,1.18078068648,0.815412770843,0.48366282434
FP0,68,4,COMPLETED,2.04453554235,0.0445355423518,1.17503283908,0.816336732044,0.491474511023
FP0,68,4,COMPLETED,2.04824600096,0.0482460009605,1.20010453856,0.837384169709,0.499378927583
FP0,68,4,COMPLETED,2.05207391719,0.0520739171903,1.22936781518,0.875935855123,0.507380684088
FP0,68,4,COMPLETED,2.05722327725,0.0572232772461,1.26042913887,0.908962509971,0.515484740442
FP0,68,4,COMPLETED,2.06280460137,0.0628046013666,1.24218380189,0.899962117325,0.523696445155
FP0,68,4,COMPLETED,2.06592516497,0.0659251649658,1.26174932265,0.9209880271,0.532021579772
FP0,68,4,COMPLETED,2.07200548766,0.072005487661,1.26504994501,0.929826702804,0.540466410016
FP0,68,4,COMPLETED,2.07637469517,0.0763746951725,1.27542490288,0.93850430695,0.549037744919
FP0,68,4,COMPLETED,2.08190519278,0.0819051927836,1.27841004894,0.947743646486,0.557743005513
FP0,68,4,COMPLETED,2.08733032481,0.0873303248073,1.28032692946,0.965077063493,0.566590305054
FP0,68,4,COMPLETED,2.09248988361,0.0924898836097,1.26459797166,0.958860796299,0.575588543211
FP0,68,4,COMPLETED,2.09689787058,0.0968978705815,1.27743868033,0.989049242372,0.58474751731
FP0,68,4,COMPLETED,2.10127978627,0.101279786267,1.31099842042,1.0060822854,0.594078054564
FP0,68,4,COMPLETED,2.10631622607,0.106316226067,1.37338668899,1.05508749235,0.603592170319
FP0,68,4,COMPLETED,2.10929495125,0.109294951254,1.4457831309,1.13074137417,0.613303258833
FP0,68,4,COMPLETED,2.11278931372,0.11278931372,1.46364494416,1.15426654357,0.623226325151
FP0,68,4,COMPLETED,2.11827256339,0.118272563394,1.50255871442,1.17384723762,0.633378269377
FP0,68,4,COMPLETED,2.12403813877,0.12403813877,1.49211239174,1.16291343393,0.643778238557
FP0,68,4,COMPLETED,2.13019084823,0.130190848232,1.52936176515,1.20038746261,0.654448066852
FP0,68,4,COMPLETED,2.13639180598,0.136391805984,1.49502658229,1.15803826863,0.665412832559
FP0,68,4,COMPLETED,2.14236203754,0.142362037537,1.53518033835,1.20489596962,0.676701572159
FP0,68,4,COMPLETED,2.14810175788,0.148101757879,1.53572824371,1.19952134547,0.688348208856
FP0,68,4,COMPLETED,2.15687464055,0.156874640549,1.54432508858,1.21491563187,0.700392779698
FP0,68,4,COMPLETED,2.16656031353,0.166560313531,1.54875595297,1.21328782925,0.712883087078
FP0,68,4,COMPLETED,2.17005100172,0.170051001722,1.56240500722,1.23240541735,0.725876968096
FP0,68,4,COMPLETED,2.17744709977,0.17744709977,1.5740628028,1.24511163179,0.739445488374
FP0,68,4,COMPLETED,2.18646894799,0.186468947995,1.57133644002,1.24016307948,0.753677563755
FP0,68,4,COMPLETED,2.1827435062,0.182743506198,1.5617495514,1.24425991479,0.768686871083
FP0,68,4,COMPLETED,2.19504200405,0.195042004054,1.53520461285,1.22823104145,0.784622594979
FP0,68,4,COMPLETED,2.20484941769,0.204849417691,1.544281536,1.22944825107,0.801686957182
FP0,68,4,COMPLETED,2.20883299348,0.208832993478,1.60271977865,1.28090519113,0.820165561517
FP0,68,4,COMPLETED,2.21567129269,0.215671292687,1.61477314662,1.31622590009,0.840484087342
FP0,68,4,COMPLETED,2.22402655764,0.224026557643,1.64205472489,1.33051473096,0.863325539579
FP0,68,4,COMPLETED,2.23665761054,0.236657610539,1.66948116629,1.34237561389,0.889909988966
FP0,68,4,COMPLETED,2.23891370535,0.238913705348,1.69810951964,1.3667690596,0.921811328232
FP0,68,4,COMPLETED,2.24141313762,0.241413137619,1.69215156925,1.36368011796,0.96009293535
FP0,68,4,COMPLETED,2.24256744571,0.242567445711,1.70682335723,1.38344044155,1.00603086389
FP0,68,4,COMPLETED,2.23973031541,0.239730315415,1.69889690894,1.37196677086,1.06115637814
FP0,68,4,COMPLETED,2.23030450817,0.23030450817,1.64298424974,1.32460412753,1.12020369247
FP0,68,4,COMPLETED,2.2264539349,0.226453934904,1.63195592184,1.30534822635,1.15037815366
FP0,68,4,COMPLETED,2.22008522204,0.220085222037,1.61970775709,1.31298120819,1.17457926048
FP0,68,4,COMPLETED,2.20981587221,0.209815872212,1.56164801569,1.23321274106,1.1954933056
FP0,68,4,COMPLETED,2.20215968267,0.202159682666,1.54822068466,1.23869367459,1.2142298268
FP0,68,4,COMPLETED,2.19342469446,0.193424694458,1.55429995696,1.23978141252,1.23138209422
FP0,68,4,COMPLETED,2.18603209905,0.186032099055,1.55572349599,1.23000780431,1.24731327926
FP0,68,4,COMPLETED,2.1789792074,0.178979207398,1.55135886779,1.23288456108,1.26226549064
FP0,68,4,COMPLETED,2.17070114629,0.170701146289,1.548454914,1.21923405652,1.27640997988
FP0,68,4,COMPLETED,2.1617507341,0.1617507341,1.53143112524,1.20304323025,1.28987329494
FP0,68,4,COMPLETED,2.15429174861,0.15429174861,1.50201699807,1.17395269352,1.30275215611
FP0,68,4,COMPLETED,2.14815172769,0.148151727695,1.46489422434,1.14233239361,1.31512249636
FP0,68,4,COMPLETED,2.1429280423,0.142928042303,1.44269857741,1.12325074642,1.32704524763
FP0,68,4,COMPLETED,2.13793440879,0.137934408794,1.47470225861,1.15542579463,1.33857020243
FP0,68,4,COMPLETED,2.13395118238,0.133951182377,1.43341997175,1.12591301548,1.34973868124
FP0,68,4,COMPLETED,2.12744764956,0.12744764956,1.41838883966,1.10083936661,1.36058542921
FP0,68,4,COMPLETED,2.12315422263,0.123154222628,1.39196148937,1.08814305728,1.37113999835
FP0,68,4,COMPLETED,2.12048052156,0.120480521564,1.37429850682,1.07198204406,1.38142777662
FP0,68,4,COMPLETED,2.11642963412,0.116429634116,1.31337910889,1.01842853476,1.39147076824
FP0,68,4,COMPLETED,2.11423060747,0.114230607469,1.14364445817,0.898201462801,1.40128819536
FP0,68,4,COMPLETED,2.11342083657,0.113420836575,1.12693236767,0.879836831655,1.41089696848
FP0,68,4,COMPLETED,2.11100943949,0.111009439488,1.11569562923,0.8605274996,1.42031205931
FP0,68,4,COMPLETED,2.10855368673,0.108553686732,1.11231349663,0.846228877233,1.42954679949
FP0,68,4,COMPLETED,2.10526115144,0.105261151439,1.10733838811,0.833656979312,1.43861312267
FP0,68,4,COMPLETED,2.10238335779,0.102383357789,1.09548502491,0.820045359942,1.44752176243
FP0,68,4,COMPLETED,2.09999245073,0.0999924507346,1.05737236092,0.785786278802,1.45628241556
FP0,68,4,COMPLETED,2.09667858093,0.0966785809295,1.05054868544,0.773917023344,1.46490387785
FP0,68,4,COMPLETED,2.09354651602,0.093546516017,1.02557130089,0.759805630778,1.47339415781
FP0,68,4,COMPLETED,2.08952987597,0.0895298759742,1.02005343679,0.739480930187,1.48176057261
FP0,68,4,COMPLETED,2.08700835641,0.0870083564108,1.00148169019,0.727902129168,1.49000982949
FP0,68,4,COMPLETED,2.08482909523,0.0848290952326,0.944652897549,0.665968821719,1.49814809524
FP0,68,4,COMPLETED,2.08329853519,0.0832985351898,0.94437294246,0.663150265148,1.50618105583
FP0,68,4,COMPLETED,2.08117584146,0.0811758414603,0.921559096264,0.645274150445,1.51411396791
FP0,68,4,COMPLETED,2.08003905474,0.0800390547376,0.842397405969,0.614662155734,1.52195170337
FP0,68,4,COMPLETED,2.077308416,0.0773084159964,0.777303471535,0.570838605099,1.52969878816
FP0,68,4,COMPLETED,2.07575422931,0.0757542293112,0.723666656695,0.545055532668,1.53735943624
FP0,68,4,COMPLETED,2.07355345813,0.0735534581254,0.673255146825,0.500272761774,1.54493757938
FP0,68,4,COMPLETED,2.07156760851,0.0715676085137,0.690066747236,0.503148557841,1.55243689336
FP0,68,4,COMPLETED,2.06769180669,0.0676918066858,0.664039066248,0.48233279704,1.55986082123
FP0,68,4,COMPLETED,2.06545796662,0.0654579666217,0.675980446131,0.489963507736,1.56721259383
FP0,68,4,COMPLETED,2.06359434691,0.0635943469054,0.647198250478,0.466461754139,1.57449524813
FP0,68,4,COMPLETED,2.0612664289,0.061266428899,0.625870477217,0.44583318938,1.58171164355
FP0,68,4,COMPLETED,2.05819629436,0.0581962943639,0.583060037203,0.402401332921,1.58886447659
FP0,68,4,COMPLETED,2.05657881939,0.0565788193914,0.543967870859,0.387398487098,1.59595629395
FP0,68,4,COMPLETED,2.05487537453,0.0548753745254,0.503643888676,0.363693470575,1.60298950433
FP0,68,4,COMPLETED,2.05340141474,0.0534014147398,0.466429973583,0.350873447125,1.6099663891
FP0,68,4,COMPLETED,2.04985824212,0.0498582421171,0.42432977516,0.329344889555,1.61688911186
FP0,68,4,COMPLETED,2.04690319593,0.0470711660585,0.423097355919,0.325986521157,1.62375972726
FP0,68,4,COMPLETED,2.04379836127,0.0447242509634,0.402660410055,0.30772501427,1.63058018883
FP0,68,4,COMPLETED,2.04062179471,0.0423636723243,0.40752261168,0.303561587709,1.63735235622
FP0,68,4,COMPLETED,2.03577670324,0.0392696459637,0.38629068996,0.289333869396,1.64407800179
FP0,68,4,COMPLETED,2.03045127758,0.0371030352361,0.351780265242,0.267501776982,1.65075881658
FP0,68,4,COMPLETED,2.02519731077,0.0359277677903,0.310941610618,0.23834651286,1.65739641581
FP0,68,4,COMPLETED,2.01895040677,0.0347834012697,0.292523732402,0.224103798052,1.66399234392
FP0,68,4,COMPLETED,2.01067651883,0.0321969559104,0.266018269978,0.210833277716,1.67054807919
FP0,68,4,COMPLETED,1.99936512672,0.0309690477682,0.265597172132,0.208980410048,1.67706503799
FP0,68,4,COMPLETED,1.98614243871,0.0291768755902,0.260147006108,0.201119536629,1.68354457871
FP0,68,4,COMPLETED,1.96758282448,0.0276544973281,0.250048040538,0.195067515123,1.68998800538
FP0,68,4,COMPLETED,1.94789902809,0.0264374200492,0.255742725376,0.199636011167,1.69639657097
FP0,68,4,COMPLETED,1.91994969012,0.026175500307,0.229963850758,0.178611938244,1.70277148055
FP0,68,4,COMPLETED,1.89167603162,0.0253992211707,0.221198574642,0.167934967883,1.70911389409
FP0,68,4,COMPLETED,1.8619343314,0.0246593280818,0.219986292217,0.164605848374,1.71542492919
FP0,68,4,COMPLETED,1.83266773087,0.0239356561818,0.2064658969,0.157204058924,1.72170566347
FP0,68,4,COMPLETED,1.8035701201,0.0237416025396,0.203612199843,0.149118732745,1.72795713696
FP0,68,4,COMPLETED,1.77249576466,0.0233979987837,0.197432837187,0.151206282956,1.73418035418
FP0,68,4,COMPLETED,1.74068594021,0.0236363035631,0.208005202476,0.160926228378,1.74037628616
FP0,68,4,COMPLETED,1.70870832509,0.0233676243063,0.203362804181,0.15529184641,1.74654587232
FP0,68,4,COMPLETED,1.67485675418,0.02310900697,0.201337264929,0.154289545836,1.75269002221
FP0,68,4,COMPLETED,1.64245404655,0.0230248110392,0.200708449554,0.150555012776,1.75880961714
FP0,68,4,COMPLETED,1.61004711299,0.0230534742155,0.184536558901,0.139237214458,1.76490551172
FP0,68,4,COMPLETED,1.57757969005,0.023175716812,0.186404313493,0.138103685562,1.77097853532
FP0,68,4,COMPLETED,1.54428329275,0.0232003139153,0.172277235142,0.126589341592,1.77702949338
FP0,68,4,COMPLETED,1.50844718805,0.023373126233,0.184893367091,0.136075831541,1.78305916871
FP0,68,4,COMPLETED,1.47158182046,0.0234714752036,0.182604408179,0.136758094542,1.78906832271
FP0,68,4,COMPLETED,1.43659055227,0.0233598312758,0.170657968379,0.126819703108,1.79505769646
FP0,68,4,COMPLETED,1.40157126201,0.0231949896944,0.171417598893,0.126708144621,1.8010280118
FP0,68,4,COMPLETED,1.36473484061,0.0231064575854,0.162479394115,0.122895521588,1.80697997234
FP0,68,4,COMPLETED,1.3279259287,0.023568213694,0.162045127994,0.120596187691,1.81291426445
FP0,68,4,COMPLETED,1.29053529104,0.0239863156147,0.172155249447,0.128692785148,1.81883155808
FP0,68,4,COMPLETED,1.25383143637,0.0238143089095,0.159778839359,0.123339897862,1.82473250771
FP0,68,4,COMPLETED,1.21590448807,0.0238600210842,0.161595289985,0.123844685899,1.83061775309
FP0,68,4,COMPLETED,1.17723442983,0.0241585270913,0.163949718402,0.123354567046,1.83648792006
FP0,68,4,COMPLETED,1.13863685709,0.0240410679243,0.149727718176,0.116404869856,1.84234362127
FP0,68,4,COMPLETED,1.09970914324,0.023967261797,0.1554146426,0.119972648314,1.84818545685
FP0,68,4,COMPLETED,1.06154563803,0.0245324438446,0.1552854202,0.122151385106,1.85401401513
FP0,68,4,COMPLETED,1.02347070575,0.0243577112825,0.157188049613,0.123260443742,1.85982987326
FP0,68,4,COMPLETED,0.984550676854,0.0246567347105,0.156704493153,0.123246769757,1.86563359778
FP0,68,4,COMPLETED,0.94475827555,0.0248386681776,0.150032626035,0.120737574423,1.87142574526
FP0,68,4,COMPLETED,0.905265200862,0.0250102354387,0.156637250555,0.126885803878,1.87720686282
FP0,68,4,COMPLETED,0.865517604622,0.0249195455369,0.158086650509,0.127055181627,1.88297748871
FP0,68,4,COMPLETED,0.825670760102,0.0254161635975,0.156389696538,0.126026044511,1.88873815275
FP0,68,4,COMPLETED,0.786294185838,0.0252912993553,0.159652597418,0.1301076945,1.8944893769
FP0,68,4,COMPLETED,0.746643273262,0.0255818109413,0.155344756515,0.126746702267,1.9002316757
FP0,68,4,COMPLETED,0.706771265083,0.0261068531788,0.156061448032,0.128495405196,1.90596555675
FP0,68,4,COMPLETED,0.66662584812,0.0261818769507,0.158563912029,0.130124028131,1.91169152113
FP0,68,4,COMPLETED,0.626098467729,0.0264653516225,0.161412044012,0.133960141809,1.91741006386
FP0,68,4,COMPLETED,0.585560761868,0.0264638052544,0.160991684863,0.134596794275,1.9231216743
FP0,68,4,COMPLETED,0.545371915326,0.0269039023734,0.161822914685,0.134721852037,1.92882683653
FP0,68,4,COMPLETED,0.504878744287,0.0270877615307,0.158342198175,0.130795755902,1.93452602982
FP0,68,4,COMPLETED,0.464650593267,0.0274809036993,0.163507633253,0.135864426828,1.94021972894
FP0,68,4,COMPLETED,0.424384493447,0.0276611331276,0.16233478026,0.134538349036,1.94590840455
FP0,68,4,COMPLETED,0.383488198752,0.0280646440179,0.162136643744,0.133145420224,1.9515925236
FP0,68,4,COMPLETED,0.342473430416,0.0282111012399,0.166090694774,0.138572734324,1.95727254965
FP0,68,4,COMPLETED,0.301853145925,0.0285509010878,0.163044386304,0.133490348823,1.96294894322
FP0,68,4,COMPLETED,0.260886786004,0.0287125094302,0.160187182992,0.130682338476,1.96862216219
FP0,68,4,COMPLETED,0.220371597481,0.0288253262725,0.160301142484,0.1313460969,1.97429266205
FP0,68,4,COMPLETED,0.179368356505,0.0288922768502,0.163506212026,0.131746927985,1.97996089631
FP0,68,4,COMPLETED,0.138498131497,0.0290258377253,0.165009603539,0.132664313107,1.9856273168
FP0,68,4,COMPLETED,0.101818402408,0.0293297493737,0.165557140531,0.133060111539,1.99129237399
FP0,68,4,COMPLETED,0.0693366153534,0.0292221636216,0.167378899166,0.132213446088,1.99695651732
FP0,68,4,COMPLETED,0.0549812137765,0.0292753214794,0.167072210507,0.130304609108,2
FP0,96,4,COMPLETED,0,0,0.000702642606566,0.00056412058902,0
FP0,96,4,COMPLETED,8.71849954922e-06,2.88046970824e-11,0.000702642604142,0.000564120583286,1.2e-06
FP0,96,4,COMPLETED,1.91806990064e-05,1.2396895703e-10,0.000702642603754,0.000564120576602,2.64e-06
FP0,96,4,COMPLETED,3.17353383543e-05,3.25427083933e-10,0.000702642606916,0.000564120568865,4.368e-06
FP0,96,4,COMPLETED,4.6800905573e-05,6.92834135114e-10,0.000702642615937,0.000564120559988,6.4416e-06
FP0,96,4,COMPLETED,6.48795862412e-05,1.31466854459e-09,0.000702642634286,0.000564120549922,8.92992e-06
FP0,96,4,COMPLETED,8.65740030587e-05,2.32143221745e-09,0.00070264266714,0.000564120538689,1.1915904e-05
FP0,96,4,COMPLETED,0.000112607303275,3.90475903429e-09,0.000702642722167,0.000564120526427,1.54990848e-05
FP0,96,4,COMPLETED,0.000143847263608,6.34505330152e-09,0.000702642810668,0.000564120513467,1.979890176e-05
FP0,96,4,COMPLETED,0.000181335216095,1.00513879252e-08,0.000702642949326,0.000564120501529,2.4958682112e-05
FP0,96,4,COMPLETED,0.000226320759266,1.5619277989e-08,0.000702643162467,0.000564120492533,3.11504185344e-05
FP0,96,4,COMPLETED,0.000280303411464,2.39139733844e-08,0.000702643486258,0.000564120490888,3.85805022413e-05
FP0,96,4,COMPLETED,0.000345082595231,3.6191027587e-08,0.000702643973229,0.000564120503954,4.74966026895e-05
FP0,96,4,COMPLETED,0.000422817617288,5.42687945214e-08,0.000702644697929,0.000564120538302,5.81959232274e-05
FP0,96,4,COMPLETED,0.000516099645171,8.07779773462e-08,0.000702645755893,0.00056412058014,7.10351078729e-05
FP0,96,4,COMPLETED,0.000628038096626,1.19538811209e-07,0.000702647321354,0.000564120693049,8.64421294475e-05
FP0,96,4,COMPLETED,0.000762364243466,1.76037010757e-07,0.000702649592572,0.000564120866484,0.000104930555337
FP0,96,4,COMPLETED,0.000923555624738,2.58210641854e-07,0.000702652880279,0.000564121135568,0.000127116666404
FP0,96,4,COMPLETED,0.00111698529089,3.77524078275e-07,0.000702657651392,0.000564121576269,0.000153739999685
FP0,96,4,COMPLETED,0.00134910090839,5.5051946516e-07,0.000702664509585,0.000564122238625,0.000185687999622
FP0,96,4,COMPLETED,0.00162763963313,8.01007350822e-07,0.00070267439045,0.000564123262803,0.000224025599547
FP0,96,4,COMPLETED,0.00196182915371,1.10640813938e-06,0.000702691320518,0.000564131280165,0.000270030719456
FP0,96,4,COMPLETED,0.00236268272575,1.3879415018e-06,0.000702714968273,0.000564141428323,0.000325236863347
FP0,96,4,COMPLETED,0.00284337531839,1.52203426871e-06,0.000702748255645,0.000564154539542,0.000391484236017
FP0,96,4,COMPLETED,0.00341977821471,1.438841889e-06,0.000702795396002,0.000564183941114,0.00047098108322
FP0,96,4,COMPLETED,0.00411109235345,1.23455672394e-06,0.000702862544055,0.000564260049045,0.000566377299864
FP0,96,4,COMPLETED,0.00494043137877,1.13247143154e-06,0.000702959025614,0.000564366177388,0.000680852759837
FP0,96,4,COMPLETED,0.00593537280336,1.28055897103e-06,0.000703099479405,0.000564525373187,0.000818223311805
FP0,96,4,COMPLETED,0.00713063056967,5.82295842524e-07,0.00070330597413,0.000564732701807,0.000983067974166
FP0,96,4,COMPLETED,0.00856681730554,1.44442786695e-06,0.000706529979295,0.000566923567668,0.001180881569
FP0,96,4,COMPLETED,0.0102920321759,4.43650573671e-06,0.000709556000079,0.000569168483791,0.0014182578828
FP0,96,4,COMPLETED,0.0123644715025,7.93879763673e-06,0.000709908019822,0.000569893976585,0.00170310945936
FP0,96,4,COMPLETED,0.0148503524257,9.55252851539e-06,0.000705822481011,0.000567174161423,0.00204493135123
FP0,96,4,COMPLETED,0.0178334595588,1.24133232014e-05,0.000709734840405,0.000570438826239,0.00245511762148
FP0,96,4,COMPLETED,0.0214149572124,1.60784488824e-05,0.000708089635412,0.000570352546842,0.00294734114577
FP0,96,4,COMPLETED,0.0257184408784,1.92271573095e-05,0.000702602693073,0.000564256615051,0.00353800937493
FP0,96,4,COMPLETED,0.0308894156591,1.7170215272e-05,0.000703126638586,0.000564664537842,0.00424681124991
FP0,96,4,COMPLETED,0.0370882842276,8.76918466837e-06,0.000708278519529,0.000569947679359,0.00509737349989
FP0,96,4,COMPLETED,0.0445254727514,2.12720430424e-08,0.00072071150331,0.000582462540067,0.00611804819987
FP0,96,4,COMPLETED,0.0534356508291,1.38685627553e-06,0.000722894950946,0.000587287588243,0.00734285783985
FP0,96,4,COMPLETED,0.0641169358942,1.00867624503e-05,0.000749856128421,0.000610948648114,0.00881262940781
FP0,96,4,COMPLETED,0.0769440032422,2.1685775741e-05,0.000802158381866,0.000652572513118,0.0105763552894
FP0,96,4,COMPLETED,0.0923443087532,3.96952202175e-05,0.000938272298841,0.000739835237911,0.0126928263473
FP0,96,4,COMPLETED,0.110801193054,7.30902403441e-05,0.0012476682854,0.000906434931618,0.0152325916167
FP0,96,4,COMPLETED,0.132911571243,0.000106452458115,0.00176685101797,0.00120662578203,0.01828030994
FP0,96,4,COMPLETED,0.159398079592,0.000276800351126,0.00236738352172,0.00162538253044,0.0219375719281
FP0,96,4,COMPLETED,0.188441823345,5.75359711669e-05,0.00314774068772,0.0021526934729,0.0259514795479
FP0,96,4,COMPLETED,0.217827563844,0.00037525989332,0.00436577324258,0.00297152007803,0.0299663396097
FP0,96,4,COMPLETED,0.246866893923,0.000213684717776,0.00515857126148,0.00350630785164,0.0339823125347
FP0,96,4,COMPLETED,0.276087267781,0.000483885141944,0.00625430327175,0.00421470353101,0.0379995591341
FP0,96,4,COMPLETED,0.304923055155,0.000634985743158,0.006986716985,0.00473195501661,0.0420182406675
FP0,96,4,COMPLETED,0.334190925839,0.000665139620531,0.00798233786837,0.00558283936154,0.0460385189016
FP0,96,4,COMPLETED,0.36309280798,0.000689488871854,0.00945129256772,0.00666123306186,0.0500605561701
FP0,96,4,COMPLETED,0.39207065962,0.000715741909984,0.0102447841913,0.00706238095156,0.054084515433
FP0,96,4,COMPLETED,0.421179227825,0.000949852392809,0.0111733965776,0.00770855594464,0.0581105603374
FP0,96,4,COMPLETED,0.450204957077,0.00115089407547,0.0119614397934,0.00859354909373,0.0621388552789
FP0,96,4,COMPLETED,0.479245693267,0.00120136939048,0.0128653660979,0.00926009804975,0.0661695654633
FP0,96,4,COMPLETED,0.508229013404,0.00132738624004,0.0133818817223,0.00944427371418,0.0702028569697
FP0,96,4,COMPLETED,0.537089012912,0.0015234077271,0.0151937968727,0.0107138852991,0.0742388968139
FP0,96,4,COMPLETED,0.565851443436,0.00154065763639,0.0153966141258,0.0110713133645,0.0782778530132
FP0,96,4,COMPLETED,0.59440802087,0.00187470281366,0.0161116794284,0.0116619644652,0.0823198946523
FP0,96,4,COMPLETED,0.622989039252,0.00202132829773,0.016563668909,0.0124400296028,0.0863651919499
FP0,96,4,COMPLETED,0.651925908819,0.00209013071175,0.0167940932263,0.0125917227071,0.0904139163265
FP0,96,4,COMPLETED,0.680709531369,0.00213468879979,0.0166892879351,0.01250301576,0.0944662404742
FP0,96,4,COMPLETED,0.709366582378,0.00231484029621,0.0185162605781,0.0139143236806,0.0985223384268
FP0,96,4,COMPLETED,0.737584473089,0.00230942476439,0.0189891416717,0.0145803020825,0.102582385632
FP0,96,4,COMPLETED,0.766325728034,0.00260174943717,0.0194054722324,0.0147526815318,0.106646559024
FP0,96,4,COMPLETED,0.794421057407,0.00255072442468,0.019966306912,0.0151875746831,0.110715037102
FP0,96,4,COMPLETED,0.822764261656,0.00278677536577,0.0209169230222,0.0158965024157,0.114788000002
FP0,96,4,COMPLETED,0.850821321745,0.00281386578153,0.0210918356473,0.0158109046534,0.118865629579
FP0,96,4,COMPLETED,0.879085621515,0.00299615463421,0.0219357705293,0.016541178824,0.122948109487
FP0,96,4,COMPLETED,0.90734067772,0.00306287432649,0.0219724856226,0.0163824780102,0.127035625261
FP0,96,4,COMPLETED,0.93536737022,0.0031386400746,0.0255122893931,0.0182577976653,0.1311283644
FP0,96,4,COMPLETED,0.963215438798,0.00331278406231,0.0292211986875,0.0203004596507,0.135226516458
FP0,96,4,COMPLETED,0.990766817861,0.00320669873341,0.0312861359829,0.0214851260821,0.13933027313
FP0,96,4,COMPLETED,1.01815642148,0.00339870497499,0.0308737350797,0.0207020395025,0.143439828343
FP0,96,4,COMPLETED,1.04554023686,0.00322289568922,0.0325148655756,0.0217577332889,0.147555378355
FP0,96,4,COMPLETED,1.07349064836,0.00359906979875,0.0381770549409,0.0242795174176,0.151677121846
FP0,96,4,COMPLETED,1.10095639653,0.00358533671685,0.0445945936123,0.0278532135735,0.155805260022
FP0,96,4,COMPLETED,1.12841672162,0.00371698389284,0.048568564755,0.0297755560349,0.159939996717
FP0,96,4,COMPLETED,1.15540086576,0.00376496835682,0.0510707458603,0.0311561859156,0.164081538499
FP0,96,4,COMPLETED,1.18232242022,0.00391321406044,0.0533856796001,0.0321993672726,0.168230094779
FP0,96,4,COMPLETED,1.20917181157,0.00415682605507,0.0541047667537,0.0327779978856,0.172385877925
FP0,96,4,COMPLETED,1.23613132835,0.00433189577355,0.0644310558659,0.0385840202102,0.17654910338
FP0,96,4,COMPLETED,1.2630542691,0.00442945105682,0.070435896227,0.0414634653814,0.180719989778
FP0,96,4,COMPLETED,1.28927406647,0.00439439466225,0.0773864397005,0.0458486359433,0.184898759076
FP0,96,4,COMPLETED,1.31540013664,0.00463970367816,0.0809168561541,0.0472866053229,0.189085636677
FP0,96,4,COMPLETED,1.34190393182,0.00499866143889,0.0846636033092,0.0498312332895,0.193280851567
FP0,96,4,COMPLETED,1.36827359101,0.00536937430535,0.086383941727,0.0507314782171,0.197484636452
FP0,96,4,COMPLETED,1.39453370418,0.00578688080667,0.0931959785415,0.0552390058109,0.201697227905
FP0,96,4,COMPLETED,1.42012260651,0.00588256457672,0.106392153547,0.0645434353498,0.205918866511
FP0,96,4,COMPLETED,1.44530868626,0.00639478074796,0.111692280063,0.0675920013777,0.210149797022
FP0,96,4,COMPLETED,1.470441289,0.00680176169396,0.117795963944,0.0712816862448,0.214390268523
FP0,96,4,COMPLETED,1.49569866303,0.00737368516585,0.120099318669,0.0718236200816,0.21864053459
FP0,96,4,COMPLETED,1.52164472218,0.00810128819932,0.124649167153,0.0744448357311,0.222900853473
FP0,96,4,COMPLETED,1.54639111223,0.00861278390672,0.128369266478,0.0770370569651,0.227171488268
FP0,96,4,COMPLETED,1.57061367389,0.00959237689464,0.13657562244,0.0831909460118,0.23145270711
FP0,96,4,COMPLETED,1.59488534293,0.0103505534559,0.143009966889,0.0883129700618,0.235744783367
FP0,96,4,COMPLETED,1.61913854335,0.0112556952588,0.151436746344,0.09377248537,0.240047995844
FP0,96,4,COMPLETED,1.64346894686,0.0122521586284,0.15830586921,0.0975134971973,0.244362628993
FP0,96,4,COMPLETED,1.6665142615,0.0131862559783,0.161101232415,0.0991368015414,0.248688973139
FP0,96,4,COMPLETED,1.69016737023,0.0144531801872,0.168710997641,0.104953565133,0.253027324705
FP0,96,4,COMPLETED,1.71336116828,0.0155860175723,0.171861348171,0.10497568827,0.257377986459
FP0,96,4,COMPLETED,1.73556379663,0.0169585481437,0.178678704539,0.109496037901,0.261741267762
FP0,96,4,COMPLETED,1.75709249977,0.0184702250485,0.186484077404,0.11605131957,0.266117484832
FP0,96,4,COMPLETED,1.77926915736,0.0197356812326,0.20118474313,0.124689181012,0.270506961023
FP0,96,4,COMPLETED,1.80092466016,0.0208561471815,0.210808751949,0.131260517393,0.274910027108
FP0,96,4,COMPLETED,1.82094510301,0.0220236694977,0.23045978657,0.139654223775,0.279327021583
FP0,96,4,COMPLETED,1.84020109618,0.0232716443385,0.231863973542,0.141714903128,0.283758290986
FP0,96,4,COMPLETED,1.85983958569,0.0247559833559,0.248073907053,0.151267819894,0.288204190222
FP0,96,4,COMPLETED,1.88029758095,0.0267205372866,0.254636150274,0.151642784793,0.292665082919
FP0,96,4,COMPLETED,1.89818309647,0.0283260183579,0.257391855888,0.153987536635,0.297141341785
FP0,96,4,COMPLETED,1.91537841304,0.0293798619685,0.282180425602,0.166231159316,0.301633348997
FP0,96,4,COMPLETED,1.9312262874,0.0301280160061,0.328915596164,0.182100012912,0.306141496599
FP0,96,4,COMPLETED,1.94786771861,0.0312650761592,0.334537636629,0.187839153361,0.31066618693
FP0,96,4,COMPLETED,1.96156867865,0.032232531166,0.357034629777,0.203466786092,0.315207833068
FP0,96,4,COMPLETED,1.97544873149,0.0334825654169,0.363749596928,0.211254977837,0.319766859295
FP0,96,4,COMPLETED,1.98935155939,0.0353019876145,0.371265490425,0.218651436011,0.324343701599
FP0,96,4,COMPLETED,2.00386609183,0.0373397928753,0.36794707237,0.217444817056,0.328938808187
FP0,96,4,COMPLETED,2.01470367805,0.0383651767835,0.376679561078,0.224122677627,0.333552640041
FP0,96,4,COMPLETED,2.02283231666,0.0395085301656,0.376373799646,0.229611069099,0.338185671495
FP0,96,4,COMPLETED,2.0283330423,0.0404923961596,0.46757326894,0.261832176493,0.342838390848
FP0,96,4,COMPLETED,2.0335589917,0.0412524110602,0.5149073242,0.276584081885,0.347511301014
FP0,96,4,COMPLETED,2.03763263729,0.041750745674,0.530450181235,0.28577945708,0.352204920205
FP0,96,4,COMPLETED,2.04060246957,0.0424023288847,0.536211195487,0.298061583893,0.356919782662
FP0,96,4,COMPLETED,2.04297473943,0.043606595707,0.525814127473,0.302269021949,0.361656439417
FP0,96,4,COMPLETED,2.0445736196,0.0446098342419,0.54471429902,0.319543940049,0.366415459115
FP0,96,4,COMPLETED,2.04566234615,0.0456623461519,0.542619648254,0.323039142679,0.371197428879
FP0,96,4,COMPLETED,2.04697232456,0.0469723245643,0.528282974789,0.330220383551,0.376002955227
FP0,96,4,COMPLETED,2.04799667088,0.0479966708819,0.556426240743,0.348316647566,0.380832665052
FP0,96,4,COMPLETED,2.04798309836,0.0479830983555,0.532121617912,0.345076274124,0.385687206662
FP0,96,4,COMPLETED,2.04789681648,0.0478968164834,0.586656102883,0.367835584662,0.390567250889
FP0,96,4,COMPLETED,2.04783291972,0.0478329197152,0.66087107221,0.406304943595,0.395473492266
FP0,96,4,COMPLETED,2.04799626102,0.0479962610186,0.688470697642,0.421558194362,0.400406650294
FP0,96,4,COMPLETED,2.04727973226,0.0472797322605,0.698544144524,0.422144987769,0.405367470782
FP0,96,4,COMPLETED,2.04656906616,0.0465690661585,0.715802734952,0.436649824719,0.410356727289
FP0,96,4,COMPLETED,2.04653121243,0.0465312124293,0.72994884825,0.447641841328,0.415375222661
FP0,96,4,COMPLETED,2.0459397984,0.0459397984041,0.7253041757,0.447382979898,0.420423790682
FP0,96,4,COMPLETED,2.04659099484,0.0465909948437,0.720865387636,0.445675715161,0.425503297845
FP0,96,4,COMPLETED,2.04709984232,0.047099842323,0.69832833208,0.436524020843,0.430614645247
FP0,96,4,COMPLETED,2.04757057314,0.0475705731399,0.728136540265,0.464511320227,0.435758770629
FP0,96,4,COMPLETED,2.04737093641,0.0473709364115,0.715811589067,0.465560555753,0.440936650579
FP0,96,4,COMPLETED,2.04771716625,0.0477171662539,0.717753561555,0.471011057466,0.446149302891
FP0,96,4,COMPLETED,2.04847254189,0.0484725418918,0.691733939824,0.456028193583,0.451397789124
FP0,96,4,COMPLETED,2.04927649543,0.0492764954304,0.784710545669,0.50507416922,0.456683217354
FP0,96,4,COMPLETED,2.04911635398,0.0491163539778,0.837485332739,0.52993121442,0.462006745159
FP0,96,4,COMPLETED,2.04912479446,0.0491247944627,0.861712343871,0.54866970273,0.46736958285
FP0,96,4,COMPLETED,2.04945374117,0.0494537411667,0.892280182307,0.572816216436,0.472772996976
FP0,96,4,COMPLETED,2.05022489481,0.0502248948097,0.893258047574,0.571509497754,0.478218314126
FP0,96,4,COMPLETED,2.05069827049,0.0506982704924,0.902807906434,0.583186280211,0.483706925076
FP0,96,4,COMPLETED,2.05061848273,0.0506184827321,0.925364593871,0.598008796418,0.489240289298
FP0,96,4,COMPLETED,2.0500452757,0.050045275703,0.917424888941,0.605217990517,0.49481993989
FP0,96,4,COMPLETED,2.05054053677,0.0505405367737,0.954762828193,0.631827611263,0.50044748896
FP0,96,4,COMPLETED,2.05048131203,0.0504813120312,0.923431699381,0.612002282295,0.506124633529
FP0,96,4,COMPLETED,2.04945580234,0.0494558023409,0.940861243783,0.626042611203,0.511853162006
FP0,96,4,COMPLETED,2.04713438807,0.0471343880743,0.932576205938,0.631441586898,0.517634961312
FP0,96,4,COMPLETED,2.0483842688,0.0483842688016,0.958748975355,0.665140059264,0.523472024723
FP0,96,4,COMPLETED,2.04096640062,0.0409664006162,0.988721455094,0.696136977572,0.52936646054
FP0,96,4,COMPLETED,2.03930202081,0.0393020208127,1.0379741885,0.740481797057,0.535320501673
FP0,96,4,COMPLETED,2.03173107689,0.0317310768859,1.05701499536,0.757070006244,0.541336516284
FP0,96,4,COMPLETED,2.03038836329,0.0303883632855,1.07948532091,0.776601290856,0.547417019608
FP0,96,4,COMPLETED,2.02779729349,0.0277972934862,1.1530984106,0.833519154325,0.553564687142
FP0,96,4,COMPLETED,2.02460136339,0.0246013633935,1.16251581296,0.843289675429,0.559782369384
FP0,96,4,COMPLETED,2.02439089716,0.024390897159,1.23375283094,0.906072192717,0.566073108345
FP0,96,4,COMPLETED,2.02302303922,0.0230230392164,1.27223439008,0.932758320457,0.57244015613
FP0,96,4,COMPLETED,2.02333740162,0.0233374016188,1.29922545632,0.954548816126,0.57888699587
FP0,96,4,COMPLETED,2.02383710775,0.0238371077525,1.35039586223,0.990023307219,0.585417365423
FP0,96,4,COMPLETED,2.02354576589,0.0235457658867,1.36625300951,0.998878236809,0.592035284266
FP0,96,4,COMPLETED,2.02265687522,0.0226568752237,1.40357946384,1.02339503836,0.598745084154
FP0,96,4,COMPLETED,2.02147309203,0.0214730920333,1.39770874004,1.0248327731,0.60555144417
FP0,96,4,COMPLETED,2.02136004702,0.0213600470204,1.39903807751,1.02330507466,0.612459430999
FP0,96,4,COMPLETED,2.02117967612,0.0211796761157,1.44816050258,1.08063936634,0.619474545382
FP0,96,4,COMPLETED,2.02285368619,0.0228536861855,1.47175857843,1.09642648189,0.626602775948
FP0,96,4,COMPLETED,2.02050491735,0.0205049173493,1.49019373159,1.11611579884,0.633850661924
FP0,96,4,COMPLETED,2.02451907029,0.0245190702884,1.51184393857,1.13413885597,0.641225366556
FP0,96,4,COMPLETED,2.02392168667,0.0239216866685,1.4880741809,1.11401996976,0.64873476357
FP0,96,4,COMPLETED,2.02473292392,0.0247329239151,1.54216654119,1.1521288152,0.656387539606
FP0,96,4,COMPLETED,2.02395139205,0.0239513920513,1.53763873732,1.15496968714,0.664193316395
FP0,96,4,COMPLETED,2.02302547357,0.0230254735725,1.52748211384,1.1451481192,0.672162797491
FP0,96,4,COMPLETED,2.02190601887,0.021906018865,1.57614793934,1.18305202614,0.680307945894
FP0,96,4,COMPLETED,2.02206264043,0.0220626404311,1.57298625958,1.17997638185,0.688642200847
FP0,96,4,COMPLETED,2.02070939764,0.0207093976448,1.58995660505,1.185518251,0.697180744899
FP0,96,4,COMPLETED,2.0208205344,0.0208205343959,1.69043089289,1.28248882582,0.705940836197
FP0,96,4,COMPLETED,2.02147088768,0.0214708876797,1.73461960582,1.33966499374,0.71494222654
FP0,96,4,COMPLETED,2.02208071587,0.0220807158675,1.7449002019,1.35816235867,0.72420769378
FP0,96,4,COMPLETED,2.02248100381,0.0224810038088,1.78683087505,1.40437201528,0.733763729155
FP0,96,4,COMPLETED,2.02160532673,0.0216053267321,1.76079770951,1.38447643809,0.743641438235
FP0,96,4,COMPLETED,2.02161696619,0.0216169661922,1.76716163389,1.39116517513,0.753877742284
FP0,96,4,COMPLETED,2.02201169749,0.0220116974854,1.8329023017,1.45010389118,0.764517011741
FP0,96,4,COMPLETED,2.02238990081,0.0223899008137,1.84115038841,1.46335967602,0.775613337324
FP0,96,4,COMPLETED,2.02248443938,0.0224844393768,1.82558752473,1.45197822845,0.787233770202
FP0,96,4,COMPLETED,2.02141747335,0.0214174733462,1.81906088151,1.44606683948,0.799463086522
FP0,96,4,COMPLETED,2.02014056313,0.0201405631252,1.81303370277,1.45734622657,0.812411049186
FP0,96,4,COMPLETED,2.01989232332,0.0198923233161,1.82852001123,1.47690514166,0.826223965118
FP0,96,4,COMPLETED,2.02024658865,0.02024658865,1.85343246343,1.49929333137,0.841104085446
FP0,96,4,COMPLETED,2.02299663352,0.0229966335151,1.84062885777,1.48077540672,0.857344437876
FP0,96,4,COMPLETED,2.02495973731,0.0249597373145,1.83137003991,1.47485770266,0.875397111579
FP0,96,4,COMPLETED,2.02556674907,0.0255667490683,1.85429360455,1.51257686911,0.89602419852
FP0,96,4,COMPLETED,2.03071350287,0.0307135028666,1.81520438411,1.47610299131,0.92069537363
FP0,96,4,COMPLETED,2.02935217099,0.0293521709874,1.87154398936,1.5270736622,0.950300783761
FP0,96,4,COMPLETED,2.0293541169,0.0293541168999,1.8765884956,1.5277000465,0.985827275919
FP0,96,4,COMPLETED,2.02930118875,0.0293011887505,1.87844788579,1.52974031307,1.02845906651
FP0,96,4,COMPLETED,2.02911723729,0.0291172372879,1.80920836602,1.47147853958,1.07961721522
FP0,96,4,COMPLETED,2.02899040888,0.0289904088848,1.82274203762,1.48334795964,1.11177716081
FP0,96,4,COMPLETED,2.02775420689,0.0277542068948,1.85487094923,1.50203195796,1.13474236037
FP0,96,4,COMPLETED,2.02706183667,0.0270618366677,1.84145114142,1.49581934104,1.15383793825
FP0,96,4,COMPLETED,2.02629131119,0.0262913111851,1.81187342064,1.45610810595,1.17060129867
FP0,96,4,COMPLETED,2.02562338613,0.0256233861323,1.76430305488,1.41033028453,1.18575147802
FP0,96,4,COMPLETED,2.02761605719,0.0276160571949,1.74173434873,1.38757675819,1.19969707529
FP0,96,4,COMPLETED,2.02938661877,0.029386618766,1.75146787413,1.38757374418,1.21269768226
FP0,96,4,COMPLETED,2.03065715243,0.0306571524274,1.7449036463,1.39054985535,1.22493079199
FP0,96,4,COMPLETED,2.03230913479,0.0323091347928,1.71748007436,1.35802558286,1.23652428927
FP0,96,4,COMPLETED,2.03278829703,0.0327882970278,1.66567009741,1.31129033484,1.24757401705
FP0,96,4,COMPLETED,2.03365921137,0.0336592113677,1.66909393996,1.31901241236,1.25815404809
FP0,96,4,COMPLETED,2.03412295874,0.0341229587432,1.66336117682,1.31540312779,1.26832306281
FP0,96,4,COMPLETED,2.03361840414,0.0336184041378,1.64478170081,1.30026620008,1.27812850217
FP0,96,4,COMPLETED,2.03347114155,0.0334711415516,1.63909346452,1.30100894413,1.28760937855
FP0,96,4,COMPLETED,2.03297431868,0.0329743186803,1.54098581648,1.19356769232,1.29679824051
FP0,96,4,COMPLETED,2.03417698161,0.0341769816097,1.463359239,1.12079854415,1.30572258382
FP0,96,4,COMPLETED,2.03483431405,0.0348343140533,1.45771702347,1.1204897138,1.31440588879
FP0,96,4,COMPLETED,2.03673870032,0.0367387003211,1.41440567454,1.08494735131,1.32286839825
FP0,96,4,COMPLETED,2.03594262684,0.0359426268441,1.39291749852,1.06218709801,1.33112771158
FP0,96,4,COMPLETED,2.03718257269,0.0371825726902,1.36686855232,1.03718636476,1.33919924523
FP0,96,4,COMPLETED,2.03677781962,0.0367778196203,1.33340201765,1.00696970668,1.34709659483
FP0,96,4,COMPLETED,2.03705971261,0.0370597126054,1.33260230012,1.00346003144,1.35483182341
FP0,96,4,COMPLETED,2.03707011272,0.0370701127227,1.31845763459,0.98688777658,1.36241569344
FP0,96,4,COMPLETED,2.03651965902,0.0365196590188,1.29598332275,0.962547023433,1.36985785551
FP0,96,4,COMPLETED,2.03638507498,0.0363850749754,1.30304619787,0.975319717765,1.37716700312
FP0,96,4,COMPLETED,2.03706987192,0.0370698719231,1.27987001846,0.949603557814,1.38435100085
FP0,96,4,COMPLETED,2.03721569824,0.037215698243,1.24168363046,0.908278319485,1.39141699125
FP0,96,4,COMPLETED,2.03752539367,0.0375253936725,1.23185491985,0.90160279967,1.39837148457
FP0,96,4,COMPLETED,2.03776604686,0.0377660468571,1.22011127146,0.894941981751,1.4052204347
FP0,96,4,COMPLETED,2.03738358899,0.0373835889885,1.17957115359,0.864052941231,1.4119693037
FP0,96,4,COMPLETED,2.03688283813,0.0368828381299,1.17682163356,0.855022493269,1.41862311708
FP0,96,4,COMPLETED,2.0369440881,0.0369440880973,1.12707113411,0.817594244783,1.42518651128
FP0,96,4,COMPLETED,2.03783233546,0.0378323354572,1.12890272455,0.813352173002,1.43166377472
FP0,96,4,COMPLETED,2.03861127535,0.0386112753467,1.10898766818,0.785628862062,1.43805888348
FP0,96,4,COMPLETED,2.03949580574,0.0394958057388,1.05714467214,0.74757499277,1.44437553236
FP0,96,4,COMPLETED,2.03985149585,0.0398514958456,1.0494255999,0.735657465923,1.45061716213
FP0,96,4,COMPLETED,2.03970170841,0.0397017084138,1.02451272149,0.717846206752,1.45678698343
FP0,96,4,COMPLETED,2.04048804886,0.04048804886,0.975624414043,0.696136302918,1.46288799786
FP0,96,4,COMPLETED,2.04172841703,0.0417284170314,0.880893283206,0.628264325486,1.46892301673
FP0,96,4,COMPLETED,2.04316941185,0.0431694118532,0.866991220452,0.60927505717,1.47489467758
FP0,96,4,COMPLETED,2.04397689558,0.043976895579,0.869730883297,0.60271421991,1.48080545899
FP0,96,4,COMPLETED,2.04397067805,0.0439706780527,0.875187570451,0.597235498292,1.48665769377
FP0,96,4,COMPLETED,2.04437782212,0.0443778221213,0.857252857841,0.577413976394,1.49245358081
FP0,96,4,COMPLETED,2.04501151559,0.0450115155912,0.847818194452,0.572003400389,1.49819519568
FP0,96,4,COMPLETED,2.04594505688,0.0459450568814,0.837237232771,0.557593737709,1.50388450021
FP0,96,4,COMPLETED,2.04646235449,0.046462354494,0.812905890482,0.535766823896,1.5095233511
FP0,96,4,COMPLETED,2.04605792789,0.0460579278868,0.82189888375,0.538134078471,1.51511350779
FP0,96,4,COMPLETED,2.04610837224,0.0461083722423,0.824358933634,0.536435661642,1.52065663946
FP0,96,4,COMPLETED,2.04652728935,0.0465272893452,0.797218374345,0.510539495351,1.52615433154
FP0,96,4,COMPLETED,2.04680762363,0.0468076236257,0.814775809951,0.525197669364,1.53160809151
FP0,96,4,COMPLETED,2.04694576797,0.0469457679725,0.807719444388,0.513222321735,1.53701935429
FP0,96,4,COMPLETED,2.04681847358,0.0468184735846,0.770273452418,0.485612761583,1.54238948711
FP0,96,4,COMPLETED,2.04668592506,0.0466859250628,0.71720932385,0.458566038858,1.54771979397
FP0,96,4,COMPLETED,2.04707078485,0.0470707848462,0.646284523456,0.428805337332,1.55301151973
FP0,96,4,COMPLETED,2.04723500538,0.0472350053754,0.618411140499,0.412054676401,1.55826585393
FP0,96,4,COMPLETED,2.04726505454,0.0472650545378,0.60034759791,0.395702394769,1.56348393419
FP0,96,4,COMPLETED,2.04665787373,0.0466578737261,0.618035124561,0.397315574669,1.56866684944
FP0,96,4,COMPLETED,2.04607222213,0.0460722221298,0.594471791459,0.379504243273,1.57381564285
FP0,96,4,COMPLETED,2.04528376217,0.0452837621699,0.553171765218,0.352452947009,1.57893131459
FP0,96,4,COMPLETED,2.04486079276,0.0448607927564,0.545000218031,0.344203141726,1.58401482428
FP0,96,4,COMPLETED,2.04438472624,0.0443847262396,0.547578294587,0.337084400682,1.5890670934
FP0,96,4,COMPLETED,2.04412401235,0.0441240123532,0.521392780162,0.320548776576,1.59408900739
FP0,96,4,COMPLETED,2.04386412786,0.0438641278639,0.525530149572,0.321592128672,1.59908141773
FP0,96,4,COMPLETED,2.04320284175,0.0432028417547,0.472902640371,0.29383971893,1.60404514374
FP0,96,4,COMPLETED,2.04236912057,0.0423691205676,0.421244542746,0.275055357509,1.60898097437
FP0,96,4,COMPLETED,2.04170819045,0.0417081904471,0.407867952409,0.262697594687,1.61388966983
FP0,96,4,COMPLETED,2.04113889869,0.0411388986945,0.416967523222,0.269181622457,1.61877196305
FP0,96,4,COMPLETED,2.03974457344,0.039744573436,0.407452490784,0.257908642168,1.62362856116
FP0,96,4,COMPLETED,2.03859536839,0.0386315830341,0.382123445031,0.239310461113,1.6284601468
FP0,96,4,COMPLETED,2.03730707176,0.0375980305427,0.364725111451,0.224798574151,1.6332673793
FP0,96,4,COMPLETED,2.03635771619,0.0370088327168,0.335543974156,0.213454694223,1.63805089595
FP0,96,4,COMPLETED,2.03456114515,0.0365785229267,0.33807169944,0.208489842224,1.64281131298
FP0,96,4,COMPLETED,2.03165024202,0.0359813695692,0.263359152952,0.182507506116,1.64754922665
FP0,96,4,COMPLETED,2.0278059067,0.035267360206,0.246379539331,0.172400118829,1.65226521422
FP0,96,4,COMPLETED,2.02216271166,0.0345873084151,0.258708421283,0.176561396446,1.65695983478
FP0,96,4,COMPLETED,2.01493530055,0.0330093611952,0.2568296612,0.175870070282,1.66163363018
FP0,96,4,COMPLETED,2.00814661833,0.0317750179422,0.254750103333,0.165551120377,1.6662871258
FP0,96,4,COMPLETED,1.9999473866,0.0307836790376,0.239258673123,0.156387164114,1.67092083129
FP0,96,4,COMPLETED,1.98886048238,0.0298855016355,0.241351814011,0.151468225654,1.67553524131
FP0,96,4,COMPLETED,1.97697768567,0.0290794684612,0.222805101587,0.137804988014,1.68013083619
FP0,96,4,COMPLETED,1.96318775968,0.0285209756364,0.15328418637,0.113197579723,1.68470808258
FP0,96,4,COMPLETED,1.9491509027,0.0279818137209,0.16165765446,0.116101632556,1.68926743403
FP0,96,4,COMPLETED,1.93401548654,0.0269512987244,0.155232804797,0.115025888441,1.69380933157
FP0,96,4,COMPLETED,1.91835543553,0.0262124984459,0.161848104377,0.116244080125,1.69833420426
FP0,96,4,COMPLETED,1.90161440839,0.0253622796821,0.154835038824,0.1154353115,1.70284246969
FP0,96,4,COMPLETED,1.88378821132,0.0244122432391,0.156305454688,0.114923528375,1.70733453446
FP0,96,4,COMPLETED,1.86478114401,0.0235581701582,0.137608479791,0.102742855475,1.71181079466
FP0,96,4,COMPLETED,1.84601593497,0.0231393666009,0.141353386052,0.100812826984,1.71627163629
FP0,96,4,COMPLETED,1.82740459094,0.0224479453767,0.128089047879,0.093568147503,1.72071743567
FP0,96,4,COMPLETED,1.80856286743,0.0217077846058,0.121422808643,0.0891863971372,1.72514855987
FP0,96,4,COMPLETED,1.78880295673,0.0211722898106,0.109922176327,0.0849663609992,1.72956536705
FP0,96,4,COMPLETED,1.76745918702,0.0204888188784,0.116544532153,0.0897859619813,1.73396820683
FP0,96,4,COMPLETED,1.74669018644,0.0199003451423,0.113566074791,0.0909516940474,1.73835742062
FP0,96,4,COMPLETED,1.72584242167,0.0193705481156,0.115397447564,0.0908175657294,1.74273334199
FP0,96,4,COMPLETED,1.704972162,0.0188233880644,0.106796806492,0.0846212406468,1.74709629692
FP0,96,4,COMPLETED,1.68225102163,0.0181676374286,0.107681436752,0.0833375773284,1.75144660413
FP0,96,4,COMPLETED,1.65956187702,0.0179212556768,0.100988638295,0.0810574156155,1.75578457535
FP0,96,4,COMPLETED,1.63717404532,0.0178093702035,0.0953621170462,0.0777061673224,1.76011051563
FP0,96,4,COMPLETED,1.61430825379,0.017308290747,0.101298105558,0.0823604491151,1.76442472351
FP0,96,4,COMPLETED,1.59041943222,0.016951849608,0.101103855133,0.0833626529076,1.76872749138
FP0,96,4,COMPLETED,1.56635251559,0.0163701347722,0.101439472049,0.0829902976386,1.77301910562
FP0,96,4,COMPLETED,1.54253825411,0.0159535778218,0.0977077584427,0.0814966006302,1.77729984688
FP0,96,4,COMPLETED,1.51810749105,0.0157859784772,0.0964164019859,0.0809946607844,1.78156999028
FP0,96,4,COMPLETED,1.49266549905,0.0153685141748,0.0931172364496,0.0785931969016,1.78582980563
FP0,96,4,COMPLETED,1.46798844283,0.0151658528213,0.100277244483,0.082310066827,1.79007955762
FP0,96,4,COMPLETED,1.44317257881,0.0148788058668,0.104503275931,0.0843936340888,1.79431950601
FP0,96,4,COMPLETED,1.4180314207,0.0145725634495,0.104052605389,0.0846101656538,1.79854990581
FP0,96,4,COMPLETED,1.3921232647,0.0143603122808,0.10378373962,0.0857824338732,1.80277100748
FP0,96,4,COMPLETED,1.36581703344,0.0139701665075,0.0968555714508,0.0808116643787,1.80698305708
FP0,96,4,COMPLETED,1.33954675733,0.0137906089214,0.096646870868,0.0817887591974,1.81118629644
FP0,96,4,COMPLETED,1.31351012365,0.0136217522007,0.103570171766,0.0853997961505,1.81538096331
FP0,96,4,COMPLETED,1.28744352024,0.0134854624598,0.108696836721,0.0873964773942,1.81956729153
FP0,96,4,COMPLETED,1.26063939158,0.0133891164598,0.109473099548,0.0884779798958,1.82374551116
FP0,96,4,COMPLETED,1.23346017345,0.0130654901734,0.10808332067,0.0880593121222,1.82791584863
FP0,96,4,COMPLETED,1.20681859219,0.0129209835355,0.105945350707,0.0871930328072,1.83207852687
FP0,96,4,COMPLETED,1.17983400493,0.0127083373487,0.108821919032,0.0891168614555,1.83623376545
FP0,96,4,COMPLETED,1.15285729961,0.0126369669112,0.110175174971,0.0897632207759,1.84038178069
FP0,96,4,COMPLETED,1.12544039149,0.0124850878097,0.114416145976,0.0928400216619,1.8445227858
FP0,96,4,COMPLETED,1.09787212506,0.0123933643932,0.115103752752,0.0938184041061,1.84865699101
FP0,96,4,COMPLETED,1.07030811358,0.0123777152069,0.1139714978,0.0940558368494,1.85278460364
FP0,96,4,COMPLETED,1.04246709701,0.0120229303757,0.115277617259,0.0955293673185,1.85690582826
FP0,96,4,COMPLETED,1.01529082589,0.0122045709292,0.117773135653,0.0956785825398,1.86102086676
FP0,96,4,COMPLETED,0.98764383465,0.0120434402049,0.117699250905,0.095636562207,1.8651299185
FP0,96,4,COMPLETED,0.959769074059,0.0121084608123,0.121966557706,0.0985744459216,1.86923318035
FP0,96,4,COMPLETED,0.931561935255,0.0119008787978,0.122206120922,0.099771174433,1.87333084684
FP0,96,4,COMPLETED,0.90346210645,0.0118404215991,0.123900137983,0.101612227383,1.87742311024
FP0,96,4,COMPLETED,0.875245074096,0.0117976940932,0.124458849678,0.102258317573,1.88151016064
FP0,96,4,COMPLETED,0.847242008835,0.0118587465644,0.12364265865,0.100948999357,1.88559218606
FP0,96,4,COMPLETED,0.819093402647,0.0118921889238,0.13073282262,0.105656590372,1.88966937251
FP0,96,4,COMPLETED,0.790815651363,0.0118202100266,0.129232058104,0.10614539899,1.89374190412
FP0,96,4,COMPLETED,0.762607266888,0.0119865829297,0.131372848304,0.107689118409,1.89780996319
FP0,96,4,COMPLETED,0.734054591904,0.0116538638553,0.129395066645,0.105636018248,1.90187373026
FP0,96,4,COMPLETED,0.705410275968,0.0117992658557,0.133955166644,0.109667851023,1.90593338422
FP0,96,4,COMPLETED,0.676686592168,0.0117388911167,0.133722311969,0.109939446547,1.9099891024
FP0,96,4,COMPLETED,0.648074249447,0.0118744221075,0.133648572926,0.11061004712,1.91404106059
FP0,96,4,COMPLETED,0.619613912573,0.011848705259,0.134567571654,0.110341245234,1.91808943315
FP0,96,4,COMPLETED,0.591200003467,0.0119061649291,0.136944151637,0.112061492695,1.92213439309
FP0,96,4,COMPLETED,0.562334119206,0.0118702371216,0.141342580137,0.116147852955,1.92617611213
FP0,96,4,COMPLETED,0.533786865903,0.0119263156963,0.138510599676,0.114225050014,1.93021476077
FP0,96,4,COMPLETED,0.504851889683,0.0117881294056,0.139579634698,0.114779494507,1.93425050836
FP0,96,4,COMPLETED,0.476091842645,0.0120988067399,0.139400244379,0.115057507709,1.93828352314
FP0,96,4,COMPLETED,0.446942465252,0.0120238854886,0.143325942215,0.117771299428,1.94231397237
FP0,96,4,COMPLETED,0.418144841391,0.0121159701269,0.143315637388,0.118122980048,1.94634202233
FP0,96,4,COMPLETED,0.389329955429,0.012050567508,0.144413756199,0.11911313007,1.95036783844
FP0,96,4,COMPLETED,0.360521435611,0.0123232879551,0.144538842475,0.119158971242,1.95439158525
FP0,96,4,COMPLETED,0.331755885293,0.0119592593278,0.146692404247,0.121076845832,1.9584134266
FP0,96,4,COMPLETED,0.302603987145,0.0124557644866,0.146122229263,0.121139203968,1.96243352558
FP0,96,4,COMPLETED,0.273615280163,0.0123290130144,0.147126703653,0.121087753123,1.96645204467
FP0,96,4,COMPLETED,0.244641801569,0.0125496715691,0.147382064277,0.121054938069,1.97046914577
FP0,96,4,COMPLETED,0.215487432104,0.0125152150749,0.147922064582,0.121783979191,1.97448499023
FP0,96,4,COMPLETED,0.186580000445,0.0125997612346,0.147168334943,0.121076872359,1.97849973896
FP0,96,4,COMPLETED,0.157605727083,0.0128354213563,0.14919836387,0.122834554846,1.98251355248
FP0,96,4,COMPLETED,0.128687223489,0.0128034219607,0.150733840715,0.123709058895,1.98652659094
FP0,96,4,COMPLETED,0.0996866433559,0.0130258671667,0.150925907827,0.124804042751,1.99053901421
FP0,96,4,COMPLETED,0.0707294864062,0.0130859676967,0.149458039116,0.123236496068,1.99455098192
FP0,96,4,COMPLETED,0.041823151395,0.0131374018395,0.151652996635,0.125428720529,1.99856265356
FP0,96,4,COMPLETED,0.0326372565076,0.0130623481004,0.151033294738,0.124460506509,2
FP0,136,4,COMPLETED,0,0,0.000350887529989,0.000279064993542,0
FP0,136,4,COMPLETED,8.74667731962e-06,2.72506240031e-10,0.000350887804762,0.000279065192337,1.2e-06
FP0,136,4,COMPLETED,1.92426901012e-05,1.29579745419e-09,0.000350888137083,0.000279065431751,2.64e-06
FP0,136,4,COMPLETED,3.18379054452e-05,3.52639552099e-09,0.000350888539605,0.000279065720288,4.368e-06
FP0,136,4,COMPLETED,4.69521638804e-05,7.64692643498e-09,0.000350889028012,0.000279066068351,6.4416e-06
FP0,136,4,COMPLETED,6.50892740606e-05,1.4670654672e-08,0.000350889621829,0.00027906648863,8.92992e-06
FP0,136,4,COMPLETED,8.68538064058e-05,2.60930187039e-08,0.000350890345507,0.000279066996675,1.1915904e-05
FP0,136,4,COMPLETED,0.00011297124545,4.41110237698e-08,0.000350891229685,0.000279067611375,1.54990848e-05
FP0,136,4,COMPLETED,0.000144312388045,7.17253559477e-08,0.000350892313229,0.000279068356005,1.979890176e-05
FP0,136,4,COMPLETED,0.000181923951095,1.10650170581e-07,0.000350893645873,0.000279069259481,2.4958682112e-05
FP0,136,4,COMPLETED,0.000227059877649,1.59646968514e-07,0.000350895290116,0.000279070355973,3.11504185344e-05
FP0,136,4,COMPLETED,0.000281223110294,2.18267960277e-07,0.000350897329727,0.000279071691813,3.85805022413e-05
FP0,136,4,COMPLETED,0.000346218898453,2.88096830692e-07,0.000350899873546,0.000279073324397,4.74966026895e-05
FP0,136,4,COMPLETED,0.000424213776741,3.71082947648e-07,0.000350903064758,0.000279075325761,5.81959232274e-05
FP0,136,4,COMPLETED,0.000517808690739,4.682464638e-07,0.000350131326193,0.000278503442668,7.10351078729e-05
FP0,136,4,COMPLETED,0.000630123063095,5.78972941115e-07,0.000350133574556,0.000278504750629,8.64421294475e-05
FP0,136,4,COMPLETED,0.000764899925373,7.0232558321e-07,0.000349332431838,0.000277909502493,0.000104930555337
FP0,136,4,COMPLETED,0.000926631607592,8.36643342807e-07,0.000348545154295,0.000277328282272,0.000127116666404
FP0,136,4,COMPLETED,0.00112070883552,9.7809029756e-07,0.000348537406647,0.000277321178865,0.000153739999685
FP0,136,4,COMPLETED,0.00135360102685,1.1187635575e-06,0.000348529296886,0.000277312967411,0.000185687999622
FP0,136,4,COMPLETED,0.00163307125722,1.24398180388e-06,0.000347744133346,0.000276731582089,0.000224025599547
FP0,136,4,COMPLETED,0.0019684332822,1.3296912203e-06,0.000347735053379,0.000276728267693,0.000270030719456
FP0,136,4,COMPLETED,0.00237086444136,1.3395179373e-06,0.000347727625348,0.000276729335147,0.000325236863347
FP0,136,4,COMPLETED,0.002853777227,1.21737465087e-06,0.000348189945865,0.000277201633234,0.000391484236017
FP0,136,4,COMPLETED,0.00343326602659,8.77879507284e-07,0.000348185236537,0.00027720506453,0.00047098108322
FP0,136,4,COMPLETED,0.00412864351185,1.92704754303e-07,0.000348915191662,0.000277942840896,0.000566377299864
FP0,136,4,COMPLETED,0.00496308384751,1.02956118759e-06,0.000348881752571,0.000277909598883,0.000680852759837
FP0,136,4,COMPLETED,0.00596439472419,3.07243608971e-06,0.000348863392391,0.000277880946928,0.000818223311805
FP0,136,4,COMPLETED,0.00716594406454,6.35348167776e-06,0.000351361704625,0.000280367306901,0.000983067974166
FP0,136,4,COMPLETED,0.00860672022545,1.03785257201e-05,0.000351529193217,0.000280554789354,0.001180881569
FP0,136,4,COMPLETED,0.0103367594354,1.41759141019e-05,0.000349994377099,0.000279501004916,0.0014182578828
FP0,136,4,COMPLETED,0.0124138520007,1.87796345572e-05,0.000350192370967,0.000279598366626,0.00170310945936
FP0,136,4,COMPLETED,0.0149049719746,2.06978659565e-05,0.000352472806434,0.00028165642659,0.00204493135123
FP0,136,4,COMPLETED,0.0178909955267,1.9910310438e-05,0.00035330781376,0.000282093641227,0.00245511762148
FP0,136,4,COMPLETED,0.0214712681973,1.87230098103e-05,0.000349764209509,0.000278794228024,0.00294734114577
FP0,136,4,COMPLETED,0.0257674402995,1.95364782444e-05,0.000348738027629,0.000277948976367,0.00353800937493
FP0,136,4,COMPLETED,0.0309259727909,1.87876764192e-05,0.000350811717755,0.000279809026027,0.00424681124991
FP0,136,4,COMPLETED,0.0371148583,2.39598641259e-05,0.000348124780143,0.0002785946253,0.00509737349989
FP0,136,4,COMPLETED,0.0445498648441,2.51031244675e-05,0.000342973524204,0.00027390387469,0.00611804819987
FP0,136,4,COMPLETED,0.053469203328,3.62134286647e-05,0.000346385144972,0.00027768754357,0.00734285783985
FP0,136,4,COMPLETED,0.0641543013831,5.03991074869e-05,0.000347900862407,0.00028083344358,0.00881262940781
FP0,136,4,COMPLETED,0.0769731562578,5.6934653094e-05,0.000350185143333,0.000284208665079,0.0105763552894
FP0,136,4,COMPLETED,0.0923763625795,9.57652747926e-05,0.000354456931783,0.000286427084355,0.0126928263473
FP0,136,4,COMPLETED,0.11077881027,4.57846400442e-06,0.00038522124317,0.000311493134924,0.0152325916167
FP0,136,4,COMPLETED,0.131423445733,0.00017643939537,0.000434699226202,0.000345086286251,0.018063972464
FP0,136,4,COMPLETED,0.151997175388,0.000111804122793,0.000500069875682,0.00038716230138,0.0208956827168
FP0,136,4,COMPLETED,0.172636441751,0.000249585588711,0.000592351906632,0.000443271105551,0.0237277785264
FP0,136,4,COMPLETED,0.19318409996,0.000267434546667,0.000721528578612,0.000546056349676,0.0265603161112
FP0,136,4,COMPLETED,0.213773850781,0.000276903108287,0.000817698926512,0.000606668286255,0.0293933517668
FP0,136,4,COMPLETED,0.234280569542,0.000387490913883,0.000963727484775,0.000726582555843,0.0322269418761
FP0,136,4,COMPLETED,0.254894463833,0.000362289231243,0.00119996297452,0.000894277956002,0.0350611429195
FP0,136,4,COMPLETED,0.275383192251,0.000425938804011,0.00127672926444,0.000980340587093,0.0378960114851
FP0,136,4,COMPLETED,0.295993769043,0.000401910263986,0.00159033670624,0.0011746357535,0.0407316042788
FP0,136,4,COMPLETED,0.316540912318,0.000419968481698,0.00190608900452,0.0014314621905,0.0435679781347
FP0,136,4,COMPLETED,0.337005520652,0.000451608479097,0.00217733573426,0.00163117201446,0.0464051900258
FP0,136,4,COMPLETED,0.35762143315,0.000488309961013,0.0024331243315,0.0018317240642,0.0492432970741
FP0,136,4,COMPLETED,0.378010588721,0.000534722324286,0.00342594705415,0.00239192858467,0.052082356561
FP0,136,4,COMPLETED,0.39854956614,0.00050832907303,0.00342460463601,0.00255074238493,0.0549224259384
FP0,136,4,COMPLETED,0.418878346281,0.000503443571448,0.00389654019986,0.00281630188497,0.0577635628391
FP0,136,4,COMPLETED,0.439301502857,0.000596107240347,0.00447106984784,0.00318982307093,0.0606058250874
FP0,136,4,COMPLETED,0.459600097633,0.000381179407479,0.00567513898479,0.00377854290082,0.0634492707105
FP0,136,4,COMPLETED,0.480219104932,0.000576915760526,0.00632809542135,0.00434204929945,0.0662939579489
FP0,136,4,COMPLETED,0.500480141595,0.000464892944344,0.00724187999479,0.00494726280432,0.069139945268
FP0,136,4,COMPLETED,0.521057905397,0.000563852865672,0.00735381305162,0.00497487076299,0.0719872913689
FP0,136,4,COMPLETED,0.541251246448,0.000525794831449,0.0100639319964,0.00614525285245,0.0748360552001
FP0,136,4,COMPLETED,0.561646894181,0.000602261047142,0.0110108371447,0.0069597313466,0.0776862959686
FP0,136,4,COMPLETED,0.581805858267,0.000531759816703,0.011160933257,0.00740292680172,0.0805380731517
FP0,136,4,COMPLETED,0.602117098943,0.000538335241902,0.0110484839039,0.0076674601647,0.0833914465089
FP0,136,4,COMPLETED,0.62230779984,0.000541917976933,0.0155057478404,0.00929578390734,0.0862464760932
FP0,136,4,COMPLETED,0.642616850582,0.000547294066495,0.0167261387609,0.00997809980067,0.0891032222637
FP0,136,4,COMPLETED,0.66281369548,0.000522064239878,0.0178429828686,0.011126188684,0.0919617456977
FP0,136,4,COMPLETED,0.683029228094,0.000547633506126,0.0179567940119,0.0116295408277,0.0948221074028
FP0,136,4,COMPLETED,0.70317085609,0.00057682795219,0.0195061623044,0.0124085732701,0.0976843687295
FP0,136,4,COMPLETED,0.723223442191,0.000509211467333,0.0256306899225,0.0149838268527,0.100548591384
FP0,136,4,COMPLETED,0.743266821186,0.000518457885873,0.0263728927295,0.0154811575413,0.103414837442
FP0,136,4,COMPLETED,0.763204226297,0.000476683545622,0.026937858432,0.0163915260955,0.106283169359
FP0,136,4,COMPLETED,0.783267328932,0.000548265588578,0.0267818903972,0.0171227949698,0.109153649987
FP0,136,4,COMPLETED,0.803258365679,0.000502783364067,0.0341079157435,0.0200349378755,0.112026342586
FP0,136,4,COMPLETED,0.823327203388,0.000542717065426,0.038249510077,0.0217434333044,0.114901310839
FP0,136,4,COMPLETED,0.84310725695,0.000386741994225,0.0393991676454,0.0232147905808,0.117778618864
FP0,136,4,COMPLETED,0.863105433272,0.00055501838205,0.0408455773722,0.0243959087423,0.120658331231
FP0,136,4,COMPLETED,0.882833429752,0.000534935604229,0.0407806067115,0.0252976639504,0.123540512974
FP0,136,4,COMPLETED,0.902587376949,0.000600013007196,0.0499419702321,0.0294034065587,0.126425229607
FP0,136,4,COMPLETED,0.92229561611,0.000623577672971,0.0523669700931,0.0303223356059,0.129312547138
FP0,136,4,COMPLETED,0.942014806448,0.000590624087605,0.0547544477967,0.0320827075891,0.132202532086
FP0,136,4,COMPLETED,0.961877068507,0.000666289560874,0.0562000922194,0.0335821872987,0.135095251496
FP0,136,4,COMPLETED,0.981620578165,0.000765494914385,0.0573239116265,0.0349586633334,0.137990772952
FP0,136,4,COMPLETED,1.00127994824,0.000906538417314,0.0673173701844,0.0404177849677,0.140889164599
FP0,136,4,COMPLETED,1.02068418854,0.000902995124341,0.0707597659928,0.0425808736517,0.143790495153
FP0,136,4,COMPLETED,1.04011078654,0.000955759009296,0.0752987732539,0.0444727668718,0.146694833923
FP0,136,4,COMPLETED,1.05943634954,0.000960615845055,0.0753507733257,0.0447765059824,0.149602250826
FP0,136,4,COMPLETED,1.07919713136,0.00124842310052,0.0765292163807,0.0461245285022,0.152512816404
FP0,136,4,COMPLETED,1.09866029174,0.00137845941765,0.0834910483538,0.0507637695144,0.155426601844
FP0,136,4,COMPLETED,1.11807745762,0.00153693726248,0.0919516554023,0.0558849760654,0.158343678994
FP0,136,4,COMPLETED,1.13725727794,0.00165382254382,0.0947705190234,0.0577382397383,0.161264120383
FP0,136,4,COMPLETED,1.15648500697,0.00183927434116,0.0996824371423,0.061335738807,0.164187999239
FP0,136,4,COMPLETED,1.17583984772,0.00206767191253,0.0998156412181,0.0614563269233,0.167115389513
FP0,136,4,COMPLETED,1.19503487835,0.00233053936606,0.100345599027,0.0612050693943,0.170046365891
FP0,136,4,COMPLETED,1.2142324836,0.00259071803829,0.112930287034,0.0702644868294,0.172981003822
FP0,136,4,COMPLETED,1.2331556655,0.00274247914267,0.118271217738,0.0735349075227,0.175919379536
FP0,136,4,COMPLETED,1.25201564432,0.00302515750207,0.123756553507,0.0768959349521,0.178861570065
FP0,136,4,COMPLETED,1.27087923969,0.00338540270422,0.12420280433,0.0773595880819,0.181807653264
FP0,136,4,COMPLETED,1.28999119469,0.00380994466156,0.127441479574,0.0790622490809,0.184757707839
FP0,136,4,COMPLETED,1.30909918031,0.00420972362383,0.131180431042,0.0822811259251,0.187711813363
FP0,136,4,COMPLETED,1.32800357873,0.00460246815705,0.138397715506,0.0869204894567,0.190670050303
FP0,136,4,COMPLETED,1.34645913986,0.00491596572926,0.143537888757,0.0903775546054,0.193632500047
FP0,136,4,COMPLETED,1.36499223321,0.00537090289829,0.147704331943,0.0933999181143,0.196599244923
FP0,136,4,COMPLETED,1.38360649965,0.00590718462832,0.152773291254,0.0960790140549,0.199570368229
FP0,136,4,COMPLETED,1.40224893546,0.00645580502392,0.153062597471,0.095546996802,0.202545954259
FP0,136,4,COMPLETED,1.42099558262,0.00706680614392,0.154546167015,0.0959057576705,0.205526088327
FP0,136,4,COMPLETED,1.43927284287,0.00761472121077,0.159008282584,0.0987806578339,0.208510856799
FP0,136,4,COMPLETED,1.4573071905,0.00820201789376,0.16498254369,0.103803688689,0.211500347115
FP0,136,4,COMPLETED,1.47543805705,0.00893820599983,0.170515136164,0.10754891446,0.214494647826
FP0,136,4,COMPLETED,1.49354596316,0.00947824664374,0.173262225886,0.109702240186,0.217493848618
FP0,136,4,COMPLETED,1.51171444009,0.0101126962397,0.174148671292,0.109415751915,0.220498040345
FP0,136,4,COMPLETED,1.52938969328,0.0108706380355,0.178243793946,0.111441220564,0.223507315062
FP0,136,4,COMPLETED,1.547138985,0.0115204318109,0.179324684851,0.112819977049,0.226521766055
FP0,136,4,COMPLETED,1.56520302313,0.0125888300622,0.184083930422,0.116950706976,0.229541487874
FP0,136,4,COMPLETED,1.58267211296,0.0132306373086,0.190232206367,0.12028621987,0.232566576374
FP0,136,4,COMPLETED,1.59967043176,0.0139362467563,0.200517540815,0.127511454413,0.23559712874
FP0,136,4,COMPLETED,1.61651248318,0.0145366111542,0.205503978725,0.131280474148,0.238633243534
FP0,136,4,COMPLETED,1.63354561708,0.0152166894998,0.209089034874,0.132499227975,0.241675020725
FP0,136,4,COMPLETED,1.65087158122,0.0162151383459,0.20803547361,0.130028540811,0.244722561733
FP0,136,4,COMPLETED,1.66772571491,0.0172744368243,0.218264363923,0.134342951418,0.247775969464
FP0,136,4,COMPLETED,1.68388439482,0.0180109007206,0.219064772221,0.135045856573,0.250835348357
FP0,136,4,COMPLETED,1.69966420171,0.0185362061217,0.241726853933,0.149134081053,0.25390080442
FP0,136,4,COMPLETED,1.71580534669,0.019068247771,0.253825519392,0.154131932468,0.256972445282
FP0,136,4,COMPLETED,1.73157771787,0.019835032912,0.259329237929,0.160443217118,0.260050380229
FP0,136,4,COMPLETED,1.74707416029,0.0205882707869,0.263059987605,0.163616390542,0.263134720257
FP0,136,4,COMPLETED,1.76282010558,0.0216554791719,0.268798092245,0.168928775772,0.266225578119
FP0,136,4,COMPLETED,1.778404931,0.0226382331741,0.263696845887,0.166447863934,0.269323068373
FP0,136,4,COMPLETED,1.79259970216,0.0231925129924,0.261006122928,0.165028155103,0.272427307434
FP0,136,4,COMPLETED,1.80689358439,0.0236443290538,0.308101624346,0.178927147987,0.27553841363
FP0,136,4,COMPLETED,1.82139966816,0.0242108838131,0.327230513022,0.185854328292,0.278656507251
FP0,136,4,COMPLETED,1.83535114327,0.0246771194426,0.332527999157,0.193233470176,0.281781710611
FP0,136,4,COMPLETED,1.84850508205,0.0252383550422,0.342479267084,0.199762589234,0.284914148105
FP0,136,4,COMPLETED,1.86186257235,0.0260071684424,0.3520080489,0.207242992938,0.288053946267
FP0,136,4,COMPLETED,1.87569477361,0.027074372105,0.336387806348,0.207052383954,0.291201233837
FP0,136,4,COMPLETED,1.88853654311,0.027823371012,0.339259827018,0.211073167617,0.294356141823
FP0,136,4,COMPLETED,1.90052391128,0.0282971238767,0.340978760545,0.212966461458,0.297518803569
FP0,136,4,COMPLETED,1.91216371672,0.0285674658375,0.36931822484,0.224219365211,0.300689354826
FP0,136,4,COMPLETED,1.92394846978,0.0290100996846,0.40832760533,0.2368177211,0.303867933821
FP0,136,4,COMPLETED,1.93467864925,0.0293540828661,0.435907037877,0.250115430334,0.307054681334
FP0,136,4,COMPLETED,1.94517587082,0.0296589112803,0.437114288809,0.249082395099,0.310249740775
FP0,136,4,COMPLETED,1.95556298794,0.0301839028888,0.439683135699,0.254075702425,0.313453258265
FP0,136,4,COMPLETED,1.96603153417,0.0307782792677,0.436855403425,0.258606745891,0.316665382717
FP0,136,4,COMPLETED,1.97571559506,0.0315563557517,0.433933785093,0.2599043687,0.319886265925
FP0,136,4,COMPLETED,1.98377408491,0.0319848287104,0.450165364072,0.273020312537,0.323116062654
FP0,136,4,COMPLETED,1.99203459207,0.0323835527155,0.433608904426,0.26843662093,0.326354930728
FP0,136,4,COMPLETED,2.00057999721,0.0326625953567,0.43445080739,0.271556664926,0.329603031133
FP0,136,4,COMPLETED,2.00805628866,0.0327416415885,0.491941570828,0.294058648609,0.332860528117
FP0,136,4,COMPLETED,2.01404359009,0.0328326969821,0.522542250777,0.305918827982,0.336127589288
FP0,136,4,COMPLETED,2.01948923838,0.0330441858026,0.532469741461,0.312624982344,0.33940438573
FP0,136,4,COMPLETED,2.02355049383,0.0333388601246,0.544249056824,0.323332310707,0.342691092113
FP0,136,4,COMPLETED,2.0266653553,0.0336074255608,0.538733222516,0.316985920389,0.345987886811
FP0,136,4,COMPLETED,2.03003501311,0.0340559989383,0.542092825203,0.31946817461,0.349294952021
FP0,136,4,COMPLETED,2.03243827503,0.034550306044,0.546746823334,0.325537419148,0.352612473898
FP0,136,4,COMPLETED,2.03386591165,0.0347455469264,0.544583239181,0.328706988947,0.35594064268
FP0,136,4,COMPLETED,2.03478793316,0.0350112131266,0.532724419853,0.326729574006,0.35927965283
FP0,136,4,COMPLETED,2.03523276382,0.0352391404305,0.539477009972,0.337132703829,0.362629703181
FP0,136,4,COMPLETED,2.03524453569,0.0352445356892,0.548496747689,0.340011352336,0.365990997085
FP0,136,4,COMPLETED,2.03523102685,0.0352310268476,0.598035351028,0.365412893119,0.369363742568
FP0,136,4,COMPLETED,2.0353940721,0.0353940720996,0.643487999884,0.389330450145,0.372748152498
FP0,136,4,COMPLETED,2.03550210153,0.0355021015347,0.629802512803,0.380192563387,0.376144444753
FP0,136,4,COMPLETED,2.03553997186,0.0355399718582,0.647113605226,0.390661262466,0.379552842401
FP0,136,4,COMPLETED,2.03556643607,0.0355664360659,0.665778339507,0.40463933227,0.382973573887
FP0,136,4,COMPLETED,2.03568878055,0.0356887805485,0.670229159704,0.406943894528,0.386406873226
FP0,136,4,COMPLETED,2.03566225583,0.035662255828,0.650985149576,0.397012743162,0.38985298021
FP0,136,4,COMPLETED,2.03600337896,0.0360033789566,0.660368232648,0.397505476024,0.39331214062
FP0,136,4,COMPLETED,2.03600319459,0.036003194594,0.670532703425,0.408819364766,0.396784606453
FP0,136,4,COMPLETED,2.03620174446,0.0362017444561,0.660783071616,0.409172855449,0.400270636151
FP0,136,4,COMPLETED,2.03619554696,0.0361955469565,0.645986577359,0.404519824479,0.403770494852
FP0,136,4,COMPLETED,2.03619073531,0.0361907353122,0.651279931324,0.412671881368,0.407284454646
FP0,136,4,COMPLETED,2.03643395907,0.0364339590693,0.645510846228,0.414340323066,0.410812794845
FP0,136,4,COMPLETED,2.03635922078,0.0363592207795,0.702009314291,0.445124724247,0.414355802266
FP0,136,4,COMPLETED,2.0361243914,0.0361243913965,0.73595231592,0.46217781206,0.417913771533
FP0,136,4,COMPLETED,2.03613305983,0.0361330598298,0.776007743625,0.491014999848,0.421487005386
FP0,136,4,COMPLETED,2.0362116611,0.036211661104,0.771426475751,0.489646573644,0.425075815013
FP0,136,4,COMPLETED,2.03673413076,0.036734130755,0.781244424261,0.492858821356,0.428680520396
FP0,136,4,COMPLETED,2.03641059621,0.0364105962089,0.782662778204,0.497730569937,0.432301450678
FP0,136,4,COMPLETED,2.03799556987,0.0379955698726,0.783251267555,0.501376708643,0.435938944541
FP0,136,4,COMPLETED,2.03821164529,0.0382116452856,0.762905237086,0.487604403584,0.439593350621
FP0,136,4,COMPLETED,2.03834053904,0.0383405390407,0.779978945478,0.49344969018,0.443265027926
FP0,136,4,COMPLETED,2.03817791408,0.0381779140838,0.764589070171,0.481203046106,0.446954346293
FP0,136,4,COMPLETED,2.03801396418,0.0380139641788,0.776344705401,0.489706168063,0.450661686861
FP0,136,4,COMPLETED,2.03832112656,0.0383211265614,0.779923191026,0.49717732345,0.454387442576
FP0,136,4,COMPLETED,2.03865764254,0.038657642537,0.773831831599,0.497168692733,0.45813201872
FP0,136,4,COMPLETED,2.03899522674,0.0389952267392,0.731576841368,0.470767034522,0.461895833477
FP0,136,4,COMPLETED,2.03898200694,0.0389820069383,0.762666105965,0.493827126741,0.465679318531
FP0,136,4,COMPLETED,2.03908513882,0.039085138823,0.83106961554,0.537504875884,0.469482919689
FP0,136,4,COMPLETED,2.03940504727,0.0394050472735,0.879077071922,0.569438415468,0.473307097562
FP0,136,4,COMPLETED,2.04013651324,0.04013651324,0.888548112629,0.572717320573,0.477152328268
FP0,136,4,COMPLETED,2.04275708088,0.0427570808797,0.888459597143,0.561656254984,0.481019104189
FP0,136,4,COMPLETED,2.04283588653,0.0428358865251,0.891019078268,0.568750361649,0.484907934776
FP0,136,4,COMPLETED,2.04302106271,0.0430210627082,0.879710366339,0.565791770572,0.4888193474
FP0,136,4,COMPLETED,2.04338402957,0.0433840295671,0.886748438891,0.570403559374,0.492753888265
FP0,136,4,COMPLETED,2.04356875037,0.0435687503684,0.878939073078,0.562647270087,0.496712123371
FP0,136,4,COMPLETED,2.04354939858,0.0435493985814,0.883516760599,0.559353300993,0.500694639556
FP0,136,4,COMPLETED,2.0433960081,0.0433960081015,0.87776313824,0.55639582845,0.504702045593
FP0,136,4,COMPLETED,2.04302234639,0.0430223463863,0.858494141988,0.554584166589,0.508734973373
FP0,136,4,COMPLETED,2.04254723396,0.0425472339603,0.909653188143,0.591104949267,0.512794079169
FP0,136,4,COMPLETED,2.04210279257,0.0421027925723,0.932003523776,0.604814719799,0.516880044982
FP0,136,4,COMPLETED,2.04154984515,0.0415498451463,0.979482019201,0.63186344563,0.520993579997
FP0,136,4,COMPLETED,2.04073760776,0.0407376077568,1.00960937011,0.649782385505,0.525135422133
FP0,136,4,COMPLETED,2.04010768517,0.0401076851664,1.01184447662,0.65391751441,0.529306339717
FP0,136,4,COMPLETED,2.03929017168,0.0392901716758,1.0089560927,0.661758899712,0.53350713328
FP0,136,4,COMPLETED,2.03860547493,0.038605474927,1.05666998233,0.708557788476,0.537738637496
FP0,136,4,COMPLETED,2.03721747418,0.0372174741791,1.04557415791,0.70291729968,0.542001723264
FP0,136,4,COMPLETED,2.03639648904,0.0363964890435,1.04203026189,0.70281732567,0.546297299967
FP0,136,4,COMPLETED,2.03552178914,0.0355217891395,1.04963827302,0.713483019287,0.550626317905
FP0,136,4,COMPLETED,2.03465160497,0.0346516049749,1.0579155681,0.720317418527,0.554989770937
FP0,136,4,COMPLETED,2.03368498314,0.0336849831431,1.061372955,0.726565268,0.559388699335
FP0,136,4,COMPLETED,2.03270525843,0.0327052584325,1.059549812,0.734247311832,0.563824192894
FP0,136,4,COMPLETED,2.03156361281,0.0315636128139,1.09345683749,0.766375844567,0.568297394304
FP0,136,4,COMPLETED,2.03054115664,0.0305411566379,1.07363106873,0.754512760028,0.57280950283
FP0,136,4,COMPLETED,2.02987809085,0.0298780908498,1.07478883736,0.758357099682,0.577361778321
FP0,136,4,COMPLETED,2.02917469018,0.0291746901847,1.07567296111,0.757938829504,0.581955545591
FP0,136,4,COMPLETED,2.02838763302,0.0283876330212,1.07354105368,0.759323147499,0.586592199222
FP0,136,4,COMPLETED,2.02781523144,0.0278152314401,1.08305588583,0.760250142857,0.591273208818
FP0,136,4,COMPLETED,2.02769135634,0.0276913563387,1.06944902164,0.753777118122,0.596000124792
FP0,136,4,COMPLETED,2.02719607427,0.0271960742665,1.08472772568,0.77355505863,0.600774584726
FP0,136,4,COMPLETED,2.02666185264,0.0266618526416,1.08786950079,0.773112350269,0.605598320398
FP0,136,4,COMPLETED,2.02645246765,0.0264524676466,1.09683857625,0.784186365741,0.610473165542
FP0,136,4,COMPLETED,2.02568732146,0.0256873214605,1.08040271023,0.774190080162,0.615401064452
FP0,136,4,COMPLETED,2.02557354365,0.0255735436515,1.12242695433,0.808763730949,0.620384081545
FP0,136,4,COMPLETED,2.0253649535,0.0253649534996,1.14727845797,0.836666840914,0.625424411999
FP0,136,4,COMPLETED,2.02462955191,0.02462955191,1.16074797824,0.843045973397,0.630524393641
FP0,136,4,COMPLETED,2.02393740125,0.0239374012474,1.17048990453,0.852850214677,0.635686520252
FP0,136,4,COMPLETED,2.02331807329,0.0233180732897,1.16974937797,0.852680529946,0.640913456509
FP0,136,4,COMPLETED,2.02290396476,0.0229039647551,1.20793129219,0.89456532665,0.64620805481
FP0,136,4,COMPLETED,2.02188589275,0.0218858927539,1.24445256742,0.922273423873,0.65157337429
FP0,136,4,COMPLETED,2.02232325627,0.0223232562682,1.24279355279,0.928178658025,0.657012702374
FP0,136,4,COMPLETED,2.02185205412,0.0218520541211,1.24898373632,0.944052270318,0.662529579302
FP0,136,4,COMPLETED,2.01891109319,0.0189110931867,1.27153386949,0.960245407634,0.66812782614
FP0,136,4,COMPLETED,2.01898847298,0.0189884729806,1.25495275831,0.945623041331,0.673811576894
FP0,136,4,COMPLETED,2.01802420529,0.0180242052916,1.2672143203,0.964316133886,0.679585315501
FP0,136,4,COMPLETED,2.0171990391,0.0171990390992,1.26118017868,0.963212201391,0.685453918603
FP0,136,4,COMPLETED,2.01555132014,0.0155513201428,1.2497826087,0.955327451635,0.69142270529
FP0,136,4,COMPLETED,2.01137681725,0.0113768172543,1.29431350271,0.990765419431,0.697497495197
FP0,136,4,COMPLETED,2.00931712587,0.00931712587491,1.28103417718,0.979453460301,0.703684676779
FP0,136,4,COMPLETED,2.00882061981,0.00882061980681,1.25755611962,0.957922192289,0.709991287994
FP0,136,4,COMPLETED,2.0077055022,0.00770550219803,1.27309015078,0.974165845083,0.716425112277
FP0,136,4,COMPLETED,2.00605880794,0.00605880794492,1.28972695078,0.993688324081,0.722994793487
FP0,136,4,COMPLETED,2.00491942342,0.004919423422,1.2761696441,0.981941399255,0.729709974608
FP0,136,4,COMPLETED,2.0037887643,0.00378876429916,1.27082190425,0.97764534508,0.736581466482
FP0,136,4,COMPLETED,2.0041894939,0.00418949390226,1.27169461917,0.982243727399,0.743621454895
FP0,136,4,COMPLETED,2.00430590652,0.00430590651618,1.27526007983,0.985237593275,0.750843757211
FP0,136,4,COMPLETED,2.00377362952,0.00377362951749,1.30371306744,1.01396035912,0.758264143798
FP0,136,4,COMPLETED,2.00275477028,0.0027547702822,1.30863149328,1.02036125747,0.765900745391
FP0,136,4,COMPLETED,2.00196155574,0.00196155573643,1.33987193624,1.04519654761,0.773774576099
FP0,136,4,COMPLETED,2.00115749704,0.00115749704094,1.34790137484,1.05277936116,0.781910214797
FP0,136,4,COMPLETED,1.99977543712,0.000224562880514,1.34842214705,1.05370064855,0.790336707451
FP0,136,4,COMPLETED,1.99869536908,0.00130463091821,1.36255849459,1.06413025027,0.799088784408
FP0,136,4,COMPLETED,1.99718427656,0.00281572344282,1.38929589144,1.08168924807,0.808208537655
FP0,136,4,COMPLETED,1.99535293367,0.00464706633336,1.38959308562,1.08660394566,0.817747788875
FP0,136,4,COMPLETED,1.99288936898,0.00711063101605,1.40102613123,1.09306257771,0.82777152908
FP0,136,4,COMPLETED,1.99076179359,0.00923820641321,1.41376348659,1.10699091576,0.83836308499
FP0,136,4,COMPLETED,1.98953630255,0.010463697447,1.44049044452,1.13495236686,0.849632196971
FP0,136,4,COMPLETED,1.98765563673,0.0123443632669,1.45397449044,1.14703144184,0.861728284294
FP0,136,4,COMPLETED,1.985460829,0.0145391709984,1.45941586883,1.15714342351,0.874863605951
FP0,136,4,COMPLETED,1.98327057475,0.0167294252477,1.47115263265,1.17032724483,0.889357020628
FP0,136,4,COMPLETED,1.9809224147,0.0190775853045,1.47902553385,1.17684703259,0.905725893618
FP0,136,4,COMPLETED,1.97881486327,0.0211851367335,1.53466479774,1.21683666767,0.924910377212
FP0,136,4,COMPLETED,1.97754327757,0.0224567224294,1.54095794761,1.22288268006,0.947931757525
FP0,136,4,COMPLETED,1.97597693888,0.0240230611228,1.52221653404,1.20897137821,0.975557413901
FP0,136,4,COMPLETED,1.97559862522,0.0244013747846,1.52541959109,1.21417741033,1.00870820155
FP0,136,4,COMPLETED,1.97702199809,0.0229780019075,1.5401611426,1.22294575025,1.04848914673
FP0,136,4,COMPLETED,1.98033909065,0.0196609093458,1.50009957273,1.19052044261,1.0856879986
FP0,136,4,COMPLETED,1.98156160493,0.0184383950712,1.47100065875,1.17223627529,1.10678138008
FP0,136,4,COMPLETED,1.98440449969,0.0155955003087,1.44402336325,1.14913884011,1.12373634393
FP0,136,4,COMPLETED,1.98606271156,0.0139372884351,1.4151091458,1.12124045941,1.13839164303
FP0,136,4,COMPLETED,1.98792369084,0.0120763091567,1.41021545234,1.11030192846,1.15151576153
FP0,136,4,COMPLETED,1.99028054667,0.00971945332941,1.40782481112,1.10090821923,1.16352192026
FP0,136,4,COMPLETED,1.99222827521,0.00777172479396,1.37374686209,1.07333803852,1.17466394746
FP0,136,4,COMPLETED,1.99437254066,0.0056274593394,1.35957393722,1.06438816096,1.18511146422
FP0,136,4,COMPLETED,1.9967824791,0.00321752089652,1.33979781792,1.0418404297,1.19498466427
FP0,136,4,COMPLETED,1.99906764206,0.000932357940179,1.33159633292,1.04184109574,1.20437249061
FP0,136,4,COMPLETED,2.00003965181,3.96518081486e-05,1.32873663828,1.03535782502,1.21334299938
FP0,136,4,COMPLETED,2.00100302783,0.00100302783343,1.31282060605,1.02334786735,1.2219496702
FP0,136,4,COMPLETED,2.00215310744,0.00215310744241,1.31091082686,1.02348829353,1.23023545133
FP0,136,4,COMPLETED,2.00337451171,0.00337451171094,1.29264631924,1.00122304233,1.23823546281
FP0,136,4,COMPLETED,2.00478511499,0.00478511499149,1.28221552662,0.990974258879,1.24597886573
FP0,136,4,COMPLETED,2.00583071516,0.00583071515561,1.25956743961,0.973837498323,1.25349019262
FP0,136,4,COMPLETED,2.00721007152,0.00721007152072,1.24726130306,0.955698920356,1.26079031784
FP0,136,4,COMPLETED,2.0079859156,0.0079859155997,1.26531290386,0.960839228154,1.26789718051
FP0,136,4,COMPLETED,2.00878463633,0.00878463632829,1.27390530831,0.972771114718,1.27482633318
FP0,136,4,COMPLETED,2.00946610925,0.00946610924528,1.26271895106,0.960880319304,1.28159136498
FP0,136,4,COMPLETED,2.01079133528,0.0107913352838,1.26286106776,0.955269781513,1.28820423279
FP0,136,4,COMPLETED,2.01163533664,0.0116353366401,1.23101678616,0.927357474921,1.29467552378
FP0,136,4,COMPLETED,2.01347248913,0.013472489131,1.24527159222,0.94076369738,1.3010146659
FP0,136,4,COMPLETED,2.01525899757,0.0152589975677,1.23837672807,0.931952949009,1.30723009845
FP0,136,4,COMPLETED,2.016203762,0.0162037619953,1.23926555325,0.933431500939,1.31332941173
FP0,136,4,COMPLETED,2.01788721716,0.0178872171573,1.23016329247,0.920039316319,1.31931946214
FP0,136,4,COMPLETED,2.01879770343,0.018797703426,1.24423031733,0.920742877116,1.32520646802
FP0,136,4,COMPLETED,2.01945054438,0.0194505443796,1.22762516116,0.909236451535,1.33099608995
FP0,136,4,COMPLETED,2.01999503212,0.0199950321199,1.24782668199,0.924631304432,1.33669349848
FP0,136,4,COMPLETED,2.02050710022,0.020507100217,1.224770924,0.897285585232,1.34230343163
FP0,136,4,COMPLETED,2.02112721077,0.0211272107743,1.21083000514,0.883294681228,1.34783024396
FP0,136,4,COMPLETED,2.02141773654,0.0214177365433,1.20382075296,0.876720180891,1.35327794878
FP0,136,4,COMPLETED,2.02178555194,0.0217855519391,1.18981911366,0.851917731906,1.35865025446
FP0,136,4,COMPLETED,2.02230561484,0.0223056148415,1.17081106894,0.843050840712,1.363950596
FP0,136,4,COMPLETED,2.02293393754,0.0229339375442,1.16874217963,0.834735225279,1.36918216248
FP0,136,4,COMPLETED,2.02343867719,0.0234386771937,1.16800679886,0.831318055383,1.37434792105
FP0,136,4,COMPLETED,2.02361466854,0.0236146685448,1.13469276964,0.804698486574,1.379450638
FP0,136,4,COMPLETED,2.02376190481,0.0237619048086,1.11723999346,0.787785248085,1.38449289738
FP0,136,4,COMPLETED,2.02394609298,0.0239460929831,1.09148821482,0.766465458583,1.38947711736
FP0,136,4,COMPLETED,2.02419967583,0.024199675828,1.06019065451,0.738824356919,1.39440556479
FP0,136,4,COMPLETED,2.02466377129,0.0246637712928,1.04977294036,0.727823390407,1.39928036822
FP0,136,4,COMPLETED,2.02519319178,0.0251931917834,1.01620221085,0.7029064171,1.40410352941
FP0,136,4,COMPLETED,2.0253278851,0.0253278850984,0.981984560267,0.678347764753,1.40887693369
FP0,136,4,COMPLETED,2.02563548195,0.0256354819467,0.99836840028,0.68846268488,1.41360235927
FP0,136,4,COMPLETED,2.02605012447,0.0260501244707,0.989788889084,0.679833755782,1.41828148559
FP0,136,4,COMPLETED,2.02636155992,0.0263615599237,1.00922813155,0.691478600649,1.42291590085
FP0,136,4,COMPLETED,2.02714390201,0.0271439020123,1.0038465667,0.682407814433,1.42750710882
FP0,136,4,COMPLETED,2.02757303841,0.0275730384145,0.981301820808,0.665450668158,1.43205653503
FP0,136,4,COMPLETED,2.02784796693,0.0278479669332,0.989160663661,0.665072975201,1.43656553237
FP0,136,4,COMPLETED,2.02851751243,0.0285175124334,0.995968439931,0.664522214466,1.44103538619
FP0,136,4,COMPLETED,2.02863098245,0.0286309824501,0.991739365525,0.65454185366,1.44546731893
FP0,136,4,COMPLETED,2.02851817911,0.0285181791127,0.996980815852,0.658275885645,1.44986249441
FP0,136,4,COMPLETED,2.02863455366,0.0286345536571,1.00515532011,0.662172223311,1.45422202167
FP0,136,4,COMPLETED,2.02867811094,0.028678110936,0.997402174333,0.656147144594,1.45854695854
FP0,136,4,COMPLETED,2.02888622607,0.0288862260728,0.976251356137,0.633415569935,1.46283831493
FP0,136,4,COMPLETED,2.02891822962,0.0289182296201,0.955029926923,0.612409647642,1.46709705583
FP0,136,4,COMPLETED,2.02905283301,0.0290528330053,0.957332629621,0.615528233406,1.47132410404
FP0,136,4,COMPLETED,2.02926017617,0.0292601761663,0.953147226387,0.611257072534,1.47552034278
FP0,136,4,COMPLETED,2.02942807414,0.0294280741397,0.927517775731,0.597100546295,1.479686618
FP0,136,4,COMPLETED,2.02957203358,0.0295720335797,0.882598394436,0.571726298412,1.48382374059
FP0,136,4,COMPLETED,2.02980821813,0.0298082181344,0.81221050777,0.518253058013,1.48793248839
FP0,136,4,COMPLETED,2.02991731839,0.0299173183895,0.802745489099,0.516662523114,1.49201360804
FP0,136,4,COMPLETED,2.03010982532,0.0301098253178,0.830990328699,0.530229914711,1.49606781677
FP0,136,4,COMPLETED,2.03004911863,0.0300491186259,0.815687858842,0.522662040304,1.50009580398
FP0,136,4,COMPLETED,2.02993573979,0.0299357397883,0.810906121522,0.521944840964,1.50409823272
FP0,136,4,COMPLETED,2.02995245897,0.0299524589695,0.819951296683,0.525190586506,1.50807574117
FP0,136,4,COMPLETED,2.02955178413,0.0295517841316,0.794535019965,0.497556900545,1.51202894387
FP0,136,4,COMPLETED,2.0295672455,0.0295672455018,0.784997238999,0.495214283481,1.51595843297
FP0,136,4,COMPLETED,2.02939500494,0.0293950049363,0.783574804447,0.492739538896,1.51986477937
FP0,136,4,COMPLETED,2.02905948758,0.0290594875812,0.781022004821,0.490674656951,1.52374853381
FP0,136,4,COMPLETED,2.02899749444,0.0289974944404,0.781021123658,0.488763436417,1.52761022784
FP0,136,4,COMPLETED,2.02902948647,0.0290294864739,0.762317632805,0.46812604677,1.53145037474
FP0,136,4,COMPLETED,2.02911341024,0.0291134102354,0.713545871815,0.442360229328,1.53526947046
FP0,136,4,COMPLETED,2.02898931922,0.0289893192153,0.682404119728,0.425620745751,1.5390679944
FP0,136,4,COMPLETED,2.02862000282,0.028620002821,0.651333466006,0.415174681116,1.54284641019
FP0,136,4,COMPLETED,2.02854460625,0.0285446062485,0.66076588402,0.417664865285,1.54660516643
FP0,136,4,COMPLETED,2.0285505253,0.0285505253012,0.657783406552,0.411798210645,1.55034469739
FP0,136,4,COMPLETED,2.02853219863,0.0285321986296,0.638338079246,0.394249213481,1.55406542362
FP0,136,4,COMPLETED,2.02799764871,0.0279976487091,0.670582601289,0.415000633721,1.55776775262
FP0,136,4,COMPLETED,2.02755150158,0.02755150158,0.662411073176,0.410159007752,1.56145207935
FP0,136,4,COMPLETED,2.02719766144,0.0271976614386,0.663272271727,0.4042934697,1.56511878681
FP0,136,4,COMPLETED,2.02681740104,0.0268174010371,0.660117850858,0.401383338713,1.56876824657
FP0,136,4,COMPLETED,2.02647554947,0.0264755494718,0.65338087766,0.397899108344,1.57240081923
FP0,136,4,COMPLETED,2.02622169153,0.0262216915298,0.613978564165,0.377394301248,1.57601685487
FP0,136,4,COMPLETED,2.02602455209,0.0260245520935,0.588693419043,0.356298950764,1.57961669353
FP0,136,4,COMPLETED,2.02591948305,0.0259194830514,0.570620335509,0.344861038421,1.58320066558
FP0,136,4,COMPLETED,2.02588368513,0.0258836851263,0.524794995908,0.318752608269,1.58676909216
FP0,136,4,COMPLETED,2.02556730309,0.0255673030854,0.494816001901,0.304757491752,1.59032228548
FP0,136,4,COMPLETED,2.0253215229,0.025321522896,0.503663244041,0.309369196035,1.59386054925
FP0,136,4,COMPLETED,2.02499615206,0.0249961520644,0.516042141212,0.313816609796,1.59738417897
FP0,136,4,COMPLETED,2.02453048282,0.024530482821,0.496110717512,0.302188606604,1.60089346225
FP0,136,4,COMPLETED,2.02400683798,0.0240068379814,0.515342394144,0.307495819943,1.60438867915
FP0,136,4,COMPLETED,2.02335224144,0.0233522414378,0.488122710179,0.292581031217,1.60787010243
FP0,136,4,COMPLETED,2.02296124855,0.0229612485535,0.490909074285,0.291160571996,1.61133799783
FP0,136,4,COMPLETED,2.02264012709,0.0226401270875,0.458012599204,0.269981335241,1.61479262434
FP0,136,4,COMPLETED,2.02230736504,0.0223073650377,0.462332094894,0.268781910638,1.61823423447
FP0,136,4,COMPLETED,2.02202571775,0.0220257177468,0.450073716015,0.262582573342,1.62166307445
FP0,136,4,COMPLETED,2.02164474357,0.0216447435683,0.382388775315,0.234672320164,1.62507938447
FP0,136,4,COMPLETED,2.02143281811,0.0214328181058,0.348174096803,0.216535170437,1.62848339893
FP0,136,4,COMPLETED,2.02110643032,0.0211064303167,0.358224935875,0.220145851804,1.63187534659
FP0,136,4,COMPLETED,2.02076524676,0.020765246755,0.355730767037,0.217708693705,1.63525545081
FP0,136,4,COMPLETED,2.02044126057,0.0204412605729,0.358576591844,0.21395909864,1.63862392972
FP0,136,4,COMPLETED,2.0194277943,0.019628574738,0.36098373463,0.210256458788,1.64198099643
FP0,136,4,COMPLETED,2.01831791238,0.0189760337056,0.351266436088,0.205457851122,1.64532685914
FP0,136,4,COMPLETED,2.01687649654,0.0184273953221,0.370878087372,0.211160845127,1.6486617214
FP0,136,4,COMPLETED,2.01477094889,0.0178737096938,0.338586765928,0.194374574548,1.65198578216
FP0,136,4,COMPLETED,2.01139813582,0.0173832791898,0.366574969068,0.208815195038,1.65529923601
FP0,136,4,COMPLETED,2.00807241274,0.0169747563632,0.33059635102,0.19340204991,1.65860227329
FP0,136,4,COMPLETED,2.00443787228,0.0166142369014,0.275740700428,0.166470224203,1.66189508024
FP0,136,4,COMPLETED,1.99933491537,0.0163569386863,0.264280855093,0.1668543613,1.66517783911
FP0,136,4,COMPLETED,1.99348526141,0.0159812727103,0.261690531498,0.168344632293,1.66845072831
FP0,136,4,COMPLETED,1.98618089841,0.0155100625939,0.244080622961,0.156219273994,1.67171392254
FP0,136,4,COMPLETED,1.9774234542,0.0148700141239,0.245691685603,0.154659354113,1.67496759289
FP0,136,4,COMPLETED,1.96878056341,0.0142721243371,0.253251368067,0.158047745324,1.67821190697
FP0,136,4,COMPLETED,1.96054023153,0.0137579358388,0.252117713264,0.151559036706,1.68144702901
FP0,136,4,COMPLETED,1.95158103204,0.0132340930342,0.247647454377,0.145299225298,1.68467311996
FP0,136,4,COMPLETED,1.94128715538,0.0127916964167,0.215133757365,0.1349136063,1.68789033761
FP0,136,4,COMPLETED,1.93096151103,0.0122871841193,0.2034249891,0.12978354065,1.69109883668
FP0,136,4,COMPLETED,1.92049429202,0.0119960428249,0.213731169572,0.131551145246,1.69429876889
FP0,136,4,COMPLETED,1.90968078709,0.0115158754495,0.21282664264,0.13499778885,1.69749028309
FP0,136,4,COMPLETED,1.89769907951,0.0108623679672,0.197255308739,0.129653498827,1.70067352533
FP0,136,4,COMPLETED,1.88602648346,0.0104943056968,0.175966384359,0.122368480941,1.70384863893
FP0,136,4,COMPLETED,1.87405528672,0.0099984685282,0.182735631921,0.123975736678,1.70701576457
FP0,136,4,COMPLETED,1.86159117866,0.00957578338566,0.163305975947,0.11299415756,1.7101750404
FP0,136,4,COMPLETED,1.84854526247,0.00922605186882,0.166385398916,0.114450526559,1.71332660204
FP0,136,4,COMPLETED,1.83569705616,0.00886742519723,0.157952430956,0.109158246383,1.71647058275
FP0,136,4,COMPLETED,1.82260089534,0.00834389919715,0.152729916359,0.10604036362,1.71960711342
FP0,136,4,COMPLETED,1.80877837228,0.00777558326458,0.156211259175,0.108256604867,1.72273632266
FP0,136,4,COMPLETED,1.7943453622,0.00737235318854,0.163864094538,0.11154808446,1.72585833689
FP0,136,4,COMPLETED,1.78039885837,0.00706482368151,0.15286920772,0.10744982791,1.72897328038
FP0,136,4,COMPLETED,1.76638704415,0.00661928794527,0.139449921938,0.100637599588,1.73208127532
FP0,136,4,COMPLETED,1.75170342252,0.00629366367948,0.126953528191,0.0964253892183,1.73518244186
FP0,136,4,COMPLETED,1.73670541688,0.00604630387282,0.127446996096,0.0974063124732,1.7382768982
FP0,136,4,COMPLETED,1.72170116444,0.00569562489503,0.12617409599,0.0950745082881,1.74136476062
FP0,136,4,COMPLETED,1.70647279905,0.00527545009436,0.129250780297,0.0938488284074,1.74444614353
FP0,136,4,COMPLETED,1.69064004889,0.00482020390502,0.127449943271,0.09486274325,1.74752115955
FP0,136,4,COMPLETED,1.6750302406,0.00453899702746,0.135839134157,0.0989502223063,1.75058991954
FP0,136,4,COMPLETED,1.659402947,0.00427599098198,0.12883822035,0.0936541914746,1.75365253264
FP0,136,4,COMPLETED,1.64352688425,0.00397479162951,0.1214826816,0.0898974163511,1.75670910634
FP0,136,4,COMPLETED,1.62692905451,0.00376223744385,0.110890213767,0.0853837420125,1.75975974649
FP0,136,4,COMPLETED,1.61033081315,0.00343569269137,0.114132712785,0.0868037437987,1.7628045574
FP0,136,4,COMPLETED,1.59397997057,0.00315766134649,0.116034339339,0.0884586626264,1.76584364183
FP0,136,4,COMPLETED,1.5775699647,0.00291019272481,0.120271500145,0.0903328691185,1.76887710104
FP0,136,4,COMPLETED,1.56043588206,0.00256937121329,0.112787543549,0.087075384694,1.77190503487
FP0,136,4,COMPLETED,1.54328595193,0.00235413621997,0.118339396808,0.088818507933,1.77492754173
FP0,136,4,COMPLETED,1.52604688213,0.00217603595426,0.111238304996,0.085331283788,1.77794471867
FP0,136,4,COMPLETED,1.50882962025,0.00193636370402,0.112975246618,0.0845054775573,1.78095666138
FP0,136,4,COMPLETED,1.49149052058,0.00177390737583,0.112033049916,0.085426184645,1.78396346428
FP0,136,4,COMPLETED,1.47377206984,0.00154113972897,0.112195137313,0.0859576733122,1.78696522052
FP0,136,4,COMPLETED,1.45595665433,0.00127905031544,0.113112581328,0.0881255241291,1.789962022
FP0,136,4,COMPLETED,1.438350343,0.00110322848928,0.113320128962,0.0873751566609,1.79295395943
FP0,136,4,COMPLETED,1.4205599738,0.000935874339517,0.111693395247,0.0859334327785,1.79594112237
FP0,136,4,COMPLETED,1.40228042048,0.000744578808039,0.110091946703,0.0849774570008,1.79892359921
FP0,136,4,COMPLETED,1.38420635618,0.000675079761251,0.110668886668,0.0850294215162,1.80190147727
FP0,136,4,COMPLETED,1.36607314603,0.000544942027164,0.110553073098,0.0856369921104,1.80487484278
FP0,136,4,COMPLETED,1.34779885062,0.000326214794761,0.114065963588,0.0887128301049,1.8078437809
FP0,136,4,COMPLETED,1.32943674197,9.18120059946e-05,0.11503064765,0.0890647016561,1.81080837579
FP0,136,4,COMPLETED,1.31085955219,2.48400722396e-05,0.114789426625,0.0892985046468,1.81376871063
FP0,136,4,COMPLETED,1.29209546847,3.62336811468e-05,0.114872247777,0.0886929982665,1.81672486761
FP0,136,4,COMPLETED,1.27329842967,0.000177915612108,0.117974761352,0.0913560393846,1.81967692798
FP0,136,4,COMPLETED,1.25473795909,0.000288640338747,0.115852213104,0.0901570456727,1.82262497208
FP0,136,4,COMPLETED,1.23611274297,0.000417274630597,0.118149776646,0.0927340919298,1.82556907936
FP0,136,4,COMPLETED,1.21723782053,0.000537446772639,0.115354809159,0.0907699023309,1.8285093284
FP0,136,4,COMPLETED,1.19817670052,0.000640515042492,0.117257249444,0.0922467485756,1.83144579693
FP0,136,4,COMPLETED,1.17920192568,0.000651230295007,0.119871371497,0.0932904030375,1.83437856185
FP0,136,4,COMPLETED,1.16005285783,0.000716247129331,0.123821385988,0.0969811446994,1.83730769927
FP0,136,4,COMPLETED,1.14087858663,0.000838451761822,0.125446424563,0.0993276600607,1.84023328453
FP0,136,4,COMPLETED,1.1216947062,0.000947212775285,0.122171648134,0.0965113325852,1.8431553922
FP0,136,4,COMPLETED,1.10241759649,0.00102275150833,0.123102358076,0.0983509660688,1.8460740961
FP0,136,4,COMPLETED,1.0830736473,0.00100891070539,0.120041739405,0.0956450950325,1.84898946935
FP0,136,4,COMPLETED,1.06356453062,0.00106185145116,0.124349474929,0.0990107474254,1.85190158437
FP0,136,4,COMPLETED,1.04424325862,0.00110242930425,0.128944708915,0.102819282162,1.8548105129
FP0,136,4,COMPLETED,1.02487019658,0.00111665682651,0.128846956787,0.103081503694,1.85771632601
FP0,136,4,COMPLETED,1.00543964868,0.0011791806441,0.129346959595,0.103541889432,1.86061909415
FP0,136,4,COMPLETED,0.985866130817,0.00117501025694,0.127915425369,0.103070529089,1.86351888711
FP0,136,4,COMPLETED,0.966207696145,0.00119743955626,0.132640814067,0.107204479487,1.86641577412
FP0,136,4,COMPLETED,0.946469076864,0.00121255030923,0.133603170939,0.10798719365,1.86930982378
FP0,136,4,COMPLETED,0.926688936477,0.00127387753175,0.131565343634,0.10641094089,1.87220110415
FP0,136,4,COMPLETED,0.90712381522,0.00124617434142,0.130668359354,0.106557981327,1.8750896827
FP0,136,4,COMPLETED,0.887524524462,0.00117315946932,0.132868469378,0.108135367477,1.87797562639
FP0,136,4,COMPLETED,0.867750077307,0.00119227559914,0.137584233646,0.111303520533,1.88085900165
FP0,136,4,COMPLETED,0.847906692133,0.00117738235642,0.13842576716,0.111919926042,1.8837398744
FP0,136,4,COMPLETED,0.827878935394,0.00130928691486,0.13775942843,0.112300672135,1.88661831005
FP0,136,4,COMPLETED,0.807911041556,0.00123887417043,0.135008893682,0.110071109077,1.88949437356
FP0,136,4,COMPLETED,0.788023837445,0.00121273888886,0.134175301897,0.109432032315,1.89236812941
FP0,136,4,COMPLETED,0.768055764795,0.00118567152537,0.136956657988,0.112323726593,1.89523964165
FP0,136,4,COMPLETED,0.748097585181,0.00120778156442,0.140537228997,0.115124641124,1.89810897386
FP0,136,4,COMPLETED,0.728062957129,0.00120672378106,0.139357821232,0.112919149269,1.90097618924
FP0,136,4,COMPLETED,0.708014468812,0.00120924437673,0.138024251952,0.112412236884,1.90384135055
FP0,136,4,COMPLETED,0.687941661583,0.00119272501254,0.139242555714,0.113350103193,1.90670452019
FP0,136,4,COMPLETED,0.667722830021,0.00115521178548,0.140791283297,0.11526635698,1.90956576015
FP0,136,4,COMPLETED,0.647464595257,0.00116510601769,0.140043048504,0.114764890446,1.91242513208
FP0,136,4,COMPLETED,0.627426821453,0.00107415559395,0.140144715513,0.11498391084,1.91528269725
FP0,136,4,COMPLETED,0.607217269061,0.00108502791671,0.142460874352,0.116207564226,1.9181385166
FP0,136,4,COMPLETED,0.587022872482,0.00101860919447,0.141553978825,0.115434443351,1.92099265076
FP0,136,4,COMPLETED,0.566806514383,0.00107876581816,0.142447015927,0.116754782876,1.92384516001
FP0,136,4,COMPLETED,0.546518589236,0.00100799535097,0.140851168447,0.115264333165,1.92669610436
FP0,136,4,COMPLETED,0.526240863426,0.00107894663986,0.142003075264,0.1164663554,1.9295455435
FP0,136,4,COMPLETED,0.50591536791,0.000926690782398,0.143617428133,0.117303551526,1.93239353686
FP0,136,4,COMPLETED,0.48552293398,0.000901127249199,0.143400585396,0.117825340572,1.93524014359
FP0,136,4,COMPLETED,0.46519525865,0.00100645348903,0.141219465594,0.115808408575,1.93808542258
FP0,136,4,COMPLETED,0.444789589658,0.000901994339777,0.144179203678,0.118120317603,1.9409294325
FP0,136,4,COMPLETED,0.424495167931,0.000825952567798,0.143117432429,0.117286068915,1.94377223176
FP0,136,4,COMPLETED,0.404189493535,0.000888101750222,0.14337158332,0.117404253876,1.94661387856
FP0,136,4,COMPLETED,0.383792423677,0.000751662886668,0.143159760635,0.118163834704,1.94945443088
FP0,136,4,COMPLETED,0.363320353056,0.000746332007877,0.144713063912,0.118806600928,1.9522939465
FP0,136,4,COMPLETED,0.342887773161,0.000717939133424,0.144363380774,0.118066255799,1.95513248302
FP0,136,4,COMPLETED,0.32244348826,0.000738965743636,0.142546608336,0.117728579721,1.95797009786
FP0,136,4,COMPLETED,0.302101802542,0.000754938730904,0.143513070996,0.117752801033,1.96080684826
FP0,136,4,COMPLETED,0.281488377803,0.000638896544309,0.144687939824,0.119177930049,1.96364279131
FP0,136,4,COMPLETED,0.261140979993,0.00056573488338,0.145746253667,0.119672022258,1.96647798397
FP0,136,4,COMPLETED,0.240676584771,0.000537460549241,0.142000224572,0.117448153409,1.96931248302
FP0,136,4,COMPLETED,0.220164581162,0.000499602513763,0.142416333993,0.117115685564,1.97214634516
FP0,136,4,COMPLETED,0.199737468185,0.000547625930421,0.145228868284,0.119464463585,1.97497962695
FP0,136,4,COMPLETED,0.179220934697,0.000439125085556,0.146472031778,0.120791137108,1.97781238484
FP0,136,4,COMPLETED,0.158856113341,0.000563568401009,0.14381602327,0.118609655796,1.98064467521
FP0,136,4,COMPLETED,0.138252661967,0.000365612114332,0.143395587226,0.118819454276,1.98347655433
FP0,136,4,COMPLETED,0.117812662081,0.000299706439868,0.145415548819,0.119992136379,1.9863080784
FP0,136,4,COMPLETED,0.0972599483476,0.000310442501844,0.142234625921,0.117410480775,1.98913930356
FP0,136,4,COMPLETED,0.0768383148352,0.00023613343055,0.144895822646,0.119514448449,1.9919702859
FP0,136,4,COMPLETED,0.0563423358338,0.000301481522396,0.14549019636,0.120505826919,1.99480108145
FP0,136,4,COMPLETED,0.0361959481304,8.82708493822e-05,0.142552912499,0.117294067038,1.99763174622
FP0,136,4,COMPLETED,0.0211815888004,0.000253453999768,0.142310429351,0.117230856134,2
HL0,68,4,COMPLETED,0,0,0.0013625849643,0.00108582158143,0
HL0,68,4,COMPLETED,8.79622607384e-06,3.72569875571e-11,0.00136258532835,0.00108582158309,1.2e-06
HL0,68,4,COMPLETED,1.93516973653e-05,1.71602952263e-10,0.00136258673994,0.00108582160584,2.64e-06
HL0,68,4,COMPLETED,3.20182629244e-05,4.61894949455e-10,0.00136258983746,0.00108582166301,4.368e-06
HL0,68,4,COMPLETED,4.72181416175e-05,9.96116703001e-10,0.00136259557566,0.00108582177464,6.4416e-06
HL0,68,4,COMPLETED,6.54579960097e-05,1.90475185759e-09,0.00136260537196,0.00108582197055,8.92992e-06
HL0,68,4,COMPLETED,8.73456039443e-05,3.16310692003e-09,0.0013626213185,0.00108582229486,1.1915904e-05
HL0,68,4,COMPLETED,0.000113609947068,4.44156783213e-09,0.00136264648913,0.00108582281249,1.54990848e-05
HL0,68,4,COMPLETED,0.000145125148594,4.76437778222e-09,0.00136268538349,0.00108595141715,1.979890176e-05
HL0,68,4,COMPLETED,0.000182938844613,1.75619617383e-09,0.00136274456868,0.00108630990197,2.4958682112e-05
HL0,68,4,COMPLETED,0.0002283082672,7.21011426893e-09,0.00136283360575,0.00108686743629,3.11504185344e-05
HL0,68,4,COMPLETED,0.000282741311169,2.58483637903e-08,0.00136296638646,0.00108753710326,3.85805022413e-05
HL0,68,4,COMPLETED,0.00034804615905,5.9586194401e-08,0.00136316306049,0.00108834160503,4.74966026895e-05
HL0,68,4,COMPLETED,0.000426390241661,1.168641402e-07,0.00136345281142,0.00108930830573,5.81959232274e-05
HL0,68,4,COMPLETED,0.000520371271526,2.10352014107e-07,0.00136387785146,0.00109047021741,7.10351078729e-05
HL0,68,4,COMPLETED,0.000633102602291,3.58200430387e-07,0.0013644991628,0.00109186720701,8.64421294475e-05
HL0,68,4,COMPLETED,0.000768313975308,5.87099613543e-07,0.00136540473541,0.00109354747891,0.000104930555337
HL0,68,4,COMPLETED,0.00093047224784,9.35934008105e-07,0.00136672136031,0.00109556940337,0.000127116666404
HL0,68,4,COMPLETED,0.00112492467952,1.46149121607e-06,0.00136863145937,0.00109853606894,0.000153739999685
HL0,68,4,COMPLETED,0.00135808177597,2.23403351233e-06,0.00137139699547,0.00110287492129,0.000185687999622
HL0,68,4,COMPLETED,0.0016377259403,3.24219961657e-06,0.00137539322561,0.00110896305183,0.000224025599547
HL0,68,4,COMPLETED,0.00197323359691,4.42636222691e-06,0.00138115591568,0.00111698456702,0.000270030719456
HL0,68,4,COMPLETED,0.00237578974954,5.769524151e-06,0.00138944652502,0.00112785552038,0.000325236863347
HL0,68,4,COMPLETED,0.00285878064131,7.26959073799e-06,0.00140134051877,0.00114176673385,0.000391484236017
HL0,68,4,COMPLETED,0.00343825934332,8.90938624843e-06,0.00141834380972,0.00116244166749,0.00047098108322
HL0,68,4,COMPLETED,0.0041334844115,1.06374019106e-05,0.00144254039653,0.0011885369577,0.000566377299864
HL0,68,4,COMPLETED,0.00496764756133,1.22586390265e-05,0.00147676924657,0.00122162903518,0.000680852759837
HL0,68,4,COMPLETED,0.0059685285712,1.35150746666e-05,0.00152481939886,0.00126471778887,0.000818223311805
HL0,68,4,COMPLETED,0.00716942239441,1.40311272579e-05,0.00159162027357,0.00132054789749,0.000983067974166
HL0,68,4,COMPLETED,0.00861026277397,1.3222886481e-05,0.00168339523629,0.00139858009279,0.001180881569
HL0,68,4,COMPLETED,0.0103389417944,1.01972914184e-05,0.00181281012105,0.00149985628778,0.0014182578828
HL0,68,4,COMPLETED,0.0124116450991,4.84912545621e-06,0.00198022955188,0.00163930131172,0.00170310945936
HL0,68,4,COMPLETED,0.014893787835,1.40107602231e-06,0.00220056156099,0.001808264799,0.00204493135123
HL0,68,4,COMPLETED,0.0178692994553,1.29506482015e-05,0.00248558935937,0.00202138817247,0.00245511762148
HL0,68,4,COMPLETED,0.0214425613565,1.81095204322e-05,0.00282889221053,0.00229095572102,0.00294734114577
HL0,68,4,COMPLETED,0.0257336061661,2.41024313695e-05,0.00326202515713,0.00263566949724,0.00353800937493
HL0,68,4,COMPLETED,0.0308910543121,3.38928856173e-05,0.00382414184606,0.00308773026238,0.00424681124991
HL0,68,4,COMPLETED,0.0370732007685,4.78356381784e-05,0.00454595199273,0.00371227639101,0.00509737349989
HL0,68,4,COMPLETED,0.0445166956785,5.22930096646e-05,0.0055090698263,0.00447289911782,0.00611804819987
HL0,68,4,COMPLETED,0.0534553820892,6.78102330553e-05,0.00654441548448,0.00530835922541,0.00734285783985
HL0,68,4,COMPLETED,0.0641542935763,9.00097069014e-05,0.00793571027774,0.00636257873169,0.00881262940781
HL0,68,4,COMPLETED,0.0769841380516,0.000100240474315,0.00932397480398,0.00745330240481,0.0105763552894
HL0,68,4,COMPLETED,0.0923690992031,0.000120285743426,0.0110445267382,0.00892561405862,0.0126928263473
HL0,68,4,COMPLETED,0.110826491742,0.0001964407855,0.0134251938919,0.0109004515349,0.0152325916167
HL0,68,4,COMPLETED,0.133011139723,0.000308182480981,0.0158225707149,0.0130430610667,0.01828030994
HL0,68,4,COMPLETED,0.159475850221,0.00028921417146,0.0188876509251,0.015589711079,0.0219375719281
HL0,68,4,COMPLETED,0.191339212556,0.000519307748439,0.024190083927,0.0194002367529,0.0263262863137
HL0,68,4,COMPLETED,0.229614637032,0.000844810876368,0.0298482997787,0.0239366724601,0.0315927435764
HL0,68,4,COMPLETED,0.270883883623,0.000978472796409,0.0350992617594,0.0280879959808,0.0372633381857
HL0,68,4,COMPLETED,0.312138060042,0.00122089235802,0.0401484665906,0.0327027975846,0.0429366676891
HL0,68,4,COMPLETED,0.352537777625,0.0010837385633,0.0497438466747,0.0393438467373,0.0486131869673
HL0,68,4,COMPLETED,0.394224107008,0.00175742814192,0.0551164749424,0.0439603782032,0.0542933531413
HL0,68,4,COMPLETED,0.434529162338,0.00182284862364,0.0607824722635,0.0489900292094,0.0599776259092
HL0,68,4,COMPLETED,0.475943344262,0.00216960369162,0.065662746985,0.0530073401495,0.0656664678876
HL0,68,4,COMPLETED,0.516283149561,0.00219340497264,0.0760948911853,0.060125071867,0.0713603449594
HL0,68,4,COMPLETED,0.557234637545,0.00285261228859,0.0852905764066,0.0677048918369,0.0770597266278
HL0,68,4,COMPLETED,0.598022022829,0.00289881257497,0.0903110099751,0.0719805543914,0.082765086378
HL0,68,4,COMPLETED,0.638976524476,0.00331151426559,0.0957459964779,0.0767756690786,0.0884769020468
HL0,68,4,COMPLETED,0.679443597889,0.0034801988488,0.108632182499,0.0849369419107,0.0941956562008
HL0,68,4,COMPLETED,0.720029249362,0.00382203228683,0.115914507425,0.0913003549074,0.0999218365258
HL0,68,4,COMPLETED,0.760149462187,0.00412776762681,0.121730985263,0.0966659625681,0.105655936225
HL0,68,4,COMPLETED,0.800096712796,0.00425648289598,0.12835626439,0.102331979066,0.111398454432
HL0,68,4,COMPLETED,0.839864677621,0.00450329197955,0.140202527463,0.110357353469,0.117149896631
HL0,68,4,COMPLETED,0.87982588927,0.00468308473719,0.152485327975,0.118128012175,0.122910775099
HL0,68,4,COMPLETED,0.919962103556,0.0050236631427,0.156133131293,0.122778522411,0.128681609352
HL0,68,4,COMPLETED,0.959921991318,0.00526724837606,0.165326680053,0.129851436833,0.134462926622
HL0,68,4,COMPLETED,0.999401687178,0.00540078665573,0.169944533217,0.133556282044,0.140255262333
HL0,68,4,COMPLETED,1.03793903171,0.00527536061831,0.188566708176,0.146845845656,0.146059160615
HL0,68,4,COMPLETED,1.07663089888,0.00586629313246,0.196046622714,0.150585324056,0.151875174822
HL0,68,4,COMPLETED,1.11474531678,0.00596780591449,0.209179031908,0.161818153007,0.157703868081
HL0,68,4,COMPLETED,1.15376780748,0.00652892634149,0.213400604077,0.166124244261,0.163545813862
HL0,68,4,COMPLETED,1.19239919011,0.006716740966,0.217851446661,0.169966776147,0.169401596569
HL0,68,4,COMPLETED,1.23084250669,0.00691278557754,0.224653241048,0.175666943644,0.175271812169
HL0,68,4,COMPLETED,1.26812002995,0.00717433827542,0.249740594358,0.190888838679,0.181157068833
HL0,68,4,COMPLETED,1.30513679748,0.00742794517074,0.260717181435,0.199062819588,0.187057987625
HL0,68,4,COMPLETED,1.34205169151,0.00773985636565,0.261486328911,0.199741874805,0.192975203212
HL0,68,4,COMPLETED,1.37839079903,0.00804256543241,0.277466568543,0.213437752674,0.198909364617
HL0,68,4,COMPLETED,1.41530422663,0.00838512983712,0.277114334732,0.212738306935,0.204861136007
HL0,68,4,COMPLETED,1.45018010172,0.00863936483439,0.284350420375,0.218566605284,0.210831197524
HL0,68,4,COMPLETED,1.48466506503,0.00882620251977,0.303181542689,0.230527623552,0.216820246159
HL0,68,4,COMPLETED,1.51968278623,0.00896777333106,0.330350189945,0.245817238964,0.222828996677
HL0,68,4,COMPLETED,1.55479699721,0.00923724274121,0.33271860622,0.251363576445,0.228858182589
HL0,68,4,COMPLETED,1.58917926959,0.00956884902914,0.345408747017,0.259613949183,0.234908557187
HL0,68,4,COMPLETED,1.62068269532,0.00987971820335,0.339164949973,0.255836815385,0.24098089463
HL0,68,4,COMPLETED,1.65240496691,0.00997308816311,0.360802921979,0.276023187653,0.247075991102
HL0,68,4,COMPLETED,1.68475088094,0.0102713300063,0.358947432588,0.274263980842,0.253194666038
HL0,68,4,COMPLETED,1.71669316587,0.0102459358408,0.383950810986,0.287510031478,0.259337763424
HL0,68,4,COMPLETED,1.74540854314,0.0104204529494,0.398725501568,0.29710882965,0.265506153181
HL0,68,4,COMPLETED,1.77465204703,0.0107534713863,0.410992566464,0.305510737306,0.271700732641
HL0,68,4,COMPLETED,1.80223684522,0.0107493519257,0.428251220551,0.317162308191,0.277922428106
HL0,68,4,COMPLETED,1.82911303362,0.0108909066205,0.436596525306,0.32459858508,0.284172196534
HL0,68,4,COMPLETED,1.85369990831,0.0110754114158,0.445438811849,0.332746250682,0.290451027314
HL0,68,4,COMPLETED,1.87929471995,0.0109969582408,0.439912281934,0.332620994019,0.296759944184
HL0,68,4,COMPLETED,1.90269817233,0.0109018237668,0.459654081794,0.34554578085,0.303100007271
HL0,68,4,COMPLETED,1.92172033147,0.0107889135324,0.456415673398,0.343660480165,0.309472315285
HL0,68,4,COMPLETED,1.93884264971,0.0106656513825,0.488180920475,0.363321577442,0.315878007867
HL0,68,4,COMPLETED,1.95779623064,0.0103942545064,0.506228097601,0.376029110083,0.322318268117
HL0,68,4,COMPLETED,1.97485292865,0.010228344704,0.525374169177,0.386521795653,0.328794325313
HL0,68,4,COMPLETED,1.98804567325,0.0102271216087,0.52732417715,0.385782133081,0.335307457833
HL0,68,4,COMPLETED,1.99656981156,0.00992700934815,0.54945885771,0.411229884245,0.341858996316
HL0,68,4,COMPLETED,2.00157907522,0.00961482612613,0.554531222988,0.416962864964,0.34845032707
HL0,68,4,COMPLETED,2.00459771366,0.00930573649561,0.553342138964,0.412374188568,0.355082895764
HL0,68,4,COMPLETED,2.00664179383,0.00904733015649,0.565339191231,0.428057801727,0.361758211422
HL0,68,4,COMPLETED,2.00793922035,0.00849925827472,0.574728412012,0.44468255975,0.368477850756
HL0,68,4,COMPLETED,2.00757332086,0.00759483169952,0.580465993013,0.447078098709,0.375243462883
HL0,68,4,COMPLETED,2.00748427087,0.00748427086672,0.616646292856,0.467149637401,0.38205677445
HL0,68,4,COMPLETED,2.00728750773,0.00728750772576,0.638969091567,0.484203777556,0.388919595224
HL0,68,4,COMPLETED,2.00694565422,0.00694565421864,0.674071400896,0.51911739239,0.3958338242
HL0,68,4,COMPLETED,2.00625508892,0.006255088924,0.677039802836,0.52146674826,0.402801456283
HL0,68,4,COMPLETED,2.00621701646,0.00621701646308,0.684350037467,0.524448324256,0.409824589606
HL0,68,4,COMPLETED,2.00619895533,0.00619895533111,0.690105204666,0.527093787444,0.416905433581
HL0,68,4,COMPLETED,2.00607028394,0.00607028394414,0.722872400987,0.571960588086,0.424046317743
HL0,68,4,COMPLETED,2.005729421,0.00572942100217,0.73676614524,0.58340421804,0.43124970152
HL0,68,4,COMPLETED,2.00546263823,0.00546263823149,0.741704628784,0.58569432241,0.438518185016
HL0,68,4,COMPLETED,2.00501796242,0.00501796241706,0.732394522842,0.577370231697,0.44585452097
HL0,68,4,COMPLETED,2.00466206691,0.0046620669111,0.740821364944,0.592064325985,0.453261628023
HL0,68,4,COMPLETED,2.00415060413,0.00415060413017,0.756953069533,0.615368371533,0.4607426055
HL0,68,4,COMPLETED,2.00353849352,0.00353849352049,0.789714305356,0.639871196333,0.4683007499
HL0,68,4,COMPLETED,2.00324935603,0.00324935602949,0.818439788342,0.653695499502,0.475939573353
HL0,68,4,COMPLETED,2.00309969368,0.00309969367695,0.844478496463,0.677833817699,0.48366282434
HL0,68,4,COMPLETED,2.00283674286,0.00283674285535,0.86530101794,0.701467375639,0.491474511023
HL0,68,4,COMPLETED,2.00233625812,0.00233625811522,0.898103341813,0.730862844032,0.499378927583
HL0,68,4,COMPLETED,2.00210061631,0.00210061631212,0.907501024706,0.741247608102,0.507380684088
HL0,68,4,COMPLETED,2.00181247131,0.0018124713138,0.931935416915,0.756675978078,0.515484740442
HL0,68,4,COMPLETED,2.0020305172,0.0020305171953,0.933574319248,0.756194241109,0.523696445155
HL0,68,4,COMPLETED,2.00243346327,0.00243346326758,0.961437484153,0.788104695356,0.532021579772
HL0,68,4,COMPLETED,2.00311651906,0.00311651905931,0.991634713841,0.819957101554,0.540466410016
HL0,68,4,COMPLETED,2.00254444644,0.00254444643504,1.00776343193,0.840532053176,0.549037744919
HL0,68,4,COMPLETED,2.00208018296,0.0020801829612,1.01838769864,0.850731812141,0.557743005513
HL0,68,4,COMPLETED,2.00280899806,0.00280899806459,1.03834350794,0.862849207104,0.566590305054
HL0,68,4,COMPLETED,2.00345700443,0.00345700442532,1.05028202365,0.874258033522,0.575588543211
HL0,68,4,COMPLETED,2.00410439194,0.00410439193849,1.0606297015,0.889853637864,0.58474751731
HL0,68,4,COMPLETED,2.00450404144,0.00450404144144,1.08578829161,0.91098773724,0.594078054564
HL0,68,4,COMPLETED,2.00502004325,0.00502004324956,1.15569067773,0.971675933272,0.603592170319
HL0,68,4,COMPLETED,2.00514084799,0.00514084798578,1.1751695368,0.992779528264,0.613303258833
HL0,68,4,COMPLETED,2.00579941403,0.00579941403304,1.18338574861,0.996075573143,0.623226325151
HL0,68,4,COMPLETED,2.00707580594,0.00707580593772,1.2153395204,1.02540483789,0.633378269377
HL0,68,4,COMPLETED,2.00859298453,0.00859298453266,1.23251228809,1.04139049661,0.643778238557
HL0,68,4,COMPLETED,2.00972261084,0.00972261083595,1.23340401274,1.0450732504,0.654448066852
HL0,68,4,COMPLETED,2.01084782385,0.0108478238486,1.24793886749,1.06150222314,0.665412832559
HL0,68,4,COMPLETED,2.0120981052,0.0120981051996,1.29505725297,1.11232360828,0.676701572159
HL0,68,4,COMPLETED,2.01329676527,0.0132967652685,1.31462552389,1.12814142177,0.688348208856
HL0,68,4,COMPLETED,2.01442600945,0.014426009447,1.33163208112,1.1462168333,0.700392779698
HL0,68,4,COMPLETED,2.01627322615,0.0162732261538,1.33002121961,1.14625718355,0.712883087078
HL0,68,4,COMPLETED,2.01832275549,0.0183227554934,1.33128712991,1.14824587576,0.725876968096
HL0,68,4,COMPLETED,2.0199419364,0.0199419363953,1.35536299341,1.16488527649,0.739445488374
HL0,68,4,COMPLETED,2.02147952186,0.0214795218611,1.37169164204,1.18153174385,0.753677563755
HL0,68,4,COMPLETED,2.02276477256,0.0227647725607,1.36372473583,1.18001851473,0.768686871083
HL0,68,4,COMPLETED,2.02386810837,0.0238681083716,1.38932164249,1.20543698192,0.784622594979
HL0,68,4,COMPLETED,2.02489355282,0.0248935528245,1.39063746379,1.20586985911,0.801686957182
HL0,68,4,COMPLETED,2.02651290443,0.0265129044302,1.41874086602,1.23330695464,0.820165561517
HL0,68,4,COMPLETED,2.02806151637,0.0280615163683,1.43089597538,1.24568167512,0.840484087342
HL0,68,4,COMPLETED,2.03027651087,0.0302765108733,1.44491588015,1.25798065185,0.863325539579
HL0,68,4,COMPLETED,2.0318115951,0.0318115950954,1.47631461374,1.28545986749,0.889909988966
HL0,68,4,COMPLETED,2.03269193836,0.0326919383633,1.51214720254,1.32315621008,0.921811328232
HL0,68,4,COMPLETED,2.03330715741,0.0333071574079,1.5097738048,1.32666009941,0.96009293535
HL0,68,4,COMPLETED,2.03359465107,0.0335946510701,1.53086248076,1.34293579394,1.00603086389
HL0,68,4,COMPLETED,2.03300311534,0.0330031153445,1.50799701136,1.3215460783,1.06115637814
HL0,68,4,COMPLETED,2.0320622549,0.0320622548957,1.46368143109,1.27266375156,1.12020369247
HL0,68,4,COMPLETED,2.02973341157,0.0297334115659,1.43544147488,1.24962126636,1.15037815366
HL0,68,4,COMPLETED,2.02785345247,0.0278534524688,1.41432027823,1.23368603485,1.17457926048
HL0,68,4,COMPLETED,2.02637162555,0.0263716255467,1.3818221063,1.2020192888,1.1954933056
HL0,68,4,COMPLETED,2.02555899403,0.0255589940315,1.38215583867,1.20529014892,1.2142298268
HL0,68,4,COMPLETED,2.02464300024,0.0246430002425,1.34199163077,1.16379308596,1.23138209422
HL0,68,4,COMPLETED,2.0236338807,0.0236338807009,1.35928668947,1.17968813832,1.24731327926
HL0,68,4,COMPLETED,2.02231067619,0.0223106761913,1.33175427634,1.15066826678,1.26226549064
HL0,68,4,COMPLETED,2.02096138433,0.0209613843291,1.30690352612,1.13283753006,1.27640997988
HL0,68,4,COMPLETED,2.01940733289,0.0194073328938,1.30093858987,1.12705485485,1.28987329494
HL0,68,4,COMPLETED,2.01819147191,0.0181914719106,1.29596709816,1.12562792803,1.30275215611
HL0,68,4,COMPLETED,2.01745874667,0.01745874667,1.27660817387,1.10356432553,1.31512249636
HL0,68,4,COMPLETED,2.01631715543,0.0163171554345,1.23258859517,1.05686547393,1.32704524763
HL0,68,4,COMPLETED,2.01580020363,0.0158002036268,1.22125378783,1.0478208609,1.33857020243
HL0,68,4,COMPLETED,2.01500321625,0.0150032162477,1.19256417483,1.01582492903,1.34973868124
HL0,68,4,COMPLETED,2.01415861814,0.0141586181381,1.19053287318,1.02203012068,1.36058542921
HL0,68,4,COMPLETED,2.01317479435,0.013174794346,1.16905327428,0.999212532466,1.37113999835
HL0,68,4,COMPLETED,2.01288659271,0.0128865927127,1.13507893008,0.972470241726,1.38142777662
HL0,68,4,COMPLETED,2.01310598355,0.0131059835467,1.1348968012,0.972096272711,1.39147076824
HL0,68,4,COMPLETED,2.01259455734,0.0125945573427,1.07459876652,0.917566657915,1.40128819536
HL0,68,4,COMPLETED,2.01224378431,0.0122437843072,1.02502948003,0.877523037783,1.41089696848
HL0,68,4,COMPLETED,2.01227461189,0.0122746118935,1.03824615488,0.886685494936,1.42031205931
HL0,68,4,COMPLETED,2.01181725813,0.0118172581296,1.02574080354,0.877584315858,1.42954679949
HL0,68,4,COMPLETED,2.01119839003,0.0111983900325,1.00584624617,0.858089831621,1.43861312267
HL0,68,4,COMPLETED,2.01173524481,0.0117352448051,0.996848173953,0.853375353482,1.44752176243
HL0,68,4,COMPLETED,2.01191886637,0.011918866368,0.992329969616,0.842290240942,1.45628241556
HL0,68,4,COMPLETED,2.0113947789,0.0113947788956,0.963543977234,0.814852138293,1.46490387785
HL0,68,4,COMPLETED,2.01094329857,0.0109432985703,0.939977265318,0.78601381375,1.47339415781
HL0,68,4,COMPLETED,2.0106973901,0.0106973901008,0.942375785038,0.792913490104,1.48176057261
HL0,68,4,COMPLETED,2.01062274587,0.0106227458666,0.933856476933,0.784502306121,1.49000982949
HL0,68,4,COMPLETED,2.01057177627,0.0105717762743,0.92601923866,0.77852747795,1.49814809524
HL0,68,4,COMPLETED,2.0107152164,0.0107152164034,0.902846287951,0.754769939525,1.50618105583
HL0,68,4,COMPLETED,2.01045334311,0.0104533431096,0.869992302209,0.726516419978,1.51411396791
HL0,68,4,COMPLETED,2.01020426913,0.0102042691307,0.846106636772,0.702553658019,1.52195170337
HL0,68,4,COMPLETED,2.01043438555,0.0104343855539,0.84786205506,0.71297952739,1.52969878816
HL0,68,4,COMPLETED,2.01046572834,0.010465728342,0.810582344687,0.684686222057,1.53735943624
HL0,68,4,COMPLETED,2.01031598941,0.0103159894094,0.789310186362,0.659053456849,1.54493757938
HL0,68,4,COMPLETED,2.01051422407,0.0105142240739,0.778966168519,0.644699546705,1.55243689336
HL0,68,4,COMPLETED,2.01049600814,0.0104960081381,0.783641083267,0.648444333189,1.55986082123
HL0,68,4,COMPLETED,2.01053554126,0.0105355412588,0.779634368157,0.647103705805,1.56721259383
HL0,68,4,COMPLETED,2.01050331079,0.0105033107854,0.768809570309,0.634100284551,1.57449524813
HL0,68,4,COMPLETED,2.01038853066,0.0103885306559,0.749014498968,0.605670516906,1.58171164355
HL0,68,4,COMPLETED,2.00992448992,0.00992448992471,0.732464810279,0.592430543869,1.58886447659
HL0,68,4,COMPLETED,2.0099586847,0.00995868470363,0.731333119533,0.592553125286,1.59595629395
HL0,68,4,COMPLETED,2.00995932217,0.00995932216899,0.728158527043,0.591147111159,1.60298950433
HL0,68,4,COMPLETED,2.0100077248,0.0100077247999,0.694426205969,0.557736673878,1.6099663891
HL0,68,4,COMPLETED,2.00981031705,0.00981031704568,0.676258156713,0.542300011497,1.61688911186
HL0,68,4,COMPLETED,2.00957545619,0.00957545619276,0.654478264292,0.532327213762,1.62375972726
HL0,68,4,COMPLETED,2.00942825847,0.00981378230886,0.654524977982,0.531511152373,1.63058018883
HL0,68,4,COMPLETED,2.00858370834,0.00981189914257,0.633129292897,0.505971477587,1.63735235622
HL0,68,4,COMPLETED,2.00585080392,0.00958365954951,0.622057705039,0.492178643559,1.64407800179
HL0,68,4,COMPLETED,2.00327997742,0.00943256347994,0.629801478351,0.502612777595,1.65075881658
HL0,68,4,COMPLETED,1.99894246336,0.00950298300168,0.619248228731,0.492583346833,1.65739641581
HL0,68,4,COMPLETED,1.99252353952,0.00949460752074,0.601892670572,0.470341348037,1.66399234392
HL0,68,4,COMPLETED,1.98099589567,0.0091100115388,0.590530078626,0.460997165152,1.67054807919
HL0,68,4,COMPLETED,1.96582207924,0.00897436820354,0.58214258279,0.458622514691,1.67706503799
HL0,68,4,COMPLETED,1.94766983409,0.00904911108921,0.5723665443,0.451663235394,1.68354457871
HL0,68,4,COMPLETED,1.92948863493,0.00916703327288,0.5400163222,0.422858078049,1.68998800538
HL0,68,4,COMPLETED,1.91168278341,0.00868586046384,0.545063751408,0.428481276936,1.69639657097
HL0,68,4,COMPLETED,1.89064257123,0.00874325935418,0.539221994548,0.424999089601,1.70277148055
HL0,68,4,COMPLETED,1.86606700835,0.00892763933352,0.521615621857,0.406598707144,1.70911389409
HL0,68,4,COMPLETED,1.84090275168,0.00861763407031,0.514961636687,0.397169813739,1.71542492919
HL0,68,4,COMPLETED,1.81588883437,0.00823010480597,0.510929836654,0.397721390122,1.72170566347
HL0,68,4,COMPLETED,1.78889937275,0.00867397098251,0.500909801067,0.38615522723,1.72795713696
HL0,68,4,COMPLETED,1.76052150782,0.00856839589188,0.484910227053,0.370368354301,1.73418035418
HL0,68,4,COMPLETED,1.73147599391,0.00815073833052,0.465912450304,0.358467699908,1.74037628616
HL0,68,4,COMPLETED,1.70131291193,0.00835496491799,0.457818654487,0.351835971285,1.74654587232
HL0,68,4,COMPLETED,1.66877717748,0.00847855020405,0.452653360671,0.349674147442,1.75269002221
HL0,68,4,COMPLETED,1.63712170226,0.00821048874211,0.443062104711,0.337076093295,1.75880961714
HL0,68,4,COMPLETED,1.60594131394,0.00815590422473,0.433369968635,0.330300812275,1.76490551172
HL0,68,4,COMPLETED,1.57234270658,0.00813195722829,0.426908958424,0.326854427043,1.77097853532
HL0,68,4,COMPLETED,1.53735121586,0.00814511369139,0.416498567449,0.315032461977,1.77702949338
HL0,68,4,COMPLETED,1.5024699066,0.00805866131802,0.404262569289,0.305069271931,1.78305916871
HL0,68,4,COMPLETED,1.46808226415,0.00819984413898,0.385735988333,0.292118695192,1.78906832271
HL0,68,4,COMPLETED,1.43326517576,0.00841044239309,0.381781420777,0.29064840273,1.79505769646
HL0,68,4,COMPLETED,1.39657653349,0.00815667855027,0.372337404311,0.282251875555,1.8010280118
HL0,68,4,COMPLETED,1.36028285699,0.00827115591676,0.371023094132,0.277950650749,1.80697997234
HL0,68,4,COMPLETED,1.32360317219,0.00822014244988,0.356965844607,0.26893588113,1.81291426445
HL0,68,4,COMPLETED,1.28673784873,0.0081731767835,0.344060647683,0.260950889816,1.81883155808
HL0,68,4,COMPLETED,1.24954521369,0.00842125705202,0.328851062353,0.248408468145,1.82473250771
HL0,68,4,COMPLETED,1.21124994173,0.00843818475582,0.318796739188,0.241897952794,1.83061775309
HL0,68,4,COMPLETED,1.17256087236,0.0084966940757,0.312287037674,0.235388755889,1.83648792006
HL0,68,4,COMPLETED,1.13383511208,0.00862315983783,0.30699187708,0.230187696141,1.84234362127
HL0,68,4,COMPLETED,1.09572507899,0.00861123233305,0.30565383133,0.229083502975,1.84818545685
HL0,68,4,COMPLETED,1.05753783489,0.00861487157114,0.291438295835,0.217925355767,1.85401401513
HL0,68,4,COMPLETED,1.01865115373,0.00876199097977,0.267934736623,0.204313112572,1.85982987326
HL0,68,4,COMPLETED,0.979538989491,0.00905970244881,0.269429440824,0.204320341515,1.86563359778
HL0,68,4,COMPLETED,0.939657848496,0.00902530923339,0.258952347505,0.192021292517,1.87142574526
HL0,68,4,COMPLETED,0.899590222652,0.00915677111035,0.253166183216,0.190655350862,1.87720686282
HL0,68,4,COMPLETED,0.85977322548,0.00900970481535,0.243496223234,0.182982855506,1.88297748871
HL0,68,4,COMPLETED,0.820010461497,0.00940685536089,0.224988675491,0.167961034061,1.88873815275
HL0,68,4,COMPLETED,0.780246519672,0.00941800774579,0.222460637399,0.168067646698,1.8944893769
HL0,68,4,COMPLETED,0.740315836105,0.00957582555977,0.221397129154,0.166072532667,1.9002316757
HL0,68,4,COMPLETED,0.699716069814,0.00968688781238,0.208351257821,0.152138648228,1.90596555675
HL0,68,4,COMPLETED,0.659278945561,0.00984672043243,0.191392592948,0.142557468687,1.91169152113
HL0,68,4,COMPLETED,0.618658414196,0.00988973047163,0.182942241282,0.137101788369,1.91741006386
HL0,68,4,COMPLETED,0.577797439419,0.0101281759007,0.178047181426,0.131344400796,1.9231216743
HL0,68,4,COMPLETED,0.536921498612,0.0100928802909,0.174925838041,0.128497056505,1.92882683653
HL0,68,4,COMPLETED,0.496188942868,0.0103651444985,0.161495607971,0.11845694815,1.93452602982
HL0,68,4,COMPLETED,0.455634856055,0.0108490525791,0.143528730967,0.107020046373,1.94021972894
HL0,68,4,COMPLETED,0.414793739106,0.010695594969,0.141783087458,0.102867483039,1.94590840455
HL0,68,4,COMPLETED,0.373659556866,0.0108111536319,0.13946734808,0.101173839015,1.9515925236
HL0,68,4,COMPLETED,0.332467413943,0.0110211407882,0.131387074207,0.0955275262149,1.95727254965
HL0,68,4,COMPLETED,0.291928087481,0.0109052367999,0.116924082066,0.0859129966083,1.96294894322
HL0,68,4,COMPLETED,0.250128162051,0.011508083947,0.111682663488,0.0793847833378,1.96862216219
HL0,68,4,COMPLETED,0.208957478807,0.0116923831189,0.105889044153,0.0749674286312,1.97429266205
HL0,68,4,COMPLETED,0.167519414588,0.0118182054447,0.09486965193,0.0675863208072,1.97996089631
HL0,68,4,COMPLETED,0.126511007109,0.0124122107242,0.0904952326766,0.0646918241125,1.9856273168
HL0,68,4,COMPLETED,0.0849896475166,0.0122811555897,0.084262649662,0.0590057180092,1.99129237399
HL0,68,4,COMPLETED,0.0437621519612,0.0125329018689,0.0776128788553,0.0544054963697,1.99695651732
HL0,68,4,COMPLETED,0.0222872942289,0.0125715611686,0.0692529262841,0.0476512328273,2
HL0,96,4,COMPLETED,0,0,0.000702642606566,0.00056412058902,0
HL0,96,4,COMPLETED,8.72578624432e-06,2.67408458823e-11,0.000702643326659,0.000564120588436,1.2e-06
HL0,96,4,COMPLETED,1.91967297382e-05,1.20655538186e-10,0.000702646102249,0.000564120593787,2.64e-06
HL0,96,4,COMPLETED,3.17618619326e-05,3.22383167631e-10,0.000702652185448,0.00056412060892,4.368e-06
HL0,96,4,COMPLETED,4.684002057e-05,6.92658890871e-10,0.000702663448766,0.000564241230165,6.4416e-06
HL0,96,4,COMPLETED,6.49338109436e-05,1.32160175247e-09,0.000702682671875,0.000564411623568,8.92992e-06
HL0,96,4,COMPLETED,8.66463594084e-05,2.34217543359e-09,0.000702713957174,0.000564616146992,1.1915904e-05
HL0,96,4,COMPLETED,0.000112701417598,3.94967538719e-09,0.000702763331211,0.000564861649056,1.54990848e-05
HL0,96,4,COMPLETED,0.000143967487484,6.42992546464e-09,0.000702839613995,0.000565156358072,1.979890176e-05
HL0,96,4,COMPLETED,0.000181486771455,1.02000252744e-08,0.000702955674049,0.000565510162375,2.4958682112e-05
HL0,96,4,COMPLETED,0.000226509912414,1.586722045e-08,0.000703130238092,0.000565934948678,3.11504185344e-05
HL0,96,4,COMPLETED,0.000280537681913,2.43138851703e-08,0.000703390496808,0.000566445010892,3.85805022413e-05
HL0,96,4,COMPLETED,0.000345371005928,3.68201771532e-08,0.000703775850479,0.0005673734138,4.74966026895e-05
HL0,96,4,COMPLETED,0.00042317099584,5.52409684709e-08,0.000704343281283,0.000568810684662,5.81959232274e-05
HL0,96,4,COMPLETED,0.000516530985657,8.22610243934e-08,0.00070517503589,0.000570536746717,7.10351078729e-05
HL0,96,4,COMPLETED,0.000628562976814,1.21762926956e-07,0.000706389566903,0.000572626558218,8.64421294475e-05
HL0,96,4,COMPLETED,0.000763001372114,1.7935746616e-07,0.000708157025809,0.000575178828194,0.000104930555337
HL0,96,4,COMPLETED,0.000924327456796,2.63148127131e-07,0.000710721021233,0.000578931759754,0.000127116666404
HL0,96,4,COMPLETED,0.00111791877641,3.84832870207e-07,0.00071442881875,0.000583917686816,0.000153739999685
HL0,96,4,COMPLETED,0.00135022839127,5.61291925508e-07,0.000719772554421,0.000590625100858,0.000185687999622
HL0,96,4,COMPLETED,0.00162899991513,8.16807470546e-07,0.000727444124623,0.000599454746356,0.000224025599547
HL0,96,4,COMPLETED,0.00196346808356,1.12879796565e-06,0.000738405760123,0.000611734972223,0.000270030719456
HL0,96,4,COMPLETED,0.00236465541704,1.41947050422e-06,0.000753976238744,0.000626862164572,0.000325236863347
HL0,96,4,COMPLETED,0.00284574780852,1.5665341646e-06,0.000775928577461,0.000646543839394,0.000391484236017
HL0,96,4,COMPLETED,0.00342262989647,1.50236529388e-06,0.000806588910771,0.000671593113511,0.00047098108322
HL0,96,4,COMPLETED,0.00411451882623,1.32668770833e-06,0.000848920171609,0.000705735277603,0.000566377299864
HL0,96,4,COMPLETED,0.00494454649495,1.26694120055e-06,0.000906573343179,0.000750870969616,0.000680852759837
HL0,96,4,COMPLETED,0.00594031311064,1.47754538445e-06,0.000983900184743,0.000808568636241,0.000818223311805
HL0,96,4,COMPLETED,0.00713656677652,8.63191790391e-07,0.0010859462793,0.000888296355051,0.000983067974166
HL0,96,4,COMPLETED,0.00857391957342,1.0145424964e-06,0.00121861774114,0.000992273646755,0.001180881569
HL0,96,4,COMPLETED,0.0103005237999,3.7823015156e-06,0.00139293692057,0.00113171943163,0.0014182578828
HL0,96,4,COMPLETED,0.0123746185164,6.95344262663e-06,0.00161096642362,0.00130442085713,0.00170310945936
HL0,96,4,COMPLETED,0.0148624706777,8.10881263679e-06,0.00187876740229,0.00152452062745,0.00204493135123
HL0,96,4,COMPLETED,0.0178479747231,1.03480226666e-05,0.00221858199313,0.00180016117018,0.00245511762148
HL0,96,4,COMPLETED,0.0214323079511,1.31033248649e-05,0.0026268796128,0.00213130076242,0.00294734114577
HL0,96,4,COMPLETED,0.0257390746944,1.48616364622e-05,0.00316198947565,0.00257621276232,0.00353800937493
HL0,96,4,COMPLETED,0.0309135533298,1.05679838819e-05,0.00376094795626,0.00306773756267,0.00424681124991
HL0,96,4,COMPLETED,0.0371150997121,2.1609839917e-06,0.00449112399914,0.00366673193403,0.00509737349989
HL0,96,4,COMPLETED,0.0445568254855,1.48171769971e-05,0.00531939906018,0.00433947697895,0.00611804819987
HL0,96,4,COMPLETED,0.0534718958137,2.21146628682e-05,0.00633995966751,0.00517287624623,0.00734285783985
HL0,96,4,COMPLETED,0.0641624707425,4.31507528169e-05,0.00755669092291,0.00617694734307,0.00881262940781
HL0,96,4,COMPLETED,0.0769991054627,6.97178224042e-05,0.00906827667566,0.00740626048378,0.0105763552894
HL0,96,4,COMPLETED,0.0924114924394,0.000104271873383,0.0112312909166,0.00922965472425,0.0126928263473
HL0,96,4,COMPLETED,0.110889381225,0.000159938173881,0.0137805228279,0.0111715645158,0.0152325916167
HL0,96,4,COMPLETED,0.133019069748,0.000233886561348,0.0166371033051,0.0134981515378,0.01828030994
HL0,96,4,COMPLETED,0.159550806875,0.000440375482832,0.0204744089639,0.0165865859799,0.0219375719281
HL0,96,4,COMPLETED,0.188604150864,0.000256873150395,0.0237143081356,0.0192826709082,0.0259514795479
HL0,96,4,COMPLETED,0.218002612469,0.000625950248792,0.0289161804372,0.0230681701603,0.0299663396097
HL0,96,4,COMPLETED,0.247099658654,0.000486324838308,0.0333978522401,0.0269444126768,0.0339823125347
HL0,96,4,COMPLETED,0.276389852731,0.000842739531859,0.0377859993634,0.0304945700933,0.0379995591341
HL0,96,4,COMPLETED,0.305222706,0.00105219092362,0.0412335395939,0.0334789254866,0.0420182406675
HL0,96,4,COMPLETED,0.334526498769,0.00110564260032,0.0472070196019,0.0375899272672,0.0460385189016
HL0,96,4,COMPLETED,0.363470920101,0.00117721926535,0.0530688192876,0.0424970601956,0.0500605561701
HL0,96,4,COMPLETED,0.392510581384,0.00127369484091,0.0559972783165,0.045268387058,0.054084515433
HL0,96,4,COMPLETED,0.42160895177,0.00148532986917,0.0625493216303,0.0502466588663,0.0581105603374
HL0,96,4,COMPLETED,0.450639802813,0.00174309677876,0.0693151040285,0.0550694541307,0.0621388552789
HL0,96,4,COMPLETED,0.479766067147,0.00180584976955,0.0733456695698,0.0582094868247,0.0661695654633
HL0,96,4,COMPLETED,0.508755756979,0.00187302246943,0.0765011780591,0.061356661687,0.0702028569697
HL0,96,4,COMPLETED,0.537587098599,0.00203327243875,0.0845480913525,0.0676174032108,0.0742388968139
HL0,96,4,COMPLETED,0.566383503267,0.00209696027229,0.091425226334,0.0725973651003,0.0782778530132
HL0,96,4,COMPLETED,0.595102081592,0.00238375943645,0.0942375099978,0.0750782002088,0.0823198946523
HL0,96,4,COMPLETED,0.623703556938,0.00254560242209,0.101187938874,0.0811478367677,0.0863651919499
HL0,96,4,COMPLETED,0.652603400725,0.00257019734534,0.103252890453,0.0827565350698,0.0904139163265
HL0,96,4,COMPLETED,0.681392912004,0.00261208937228,0.112891143389,0.0893839549414,0.0944662404742
HL0,96,4,COMPLETED,0.710183367629,0.00282374322589,0.119230579944,0.094557881505,0.0985223384268
HL0,96,4,COMPLETED,0.738477321691,0.00281017892188,0.124561776487,0.0997593280488,0.102582385632
HL0,96,4,COMPLETED,0.767291572856,0.00311626981294,0.12998947213,0.104317254124,0.106646559024
HL0,96,4,COMPLETED,0.795399229533,0.00304804152187,0.137023541298,0.108397905707,0.110715037102
HL0,96,4,COMPLETED,0.823884727642,0.00330592089848,0.143799951871,0.113117243337,0.114788000002
HL0,96,4,COMPLETED,0.852072356774,0.00337881547359,0.149112972335,0.117829047884,0.118865629579
HL0,96,4,COMPLETED,0.880396855772,0.00362706952604,0.154524801094,0.122642427068,0.122948109487
HL0,96,4,COMPLETED,0.90869204696,0.00367956738735,0.158191675759,0.126090066516,0.127035625261
HL0,96,4,COMPLETED,0.936856147667,0.0037898372415,0.172467058516,0.13398738797,0.1311283644
HL0,96,4,COMPLETED,0.964778735861,0.00401187562157,0.18051991093,0.140985168278,0.135226516458
HL0,96,4,COMPLETED,0.992638152049,0.00412427199337,0.183746044853,0.143860646262,0.13933027313
HL0,96,4,COMPLETED,1.02000803641,0.00426454234876,0.18324397283,0.143350953565,0.143439828343
HL0,96,4,COMPLETED,1.04767258584,0.00425297006849,0.192295833269,0.152403048355,0.147555378355
HL0,96,4,COMPLETED,1.07545519515,0.00443231356639,0.208293239884,0.161202422647,0.151677121846
HL0,96,4,COMPLETED,1.10292375178,0.00442182409784,0.214508234915,0.165902736387,0.155805260022
HL0,96,4,COMPLETED,1.13060173449,0.00469846061679,0.221843777371,0.171494717763,0.159939996717
HL0,96,4,COMPLETED,1.15769126978,0.00480916928794,0.226309504654,0.175414749477,0.164081538499
HL0,96,4,COMPLETED,1.18461088953,0.00494579165177,0.227120440217,0.176808535799,0.168230094779
HL0,96,4,COMPLETED,1.21136324196,0.00500049564533,0.234440016785,0.181841038075,0.172385877925
HL0,96,4,COMPLETED,1.23834501658,0.00511186444343,0.249220183435,0.191804001015,0.17654910338
HL0,96,4,COMPLETED,1.26525398389,0.00522024765783,0.259870769193,0.198508298001,0.180719989778
HL0,96,4,COMPLETED,1.29154409251,0.00518575993756,0.263713053067,0.202750388969,0.184898759076
HL0,96,4,COMPLETED,1.31767628385,0.00544997272021,0.268686120157,0.206479844458,0.189085636677
HL0,96,4,COMPLETED,1.34394051689,0.00548814857151,0.273965397267,0.211563296208,0.193280851567
HL0,96,4,COMPLETED,1.37009927433,0.00555406624706,0.275362958289,0.212483168637,0.197484636452
HL0,96,4,COMPLETED,1.39605933377,0.0055988586646,0.294988159312,0.223025702871,0.201697227905
HL0,96,4,COMPLETED,1.42167875875,0.00564313275893,0.305801776549,0.23153306707,0.205918866511
HL0,96,4,COMPLETED,1.44661787709,0.00577817056544,0.316132567033,0.239489698343,0.210149797022
HL0,96,4,COMPLETED,1.47135561927,0.00591851050903,0.315499335045,0.240813404955,0.214390268523
HL0,96,4,COMPLETED,1.49618381183,0.00599689658587,0.321774619438,0.245694884495,0.21864053459
HL0,96,4,COMPLETED,1.5215503832,0.00602212004314,0.324294274407,0.25015283531,0.222900853473
HL0,96,4,COMPLETED,1.54565586716,0.00593148577307,0.341305862109,0.260951211556,0.227171488268
HL0,96,4,COMPLETED,1.56926984216,0.0061594703899,0.354905986317,0.267123187344,0.23145270711
HL0,96,4,COMPLETED,1.59297517434,0.00619741462364,0.359899929022,0.272258247524,0.235744783367
HL0,96,4,COMPLETED,1.61652553077,0.00630900756717,0.371916869489,0.282326888934,0.240047995844
HL0,96,4,COMPLETED,1.63969965403,0.00643102085563,0.378733539788,0.286157218943,0.244362628993
HL0,96,4,COMPLETED,1.6620477857,0.00648718918887,0.378451380574,0.288555357722,0.248688973139
HL0,96,4,COMPLETED,1.68455610391,0.00660575417808,0.386051205932,0.298044375118,0.253027324705
HL0,96,4,COMPLETED,1.70682247228,0.00670229637581,0.385302919859,0.297874784266,0.257377986459
HL0,96,4,COMPLETED,1.72774838398,0.00657782682043,0.420997469454,0.320864660443,0.261741267762
HL0,96,4,COMPLETED,1.74780485214,0.00677255668472,0.4235854258,0.321686631036,0.266117484832
HL0,96,4,COMPLETED,1.7687911942,0.00700474770554,0.432934584433,0.329473771645,0.270506961023
HL0,96,4,COMPLETED,1.7894835077,0.00695049558814,0.439410731458,0.335577533457,0.274910027108
HL0,96,4,COMPLETED,1.80882546802,0.00716005932671,0.445057355566,0.340261394839,0.279327021583
HL0,96,4,COMPLETED,1.82680251712,0.00733566472475,0.44782927507,0.341475346575,0.283758290986
HL0,96,4,COMPLETED,1.84505179575,0.00734806505232,0.4549053287,0.352385258374,0.288204190222
HL0,96,4,COMPLETED,1.86375103272,0.00735774368121,0.460783189019,0.358561231777,0.292665082919
HL0,96,4,COMPLETED,1.88013352026,0.00749911317509,0.477532006036,0.366383668536,0.297141341785
HL0,96,4,COMPLETED,1.89597229265,0.00767046203739,0.496909705599,0.379807416404,0.301633348997
HL0,96,4,COMPLETED,1.91155095651,0.00782853744325,0.511889016265,0.391537832015,0.306141496599
HL0,96,4,COMPLETED,1.92713069654,0.00778686933022,0.514117345283,0.395074818917,0.31066618693
HL0,96,4,COMPLETED,1.94024119017,0.00812707137602,0.51791684465,0.397734266265,0.315207833068
HL0,96,4,COMPLETED,1.95227568377,0.0083412447416,0.52606089837,0.404097995424,0.319766859295
HL0,96,4,COMPLETED,1.9647734932,0.008386055904,0.534136274019,0.411934012278,0.324343701599
HL0,96,4,COMPLETED,1.97729473476,0.00849232538164,0.535484414776,0.415115475751,0.328938808187
HL0,96,4,COMPLETED,1.98612451232,0.00843587398451,0.538429415844,0.417269991174,0.333552640041
HL0,96,4,COMPLETED,1.99286540714,0.00867776988365,0.544954159397,0.424101124185,0.338185671495
HL0,96,4,COMPLETED,1.99721802272,0.00872042997506,0.569041324527,0.439817784351,0.342838390848
HL0,96,4,COMPLETED,2.00191592561,0.00893346051005,0.590982503579,0.45536006601,0.347511301014
HL0,96,4,COMPLETED,2.00533771163,0.00913235524525,0.599685635793,0.460665673497,0.352204920205
HL0,96,4,COMPLETED,2.00785224392,0.00924768714615,0.605357049796,0.470064612838,0.356919782662
HL0,96,4,COMPLETED,2.00898746155,0.00937501263133,0.614855480894,0.474950148409,0.361656439417
HL0,96,4,COMPLETED,2.00964847026,0.00968468490773,0.614432796951,0.476352972372,0.366415459115
HL0,96,4,COMPLETED,2.00987822076,0.00987822076194,0.623808459549,0.484152785929,0.371197428879
HL0,96,4,COMPLETED,2.00992473829,0.00992473829086,0.631833651381,0.493227298038,0.376002955227
HL0,96,4,COMPLETED,2.0099379837,0.00993798369844,0.634728335708,0.49692913669,0.380832665052
HL0,96,4,COMPLETED,2.01009431349,0.0100943134875,0.635318709374,0.498795731063,0.385687206662
HL0,96,4,COMPLETED,2.01010407457,0.0101040745713,0.651872864769,0.508258043814,0.390567250889
HL0,96,4,COMPLETED,2.01016591234,0.0101659123442,0.679849572987,0.527956863097,0.395473492266
HL0,96,4,COMPLETED,2.01023027029,0.0102302702876,0.68190389762,0.52971904845,0.400406650294
HL0,96,4,COMPLETED,2.01043179366,0.0104317936591,0.700574511928,0.545416270094,0.405367470782
HL0,96,4,COMPLETED,2.01047097152,0.0104709715241,0.710532033038,0.553186430757,0.410356727289
HL0,96,4,COMPLETED,2.01038267741,0.0103826774078,0.720708155648,0.560352176992,0.415375222661
HL0,96,4,COMPLETED,2.01051061204,0.0105106120366,0.721631477738,0.564624541114,0.420423790682
HL0,96,4,COMPLETED,2.01060920975,0.010609209749,0.727916928177,0.56531254324,0.425503297845
HL0,96,4,COMPLETED,2.01051881279,0.0105188127921,0.731026254132,0.566210904464,0.430614645247
HL0,96,4,COMPLETED,2.01036614747,0.0103661474685,0.731476821131,0.567619323529,0.435758770629
HL0,96,4,COMPLETED,2.01005745534,0.010057455341,0.741120821417,0.578170169013,0.440936650579
HL0,96,4,COMPLETED,2.00984367839,0.00984367839011,0.747824339948,0.584374065188,0.446149302891
HL0,96,4,COMPLETED,2.00963217784,0.00963217783534,0.736825823238,0.575210323083,0.451397789124
HL0,96,4,COMPLETED,2.00922210982,0.00922210982032,0.779461947871,0.602138559752,0.456683217354
HL0,96,4,COMPLETED,2.00884231224,0.00884231223692,0.790906220361,0.610683146702,0.462006745159
HL0,96,4,COMPLETED,2.00840170059,0.00840170059001,0.806085850921,0.622860096863,0.46736958285
HL0,96,4,COMPLETED,2.00810971149,0.00810971149278,0.814470506206,0.632096159837,0.472772996976
HL0,96,4,COMPLETED,2.00771710307,0.00771710307374,0.814189551546,0.630773132267,0.478218314126
HL0,96,4,COMPLETED,2.00742521099,0.00742521098556,0.830260814372,0.644664224885,0.483706925076
HL0,96,4,COMPLETED,2.00702419384,0.00702419383516,0.831869575163,0.648781974967,0.489240289298
HL0,96,4,COMPLETED,2.00653174364,0.00653174364123,0.843961579213,0.662778911509,0.49481993989
HL0,96,4,COMPLETED,2.00606396231,0.00606396230999,0.849597475203,0.670494405522,0.50044748896
HL0,96,4,COMPLETED,2.00587928385,0.00587928385378,0.848494241767,0.66605265004,0.506124633529
HL0,96,4,COMPLETED,2.00559423852,0.00559423852076,0.856237463333,0.682750920542,0.511853162006
HL0,96,4,COMPLETED,2.00491135286,0.00491135285789,0.872276258419,0.694432958868,0.517634961312
HL0,96,4,COMPLETED,2.00436923988,0.00436923987634,0.875811274581,0.702657670623,0.523472024723
HL0,96,4,COMPLETED,2.00404435958,0.0040443595843,0.871248269552,0.703218951604,0.52936646054
HL0,96,4,COMPLETED,2.00377552014,0.003775520139,0.90058200493,0.722120802943,0.535320501673
HL0,96,4,COMPLETED,2.00360649706,0.00360649706368,0.918182033478,0.731150372955,0.541336516284
HL0,96,4,COMPLETED,2.00333813234,0.00333813234467,0.937709114772,0.759215969687,0.547417019608
HL0,96,4,COMPLETED,2.00292456179,0.0029245617916,0.939480211758,0.755568310895,0.553564687142
HL0,96,4,COMPLETED,2.00253020111,0.00253020111386,0.967917579559,0.783743975117,0.559782369384
HL0,96,4,COMPLETED,2.0026038216,0.00260382159784,0.980028676465,0.796475723893,0.566073108345
HL0,96,4,COMPLETED,2.00226661973,0.00226661972867,0.982803158089,0.799540731818,0.57244015613
HL0,96,4,COMPLETED,2.00233613099,0.00233613099033,0.975704091253,0.792889590832,0.57888699587
HL0,96,4,COMPLETED,2.00221324033,0.00221324033281,1.0000467563,0.8215138069,0.585417365423
HL0,96,4,COMPLETED,2.00197291096,0.0019729109604,1.00953825922,0.834380572557,0.592035284266
HL0,96,4,COMPLETED,2.00157868943,0.00157868942768,1.00541552682,0.827344666406,0.598745084154
HL0,96,4,COMPLETED,2.00142089213,0.00142089213421,1.02760205301,0.853076705255,0.60555144417
HL0,96,4,COMPLETED,2.00127357499,0.00127357498811,1.03147129326,0.852991637227,0.612459430999
HL0,96,4,COMPLETED,2.00090961127,0.000909611268362,1.02733085152,0.852983643402,0.619474545382
HL0,96,4,COMPLETED,2.0006805178,0.000680517801799,1.03246231279,0.85963773427,0.626602775948
HL0,96,4,COMPLETED,2.00044965487,0.00044965486544,1.05168548686,0.882311743536,0.633850661924
HL0,96,4,COMPLETED,1.9999796257,2.03742957653e-05,1.0616056684,0.893407712885,0.641225366556
HL0,96,4,COMPLETED,1.99946084978,0.000539150216887,1.06952108751,0.897267388479,0.64873476357
HL0,96,4,COMPLETED,1.9993218196,0.000678180395283,1.11401861762,0.930685271017,0.656387539606
HL0,96,4,COMPLETED,1.99900608447,0.000993915525492,1.12713061315,0.943583133858,0.664193316395
HL0,96,4,COMPLETED,1.99883838378,0.00116161621824,1.14819035766,0.959933710116,0.672162797491
HL0,96,4,COMPLETED,1.99846060667,0.00153939332926,1.16594046046,0.981023954243,0.680307945894
HL0,96,4,COMPLETED,1.99839515339,0.00160484661053,1.1827559773,0.999925925835,0.688642200847
HL0,96,4,COMPLETED,1.99802133411,0.00197866588542,1.19619442049,1.01466478919,0.697180744899
HL0,96,4,COMPLETED,1.99746874544,0.00253125456243,1.20118449371,1.01814094543,0.705940836197
HL0,96,4,COMPLETED,1.99737881077,0.00262118923209,1.20277958972,1.01682037128,0.71494222654
HL0,96,4,COMPLETED,1.99755706304,0.00244293696101,1.23095158347,1.04365008615,0.72420769378
HL0,96,4,COMPLETED,1.99750019154,0.00249980845894,1.25177852077,1.06336351631,0.733763729155
HL0,96,4,COMPLETED,1.99755977826,0.00244022173773,1.28670419764,1.10639115944,0.743641438235
HL0,96,4,COMPLETED,1.99755819666,0.00244180334058,1.27615408214,1.09874198302,0.753877742284
HL0,96,4,COMPLETED,1.99757346306,0.00242653693605,1.2970771123,1.11748444303,0.764517011741
HL0,96,4,COMPLETED,1.99767635346,0.00232364653986,1.32558269842,1.14309976958,0.775613337324
HL0,96,4,COMPLETED,1.99756509592,0.00243490407593,1.32186491748,1.1409393417,0.787233770202
HL0,96,4,COMPLETED,1.9973317598,0.00266824019722,1.32621924479,1.14686095056,0.799463086522
HL0,96,4,COMPLETED,1.99747802094,0.00252197906078,1.32438025941,1.14374375632,0.812411049186
HL0,96,4,COMPLETED,1.99769159022,0.00230840978376,1.36475183865,1.17787151812,0.826223965118
HL0,96,4,COMPLETED,1.99797373146,0.00202626854474,1.38220428252,1.19573844445,0.841104085446
HL0,96,4,COMPLETED,1.99827663898,0.00172336102001,1.38290123479,1.19681279996,0.857344437876
HL0,96,4,COMPLETED,1.99865608283,0.00134391716778,1.42164738621,1.23856241181,0.875397111579
HL0,96,4,COMPLETED,1.99907971851,0.000920281490336,1.44155290048,1.25623958383,0.89602419852
HL0,96,4,COMPLETED,1.99911603228,0.000883967720454,1.47299620965,1.28196745145,0.92069537363
HL0,96,4,COMPLETED,1.99894906907,0.00105093092694,1.50799567573,1.31084782233,0.950300783761
HL0,96,4,COMPLETED,1.99910178872,0.000898211276605,1.49977817898,1.30584968009,0.985827275919
HL0,96,4,COMPLETED,1.99906120372,0.000938796281004,1.50293262798,1.30816802993,1.02845906651
HL0,96,4,COMPLETED,1.99927935914,0.000720640858605,1.47235110331,1.28176814771,1.07961721522
HL0,96,4,COMPLETED,1.99931391409,0.000686085906448,1.43799175926,1.25403522548,1.11177716081
HL0,96,4,COMPLETED,1.99900585549,0.000994144508773,1.39160520899,1.21029435156,1.13474236037
HL0,96,4,COMPLETED,1.99884252291,0.00115747708642,1.381400921,1.20139840925,1.15383793825
HL0,96,4,COMPLETED,1.99870511062,0.00129488938113,1.36402531779,1.1769032645,1.17060129867
HL0,96,4,COMPLETED,1.99867113628,0.0013288637249,1.3257376804,1.14850680581,1.18575147802
HL0,96,4,COMPLETED,1.99862385434,0.00137614566472,1.32128016585,1.14737250889,1.19969707529
HL0,96,4,COMPLETED,1.99903026191,0.000969738094743,1.32238161516,1.14504665672,1.21269768226
HL0,96,4,COMPLETED,1.9992861823,0.000713817704802,1.3215162502,1.14345595986,1.22493079199
HL0,96,4,COMPLETED,1.99930492906,0.000695070936859,1.28839938391,1.11521115415,1.23652428927
HL0,96,4,COMPLETED,1.99937846926,0.000621530739509,1.27841855143,1.1056120112,1.24757401705
HL0,96,4,COMPLETED,1.99947684916,0.000523150842321,1.26929963652,1.0907677346,1.25815404809
HL0,96,4,COMPLETED,1.9995870646,0.000412935398745,1.23725514865,1.05325671686,1.26832306281
HL0,96,4,COMPLETED,1.99952708693,0.000472913070003,1.22844988576,1.04435991643,1.27812850217
HL0,96,4,COMPLETED,1.999454114,0.000545885998213,1.22026004275,1.04033170592,1.28760937855
HL0,96,4,COMPLETED,1.99977952305,0.000220476945746,1.20782709199,1.03268144597,1.29679824051
HL0,96,4,COMPLETED,2.00028997531,0.000289975308848,1.20309041577,1.02921865051,1.30572258382
HL0,96,4,COMPLETED,2.00040626917,0.000406269166057,1.18082720517,1.0041849196,1.31440588879
HL0,96,4,COMPLETED,2.00066639575,0.000666395751546,1.16337975935,0.986017835082,1.32286839825
HL0,96,4,COMPLETED,2.00084225938,0.000842259375503,1.14892577718,0.971706890995,1.33112771158
HL0,96,4,COMPLETED,2.00107922371,0.00107922370525,1.13090785929,0.95657431257,1.33919924523
HL0,96,4,COMPLETED,2.00120065875,0.00120065874959,1.10391948107,0.932761600773,1.34709659483
HL0,96,4,COMPLETED,2.00146459812,0.00146459811774,1.08131277553,0.919669564794,1.35483182341
HL0,96,4,COMPLETED,2.00193253555,0.00193253554986,1.06586744426,0.904673767705,1.36241569344
HL0,96,4,COMPLETED,2.00218919163,0.00218919163393,1.05576783772,0.890718490923,1.36985785551
HL0,96,4,COMPLETED,2.00241624251,0.00241624251129,1.04978089627,0.886046906834,1.37716700312
HL0,96,4,COMPLETED,2.002744433,0.0027444329956,1.04287759747,0.873810401378,1.38435100085
HL0,96,4,COMPLETED,2.00291085233,0.00291085232897,1.04272525761,0.871924862744,1.39141699125
HL0,96,4,COMPLETED,2.00284736845,0.00284736845025,1.02847925793,0.86192329162,1.39837148457
HL0,96,4,COMPLETED,2.00325116374,0.00325116374389,1.02838070767,0.860753892177,1.4052204347
HL0,96,4,COMPLETED,2.00359037648,0.00359037648003,1.01855877553,0.853209618894,1.4119693037
HL0,96,4,COMPLETED,2.00363858311,0.00363858311228,1.00125610939,0.829167054165,1.41862311708
HL0,96,4,COMPLETED,2.0037067872,0.00370678719804,0.994470104798,0.822469604394,1.42518651128
HL0,96,4,COMPLETED,2.00386300908,0.00386300907572,1.00180851892,0.827138389441,1.43166377472
HL0,96,4,COMPLETED,2.00377265085,0.00377265084635,0.986247986902,0.814203219048,1.43805888348
HL0,96,4,COMPLETED,2.00405983531,0.00405983531081,0.965040365677,0.79160155206,1.44437553236
HL0,96,4,COMPLETED,2.00444950141,0.0044495014141,0.970741552821,0.800310024014,1.45061716213
HL0,96,4,COMPLETED,2.00472820281,0.00472820281319,0.951722511026,0.780198745848,1.45678698343
HL0,96,4,COMPLETED,2.00486790429,0.00486790429263,0.91772392605,0.754360125304,1.46288799786
HL0,96,4,COMPLETED,2.00496354626,0.00496354626099,0.890053556337,0.736070217518,1.46892301673
HL0,96,4,COMPLETED,2.00508424441,0.00508424440754,0.895523821088,0.735426002839,1.47489467758
HL0,96,4,COMPLETED,2.00537475775,0.00537475774602,0.890326191307,0.72781818169,1.48080545899
HL0,96,4,COMPLETED,2.00567601904,0.00567601903899,0.887853631022,0.728755199518,1.48665769377
HL0,96,4,COMPLETED,2.00589943865,0.00589943865362,0.868029484454,0.705716554903,1.49245358081
HL0,96,4,COMPLETED,2.00575529802,0.0057552980249,0.872533982571,0.713402093961,1.49819519568
HL0,96,4,COMPLETED,2.00581664796,0.00581664796252,0.87227393653,0.708553299204,1.50388450021
HL0,96,4,COMPLETED,2.00602340341,0.00602340340923,0.861295610989,0.700146787367,1.5095233511
HL0,96,4,COMPLETED,2.00611006347,0.00611006347133,0.867757978717,0.70528791056,1.51511350779
HL0,96,4,COMPLETED,2.00604537738,0.00604537738275,0.848325824957,0.687608358801,1.52065663946
HL0,96,4,COMPLETED,2.00608146044,0.00608146043809,0.840174941605,0.679846209792,1.52615433154
HL0,96,4,COMPLETED,2.00596096064,0.00596096063501,0.835334533736,0.673856644757,1.53160809151
HL0,96,4,COMPLETED,2.00610684712,0.00610684711749,0.819220950211,0.658820552594,1.53701935429
HL0,96,4,COMPLETED,2.00630694688,0.00630694688139,0.807041584885,0.650216628321,1.54238948711
HL0,96,4,COMPLETED,2.00632209548,0.00632209547828,0.773387361768,0.625455527161,1.54771979397
HL0,96,4,COMPLETED,2.00625585188,0.00625585187543,0.780042972544,0.631522981175,1.55301151973
HL0,96,4,COMPLETED,2.00628120232,0.00628120231717,0.769709218297,0.621923416707,1.55826585393
HL0,96,4,COMPLETED,2.0064406752,0.00644067520314,0.764286644086,0.61318101113,1.56348393419
HL0,96,4,COMPLETED,2.00648389347,0.00648389347299,0.756298555643,0.605729516182,1.56866684944
HL0,96,4,COMPLETED,2.00640655271,0.00640655271213,0.748951614438,0.598502022972,1.57381564285
HL0,96,4,COMPLETED,2.00625933756,0.00625933755964,0.752770896475,0.603532657069,1.57893131459
HL0,96,4,COMPLETED,2.00625523397,0.00625523396591,0.748960123024,0.59883761742,1.58401482428
HL0,96,4,COMPLETED,2.00629663681,0.00629663680958,0.736376483186,0.585223153362,1.5890670934
HL0,96,4,COMPLETED,2.00621726495,0.00621726494618,0.726699157706,0.575592738602,1.59408900739
HL0,96,4,COMPLETED,2.00606565816,0.00606565816007,0.711995243612,0.564821103238,1.59908141773
HL0,96,4,COMPLETED,2.00601977869,0.00601977868791,0.711399668623,0.567776337117,1.60404514374
HL0,96,4,COMPLETED,2.00602433829,0.00602433828615,0.677068605197,0.539589722977,1.60898097437
HL0,96,4,COMPLETED,2.00608044915,0.00608044915184,0.672423474987,0.533435006121,1.61388966983
HL0,96,4,COMPLETED,2.00587274043,0.00587274043093,0.667595426927,0.527948284031,1.61877196305
HL0,96,4,COMPLETED,2.00583733542,0.00583733542103,0.668657986482,0.527803021957,1.62362856116
HL0,96,4,COMPLETED,2.00596938081,0.00596938081362,0.65892439462,0.516978999301,1.6284601468
HL0,96,4,COMPLETED,2.00578329584,0.00581698547423,0.650374033452,0.506683138628,1.6332673793
HL0,96,4,COMPLETED,2.00546826372,0.00557663587817,0.648237790323,0.506022969856,1.63805089595
HL0,96,4,COMPLETED,2.00468415959,0.00545773291838,0.640206690394,0.501319558691,1.64281131298
HL0,96,4,COMPLETED,2.0028045993,0.00549590851458,0.632326925773,0.491961627848,1.64754922665
HL0,96,4,COMPLETED,1.99991181131,0.00539134799363,0.61948628665,0.480530747197,1.65226521422
HL0,96,4,COMPLETED,1.99575947958,0.00523095624845,0.611222719619,0.475544125975,1.65695983478
HL0,96,4,COMPLETED,1.99178597256,0.00522053930527,0.597160321705,0.468414820128,1.66163363018
HL0,96,4,COMPLETED,1.9861762907,0.00516777717451,0.58742707336,0.455970773958,1.6662871258
HL0,96,4,COMPLETED,1.97839671895,0.00515476350022,0.583983593482,0.450129585488,1.67092083129
HL0,96,4,COMPLETED,1.96751396585,0.00499421439315,0.575362163207,0.444726607183,1.67553524131
HL0,96,4,COMPLETED,1.95435304461,0.00508723793696,0.577199382343,0.443925970395,1.68013083619
HL0,96,4,COMPLETED,1.9426610152,0.00499650928344,0.564080370906,0.434418106046,1.68470808258
HL0,96,4,COMPLETED,1.93058107978,0.00488984058855,0.558251825824,0.428131514076,1.68926743403
HL0,96,4,COMPLETED,1.91627428692,0.00474840376085,0.552815457491,0.424026375992,1.69380933157
HL0,96,4,COMPLETED,1.90009161925,0.00476390683755,0.547896351997,0.421280776255,1.69833420426
HL0,96,4,COMPLETED,1.88517567676,0.00466855576756,0.523267145661,0.400612962425,1.70284246969
HL0,96,4,COMPLETED,1.86895064926,0.00454784576901,0.520397724789,0.40063706599,1.70733453446
HL0,96,4,COMPLETED,1.85105644249,0.00456168501366,0.516874158736,0.397686881638,1.71181079466
HL0,96,4,COMPLETED,1.83245637074,0.00456508380642,0.507926482622,0.387589460521,1.71627163629
HL0,96,4,COMPLETED,1.81472440809,0.00439538801114,0.502039639767,0.382504879937,1.72071743567
HL0,96,4,COMPLETED,1.79614952259,0.00434333996009,0.501943960534,0.381534702692,1.72514855987
HL0,96,4,COMPLETED,1.77565033159,0.00444727325827,0.492558836013,0.373433976097,1.72956536705
HL0,96,4,COMPLETED,1.75459647679,0.00421360269044,0.481701052607,0.365286317633,1.73396820683
HL0,96,4,COMPLETED,1.73437634472,0.00417416136943,0.475201542956,0.360949740147,1.73835742062
HL0,96,4,COMPLETED,1.7138025392,0.00426150434708,0.460804072586,0.351301527509,1.74273334199
HL0,96,4,COMPLETED,1.69174156638,0.00416478763159,0.456991709541,0.347851069924,1.74709629692
HL0,96,4,COMPLETED,1.66933597697,0.0041199877586,0.445409053356,0.335939773743,1.75144660413
HL0,96,4,COMPLETED,1.64706679807,0.00413723026114,0.445929271331,0.335381134398,1.75578457535
HL0,96,4,COMPLETED,1.62396594313,0.00397975768419,0.44009270961,0.332093310397,1.76011051563
HL0,96,4,COMPLETED,1.60054767794,0.0039737197247,0.430595315634,0.323799915097,1.76442472351
HL0,96,4,COMPLETED,1.57697681583,0.00408749531776,0.421928873857,0.316223368723,1.76872749138
HL0,96,4,COMPLETED,1.55367022418,0.00395414426137,0.410921911999,0.311116651589,1.77301910562
HL0,96,4,COMPLETED,1.52958465368,0.00397549090643,0.404902191342,0.306648090632,1.77729984688
HL0,96,4,COMPLETED,1.50442820208,0.00413019601761,0.399513679655,0.301050051809,1.78156999028
HL0,96,4,COMPLETED,1.47959283756,0.00399696852592,0.394755306926,0.297648851844,1.78582980563
HL0,96,4,COMPLETED,1.45495734269,0.00394485444044,0.390043109274,0.292733533182,1.79007955762
HL0,96,4,COMPLETED,1.43006919649,0.00387669691371,0.381409999145,0.287088400941,1.79431950601
HL0,96,4,COMPLETED,1.40462891596,0.00389125834109,0.372818716953,0.28013541689,1.79854990581
HL0,96,4,COMPLETED,1.37883136053,0.00400268766435,0.355342742855,0.267498001599,1.80277100748
HL0,96,4,COMPLETED,1.35268366369,0.00398317267511,0.354303155368,0.269003597634,1.80698305708
HL0,96,4,COMPLETED,1.32660433261,0.00397103660104,0.348455731948,0.262478034959,1.81118629644
HL0,96,4,COMPLETED,1.30058723159,0.00402579057822,0.343141521597,0.258574881675,1.81538096331
HL0,96,4,COMPLETED,1.27423872458,0.00398764473043,0.337659651395,0.254874877443,1.81956729153
HL0,96,4,COMPLETED,1.24757691757,0.00407868070552,0.332909488337,0.250069932096,1.82374551116
HL0,96,4,COMPLETED,1.22044318487,0.00401229784559,0.313630764255,0.236760790242,1.82791584863
HL0,96,4,COMPLETED,1.19384454162,0.00410467641229,0.313797665017,0.237222286291,1.83207852687
HL0,96,4,COMPLETED,1.16702018943,0.00408559436135,0.304480152667,0.229173145464,1.83623376545
HL0,96,4,COMPLETED,1.13996200739,0.00414988608456,0.302781539333,0.228668787691,1.84038178069
HL0,96,4,COMPLETED,1.11248707547,0.00410108767743,0.29646421418,0.224381960325,1.8445227858
HL0,96,4,COMPLETED,1.08488424084,0.00416505057828,0.285224507545,0.215751434834,1.84865699101
HL0,96,4,COMPLETED,1.05716823007,0.00419001512302,0.272634898261,0.209478790084,1.85278460364
HL0,96,4,COMPLETED,1.02950766976,0.0042024867753,0.271070552328,0.205361329706,1.85690582826
HL0,96,4,COMPLETED,1.00220770989,0.00437522394521,0.265900577781,0.201043586932,1.86102086676
HL0,96,4,COMPLETED,0.974420070744,0.00432174008254,0.260615206595,0.196989060366,1.8651299185
HL0,96,4,COMPLETED,0.946621826417,0.00437046886234,0.254805181672,0.192276138881,1.86923318035
HL0,96,4,COMPLETED,0.918350693383,0.00442005578239,0.237692881671,0.18180286214,1.87333084684
HL0,96,4,COMPLETED,0.890129898431,0.00450292976358,0.235009260301,0.178626322434,1.87742311024
HL0,96,4,COMPLETED,0.86188902992,0.00448301255117,0.235110051817,0.178046960321,1.88151016064
HL0,96,4,COMPLETED,0.833684514129,0.00454358392718,0.228459416567,0.172237474484,1.88559218606
HL0,96,4,COMPLETED,0.805316246948,0.00456319163101,0.218844116483,0.164769068304,1.88966937251
HL0,96,4,COMPLETED,0.77707275347,0.00465252950626,0.203525559117,0.155590457556,1.89374190412
HL0,96,4,COMPLETED,0.748643757097,0.00478017664079,0.204745366245,0.155784399435,1.89780996319
HL0,96,4,COMPLETED,0.720155390408,0.00476478492187,0.198191082217,0.149754237581,1.90187373026
HL0,96,4,COMPLETED,0.691411265081,0.00492966887533,0.19507949848,0.146791166601,1.90593338422
HL0,96,4,COMPLETED,0.662538752099,0.00493614407907,0.187090944369,0.142525722004,1.9099891024
HL0,96,4,COMPLETED,0.633939212274,0.00517181549823,0.174990149045,0.132852330947,1.91404106059
HL0,96,4,COMPLETED,0.605100036097,0.00506170190508,0.171709702129,0.128038316392,1.91808943315
HL0,96,4,COMPLETED,0.576433069165,0.00513094049871,0.168378839634,0.12675745327,1.92213439309
HL0,96,4,COMPLETED,0.547619666998,0.00511710897749,0.161984067586,0.12189300579,1.92617611213
HL0,96,4,COMPLETED,0.518795617243,0.00537608189089,0.149504444792,0.113207402301,1.93021476077
HL0,96,4,COMPLETED,0.489823829716,0.0053355718939,0.14510774047,0.109698751024,1.93425050836
HL0,96,4,COMPLETED,0.460823296777,0.00549796066326,0.144332138351,0.106760529226,1.93828352314
HL0,96,4,COMPLETED,0.431588415488,0.00549141126663,0.13514210935,0.100091170044,1.94231397237
HL0,96,4,COMPLETED,0.402622770387,0.00556406078039,0.128294267083,0.0961286488804,1.94634202233
HL0,96,4,COMPLETED,0.373447597339,0.00571250503667,0.125003864492,0.0933677855473,1.95036783844
HL0,96,4,COMPLETED,0.344591423577,0.00576506692684,0.119774180425,0.088207475432,1.95439158525
HL0,96,4,COMPLETED,0.315356487993,0.00580067809328,0.111587649186,0.0815497885291,1.9584134266
HL0,96,4,COMPLETED,0.286290980187,0.00591687533231,0.102405109675,0.0755343387076,1.96243352558
HL0,96,4,COMPLETED,0.257162980668,0.00599927267486,0.101640573574,0.0743233670721,1.96645204467
HL0,96,4,COMPLETED,0.22785123863,0.00614890518903,0.0974900976503,0.0716165730634,1.97046914577
HL0,96,4,COMPLETED,0.198795796438,0.00597151814831,0.085480618241,0.061739926513,1.97448499023
HL0,96,4,COMPLETED,0.169531202591,0.00632210798396,0.0829305230311,0.0594464335147,1.97849973896
HL0,96,4,COMPLETED,0.140194176272,0.00637045090595,0.0795839017367,0.0567980080959,1.98251355248
HL0,96,4,COMPLETED,0.110913443595,0.00649091776847,0.0769563172923,0.0546667587519,1.98652659094
HL0,96,4,COMPLETED,0.0816123006316,0.00662842820426,0.0685601580048,0.0485061832084,1.99053901421
HL0,96,4,COMPLETED,0.0525316492711,0.00668858307327,0.0659775457465,0.0465453220779,1.99455098192
HL0,96,4,COMPLETED,0.0232780521128,0.00699276512894,0.060234834335,0.0421891695855,1.99856265356
HL0,96,4,COMPLETED,0.0131531178624,0.00688261199703,0.0582029399698,0.0407013040452,2
HL0,136,4,COMPLETED,0,0,0.000350887529989,0.000279064993542,0
HL0,136,4,COMPLETED,8.74991422809e-06,2.60244392521e-10,0.000350889007448,0.000279070406857,1.2e-06
HL0,136,4,COMPLETED,1.92498113073e-05,1.26841150299e-09,0.000350894685104,0.000279141965074,2.64e-06
HL0,136,4,COMPLETED,3.18496878201e-05,3.48026896342e-09,0.000350907120769,0.000279228395125,4.368e-06
HL0,136,4,COMPLETED,4.69695396777e-05,7.57746183038e-09,0.000350930139032,0.000279332118047,6.4416e-06
HL0,136,4,COMPLETED,6.51133619976e-05,1.45719601296e-08,0.000350969416029,0.000279457051915,8.92992e-06
HL0,136,4,COMPLETED,8.68859489639e-05,2.59574856915e-08,0.000351033325909,0.000279697496478,1.1915904e-05
HL0,136,4,COMPLETED,0.000113013053674,4.39287813842e-08,0.000351134163726,0.000280051176477,1.54990848e-05
HL0,136,4,COMPLETED,0.00014436579597,7.14828302079e-08,0.000351289908459,0.000280475670194,1.979890176e-05
HL0,136,4,COMPLETED,0.000181991278407,1.10322547735e-07,0.000351526758451,0.000280985506821,2.4958682112e-05
HL0,136,4,COMPLETED,0.00022714390341,1.59194066699e-07,0.000351882766383,0.000281727449067,3.11504185344e-05
HL0,136,4,COMPLETED,0.000281327170657,2.17640595917e-07,0.000352413029162,0.000282813087617,3.85805022413e-05
HL0,136,4,COMPLETED,0.000346346996703,2.87226964047e-07,0.000353197056085,0.00028411990094,4.74966026895e-05
HL0,136,4,COMPLETED,0.000424370715042,3.69875094206e-07,0.000354349146755,0.000285877858824,5.81959232274e-05
HL0,136,4,COMPLETED,0.000518000228243,4.66563452009e-07,0.00035523586263,0.00028764706582,7.10351078729e-05
HL0,136,4,COMPLETED,0.000630356099035,5.76611922137e-07,0.000357681227702,0.000290948601958,8.64421294475e-05
HL0,136,4,COMPLETED,0.000765182742902,6.9900550714e-07,0.000360363117427,0.000294731148145,0.000104930555337
HL0,136,4,COMPLETED,0.000926974142498,8.31964038773e-07,0.000365002397446,0.000299640407317,0.000127116666404
HL0,136,4,COMPLETED,0.00112112300601,9.71482307244e-07,0.000372345574794,0.000306787334917,0.000153739999685
HL0,136,4,COMPLETED,0.0013541011289,1.109418288e-06,0.000382743619503,0.000316471160371,0.000185687999622
HL0,136,4,COMPLETED,0.00163367443981,1.23074570272e-06,0.000397031677045,0.000328579821023,0.000224025599547
HL0,136,4,COMPLETED,0.00196916011689,1.3109458916e-06,0.000417316352986,0.000345478463183,0.000270030719456
HL0,136,4,COMPLETED,0.0023717396045,1.31297005846e-06,0.000444995971023,0.000367672596482,0.000325236863347
HL0,136,4,COMPLETED,0.00285483030762,1.17976864165e-06,0.000482265934915,0.000397382968793,0.000391484236017
HL0,136,4,COMPLETED,0.0034345325891,8.2466573546e-07,0.000531244784802,0.000436128604142,0.00047098108322
HL0,136,4,COMPLETED,0.00413016618196,1.17397341727e-07,0.000595643136263,0.000484904467438,0.000566377299864
HL0,136,4,COMPLETED,0.00496491383934,1.13622164973e-06,0.000676757181735,0.000548170033648,0.000680852759837
HL0,136,4,COMPLETED,0.005966593672,3.22391120238e-06,0.000779033514999,0.000631479316187,0.000818223311805
HL0,136,4,COMPLETED,0.00716858592809,6.5701063255e-06,0.000906682139752,0.000735805171637,0.000983067974166
HL0,136,4,COMPLETED,0.00860989085126,1.06868958465e-05,0.00106396770733,0.000864906009311,0.001180881569
HL0,136,4,COMPLETED,0.010340567359,1.4639752684e-05,0.00126096509514,0.00102707695193,0.0014182578828
HL0,136,4,COMPLETED,0.0124184141695,1.95028439275e-05,0.00149727239412,0.00122174260637,0.00170310945936
HL0,136,4,COMPLETED,0.0149104195279,2.18454114327e-05,0.00178493520283,0.0014617708854,0.00204493135123
HL0,136,4,COMPLETED,0.0178975457894,2.17080118804e-05,0.00213003430579,0.00174497980354,0.00245511762148
HL0,136,4,COMPLETED,0.0214791686992,2.16038000226e-05,0.0025497104127,0.00208829129255,0.00294734114577
HL0,136,4,COMPLETED,0.0257766467389,2.4254718536e-05,0.0030581472174,0.00250988280695,0.00353800937493
HL0,136,4,COMPLETED,0.030937068164,2.57211468752e-05,0.00368026085999,0.00301118550073,0.00424681124991
HL0,136,4,COMPLETED,0.0371286725139,3.34207823445e-05,0.00441788796376,0.00361840468374,0.00509737349989
HL0,136,4,COMPLETED,0.0445678860112,3.96110242816e-05,0.00535372051366,0.0043911756729,0.00611804819987
HL0,136,4,COMPLETED,0.0534912416284,5.73279737983e-05,0.006453674315,0.00528392172957,0.00734285783985
HL0,136,4,COMPLETED,0.0641795006551,8.0222078216e-05,0.00771434445949,0.00632263981127,0.00881262940781
HL0,136,4,COMPLETED,0.0770015313473,9.95227120815e-05,0.00942757052335,0.00767652988295,0.0105763552894
HL0,136,4,COMPLETED,0.0924088625207,0.000153251724907,0.0115726188666,0.00936509318309,0.0126928263473
HL0,136,4,COMPLETED,0.110821877353,7.67829349906e-05,0.0139417934619,0.01134435239,0.0152325916167
HL0,136,4,COMPLETED,0.131480365704,0.000270318853678,0.017104702147,0.013871497458,0.018063972464
HL0,136,4,COMPLETED,0.152064004986,0.000228542745446,0.0199883710244,0.0161233095732,0.0208956827168
HL0,136,4,COMPLETED,0.172716175108,0.000396852239917,0.0230069531436,0.018544449991,0.0237277785264
HL0,136,4,COMPLETED,0.193273098114,0.000447978183737,0.0260914935783,0.0210087068098,0.0265603161112
HL0,136,4,COMPLETED,0.213872930339,0.000479023458393,0.0292304218115,0.0236812881215,0.0293933517668
HL0,136,4,COMPLETED,0.234400583786,0.000619323989036,0.0331883458576,0.0266394485681,0.0322269418761
HL0,136,4,COMPLETED,0.2550405728,0.000641261341615,0.0369894513275,0.0296672482935,0.0350611429195
HL0,136,4,COMPLETED,0.27552711839,0.000751687027831,0.0390723427783,0.0316062475006,0.0378960114851
HL0,136,4,COMPLETED,0.296162173899,0.000748724281728,0.0425006440087,0.0341856332378,0.0407316042788
HL0,136,4,COMPLETED,0.316749996757,0.000823113227489,0.0474806237538,0.037979482766,0.0435679781347
HL0,136,4,COMPLETED,0.337235293857,0.000898079454789,0.0507972676037,0.0409079394462,0.0464051900258
HL0,136,4,COMPLETED,0.357860574701,0.000981503347687,0.0532884403272,0.0430221896091,0.0492432970741
HL0,136,4,COMPLETED,0.378265809341,0.00106855295387,0.0588054659519,0.0470720717028,0.052082356561
HL0,136,4,COMPLETED,0.39884864526,0.00108633477345,0.0609449252204,0.0487734850595,0.0549224259384
HL0,136,4,COMPLETED,0.419211582115,0.00112986265329,0.0655864466107,0.0526863504692,0.0577635628391
HL0,136,4,COMPLETED,0.439667723424,0.00129399822625,0.068283014145,0.0555256544897,0.0606058250874
HL0,136,4,COMPLETED,0.459978548947,0.00113248960477,0.0742287638144,0.0593408450798,0.0634492707105
HL0,136,4,COMPLETED,0.480664197066,0.00138641317078,0.0770262769577,0.0619042554059,0.0662939579489
HL0,136,4,COMPLETED,0.500971901247,0.00133914997354,0.0808913668349,0.0651514295891,0.069139945268
HL0,136,4,COMPLETED,0.52155945628,0.0015074862676,0.0833905871538,0.0675807599718,0.0719872913689
HL0,136,4,COMPLETED,0.54184692362,0.00147366889088,0.0893267805001,0.07165214102,0.0748360552001
HL0,136,4,COMPLETED,0.562285111857,0.00168010081129,0.0941971491912,0.0757276107662,0.0776862959686
HL0,136,4,COMPLETED,0.58254596107,0.00166589078348,0.0977789777078,0.0785805018588,0.0805380731517
HL0,136,4,COMPLETED,0.602857049453,0.00175281175333,0.0989077280247,0.0798484145752,0.0833914465089
HL0,136,4,COMPLETED,0.623068841486,0.00179821116634,0.106539052831,0.0850052222681,0.0862464760932
HL0,136,4,COMPLETED,0.6434559727,0.00189431375907,0.112144708681,0.0893548167014,0.0891032222637
HL0,136,4,COMPLETED,0.663763720736,0.00199758823706,0.115644886257,0.0928794724665,0.0919617456977
HL0,136,4,COMPLETED,0.684049901816,0.00205269521498,0.117893879083,0.0948111216642,0.0948221074028
HL0,136,4,COMPLETED,0.704227737687,0.00212409959468,0.124495514717,0.099370942452,0.0976843687295
HL0,136,4,COMPLETED,0.724345645685,0.00212542033481,0.130566850442,0.103590868673,0.100548591384
HL0,136,4,COMPLETED,0.744450342252,0.00226642681637,0.133002197884,0.105742883972,0.103414837442
HL0,136,4,COMPLETED,0.764526741939,0.00227810405559,0.137187889154,0.109337516382,0.106283169359
HL0,136,4,COMPLETED,0.784611259601,0.00236970112198,0.140392319082,0.112280240726,0.109153649987
HL0,136,4,COMPLETED,0.804603652271,0.00239193720286,0.148718439566,0.117848974247,0.112026342586
HL0,136,4,COMPLETED,0.824798228391,0.0024919180564,0.153306306475,0.121154860542,0.114901310839
HL0,136,4,COMPLETED,0.844687553405,0.00242721016757,0.156710699843,0.12423102869,0.117778618864
HL0,136,4,COMPLETED,0.864722988906,0.00261953205763,0.157453006803,0.125369056236,0.120658331231
HL0,136,4,COMPLETED,0.884448334115,0.002566083717,0.164415251944,0.13065912157,0.123540512974
HL0,136,4,COMPLETED,0.904249328665,0.00269608545911,0.174055884349,0.136872450129,0.126425229607
HL0,136,4,COMPLETED,0.924038236914,0.00276940742346,0.17545035477,0.138546643203,0.129312547138
HL0,136,4,COMPLETED,0.943942461768,0.00288411017806,0.181263316416,0.143253328306,0.132202532086
HL0,136,4,COMPLETED,0.963697216597,0.00292905895111,0.182303996036,0.144643669751,0.135095251496
HL0,136,4,COMPLETED,0.983462057627,0.00295261755802,0.189342089711,0.148941250579,0.137990772952
HL0,136,4,COMPLETED,1.00308849255,0.00299981539122,0.197316000492,0.154790661562,0.140889164599
HL0,136,4,COMPLETED,1.02253136783,0.00302647623603,0.202050194354,0.158331105624,0.143790495153
HL0,136,4,COMPLETED,1.04207488002,0.00316693629092,0.203276382515,0.159489223432,0.146694833923
HL0,136,4,COMPLETED,1.06136663399,0.0030908545884,0.209873976823,0.164973300163,0.149602250826
HL0,136,4,COMPLETED,1.08104620362,0.00326121606958,0.209708386658,0.165475050887,0.152512816404
HL0,136,4,COMPLETED,1.10037604219,0.00327751497976,0.22380185656,0.173970471869,0.155426601844
HL0,136,4,COMPLETED,1.11976247972,0.0033667823746,0.225835688081,0.175018979688,0.158343678994
HL0,136,4,COMPLETED,1.13895216601,0.0034215903364,0.233292251505,0.181581009148,0.161264120383
HL0,136,4,COMPLETED,1.15814949564,0.00349570890479,0.235097840372,0.183595854635,0.164187999239
HL0,136,4,COMPLETED,1.1772875434,0.0035362842402,0.236293020788,0.184426443522,0.167115389513
HL0,136,4,COMPLETED,1.19631394678,0.00352235739187,0.247969916129,0.192106956258,0.170046365891
HL0,136,4,COMPLETED,1.2154022967,0.00360713493922,0.256215358048,0.197578721556,0.172981003822
HL0,136,4,COMPLETED,1.23421878056,0.00361608111103,0.261381945775,0.201431546564,0.175919379536
HL0,136,4,COMPLETED,1.25293512909,0.00375159749678,0.26187453324,0.202411146055,0.178861570065
HL0,136,4,COMPLETED,1.27151334134,0.00378020271999,0.268974843344,0.208664785457,0.181807653264
HL0,136,4,COMPLETED,1.29029357297,0.00383218048866,0.270352066314,0.210176008287,0.184757707839
HL0,136,4,COMPLETED,1.30906819524,0.00385569275588,0.279030928863,0.214930597556,0.187711813363
HL0,136,4,COMPLETED,1.32761076537,0.0037905654304,0.29026406158,0.222878301236,0.190670050303
HL0,136,4,COMPLETED,1.34598548874,0.00395430499946,0.295175157618,0.226141402847,0.193632500047
HL0,136,4,COMPLETED,1.36422419645,0.0040181099586,0.296902912216,0.227404170532,0.196599244923
HL0,136,4,COMPLETED,1.38234004786,0.00407882961795,0.300675249175,0.231438736168,0.199570368229
HL0,136,4,COMPLETED,1.40046913366,0.00409882873077,0.30320733364,0.233418234458,0.202545954259
HL0,136,4,COMPLETED,1.41858711178,0.00399966629694,0.308133694021,0.238742775858,0.205526088327
HL0,136,4,COMPLETED,1.4364993571,0.00418264729827,0.32356851482,0.247241904414,0.208510856799
HL0,136,4,COMPLETED,1.45409236844,0.00420907941597,0.328081222932,0.251061992848,0.211500347115
HL0,136,4,COMPLETED,1.47171263804,0.00428774210064,0.334116008327,0.256349337123,0.214494647826
HL0,136,4,COMPLETED,1.48944095201,0.00438165597523,0.34038180824,0.260631949575,0.217493848618
HL0,136,4,COMPLETED,1.50683001829,0.00433315424935,0.339742337198,0.261289767953,0.220498040345
HL0,136,4,COMPLETED,1.52392022112,0.00442481384387,0.343409839847,0.263675188927,0.223507315062
HL0,136,4,COMPLETED,1.54112965604,0.00445938556719,0.352319806317,0.270348208709,0.226521766055
HL0,136,4,COMPLETED,1.55821419325,0.00448792488496,0.366150258575,0.28010173107,0.229541487874
HL0,136,4,COMPLETED,1.57522765336,0.00453366307965,0.372290839254,0.282958069424,0.232566576374
HL0,136,4,COMPLETED,1.59170784184,0.00459445980853,0.377737269117,0.288071216747,0.23559712874
HL0,136,4,COMPLETED,1.60805233792,0.00471600205264,0.380198579877,0.291101963175,0.238633243534
HL0,136,4,COMPLETED,1.62440834824,0.0047610147886,0.382290188462,0.292508089101,0.241675020725
HL0,136,4,COMPLETED,1.64075783554,0.00469327885541,0.387168242813,0.296854455853,0.244722561733
HL0,136,4,COMPLETED,1.6568526421,0.00479386588259,0.388003779411,0.297421840766,0.247775969464
HL0,136,4,COMPLETED,1.67245773813,0.00485865506273,0.403876498381,0.305507302036,0.250835348357
HL0,136,4,COMPLETED,1.68779664341,0.00487656734093,0.41301085538,0.314549039849,0.25390080442
HL0,136,4,COMPLETED,1.70340006355,0.00494465830923,0.422430353197,0.321739503898,0.256972445282
HL0,136,4,COMPLETED,1.71863159,0.00498969878416,0.423053700253,0.322539449977,0.260050380229
HL0,136,4,COMPLETED,1.73354547009,0.00507836642032,0.427508852057,0.325354856136,0.263134720257
HL0,136,4,COMPLETED,1.74826914852,0.00512899082901,0.433256887229,0.330993767333,0.266225578119
HL0,136,4,COMPLETED,1.76305145527,0.00512014088186,0.433059199017,0.332251882899,0.269323068373
HL0,136,4,COMPLETED,1.77683496366,0.00512791590702,0.439200272892,0.336993146233,0.272427307434
HL0,136,4,COMPLETED,1.79065274157,0.0051894712127,0.454997205386,0.344202612736,0.27553841363
HL0,136,4,COMPLETED,1.80466097059,0.00520109996535,0.466573361399,0.353020701537,0.278656507251
HL0,136,4,COMPLETED,1.81848357935,0.00522289675971,0.471082212946,0.357654355352,0.281781710611
HL0,136,4,COMPLETED,1.8310631913,0.00531006734048,0.478378325631,0.362128472302,0.284914148105
HL0,136,4,COMPLETED,1.84371209654,0.00534555814086,0.477254287643,0.363985792875,0.288053946267
HL0,136,4,COMPLETED,1.85653211866,0.00536451244242,0.485999352187,0.371641048002,0.291201233837
HL0,136,4,COMPLETED,1.86897094939,0.0054087653699,0.485770770952,0.371339638608,0.294356141823
HL0,136,4,COMPLETED,1.88035475057,0.00543329846264,0.491339129234,0.375667687008,0.297518803569
HL0,136,4,COMPLETED,1.89163111073,0.00539090061223,0.501466278856,0.384303484713,0.300689354826
HL0,136,4,COMPLETED,1.90314678356,0.00542198675914,0.515453738513,0.393044050782,0.303867933821
HL0,136,4,COMPLETED,1.91382438323,0.00546561581168,0.520028180602,0.394729374056,0.307054681334
HL0,136,4,COMPLETED,1.92364469405,0.00546582580823,0.530890362098,0.403305501088,0.310249740775
HL0,136,4,COMPLETED,1.93356289156,0.00545999958148,0.53406680266,0.406518989695,0.313453258265
HL0,136,4,COMPLETED,1.94359027129,0.00555241836885,0.539750287135,0.411466364577,0.316665382717
HL0,136,4,COMPLETED,1.9526240355,0.00558884028396,0.542146084733,0.413070546976,0.319886265925
HL0,136,4,COMPLETED,1.9599291903,0.00555213910201,0.550246363162,0.421716147391,0.323116062654
HL0,136,4,COMPLETED,1.96788924486,0.00553940245358,0.550634809774,0.425168878175,0.326354930728
HL0,136,4,COMPLETED,1.97611991216,0.00550827707718,0.548547760073,0.422018810387,0.329603031133
HL0,136,4,COMPLETED,1.98322048515,0.00550131952956,0.573534079646,0.437631362999,0.332860528117
HL0,136,4,COMPLETED,1.98880202804,0.00552886372577,0.584497978345,0.44757425654,0.336127589288
HL0,136,4,COMPLETED,1.99362778821,0.00551890597665,0.5920360229,0.453341531124,0.33940438573
HL0,136,4,COMPLETED,1.99691466424,0.00553619997261,0.595495585896,0.455765042745,0.342691092113
HL0,136,4,COMPLETED,1.9998156237,0.00553745358371,0.605070876116,0.463278932021,0.345987886811
HL0,136,4,COMPLETED,2.00251962753,0.005579902586,0.605693498044,0.4659170633,0.349294952021
HL0,136,4,COMPLETED,2.00409846729,0.00557447569797,0.610942290787,0.470267713793,0.352612473898
HL0,136,4,COMPLETED,2.00504900446,0.00552143050663,0.613508592329,0.472839649391,0.35594064268
HL0,136,4,COMPLETED,2.00535765391,0.00550622204405,0.620531260785,0.482174545475,0.35927965283
HL0,136,4,COMPLETED,2.00539674981,0.00539674981325,0.621206156069,0.483318823021,0.362629703181
HL0,136,4,COMPLETED,2.00544512835,0.00544512835242,0.636003110053,0.493624360138,0.365990997085
HL0,136,4,COMPLETED,2.0054337597,0.00543375969786,0.649496484261,0.501125809415,0.369363742568
HL0,136,4,COMPLETED,2.00544023556,0.00544023555777,0.666724707225,0.517039342087,0.372748152498
HL0,136,4,COMPLETED,2.00545080645,0.00545080644782,0.670305382218,0.520208868296,0.376144444753
HL0,136,4,COMPLETED,2.00547733369,0.00547733369316,0.673351170845,0.523842464112,0.379552842401
HL0,136,4,COMPLETED,2.00551717419,0.00551717418898,0.68082205919,0.530045458714,0.382973573887
HL0,136,4,COMPLETED,2.00557866767,0.00557866766941,0.68743979021,0.539002586457,0.386406873226
HL0,136,4,COMPLETED,2.00558287562,0.0055828756154,0.692218667952,0.54387475558,0.38985298021
HL0,136,4,COMPLETED,2.00560323546,0.00560323545875,0.693825604073,0.545923988591,0.39331214062
HL0,136,4,COMPLETED,2.00560343204,0.00560343203625,0.69605424115,0.54852954627,0.396784606453
HL0,136,4,COMPLETED,2.00561029301,0.00561029300999,0.705174707071,0.559260025328,0.400270636151
HL0,136,4,COMPLETED,2.00556378107,0.00556378106995,0.708093792836,0.563025164106,0.403770494852
HL0,136,4,COMPLETED,2.00560825405,0.00560825405029,0.730080651659,0.578128479374,0.407284454646
HL0,136,4,COMPLETED,2.00566537651,0.00566537650962,0.741939107699,0.583754242386,0.410812794845
HL0,136,4,COMPLETED,2.00574436477,0.00574436476958,0.755161219304,0.598242016668,0.414355802266
HL0,136,4,COMPLETED,2.00580689004,0.00580689004118,0.760016842623,0.605221184714,0.417913771533
HL0,136,4,COMPLETED,2.00580699147,0.00580699146696,0.771702301661,0.615358223146,0.421487005386
HL0,136,4,COMPLETED,2.00595849383,0.00595849382612,0.766292715198,0.610751714589,0.425075815013
HL0,136,4,COMPLETED,2.00604408597,0.00604408597302,0.775820393724,0.617844675347,0.428680520396
HL0,136,4,COMPLETED,2.00615127974,0.0061512797391,0.787207176409,0.631355149284,0.432301450678
HL0,136,4,COMPLETED,2.00624534995,0.00624534995209,0.781864908217,0.627868391938,0.435938944541
HL0,136,4,COMPLETED,2.00626806042,0.00626806042259,0.792398377477,0.637538787328,0.439593350621
HL0,136,4,COMPLETED,2.00631605832,0.00631605832155,0.791689938372,0.63936853862,0.443265027926
HL0,136,4,COMPLETED,2.00637999742,0.00637999742377,0.800376232655,0.646568874682,0.446954346293
HL0,136,4,COMPLETED,2.00647706988,0.006477069883,0.808904784134,0.656428149356,0.450661686861
HL0,136,4,COMPLETED,2.00650143656,0.0065014365644,0.825613254362,0.664730681366,0.454387442576
HL0,136,4,COMPLETED,2.00657746822,0.00657746822299,0.839150885383,0.676397470819,0.45813201872
HL0,136,4,COMPLETED,2.00670948909,0.00670948909128,0.843041760192,0.67921937031,0.461895833477
HL0,136,4,COMPLETED,2.00683381421,0.00683381421474,0.849060300519,0.685898359276,0.465679318531
HL0,136,4,COMPLETED,2.00693341683,0.00693341683072,0.865760425473,0.701942422805,0.469482919689
HL0,136,4,COMPLETED,2.00701432174,0.00701432174369,0.864022195407,0.700963080086,0.473307097562
HL0,136,4,COMPLETED,2.00723118695,0.00723118695363,0.869437328855,0.703677844257,0.477152328268
HL0,136,4,COMPLETED,2.00736538674,0.00736538674087,0.869182995288,0.705829098651,0.481019104189
HL0,136,4,COMPLETED,2.00743452994,0.00743452993663,0.878433066893,0.716640009433,0.484907934776
HL0,136,4,COMPLETED,2.00750423442,0.00750423441682,0.882611804827,0.722177357369,0.4888193474
HL0,136,4,COMPLETED,2.00759876891,0.0075987689132,0.886765866759,0.725413225199,0.492753888265
HL0,136,4,COMPLETED,2.00764434795,0.00764434795205,0.886385663283,0.727495676087,0.496712123371
HL0,136,4,COMPLETED,2.00781699167,0.00781699166727,0.886552185955,0.724435694046,0.500694639556
HL0,136,4,COMPLETED,2.00788712793,0.00788712792541,0.900046233493,0.736275037849,0.504702045593
HL0,136,4,COMPLETED,2.00794482773,0.00794482773064,0.924339858323,0.754811095035,0.508734973373
HL0,136,4,COMPLETED,2.00801932489,0.00801932489471,0.932076000661,0.763374409493,0.512794079169
HL0,136,4,COMPLETED,2.00816648983,0.00816648983478,0.942333804855,0.769711897616,0.516880044982
HL0,136,4,COMPLETED,2.00839112449,0.00839112448533,0.943082660892,0.768456383145,0.520993579997
HL0,136,4,COMPLETED,2.00853565179,0.00853565178509,0.951268627525,0.775691899525,0.525135422133
HL0,136,4,COMPLETED,2.00855598039,0.00855598039267,0.952911803287,0.780638493003,0.529306339717
HL0,136,4,COMPLETED,2.0087368452,0.00873684520214,0.962859325672,0.79176484041,0.53350713328
HL0,136,4,COMPLETED,2.00891325405,0.00891325404717,0.968790450093,0.794958315749,0.537738637496
HL0,136,4,COMPLETED,2.00912777798,0.00912777798227,0.967908892654,0.795629687915,0.542001723264
HL0,136,4,COMPLETED,2.00926395186,0.00926395185938,0.966219624447,0.793865828736,0.546297299967
HL0,136,4,COMPLETED,2.00930733643,0.00930733642962,0.969549818236,0.795245946494,0.550626317905
HL0,136,4,COMPLETED,2.0093273628,0.00932736279824,0.978518826463,0.80690679415,0.554989770937
HL0,136,4,COMPLETED,2.00936358284,0.00936358283879,0.976712702597,0.805893709643,0.559388699335
HL0,136,4,COMPLETED,2.00939887236,0.00939887235619,0.981376346555,0.808114923592,0.563824192894
HL0,136,4,COMPLETED,2.00953089878,0.00953089877606,0.981300112781,0.809418216101,0.568297394304
HL0,136,4,COMPLETED,2.00957255377,0.00957255377487,0.998196769318,0.818345575819,0.57280950283
HL0,136,4,COMPLETED,2.00951951321,0.00951951321494,1.01856542741,0.836524336721,0.577361778321
HL0,136,4,COMPLETED,2.00949428532,0.00949428532385,1.02064490688,0.834207760822,0.581955545591
HL0,136,4,COMPLETED,2.00950421933,0.00950421932863,1.04453437436,0.856097813031,0.586592199222
HL0,136,4,COMPLETED,2.00940268099,0.00940268098711,1.04484545758,0.855131050419,0.591273208818
HL0,136,4,COMPLETED,2.00944860149,0.00944860149263,1.04543988779,0.855550246874,0.596000124792
HL0,136,4,COMPLETED,2.00947637229,0.00947637228709,1.04480909952,0.850735573971,0.600774584726
HL0,136,4,COMPLETED,2.00936715298,0.00936715298394,1.04630806689,0.854386091961,0.605598320398
HL0,136,4,COMPLETED,2.00926309289,0.00926309289234,1.06442001984,0.871703254994,0.610473165542
HL0,136,4,COMPLETED,2.00907937187,0.00907937187002,1.06054400887,0.868590784518,0.615401064452
HL0,136,4,COMPLETED,2.00895453514,0.00895453514068,1.06022311148,0.868343101792,0.620384081545
HL0,136,4,COMPLETED,2.00880257082,0.00880257081677,1.06947123342,0.87519973778,0.625424411999
HL0,136,4,COMPLETED,2.00862470359,0.00862470358667,1.07039943229,0.87627771266,0.630524393641
HL0,136,4,COMPLETED,2.00834818004,0.00834818004314,1.07412405212,0.879612872866,0.635686520252
HL0,136,4,COMPLETED,2.00818193662,0.00818193662428,1.07605793322,0.88453058768,0.640913456509
HL0,136,4,COMPLETED,2.00791844202,0.00791844201606,1.0814752207,0.8898084906,0.64620805481
HL0,136,4,COMPLETED,2.0074886449,0.00748864490212,1.08113723886,0.889388606728,0.65157337429
HL0,136,4,COMPLETED,2.00729789143,0.00729789143406,1.08729494642,0.893942694155,0.657012702374
HL0,136,4,COMPLETED,2.00711311996,0.0071131199592,1.11920137215,0.917456116012,0.662529579302
HL0,136,4,COMPLETED,2.00681995068,0.00681995067589,1.12194894732,0.91874093722,0.66812782614
HL0,136,4,COMPLETED,2.00654268005,0.00654268004843,1.13405560392,0.929696071932,0.673811576894
HL0,136,4,COMPLETED,2.00634976974,0.00634976974312,1.14344807849,0.93918723786,0.679585315501
HL0,136,4,COMPLETED,2.00611863787,0.00611863786501,1.15647872124,0.9519573967,0.685453918603
HL0,136,4,COMPLETED,2.00581690804,0.00581690803891,1.15838403516,0.953474193184,0.69142270529
HL0,136,4,COMPLETED,2.00552515536,0.00552515535592,1.1634189234,0.957540079814,0.697497495197
HL0,136,4,COMPLETED,2.00536984267,0.00536984267184,1.18013391988,0.973804591952,0.703684676779
HL0,136,4,COMPLETED,2.00521979234,0.00521979234043,1.18166057788,0.972756057491,0.709991287994
HL0,136,4,COMPLETED,2.00506107832,0.00506107832377,1.18132912385,0.974943464145,0.716425112277
HL0,136,4,COMPLETED,2.00497382575,0.00497382574949,1.19363143737,0.990155985684,0.722994793487
HL0,136,4,COMPLETED,2.00493371224,0.00493371223726,1.20108334517,0.999475199496,0.729709974608
HL0,136,4,COMPLETED,2.00473864608,0.00473864608104,1.20414217363,1.0012902923,0.736581466482
HL0,136,4,COMPLETED,2.00443226072,0.00443226072409,1.21199035096,1.01428227257,0.743621454895
HL0,136,4,COMPLETED,2.00421689793,0.00421689792706,1.20501771152,1.00905702537,0.750843757211
HL0,136,4,COMPLETED,2.0041049933,0.0041049932975,1.21160785212,1.01387967551,0.758264143798
HL0,136,4,COMPLETED,2.00391902778,0.00391902778045,1.22623903152,1.02790009597,0.765900745391
HL0,136,4,COMPLETED,2.00370690994,0.0037069099414,1.22318768954,1.02802103124,0.773774576099
HL0,136,4,COMPLETED,2.00362154851,0.00362154851404,1.22742636681,1.03171878638,0.781910214797
HL0,136,4,COMPLETED,2.00358907349,0.00358907349162,1.23348533715,1.04105338113,0.790336707451
HL0,136,4,COMPLETED,2.00336893553,0.00336893553043,1.25395026835,1.05500918639,0.799088784408
HL0,136,4,COMPLETED,2.00307661645,0.00307661645096,1.27643209281,1.0757351004,0.808208537655
HL0,136,4,COMPLETED,2.00295310889,0.00295310888579,1.2789142409,1.07859149028,0.817747788875
HL0,136,4,COMPLETED,2.002955853,0.00295585299527,1.28479395661,1.08265019654,0.82777152908
HL0,136,4,COMPLETED,2.00279291458,0.00279291457581,1.30530016689,1.10361084741,0.83836308499
HL0,136,4,COMPLETED,2.00258555618,0.00258555617544,1.30924958024,1.11110553852,0.849632196971
HL0,136,4,COMPLETED,2.00244882941,0.00244882941198,1.31608082329,1.11242582612,0.861728284294
HL0,136,4,COMPLETED,2.00227671246,0.0022767124634,1.31932007877,1.11705444891,0.874863605951
HL0,136,4,COMPLETED,2.00219908745,0.00219908744749,1.33537769604,1.13207323375,0.889357020628
HL0,136,4,COMPLETED,2.00202922053,0.00202922052502,1.33515983555,1.13558068627,0.905725893618
HL0,136,4,COMPLETED,2.00187407137,0.00187407136757,1.34501668743,1.14582032596,0.924910377212
HL0,136,4,COMPLETED,2.00176088552,0.00176088551909,1.34505203816,1.14750542697,0.947931757525
HL0,136,4,COMPLETED,2.00170728105,0.00170728104659,1.34397478357,1.14476877683,0.975557413901
HL0,136,4,COMPLETED,2.00169105999,0.00169105998977,1.34437259666,1.14651435467,1.00870820155
HL0,136,4,COMPLETED,2.00175701294,0.00175701294152,1.34476365364,1.14670412105,1.04848914673
HL0,136,4,COMPLETED,2.00196252377,0.00196252377407,1.33421335335,1.13656926347,1.0856879986
HL0,136,4,COMPLETED,2.00216808066,0.00216808065944,1.33316371894,1.13070530701,1.10678138008
HL0,136,4,COMPLETED,2.002258434,0.00225843399764,1.32533782545,1.12484570886,1.12373634393
HL0,136,4,COMPLETED,2.00246911611,0.00246911610855,1.3145556783,1.11067622726,1.13839164303
HL0,136,4,COMPLETED,2.00261417213,0.00261417213186,1.31172454493,1.11436949824,1.15151576153
HL0,136,4,COMPLETED,2.00280939239,0.00280939239449,1.30411514714,1.10348142278,1.16352192026
HL0,136,4,COMPLETED,2.0029236477,0.00292364770026,1.2791820036,1.08065216047,1.17466394746
HL0,136,4,COMPLETED,2.00297304894,0.00297304893667,1.27968373071,1.08138464656,1.18511146422
HL0,136,4,COMPLETED,2.00317293629,0.00317293629178,1.27391704349,1.075858922,1.19498466427
HL0,136,4,COMPLETED,2.00348419355,0.00348419354834,1.24813938136,1.05763171073,1.20437249061
HL0,136,4,COMPLETED,2.003598704,0.00359870399621,1.23115890742,1.0394984011,1.21334299938
HL0,136,4,COMPLETED,2.00368802337,0.00368802337353,1.23113891677,1.03558694995,1.2219496702
HL0,136,4,COMPLETED,2.00382522011,0.003825220108,1.22571690187,1.03200521905,1.23023545133
HL0,136,4,COMPLETED,2.00402921972,0.00402921972413,1.22444428989,1.02986921347,1.23823546281
HL0,136,4,COMPLETED,2.00415162511,0.00415162511296,1.20621887467,1.01185442156,1.24597886573
HL0,136,4,COMPLETED,2.00433909567,0.00433909566572,1.21181495037,1.01807176917,1.25349019262
HL0,136,4,COMPLETED,2.00460902898,0.00460902897708,1.21526365726,1.01886834468,1.26079031784
HL0,136,4,COMPLETED,2.00483600683,0.00483600682778,1.20515307863,1.00674156879,1.26789718051
HL0,136,4,COMPLETED,2.00492124312,0.0049212431194,1.19806944338,0.99941350613,1.27482633318
HL0,136,4,COMPLETED,2.00491125441,0.00491125440585,1.18719798933,0.98894436187,1.28159136498
HL0,136,4,COMPLETED,2.00506458234,0.00506458233899,1.18642043594,0.984444079787,1.28820423279
HL0,136,4,COMPLETED,2.00512387017,0.0051238701696,1.18711865035,0.986511883929,1.29467552378
HL0,136,4,COMPLETED,2.0052891335,0.0052891335043,1.17647050465,0.975397849207,1.3010146659
HL0,136,4,COMPLETED,2.00545613756,0.00545613756284,1.16424176042,0.966452215346,1.30723009845
HL0,136,4,COMPLETED,2.00570943705,0.00570943704912,1.16331803201,0.966181468285,1.31332941173
HL0,136,4,COMPLETED,2.00586989835,0.00586989835021,1.15515040236,0.956706677771,1.31931946214
HL0,136,4,COMPLETED,2.00594895377,0.00594895377419,1.14338737099,0.945637287484,1.32520646802
HL0,136,4,COMPLETED,2.00615009308,0.00615009307805,1.1310384886,0.932705601389,1.33099608995
HL0,136,4,COMPLETED,2.00628533426,0.00628533425573,1.12328183714,0.928898296596,1.33669349848
HL0,136,4,COMPLETED,2.00640274829,0.00640274829013,1.09531604469,0.909853580686,1.34230343163
HL0,136,4,COMPLETED,2.00650895134,0.00650895133652,1.08602521661,0.89960447948,1.34783024396
HL0,136,4,COMPLETED,2.00671895416,0.006718954157,1.08895403747,0.904736875167,1.35327794878
HL0,136,4,COMPLETED,2.0069062329,0.00690623289744,1.08479899949,0.900431343713,1.35865025446
HL0,136,4,COMPLETED,2.00698568913,0.00698568912604,1.08360355117,0.895294079227,1.363950596
HL0,136,4,COMPLETED,2.0071215756,0.00712157560157,1.07854232865,0.890569419978,1.36918216248
HL0,136,4,COMPLETED,2.00720965305,0.0072096530476,1.07835648205,0.890686856973,1.37434792105
HL0,136,4,COMPLETED,2.00723488766,0.00723488765615,1.07049711874,0.884933798016,1.379450638
HL0,136,4,COMPLETED,2.00731628135,0.00731628134834,1.0642774164,0.87636944184,1.38449289738
HL0,136,4,COMPLETED,2.00735159617,0.00735159617376,1.07344928494,0.886089786183,1.38947711736
HL0,136,4,COMPLETED,2.00744934493,0.00744934493395,1.05132216464,0.865376283467,1.39440556479
HL0,136,4,COMPLETED,2.00748347839,0.00748347839218,1.05054531755,0.861796913541,1.39928036822
HL0,136,4,COMPLETED,2.00740898566,0.00740898566319,1.04584117287,0.860703883484,1.40410352941
HL0,136,4,COMPLETED,2.00734707761,0.00734707761229,1.04778300419,0.863128668629,1.40887693369
HL0,136,4,COMPLETED,2.00741919974,0.00741919973665,1.04681887491,0.861716658314,1.41360235927
HL0,136,4,COMPLETED,2.00741643453,0.00741643452622,1.02463231256,0.841626261519,1.41828148559
HL0,136,4,COMPLETED,2.00744189284,0.00744189284119,1.0198283737,0.840790993716,1.42291590085
HL0,136,4,COMPLETED,2.00754183867,0.00754183866523,0.995796460643,0.819929530245,1.42750710882
HL0,136,4,COMPLETED,2.00746546739,0.00746546738985,0.985927123106,0.814102684078,1.43205653503
HL0,136,4,COMPLETED,2.00740996623,0.00740996623194,0.984291010006,0.811062955128,1.43656553237
HL0,136,4,COMPLETED,2.00739015113,0.007390151132,0.981174240258,0.810440701105,1.44103538619
HL0,136,4,COMPLETED,2.00741338453,0.00741338452686,0.980353471592,0.808078156698,1.44546731893
HL0,136,4,COMPLETED,2.00745231951,0.00745231951139,0.973005983357,0.798837876812,1.44986249441
HL0,136,4,COMPLETED,2.00750335642,0.00750335641507,0.966610824906,0.793423275662,1.45422202167
HL0,136,4,COMPLETED,2.00740020403,0.00740020403282,0.971040000832,0.798169875992,1.45854695854
HL0,136,4,COMPLETED,2.00720417634,0.00720417633822,0.967496334711,0.794719105308,1.46283831493
HL0,136,4,COMPLETED,2.00715082339,0.00715082338768,0.963829304152,0.791898217134,1.46709705583
HL0,136,4,COMPLETED,2.00707525926,0.00707525925961,0.952893069384,0.779520546021,1.47132410404
HL0,136,4,COMPLETED,2.00709695827,0.0070969582713,0.944607826747,0.771539995935,1.47552034278
HL0,136,4,COMPLETED,2.00696227048,0.0069622704843,0.942546617744,0.768834664127,1.479686618
HL0,136,4,COMPLETED,2.00687508373,0.00687508372922,0.942164225606,0.769691010119,1.48382374059
HL0,136,4,COMPLETED,2.0068224927,0.00682249269613,0.933695737341,0.763398790476,1.48793248839
HL0,136,4,COMPLETED,2.00677700955,0.00677700955476,0.919871949311,0.751683909627,1.49201360804
HL0,136,4,COMPLETED,2.00676837652,0.00676837651994,0.892584779339,0.731803049523,1.49606781677
HL0,136,4,COMPLETED,2.00674687407,0.0067468740741,0.887244756706,0.725945407644,1.50009580398
HL0,136,4,COMPLETED,2.00669112562,0.00669112562241,0.88914160931,0.730307761848,1.50409823272
HL0,136,4,COMPLETED,2.00660749141,0.00660749141301,0.887584537146,0.726336516361,1.50807574117
HL0,136,4,COMPLETED,2.00655659453,0.00655659453316,0.887490919058,0.725470295518,1.51202894387
HL0,136,4,COMPLETED,2.00655447584,0.00655447583941,0.879804774076,0.717199429833,1.51595843297
HL0,136,4,COMPLETED,2.00652396285,0.0065239628474,0.871104394765,0.707565683842,1.51986477937
HL0,136,4,COMPLETED,2.00635699868,0.00635699867611,0.86428190011,0.703408521006,1.52374853381
HL0,136,4,COMPLETED,2.0062032299,0.00620322990286,0.870921483207,0.707823715043,1.52761022784
HL0,136,4,COMPLETED,2.00616416014,0.00616416013885,0.864644085666,0.702487201551,1.53145037474
HL0,136,4,COMPLETED,2.00610886657,0.00610886657041,0.849679874513,0.686405392721,1.53526947046
HL0,136,4,COMPLETED,2.00603090343,0.00603090342765,0.848289509648,0.686526669117,1.5390679944
HL0,136,4,COMPLETED,2.00592093675,0.00592093674839,0.844124302648,0.684428057113,1.54284641019
HL0,136,4,COMPLETED,2.00586407421,0.00586407421024,0.830384492586,0.674242752985,1.54660516643
HL0,136,4,COMPLETED,2.00581674002,0.00581674001739,0.810438546722,0.66051006769,1.55034469739
HL0,136,4,COMPLETED,2.00576897891,0.0057689789069,0.807590399248,0.653412974465,1.55406542362
HL0,136,4,COMPLETED,2.00574080646,0.005740806462,0.801024479284,0.648947778618,1.55776775262
HL0,136,4,COMPLETED,2.00568344561,0.0056834456062,0.802129857088,0.648714973558,1.56145207935
HL0,136,4,COMPLETED,2.00563272087,0.00563272086895,0.79451718505,0.643679199955,1.56511878681
HL0,136,4,COMPLETED,2.00553463136,0.00553463135943,0.797553195616,0.643279855146,1.56876824657
HL0,136,4,COMPLETED,2.00545756674,0.00545756674447,0.787659725205,0.63254070917,1.57240081923
HL0,136,4,COMPLETED,2.00538370521,0.00538370521022,0.782675633228,0.629314717486,1.57601685487
HL0,136,4,COMPLETED,2.00530325303,0.00530325302817,0.778511425389,0.625899496497,1.57961669353
HL0,136,4,COMPLETED,2.00522654943,0.00522654943224,0.772062125584,0.619312719223,1.58320066558
HL0,136,4,COMPLETED,2.00514893731,0.00514893730947,0.761920796002,0.609473299277,1.58676909216
HL0,136,4,COMPLETED,2.00508145034,0.00508145033613,0.751767572427,0.599013637657,1.59032228548
HL0,136,4,COMPLETED,2.00503235032,0.00503235031899,0.739197402563,0.592395293354,1.59386054925
HL0,136,4,COMPLETED,2.004971375,0.00497137499757,0.733181510795,0.587142539215,1.59738417897
HL0,136,4,COMPLETED,2.00492731675,0.00492731675265,0.724779423435,0.580065915069,1.60089346225
HL0,136,4,COMPLETED,2.00488527759,0.00488527758967,0.721387757515,0.574215814552,1.60438867915
HL0,136,4,COMPLETED,2.00486246166,0.00486246165793,0.718149593968,0.570946147776,1.60787010243
HL0,136,4,COMPLETED,2.00476727713,0.00476727712647,0.713074915888,0.567555249728,1.61133799783
HL0,136,4,COMPLETED,2.00469744405,0.00469744405259,0.710156602997,0.562076999347,1.61479262434
HL0,136,4,COMPLETED,2.00462729951,0.00462729950836,0.705768686789,0.556688312058,1.61823423447
HL0,136,4,COMPLETED,2.00453702141,0.00453702140682,0.694955016734,0.548352174507,1.62166307445
HL0,136,4,COMPLETED,2.00447113885,0.00447113884596,0.694728810598,0.548148029495,1.62507938447
HL0,136,4,COMPLETED,2.00438106795,0.00438106794809,0.684605187947,0.539600910304,1.62848339893
HL0,136,4,COMPLETED,2.00433411739,0.00433411739107,0.671849517644,0.528344805948,1.63187534659
HL0,136,4,COMPLETED,2.00428483494,0.00428483493687,0.657582899394,0.519564022518,1.63525545081
HL0,136,4,COMPLETED,2.00421285159,0.00421285159047,0.654451615384,0.516143760067,1.63862392972
HL0,136,4,COMPLETED,2.00406272424,0.00419319189197,0.656649869772,0.515279634224,1.64198099643
HL0,136,4,COMPLETED,2.00368876712,0.00413753625497,0.646690345032,0.505659887301,1.64532685914
HL0,136,4,COMPLETED,2.00272668245,0.00415172864193,0.644757212518,0.50299951565,1.6486617214
HL0,136,4,COMPLETED,2.00099646042,0.00402927985886,0.639399824429,0.499959716916,1.65198578216
HL0,136,4,COMPLETED,1.99837446713,0.00399108848695,0.633262225509,0.490786747044,1.65529923601
HL0,136,4,COMPLETED,1.99545724899,0.00391576169316,0.630034211327,0.490504169002,1.65860227329
HL0,136,4,COMPLETED,1.99219951245,0.00388474748581,0.620303143968,0.484043571092,1.66189508024
HL0,136,4,COMPLETED,1.98738641042,0.00382792607469,0.618935754229,0.481913976058,1.66517783911
HL0,136,4,COMPLETED,1.9816765095,0.00375958530458,0.599448067046,0.467086360022,1.66845072831
HL0,136,4,COMPLETED,1.97448180244,0.00370543805945,0.5920514546,0.460820605214,1.67171392254
HL0,136,4,COMPLETED,1.96623417848,0.00369628412158,0.592328653151,0.462679444499,1.67496759289
HL0,136,4,COMPLETED,1.95831296704,0.00361896389004,0.588648047868,0.456127421698,1.67821190697
HL0,136,4,COMPLETED,1.95102989616,0.00357646918535,0.581565348284,0.450115093678,1.68144702901
HL0,136,4,COMPLETED,1.94178494242,0.00353205000894,0.579235811584,0.447429214739,1.68467311996
HL0,136,4,COMPLETED,1.9316843155,0.00346306256392,0.574355523946,0.442871566711,1.68789033761
HL0,136,4,COMPLETED,1.92185997367,0.00342731612504,0.569128811104,0.436134093936,1.69109883668
HL0,136,4,COMPLETED,1.91219072357,0.00337234740065,0.559121370247,0.42982123115,1.69429876889
HL0,136,4,COMPLETED,1.90110292895,0.00333123529937,0.552397233252,0.425842961723,1.69749028309
HL0,136,4,COMPLETED,1.88955373421,0.003285099514,0.545927846524,0.42060411174,1.70067352533
HL0,136,4,COMPLETED,1.87839492448,0.00328195072244,0.5375855891,0.412560926047,1.70384863893
HL0,136,4,COMPLETED,1.86710236986,0.00321831671219,0.534549647644,0.411535688896,1.70701576457
HL0,136,4,COMPLETED,1.85428741713,0.00318607207175,0.532589660143,0.409782466431,1.7101750404
HL0,136,4,COMPLETED,1.84156268176,0.00316458102141,0.525151060498,0.400549266078,1.71332660204
HL0,136,4,COMPLETED,1.82893909832,0.00310836441524,0.521199440991,0.396869481962,1.71647058275
HL0,136,4,COMPLETED,1.81636757844,0.00303718426583,0.515513076453,0.393146014744,1.71960711342
HL0,136,4,COMPLETED,1.80237662003,0.00305840602158,0.509943482179,0.388205953661,1.72273632266
HL0,136,4,COMPLETED,1.78849037776,0.00300356050164,0.4972838841,0.379022592259,1.72585833689
HL0,136,4,COMPLETED,1.7746943645,0.00297011010514,0.492788297113,0.377079904062,1.72897328038
HL0,136,4,COMPLETED,1.76069183705,0.00299476783446,0.490034529299,0.374954132158,1.73208127532
HL0,136,4,COMPLETED,1.74595270006,0.00296279511227,0.488761222985,0.372300208123,1.73518244186
HL0,136,4,COMPLETED,1.73128568999,0.00291045357436,0.481652408904,0.365636921473,1.7382768982
HL0,136,4,COMPLETED,1.71638702841,0.00288476079706,0.477941761018,0.363429173709,1.74136476062
HL0,136,4,COMPLETED,1.70089784825,0.00284822037717,0.47301457423,0.359697801169,1.74444614353
HL0,136,4,COMPLETED,1.68550431673,0.00282263035452,0.463998413019,0.350645874283,1.74752115955
HL0,136,4,COMPLETED,1.67013575225,0.00284004789895,0.455064087872,0.344678391052,1.75058991954
HL0,136,4,COMPLETED,1.65451045195,0.00277724265507,0.445832375748,0.339052754658,1.75365253264
HL0,136,4,COMPLETED,1.63820891612,0.00276120579968,0.447275589845,0.340003867747,1.75670910634
HL0,136,4,COMPLETED,1.62191237893,0.002811135052,0.44116024877,0.334961283117,1.75975974649
HL0,136,4,COMPLETED,1.60557316689,0.00274247526519,0.439711346014,0.333521131081,1.7628045574
HL0,136,4,COMPLETED,1.58931087286,0.00268881233324,0.431800317436,0.327176598931,1.76584364183
HL0,136,4,COMPLETED,1.57261417156,0.00269632326797,0.426762333143,0.322844170659,1.76887710104
HL0,136,4,COMPLETED,1.55563217008,0.00268549229464,0.420996586024,0.320208960785,1.77190503487
HL0,136,4,COMPLETED,1.53854226148,0.00265271998731,0.409152548519,0.311037175363,1.77492754173
HL0,136,4,COMPLETED,1.52140690132,0.00267029715606,0.402817744878,0.304586582928,1.77794471867
HL0,136,4,COMPLETED,1.50426999268,0.00267112409647,0.404702650195,0.306896652406,1.78095666138
HL0,136,4,COMPLETED,1.4867348496,0.00266338589692,0.401365262228,0.303826940938,1.78396346428
HL0,136,4,COMPLETED,1.46898540967,0.00261656088121,0.396581700466,0.299986781971,1.78696522052
HL0,136,4,COMPLETED,1.45153100578,0.00261039309418,0.389724533064,0.295304012302,1.789962022
HL0,136,4,COMPLETED,1.43398479911,0.00262559090201,0.383223741889,0.290323885376,1.79295395943
HL0,136,4,COMPLETED,1.41597435681,0.00257594594609,0.370819115286,0.282762844264,1.79594112237
HL0,136,4,COMPLETED,1.39779377574,0.0026383515953,0.368610045467,0.279334235163,1.79892359921
HL0,136,4,COMPLETED,1.37969164027,0.0026127427028,0.363458942979,0.273867098059,1.80190147727
HL0,136,4,COMPLETED,1.36155930772,0.00262387161316,0.361656360884,0.273609948801,1.80487484278
HL0,136,4,COMPLETED,1.34343186234,0.0026153439912,0.357516289841,0.270542075781,1.8078437809
HL0,136,4,COMPLETED,1.32500396751,0.00257441946446,0.351574269637,0.264866091373,1.81080837579
HL0,136,4,COMPLETED,1.3063113666,0.00260751191756,0.337448417314,0.256197110839,1.81376871063
HL0,136,4,COMPLETED,1.28753675006,0.00258733888762,0.336747001746,0.256918812477,1.81672486761
HL0,136,4,COMPLETED,1.26889178009,0.00263652781651,0.333242709686,0.251730114738,1.81967692798
HL0,136,4,COMPLETED,1.2503096448,0.00263547483851,0.330091466014,0.249526321516,1.82262497208
HL0,136,4,COMPLETED,1.23163192564,0.00259504058543,0.325099229889,0.246645748802,1.82556907936
HL0,136,4,COMPLETED,1.21277217069,0.00263562475107,0.319764139036,0.241819618894,1.8285093284
HL0,136,4,COMPLETED,1.19363453003,0.00264031475629,0.307733003831,0.23400232089,1.83144579693
HL0,136,4,COMPLETED,1.17461606689,0.00266714200155,0.305228841769,0.231943449325,1.83437856185
HL0,136,4,COMPLETED,1.15544986947,0.00268432526835,0.301182821576,0.228619005016,1.83730769927
HL0,136,4,COMPLETED,1.13631246412,0.00269306947045,0.298386523797,0.226194889181,1.84023328453
HL0,136,4,COMPLETED,1.1170521354,0.00266175264887,0.292157266438,0.221293830804,1.8431553922
HL0,136,4,COMPLETED,1.09774128773,0.00269084427797,0.286660013943,0.218254915182,1.8460740961
HL0,136,4,COMPLETED,1.07840612797,0.00275173401894,0.277491095498,0.212598476146,1.84898946935
HL0,136,4,COMPLETED,1.05878761992,0.00274117619324,0.275465300376,0.210613450897,1.85190158437
HL0,136,4,COMPLETED,1.03945143073,0.00282092792118,0.273406773551,0.208137918751,1.8548105129
HL0,136,4,COMPLETED,1.01995357,0.00273587133766,0.269215592032,0.205504247292,1.85771632601
HL0,136,4,COMPLETED,1.00041359723,0.00276400316705,0.261181614064,0.198265002544,1.86061909415
HL0,136,4,COMPLETED,0.980725270361,0.00278430353797,0.250710169494,0.192913772511,1.86351888711
HL0,136,4,COMPLETED,0.961027543706,0.00282500303239,0.249800931803,0.190877912291,1.86641577412
HL0,136,4,COMPLETED,0.941283377172,0.00290794451939,0.245115946466,0.187047430301,1.86930982378
HL0,136,4,COMPLETED,0.921349132559,0.0028745323582,0.24225554775,0.183959312299,1.87220110415
HL0,136,4,COMPLETED,0.901653721522,0.00287802557331,0.237380190716,0.180247981484,1.8750896827
HL0,136,4,COMPLETED,0.881857492838,0.00288588559968,0.228315932116,0.176527618671,1.87797562639
HL0,136,4,COMPLETED,0.862084410645,0.00295981482909,0.224696967436,0.172161784407,1.88085900165
HL0,136,4,COMPLETED,0.842111391398,0.00297649591883,0.221718762854,0.16873775748,1.8837398744
HL0,136,4,COMPLETED,0.822084938656,0.00303165720268,0.219457122415,0.166664093323,1.88661831005
HL0,136,4,COMPLETED,0.801961896415,0.00296019865128,0.210265060686,0.161111789126,1.88949437356
HL0,136,4,COMPLETED,0.781914641959,0.00304072374827,0.201056663027,0.153532415867,1.89236812941
HL0,136,4,COMPLETED,0.761815615904,0.00306465357628,0.201661659085,0.15394982992,1.89523964165
HL0,136,4,COMPLETED,0.741840321183,0.00311884248488,0.19785589952,0.150514848958,1.89810897386
HL0,136,4,COMPLETED,0.72169401086,0.0030616532304,0.193128972904,0.146109808506,1.90097618924
HL0,136,4,COMPLETED,0.701513019928,0.00313217261457,0.188111165539,0.143110161244,1.90384135055
HL0,136,4,COMPLETED,0.681398018234,0.00322578845498,0.179401094623,0.137067712873,1.90670452019
HL0,136,4,COMPLETED,0.661064493926,0.00320849520167,0.179128088907,0.136215157198,1.90956576015
HL0,136,4,COMPLETED,0.640848423102,0.00328155517746,0.177113668563,0.134250549362,1.91242513208
HL0,136,4,COMPLETED,0.620404634475,0.00324248090393,0.168640178522,0.128250140441,1.91528269725
HL0,136,4,COMPLETED,0.600261404147,0.00326009131251,0.160457539337,0.121384218579,1.9181385166
HL0,136,4,COMPLETED,0.579894070634,0.00332698231112,0.157945749782,0.120589611403,1.92099265076
HL0,136,4,COMPLETED,0.559648326189,0.00339127509819,0.158134664618,0.119667867645,1.92384516001
HL0,136,4,COMPLETED,0.539176755267,0.0033834681277,0.152694768497,0.115341930062,1.92669610436
HL0,136,4,COMPLETED,0.518877502976,0.00348825970568,0.141002895703,0.107302810494,1.9295455435
HL0,136,4,COMPLETED,0.498370843786,0.00347919739382,0.13963649895,0.105211374837,1.93239353686
HL0,136,4,COMPLETED,0.477914656314,0.0035240249957,0.136584167009,0.10245144117,1.93524014359
HL0,136,4,COMPLETED,0.457333695686,0.00351071075941,0.13341551351,0.0999935210436,1.93808542258
HL0,136,4,COMPLETED,0.436937247046,0.00362635879724,0.12615907775,0.0955216766836,1.9409294325
HL0,136,4,COMPLETED,0.416531146041,0.00357809838246,0.122861465007,0.0925010927025,1.94377223176
HL0,136,4,COMPLETED,0.396067273071,0.00367479166542,0.120713039375,0.0897754511986,1.94661387856
HL0,136,4,COMPLETED,0.375501382895,0.00365908264837,0.113189866751,0.0837037864091,1.94945443088
HL0,136,4,COMPLETED,0.355059764092,0.00369334243708,0.108088257777,0.0808610783503,1.9522939465
HL0,136,4,COMPLETED,0.334451439884,0.00378380390243,0.106053268605,0.0791420100873,1.95513248302
HL0,136,4,COMPLETED,0.313904646631,0.00381410543141,0.103856569612,0.0763955358631,1.95797009786
HL0,136,4,COMPLETED,0.293257667248,0.00379193502633,0.0993990991609,0.0723150594654,1.96080684826
HL0,136,4,COMPLETED,0.272677087057,0.00395472374494,0.0894545177371,0.0655933628854,1.96364279131
HL0,136,4,COMPLETED,0.25215772078,0.00391411232634,0.0909550729633,0.0661037472596,1.96647798397
HL0,136,4,COMPLETED,0.231554060416,0.0039735695014,0.0862041947866,0.0622413820289,1.96931248302
HL0,136,4,COMPLETED,0.211095451898,0.00397994359948,0.0812533821169,0.0586028251247,1.97214634516
HL0,136,4,COMPLETED,0.190373861786,0.00407231363718,0.0752341554822,0.0544074944245,1.97497962695
HL0,136,4,COMPLETED,0.169872911666,0.00424842915522,0.0745902468525,0.0529695970897,1.97781238484
HL0,136,4,COMPLETED,0.149120588399,0.00415514499633,0.071611002743,0.0502546583411,1.98064467521
HL0,136,4,COMPLETED,0.128480664887,0.00425578797945,0.0642867945168,0.0453875115529,1.98347655433
HL0,136,4,COMPLETED,0.107893843746,0.00423883675921,0.0650825161292,0.0458792589914,1.9863080784
HL0,136,4,COMPLETED,0.0872313245382,0.0043723189496,0.0603537443257,0.0418519068148,1.98913930356
HL0,136,4,COMPLETED,0.0667537183657,0.00420340638023,0.0543227276815,0.0371996978734,1.9919702859
HL0,136,4,COMPLETED,0.0459563790467,0.004461252374,0.0514044934321,0.0353235603233,1.99480108145
HL0,136,4,COMPLETED,0.0253538664816,0.00435527354131,0.0510939997676,0.0351784916721,1.99763174622
HL0,136,4,COMPLETED,0.00849001240206,0.00449222531146,0.0474214499239,0.0327752940333,2
HL1q,68,4,COMPLETED,0,0,0.0013625849643,0.00108582158143,0
HL1q,68,4,COMPLETED,8.79622607687e-06,5.38303775324e-11,0.00136258369625,0.00108582027584,1.2e-06
HL1q,68,4,COMPLETED,1.93516973747e-05,2.08064213277e-10,0.00136258314931,0.00108581872987,2.64e-06
HL1q,68,4,COMPLETED,3.20182629458e-05,5.22222098812e-10,0.00136258389659,0.0010858169046,4.368e-06
HL1q,68,4,COMPLETED,4.72181416591e-05,1.08508249989e-09,0.00136258681448,0.0010858147573,6.4416e-06
HL1q,68,4,COMPLETED,6.54579960847e-05,2.02808319455e-09,0.00136259322636,0.0010858122425,8.92992e-06
HL1q,68,4,COMPLETED,8.7345604074e-05,3.32768015447e-09,0.00136260511151,0.00108580931395,1.1915904e-05
HL1q,68,4,COMPLETED,0.000113609947285,4.65563304205e-09,0.00136262540829,0.00108580592817,1.54990848e-05
HL1q,68,4,COMPLETED,0.000145125148952,5.03784284006e-09,0.0013626584537,0.00108592984734,1.979890176e-05
HL1q,68,4,COMPLETED,0.000182938845192,2.1009536528e-09,0.00136271061953,0.00108628271442,2.4958682112e-05
HL1q,68,4,COMPLETED,0.000228308268116,6.77979027778e-09,0.00136279123223,0.00108683348901,3.11504185344e-05
HL1q,68,4,COMPLETED,0.000282741312593,2.5315338519e-08,0.0013629139017,0.00108749503636,3.85805022413e-05
HL1q,68,4,COMPLETED,0.000348046161232,5.89298990877e-08,0.00136309843863,0.00108828978316,4.74966026895e-05
HL1q,68,4,COMPLETED,0.000426390244978,1.16059866581e-07,0.00136337361864,0.0010892447614,5.81959232274e-05
HL1q,68,4,COMPLETED,0.000520371276519,2.09370103061e-07,0.0013637811623,0.00109039258231,7.10351078729e-05
HL1q,68,4,COMPLETED,0.000633102609752,3.57005264259e-07,0.00136438145812,0.00109177262861,8.64421294475e-05
HL1q,68,4,COMPLETED,0.000768313986391,5.85648414615e-07,0.00136526177733,0.00109343251885,0.000104930555337
HL1q,68,4,COMPLETED,0.000930472264214,9.34175401982e-07,0.0013665480374,0.00109542991348,0.000127116666404
HL1q,68,4,COMPLETED,0.00112492470363,1.45936347406e-06,0.00136842159279,0.00109836704625,0.000153739999685
HL1q,68,4,COMPLETED,0.00135808181181,2.23146204416e-06,0.00137114309238,0.00110267037366,0.000185687999622
HL1q,68,4,COMPLETED,0.00163772599455,3.23909380283e-06,0.00137508615935,0.00110871506931,0.000224025599547
HL1q,68,4,COMPLETED,0.0019732336794,4.4226127126e-06,0.00138078450108,0.00111668433514,0.000270030719456
HL1q,68,4,COMPLETED,0.00237578987385,5.76499966046e-06,0.00138899693863,0.00112749095777,0.000325236863347
HL1q,68,4,COMPLETED,0.0028587808274,7.26413269074e-06,0.00140079548567,0.00114132337738,0.000391484236017
HL1q,68,4,COMPLETED,0.00343825962053,8.90280286808e-06,0.00141768142942,0.00116189977463,0.00047098108322
HL1q,68,4,COMPLETED,0.00413348482424,1.06294597402e-05,0.00144173240824,0.0011878738059,0.000566377299864
HL1q,68,4,COMPLETED,0.00496764817697,1.22490525897e-05,0.0014757784197,0.00122081190642,0.000680852759837
HL1q,68,4,COMPLETED,0.00596852948714,1.35034980829e-05,0.00152359556738,0.00126370838373,0.000818223311805
HL1q,68,4,COMPLETED,0.00716942375504,1.40171378671e-05,0.00159009429988,0.00131928711644,0.000983067974166
HL1q,68,4,COMPLETED,0.00861026479399,1.32059660925e-05,0.0016814698803,0.00139698534051,0.001180881569
HL1q,68,4,COMPLETED,0.0103389447942,1.0176802865e-05,0.00181032393893,0.00149780002195,0.0014182578828
HL1q,68,4,COMPLETED,0.0124116495435,4.82430058581e-06,0.00197698972191,0.0016366431245,0.00170310945936
HL1q,68,4,COMPLETED,0.014893794449,1.43119232123e-06,0.00219626483245,0.00180475431025,0.00204493135123
HL1q,68,4,COMPLETED,0.0178693093013,1.29871396379e-05,0.00247978140963,0.00201668780345,0.00245511762148
HL1q,68,4,COMPLETED,0.0214425767396,1.81528744182e-05,0.00282103537207,0.00228463675584,0.00294734114577
HL1q,68,4,COMPLETED,0.0257336318202,2.41517535352e-05,0.00325124637856,0.00262692786448,0.00353800937493
HL1q,68,4,COMPLETED,0.0308910911639,3.3952637741e-05,0.00380903315691,0.00307543194147,0.00424681124991
HL1q,68,4,COMPLETED,0.0370732552345,4.79093246238e-05,0.0045245557111,0.00369474125888,0.00509737349989
HL1q,68,4,COMPLETED,0.0445167787146,5.2382523096e-05,0.00547800081208,0.00444739820316,0.00611804819987
HL1q,68,4,COMPLETED,0.0534555130885,6.79181286532e-05,0.00650029161995,0.0052723030145,0.00734285783985
HL1q,68,4,COMPLETED,0.0641545018732,9.01324381348e-05,0.00787175876022,0.0063111537704,0.00881262940781
HL1q,68,4,COMPLETED,0.0769844687395,0.000100375090781,0.00923430011113,0.00738141806737,0.0105763552894
HL1q,68,4,COMPLETED,0.0923696261433,0.000120429472584,0.0109176549495,0.00882254859314,0.0126928263473
HL1q,68,4,COMPLETED,0.110827237561,0.000196600057739,0.0132389218561,0.0107486123534,0.0152325916167
HL1q,68,4,COMPLETED,0.133011908234,0.00030813976631,0.0155586429446,0.0128251664095,0.01828030994
HL1q,68,4,COMPLETED,0.159477032798,0.000288946450408,0.0185093506786,0.0152773547599,0.0219375719281
HL1q,68,4,COMPLETED,0.191340489432,0.000519508401964,0.0236091267576,0.0189372117777,0.0263262863137
HL1q,68,4,COMPLETED,0.229616407569,0.0008452946486,0.0289852729428,0.0232480559739,0.0315927435764
HL1q,68,4,COMPLETED,0.270886338919,0.000978266839911,0.0338931323458,0.0271308774746,0.0372633381857
HL1q,68,4,COMPLETED,0.312142928225,0.00122293299766,0.0385721127147,0.0314255816793,0.0429366676891
HL1q,68,4,COMPLETED,0.352542696958,0.00108926276608,0.047532806164,0.0376123603534,0.0486131869673
HL1q,68,4,COMPLETED,0.39423023394,0.00176396853864,0.0523310609307,0.0417808716502,0.0542933531413
HL1q,68,4,COMPLETED,0.434535486506,0.00183280640066,0.0573862282524,0.0463019586926,0.0599776259092
HL1q,68,4,COMPLETED,0.475958661488,0.00219000234526,0.0617432539768,0.049887623518,0.0656664678876
HL1q,68,4,COMPLETED,0.516306034018,0.00222609368525,0.0710865298286,0.0562538005125,0.0713603449594
HL1q,68,4,COMPLETED,0.557258330042,0.00289567618233,0.079150390152,0.062926170605,0.0770597266278
HL1q,68,4,COMPLETED,0.598048982448,0.00295161068232,0.083338105971,0.0665538432792,0.082765086378
HL1q,68,4,COMPLETED,0.639014174871,0.00338306810263,0.0877963818258,0.0705714814936,0.0884769020468
HL1q,68,4,COMPLETED,0.679493355425,0.00358343844763,0.0992926037148,0.0777736400966,0.0941956562008
HL1q,68,4,COMPLETED,0.720061803448,0.00392934375608,0.105277393286,0.0831200819121,0.0999218365258
HL1q,68,4,COMPLETED,0.760222020512,0.00428375402194,0.109498479384,0.0872390505098,0.105655936225
HL1q,68,4,COMPLETED,0.800184430124,0.00444599431955,0.114740685936,0.0918177101572,0.111398454432
HL1q,68,4,COMPLETED,0.839968328813,0.00473657768396,0.125122698837,0.0986315254903,0.117149896631
HL1q,68,4,COMPLETED,0.879951784329,0.00495968468613,0.134940137754,0.104785890261,0.122910775099
HL1q,68,4,COMPLETED,0.92011594377,0.00534162570367,0.137069215217,0.108228694278,0.128681609352
HL1q,68,4,COMPLETED,0.960098980267,0.00563234515154,0.144204491561,0.113745764627,0.134462926622
HL1q,68,4,COMPLETED,0.999625833976,0.0058447943386,0.146518823228,0.116162911372,0.140255262333
HL1q,68,4,COMPLETED,1.03858540244,0.00615945196778,0.166181076473,0.128803507865,0.146059160615
HL1q,68,4,COMPLETED,1.07693737451,0.00643789792308,0.16784230992,0.129382481419,0.151875174822
HL1q,68,4,COMPLETED,1.11509147423,0.00658265524544,0.177621959892,0.138195565304,0.157703868081
HL1q,68,4,COMPLETED,1.15415950455,0.00722714735457,0.179809376722,0.141058397933,0.163545813862
HL1q,68,4,COMPLETED,1.19283922249,0.00750165854774,0.181726434119,0.143160251726,0.169401596569
HL1q,68,4,COMPLETED,1.23135361736,0.00778470261313,0.186593699612,0.147756725835,0.175271812169
HL1q,68,4,COMPLETED,1.26871552855,0.00818719369086,0.206674948083,0.158890784747,0.181157068833
HL1q,68,4,COMPLETED,1.30579647264,0.00854528576114,0.213660776003,0.164410871174,0.187057987625
HL1q,68,4,COMPLETED,1.34278955746,0.00894826779166,0.211663266141,0.16366186914,0.192975203212
HL1q,68,4,COMPLETED,1.37918252198,0.00932417822297,0.222799550395,0.173572303896,0.198909364617
HL1q,68,4,COMPLETED,1.41616040875,0.00980881179995,0.223141683494,0.173658412144,0.204861136007
HL1q,68,4,COMPLETED,1.45106820858,0.0101985692656,0.226451150196,0.177325133184,0.210831197524
HL1q,68,4,COMPLETED,1.48566723073,0.0105845900081,0.24306746934,0.186131801796,0.216820246159
HL1q,68,4,COMPLETED,1.52081256493,0.0108481343255,0.258287542884,0.19523967099,0.222828996677
HL1q,68,4,COMPLETED,1.55600517379,0.0112598220986,0.256559573431,0.197084383683,0.228858182589
HL1q,68,4,COMPLETED,1.59039920182,0.011782071605,0.263866656368,0.202241856032,0.234908557187
HL1q,68,4,COMPLETED,1.62201812844,0.0122750094983,0.260329211267,0.200122626919,0.24098089463
HL1q,68,4,COMPLETED,1.65401567862,0.0126956911546,0.268963153193,0.210513686415,0.247075991102
HL1q,68,4,COMPLETED,1.68619848469,0.0130405919686,0.265032847404,0.207581050717,0.253194666038
HL1q,68,4,COMPLETED,1.71821120687,0.0132796600282,0.282020505648,0.21532721402,0.259337763424
HL1q,68,4,COMPLETED,1.74706840959,0.0136615483159,0.294621820562,0.222785413764,0.265506153181
HL1q,68,4,COMPLETED,1.77649090232,0.0142009073536,0.295999475194,0.225705138737,0.271700732641
HL1q,68,4,COMPLETED,1.80441298287,0.0144836369286,0.306529729739,0.232591264483,0.277922428106
HL1q,68,4,COMPLETED,1.83149553466,0.0149912692159,0.304707803825,0.232597707032,0.284172196534
HL1q,68,4,COMPLETED,1.85615623936,0.01529968778,0.308071165039,0.236995064158,0.290451027314
HL1q,68,4,COMPLETED,1.88190385761,0.0155608915055,0.301814353359,0.234310320844,0.296759944184
HL1q,68,4,COMPLETED,1.90602624939,0.0158294437961,0.313576472333,0.242637569736,0.303100007271
HL1q,68,4,COMPLETED,1.92547981978,0.0159626994468,0.304105580434,0.237737119596,0.309472315285
HL1q,68,4,COMPLETED,1.94276745358,0.0160240489346,0.328856393959,0.249896235878,0.315878007867
HL1q,68,4,COMPLETED,1.96183136812,0.0160770709919,0.340544094762,0.25795232612,0.322318268117
HL1q,68,4,COMPLETED,1.97985364487,0.0163598522215,0.343092388018,0.258071374255,0.328794325313
HL1q,68,4,COMPLETED,1.99318664048,0.0164332693582,0.341726973157,0.25973181898,0.335307457833
HL1q,68,4,COMPLETED,2.00229627834,0.0163306950303,0.349259785489,0.272272476289,0.341858996316
HL1q,68,4,COMPLETED,2.00785876682,0.0164124247054,0.346520644704,0.268884564811,0.34845032707
HL1q,68,4,COMPLETED,2.01128939431,0.0162549137205,0.336259556126,0.258177934145,0.355082895764
HL1q,68,4,COMPLETED,2.01341652635,0.0161405137034,0.346226326905,0.270345523765,0.361758211422
HL1q,68,4,COMPLETED,2.01530547992,0.0159400910747,0.344147033158,0.276824215912,0.368477850756
HL1q,68,4,COMPLETED,2.01540600663,0.015466742754,0.34389012992,0.275713633735,0.375243462883
HL1q,68,4,COMPLETED,2.01551719962,0.0155171996175,0.357246593138,0.278940040257,0.38205677445
HL1q,68,4,COMPLETED,2.01553838444,0.0155383844428,0.364555182895,0.288077860547,0.388919595224
HL1q,68,4,COMPLETED,2.01555952461,0.0155595246076,0.380863464201,0.304703575538,0.3958338242
HL1q,68,4,COMPLETED,2.01542513983,0.0154251398302,0.379967689155,0.302596394569,0.402801456283
HL1q,68,4,COMPLETED,2.01534514445,0.0153451444473,0.367673491752,0.293650471131,0.409824589606
HL1q,68,4,COMPLETED,2.01523548169,0.0152354816868,0.360010558586,0.287751735329,0.416905433581
HL1q,68,4,COMPLETED,2.01507726209,0.0150772620852,0.388414749529,0.318770787779,0.424046317743
HL1q,68,4,COMPLETED,2.01479534214,0.0147953421413,0.381564024118,0.311898790434,0.43124970152
HL1q,68,4,COMPLETED,2.01430546303,0.0143054630337,0.375112562819,0.308707690219,0.438518185016
HL1q,68,4,COMPLETED,2.0134613981,0.0134613981049,0.358295923969,0.295569338105,0.44585452097
HL1q,68,4,COMPLETED,2.01264851679,0.0126485167932,0.378522737567,0.314001653746,0.453261628023
HL1q,68,4,COMPLETED,2.01157497964,0.0115749796389,0.408965735449,0.33681657946,0.4607426055
HL1q,68,4,COMPLETED,2.01030140012,0.0103014001206,0.411191328963,0.335578602666,0.4683007499
HL1q,68,4,COMPLETED,2.00882363855,0.00882363855099,0.420199485608,0.337066942484,0.475939573353
HL1q,68,4,COMPLETED,2.0077165846,0.00771658459928,0.452602569493,0.354379008107,0.48366282434
HL1q,68,4,COMPLETED,2.00632606201,0.00632606200903,0.509169921251,0.396172857991,0.491474511023
HL1q,68,4,COMPLETED,2.00491524078,0.00491524078018,0.531316377275,0.402600102333,0.499378927583
HL1q,68,4,COMPLETED,2.00362688598,0.00362688597566,0.544904649093,0.413311883126,0.507380684088
HL1q,68,4,COMPLETED,2.00246590472,0.00246590472394,0.566385544089,0.413133010075,0.515484740442
HL1q,68,4,COMPLETED,2.00259852606,0.00259852605699,0.626081712549,0.458394221035,0.523696445155
HL1q,68,4,COMPLETED,2.00199057797,0.00199057797267,0.670684096389,0.476493319193,0.532021579772
HL1q,68,4,COMPLETED,2.00126393731,0.00126393730858,0.658717291853,0.476658641033,0.540466410016
HL1q,68,4,COMPLETED,2.00095210178,0.000952101779008,0.702926086885,0.498907306272,0.549037744919
HL1q,68,4,COMPLETED,2.00070728474,0.000707284736448,0.692282063292,0.494239012742,0.557743005513
HL1q,68,4,COMPLETED,2.00112608999,0.00112608998929,0.68415974505,0.490749990067,0.566590305054
HL1q,68,4,COMPLETED,2.00193327966,0.00193327966399,0.747545580115,0.532888467545,0.575588543211
HL1q,68,4,COMPLETED,2.0027951777,0.00279517769648,0.76989559164,0.549457917036,0.58474751731
HL1q,68,4,COMPLETED,2.00282587708,0.00282587708104,0.767923206578,0.551217914097,0.594078054564
HL1q,68,4,COMPLETED,2.00312803736,0.00312803736047,0.765131531818,0.546511540272,0.603592170319
HL1q,68,4,COMPLETED,2.00423100939,0.00423100938556,0.812592681729,0.578737469033,0.613303258833
HL1q,68,4,COMPLETED,2.00499655992,0.00499655992052,0.765951863233,0.548907508838,0.623226325151
HL1q,68,4,COMPLETED,2.00579366646,0.00579366646419,0.797742846723,0.569000822649,0.633378269377
HL1q,68,4,COMPLETED,2.00709969511,0.00709969510749,0.807806387359,0.577091420424,0.643778238557
HL1q,68,4,COMPLETED,2.00887528317,0.0088752831655,0.824988338875,0.592464352368,0.654448066852
HL1q,68,4,COMPLETED,2.01040879446,0.0104087944575,0.839281644834,0.606691688127,0.665412832559
HL1q,68,4,COMPLETED,2.01088631977,0.01088631977,0.843131838954,0.618952204009,0.676701572159
HL1q,68,4,COMPLETED,2.01173935335,0.0117393533514,0.810828470284,0.59846706545,0.688348208856
HL1q,68,4,COMPLETED,2.01277101478,0.0127710147829,0.857659930518,0.621210647926,0.700392779698
HL1q,68,4,COMPLETED,2.01427921206,0.014279212058,0.862808080948,0.619344752206,0.712883087078
HL1q,68,4,COMPLETED,2.01594833547,0.0159483354732,0.845509304381,0.61255719149,0.725876968096
HL1q,68,4,COMPLETED,2.01713819166,0.0171381916639,0.824937794204,0.602284570323,0.739445488374
HL1q,68,4,COMPLETED,2.01848663196,0.0184866319573,0.825889566134,0.608939368599,0.753677563755
HL1q,68,4,COMPLETED,2.01947896008,0.0194789600767,0.858861995924,0.627620389117,0.768686871083
HL1q,68,4,COMPLETED,2.02031632104,0.0203163210394,0.853084782346,0.620750290737,0.784622594979
HL1q,68,4,COMPLETED,2.02174622274,0.0217462227351,0.83588702949,0.616646519832,0.801686957182
HL1q,68,4,COMPLETED,2.02278126929,0.0227812692887,0.845698987492,0.623501113445,0.820165561517
HL1q,68,4,COMPLETED,2.02370827845,0.0237082784536,0.834633288431,0.622177391324,0.840484087342
HL1q,68,4,COMPLETED,2.02491981616,0.0249198161614,0.83839202379,0.622492700616,0.863325539579
HL1q,68,4,COMPLETED,2.02557935978,0.0255793597803,0.832346645417,0.610307620255,0.889909988966
HL1q,68,4,COMPLETED,2.02621315158,0.0262131515759,0.779641062768,0.576283613618,0.921811328232
HL1q,68,4,COMPLETED,2.02640795743,0.0264079574334,0.766687524786,0.567500593209,0.96009293535
HL1q,68,4,COMPLETED,2.02604121368,0.0260412136806,0.722853572936,0.536786378499,1.00603086389
HL1q,68,4,COMPLETED,2.02535067182,0.0253506718201,0.656964193512,0.490110785613,1.06115637814
HL1q,68,4,COMPLETED,2.02453242349,0.0245324234936,0.561250232121,0.430684336837,1.12020369247
HL1q,68,4,COMPLETED,2.02380250954,0.0238025095383,0.537190587689,0.414243751685,1.15037815366
HL1q,68,4,COMPLETED,2.02354068783,0.0235406878314,0.507898074655,0.390932402528,1.17457926048
HL1q,68,4,COMPLETED,2.02322638317,0.0232263831713,0.486446616148,0.374723003921,1.1954933056
HL1q,68,4,COMPLETED,2.02290786718,0.0229078671834,0.451428642117,0.344899402334,1.2142298268
HL1q,68,4,COMPLETED,2.02287950073,0.0228795007276,0.447092567016,0.340533935868,1.23138209422
HL1q,68,4,COMPLETED,2.02232375564,0.02232375564,0.421252669025,0.319078487633,1.24731327926
HL1q,68,4,COMPLETED,2.02199134409,0.0219913440933,0.421208712109,0.315901211322,1.26226549064
HL1q,68,4,COMPLETED,2.02149223065,0.0214922306478,0.412175346041,0.306565516547,1.27640997988
HL1q,68,4,COMPLETED,2.02080210075,0.0208021007532,0.39477258759,0.291045134828,1.28987329494
HL1q,68,4,COMPLETED,2.02021416965,0.0202141696458,0.391512824535,0.2885832462,1.30275215611
HL1q,68,4,COMPLETED,2.01984309871,0.0198430987112,0.374589119812,0.275046658621,1.31512249636
HL1q,68,4,COMPLETED,2.01934783661,0.0193478366147,0.374339321062,0.276170665378,1.32704524763
HL1q,68,4,COMPLETED,2.01920853349,0.0192085334941,0.366379431081,0.269680795629,1.33857020243
HL1q,68,4,COMPLETED,2.01906510117,0.0190651011746,0.363132154456,0.267361761314,1.34973868124
HL1q,68,4,COMPLETED,2.01901934365,0.0190193436466,0.364698704365,0.27070233373,1.36058542921
HL1q,68,4,COMPLETED,2.0189720079,0.018972007902,0.353931562237,0.263759962299,1.37113999835
HL1q,68,4,COMPLETED,2.01941453173,0.0194145317272,0.354760800811,0.264632881979,1.38142777662
HL1q,68,4,COMPLETED,2.01917733221,0.019177332208,0.352893923537,0.2677745182,1.39147076824
HL1q,68,4,COMPLETED,2.01883688829,0.018836888292,0.363612370987,0.273033507689,1.40128819536
HL1q,68,4,COMPLETED,2.01722293741,0.0172229374119,0.352799820971,0.267821772091,1.41089696848
HL1q,68,4,COMPLETED,2.01280549909,0.0128054990883,0.351718139534,0.272016743871,1.42031205931
HL1q,68,4,COMPLETED,2.01452017696,0.0145201769551,0.353677060845,0.276066061931,1.42954679949
HL1q,68,4,COMPLETED,2.0127752044,0.0127752043956,0.34095035933,0.267644688762,1.43861312267
HL1q,68,4,COMPLETED,2.01044927858,0.0104492785753,0.359320653241,0.281599571124,1.44752176243
HL1q,68,4,COMPLETED,2.00705538112,0.00705538112063,0.374937291753,0.295480880133,1.45628241556
HL1q,68,4,COMPLETED,2.00401859814,0.00401859814374,0.38382832078,0.29990180161,1.46490387785
HL1q,68,4,COMPLETED,2.0019834845,0.00198348450303,0.385463335424,0.304993277046,1.47339415781
HL1q,68,4,COMPLETED,1.99959945854,0.000400541464241,0.397346497988,0.315086355585,1.48176057261
HL1q,68,4,COMPLETED,1.99451300006,0.00548699994141,0.411633132082,0.323591527246,1.49000982949
HL1q,68,4,COMPLETED,1.99415646137,0.00584353862901,0.411177813564,0.323847549252,1.49814809524
HL1q,68,4,COMPLETED,1.98971546096,0.0102845390384,0.399544372369,0.313984997093,1.50618105583
HL1q,68,4,COMPLETED,1.98558945848,0.0144105415244,0.39874890753,0.314549256658,1.51411396791
HL1q,68,4,COMPLETED,1.98317622131,0.0168237786895,0.400058874377,0.314035957921,1.52195170337
HL1q,68,4,COMPLETED,1.97705752977,0.0229424702288,0.386024767564,0.30092662891,1.52969878816
HL1q,68,4,COMPLETED,1.97703589339,0.0229641066115,0.373943171819,0.296329256339,1.53735943624
HL1q,68,4,COMPLETED,1.97229084961,0.0277091503922,0.371755317822,0.29619700062,1.54493757938
HL1q,68,4,COMPLETED,1.97135335735,0.0286466426499,0.365318274434,0.290215656495,1.55243689336
HL1q,68,4,COMPLETED,1.9689678768,0.0310321231976,0.371889415456,0.297122323604,1.55986082123
HL1q,68,4,COMPLETED,1.96743958956,0.0325604104362,0.359921592163,0.286383378928,1.56721259383
HL1q,68,4,COMPLETED,1.96525605716,0.0347439428403,0.359659223774,0.286013299358,1.57449524813
HL1q,68,4,COMPLETED,1.9625524648,0.0374475352016,0.358722786309,0.287410063509,1.58171164355
HL1q,68,4,COMPLETED,1.95994288065,0.0400571193515,0.350970238953,0.277803354672,1.58886447659
HL1q,68,4,COMPLETED,1.95779174171,0.042208258295,0.357354164045,0.27955493563,1.59595629395
HL1q,68,4,COMPLETED,1.95708044893,0.0429195510743,0.338672939271,0.262470095391,1.60298950433
HL1q,68,4,COMPLETED,1.95377961184,0.0462203881556,0.328272237752,0.257347126564,1.6099663891
HL1q,68,4,COMPLETED,1.95257334115,0.0474266588547,0.316315695424,0.246106625953,1.61688911186
HL1q,68,4,COMPLETED,1.95166774073,0.0483322592662,0.299302335675,0.233185128094,1.62375972726
HL1q,68,4,COMPLETED,1.94921548718,0.0507845128237,0.293253435373,0.229858323737,1.63058018883
HL1q,68,4,COMPLETED,1.94906576713,0.0508302984768,0.287351003279,0.226845278286,1.63735235622
HL1q,68,4,COMPLETED,1.94818052315,0.0508034428239,0.26767213876,0.213468859936,1.64407800179
HL1q,68,4,COMPLETED,1.94444032714,0.0521268605748,0.26799201134,0.210711178239,1.65075881658
HL1q,68,4,COMPLETED,1.94146116088,0.0527819938872,0.280973812806,0.217930833308,1.65739641581
HL1q,68,4,COMPLETED,1.93720045246,0.0530210260548,0.27994485338,0.218773531572,1.66399234392
HL1q,68,4,COMPLETED,1.93085287886,0.0531500512571,0.273703451388,0.213578751801,1.67054807919
HL1q,68,4,COMPLETED,1.92034819402,0.0545898922949,0.264227675004,0.206568792077,1.67706503799
HL1q,68,4,COMPLETED,1.90847770433,0.0547330006809,0.253699014101,0.196693890877,1.68354457871
HL1q,68,4,COMPLETED,1.89309035392,0.0545282197832,0.252580055029,0.197629712343,1.68998800538
HL1q,68,4,COMPLETED,1.87529431791,0.054727197986,0.248694571053,0.196120818089,1.69639657097
HL1q,68,4,COMPLETED,1.85836611594,0.0544047569713,0.243170070195,0.193552058076,1.70277148055
HL1q,68,4,COMPLETED,1.83933043337,0.0538794740689,0.231554471673,0.184213408616,1.70911389409
HL1q,68,4,COMPLETED,1.82140564498,0.0534251289279,0.229620873985,0.183535863886,1.71542492919
HL1q,68,4,COMPLETED,1.80186904406,0.0532084964943,0.242001986755,0.188672786475,1.72170566347
HL1q,68,4,COMPLETED,1.78254802006,0.0528346728825,0.229704352737,0.176556206663,1.72795713696
HL1q,68,4,COMPLETED,1.7618101518,0.0527709204032,0.221324446,0.170387942304,1.73418035418
HL1q,68,4,COMPLETED,1.73927531588,0.052740059744,0.210711678256,0.163747325953,1.74037628616
HL1q,68,4,COMPLETED,1.71477834431,0.0524872902182,0.206793726009,0.161881972856,1.74654587232
HL1q,68,4,COMPLETED,1.6902525262,0.0514609842572,0.199139880506,0.160126455943,1.75269002221
HL1q,68,4,COMPLETED,1.66533996012,0.0509350825927,0.201301800916,0.160508668252,1.75880961714
HL1q,68,4,COMPLETED,1.64092028312,0.0504004572292,0.194716705452,0.15531280099,1.76490551172
HL1q,68,4,COMPLETED,1.61336248378,0.0497647994194,0.198180394823,0.156800317685,1.77097853532
HL1q,68,4,COMPLETED,1.58350549467,0.0496214869281,0.193680749034,0.151109355295,1.77702949338
HL1q,68,4,COMPLETED,1.5526936937,0.0496528706901,0.195907168515,0.151354194918,1.78305916871
HL1q,68,4,COMPLETED,1.51958144854,0.0493071864028,0.180268929831,0.142657603314,1.78906832271
HL1q,68,4,COMPLETED,1.48587938459,0.0486370382706,0.182131737383,0.142257307975,1.79505769646
HL1q,68,4,COMPLETED,1.45284442414,0.0480185248062,0.17872080157,0.140789489355,1.8010280118
HL1q,68,4,COMPLETED,1.41795222994,0.0476244375563,0.183435690189,0.145604771915,1.80697997234
HL1q,68,4,COMPLETED,1.38299954245,0.0469318924871,0.176352920796,0.137446295384,1.81291426445
HL1q,68,4,COMPLETED,1.3474647307,0.0465520490092,0.178364666985,0.138923998936,1.81883155808
HL1q,68,4,COMPLETED,1.31452726103,0.0436321064979,1.5967666444,0.425115403241,1.82473250771
HL1q,68,4,COMPLETED,1.27438727887,0.0464881486282,1.52478489813,0.411553163513,1.83061775309
HL1q,68,4,COMPLETED,1.23661266791,0.0457350745666,1.45077558149,0.402860725753,1.83648792006
HL1q,68,4,COMPLETED,1.19865568319,0.0453354436139,1.7246991391,0.527222654267,1.84234362127
HL1q,68,4,COMPLETED,1.1615730279,0.0451141128916,1.65352059793,0.504913283259,1.84818545685
HL1q,68,4,COMPLETED,1.12406825343,0.0442764615476,1.5915675554,0.499683199097,1.85401401513
HL1q,68,4,COMPLETED,1.08606975269,0.0440833159926,1.52258999354,0.486782580885,1.85982987326
HL1q,68,4,COMPLETED,1.04749520668,0.0440710611066,1.45934278187,0.466797872868,1.86563359778
HL1q,68,4,COMPLETED,1.00847053726,0.043255102701,1.40470534209,0.462553159717,1.87142574526
HL1q,68,4,COMPLETED,0.969504343708,0.0428818012241,1.35427915645,0.452558026856,1.87720686282
HL1q,68,4,COMPLETED,0.934179377925,0.0398169907938,3.75570855058,1.09410684509,1.88297748871
HL1q,68,4,COMPLETED,0.89451265033,0.0390741268205,3.70831725464,1.16504024337,1.88873815275
HL1q,68,4,COMPLETED,0.85212781778,0.0418276451638,3.65322787428,1.14632550072,1.8944893769
HL1q,68,4,COMPLETED,0.812495296426,0.0413830137373,3.59379930192,1.16247415245,1.9002316757
HL1q,68,4,COMPLETED,0.772234136219,0.0409262691582,3.60008623519,1.22608533808,1.90596555675
HL1q,68,4,COMPLETED,0.733215143749,0.0411359997091,3.57200824046,1.21785323201,1.91169152113
HL1q,68,4,COMPLETED,0.692713661946,0.0403620205506,3.51972628427,1.19178008957,1.91741006386
HL1q,68,4,COMPLETED,0.655708250548,0.0367140432788,3.43073830648,1.23304060232,1.9231216743
HL1q,68,4,COMPLETED,0.61590976132,0.03669314722,3.51442632327,1.37678250266,1.92882683653
HL1q,68,4,COMPLETED,0.575696976667,0.036013976796,3.97759315305,1.59985961893,1.93452602982
HL1q,68,4,COMPLETED,0.532036053993,0.0385461862772,2.93389689801,1.32611281818,1.94021972894
HL1q,68,4,COMPLETED,0.491717032369,0.0382766869761,2.85164161433,1.32901266336,1.94590840455
HL1q,68,4,COMPLETED,0.451275073664,0.0385747074461,2.75721867822,1.30851393445,1.9515925236
HL1q,68,4,COMPLETED,0.410146234325,0.0373402297029,2.65214861856,1.27566343452,1.95727254965
HL1q,68,4,COMPLETED,0.370518776126,0.0372096277442,2.56986798133,1.2561027928,1.96294894322
HL1q,68,4,COMPLETED,0.329548989178,0.036650655569,2.43549824609,1.16363011172,1.96862216219
HL1q,68,4,COMPLETED,0.28834637986,0.0359807026203,2.3527778524,1.14328958227,1.97429266205
HL1q,68,4,COMPLETED,0.248315833642,0.0360028648342,2.28933810755,1.12598394622,1.97996089631
HL1q,68,4,COMPLETED,0.207882011538,0.0355466477465,2.32833187545,1.21262892199,1.9856273168
HL1q,68,4,COMPLETED,0.167321071847,0.0346570940455,2.25498733853,1.19702803272,1.99129237399
HL1q,68,4,COMPLETED,0.1278252337,0.0341776842169,2.18641674726,1.17266503455,1.99695651732
HL1q,68,4,COMPLETED,0.10807367187,0.034505315985,2.16481044706,1.17013565614,2
HL1q,96,4,COMPLETED,0,0,0.000702642606566,0.00056412058902,0
HL1q,96,4,COMPLETED,8.72578624649e-06,3.1197407745e-11,0.000702642479465,0.000564119905152,1.2e-06
HL1q,96,4,COMPLETED,1.91967297457e-05,1.30460121755e-10,0.000702644238413,0.000564119090563,2.64e-06
HL1q,96,4,COMPLETED,3.17618619514e-05,3.38605549295e-10,0.000702649101621,0.00056411812177,4.368e-06
HL1q,96,4,COMPLETED,4.68400206087e-05,7.16582310731e-10,0.000702658900901,0.000564237561886,6.4416e-06
HL1q,96,4,COMPLETED,6.49338110152e-05,1.35476703263e-09,0.000702676367068,0.000564406536994,8.92992e-06
HL1q,96,4,COMPLETED,8.66463595334e-05,2.38642988923e-09,0.000702705543846,0.000564609357525,1.1915904e-05
HL1q,96,4,COMPLETED,0.000112701417806,4.00723771365e-09,0.000702752387295,0.000564852814763,1.54990848e-05
HL1q,96,4,COMPLETED,0.00014396748782,6.50345640042e-09,0.000702825632704,0.000565145068033,1.979890176e-05
HL1q,96,4,COMPLETED,0.000181486771984,1.02927186643e-08,0.000702938046682,0.000565495922627,2.4958682112e-05
HL1q,96,4,COMPLETED,0.000226509913232,1.59829085636e-08,0.000703108233226,0.00056591716522,3.11504185344e-05
HL1q,96,4,COMPLETED,0.000280537683161,2.4457166387e-08,0.000703363234989,0.00056642296913,3.85805022413e-05
HL1q,96,4,COMPLETED,0.000345371007813,3.69965689631e-08,0.000703742273293,0.000567346273486,4.74966026895e-05
HL1q,96,4,COMPLETED,0.000423170998659,5.54570920585e-08,0.000704302113249,0.000568777359647,5.81959232274e-05
HL1q,96,4,COMPLETED,0.000516530989847,8.25248242464e-08,0.000705124737013,0.000570495965527,7.10351078729e-05
HL1q,96,4,COMPLETED,0.000628562983007,1.22083935575e-07,0.000706328272777,0.000572576780895,8.64421294475e-05
HL1q,96,4,COMPLETED,0.000763001381223,1.79747120136e-07,0.000708082470635,0.000575118190146,0.000104930555337
HL1q,96,4,COMPLETED,0.000924327470147,2.63620146269e-07,0.00071063043665,0.00057885799507,0.000127116666404
HL1q,96,4,COMPLETED,0.00111791879592,3.85403713949e-07,0.000714318797402,0.000583827924046,0.000153739999685
HL1q,96,4,COMPLETED,0.00135022841971,5.61981335007e-07,0.000719638860736,0.000590515623493,0.000185687999622
HL1q,96,4,COMPLETED,0.00162899995648,8.17639108322e-07,0.000727281424803,0.000599321040343,0.000224025599547
HL1q,96,4,COMPLETED,0.00196346814331,1.12979990163e-06,0.000738207226707,0.00061157116842,0.000270030719456
HL1q,96,4,COMPLETED,0.00236465550302,1.42067620304e-06,0.00075373295948,0.000626660763095,0.000325236863347
HL1q,96,4,COMPLETED,0.00284574793216,1.56798366331e-06,0.000775628658873,0.000646295348887,0.000391484236017
HL1q,96,4,COMPLETED,0.00342263007376,1.50410575383e-06,0.000806216112498,0.000671285132648,0.00047098108322
HL1q,96,4,COMPLETED,0.00411451908069,1.32877531582e-06,0.000848451834291,0.000705348190529,0.000566377299864
HL1q,96,4,COMPLETED,0.0049445468604,1.26944189522e-06,0.000905977271939,0.000750379019101,0.000680852759837
HL1q,96,4,COMPLETED,0.00594031363514,1.48053502714e-06,0.000983130036437,0.000807939272759,0.000818223311805
HL1q,96,4,COMPLETED,0.00713656752894,8.66759895773e-07,0.00108493483869,0.000887474045709,0.000983067974166
HL1q,96,4,COMPLETED,0.00857392065344,1.01029414055e-06,0.00121726571072,0.000991179249893,0.001180881569
HL1q,96,4,COMPLETED,0.010300525343,3.77725343572e-06,0.00139109502123,0.00113022560888,0.0014182578828
HL1q,96,4,COMPLETED,0.0123746207207,6.94746985429e-06,0.00160842555919,0.00130236300634,0.00170310945936
HL1q,96,4,COMPLETED,0.0148624738278,8.10176585922e-06,0.00187523178858,0.00152163608929,0.00204493135123
HL1q,96,4,COMPLETED,0.0178479792953,1.03396829455e-05,0.00221358014291,0.00179607371345,0.00245511762148
HL1q,96,4,COMPLETED,0.0214323146567,1.30934523938e-05,0.00261979211416,0.00212549309196,0.00294734114577
HL1q,96,4,COMPLETED,0.0257390850782,1.48501775898e-05,0.00315176111117,0.00256781687224,0.00353800937493
HL1q,96,4,COMPLETED,0.0309135702562,1.05551423105e-05,0.00374635652176,0.00305577148338,0.00424681124991
HL1q,96,4,COMPLETED,0.0371151329855,2.17013462618e-06,0.0044702216656,0.00364957973515,0.00509737349989
HL1q,96,4,COMPLETED,0.044556878539,1.48277213952e-05,0.0052897717245,0.00431523245548,0.00611804819987
HL1q,96,4,COMPLETED,0.0534719797804,2.21276443506e-05,0.00629773245481,0.00513823021087,0.00734285783985
HL1q,96,4,COMPLETED,0.0641625806164,4.3144641691e-05,0.00749634993727,0.00612748484485,0.00881262940781
HL1q,96,4,COMPLETED,0.0769992674535,6.96952284651e-05,0.00898144043942,0.00733509344932,0.0105763552894
HL1q,96,4,COMPLETED,0.0924117249559,0.00010426319233,0.0111024618109,0.0091232585939,0.0126928263473
HL1q,96,4,COMPLETED,0.110889637863,0.000159938321169,0.0135891346037,0.011016528405,0.0152325916167
HL1q,96,4,COMPLETED,0.133019433734,0.000233726260289,0.0163570632646,0.0132716988808,0.01828030994
HL1q,96,4,COMPLETED,0.15955093286,0.000440225906485,0.0200634002934,0.016254407224,0.0219375719281
HL1q,96,4,COMPLETED,0.188604724584,0.000256816395513,0.0231562636678,0.0188275310409,0.0259514795479
HL1q,96,4,COMPLETED,0.218004011616,0.000626594779253,0.0281297695966,0.0224392501066,0.0299663396097
HL1q,96,4,COMPLETED,0.247100909122,0.000487995636561,0.0323616715794,0.0261108034997,0.0339823125347
HL1q,96,4,COMPLETED,0.276390601028,0.000844633822147,0.0364816058182,0.0294461725632,0.0379995591341
HL1q,96,4,COMPLETED,0.305225018426,0.00105595356919,0.0396571674558,0.032208332496,0.0420182406675
HL1q,96,4,COMPLETED,0.334529478638,0.00111195863333,0.045241336208,0.0360283527461,0.0460385189016
HL1q,96,4,COMPLETED,0.363474703239,0.00118680132089,0.0506631590661,0.0405783639638,0.0500605561701
HL1q,96,4,COMPLETED,0.392514282391,0.00128736530101,0.0532123163177,0.0430475851928,0.054084515433
HL1q,96,4,COMPLETED,0.421615586416,0.00150475722442,0.059259815513,0.0476254675171,0.0581105603374
HL1q,96,4,COMPLETED,0.45064881049,0.00176820850957,0.0654754669207,0.0520144214364,0.0621388552789
HL1q,96,4,COMPLETED,0.479775619067,0.00183766004768,0.0689375180057,0.0547400557777,0.0661695654633
HL1q,96,4,COMPLETED,0.50876954184,0.00191617221365,0.0715975699018,0.0574798903259,0.0702028569697
HL1q,96,4,COMPLETED,0.53760667428,0.0020883594049,0.0788948950753,0.0631070221306,0.0742388968139
HL1q,96,4,COMPLETED,0.566407304545,0.00216293441,0.084973306721,0.0675112061505,0.0782778530132
HL1q,96,4,COMPLETED,0.595128484354,0.00246226572542,0.0871965081133,0.0695501870941,0.0823198946523
HL1q,96,4,COMPLETED,0.6237331723,0.00263992766172,0.0932928469821,0.0748976258502,0.0863651919499
HL1q,96,4,COMPLETED,0.65264515274,0.00268593861128,0.0947819521443,0.0760564613603,0.0904139163265
HL1q,96,4,COMPLETED,0.681443786761,0.00274775459006,0.103467833678,0.081911769548,0.0944662404742
HL1q,96,4,COMPLETED,0.710241579839,0.00298005836012,0.108669922981,0.0862815787998,0.0985223384268
HL1q,96,4,COMPLETED,0.738539021096,0.00298606406797,0.112556301091,0.0903005951958,0.102582385632
HL1q,96,4,COMPLETED,0.767318814112,0.0033689087396,0.117556192275,0.0944572355033,0.106646559024
HL1q,96,4,COMPLETED,0.795486397564,0.00327759882997,0.125236271575,0.0986104185116,0.110715037102
HL1q,96,4,COMPLETED,0.823988916008,0.00357043968311,0.129181541462,0.101689854378,0.114788000002
HL1q,96,4,COMPLETED,0.852188604978,0.00367250524082,0.134116607173,0.106377138313,0.118865629579
HL1q,96,4,COMPLETED,0.880530831752,0.00395370173522,0.137165533803,0.10912323335,0.122948109487
HL1q,96,4,COMPLETED,0.908844028814,0.00404212676647,0.140066319288,0.112223620231,0.127035625261
HL1q,96,4,COMPLETED,0.937058695456,0.0042250083878,0.152744378992,0.118667938685,0.1311283644
HL1q,96,4,COMPLETED,0.964970673227,0.00445321856443,0.158992798707,0.124252434047,0.135226516458
HL1q,96,4,COMPLETED,0.99285259505,0.00461119634275,0.160947933757,0.126226071875,0.13933027313
HL1q,96,4,COMPLETED,1.02024700052,0.00479318322531,0.159800663067,0.125809325155,0.143439828343
HL1q,96,4,COMPLETED,1.04799897196,0.00489503157126,0.166461532793,0.13249651868,0.147555378355
HL1q,96,4,COMPLETED,1.07575347416,0.00506696802379,0.181620389735,0.14070698313,0.151677121846
HL1q,96,4,COMPLETED,1.10324098803,0.00509737762495,0.185068136346,0.143304036711,0.155805260022
HL1q,96,4,COMPLETED,1.13095157176,0.00543374195184,0.192138440224,0.148538491249,0.159939996717
HL1q,96,4,COMPLETED,1.15806294957,0.00559808803972,0.192896918906,0.15010188481,0.164081538499
HL1q,96,4,COMPLETED,1.18502184292,0.00580315473965,0.192040900079,0.150144577656,0.168230094779
HL1q,96,4,COMPLETED,1.21182022066,0.00592044779349,0.203266971682,0.156611353005,0.172385877925
HL1q,96,4,COMPLETED,1.23885497197,0.00609875597824,0.214880150788,0.164801078916,0.17654910338
HL1q,96,4,COMPLETED,1.265809954,0.00629044622498,0.219134329286,0.167834408132,0.180719989778
HL1q,96,4,COMPLETED,1.29212090269,0.00630479128538,0.221903209524,0.170850123965,0.184898759076
HL1q,96,4,COMPLETED,1.31828337349,0.00664455293893,0.223201488366,0.172618059169,0.189085636677
HL1q,96,4,COMPLETED,1.34459987247,0.00675081252306,0.223839939694,0.173994304244,0.193280851567
HL1q,96,4,COMPLETED,1.3707826091,0.0069618487449,0.231474316954,0.177962298848,0.197484636452
HL1q,96,4,COMPLETED,1.39685710209,0.00704229368318,0.247834878509,0.187013313028,0.201697227905
HL1q,96,4,COMPLETED,1.42251410265,0.00717382290137,0.249534473538,0.190301340414,0.205918866511
HL1q,96,4,COMPLETED,1.44753434844,0.00738818828466,0.255262195835,0.194489542891,0.210149797022
HL1q,96,4,COMPLETED,1.47232064483,0.0076017431071,0.252420285841,0.194313699232,0.214390268523
HL1q,96,4,COMPLETED,1.497227732,0.00775982461848,0.255733671881,0.197351422999,0.21864053459
HL1q,96,4,COMPLETED,1.52266622359,0.00787577392715,0.263187893604,0.203548739877,0.222900853473
HL1q,96,4,COMPLETED,1.54671332865,0.00787476198136,0.272734415972,0.209424788804,0.227171488268
HL1q,96,4,COMPLETED,1.57049854151,0.00821507863175,0.280092835985,0.212760663803,0.23145270711
HL1q,96,4,COMPLETED,1.59433462654,0.00834286889689,0.285877592864,0.217831283468,0.235744783367
HL1q,96,4,COMPLETED,1.61799524444,0.00855856775079,0.288498975586,0.22231571453,0.240047995844
HL1q,96,4,COMPLETED,1.64111817198,0.00879157581512,0.291017741112,0.222708100727,0.244362628993
HL1q,96,4,COMPLETED,1.66359389397,0.00891468406318,0.291472296751,0.225707921005,0.248688973139
HL1q,96,4,COMPLETED,1.68621863217,0.0091452082677,0.292298369519,0.229493420106,0.253027324705
HL1q,96,4,COMPLETED,1.70858158589,0.0093458870191,0.294533761967,0.230667748978,0.257377986459
HL1q,96,4,COMPLETED,1.72956316078,0.00929910998663,0.318233680074,0.245547996524,0.261741267762
HL1q,96,4,COMPLETED,1.74987408563,0.00966028422126,0.315995031017,0.24350099316,0.266117484832
HL1q,96,4,COMPLETED,1.77076943332,0.0100070262131,0.323673743075,0.250649095277,0.270506961023
HL1q,96,4,COMPLETED,1.79166449569,0.0100400031909,0.326205125106,0.254502244501,0.274910027108
HL1q,96,4,COMPLETED,1.81102516717,0.0103878199742,0.326826974252,0.25542997339,0.279327021583
HL1q,96,4,COMPLETED,1.82930430819,0.0106763710403,0.329031164422,0.256936264143,0.283758290986
HL1q,96,4,COMPLETED,1.84748628277,0.0107683993347,0.330747249614,0.263000491364,0.288204190222
HL1q,96,4,COMPLETED,1.86629902434,0.010957392072,0.329379489511,0.263637770742,0.292665082919
HL1q,96,4,COMPLETED,1.88273332156,0.0112334900986,0.345524277992,0.269713756255,0.297141341785
HL1q,96,4,COMPLETED,1.89896001727,0.0115167183757,0.35810067842,0.280491553635,0.301633348997
HL1q,96,4,COMPLETED,1.91460301998,0.011827004358,0.365053346271,0.28637908693,0.306141496599
HL1q,96,4,COMPLETED,1.93022473439,0.0119617560959,0.360031355306,0.284687314777,0.31066618693
HL1q,96,4,COMPLETED,1.94331999803,0.0124542743282,0.366507928062,0.288389769035,0.315207833068
HL1q,96,4,COMPLETED,1.95589333291,0.0128036441307,0.361212681171,0.287346872365,0.319766859295
HL1q,96,4,COMPLETED,1.96840010495,0.0129655297576,0.359944252286,0.288708869127,0.324343701599
HL1q,96,4,COMPLETED,1.98104576228,0.0131801062165,0.364742564208,0.293661766553,0.328938808187
HL1q,96,4,COMPLETED,1.99031650745,0.0133929500281,0.361522408002,0.290784277125,0.333552640041
HL1q,96,4,COMPLETED,1.99732180592,0.0137560932186,0.376138211858,0.300746521821,0.338185671495
HL1q,96,4,COMPLETED,2.00203954272,0.013973014489,0.382586510726,0.306244704158,0.342838390848
HL1q,96,4,COMPLETED,2.00689179447,0.0143254987434,0.389501973548,0.311368918507,0.347511301014
HL1q,96,4,COMPLETED,2.0106988886,0.0147359324558,0.394692233266,0.316410124624,0.352204920205
HL1q,96,4,COMPLETED,2.01327216515,0.0149062733285,0.396179492759,0.319701960179,0.356919782662
HL1q,96,4,COMPLETED,2.01482091363,0.0153128314444,0.390824479227,0.316082852103,0.361656439417
HL1q,96,4,COMPLETED,2.01567702563,0.015713240276,0.392082974076,0.319613675574,0.366415459115
HL1q,96,4,COMPLETED,2.01614452656,0.0161445265592,0.391028678487,0.318389683358,0.371197428879
HL1q,96,4,COMPLETED,2.01636791746,0.0163679174596,0.39150379516,0.323387181709,0.376002955227
HL1q,96,4,COMPLETED,2.01659952136,0.0165995213643,0.390833086639,0.323653595244,0.380832665052
HL1q,96,4,COMPLETED,2.0170018072,0.0170018071969,0.395490966347,0.327139282608,0.385687206662
HL1q,96,4,COMPLETED,2.01735105618,0.0173510561779,0.405023368339,0.330102522318,0.390567250889
HL1q,96,4,COMPLETED,2.01769120514,0.0176912051392,0.413190412905,0.338096800705,0.395473492266
HL1q,96,4,COMPLETED,2.01804655338,0.0180465533783,0.409231175573,0.336841748124,0.400406650294
HL1q,96,4,COMPLETED,2.01846959304,0.0184695930431,0.41381338413,0.341173423089,0.405367470782
HL1q,96,4,COMPLETED,2.01894875232,0.0189487523199,0.41702796698,0.34358507277,0.410356727289
HL1q,96,4,COMPLETED,2.01910690187,0.0191069018728,0.412001554873,0.342494319798,0.415375222661
HL1q,96,4,COMPLETED,2.01956064238,0.019560642379,0.412701310844,0.340585223514,0.420423790682
HL1q,96,4,COMPLETED,2.01992597974,0.0199259797364,0.408101342717,0.336698857489,0.425503297845
HL1q,96,4,COMPLETED,2.02019312747,0.0201931274722,0.405320803015,0.336353637304,0.430614645247
HL1q,96,4,COMPLETED,2.02032940239,0.0203294023882,0.407530561345,0.336650037178,0.435758770629
HL1q,96,4,COMPLETED,2.02039955759,0.0203995575861,0.401860745185,0.334635327726,0.440936650579
HL1q,96,4,COMPLETED,2.0204609618,0.0204609618035,0.395633377918,0.330364503013,0.446149302891
HL1q,96,4,COMPLETED,2.02054008437,0.020540084374,0.407482010734,0.33630348609,0.451397789124
HL1q,96,4,COMPLETED,2.0205006075,0.0205006075014,0.416868541657,0.342190816842,0.456683217354
HL1q,96,4,COMPLETED,2.02035961263,0.0203596126298,0.412619150263,0.339815819257,0.462006745159
HL1q,96,4,COMPLETED,2.02007178448,0.0200717844827,0.413299996878,0.342899269679,0.46736958285
HL1q,96,4,COMPLETED,2.01989028321,0.0198902832071,0.415087252741,0.34350403086,0.472772996976
HL1q,96,4,COMPLETED,2.01963593411,0.0196359341079,0.41068324995,0.341354910697,0.478218314126
HL1q,96,4,COMPLETED,2.01942328777,0.0194232877688,0.410222624823,0.341356729465,0.483706925076
HL1q,96,4,COMPLETED,2.0191537362,0.0191537362046,0.41591503192,0.348202667165,0.489240289298
HL1q,96,4,COMPLETED,2.01864860314,0.0186486031423,0.406379476897,0.342230078618,0.49481993989
HL1q,96,4,COMPLETED,2.01845208734,0.0184520873406,0.409583472534,0.345364112303,0.50044748896
HL1q,96,4,COMPLETED,2.01845222099,0.0184522209905,0.401844711857,0.339691268878,0.506124633529
HL1q,96,4,COMPLETED,2.01839678932,0.0183967893203,0.408106771615,0.349056047966,0.511853162006
HL1q,96,4,COMPLETED,2.01834799552,0.0183479955186,0.407055732129,0.34891816504,0.517634961312
HL1q,96,4,COMPLETED,2.01826541112,0.0182654111152,0.408201267461,0.349728805474,0.523472024723
HL1q,96,4,COMPLETED,2.01855429351,0.0185542935053,0.402555593627,0.348479112867,0.52936646054
HL1q,96,4,COMPLETED,2.01876590264,0.0187659026428,0.408898998587,0.352288804407,0.535320501673
HL1q,96,4,COMPLETED,2.01914726363,0.0191472636285,0.404778515916,0.348852291637,0.541336516284
HL1q,96,4,COMPLETED,2.01936201958,0.0193620195785,0.403345792107,0.34863591338,0.547417019608
HL1q,96,4,COMPLETED,2.01949495785,0.0194949578461,0.404390680225,0.348744845125,0.553564687142
HL1q,96,4,COMPLETED,2.01973977128,0.019739771276,0.405008719449,0.348611967315,0.559782369384
HL1q,96,4,COMPLETED,2.02014711979,0.0201471197898,0.394023499515,0.339838063347,0.566073108345
HL1q,96,4,COMPLETED,2.02020566366,0.0202056636638,0.397810042779,0.344817729311,0.57244015613
HL1q,96,4,COMPLETED,2.02040655543,0.0204065554328,0.393315493471,0.341375220747,0.57888699587
HL1q,96,4,COMPLETED,2.02026197981,0.0202619798117,0.384705460865,0.334671404492,0.585417365423
HL1q,96,4,COMPLETED,2.01994549927,0.0199454992653,0.386151042283,0.336720662815,0.592035284266
HL1q,96,4,COMPLETED,2.01953452722,0.0195345272214,0.390146160626,0.34097020293,0.598745084154
HL1q,96,4,COMPLETED,2.0188779597,0.0188779596952,0.38422691145,0.336219939598,0.60555144417
HL1q,96,4,COMPLETED,2.01778040637,0.0177804063734,0.381576682451,0.334515676019,0.612459430999
HL1q,96,4,COMPLETED,2.01646786895,0.0164678689457,0.379218845396,0.334609329939,0.619474545382
HL1q,96,4,COMPLETED,2.01435930377,0.0143593037708,0.398116145588,0.3446094308,0.626602775948
HL1q,96,4,COMPLETED,2.01158918903,0.0115891890257,0.419723536455,0.354538297357,0.633850661924
HL1q,96,4,COMPLETED,2.00927484981,0.00927484980802,0.425567779354,0.361420272661,0.641225366556
HL1q,96,4,COMPLETED,2.00647540281,0.00647540281278,0.494569030446,0.389112183806,0.64873476357
HL1q,96,4,COMPLETED,2.00377814463,0.00377814462583,0.501091649299,0.390315104203,0.656387539606
HL1q,96,4,COMPLETED,2.00220971784,0.00220971783763,0.581882439167,0.426461323108,0.664193316395
HL1q,96,4,COMPLETED,2.00018653517,0.000186535170213,0.621569214764,0.449857797074,0.672162797491
HL1q,96,4,COMPLETED,1.99822585224,0.00177414775564,0.657833869704,0.462295160638,0.680307945894
HL1q,96,4,COMPLETED,1.99644513885,0.00355486115093,0.696851794751,0.475082596605,0.688642200847
HL1q,96,4,COMPLETED,1.99454802998,0.00545197001683,0.662584062001,0.459844954244,0.697180744899
HL1q,96,4,COMPLETED,1.99341827382,0.00658172617624,0.702502422731,0.474047657953,0.705940836197
HL1q,96,4,COMPLETED,1.99301681873,0.00698318127337,0.734894627053,0.495216063902,0.71494222654
HL1q,96,4,COMPLETED,1.99235466845,0.00764533155071,0.750433065535,0.510996143879,0.72420769378
HL1q,96,4,COMPLETED,1.99153933863,0.00846066136515,0.744015897177,0.509533772578,0.733763729155
HL1q,96,4,COMPLETED,1.99053520742,0.00946479258372,0.794462711456,0.531172692838,0.743641438235
HL1q,96,4,COMPLETED,1.98993075736,0.0100692426404,0.797175501937,0.531215379497,0.753877742284
HL1q,96,4,COMPLETED,1.98919877911,0.0108012208855,0.775513787801,0.517496407253,0.764517011741
HL1q,96,4,COMPLETED,1.98833481526,0.0116651847422,0.782434022626,0.521957470137,0.775613337324
HL1q,96,4,COMPLETED,1.98815962578,0.0118403742246,0.80164733307,0.524973395785,0.787233770202
HL1q,96,4,COMPLETED,1.98810798782,0.0118920121781,0.795241117805,0.524333112875,0.799463086522
HL1q,96,4,COMPLETED,1.98794092329,0.0120590767144,0.797150681014,0.533945311643,0.812411049186
HL1q,96,4,COMPLETED,1.98747321501,0.0125267849945,0.816505363733,0.545978915985,0.826223965118
HL1q,96,4,COMPLETED,1.9871623219,0.0128376780999,0.811275113236,0.544088298974,0.841104085446
HL1q,96,4,COMPLETED,1.98701520283,0.0129847971662,0.807628263713,0.542957790207,0.857344437876
HL1q,96,4,COMPLETED,1.98671514002,0.0132848599757,0.804041256979,0.540505995875,0.875397111579
HL1q,96,4,COMPLETED,1.98621367939,0.0137863206059,0.790768675228,0.532761041003,0.89602419852
HL1q,96,4,COMPLETED,1.98556830009,0.0144316999119,0.786346746867,0.529037339142,0.92069537363
HL1q,96,4,COMPLETED,1.98505354189,0.0149464581132,0.729929350349,0.49556809203,0.950300783761
HL1q,96,4,COMPLETED,1.98442136733,0.0155786326717,0.674831226674,0.46160841861,0.985827275919
HL1q,96,4,COMPLETED,1.98372756756,0.0162724324444,0.627495084314,0.432300749884,1.02845906651
HL1q,96,4,COMPLETED,1.98290906171,0.0170909382949,0.586863369312,0.407207114368,1.07961721522
HL1q,96,4,COMPLETED,1.98238830314,0.0176116968586,0.532981196454,0.377919480343,1.11177716081
HL1q,96,4,COMPLETED,1.98195418908,0.0180458109247,0.512120835013,0.358693667797,1.13474236037
HL1q,96,4,COMPLETED,1.98151194719,0.0184880528134,0.487043987,0.341697315839,1.15383793825
HL1q,96,4,COMPLETED,1.98118911227,0.0188108877307,0.465354036949,0.326866776683,1.17060129867
HL1q,96,4,COMPLETED,1.9807892872,0.0192107128024,0.454053257014,0.319401951371,1.18575147802
HL1q,96,4,COMPLETED,1.98052361212,0.019476387884,0.411750146276,0.290559376872,1.19969707529
HL1q,96,4,COMPLETED,1.98019302444,0.019806975564,0.390902141241,0.275410602513,1.21269768226
HL1q,96,4,COMPLETED,1.97965338841,0.0203466115898,0.402972829421,0.282426603068,1.22493079199
HL1q,96,4,COMPLETED,1.97907697096,0.0209230290427,0.389047640277,0.271562418892,1.23652428927
HL1q,96,4,COMPLETED,1.97886450208,0.0211354979155,0.379965710909,0.264674867606,1.24757401705
HL1q,96,4,COMPLETED,1.97883128663,0.0211687133716,0.384411879822,0.266862453527,1.25815404809
HL1q,96,4,COMPLETED,1.97926088134,0.0207391186571,0.372971180405,0.259162941684,1.26832306281
HL1q,96,4,COMPLETED,1.97900127005,0.0209987299529,0.380589566045,0.264588988201,1.27812850217
HL1q,96,4,COMPLETED,1.97843758414,0.0215624158592,0.361092430519,0.252714659532,1.28760937855
HL1q,96,4,COMPLETED,1.97765155797,0.0223484420264,0.364202745556,0.254159378825,1.29679824051
HL1q,96,4,COMPLETED,1.97684374447,0.0231562555255,0.357864320244,0.251499258026,1.30572258382
HL1q,96,4,COMPLETED,1.97283622497,0.0271637750337,0.347925586283,0.24759249264,1.31440588879
HL1q,96,4,COMPLETED,1.97497513172,0.0250248682833,0.344467618448,0.243446211963,1.32286839825
HL1q,96,4,COMPLETED,1.97502035234,0.0249796476569,0.355759438779,0.251698219567,1.33112771158
HL1q,96,4,COMPLETED,1.97554781955,0.0244521804513,0.362193392914,0.255660125145,1.33919924523
HL1q,96,4,COMPLETED,1.97630274377,0.0236972562335,0.36091190199,0.259000455639,1.34709659483
HL1q,96,4,COMPLETED,1.97730686522,0.0226931347839,0.370056002111,0.264788967384,1.35483182341
HL1q,96,4,COMPLETED,1.98126084548,0.0187391545216,0.371134295311,0.26586365331,1.36241569344
HL1q,96,4,COMPLETED,1.98023775839,0.0197622416133,0.363363787786,0.26323116647,1.36985785551
HL1q,96,4,COMPLETED,1.98238588318,0.0176141168151,0.354404479918,0.257545204858,1.37716700312
HL1q,96,4,COMPLETED,1.98489284951,0.0151071504937,0.354743098254,0.261317957393,1.38435100085
HL1q,96,4,COMPLETED,1.98865441782,0.0113455821819,0.356017152655,0.268437067874,1.39141699125
HL1q,96,4,COMPLETED,1.98929361319,0.0107063868052,0.364609649189,0.275518825161,1.39837148457
HL1q,96,4,COMPLETED,1.99211776546,0.0078822345407,0.353447614811,0.269515084191,1.4052204347
HL1q,96,4,COMPLETED,1.99420281955,0.00579718044865,0.358656854457,0.274298876928,1.4119693037
HL1q,96,4,COMPLETED,1.99502708898,0.00497291101742,0.351683076534,0.268726045389,1.41862311708
HL1q,96,4,COMPLETED,1.99788631671,0.00211368328841,0.358726375522,0.275071871703,1.42518651128
HL1q,96,4,COMPLETED,1.99963560038,0.000364399617282,0.368791427163,0.282006591281,1.43166377472
HL1q,96,4,COMPLETED,2.00077695752,0.000776957524856,0.378706723206,0.287469474237,1.43805888348
HL1q,96,4,COMPLETED,2.0018920295,0.00189202949597,0.382509662682,0.289754881469,1.44437553236
HL1q,96,4,COMPLETED,1.99777194682,0.00222805318256,0.40733261884,0.305204605573,1.45061716213
HL1q,96,4,COMPLETED,2.00274354215,0.00274354214841,0.41661474406,0.311422119234,1.45678698343
HL1q,96,4,COMPLETED,2.00291507982,0.00291507981588,0.413367915134,0.309383079912,1.46288799786
HL1q,96,4,COMPLETED,2.00248021958,0.00248021957912,0.415250155301,0.307215709221,1.46892301673
HL1q,96,4,COMPLETED,2.00239059985,0.00239059985315,0.4109062961,0.304470262141,1.47489467758
HL1q,96,4,COMPLETED,2.00236994278,0.00236994277706,0.415336638889,0.310067635276,1.48080545899
HL1q,96,4,COMPLETED,2.00256390273,0.00256390272578,0.414474672878,0.311433243453,1.48665769377
HL1q,96,4,COMPLETED,2.00105636549,0.00105636548845,0.417936769388,0.31542960876,1.49245358081
HL1q,96,4,COMPLETED,2.00203948477,0.00203948476512,0.41764799147,0.315970005518,1.49819519568
HL1q,96,4,COMPLETED,2.00108674857,0.00108674856746,0.415491662953,0.31271171341,1.50388450021
HL1q,96,4,COMPLETED,1.9998550516,0.000144948397998,0.4115404678,0.306050867652,1.5095233511
HL1q,96,4,COMPLETED,1.99707408249,0.00292591750759,0.413239131223,0.307079558762,1.51511350779
HL1q,96,4,COMPLETED,1.99583578458,0.00416421542434,0.411640030612,0.304082494152,1.52065663946
HL1q,96,4,COMPLETED,1.99276918218,0.00723081782,0.402576645366,0.293981329037,1.52615433154
HL1q,96,4,COMPLETED,1.98889569258,0.0111043074198,0.40258227477,0.293819009191,1.53160809151
HL1q,96,4,COMPLETED,1.98535138034,0.0146486196583,0.402652336621,0.292666739005,1.53701935429
HL1q,96,4,COMPLETED,1.98168419403,0.0183158059716,0.406409885375,0.295475240802,1.54238948711
HL1q,96,4,COMPLETED,1.98062149731,0.0193785026855,0.406382859117,0.298431668833,1.54771979397
HL1q,96,4,COMPLETED,1.97740606735,0.0225939326456,0.382267173421,0.28112177191,1.55301151973
HL1q,96,4,COMPLETED,1.97435865198,0.0256413480187,0.377014356547,0.279623496825,1.55826585393
HL1q,96,4,COMPLETED,1.97019454091,0.02980545909,0.378992183088,0.281753170974,1.56348393419
HL1q,96,4,COMPLETED,1.96948191577,0.0305180842271,0.36815739402,0.273917950302,1.56866684944
HL1q,96,4,COMPLETED,1.96787582767,0.0321241723289,0.355942824971,0.26333473294,1.57381564285
HL1q,96,4,COMPLETED,1.96561285627,0.0343871437275,0.357132035924,0.266279674896,1.57893131459
HL1q,96,4,COMPLETED,1.96055591522,0.0394440847807,0.352313631293,0.262762086674,1.58401482428
HL1q,96,4,COMPLETED,1.96130968446,0.0386903155441,0.331509639794,0.24564054793,1.5890670934
HL1q,96,4,COMPLETED,1.95844020719,0.0415597928134,0.326870367769,0.239969323047,1.59408900739
HL1q,96,4,COMPLETED,1.95407012139,0.0459298786094,0.335450713013,0.247499083146,1.59908141773
HL1q,96,4,COMPLETED,1.95456808856,0.0454319114382,0.341895013734,0.253249353703,1.60404514374
HL1q,96,4,COMPLETED,1.95340917965,0.0465908203542,0.333990677777,0.248751826998,1.60898097437
HL1q,96,4,COMPLETED,1.95164586213,0.0483541378714,0.334857770381,0.24781497659,1.61388966983
HL1q,96,4,COMPLETED,1.95010607004,0.0498939299605,0.324608612353,0.241721399027,1.61877196305
HL1q,96,4,COMPLETED,1.94688034662,0.0531196533831,0.33193536741,0.247428808005,1.62362856116
HL1q,96,4,COMPLETED,1.94687247516,0.0531275248394,0.327208464408,0.242429487534,1.6284601468
HL1q,96,4,COMPLETED,1.94558487813,0.0544151218678,0.317916639539,0.238195948216,1.6332673793
HL1q,96,4,COMPLETED,1.94318188287,0.0568181171254,0.317334551947,0.234343401469,1.63805089595
HL1q,96,4,COMPLETED,1.93947950981,0.0605204901878,0.330497052093,0.242639137362,1.64281131298
HL1q,96,4,COMPLETED,1.94009034638,0.0599096536184,0.344996480587,0.25088749921,1.64754922665
HL1q,96,4,COMPLETED,1.93920547303,0.0607809302222,0.329727954555,0.241135304073,1.65226521422
HL1q,96,4,COMPLETED,1.93817905755,0.0617653303315,0.333593107463,0.248395365202,1.65695983478
HL1q,96,4,COMPLETED,1.93626303694,0.0632587684705,0.320769262672,0.24197974392,1.66163363018
HL1q,96,4,COMPLETED,1.93159598616,0.0666343468212,0.330346366986,0.249986313381,1.6662871258
HL1q,96,4,COMPLETED,1.93046242519,0.0657771459212,0.32573377119,0.245646897148,1.67092083129
HL1q,96,4,COMPLETED,1.92488656376,0.0680998821554,0.323571670847,0.241210691344,1.67553524131
HL1q,96,4,COMPLETED,1.9181703638,0.0707341358531,0.325103682153,0.241541251022,1.68013083619
HL1q,96,4,COMPLETED,1.90805532617,0.075659526185,0.348375996371,0.255153470477,1.68470808258
HL1q,96,4,COMPLETED,1.90277238571,0.0740410058693,0.361193698146,0.26718617865,1.68926743403
HL1q,96,4,COMPLETED,1.89218816505,0.0773237389955,0.352922578751,0.259820394572,1.69380933157
HL1q,96,4,COMPLETED,1.88240243763,0.0783196920333,0.369265680018,0.274004160154,1.69833420426
HL1q,96,4,COMPLETED,1.87046878713,0.0805470374568,0.359270478521,0.267459366076,1.70284246969
HL1q,96,4,COMPLETED,1.8583261652,0.0828185241084,0.348968885436,0.261310485458,1.70733453446
HL1q,96,4,COMPLETED,1.84441415025,0.0845934314872,0.353183452137,0.266737177877,1.71181079466
HL1q,96,4,COMPLETED,1.82886879604,0.0870119161653,0.35988449742,0.269222938426,1.71627163629
HL1q,96,4,COMPLETED,1.81313656881,0.0888434499746,0.359716499702,0.269850413942,1.72071743567
HL1q,96,4,COMPLETED,1.79676617417,0.0919900672914,0.357301965239,0.266036860029,1.72514855987
HL1q,96,4,COMPLETED,1.78303137155,0.0924836319519,0.351371275649,0.259870047634,1.72956536705
HL1q,96,4,COMPLETED,1.76744864085,0.0938365723096,0.359608600571,0.267686289748,1.73396820683
HL1q,96,4,COMPLETED,1.74932894493,0.0947654512449,0.347345142133,0.26065590611,1.73835742062
HL1q,96,4,COMPLETED,1.73137584562,0.0963133329351,0.332140977089,0.253490907307,1.74273334199
HL1q,96,4,COMPLETED,1.71351554209,0.0965840852019,0.312365786749,0.240078944646,1.74709629692
HL1q,96,4,COMPLETED,1.69389753235,0.0973707177613,0.312687185082,0.240184089493,1.75144660413
HL1q,96,4,COMPLETED,1.67351951795,0.0977689470096,0.30051443009,0.231908115959,1.75578457535
HL1q,96,4,COMPLETED,1.65184795041,0.098118671516,0.304992942204,0.236741730082,1.76011051563
HL1q,96,4,COMPLETED,1.62985981371,0.0980771926651,0.309911288075,0.240093270187,1.76442472351
HL1q,96,4,COMPLETED,1.60723952745,0.0981442874798,0.304150538511,0.238024687572,1.76872749138
HL1q,96,4,COMPLETED,1.58391098056,0.0983091850634,0.310356390134,0.242508359055,1.77301910562
HL1q,96,4,COMPLETED,1.56085410796,0.098260507521,0.287045303694,0.229128111189,1.77729984688
HL1q,96,4,COMPLETED,1.53632858731,0.0985532548126,0.299162047361,0.237504574429,1.78156999028
HL1q,96,4,COMPLETED,1.51159238751,0.0988464524509,0.290616854534,0.230793617469,1.78582980563
HL1q,96,4,COMPLETED,1.48681836792,0.0987690517514,0.305177011268,0.241260612177,1.79007955762
HL1q,96,4,COMPLETED,1.46215796739,0.0984987838346,0.298025537668,0.234453546273,1.79431950601
HL1q,96,4,COMPLETED,1.4372023575,0.0982649960532,0.305009480402,0.242466722377,1.79854990581
HL1q,96,4,COMPLETED,1.41165909266,0.0980928251432,0.291613050551,0.234178221056,1.80277100748
HL1q,96,4,COMPLETED,1.38570422771,0.0980518312113,0.288925521535,0.231901309089,1.80698305708
HL1q,96,4,COMPLETED,1.35988042167,0.0983182147237,0.295698320832,0.235153423217,1.81118629644
HL1q,96,4,COMPLETED,1.33398819344,0.0983663166873,0.282470883251,0.228035393664,1.81538096331
HL1q,96,4,COMPLETED,1.30789358022,0.0978506482304,0.291985355872,0.233235720943,1.81956729153
HL1q,96,4,COMPLETED,1.2810644647,0.0977158650687,0.29656676979,0.23823708315,1.82374551116
HL1q,96,4,COMPLETED,1.2547204431,0.0973939705824,0.297022932415,0.240230475971,1.82791584863
HL1q,96,4,COMPLETED,1.22812935089,0.0973159279438,0.281903658806,0.225703368758,1.83207852687
HL1q,96,4,COMPLETED,1.20159700903,0.0973112077624,0.297655703743,0.237414311232,1.83623376545
HL1q,96,4,COMPLETED,1.17470362903,0.097167591252,0.292402718381,0.235919944563,1.84038178069
HL1q,96,4,COMPLETED,1.1476459489,0.0969317961511,0.294680695025,0.237852964997,1.8445227858
HL1q,96,4,COMPLETED,1.12045306238,0.0966044401091,0.301390838542,0.241450851153,1.84865699101
HL1q,96,4,COMPLETED,1.09268798251,0.096239495797,0.286372081742,0.231663525141,1.85278460364
HL1q,96,4,COMPLETED,1.06536642105,0.096210643262,0.294499945082,0.236267770204,1.85690582826
HL1q,96,4,COMPLETED,1.03820332281,0.0961225518653,0.287795376615,0.231277535159,1.86102086676
HL1q,96,4,COMPLETED,1.0105517045,0.0958361864209,0.297825589213,0.242390220113,1.8651299185
HL1q,96,4,COMPLETED,0.982925669377,0.0954656792786,0.30047102939,0.242971024813,1.86923318035
HL1q,96,4,COMPLETED,0.955159491728,0.0951015238566,0.289293014285,0.232120784566,1.87333084684
HL1q,96,4,COMPLETED,0.927050178317,0.0949760535998,0.293955813598,0.238319933656,1.87742311024
HL1q,96,4,COMPLETED,0.898978327199,0.0949054937902,0.298351181842,0.241292079018,1.88151016064
HL1q,96,4,COMPLETED,0.870875346611,0.0946245418311,0.29287385898,0.237307734166,1.88559218606
HL1q,96,4,COMPLETED,0.842804632793,0.0942313038988,0.29827944276,0.242472705196,1.88966937251
HL1q,96,4,COMPLETED,0.814551239244,0.0941280456667,0.29754301475,0.23922713595,1.89374190412
HL1q,96,4,COMPLETED,0.785921701291,0.0937822348539,0.286739219276,0.231825770634,1.89780996319
HL1q,96,4,COMPLETED,0.757690789746,0.0936334705347,0.300116951034,0.243610626375,1.90187373026
HL1q,96,4,COMPLETED,0.729295921562,0.0933265673628,0.300256750032,0.245168948887,1.90593338422
HL1q,96,4,COMPLETED,0.700990330209,0.0928966695908,0.296375963071,0.238973386813,1.9099891024
HL1q,96,4,COMPLETED,0.672508118618,0.0929724990122,0.298948897779,0.242032175539,1.91404106059
HL1q,96,4,COMPLETED,0.643659865864,0.0926716758642,0.294857054791,0.238180427635,1.91808943315
HL1q,96,4,COMPLETED,0.61483818487,0.0922453857054,0.298581782704,0.240915978217,1.92213439309
HL1q,96,4,COMPLETED,0.586138816226,0.0920448080929,0.304640235626,0.246110703537,1.92617611213
HL1q,96,4,COMPLETED,0.557412065453,0.091916704233,0.294378205742,0.236087294484,1.93021476077
HL1q,96,4,COMPLETED,0.528565171053,0.0914542583697,0.29934953499,0.24084718385,1.93425050836
HL1q,96,4,COMPLETED,0.499824523701,0.0913228787798,0.306043045815,0.246605056419,1.93828352314
HL1q,96,4,COMPLETED,0.471230371741,0.0910670533071,0.303209385782,0.243829168088,1.94231397237
HL1q,96,4,COMPLETED,0.442087052942,0.0907101471373,0.300838351422,0.242707978268,1.94634202233
HL1q,96,4,COMPLETED,0.413056804365,0.0904287603525,0.306466896311,0.246038749736,1.95036783844
HL1q,96,4,COMPLETED,0.384081482183,0.0902000532089,0.301181332954,0.240182828669,1.95439158525
HL1q,96,4,COMPLETED,0.355327904802,0.0898889835137,0.298846837231,0.238477722462,1.9584134266
HL1q,96,4,COMPLETED,0.326277801928,0.0897188022705,0.302109774616,0.243360212114,1.96243352558
HL1q,96,4,COMPLETED,0.297200351944,0.0894010731485,0.306714424231,0.244489038971,1.96645204467
HL1q,96,4,COMPLETED,0.26826555865,0.0890565050948,0.303052145056,0.243792077214,1.97046914577
HL1q,96,4,COMPLETED,0.239240687604,0.0887821117546,0.303077040986,0.241163121268,1.97448499023
HL1q,96,4,COMPLETED,0.211562641345,0.0887147019819,0.300955389304,0.23873220287,1.97849973896
HL1q,96,4,COMPLETED,0.186791528443,0.0884940617114,0.30563959301,0.243298169049,1.98251355248
HL1q,96,4,COMPLETED,0.163552528079,0.0878524658693,0.303873028765,0.243064726114,1.98652659094
HL1q,96,4,COMPLETED,0.145433263803,0.0863268545055,3.5563536073,0.820193596077,1.99053901421
HL1q,96,4,COMPLETED,0.129994882857,0.0877387800644,3.59353037275,0.81721140265,1.99455098192
HL1q,96,4,COMPLETED,0.119111390702,0.0872550392934,3.64842033216,0.830743626922,1.99856265356
HL1q,96,4,COMPLETED,0.116642988314,0.0871123018312,3.66894933634,0.836169305893,2
HL1q,136,4,COMPLETED,0,0,0.000350887529989,0.000279064993542,0
HL1q,136,4,COMPLETED,8.7499142302e-06,2.5918940527e-10,0.00035088857973,0.000279070067165,1.2e-06
HL1q,136,4,COMPLETED,1.9249811315e-05,1.26608932758e-09,0.000350893744106,0.000279141217551,2.64e-06
HL1q,136,4,COMPLETED,3.18496878382e-05,3.47642736568e-09,0.000350905563789,0.000279227157995,4.368e-06
HL1q,136,4,COMPLETED,4.69695397148e-05,7.57179589431e-09,0.000350927842773,0.000279330293055,6.4416e-06
HL1q,136,4,COMPLETED,6.51133620666e-05,1.45641052577e-08,0.000350966232434,0.000279454521249,8.92992e-06
HL1q,136,4,COMPLETED,8.68859490836e-05,2.59470045878e-08,0.000351029077119,0.000279694117613,1.1915904e-05
HL1q,136,4,COMPLETED,0.000113013053873,4.39151488269e-08,0.000351128635962,0.000280046776907,1.54990848e-05
HL1q,136,4,COMPLETED,0.000144365796291,7.14654145063e-08,0.000351282844563,0.000280470042929,1.979890176e-05
HL1q,136,4,COMPLETED,0.000181991278913,1.10300590713e-07,0.000351517848716,0.000280978402289,2.4958682112e-05
HL1q,136,4,COMPLETED,0.000227143904193,1.59166656188e-07,0.000351871637173,0.000281718568736,3.11504185344e-05
HL1q,136,4,COMPLETED,0.000281327171851,2.17606637755e-07,0.000352399228612,0.000282802053485,3.85805022413e-05
HL1q,136,4,COMPLETED,0.000346346998506,2.87185142417e-07,0.000353180035802,0.000284106263918,4.74966026895e-05
HL1q,136,4,COMPLETED,0.000424370717741,3.69823827794e-07,0.000354328237918,0.000285861072117,5.81959232274e-05
HL1q,136,4,COMPLETED,0.000518000232256,4.6650083555e-07,0.000355210334082,0.000287626512472,7.10351078729e-05
HL1q,136,4,COMPLETED,0.000630356104968,5.76535661455e-07,0.000357649991117,0.000290923351493,8.64421294475e-05
HL1q,136,4,COMPLETED,0.000765182751634,6.98912839325e-07,0.00036032503988,0.000294700222994,0.000104930555337
HL1q,136,4,COMPLETED,0.000926974155304,8.31851629028e-07,0.000364955837241,0.000299602503115,0.000127116666404
HL1q,136,4,COMPLETED,0.00112112302473,9.71346119208e-07,0.000372288337913,0.000306740636282,0.000153739999685
HL1q,136,4,COMPLETED,0.00135410115622,1.10925342436e-06,0.000382672901634,0.000316413221354,0.000185687999622
HL1q,136,4,COMPLETED,0.00163367447958,1.23054619654e-06,0.000396943769325,0.000328507758878,0.000224025599547
HL1q,136,4,COMPLETED,0.00196916017471,1.31070443828e-06,0.00041720582067,0.000345387658417,0.000270030719456
HL1q,136,4,COMPLETED,0.00237173968843,1.31267764893e-06,0.000444855268335,0.000367557252633,0.000325236863347
HL1q,136,4,COMPLETED,0.00285483042929,1.17941404878e-06,0.000482084081002,0.000397234711343,0.000391484236017
HL1q,136,4,COMPLETED,0.00343453276532,8.2423478244e-07,0.000531006245561,0.000435934342627,0.00047098108322
HL1q,136,4,COMPLETED,0.00413016643692,1.16871820907e-07,0.000595324256147,0.000484646694309,0.000566377299864
HL1q,136,4,COMPLETED,0.00496491420784,1.13686556465e-06,0.000676325655072,0.000547823206191,0.000680852759837
HL1q,136,4,COMPLETED,0.00596659420393,3.22470528101e-06,0.000778441329043,0.000630999029411,0.000818223311805
HL1q,136,4,COMPLETED,0.00716858669471,6.57109343118e-06,0.000905859483014,0.000735137092907,0.000983067974166
HL1q,136,4,COMPLETED,0.00860989194913,1.06881284845e-05,0.00106281364971,0.000863962867502,0.001180881569
HL1q,136,4,COMPLETED,0.0103405689255,1.46412943294e-05,0.0012593281762,0.00102573116604,0.0014182578828
HL1q,136,4,COMPLETED,0.0124184163995,1.95047505853e-05,0.00149494391875,0.00121982568678,0.00170310945936
HL1q,136,4,COMPLETED,0.0149104226764,2.18477314556e-05,0.00178160300776,0.00145902052732,0.00204493135123
HL1q,136,4,COMPLETED,0.0178975500984,2.17107504219e-05,0.00212526173613,0.00174104246862,0.00245511762148
HL1q,136,4,COMPLETED,0.0214791745287,2.16067120471e-05,0.00254285453381,0.00208265654635,0.00294734114577
HL1q,136,4,COMPLETED,0.0257766553441,2.42567899442e-05,0.00304827437319,0.00250176242161,0.00353800937493
HL1q,136,4,COMPLETED,0.0309370795822,2.57225280535e-05,0.00366601752238,0.00299950318208,0.00424681124991
HL1q,136,4,COMPLETED,0.0371286858394,3.34230907393e-05,0.00439736387349,0.00360155290961,0.00509737349989
HL1q,136,4,COMPLETED,0.0445678968349,3.96080379762e-05,0.00532397247145,0.00436668732513,0.00611804819987
HL1q,136,4,COMPLETED,0.0534912538962,5.73186692486e-05,0.00641061828018,0.00524855785735,0.00734285783985
HL1q,136,4,COMPLETED,0.0641795302914,8.02029335176e-05,0.00765265676025,0.00627198716242,0.00881262940781
HL1q,136,4,COMPLETED,0.0770015964746,9.9474686777e-05,0.00933663075937,0.00760240202471,0.0105763552894
HL1q,136,4,COMPLETED,0.0924089915193,0.000153180717,0.0114382591025,0.00925629872522,0.0126928263473
HL1q,136,4,COMPLETED,0.110821989831,7.67403475461e-05,0.0137474139774,0.0111861692669,0.0152325916167
HL1q,136,4,COMPLETED,0.131480436755,0.000270345261283,0.0168235787847,0.0136427004056,0.018063972464
HL1q,136,4,COMPLETED,0.152064197035,0.000228720390715,0.0196087812527,0.0158168164518,0.0208956827168
HL1q,136,4,COMPLETED,0.17271642708,0.000397212410931,0.0225112427796,0.0181447598376,0.0237277785264
HL1q,136,4,COMPLETED,0.193273472107,0.000448647573645,0.0254679412941,0.0205040546776,0.0265603161112
HL1q,136,4,COMPLETED,0.213873583547,0.000480466440733,0.0284527898674,0.0230524897944,0.0293933517668
HL1q,136,4,COMPLETED,0.234401367184,0.000621823405021,0.0322282999192,0.0258662197272,0.0322269418761
HL1q,136,4,COMPLETED,0.255041262467,0.000644416616307,0.0358276572253,0.0287310277956,0.0350611429195
HL1q,136,4,COMPLETED,0.275528721522,0.000756074322151,0.0377319410159,0.030525314065,0.0378960114851
HL1q,136,4,COMPLETED,0.296164172896,0.0007555621455,0.040968855785,0.0329465016727,0.0407316042788
HL1q,136,4,COMPLETED,0.316752621811,0.000832554478371,0.0456538935274,0.0365090293816,0.0435679781347
HL1q,136,4,COMPLETED,0.337237862403,0.000909761033455,0.048681412255,0.0392036025066,0.0464051900258
HL1q,136,4,COMPLETED,0.357864504672,0.000995953473863,0.050937961559,0.0411265069633,0.0492432970741
HL1q,136,4,COMPLETED,0.378270928525,0.00108732858484,0.0561623393127,0.044926044619,0.052082356561
HL1q,136,4,COMPLETED,0.398854557366,0.00110953334769,0.058012339308,0.0464093237349,0.0549224259384
HL1q,136,4,COMPLETED,0.419218782874,0.0011584209277,0.0622434759015,0.0499948806972,0.0577635628391
HL1q,136,4,COMPLETED,0.439676731464,0.0013278815299,0.064634807061,0.0525650302661,0.0606058250874
HL1q,136,4,COMPLETED,0.45998928498,0.00117187976358,0.0701996851175,0.0560803378286,0.0634492707105
HL1q,136,4,COMPLETED,0.480676471091,0.00143341551459,0.0726083549445,0.0583399502611,0.0662939579489
HL1q,136,4,COMPLETED,0.500985673407,0.00139373577739,0.0761031534329,0.0612764824608,0.069139945268
HL1q,136,4,COMPLETED,0.521577540186,0.00157098721291,0.0781424935576,0.0633414469009,0.0719872913689
HL1q,136,4,COMPLETED,0.541867656384,0.00154521682019,0.0836600296557,0.067039008378,0.0748360552001
HL1q,136,4,COMPLETED,0.562307721882,0.0017617031965,0.0880075916982,0.0707075247161,0.0776862959686
HL1q,136,4,COMPLETED,0.582571459485,0.00175702165233,0.0916608678885,0.0735453190037,0.0805380731517
HL1q,136,4,COMPLETED,0.602886687453,0.00185492039756,0.0918310128134,0.0741521637923,0.0833914465089
HL1q,136,4,COMPLETED,0.623103055357,0.00191246512592,0.0989598117029,0.078865932123,0.0862464760932
HL1q,136,4,COMPLETED,0.643495595141,0.00202280326275,0.103915332442,0.0826960545791,0.0891032222637
HL1q,136,4,COMPLETED,0.663807826787,0.0021374423681,0.106612127965,0.0854645056518,0.0919617456977
HL1q,136,4,COMPLETED,0.684098481589,0.00220766058344,0.108433880482,0.0872233206616,0.0948221074028
HL1q,136,4,COMPLETED,0.704281710883,0.00229398156341,0.114564058073,0.0913215265758,0.0976843687295
HL1q,136,4,COMPLETED,0.724405893301,0.00231183515086,0.119982157058,0.0950401504811,0.100548591384
HL1q,136,4,COMPLETED,0.744519816276,0.00247084014135,0.121676234944,0.0966623999664,0.103414837442
HL1q,136,4,COMPLETED,0.764602427924,0.00249917569071,0.125143600348,0.0997772104786,0.106283169359
HL1q,136,4,COMPLETED,0.784686095419,0.00262043943942,0.127775857324,0.102205788245,0.109153649987
HL1q,136,4,COMPLETED,0.804695912574,0.00264949702949,0.135290646119,0.107228031721,0.112026342586
HL1q,136,4,COMPLETED,0.824900531329,0.00277220767916,0.139121578453,0.1098047495,0.114901310839
HL1q,136,4,COMPLETED,0.844796014369,0.00272476210474,0.141827306873,0.112462045923,0.117778618864
HL1q,136,4,COMPLETED,0.864851728423,0.00293619970314,0.143414511607,0.114145211055,0.120658331231
HL1q,136,4,COMPLETED,0.884592148672,0.0029216301479,0.149292090115,0.118222490429,0.123540512974
HL1q,136,4,COMPLETED,0.904394290917,0.0030663788835,0.156727297592,0.12309276999,0.126425229607
HL1q,136,4,COMPLETED,0.924194415018,0.00316366429624,0.157100387433,0.124059525789,0.129312547138
HL1q,136,4,COMPLETED,0.944115966457,0.00330318605474,0.161802966986,0.127841957753,0.132202532086
HL1q,136,4,COMPLETED,0.963880929644,0.00337168381689,0.163213962559,0.129358148257,0.135095251496
HL1q,136,4,COMPLETED,0.983662041497,0.00342667604878,0.168405505783,0.132425121223,0.137990772952
HL1q,136,4,COMPLETED,1.00330343203,0.00350381002985,0.176677437876,0.138694869464,0.140889164599
HL1q,136,4,COMPLETED,1.02279770323,0.00359394260579,0.181194789903,0.141734323686,0.143790495153
HL1q,136,4,COMPLETED,1.04232552373,0.00373252498167,0.181752234843,0.142019398403,0.146694833923
HL1q,136,4,COMPLETED,1.06162732419,0.00367690915962,0.184485633655,0.145293843989,0.149602250826
HL1q,136,4,COMPLETED,1.08132809207,0.0038874296973,0.18440622334,0.145616276289,0.152512816404
HL1q,136,4,COMPLETED,1.10068201573,0.00392514085279,0.196277552037,0.152483195506,0.155426601844
HL1q,136,4,COMPLETED,1.12008532682,0.00406223854011,0.199179458373,0.153985131864,0.158343678994
HL1q,136,4,COMPLETED,1.13929845994,0.00415358888106,0.204824808845,0.159160937501,0.161264120383
HL1q,136,4,COMPLETED,1.15851857016,0.00426032092262,0.203243721951,0.159059327396,0.164187999239
HL1q,136,4,COMPLETED,1.17765619088,0.00435861887866,0.205843151767,0.161406379971,0.167115389513
HL1q,136,4,COMPLETED,1.19676097407,0.00439109528335,0.214366847206,0.166333081928,0.170046365891
HL1q,136,4,COMPLETED,1.21584326904,0.00448295338152,0.223204904253,0.171810452968,0.172981003822
HL1q,136,4,COMPLETED,1.23467695218,0.00452526882409,0.225104906239,0.174024463119,0.175919379536
HL1q,136,4,COMPLETED,1.2534266078,0.00471290643588,0.224717470031,0.174228335072,0.178861570065
HL1q,136,4,COMPLETED,1.27202314801,0.00477663496867,0.229237927483,0.178675537681,0.181807653264
HL1q,136,4,COMPLETED,1.29084489421,0.00487679394307,0.228846754863,0.178949494213,0.184757707839
HL1q,136,4,COMPLETED,1.30965771882,0.00493915121764,0.23871312305,0.183894809327,0.187711813363
HL1q,136,4,COMPLETED,1.32820296979,0.00490462692557,0.246240773013,0.189636536007,0.190670050303
HL1q,136,4,COMPLETED,1.3466180542,0.00513682847639,0.252796356926,0.193556013221,0.193632500047
HL1q,136,4,COMPLETED,1.36490160871,0.00524106351158,0.251320989524,0.193558106796,0.196599244923
HL1q,136,4,COMPLETED,1.38306635164,0.00536273224611,0.251124961402,0.194582013973,0.199570368229
HL1q,136,4,COMPLETED,1.40119917056,0.00541553373333,0.252805257856,0.195973611028,0.202545954259
HL1q,136,4,COMPLETED,1.41944753767,0.0054409893003,0.261458148723,0.202011872883,0.205526088327
HL1q,136,4,COMPLETED,1.4373084534,0.00559575012925,0.271326521804,0.207579104244,0.208510856799
HL1q,136,4,COMPLETED,1.45493908897,0.00568240187189,0.272983445861,0.209802191826,0.211500347115
HL1q,136,4,COMPLETED,1.47263481255,0.00581517126759,0.274729070848,0.212173485392,0.214494647826
HL1q,136,4,COMPLETED,1.49040594165,0.0059625792679,0.281158219117,0.216669147869,0.217493848618
HL1q,136,4,COMPLETED,1.50787942108,0.00602647486409,0.275891314268,0.214123390406,0.220498040345
HL1q,136,4,COMPLETED,1.52491890288,0.00608977428387,0.279342615338,0.216421295982,0.223507315062
HL1q,136,4,COMPLETED,1.54218264898,0.00619200683755,0.29185401423,0.224431495713,0.226521766055
HL1q,136,4,COMPLETED,1.55933241403,0.00627642831623,0.301101083218,0.231150904209,0.229541487874
HL1q,136,4,COMPLETED,1.57644063854,0.00640577856713,0.302484995487,0.231294492115,0.232566576374
HL1q,136,4,COMPLETED,1.59295111907,0.00651188560824,0.303571231296,0.233681549861,0.23559712874
HL1q,136,4,COMPLETED,1.60937958716,0.00671291217364,0.306220271582,0.237001224975,0.238633243534
HL1q,136,4,COMPLETED,1.62570555281,0.00681991405286,0.30894816086,0.239034486375,0.241675020725
HL1q,136,4,COMPLETED,1.64219737146,0.00684672766741,0.307029156268,0.238994426159,0.244722561733
HL1q,136,4,COMPLETED,1.65827684689,0.00696628004135,0.313044557193,0.241048951767,0.247775969464
HL1q,136,4,COMPLETED,1.67397040458,0.00709043260633,0.323091261431,0.246584274478,0.250835348357
HL1q,136,4,COMPLETED,1.68943768786,0.00721756696039,0.332498350314,0.254892341588,0.25390080442
HL1q,136,4,COMPLETED,1.70504390524,0.00732240392734,0.332641405723,0.256045116271,0.256972445282
HL1q,136,4,COMPLETED,1.72029867148,0.0074572766985,0.334916824409,0.257792601525,0.260050380229
HL1q,136,4,COMPLETED,1.73529092543,0.00762165866054,0.331133378641,0.255854913384,0.263134720257
HL1q,136,4,COMPLETED,1.75011676477,0.0077246865085,0.334714721792,0.259602769171,0.266225578119
HL1q,136,4,COMPLETED,1.76500374256,0.00776901960023,0.337492531375,0.263066858265,0.269323068373
HL1q,136,4,COMPLETED,1.77882432675,0.00788240627098,0.345143853083,0.266931140071,0.272427307434
HL1q,136,4,COMPLETED,1.79266937196,0.00802559667571,0.354625584991,0.270945601706,0.27553841363
HL1q,136,4,COMPLETED,1.80675027688,0.00809057545561,0.360779804091,0.276236356739,0.278656507251
HL1q,136,4,COMPLETED,1.82066568298,0.00820654281789,0.362739655774,0.279235578731,0.281781710611
HL1q,136,4,COMPLETED,1.83341318248,0.00838533732725,0.362794008666,0.279611291488,0.284914148105
HL1q,136,4,COMPLETED,1.84610402324,0.00850411130524,0.363789075629,0.281693664574,0.288053946267
HL1q,136,4,COMPLETED,1.85893277065,0.00859192433662,0.362486543537,0.283129626508,0.291201233837
HL1q,136,4,COMPLETED,1.87142218244,0.00870309568281,0.3634861572,0.283968785062,0.294356141823
HL1q,136,4,COMPLETED,1.88294216168,0.0087566137354,0.359669954476,0.282520277676,0.297518803569
HL1q,136,4,COMPLETED,1.89438206947,0.00887280158666,0.383284637393,0.296732683497,0.300689354826
HL1q,136,4,COMPLETED,1.90594099361,0.00897824552245,0.383111992481,0.297358949369,0.303867933821
HL1q,136,4,COMPLETED,1.91659705376,0.00910735989392,0.389723257618,0.300330297499,0.307054681334
HL1q,136,4,COMPLETED,1.92669516921,0.0092313373639,0.391608837965,0.303272178801,0.310249740775
HL1q,136,4,COMPLETED,1.93670259893,0.00931150901162,0.389616626447,0.304336816074,0.313453258265
HL1q,136,4,COMPLETED,1.94677813678,0.00947016159035,0.392960598921,0.306140040981,0.316665382717
HL1q,136,4,COMPLETED,1.95578034756,0.00954204022569,0.38720915315,0.302978738598,0.319886265925
HL1q,136,4,COMPLETED,1.96334894579,0.00964642589709,0.389797883636,0.307625509997,0.323116062654
HL1q,136,4,COMPLETED,1.97136096915,0.00969712848443,0.38833154549,0.307769158955,0.326354930728
HL1q,136,4,COMPLETED,1.97970121242,0.00975903789076,0.404952539657,0.316203663741,0.329603031133
HL1q,136,4,COMPLETED,1.98705067932,0.00989469521373,0.411106114062,0.31975282459,0.332860528117
HL1q,136,4,COMPLETED,1.99271340833,0.0100032401096,0.415829694559,0.325033910321,0.336127589288
HL1q,136,4,COMPLETED,1.99770772481,0.0100521117133,0.415269689013,0.32628598592,0.33940438573
HL1q,136,4,COMPLETED,2.00125095941,0.0101578819621,0.411312199386,0.323905188422,0.342691092113
HL1q,136,4,COMPLETED,2.004323773,0.0103332252173,0.416701159154,0.329165018149,0.345987886811
HL1q,136,4,COMPLETED,2.00715461645,0.0104199175755,0.417521542502,0.330674949586,0.349294952021
HL1q,136,4,COMPLETED,2.00880558154,0.0104549800614,0.416676765495,0.332080967308,0.352612473898
HL1q,136,4,COMPLETED,2.00995513041,0.0105152559139,0.416288394401,0.331269128485,0.35594064268
HL1q,136,4,COMPLETED,2.0104475485,0.0106295557189,0.417257306795,0.335573430648,0.35927965283
HL1q,136,4,COMPLETED,2.01062369825,0.0106236982522,0.422904582778,0.338388578534,0.362629703181
HL1q,136,4,COMPLETED,2.01072021384,0.01072021384,0.433492432016,0.346175103886,0.365990997085
HL1q,136,4,COMPLETED,2.01087465836,0.0108746583637,0.443705230201,0.351449818042,0.369363742568
HL1q,136,4,COMPLETED,2.01099198448,0.0109919844817,0.443722679089,0.356849147913,0.372748152498
HL1q,136,4,COMPLETED,2.01107379822,0.0110737982219,0.443114884468,0.355565969156,0.376144444753
HL1q,136,4,COMPLETED,2.01116390946,0.0111639094644,0.44677250483,0.360074890777,0.379552842401
HL1q,136,4,COMPLETED,2.01139291594,0.0113929159438,0.440901464278,0.356801928503,0.382973573887
HL1q,136,4,COMPLETED,2.01150335627,0.0115033562663,0.444169074285,0.361859204617,0.386406873226
HL1q,136,4,COMPLETED,2.01154984048,0.0115498404753,0.447642876886,0.365234010185,0.38985298021
HL1q,136,4,COMPLETED,2.01162216469,0.0116221646894,0.439531160467,0.36134744153,0.39331214062
HL1q,136,4,COMPLETED,2.01177520147,0.0117752014689,0.44435643633,0.36414382882,0.396784606453
HL1q,136,4,COMPLETED,2.01190061014,0.0119006101404,0.452024187609,0.373918986863,0.400270636151
HL1q,136,4,COMPLETED,2.01197538249,0.0119753824928,0.45986721155,0.37928791601,0.403770494852
HL1q,136,4,COMPLETED,2.01210478226,0.0121047822643,0.466681082905,0.384140707171,0.407284454646
HL1q,136,4,COMPLETED,2.01230242822,0.0123024282213,0.468111305063,0.384262498315,0.410812794845
HL1q,136,4,COMPLETED,2.01250250304,0.0125025030402,0.475768874812,0.393793148898,0.414355802266
HL1q,136,4,COMPLETED,2.01269795047,0.0126979504659,0.472824845851,0.395009307528,0.417913771533
HL1q,136,4,COMPLETED,2.01276031262,0.0127603126218,0.470504684521,0.392091779839,0.421487005386
HL1q,136,4,COMPLETED,2.01302466689,0.0130246668934,0.474089116921,0.396843548302,0.425075815013
HL1q,136,4,COMPLETED,2.01321995053,0.0132199505297,0.468060062496,0.393116424153,0.428680520396
HL1q,136,4,COMPLETED,2.01344232348,0.0134423234791,0.468326889647,0.396637125116,0.432301450678
HL1q,136,4,COMPLETED,2.01359908264,0.0135990826394,0.471302656694,0.398997379337,0.435938944541
HL1q,136,4,COMPLETED,2.01371305042,0.0137130504176,0.471267329046,0.399461766969,0.439593350621
HL1q,136,4,COMPLETED,2.01392569013,0.0139256901256,0.467237549223,0.398587192437,0.443265027926
HL1q,136,4,COMPLETED,2.01412331256,0.0141233125626,0.477266205001,0.406431573937,0.446954346293
HL1q,136,4,COMPLETED,2.01435713356,0.01435713356,0.483177846178,0.41146557405,0.450661686861
HL1q,136,4,COMPLETED,2.01450669588,0.0145066958782,0.481798851923,0.410247559585,0.454387442576
HL1q,136,4,COMPLETED,2.01468183792,0.0146818379185,0.485918687778,0.413715276178,0.45813201872
HL1q,136,4,COMPLETED,2.01496233032,0.0149623303159,0.486647475426,0.415025621365,0.461895833477
HL1q,136,4,COMPLETED,2.01517539191,0.0151753919131,0.489838205875,0.421198867609,0.465679318531
HL1q,136,4,COMPLETED,2.01537718687,0.0153771868688,0.488927541214,0.419950094149,0.469482919689
HL1q,136,4,COMPLETED,2.01555948876,0.0155594887631,0.478532920462,0.412623301023,0.473307097562
HL1q,136,4,COMPLETED,2.01582356338,0.0158235633764,0.48180627804,0.415824177321,0.477152328268
HL1q,136,4,COMPLETED,2.01599122622,0.0159912262192,0.482533981174,0.415492137018,0.481019104189
HL1q,136,4,COMPLETED,2.01617724382,0.0161772438157,0.484820531225,0.421169899879,0.484907934776
HL1q,136,4,COMPLETED,2.01636558982,0.0163655898191,0.484562377597,0.421939493677,0.4888193474
HL1q,136,4,COMPLETED,2.01649460639,0.0164946063945,0.478888483657,0.417151226475,0.492753888265
HL1q,136,4,COMPLETED,2.01671123636,0.0167112363619,0.482661908742,0.420876878115,0.496712123371
HL1q,136,4,COMPLETED,2.01703549255,0.0170354925511,0.483211609553,0.41940930087,0.500694639556
HL1q,136,4,COMPLETED,2.01732441702,0.0173244170229,0.492371454017,0.430239960848,0.504702045593
HL1q,136,4,COMPLETED,2.01749517983,0.0174951798342,0.495993880994,0.433994467294,0.508734973373
HL1q,136,4,COMPLETED,2.01770717443,0.0177071744273,0.494777790469,0.433889276385,0.512794079169
HL1q,136,4,COMPLETED,2.01801325382,0.01801325382,0.493987191951,0.433130752187,0.516880044982
HL1q,136,4,COMPLETED,2.01836859176,0.0183685917578,0.490211987108,0.430351686597,0.520993579997
HL1q,136,4,COMPLETED,2.01873360052,0.0187336005225,0.487859680308,0.429447453749,0.525135422133
HL1q,136,4,COMPLETED,2.01908070317,0.01908070317,0.494602472496,0.435725688935,0.529306339717
HL1q,136,4,COMPLETED,2.01948990847,0.0194899084682,0.487372133943,0.43268710873,0.53350713328
HL1q,136,4,COMPLETED,2.01979670084,0.0197967008444,0.487464431073,0.431766467929,0.537738637496
HL1q,136,4,COMPLETED,2.0202143542,0.0202143542027,0.485128261822,0.431390919469,0.542001723264
HL1q,136,4,COMPLETED,2.02060847557,0.0206084755739,0.479623224993,0.425410411331,0.546297299967
HL1q,136,4,COMPLETED,2.02093705937,0.0209370593685,0.48049956518,0.427921795045,0.550626317905
HL1q,136,4,COMPLETED,2.02128151535,0.0212815153527,0.48028552839,0.427760958204,0.554989770937
HL1q,136,4,COMPLETED,2.02166010812,0.0216601081179,0.475957626515,0.423421386335,0.559388699335
HL1q,136,4,COMPLETED,2.0220446296,0.0220446295988,0.472902805122,0.421702441909,0.563824192894
HL1q,136,4,COMPLETED,2.02243636643,0.0224363664257,0.472555024378,0.420961599714,0.568297394304
HL1q,136,4,COMPLETED,2.02273329899,0.0227332989935,0.473785755577,0.420459314127,0.57280950283
HL1q,136,4,COMPLETED,2.02295798772,0.022957987719,0.473750416835,0.421532675747,0.577361778321
HL1q,136,4,COMPLETED,2.02320698494,0.0232069849418,0.47045955265,0.41829194403,0.581955545591
HL1q,136,4,COMPLETED,2.02340414565,0.0234041456516,0.470342594263,0.417152297888,0.586592199222
HL1q,136,4,COMPLETED,2.02345800075,0.0234580007513,0.463205048869,0.410384363592,0.591273208818
HL1q,136,4,COMPLETED,2.02356844785,0.0235684478543,0.457977441349,0.406317874922,0.596000124792
HL1q,136,4,COMPLETED,2.02371199577,0.0237119957745,0.458952539541,0.406839111696,0.600774584726
HL1q,136,4,COMPLETED,2.02357776156,0.0235777615604,0.455495224483,0.403207936212,0.605598320398
HL1q,136,4,COMPLETED,2.02344739365,0.0234473936497,0.466318445665,0.410417642833,0.610473165542
HL1q,136,4,COMPLETED,2.02305032214,0.0230503221356,0.456179934271,0.400070548729,0.615401064452
HL1q,136,4,COMPLETED,2.02291990855,0.0229199085465,0.452832871224,0.398788571381,0.620384081545
HL1q,136,4,COMPLETED,2.02286723528,0.0228672352783,0.455077682152,0.39969352453,0.625424411999
HL1q,136,4,COMPLETED,2.02271339843,0.0227133984275,0.465348828448,0.406509790513,0.630524393641
HL1q,136,4,COMPLETED,2.02244142813,0.0224414281259,0.471534418095,0.409092022214,0.635686520252
HL1q,136,4,COMPLETED,2.02227289674,0.0222728967399,0.471682312512,0.408711990681,0.640913456509
HL1q,136,4,COMPLETED,2.02209275481,0.0220927548142,0.471340273525,0.407622764304,0.64620805481
HL1q,136,4,COMPLETED,2.02181974,0.0218197400036,0.473951231962,0.411319197985,0.65157337429
HL1q,136,4,COMPLETED,2.0218800561,0.0218800560967,0.472797125951,0.410654356723,0.657012702374
HL1q,136,4,COMPLETED,2.02208178869,0.0220817886857,0.472950092821,0.410844523417,0.662529579302
HL1q,136,4,COMPLETED,2.02227045241,0.0222704524059,0.478999388207,0.416579884773,0.66812782614
HL1q,136,4,COMPLETED,2.02223553139,0.0222355313917,0.476635810622,0.415471471815,0.673811576894
HL1q,136,4,COMPLETED,2.02225071501,0.0222507150125,0.483538545935,0.422488611157,0.679585315501
HL1q,136,4,COMPLETED,2.02271669664,0.0227166966367,0.472881545695,0.412980723458,0.685453918603
HL1q,136,4,COMPLETED,2.0227261782,0.0227261782002,0.476192840721,0.416371580648,0.69142270529
HL1q,136,4,COMPLETED,2.02299555271,0.0229955527106,0.478079608784,0.418923818446,0.697497495197
HL1q,136,4,COMPLETED,2.02326491183,0.0232649118253,0.468885129075,0.411173003451,0.703684676779
HL1q,136,4,COMPLETED,2.02364931384,0.0236493138373,0.46933347233,0.41319020491,0.709991287994
HL1q,136,4,COMPLETED,2.02404647136,0.0240464713605,0.464167666216,0.407292441112,0.716425112277
HL1q,136,4,COMPLETED,2.02434678692,0.0243467869226,0.459099447109,0.404308550814,0.722994793487
HL1q,136,4,COMPLETED,2.02476792142,0.0247679214227,0.460357575888,0.406445631377,0.729709974608
HL1q,136,4,COMPLETED,2.02517829548,0.0251782954848,0.453874280846,0.400621001788,0.736581466482
HL1q,136,4,COMPLETED,2.02556653198,0.025566531982,0.452871600902,0.400228555453,0.743621454895
HL1q,136,4,COMPLETED,2.02601671587,0.0260167158682,0.452111714556,0.399471069475,0.750843757211
HL1q,136,4,COMPLETED,2.02640196783,0.0264019678259,0.447595934302,0.395058717456,0.758264143798
HL1q,136,4,COMPLETED,2.02688116447,0.0268811644704,0.445228936451,0.392891086952,0.765900745391
HL1q,136,4,COMPLETED,2.02726636222,0.0272663622213,0.443126866421,0.390886779933,0.773774576099
HL1q,136,4,COMPLETED,2.02763608427,0.0276360842694,0.438487217724,0.384872907481,0.781910214797
HL1q,136,4,COMPLETED,2.0280719197,0.0280719197046,0.43068476766,0.377050428456,0.790336707451
HL1q,136,4,COMPLETED,2.02843270253,0.0284327025302,0.427362429812,0.372665165316,0.799088784408
HL1q,136,4,COMPLETED,2.02882689694,0.0288268969415,0.426823728832,0.3712620197,0.808208537655
HL1q,136,4,COMPLETED,2.02927750242,0.02927750242,0.419374489439,0.361828274206,0.817747788875
HL1q,136,4,COMPLETED,2.02955883835,0.0295588383489,0.419362086443,0.361404039487,0.82777152908
HL1q,136,4,COMPLETED,2.02976405003,0.0297640500324,0.413352906718,0.355161197186,0.83836308499
HL1q,136,4,COMPLETED,2.03002715408,0.0300271540766,0.410687825202,0.353552759409,0.849632196971
HL1q,136,4,COMPLETED,2.0302377886,0.0302377885984,0.409139756016,0.351407668913,0.861728284294
HL1q,136,4,COMPLETED,2.03034836132,0.0303483613214,0.398599417266,0.342437969949,0.874863605951
HL1q,136,4,COMPLETED,2.03037335805,0.0303733580515,0.39144475535,0.335490034933,0.889357020628
HL1q,136,4,COMPLETED,2.03047961359,0.0304796135906,0.384419604266,0.328816675601,0.905725893618
HL1q,136,4,COMPLETED,2.03063870759,0.0306387075943,0.373172479681,0.318216754245,0.924910377212
HL1q,136,4,COMPLETED,2.03058678001,0.0305867800079,0.36215479527,0.310274292027,0.947931757525
HL1q,136,4,COMPLETED,2.03071534232,0.0307153423173,0.345595951532,0.296967913219,0.975557413901
HL1q,136,4,COMPLETED,2.03095091348,0.0309509134846,0.331313155617,0.284789052394,1.00870820155
HL1q,136,4,COMPLETED,2.03125362731,0.0312536273067,0.315050121479,0.270243152294,1.04848914673
HL1q,136,4,COMPLETED,2.03146891972,0.0314689197153,0.294282757774,0.25223480666,1.0856879986
HL1q,136,4,COMPLETED,2.0313547799,0.0313547799024,0.280373181883,0.241127911195,1.10678138008
HL1q,136,4,COMPLETED,2.03135211446,0.0313521144633,0.266859687525,0.231603029673,1.12373634393
HL1q,136,4,COMPLETED,2.03130070397,0.0313007039749,0.261541644232,0.226697515753,1.13839164303
HL1q,136,4,COMPLETED,2.03109974946,0.0310997494561,0.251169935583,0.218377684404,1.15151576153
HL1q,136,4,COMPLETED,2.0310788084,0.0310788084028,0.243090055507,0.211501390881,1.16352192026
HL1q,136,4,COMPLETED,2.03102737321,0.0310273732106,0.236776762244,0.205431999847,1.17466394746
HL1q,136,4,COMPLETED,2.0308205603,0.0308205603028,0.233214664047,0.202053911588,1.18511146422
HL1q,136,4,COMPLETED,2.03053027059,0.0305302705891,0.229345643982,0.198889723518,1.19498466427
HL1q,136,4,COMPLETED,2.03040306047,0.0304030604698,0.223701793806,0.193763439514,1.20437249061
HL1q,136,4,COMPLETED,2.03016041463,0.0301604146283,0.221921488519,0.191762131407,1.21334299938
HL1q,136,4,COMPLETED,2.02982932337,0.0298293233706,0.217837196233,0.186883152471,1.2219496702
HL1q,136,4,COMPLETED,2.02961229776,0.0296122977636,0.220123461081,0.187637997035,1.23023545133
HL1q,136,4,COMPLETED,2.029520153,0.0295201530044,0.218395678377,0.184780822376,1.23823546281
HL1q,136,4,COMPLETED,2.02965317467,0.0296531746658,0.22647870487,0.190012001571,1.24597886573
HL1q,136,4,COMPLETED,2.02955888966,0.0295588896577,0.231179909587,0.191790396008,1.25349019262
HL1q,136,4,COMPLETED,2.02954685681,0.0295468568122,0.24962657257,0.198424968642,1.26079031784
HL1q,136,4,COMPLETED,2.02993676608,0.0299367660768,0.255700773584,0.201883506065,1.26789718051
HL1q,136,4,COMPLETED,2.03287433888,0.032874338879,0.285549912386,0.215850664068,1.27482633318
HL1q,136,4,COMPLETED,2.03602996393,0.0360299639322,0.363339779889,0.250222226167,1.28159136498
HL1q,136,4,COMPLETED,2.03305350956,0.033053509565,0.403934899846,0.275722113329,1.28820423279
HL1q,136,4,COMPLETED,2.0378735544,0.0378735544031,0.419808847204,0.286487752813,1.29467552378
HL1q,136,4,COMPLETED,2.03719476892,0.0371947689236,0.432050468266,0.292335939328,1.3010146659
HL1q,136,4,COMPLETED,2.03747324601,0.0374732460128,0.442210960428,0.303643230577,1.30723009845
HL1q,136,4,COMPLETED,2.03742424241,0.0374242424104,0.445554607591,0.311119335475,1.31332941173
HL1q,136,4,COMPLETED,2.03636414264,0.0363641426426,0.463737981364,0.315259345809,1.31931946214
HL1q,136,4,COMPLETED,2.03489963594,0.0348996359448,0.486679181318,0.329942956413,1.32520646802
HL1q,136,4,COMPLETED,2.0355861215,0.0355861215045,0.507816004779,0.338048425949,1.33099608995
HL1q,136,4,COMPLETED,2.03467451313,0.0346745131258,0.512060900368,0.341554120507,1.33669349848
HL1q,136,4,COMPLETED,2.03400325264,0.0340032526425,0.520974606513,0.349293695034,1.34230343163
HL1q,136,4,COMPLETED,2.03329405348,0.0332940534835,0.53821540051,0.356736722347,1.34783024396
HL1q,136,4,COMPLETED,2.03181215271,0.0318121527119,0.544243277084,0.361033428098,1.35327794878
HL1q,136,4,COMPLETED,2.03189354068,0.03189354068,0.558461835402,0.374647718209,1.35865025446
HL1q,136,4,COMPLETED,2.03120266612,0.0312026661202,0.562779495723,0.378264314146,1.363950596
HL1q,136,4,COMPLETED,2.02959808427,0.0295980842708,0.568734871534,0.384351364053,1.36918216248
HL1q,136,4,COMPLETED,2.02897824941,0.0289782494116,0.576713268639,0.392881688615,1.37434792105
HL1q,136,4,COMPLETED,2.02762149597,0.0276214959698,0.58697137816,0.40296144186,1.379450638
HL1q,136,4,COMPLETED,2.02653567279,0.0265356727874,0.588693863005,0.410545399532,1.38449289738
HL1q,136,4,COMPLETED,2.02339538771,0.0233953877106,0.60081890011,0.423366370127,1.38947711736
HL1q,136,4,COMPLETED,2.02264189765,0.0226418976509,0.593907078062,0.42094838867,1.39440556479
HL1q,136,4,COMPLETED,2.02265455703,0.0226545570257,0.589619745275,0.420141347338,1.39928036822
HL1q,136,4,COMPLETED,2.02201308806,0.0220130880607,0.597236100668,0.422640446401,1.40410352941
HL1q,136,4,COMPLETED,2.02112739281,0.021127392807,0.590412164863,0.420364547999,1.40887693369
HL1q,136,4,COMPLETED,2.01957942665,0.0195794266492,0.593430816916,0.424474702504,1.41360235927
HL1q,136,4,COMPLETED,2.01999878509,0.0199987850943,0.591395146379,0.426558491763,1.41828148559
HL1q,136,4,COMPLETED,2.0198246385,0.0198246385019,0.594263863016,0.435643807282,1.42291590085
HL1q,136,4,COMPLETED,2.01958848706,0.0195884870628,0.587921674719,0.428796479357,1.42750710882
HL1q,136,4,COMPLETED,2.01871413399,0.0187141339864,0.582518677596,0.423709175337,1.43205653503
HL1q,136,4,COMPLETED,2.01831706478,0.0183170647773,0.581667931621,0.417826816682,1.43656553237
HL1q,136,4,COMPLETED,2.01891155847,0.0189115584743,0.577366461974,0.411926700519,1.44103538619
HL1q,136,4,COMPLETED,2.0187731757,0.0187731756985,0.57694544263,0.413281688932,1.44546731893
HL1q,136,4,COMPLETED,2.01822982069,0.0182298206872,0.578705778857,0.418896654589,1.44986249441
HL1q,136,4,COMPLETED,2.01919801051,0.0191980105145,0.574090493972,0.414082233071,1.45422202167
HL1q,136,4,COMPLETED,2.01950035083,0.0195003508259,0.571096416003,0.412695388995,1.45854695854
HL1q,136,4,COMPLETED,2.01971034421,0.0197103442117,0.566876946533,0.406525293948,1.46283831493
HL1q,136,4,COMPLETED,2.019734507,0.019734507005,0.565152576049,0.40224738719,1.46709705583
HL1q,136,4,COMPLETED,2.02026558579,0.0202655857856,0.565849079752,0.408919948279,1.47132410404
HL1q,136,4,COMPLETED,2.02069462771,0.0206946277076,0.564196508817,0.407921200853,1.47552034278
HL1q,136,4,COMPLETED,2.02124637704,0.0212463770445,0.56393432477,0.410123862159,1.479686618
HL1q,136,4,COMPLETED,2.02183785972,0.0218378597171,0.558762762051,0.402647805142,1.48382374059
HL1q,136,4,COMPLETED,2.02218314281,0.0221831428121,0.551983246819,0.394183370193,1.48793248839
HL1q,136,4,COMPLETED,2.02294254729,0.0229425472883,0.550874407316,0.396272005254,1.49201360804
HL1q,136,4,COMPLETED,2.02352953539,0.0235295353934,0.551793029949,0.399536536991,1.49606781677
HL1q,136,4,COMPLETED,2.02444902794,0.0244490279408,0.546656096802,0.400827026594,1.50009580398
HL1q,136,4,COMPLETED,2.02528781197,0.0252878119665,0.543189623007,0.400407430874,1.50409823272
HL1q,136,4,COMPLETED,2.02579975413,0.0257997541271,0.548563675331,0.408396216567,1.50807574117
HL1q,136,4,COMPLETED,2.02623080163,0.0262308016324,0.537120147507,0.399879130378,1.51202894387
HL1q,136,4,COMPLETED,2.02673304361,0.0267330436068,0.530580237623,0.397741157028,1.51595843297
HL1q,136,4,COMPLETED,2.026512389,0.0265123890029,0.536847190111,0.404306013901,1.51986477937
HL1q,136,4,COMPLETED,2.02814539866,0.0281453986647,0.534656620499,0.406844165588,1.52374853381
HL1q,136,4,COMPLETED,2.02874972533,0.028749725334,0.526080277474,0.399776858776,1.52761022784
HL1q,136,4,COMPLETED,2.02906787468,0.0290678746816,0.522224825143,0.398518627274,1.53145037474
HL1q,136,4,COMPLETED,2.02947442523,0.0294744252277,0.520913102207,0.394630547486,1.53526947046
HL1q,136,4,COMPLETED,2.03038266697,0.0303826669713,0.514637220073,0.390497389999,1.5390679944
HL1q,136,4,COMPLETED,2.03109307234,0.0310930723429,0.508135492031,0.386557852341,1.54284641019
HL1q,136,4,COMPLETED,2.03166668726,0.0316666872634,0.511190243117,0.391566602865,1.54660516643
HL1q,136,4,COMPLETED,2.03240512233,0.0324051223328,0.504293886529,0.387162650958,1.55034469739
HL1q,136,4,COMPLETED,2.02903397845,0.0290339784511,0.51097276691,0.394671224151,1.55406542362
HL1q,136,4,COMPLETED,2.03367573159,0.0336757315865,0.51351787734,0.399489754562,1.55776775262
HL1q,136,4,COMPLETED,2.0344290618,0.0344290617951,0.508292634128,0.393451324024,1.56145207935
HL1q,136,4,COMPLETED,2.03503357351,0.0350335735103,0.505418075262,0.392156306241,1.56511878681
HL1q,136,4,COMPLETED,2.0353695225,0.0353695224965,0.489672990228,0.376985432013,1.56876824657
HL1q,136,4,COMPLETED,2.0360861556,0.036086155598,0.484232525925,0.374344158685,1.57240081923
HL1q,136,4,COMPLETED,2.03681732937,0.0368173293735,0.478055357277,0.36895810407,1.57601685487
HL1q,136,4,COMPLETED,2.03669947463,0.0366994746333,0.479015528023,0.373642974555,1.57961669353
HL1q,136,4,COMPLETED,2.03809696946,0.0380969694641,0.467999248029,0.365447800029,1.58320066558
HL1q,136,4,COMPLETED,2.03849606462,0.0384960646192,0.471122185788,0.369138275423,1.58676909216
HL1q,136,4,COMPLETED,2.03883698781,0.0388369878146,0.465206541136,0.365153349709,1.59032228548
HL1q,136,4,COMPLETED,2.03880869103,0.0388086910274,0.469112592946,0.36970132795,1.59386054925
HL1q,136,4,COMPLETED,2.03868542124,0.0386854212381,0.473892548143,0.376774373013,1.59738417897
HL1q,136,4,COMPLETED,2.04073637949,0.0407363794898,0.47106768857,0.376604082259,1.60089346225
HL1q,136,4,COMPLETED,2.04122574369,0.0412257436939,0.470017013338,0.378001381292,1.60438867915
HL1q,136,4,COMPLETED,2.04175219161,0.041752191607,0.467109371843,0.376038670415,1.60787010243
HL1q,136,4,COMPLETED,2.0423091022,0.0423091022029,0.463269057377,0.371412526864,1.61133799783
HL1q,136,4,COMPLETED,2.04301890661,0.0430189066112,0.453903251048,0.361641928223,1.61479262434
HL1q,136,4,COMPLETED,2.04347716072,0.0434771607194,0.441634481511,0.350472127207,1.61823423447
HL1q,136,4,COMPLETED,2.04400282261,0.0440028226125,0.433609202023,0.342716746408,1.62166307445
HL1q,136,4,COMPLETED,2.04435090631,0.0443509063136,0.4160331708,0.326053269684,1.62507938447
HL1q,136,4,COMPLETED,2.04471258592,0.0447125859204,0.421292356798,0.32938063358,1.62848339893
HL1q,136,4,COMPLETED,2.04333549808,0.0433354980779,0.422522643795,0.332946003016,1.63187534659
HL1q,136,4,COMPLETED,2.04450832598,0.0445083259799,0.428161697922,0.338974793705,1.63525545081
HL1q,136,4,COMPLETED,2.04548011047,0.0454801104724,0.420934073211,0.331067795227,1.63862392972
HL1q,136,4,COMPLETED,2.04517218008,0.0451721800799,0.428820835665,0.34008765757,1.64198099643
HL1q,136,4,COMPLETED,2.04625860843,0.046258608432,0.428385693927,0.34012479234,1.64532685914
HL1q,136,4,COMPLETED,2.04571594376,0.0457999115935,0.431054647991,0.344637940749,1.6486617214
HL1q,136,4,COMPLETED,2.04672881742,0.0471150201449,0.431422962353,0.347162697733,1.65198578216
HL1q,136,4,COMPLETED,2.04668936901,0.0475188852676,0.432638859869,0.346782991129,1.65529923601
HL1q,136,4,COMPLETED,2.04530974168,0.0472298716792,0.430192411663,0.344119036155,1.65860227329
HL1q,136,4,COMPLETED,2.04384146971,0.0479441795572,0.425569161568,0.338993219318,1.66189508024
HL1q,136,4,COMPLETED,2.04157143912,0.0481513405612,0.426140360689,0.339724504613,1.66517783911
HL1q,136,4,COMPLETED,2.03925538251,0.0483530472204,0.424081965428,0.34006932175,1.66845072831
HL1q,136,4,COMPLETED,2.0356764915,0.0486089274525,0.409131059249,0.328115303459,1.67171392254
HL1q,136,4,COMPLETED,2.03149118518,0.0489151419679,0.408101508233,0.325029291319,1.67496759289
HL1q,136,4,COMPLETED,2.02631390602,0.0492975711208,0.410496489299,0.325273101246,1.67821190697
HL1q,136,4,COMPLETED,2.02037508874,0.0494894612816,0.413185687328,0.325658290216,1.68144702901
HL1q,136,4,COMPLETED,2.01021473344,0.0461533976302,0.414360074674,0.331800282027,1.68467311996
HL1q,136,4,COMPLETED,2.00507235139,0.0487659674145,0.405698088578,0.319409810473,1.68789033761
HL1q,136,4,COMPLETED,1.99655993975,0.0486116418133,0.413104995333,0.32509189596,1.69109883668
HL1q,136,4,COMPLETED,1.98923182043,0.0487249169265,0.425680797012,0.33597338443,1.69429876889
HL1q,136,4,COMPLETED,1.98171693837,0.0490898352682,0.427060493178,0.33917954457,1.69749028309
HL1q,136,4,COMPLETED,1.97301051394,0.049265692369,0.428535811437,0.339512847054,1.70067352533
HL1q,136,4,COMPLETED,1.96381941782,0.0496195411301,0.424138625193,0.337194977928,1.70384863893
HL1q,136,4,COMPLETED,1.95353360733,0.0495168247994,0.424471047706,0.338972999835,1.70701576457
HL1q,136,4,COMPLETED,1.94097470264,0.0487776070205,0.41420983103,0.331817210371,1.7101750404
HL1q,136,4,COMPLETED,1.92847750358,0.0481927112345,0.417909318258,0.334608777212,1.71332660204
HL1q,136,4,COMPLETED,1.91433842108,0.0466011505503,0.414150324997,0.331636149702,1.71647058275
HL1q,136,4,COMPLETED,1.90211409786,0.0479642490692,0.414684154423,0.328713168247,1.71960711342
HL1q,136,4,COMPLETED,1.88750714318,0.0478707194691,0.41969145841,0.331094482114,1.72273632266
HL1q,136,4,COMPLETED,1.87239245118,0.0472437334925,0.422576587961,0.331454627909,1.72585833689
HL1q,136,4,COMPLETED,1.8575934512,0.0471486138382,0.416383325508,0.323577623246,1.72897328038
HL1q,136,4,COMPLETED,1.84315561941,0.0469207263419,0.429509401357,0.335636720196,1.73208127532
HL1q,136,4,COMPLETED,1.82799483744,0.0468349681431,0.435572860914,0.343655754223,1.73518244186
HL1q,136,4,COMPLETED,1.81191000751,0.0460387843468,0.43443695226,0.343271363749,1.7382768982
HL1q,136,4,COMPLETED,1.7955491939,0.0453278177808,0.429628274432,0.34055912441,1.74136476062
HL1q,136,4,COMPLETED,1.77947520193,0.0448054524356,0.425262586141,0.335973242315,1.74444614353
HL1q,136,4,COMPLETED,1.76444356232,0.0454132513757,3.2734991753,0.670589088176,1.74752115955
HL1q,136,4,COMPLETED,1.74685264217,0.043539005494,3.2776086135,0.674985938998,1.75058991954
HL1q,136,4,COMPLETED,1.7307429458,0.0438285138049,3.25697984563,0.670991240505,1.75365253264
HL1q,136,4,COMPLETED,1.7146010049,0.0441350972057,3.92577779931,0.867637653709,1.75670910634
HL1q,136,4,COMPLETED,1.69661463224,0.0422972265312,2.68446443502,0.638845746624,1.75975974649
HL1q,136,4,COMPLETED,1.6790122252,0.041631852847,2.64571430676,0.636792288161,1.7628045574
HL1q,136,4,COMPLETED,1.66116479772,0.0407009833879,2.59938511519,0.632691512883,1.76584364183
HL1q,136,4,COMPLETED,1.64386518956,0.0400861942879,2.55214267771,0.618873547939,1.76887710104
HL1q,136,4,COMPLETED,1.62646062368,0.0398000709365,2.51566024186,0.618223571081,1.77190503487
HL1q,136,4,COMPLETED,1.60915642274,0.0393394034368,2.46673555119,0.613028102859,1.77492754173
HL1q,136,4,COMPLETED,1.59096322725,0.0384539279165,2.4320523521,0.620100645347,1.77794471867
HL1q,136,4,COMPLETED,1.57155194011,0.036992464845,2.39813893796,0.619345859724,1.78095666138
HL1q,136,4,COMPLETED,1.55294104704,0.0359907625887,2.35983044069,0.620060618721,1.78396346428
HL1q,136,4,COMPLETED,1.53512776518,0.0353941387236,2.31925028803,0.616031379896,1.78696522052
HL1q,136,4,COMPLETED,1.5174759317,0.0355894726417,3.04731231937,0.785489121636,1.789962022
HL1q,136,4,COMPLETED,1.49814054005,0.0341294101278,2.99416931414,0.783428169134,1.79295395943
HL1q,136,4,COMPLETED,1.47910241199,0.0330492102615,2.98399081596,0.789989989254,1.79594112237
HL1q,136,4,COMPLETED,1.45981195384,0.0321123451887,2.89373388028,0.774015531278,1.79892359921
HL1q,136,4,COMPLETED,1.44047706431,0.0308498646737,2.81693556015,0.767572126323,1.80190147727
HL1q,136,4,COMPLETED,1.42275282011,0.0312907400738,2.76242536347,0.762179799874,1.80487484278
HL1q,136,4,COMPLETED,1.40350626306,0.0307836801461,2.70158190521,0.748853504153,1.8078437809
HL1q,136,4,COMPLETED,1.38372081063,0.0298600198201,2.65671986528,0.748093675057,1.81080837579
HL1q,136,4,COMPLETED,1.36455645275,0.0288407916316,2.59937797084,0.744143620317,1.81376871063
HL1q,136,4,COMPLETED,1.34507396808,0.0283089374682,2.52997011387,0.732515956511,1.81672486761
HL1q,136,4,COMPLETED,1.32601713041,0.0277931032494,2.47871329438,0.730099319514,1.81967692798
HL1q,136,4,COMPLETED,1.30607365568,0.0269372343018,2.41497867939,0.718179191973,1.82262497208
HL1q,136,4,COMPLETED,1.28614479075,0.0261190729087,2.37149011776,0.712720693788,1.82556907936
HL1q,136,4,COMPLETED,1.26621745016,0.0255501230832,2.31725823867,0.705455502577,1.8285093284
HL1q,136,4,COMPLETED,1.24631571826,0.0248120763911,2.24100073983,0.697345283365,1.83144579693
HL1q,136,4,COMPLETED,1.22660837109,0.0242782350789,1.74899878133,0.564776199566,1.83437856185
HL1q,136,4,COMPLETED,1.20653651203,0.0236462790975,1.70798858773,0.561637466533,1.83730769927
HL1q,136,4,COMPLETED,1.18602850274,0.0223525176232,1.67600989158,0.555945099176,1.84023328453
HL1q,136,4,COMPLETED,1.16641103918,0.0226065944993,1.64994325542,0.552756963652,1.8431553922
HL1q,136,4,COMPLETED,1.14622807594,0.0222503601792,1.60289212143,0.542625767741,1.8460740961
HL1q,136,4,COMPLETED,1.12627341377,0.0219007479909,1.57010715772,0.535865547251,1.84898946935
HL1q,136,4,COMPLETED,1.1063805073,0.0214093461153,1.52945778901,0.52655988281,1.85190158437
HL1q,136,4,COMPLETED,1.08626297498,0.0212323307536,1.50827607735,0.524791397921,1.8548105129
HL1q,136,4,COMPLETED,1.0661947665,0.0207913731138,1.46746694211,0.516033910989,1.85771632601
HL1q,136,4,COMPLETED,1.04606567767,0.0202932355722,1.42743624959,0.503808391506,1.86061909415
HL1q,136,4,COMPLETED,1.02487052742,0.0194560661245,1.40123868979,0.494583490784,1.86351888711
HL1q,136,4,COMPLETED,1.00548633127,0.0198520439637,1.37382642603,0.499676771443,1.86641577412
HL1q,136,4,COMPLETED,0.985678668867,0.0195828951847,1.33428704848,0.496590591828,1.86930982378
HL1q,136,4,COMPLETED,0.965190086688,0.0193576883366,1.29543202794,0.492815001806,1.87220110415
HL1q,136,4,COMPLETED,0.944789040887,0.0185107769963,1.2533024124,0.487640710608,1.8750896827
HL1q,136,4,COMPLETED,0.924372145704,0.018286509893,0.446550104755,0.346906388125,1.87797562639
HL1q,136,4,COMPLETED,0.904080012756,0.0182251392334,0.444095772756,0.345999143939,1.88085900165
HL1q,136,4,COMPLETED,0.884077529018,0.0178150620088,0.446731494977,0.346530618646,1.8837398744
HL1q,136,4,COMPLETED,0.863328434297,0.0175729823523,0.444041676809,0.344904655908,1.88661831005
HL1q,136,4,COMPLETED,0.842880299664,0.0170915877232,0.441418737585,0.343701533419,1.88949437356
HL1q,136,4,COMPLETED,0.822528661315,0.0166009015567,0.448167550611,0.349276665737,1.89236812941
HL1q,136,4,COMPLETED,0.801984261162,0.0165016062941,0.438046145223,0.338587657999,1.89523964165
HL1q,136,4,COMPLETED,0.781574216677,0.0162807343458,0.444041496481,0.34569036355,1.89810897386
HL1q,136,4,COMPLETED,0.761449075659,0.0161870778391,0.437596776963,0.338858550701,1.90097618924
HL1q,136,4,COMPLETED,0.740646015902,0.0158602036657,0.432323751336,0.332710641003,1.90384135055
HL1q,136,4,COMPLETED,0.719662659362,0.0151939315714,0.443519791821,0.345227242932,1.90670452019
HL1q,136,4,COMPLETED,0.699298288775,0.014902695343,0.438705116866,0.341009248856,1.90956576015
HL1q,136,4,COMPLETED,0.678992961454,0.0147716869552,0.430809393985,0.331662978014,1.91242513208
HL1q,136,4,COMPLETED,0.659105481041,0.0153479058707,4.07180214524,0.781457931654,1.91528269725
HL1q,136,4,COMPLETED,0.637730792777,0.0143541299994,4.04660161407,0.78460173014,1.9181385166
HL1q,136,4,COMPLETED,0.617615166066,0.0145530293433,5.0815772042,1.04733518051,1.92099265076
HL1q,136,4,COMPLETED,0.596128337358,0.013631187881,5.10358541769,1.06290200726,1.92384516001
HL1q,136,4,COMPLETED,0.575594139823,0.0135060494061,5.08941860137,1.05631132378,1.92669610436
HL1q,136,4,COMPLETED,0.55500833938,0.0133929594294,5.05725432548,1.04764506235,1.9295455435
HL1q,136,4,COMPLETED,0.534127490473,0.0130306192901,5.00876630618,1.0416690246,1.93239353686
HL1q,136,4,COMPLETED,0.514084605843,0.0133137062076,5.71335455348,1.30497415233,1.93524014359
HL1q,136,4,COMPLETED,0.492562095054,0.0124752553375,5.76506435952,1.3240009685,1.93808542258
HL1q,136,4,COMPLETED,0.471966498206,0.0124587561954,5.81720540939,1.32950083869,1.9409294325
HL1q,136,4,COMPLETED,0.451322260295,0.0121672632164,5.77538463553,1.31726201929,1.94377223176
HL1q,136,4,COMPLETED,0.430276487962,0.0119619633874,5.80866072844,1.32086548414,1.94661387856
HL1q,136,4,COMPLETED,0.410274789051,0.0127127560427,6.59680538415,1.60679154448,1.94945443088
HL1q,136,4,COMPLETED,0.389810048936,0.0125560681479,6.54356033512,1.58547564828,1.9522939465
HL1q,136,4,COMPLETED,0.367908156979,0.0114825565301,6.594867289,1.59722093553,1.95513248302
HL1q,136,4,COMPLETED,0.347159511762,0.0112702780061,6.53543517981,1.57255626868,1.95797009786
HL1q,136,4,COMPLETED,0.326346550127,0.0110996621859,6.51538482039,1.5610622507,1.96080684826
HL1q,136,4,COMPLETED,0.306241700905,0.0104016099463,6.41447246133,1.5292645326,1.96364279131
HL1q,136,4,COMPLETED,0.284609376072,0.010850187653,6.40409311014,1.52253071305,1.96647798397
HL1q,136,4,COMPLETED,0.263777653733,0.010654272438,6.44442147556,1.52598637675,1.96931248302
HL1q,136,4,COMPLETED,0.244631023181,0.00940729210976,6.37132809787,1.51458987433,1.97214634516
HL1q,136,4,COMPLETED,0.223390839796,0.0108494197314,6.29659504592,1.48849824606,1.97497962695
HL1q,136,4,COMPLETED,0.204271940346,0.0104251510409,6.3107482356,1.48586960543,1.97781238484
HL1q,136,4,COMPLETED,0.186127592915,0.0104956869486,6.2722974847,1.48228913887,1.98064467521
HL1q,136,4,COMPLETED,0.17010691529,0.0107022482639,6.27190344035,1.48770262903,1.98347655433
HL1q,136,4,COMPLETED,0.155390227508,0.0103924558219,6.15774879668,1.45844507767,1.9863080784
HL1q,136,4,COMPLETED,0.142253074462,0.0109641041734,6.80073136755,1.71984116161,1.98913930356
HL1q,136,4,COMPLETED,0.128755548334,0.0101126537095,6.7335012441,1.70975512273,1.9919702859
HL1q,136,4,COMPLETED,0.118079501013,0.0101291438331,6.68479292158,1.70255428743,1.99480108145
HL1q,136,4,COMPLETED,0.111008189017,0.00950462406129,6.61320066301,1.68359222138,1.99763174622
HL1q,136,4,COMPLETED,0.106916825031,0.00890547530214,6.58072993661,1.68451109522,2
HL1z,68,4,COMPLETED,0,0,0.0013625849643,0.00108582158143,0
HL1z,68,4,COMPLETED,8.7962260768e-06,5.37981299911e-11,0.00136258369791,0.00108582027701,1.2e-06
HL1z,68,4,COMPLETED,1.93516973748e-05,2.07993194837e-10,0.00136258315296,0.00108581873245,2.64e-06
HL1z,68,4,COMPLETED,3.20182629457e-05,5.22103939882e-10,0.00136258390262,0.00108581690887,4.368e-06
HL1z,68,4,COMPLETED,4.72181416594e-05,1.08490821547e-09,0.00136258682337,0.00108581476359,6.4416e-06
HL1z,68,4,COMPLETED,6.54579960852e-05,2.02784207649e-09,0.0013625932387,0.00108581225122,8.92992e-06
HL1z,68,4,COMPLETED,8.73456040747e-05,3.32735817138e-09,0.00136260512796,0.00108580932559,1.1915904e-05
HL1z,68,4,COMPLETED,0.000113609947286,4.65521419326e-09,0.0013626254297,0.00108580594331,1.54990848e-05
HL1z,68,4,COMPLETED,0.000145125148953,5.03730767858e-09,0.00136265848105,0.00108592986667,1.979890176e-05
HL1z,68,4,COMPLETED,0.000182938845195,2.10027916225e-09,0.00136271065401,0.00108628273879,2.4958682112e-05
HL1z,68,4,COMPLETED,0.00022830826812,6.78063191399e-09,0.00136279127527,0.00108683351943,3.11504185344e-05
HL1z,68,4,COMPLETED,0.000282741312599,2.53163810254e-08,0.00136291395501,0.00108749507405,3.85805022413e-05
HL1z,68,4,COMPLETED,0.00034804616124,5.89311823429e-08,0.00136309850428,0.00108828982957,4.74966026895e-05
HL1z,68,4,COMPLETED,0.00042639024499,1.1606143908e-07,0.00136337369911,0.00108924481828,5.81959232274e-05
HL1z,68,4,COMPLETED,0.000520371276537,2.09372022652e-07,0.00136378126056,0.00109039265179,7.10351078729e-05
HL1z,68,4,COMPLETED,0.000633102609778,3.57007599867e-07,0.00136438157779,0.00109177271323,8.64421294475e-05
HL1z,68,4,COMPLETED,0.000768313986429,5.8565124969e-07,0.00136526192275,0.00109343262171,0.000104930555337
HL1z,68,4,COMPLETED,0.000930472264271,9.34178836468e-07,0.00136654821384,0.00109543003832,0.000127116666404
HL1z,68,4,COMPLETED,0.00112492470371,1.45936762784e-06,0.00136842180667,0.00109836719758,0.000153739999685
HL1z,68,4,COMPLETED,0.00135808181193,2.23146706222e-06,0.00137114335156,0.00110267055708,0.000185687999622
HL1z,68,4,COMPLETED,0.00163772599473,3.23909985724e-06,0.00137508647353,0.0011087152918,0.000224025599547
HL1z,68,4,COMPLETED,0.00197323367966,4.42262001076e-06,0.00138078488235,0.0011166846053,0.000270030719456
HL1z,68,4,COMPLETED,0.00237578987422,5.76500845124e-06,0.00138899740233,0.00112749128625,0.000325236863347
HL1z,68,4,COMPLETED,0.00285878082793,7.26414327187e-06,0.00140079605155,0.00114132377812,0.000391484236017
HL1z,68,4,COMPLETED,0.00343825962131,8.90281559601e-06,0.00141768212348,0.00116190026519,0.00047098108322
HL1z,68,4,COMPLETED,0.00413348482537,1.06294750401e-05,0.00144173326556,0.00118787441066,0.000566377299864
HL1z,68,4,COMPLETED,0.00496764817862,1.22490709691e-05,0.00147577948878,0.00122081265782,0.000680852759837
HL1z,68,4,COMPLETED,0.00596852948955,1.35035201412e-05,0.0015235969169,0.00126370932835,0.000818223311805
HL1z,68,4,COMPLETED,0.0071694237586,1.40171643064e-05,0.00159009602914,0.00131928832042,0.000983067974166
HL1z,68,4,COMPLETED,0.00861026479927,1.32059977199e-05,0.00168147213525,0.00139698688389,0.001180881569
HL1z,68,4,COMPLETED,0.0103389448021,1.01768405783e-05,0.00181032698519,0.00149780208031,0.0014182578828
HL1z,68,4,COMPLETED,0.0124116495555,4.82434528828e-06,0.00197699385149,0.00163664586428,0.00170310945936
HL1z,68,4,COMPLETED,0.0148937944673,1.43113982359e-06,0.00219627065914,0.00180475810233,0.00204493135123
HL1z,68,4,COMPLETED,0.0178693093295,1.29870791977e-05,0.00247978991791,0.00201669313788,0.00245511762148
HL1z,68,4,COMPLETED,0.0214425767798,1.81528105249e-05,0.0028210472611,0.00228464398725,0.00294734114577
HL1z,68,4,COMPLETED,0.0257336318672,2.41517031709e-05,0.0032512632202,0.00262693781587,0.00353800937493
HL1z,68,4,COMPLETED,0.0308910912393,3.39526009852e-05,0.00380905855879,0.00307544645697,0.00424681124991
HL1z,68,4,COMPLETED,0.0370732553562,4.79093250082e-05,0.00452459221596,0.00369476203372,0.00509737349989
HL1z,68,4,COMPLETED,0.0445167788935,5.23826170769e-05,0.00547804450172,0.00444742602369,0.00611804819987
HL1z,68,4,COMPLETED,0.0534555133228,6.79184428749e-05,0.006500344544,0.00527233922505,0.00734285783985
HL1z,68,4,COMPLETED,0.0641545021238,9.0133282065e-05,0.00787181452784,0.00631119848155,0.00881262940781
HL1z,68,4,COMPLETED,0.0769844689241,0.000100377019128,0.00923432235481,0.00738144623167,0.0105763552894
HL1z,68,4,COMPLETED,0.0923696261756,0.000120433275249,0.0109176781953,0.00882257633755,0.0126928263473
HL1z,68,4,COMPLETED,0.110827237737,0.000196606179708,0.0132387300582,0.0107485281996,0.0152325916167
HL1z,68,4,COMPLETED,0.133011904102,0.000308143925387,0.0155582496206,0.0128249905473,0.01828030994
HL1z,68,4,COMPLETED,0.159477024739,0.000288958191165,0.0185084026937,0.0152769422076,0.0219375719281
HL1z,68,4,COMPLETED,0.191340496264,0.000519520749433,0.0236057657303,0.0189359614885,0.0263262863137
HL1z,68,4,COMPLETED,0.229616410713,0.000845313290864,0.0289788772409,0.0232453038514,0.0315927435764
HL1z,68,4,COMPLETED,0.270886293563,0.000978280069882,0.033881569556,0.0271254151924,0.0372633381857
HL1z,68,4,COMPLETED,0.312142933692,0.00122300792704,0.0385552667546,0.0314165406373,0.0429366676891
HL1z,68,4,COMPLETED,0.35254276114,0.00108932689794,0.0474892107364,0.0375923383537,0.0486131869673
HL1z,68,4,COMPLETED,0.394230185644,0.00176393583449,0.0522634091245,0.0417497697344,0.0542933531413
HL1z,68,4,COMPLETED,0.43453524245,0.00183254201385,0.0573083843224,0.0462616215447,0.0599776259092
HL1z,68,4,COMPLETED,0.475958751738,0.00219016231538,0.0616534093904,0.0498395295967,0.0656664678876
HL1z,68,4,COMPLETED,0.516306577012,0.00222643452282,0.0708987905002,0.0561637648374,0.0713603449594
HL1z,68,4,COMPLETED,0.55725876279,0.0028955579475,0.0788952418508,0.0627972528809,0.0770597266278
HL1z,68,4,COMPLETED,0.59804890351,0.00295098630714,0.0830445742108,0.066397651298,0.082765086378
HL1z,68,4,COMPLETED,0.639014943895,0.00338292391502,0.0874510935091,0.0703874616846,0.0884769020468
HL1z,68,4,COMPLETED,0.679495814358,0.00358370415572,0.0987083415231,0.0774859387605,0.0941956562008
HL1z,68,4,COMPLETED,0.720064627166,0.0039288800732,0.104591173726,0.0827786179213,0.0999218365258
HL1z,68,4,COMPLETED,0.760224116405,0.00428225934419,0.108699095938,0.0868115911038,0.105655936225
HL1z,68,4,COMPLETED,0.800188615091,0.00444491357514,0.113818521134,0.0913121678923,0.111398454432
HL1z,68,4,COMPLETED,0.839975280484,0.00473576241682,0.123899766064,0.0979856358311,0.117149896631
HL1z,68,4,COMPLETED,0.879960570033,0.0049589179399,0.133273007005,0.103933856996,0.122910775099
HL1z,68,4,COMPLETED,0.920125495461,0.00533979883067,0.135264766939,0.107263846359,0.128681609352
HL1z,68,4,COMPLETED,0.96010863446,0.00562755517633,0.142127939823,0.11262015256,0.134462926622
HL1z,68,4,COMPLETED,0.999643161686,0.00584303991691,0.144216906167,0.114897241899,0.140255262333
HL1z,68,4,COMPLETED,1.03860856188,0.00616038184598,0.162927430395,0.127031575531,0.146059160615
HL1z,68,4,COMPLETED,1.07696381289,0.00643949315849,0.164167251288,0.127452012143,0.151875174822
HL1z,68,4,COMPLETED,1.1151191138,0.00657925964574,0.173316538956,0.135862288158,0.157703868081
HL1z,68,4,COMPLETED,1.15418584096,0.0072167452256,0.175401313599,0.138603795017,0.163545813862
HL1z,68,4,COMPLETED,1.19287355256,0.00749492579453,0.176896885943,0.140450445248,0.169401596569
HL1z,68,4,COMPLETED,1.23139532011,0.00778027123218,0.181526091224,0.144843090723,0.175271812169
HL1z,68,4,COMPLETED,1.26876733689,0.00818603981289,0.199312557968,0.154915970043,0.181157068833
HL1z,68,4,COMPLETED,1.30584802924,0.00853587862286,0.205194490399,0.159808787473,0.187057987625
HL1z,68,4,COMPLETED,1.34283041847,0.00892439713886,0.202869755544,0.158903176963,0.192975203212
HL1z,68,4,COMPLETED,1.37921196548,0.00928068259041,0.21275797014,0.167928183398,0.198909364617
HL1z,68,4,COMPLETED,1.41619923817,0.00976514119387,0.212821694744,0.167834928591,0.204861136007
HL1z,68,4,COMPLETED,1.45111963417,0.0101646034075,0.21544373456,0.171011942208,0.210831197524
HL1z,68,4,COMPLETED,1.48572453776,0.0105535807513,0.226883449628,0.176816425935,0.216820246159
HL1z,68,4,COMPLETED,1.52088717928,0.0108219544266,0.240868521738,0.185859452042,0.222828996677
HL1z,68,4,COMPLETED,1.55607614011,0.0112239293823,0.238956137137,0.187464713911,0.228858182589
HL1z,68,4,COMPLETED,1.59043918516,0.0117226276995,0.243401315882,0.190425539758,0.234908557187
HL1z,68,4,COMPLETED,1.62204793647,0.012201757487,0.240657967839,0.189209934233,0.24098089463
HL1z,68,4,COMPLETED,1.65403891439,0.0126221799022,0.246415201251,0.196771242149,0.247075991102
HL1z,68,4,COMPLETED,1.68623485662,0.0129768089978,0.244775654633,0.195991774808,0.253194666038
HL1z,68,4,COMPLETED,1.71826449631,0.0132314408827,0.256595663484,0.201294787146,0.259337763424
HL1z,68,4,COMPLETED,1.74710652307,0.0136094188934,0.260905216471,0.204636990615,0.265506153181
HL1z,68,4,COMPLETED,1.77649242059,0.0141406588789,0.26518471769,0.208804039397,0.271700732641
HL1z,68,4,COMPLETED,1.80435342629,0.0144184683545,0.27188198027,0.21318302084,0.277922428106
HL1z,68,4,COMPLETED,1.83148408724,0.0148895769614,0.269321371096,0.212702426608,0.284172196534
HL1z,68,4,COMPLETED,1.85612989487,0.0151667699544,0.272203132985,0.216386632225,0.290451027314
HL1z,68,4,COMPLETED,1.88182036176,0.0154615082931,0.267679418584,0.214738498994,0.296759944184
HL1z,68,4,COMPLETED,1.90584389671,0.0157455649089,0.275150254797,0.220346439696,0.303100007271
HL1z,68,4,COMPLETED,1.92560154368,0.0159279344697,0.268990888136,0.217067412189,0.309472315285
HL1z,68,4,COMPLETED,1.94287638638,0.015981848372,0.280307007887,0.224700410363,0.315878007867
HL1z,68,4,COMPLETED,1.96205007291,0.0161638811814,0.285823645601,0.227151034793,0.322318268117
HL1z,68,4,COMPLETED,1.97985314011,0.0163169753602,0.284375414939,0.226153395256,0.328794325313
HL1z,68,4,COMPLETED,1.99315226258,0.0162623291554,0.279940490147,0.224586936499,0.335307457833
HL1z,68,4,COMPLETED,2.0021181838,0.0160634671031,0.287334209566,0.234632850742,0.341858996316
HL1z,68,4,COMPLETED,2.00754063692,0.0160405248654,0.284659229845,0.230641837269,0.34845032707
HL1z,68,4,COMPLETED,2.01085303415,0.015787491031,0.279417646723,0.224557598882,0.355082895764
HL1z,68,4,COMPLETED,2.01291902604,0.0156004533479,0.283162082585,0.229575934695,0.361758211422
HL1z,68,4,COMPLETED,2.01475873482,0.0153849914378,0.28885553471,0.24136077094,0.368477850756
HL1z,68,4,COMPLETED,2.01491342687,0.0149687774139,0.28488483265,0.236619760684,0.375243462883
HL1z,68,4,COMPLETED,2.01485065085,0.014850650845,0.284682824855,0.233667238415,0.38205677445
HL1z,68,4,COMPLETED,2.01483112701,0.0148311270142,0.288767993094,0.238638644271,0.388919595224
HL1z,68,4,COMPLETED,2.01482674158,0.0148267415755,0.296216132728,0.248393758024,0.3958338242
HL1z,68,4,COMPLETED,2.01464190085,0.0146419008507,0.292480362661,0.243705977234,0.402801456283
HL1z,68,4,COMPLETED,2.01458005828,0.0145800582792,0.289990392673,0.240089606874,0.409824589606
HL1z,68,4,COMPLETED,2.01437228759,0.0143722875899,0.289477706088,0.239313330518,0.416905433581
HL1z,68,4,COMPLETED,2.01406340569,0.0140634056859,0.299381566406,0.252355097828,0.424046317743
HL1z,68,4,COMPLETED,2.01380433209,0.013804332089,0.299436099164,0.253208353291,0.43124970152
HL1z,68,4,COMPLETED,2.01348584192,0.0134858419167,0.298343829008,0.250983085442,0.438518185016
HL1z,68,4,COMPLETED,2.01222694897,0.0122269489688,0.297663931307,0.251762187925,0.44585452097
HL1z,68,4,COMPLETED,2.01080244584,0.0108024458384,0.304567574131,0.26112366748,0.453261628023
HL1z,68,4,COMPLETED,2.00880926328,0.00880926327733,0.318259488482,0.277099065891,0.4607426055
HL1z,68,4,COMPLETED,2.00642375197,0.00642375196833,0.327821762939,0.280562451464,0.4683007499
HL1z,68,4,COMPLETED,2.00237767098,0.00237767097804,0.367524745221,0.294996477115,0.475939573353
HL1z,68,4,COMPLETED,1.99956974648,0.000430253519909,0.466070377507,0.328980341975,0.48366282434
HL1z,68,4,COMPLETED,1.99668366734,0.00331633266075,0.526068982779,0.371183834766,0.491474511023
HL1z,68,4,COMPLETED,1.99324792185,0.00675207814587,0.56402970489,0.390354018693,0.499378927583
HL1z,68,4,COMPLETED,1.9899431786,0.0100568213965,0.521152292403,0.37320991178,0.507380684088
HL1z,68,4,COMPLETED,1.98816872328,0.0118312767226,0.624949638679,0.421714841662,0.515484740442
HL1z,68,4,COMPLETED,1.98719542618,0.0128045738173,0.624828908685,0.429849098032,0.523696445155
HL1z,68,4,COMPLETED,1.98508423967,0.0149157603328,0.645163604723,0.43560505315,0.532021579772
HL1z,68,4,COMPLETED,1.98363575102,0.0163642489783,0.670053574727,0.453159772684,0.540466410016
HL1z,68,4,COMPLETED,1.982003744,0.0179962559977,0.650719479846,0.448400656685,0.549037744919
HL1z,68,4,COMPLETED,1.9808183796,0.0191816203952,0.643204106861,0.447314624276,0.557743005513
HL1z,68,4,COMPLETED,1.98103586625,0.0189641337549,0.700487656007,0.483116141126,0.566590305054
HL1z,68,4,COMPLETED,1.9806355641,0.0193644359005,0.71949238412,0.502083920833,0.575588543211
HL1z,68,4,COMPLETED,1.97989454638,0.0201054536224,0.706676015425,0.497245908711,0.58474751731
HL1z,68,4,COMPLETED,1.98008676397,0.0199132360341,0.73312698463,0.513342726189,0.594078054564
HL1z,68,4,COMPLETED,1.97898403086,0.0210159691354,0.736669076394,0.514528553676,0.603592170319
HL1z,68,4,COMPLETED,1.97873537398,0.0212646260224,0.727776328967,0.515894429061,0.613303258833
HL1z,68,4,COMPLETED,1.97904650797,0.020953492028,0.75177847826,0.529477709894,0.623226325151
HL1z,68,4,COMPLETED,1.97968640772,0.0203135922815,0.73537756014,0.520468114884,0.633378269377
HL1z,68,4,COMPLETED,1.97982887794,0.0201711220587,0.759250083377,0.550478795969,0.643778238557
HL1z,68,4,COMPLETED,1.98051801813,0.0194819818687,0.735200050984,0.538134863297,0.654448066852
HL1z,68,4,COMPLETED,1.98160991603,0.0183900839669,0.780999307786,0.57545065214,0.665412832559
HL1z,68,4,COMPLETED,1.98144071356,0.0185592864368,0.779171130687,0.577116511591,0.676701572159
HL1z,68,4,COMPLETED,1.98102012946,0.0189798705379,0.778165660782,0.578725996082,0.688348208856
HL1z,68,4,COMPLETED,1.98158747529,0.0184125247064,0.751682718211,0.559384780687,0.700392779698
HL1z,68,4,COMPLETED,1.98253809756,0.0174619024432,0.719886375289,0.538712736264,0.712883087078
HL1z,68,4,COMPLETED,1.98379639773,0.0162036022725,0.778516603281,0.577277650752,0.725876968096
HL1z,68,4,COMPLETED,1.98403606229,0.0159639377084,0.782337608413,0.57737011517,0.739445488374
HL1z,68,4,COMPLETED,1.9840658762,0.0159341237989,0.745736415839,0.559153305578,0.753677563755
HL1z,68,4,COMPLETED,1.99706002385,0.00293997615403,1.27589088536,0.621900574917,0.768686871083
HL1z,68,4,COMPLETED,2.01964045281,0.0196404528121,1.6467530686,0.722634996789,0.784622594979
HL1z,68,4,COMPLETED,2.09683292943,0.0968329294305,2.95930665166,1.1965090836,0.801686957182
HL1z,68,4,COMPLETED,2.14401838136,0.144018381361,4.32924211697,1.65512953861,0.820165561517
HL1z,68,4,COMPLETED,2.20886905549,0.208869055494,4.68750310142,1.71345585429,0.840484087342
HL1z,68,4,COMPLETED,2.29469402474,0.294694024739,4.84394679831,1.74853553587,0.863325539579
HL1z,68,4,COMPLETED,2.38022133815,0.380221338145,5.65444964211,2.03495407508,0.889909988966
HL1z,68,4,COMPLETED,2.45750247389,0.457502473893,5.77787804384,2.06121730478,0.921811328232
HL1z,68,4,COMPLETED,2.56074693759,0.560746937585,5.80099510355,2.0756131388,0.96009293535
HL1z,68,4,COMPLETED,2.6046351217,0.604635121705,5.6365451653,1.94166617431,1.00603086389
HL1z,68,4,COMPLETED,2.62754018357,0.627540183575,3.49357382357,1.06296353901,1.06115637814
HL1z,68,4,COMPLETED,2.6432234738,0.643223473797,3.00577718974,0.909847996485,1.12020369247
HL1z,68,4,COMPLETED,2.64293110972,0.642931109719,3.2444625104,0.943318200786,1.15037815366
HL1z,68,4,COMPLETED,2.66844298205,0.668442982048,2.86946904042,0.848636544436,1.17457926048
HL1z,68,4,COMPLETED,2.677790706,0.677790705999,2.90692718875,0.854991844269,1.1954933056
HL1z,68,4,COMPLETED,2.68702046056,0.687020460558,2.59703127062,0.797061297726,1.2142298268
HL1z,68,4,COMPLETED,2.70388611688,0.703886116879,2.60800125411,0.794523487374,1.23138209422
HL1z,68,4,COMPLETED,2.71382231684,0.713822316837,2.22138492986,0.733930557645,1.24731327926
HL1z,68,4,COMPLETED,2.73353220031,0.733532200311,2.80664289966,0.85285605009,1.26226549064
HL1z,68,4,COMPLETED,2.74677235833,0.746772358326,2.30127793242,0.767009763096,1.27640997988
HL1z,68,4,COMPLETED,2.76072894497,0.760728944971,2.31925361278,0.766718941243,1.28987329494
HL1z,68,4,COMPLETED,2.77572774293,0.77572774293,2.55104651578,0.80446914989,1.30275215611
HL1z,68,4,COMPLETED,2.79598825868,0.795988258682,2.56830463102,0.810305203201,1.31512249636
HL1z,68,4,COMPLETED,2.80151462779,0.801514627794,2.59040756592,0.811717032563,1.32704524763
HL1z,68,4,COMPLETED,2.81741475375,0.817414753751,2.6103706712,0.813276522384,1.33857020243
HL1z,68,4,COMPLETED,2.83273628051,0.832736280515,2.61055336655,0.817458854864,1.34973868124
HL1z,68,4,COMPLETED,2.84783723428,0.847837234278,2.72887609809,0.850697378212,1.36058542921
HL1z,68,4,COMPLETED,2.86151913877,0.861519138766,1.7776613847,0.711294315489,1.37113999835
HL1z,68,4,COMPLETED,2.86490482084,0.864904820841,1.35191923053,0.668506161153,1.38142777662
HL1z,68,4,COMPLETED,2.88078239064,0.880782390641,1.23564334079,0.662507769224,1.39147076824
HL1z,68,4,COMPLETED,2.88929271753,0.889292717533,1.34996142617,0.666291049618,1.40128819536
HL1z,68,4,COMPLETED,2.89583292834,0.895832928338,1.38773105694,0.670667865561,1.41089696848
HL1z,68,4,COMPLETED,2.90343489149,0.903434891489,1.39906132999,0.667212729851,1.42031205931
HL1z,68,4,COMPLETED,2.89996493701,0.899964937015,1.4088747079,0.674765194001,1.42954679949
HL1z,68,4,COMPLETED,2.91623527435,0.916235274346,1.13295159832,0.645568466108,1.43861312267
HL1z,68,4,COMPLETED,2.91821485474,0.91821485474,1.69942226481,0.72013698302,1.44752176243
HL1z,68,4,COMPLETED,2.91329062623,0.913290626228,1.72716739994,0.726665975483,1.45628241556
HL1z,68,4,COMPLETED,2.91955652527,0.919556525266,1.48772230074,0.69084580406,1.46490387785
HL1z,68,4,COMPLETED,2.9149946636,0.914994663601,1.76893361044,0.708117748717,1.47339415781
HL1z,68,4,COMPLETED,2.91740166249,0.917401662486,0.748447931006,0.623226199934,1.48176057261
HL1z,68,4,COMPLETED,2.91708993205,0.917089932049,0.747147897512,0.624387632593,1.49000982949
HL1z,68,4,COMPLETED,2.91247360502,0.912473605019,0.743856242522,0.621334811295,1.49814809524
HL1z,68,4,COMPLETED,2.90975968544,0.909759685436,0.738444736055,0.616398093703,1.50618105583
HL1z,68,4,COMPLETED,2.90807999497,0.908079994971,0.735887941556,0.613311632437,1.51411396791
HL1z,68,4,COMPLETED,2.91216224308,0.912162243082,0.731344913859,0.608962900313,1.52195170337
HL1z,68,4,COMPLETED,2.90871724983,0.90871724983,0.727177879806,0.604801661329,1.52969878816
HL1z,68,4,COMPLETED,2.90990423751,0.909904237508,0.727156105286,0.605376824299,1.53735943624
HL1z,68,4,COMPLETED,2.91371832255,0.919856044719,1.97960743368,0.77586203172,1.54493757938
HL1z,68,4,COMPLETED,2.9165006578,0.916634807712,1.9922725868,0.778631751075,1.55243689336
HL1z,68,4,COMPLETED,2.9163886161,0.916649211157,1.9933028698,0.786486528418,1.55986082123
HL1z,68,4,COMPLETED,2.91444619916,0.91516583903,1.98302512346,0.786738334644,1.56721259383
HL1z,68,4,COMPLETED,2.91723527383,0.918140826993,1.97880723865,0.785727195036,1.57449524813
HL1z,68,4,COMPLETED,2.91459922789,0.916540674179,2.00086911976,0.792720982127,1.58171164355
HL1z,68,4,COMPLETED,2.92133540825,0.923867880419,2.02125139456,0.802763455394,1.58886447659
HL1z,68,4,COMPLETED,2.91906906633,0.923152391081,2.03223869598,0.804037864174,1.59595629395
HL1z,68,4,COMPLETED,2.92261984562,0.927587965044,2.03414842426,0.808632313753,1.60298950433
HL1z,68,4,COMPLETED,2.92660306192,0.933104504249,2.10501529473,0.82750632382,1.6099663891
HL1z,68,4,COMPLETED,2.9214291793,0.931203421825,2.10915994107,0.825496755774,1.61688911186
HL1z,68,4,COMPLETED,2.93020759358,0.939874813098,2.49228785139,0.950226067973,1.62375972726
HL1z,68,4,COMPLETED,2.9290798264,0.939224904747,2.59317451196,0.995974776655,1.63058018883
HL1z,68,4,COMPLETED,2.92992981995,0.942248911579,2.57948695144,0.99142340138,1.63735235622
HL1z,68,4,COMPLETED,2.92598750316,0.94175909755,2.62580287999,1.00946780594,1.64407800179
HL1z,68,4,COMPLETED,2.92405298095,0.945198950362,2.60801746758,0.996797272103,1.65075881658
HL1z,68,4,COMPLETED,2.92537657155,0.950038290175,2.57466830784,0.962882674811,1.65739641581
HL1z,68,4,COMPLETED,2.92205046801,0.951990359715,2.51757194031,0.955196204964,1.66399234392
HL1z,68,4,COMPLETED,2.91155371709,0.951887037628,2.50391632293,0.948790928904,1.67054807919
HL1z,68,4,COMPLETED,2.90244702299,0.952184707192,2.46294540338,0.936369096963,1.67706503799
HL1z,68,4,COMPLETED,2.89191548115,0.951394125251,2.41429693874,0.932743091477,1.68354457871
HL1z,68,4,COMPLETED,2.884097379,0.955533335264,2.40059047747,0.95239802048,1.68998800538
HL1z,68,4,COMPLETED,2.86860917635,0.954286492655,2.36230635187,0.937354700925,1.69639657097
HL1z,68,4,COMPLETED,2.85626943538,0.95570970882,2.28633414841,0.920137494701,1.70277148055
HL1z,68,4,COMPLETED,2.84184308093,0.957291223289,2.2540306416,0.902273334208,1.70911389409
HL1z,68,4,COMPLETED,2.82486473642,0.959135665897,2.1640714345,0.880726519938,1.71542492919
HL1z,68,4,COMPLETED,2.80564373038,0.96194577646,2.16704703542,0.877763781275,1.72170566347
HL1z,68,4,COMPLETED,2.78561459831,0.956511432139,2.01779796131,0.848106782056,1.72795713696
HL1z,68,4,COMPLETED,2.77019007922,0.961972348518,1.79134720126,0.785488449797,1.73418035418
HL1z,68,4,COMPLETED,2.75584103965,0.966262930931,1.7142202545,0.758635316992,1.74037628616
HL1z,68,4,COMPLETED,2.73510351523,0.965075348398,1.66333689829,0.748683391916,1.74654587232
HL1z,68,4,COMPLETED,2.71892207773,0.975412249335,1.93917300362,0.840345640646,1.75269002221
HL1z,68,4,COMPLETED,2.69171513279,0.972765422727,1.89688259029,0.842817937627,1.75880961714
HL1z,68,4,COMPLETED,2.67126714839,0.977392733734,1.8699504057,0.847323158544,1.76490551172
HL1z,68,4,COMPLETED,2.64477860059,0.979037395738,1.82486563231,0.846231402912,1.77097853532
HL1z,68,4,COMPLETED,2.62347952421,0.986630807242,1.90487648131,0.888872704843,1.77702949338
HL1z,68,4,COMPLETED,2.59182338326,0.984445034239,1.63452718798,0.845727872404,1.78305916871
HL1z,68,4,COMPLETED,2.56023119948,0.985348074129,1.57539367716,0.826142332508,1.78906832271
HL1z,68,4,COMPLETED,2.52543485234,0.983660124625,1.54338071651,0.839303009158,1.79505769646
HL1z,68,4,COMPLETED,2.4889746509,0.980833928088,1.45073217512,0.819501023062,1.8010280118
HL1z,68,4,COMPLETED,2.44990469878,0.977360189522,1.35725715694,0.79643432088,1.80697997234
HL1z,68,4,COMPLETED,2.42282315452,0.98409217533,1.28638900866,0.78531692978,1.81291426445
HL1z,68,4,COMPLETED,2.38894553541,0.985339033998,1.26813542332,0.778316114266,1.81883155808
HL1z,68,4,COMPLETED,2.35203654329,0.985570653579,1.22793068706,0.770117033822,1.82473250771
HL1z,68,4,COMPLETED,2.3227944628,0.993482460504,1.19214100451,0.761188806532,1.83061775309
HL1z,68,4,COMPLETED,2.29533033716,1.00462876125,1.38639242955,0.811603013188,1.83648792006
HL1z,68,4,COMPLETED,2.25152489794,0.999572949118,1.34316408671,0.79693998657,1.84234362127
HL1z,68,4,COMPLETED,2.20831991827,0.99371708513,1.54559633287,0.836214591962,1.84818545685
HL1z,68,4,COMPLETED,2.16825690348,0.992107087802,1.51886480929,0.821883119624,1.85401401513
HL1z,68,4,COMPLETED,2.13461282471,0.997388741668,1.50334605336,0.820630940013,1.85982987326
HL1z,68,4,COMPLETED,2.10232794628,1.00425446817,1.47722477387,0.805414025476,1.86563359778
HL1z,68,4,COMPLETED,2.0643825428,1.00572311844,1.43698319736,0.792989509549,1.87142574526
HL1z,68,4,COMPLETED,2.02391188646,1.00519779245,1.43650530953,0.794092941433,1.87720686282
HL1z,68,4,COMPLETED,1.98806345796,1.00727209106,1.45156541057,0.791151441219,1.88297748871
HL1z,68,4,COMPLETED,1.94430416698,1.00387043701,1.44223085758,0.78651554778,1.88873815275
HL1z,68,4,COMPLETED,1.90361833416,1.00343466773,1.32913828412,0.762501533869,1.8944893769
HL1z,68,4,COMPLETED,1.86314327604,1.00231918098,1.30848140486,0.755215392561,1.9002316757
HL1z,68,4,COMPLETED,1.82548628125,1.00424683185,1.24061639644,0.73528204256,1.90596555675
HL1z,68,4,COMPLETED,1.78771191837,1.00818282499,1.22634089,0.74586372937,1.91169152113
HL1z,68,4,COMPLETED,1.74588318719,1.00724943218,1.09626589675,0.712245230135,1.91741006386
HL1z,68,4,COMPLETED,1.70779374258,1.00871803397,0.986714644669,0.682840129394,1.9231216743
HL1z,68,4,COMPLETED,1.66870045961,1.01118572773,0.982420848943,0.682830860729,1.92882683653
HL1z,68,4,COMPLETED,1.62765789168,1.00864356519,0.934169147077,0.661118702277,1.93452602982
HL1z,68,4,COMPLETED,1.59180306435,1.01366762754,1.05645298637,0.688812933569,1.94021972894
HL1z,68,4,COMPLETED,1.54351049603,1.00621359137,1.02989108279,0.67574673452,1.94590840455
HL1z,68,4,COMPLETED,1.51046302534,1.01466255136,0.993056989503,0.657969149926,1.9515925236
HL1z,68,4,COMPLETED,1.46734758187,1.01182526606,0.982924822483,0.658119576465,1.95727254965
HL1z,68,4,COMPLETED,1.4227123018,1.00784128327,0.964703995502,0.651526743534,1.96294894322
HL1z,68,4,COMPLETED,1.38740270383,1.01233783992,0.944368275411,0.643373172828,1.96862216219
HL1z,68,4,COMPLETED,1.34690762375,1.01232339004,0.999844959851,0.659668249743,1.97429266205
HL1z,68,4,COMPLETED,1.30876833141,1.01515451267,0.996671986898,0.638084799533,1.97996089631
HL1z,68,4,COMPLETED,1.26852408128,1.01439005972,0.99508006149,0.634305535603,1.9856273168
HL1z,68,4,COMPLETED,1.23324273681,1.01894218835,0.993667932302,0.633631702682,1.99129237399
HL1z,68,4,COMPLETED,1.18906944905,1.01337061278,0.990760717039,0.632030374245,1.99695651732
HL1z,68,4,COMPLETED,1.17435548874,1.01731338846,0.996384594625,0.63439526662,2
HL1z,96,4,COMPLETED,0,0,0.000702642606566,0.00056412058902,0
HL1z,96,4,COMPLETED,8.72578624644e-06,3.11934751953e-11,0.000702642479893,0.000564119905459,1.2e-06
HL1z,96,4,COMPLETED,1.91967297459e-05,1.3045139641e-10,0.000702644239354,0.000564119091239,2.64e-06
HL1z,96,4,COMPLETED,3.17618619513e-05,3.38590064881e-10,0.000702649103177,0.000564118122889,4.368e-06
HL1z,96,4,COMPLETED,4.68400206088e-05,7.1656019014e-10,0.000702658903197,0.000564237563537,6.4416e-06
HL1z,96,4,COMPLETED,6.49338110153e-05,1.35473618669e-09,0.00070267637025,0.000564406539282,8.92992e-06
HL1z,96,4,COMPLETED,8.66463595336e-05,2.38638884324e-09,0.000702705548093,0.000564609360578,1.1915904e-05
HL1z,96,4,COMPLETED,0.000112701417806,4.00718400977e-09,0.00070275239282,0.000564852818735,1.54990848e-05
HL1z,96,4,COMPLETED,0.00014396748782,6.50338794948e-09,0.000702825639762,0.000565145073108,1.979890176e-05
HL1z,96,4,COMPLETED,0.000181486771985,1.02926326398e-08,0.000702938055583,0.000565495929026,2.4958682112e-05
HL1z,96,4,COMPLETED,0.000226509913234,1.59828007872e-08,0.00070310824434,0.00056591717321,3.11504185344e-05
HL1z,96,4,COMPLETED,0.000280537683163,2.44570335405e-08,0.000703363248763,0.000566422979035,3.85805022413e-05
HL1z,96,4,COMPLETED,0.000345371007815,3.69964053936e-08,0.000703742290267,0.000567346285691,4.74966026895e-05
HL1z,96,4,COMPLETED,0.000423170998663,5.54568917442e-08,0.000704302134078,0.000568777374625,5.81959232274e-05
HL1z,96,4,COMPLETED,0.000516530989853,8.25245799367e-08,0.000705124762492,0.000570495983851,7.10351078729e-05
HL1z,96,4,COMPLETED,0.000628562983015,1.22083638175e-07,0.00070632830388,0.000572576803266,8.64421294475e-05
HL1z,96,4,COMPLETED,0.000763001381235,1.79746759079e-07,0.000708082508562,0.000575118217422,0.000104930555337
HL1z,96,4,COMPLETED,0.000924327470164,2.63619709265e-07,0.000710630482898,0.000578858028316,0.000127116666404
HL1z,96,4,COMPLETED,0.00111791879594,3.85403186128e-07,0.000714318853863,0.000583827964618,0.000153739999685
HL1z,96,4,COMPLETED,0.00135022841975,5.61980698425e-07,0.000719638929843,0.000590515673089,0.000185687999622
HL1z,96,4,COMPLETED,0.00162899995654,8.17638341597e-07,0.000727281509754,0.000599321101118,0.000224025599547
HL1z,96,4,COMPLETED,0.00196346814339,1.12979898018e-06,0.0007382073318,0.00061157124336,0.000270030719456
HL1z,96,4,COMPLETED,0.00236465550313,1.42067509947e-06,0.000753733090637,0.000626660856156,0.000325236863347
HL1z,96,4,COMPLETED,0.00284574793232,1.5679823437e-06,0.000775628824435,0.000646295465678,0.000391484236017
HL1z,96,4,COMPLETED,0.003422630074,1.50410418229e-06,0.000806216324427,0.0006712852805,0.00047098108322
HL1z,96,4,COMPLETED,0.00411451908103,1.3287734529e-06,0.000848452109961,0.000705348379906,0.000566377299864
HL1z,96,4,COMPLETED,0.0049445468609,1.26943970245e-06,0.000905977636737,0.000750379265916,0.000680852759837
HL1z,96,4,COMPLETED,0.00594031363586,1.48053247148e-06,0.000983130527498,0.000807939600577,0.000818223311805
HL1z,96,4,COMPLETED,0.00713656752997,8.66756960739e-07,0.00108493551023,0.000887474484131,0.000983067974166
HL1z,96,4,COMPLETED,0.00857392065491,1.01029743037e-06,0.00121726664329,0.00099117984373,0.001180881569
HL1z,96,4,COMPLETED,0.0103005253451,3.77725699333e-06,0.00139109629872,0.0011302264274,0.0014182578828
HL1z,96,4,COMPLETED,0.0123746207236,6.94747346855e-06,0.00160842731372,0.00130236412545,0.00170310945936
HL1z,96,4,COMPLETED,0.0148624738319,8.10176912102e-06,0.00187523422056,0.00152163760393,0.00204493135123
HL1z,96,4,COMPLETED,0.017847979301,1.03396850742e-05,0.00221358347802,0.00179607579265,0.00245511762148
HL1z,96,4,COMPLETED,0.0214323146649,1.30934519425e-05,0.0026197965858,0.0021254959329,0.00294734114577
HL1z,96,4,COMPLETED,0.0257390850892,1.48501702105e-05,0.00315176691852,0.00256782082354,0.00353800937493
HL1z,96,4,COMPLETED,0.0309135702682,1.05551166174e-05,0.00374636397769,0.00305577677308,0.00424681124991
HL1z,96,4,COMPLETED,0.0371151329619,2.17023491996e-06,0.00447023182694,0.00364958740298,0.00509737349989
HL1z,96,4,COMPLETED,0.0445568785062,1.48279106657e-05,0.00528978867005,0.00431524403327,0.00611804819987
HL1z,96,4,COMPLETED,0.0534719797481,2.21280023826e-05,0.0062977478454,0.00513824021524,0.00734285783985
HL1z,96,4,COMPLETED,0.0641625803186,4.31450770402e-05,0.00749636546063,0.00612749588085,0.00881262940781
HL1z,96,4,COMPLETED,0.0769992669528,6.96960691373e-05,0.00898146740757,0.00733510689987,0.0105763552894
HL1z,96,4,COMPLETED,0.092411724692,0.000104264857882,0.0111024395525,0.00912323734474,0.0126928263473
HL1z,96,4,COMPLETED,0.1108896381,0.000159940053611,0.0135887226256,0.0110163738763,0.0152325916167
HL1z,96,4,COMPLETED,0.133019431687,0.000233729236891,0.0163562063926,0.0132713644853,0.01828030994
HL1z,96,4,COMPLETED,0.159550929676,0.000440223126359,0.0200621804907,0.0162538909337,0.0219375719281
HL1z,96,4,COMPLETED,0.188604719635,0.000256822780308,0.0231544502161,0.0188265512066,0.0259514795479
HL1z,96,4,COMPLETED,0.218004018946,0.000626618424445,0.0281236213377,0.0224366667459,0.0299663396097
HL1z,96,4,COMPLETED,0.247100923056,0.00048800741986,0.0323512603452,0.0261059839431,0.0339823125347
HL1z,96,4,COMPLETED,0.276390579633,0.000844596330371,0.0364693484476,0.0294400231262,0.0379995591341
HL1z,96,4,COMPLETED,0.30522501363,0.00105597285195,0.0396415662771,0.032200125728,0.0420182406675
HL1z,96,4,COMPLETED,0.33452953012,0.00111197489798,0.0452094714649,0.0360135211463,0.0460385189016
HL1z,96,4,COMPLETED,0.36347479054,0.00118678886009,0.0506207554847,0.0405569858274,0.0500605561701
HL1z,96,4,COMPLETED,0.392514385277,0.00128727847072,0.0531591291769,0.0430206457216,0.054084515433
HL1z,96,4,COMPLETED,0.421615892613,0.00150475494034,0.0591902056655,0.0475887196289,0.0581105603374
HL1z,96,4,COMPLETED,0.4506492222,0.00176825552942,0.0653647368942,0.0519591769002,0.0621388552789
HL1z,96,4,COMPLETED,0.479776076505,0.00183750904051,0.0687990771252,0.054671482973,0.0661695654633
HL1z,96,4,COMPLETED,0.508770479509,0.00191608392426,0.0714489186512,0.0574042540088,0.0702028569697
HL1z,96,4,COMPLETED,0.537608082898,0.00208857073589,0.0786962679792,0.0630000354163,0.0742388968139
HL1z,96,4,COMPLETED,0.566409051467,0.00216324376694,0.0846888008755,0.067363760277,0.0782778530132
HL1z,96,4,COMPLETED,0.595130651883,0.00246215868684,0.0868767243367,0.0693838909066,0.0823198946523
HL1z,96,4,COMPLETED,0.623735946816,0.00263973058536,0.0929324669078,0.0747030128428,0.0863651919499
HL1z,96,4,COMPLETED,0.652649330262,0.00268664214522,0.0943923777691,0.0758438580341,0.0904139163265
HL1z,96,4,COMPLETED,0.68144923493,0.00274881714992,0.102919650903,0.0816234669512,0.0944662404742
HL1z,96,4,COMPLETED,0.710247922108,0.0029810049812,0.10799624027,0.0859224295129,0.0985223384268
HL1z,96,4,COMPLETED,0.738546349867,0.00298652058924,0.111836381561,0.0899022695619,0.102582385632
HL1z,96,4,COMPLETED,0.767327926948,0.00337039253021,0.116763993849,0.0940057244664,0.106646559024
HL1z,96,4,COMPLETED,0.795497937472,0.00328017065534,0.124180034729,0.0980448083913,0.110715037102
HL1z,96,4,COMPLETED,0.824002785515,0.00357324581492,0.127972345382,0.101046894572,0.114788000002
HL1z,96,4,COMPLETED,0.852203660526,0.00367481115369,0.132805586508,0.105657402951,0.118865629579
HL1z,96,4,COMPLETED,0.880547955835,0.00395681374173,0.135651864611,0.108280538415,0.122948109487
HL1z,96,4,COMPLETED,0.90886454408,0.00404640587313,0.138448370177,0.111303902327,0.127035625261
HL1z,96,4,COMPLETED,0.937082984313,0.00423051473391,0.150608177603,0.117510258747,0.1311283644
HL1z,96,4,COMPLETED,0.964998582521,0.00446017435194,0.156548897232,0.122905963236,0.135226516458
HL1z,96,4,COMPLETED,0.992882164103,0.00461775907577,0.158328268215,0.124779147304,0.13933027313
HL1z,96,4,COMPLETED,1.02028138735,0.0048019707133,0.157118519087,0.124319026129,0.143439828343
HL1z,96,4,COMPLETED,1.04804032469,0.00490709751454,0.16351843623,0.130793263304,0.147555378355
HL1z,96,4,COMPLETED,1.07580108342,0.00508289229162,0.177798590017,0.138558181493,0.151677121846
HL1z,96,4,COMPLETED,1.10329272137,0.00511450501752,0.180853017144,0.140961156536,0.155805260022
HL1z,96,4,COMPLETED,1.13100673256,0.00545044290551,0.187369497989,0.145846600508,0.159939996717
HL1z,96,4,COMPLETED,1.15812334197,0.0056159325359,0.187986590592,0.147292980203,0.164081538499
HL1z,96,4,COMPLETED,1.18509113412,0.00582683224395,0.187077125647,0.147287019961,0.168230094779
HL1z,96,4,COMPLETED,1.21190041645,0.00595082055857,0.194722213369,0.152024924084,0.172385877925
HL1z,96,4,COMPLETED,1.23894494073,0.00613325186058,0.207981319207,0.160915339716,0.17654910338
HL1z,96,4,COMPLETED,1.26590598838,0.00632603949999,0.211564798672,0.163547317478,0.180719989778
HL1z,96,4,COMPLETED,1.29221707622,0.00633715208285,0.213764097689,0.166217095931,0.184898759076
HL1z,96,4,COMPLETED,1.31838489161,0.00667854599208,0.213497018773,0.166668276614,0.189085636677
HL1z,96,4,COMPLETED,1.34471297925,0.006789160613,0.215002704611,0.168878121427,0.193280851567
HL1z,96,4,COMPLETED,1.3709043732,0.00700708954512,0.221871500607,0.172449539787,0.197484636452
HL1z,96,4,COMPLETED,1.39699187149,0.00709176618312,0.236027224052,0.18043116955,0.201697227905
HL1z,96,4,COMPLETED,1.42265370015,0.00722507134385,0.236947140614,0.183225635481,0.205918866511
HL1z,96,4,COMPLETED,1.44767733247,0.00743717689405,0.241382527515,0.186605180641,0.210149797022
HL1z,96,4,COMPLETED,1.47245809654,0.00764210737824,0.238456971112,0.18630364416,0.214390268523
HL1z,96,4,COMPLETED,1.49737687098,0.00780446461395,0.240882855914,0.188778857523,0.21864053459
HL1z,96,4,COMPLETED,1.52283049109,0.00792998886551,0.247379880957,0.194294291993,0.222900853473
HL1z,96,4,COMPLETED,1.54688583383,0.00793665574859,0.255033026527,0.199193414194,0.227171488268
HL1z,96,4,COMPLETED,1.57068469612,0.00828349659664,0.260527505831,0.201701181892,0.23145270711
HL1z,96,4,COMPLETED,1.59453313278,0.00841881389976,0.264612082157,0.205744008082,0.235744783367
HL1z,96,4,COMPLETED,1.61819421833,0.00863068838645,0.266312201242,0.209480038307,0.240047995844
HL1z,96,4,COMPLETED,1.64133119984,0.00886787175554,0.267225330913,0.208976192459,0.244362628993
HL1z,96,4,COMPLETED,1.66381530013,0.00899562453273,0.267743664616,0.211697627396,0.248688973139
HL1z,96,4,COMPLETED,1.6864601851,0.009240656259,0.268524991224,0.215255532512,0.253027324705
HL1z,96,4,COMPLETED,1.70884398955,0.00945312023538,0.26774006454,0.214584859054,0.257377986459
HL1z,96,4,COMPLETED,1.72981445968,0.00940929428499,0.287565695128,0.227663447085,0.261741267762
HL1z,96,4,COMPLETED,1.7501307684,0.00977548023862,0.284393499498,0.225161269818,0.266117484832
HL1z,96,4,COMPLETED,1.77105117561,0.0101162667532,0.289750794941,0.231051390266,0.270506961023
HL1z,96,4,COMPLETED,1.79192985388,0.010126260767,0.290947637028,0.233743021133,0.274910027108
HL1z,96,4,COMPLETED,1.81125611586,0.010465791812,0.290651089066,0.234012543597,0.279327021583
HL1z,96,4,COMPLETED,1.82952876929,0.0107599912595,0.291083489775,0.234479854261,0.283758290986
HL1z,96,4,COMPLETED,1.84772404374,0.010842761236,0.293190510313,0.239717827863,0.288204190222
HL1z,96,4,COMPLETED,1.86654541361,0.011045262019,0.292003482852,0.240670928379,0.292665082919
HL1z,96,4,COMPLETED,1.88299314356,0.011329758226,0.300159744122,0.243233469391,0.297141341785
HL1z,96,4,COMPLETED,1.89915238646,0.0115886550565,0.308314640809,0.251191669279,0.301633348997
HL1z,96,4,COMPLETED,1.91481585013,0.0118913030152,0.311854831806,0.254854757733,0.306141496599
HL1z,96,4,COMPLETED,1.93039926977,0.0119940850106,0.307272743137,0.253411960951,0.31066618693
HL1z,96,4,COMPLETED,1.94342793345,0.0124182767281,0.310838999281,0.25525624235,0.315207833068
HL1z,96,4,COMPLETED,1.95593469987,0.0127407939063,0.306148618993,0.25380388777,0.319766859295
HL1z,96,4,COMPLETED,1.96847016373,0.0129020794341,0.305829220099,0.255890820251,0.324343701599
HL1z,96,4,COMPLETED,1.98109852146,0.0131140428986,0.311888197385,0.261430914109,0.328938808187
HL1z,96,4,COMPLETED,1.99033927587,0.0133272702553,0.306872863705,0.257062176406,0.333552640041
HL1z,96,4,COMPLETED,1.99729450486,0.0136547674941,0.313377628255,0.263157341536,0.338185671495
HL1z,96,4,COMPLETED,2.00195596114,0.0138385589185,0.316533120473,0.266647206855,0.342838390848
HL1z,96,4,COMPLETED,2.00676486813,0.0141437009388,0.318689382418,0.268957531554,0.347511301014
HL1z,96,4,COMPLETED,2.01048975175,0.0145011609809,0.320571765994,0.271144228812,0.352204920205
HL1z,96,4,COMPLETED,2.01297117784,0.0145758916643,0.320820671944,0.273694307366,0.356919782662
HL1z,96,4,COMPLETED,2.01439781704,0.0148774781283,0.316003796754,0.270789650176,0.361656439417
HL1z,96,4,COMPLETED,2.01516680972,0.0152030243694,0.319991771277,0.274456226709,0.366415459115
HL1z,96,4,COMPLETED,2.01560723231,0.0156072323146,0.31927461808,0.274390647864,0.371197428879
HL1z,96,4,COMPLETED,2.01579760892,0.0157976089209,0.319150798133,0.277314309787,0.376002955227
HL1z,96,4,COMPLETED,2.01600249759,0.0160024975917,0.320999093208,0.279102919077,0.380832665052
HL1z,96,4,COMPLETED,2.01636685386,0.0163668538618,0.322889513378,0.280947300754,0.385687206662
HL1z,96,4,COMPLETED,2.01668506813,0.0166850681289,0.321230317926,0.278782190096,0.390567250889
HL1z,96,4,COMPLETED,2.01696241561,0.0169624156068,0.324263874679,0.283378485429,0.395473492266
HL1z,96,4,COMPLETED,2.01727651328,0.0172765132755,0.325995599274,0.285840626256,0.400406650294
HL1z,96,4,COMPLETED,2.01770977291,0.0177097729061,0.326681366142,0.286480275918,0.405367470782
HL1z,96,4,COMPLETED,2.0180466647,0.0180466647017,0.324569239443,0.284932631819,0.410356727289
HL1z,96,4,COMPLETED,2.01814388365,0.0181438836529,0.3286368993,0.28782317259,0.415375222661
HL1z,96,4,COMPLETED,2.01851969672,0.0185196967222,0.325532023721,0.284516822802,0.420423790682
HL1z,96,4,COMPLETED,2.01889883837,0.0188988383717,0.326640150301,0.284906183582,0.425503297845
HL1z,96,4,COMPLETED,2.01915846348,0.0191584634842,0.326138870862,0.284471870792,0.430614645247
HL1z,96,4,COMPLETED,2.01926036561,0.0192603656125,0.327417119154,0.285216430716,0.435758770629
HL1z,96,4,COMPLETED,2.01930283036,0.0193028303555,0.328511933686,0.286094897825,0.440936650579
HL1z,96,4,COMPLETED,2.01932653234,0.0193265323354,0.327923562408,0.286021316161,0.446149302891
HL1z,96,4,COMPLETED,2.01936738871,0.0193673887095,0.327577645598,0.284058206763,0.451397789124
HL1z,96,4,COMPLETED,2.01909606769,0.0190960676888,0.33229218337,0.28715566737,0.456683217354
HL1z,96,4,COMPLETED,2.01877780526,0.0187778052617,0.333622350311,0.287555452619,0.462006745159
HL1z,96,4,COMPLETED,2.0182153112,0.0182153111972,0.334744223721,0.28953018632,0.46736958285
HL1z,96,4,COMPLETED,2.01782824221,0.0178282422109,0.332583491075,0.287848035303,0.472772996976
HL1z,96,4,COMPLETED,2.01733394248,0.017333942475,0.334041711675,0.28886595454,0.478218314126
HL1z,96,4,COMPLETED,2.01707326715,0.0170732671529,0.341611485752,0.293679430031,0.483706925076
HL1z,96,4,COMPLETED,2.01660727813,0.0166072781253,0.347960060448,0.299102753296,0.489240289298
HL1z,96,4,COMPLETED,2.01613708995,0.016137089953,0.348283479612,0.300227347762,0.49481993989
HL1z,96,4,COMPLETED,2.01604855373,0.0160485537268,0.349232529897,0.302710836441,0.50044748896
HL1z,96,4,COMPLETED,2.01627352069,0.0162735206876,0.346364646151,0.300428708371,0.506124633529
HL1z,96,4,COMPLETED,2.01656661577,0.0165666157659,0.353233892991,0.308207634392,0.511853162006
HL1z,96,4,COMPLETED,2.01678554404,0.0167855440402,0.357303829289,0.312412591232,0.517634961312
HL1z,96,4,COMPLETED,2.01711071163,0.0171107116295,0.359357109962,0.314935847529,0.523472024723
HL1z,96,4,COMPLETED,2.01775774889,0.0177577488879,0.358936012345,0.316725024079,0.52936646054
HL1z,96,4,COMPLETED,2.01843394911,0.0184339491088,0.360978819029,0.31992775689,0.535320501673
HL1z,96,4,COMPLETED,2.01915917497,0.0191591749681,0.365937942574,0.323567823526,0.541336516284
HL1z,96,4,COMPLETED,2.0196744381,0.0196744380952,0.367915296639,0.324409987224,0.547417019608
HL1z,96,4,COMPLETED,2.02030144692,0.0203014469237,0.370468207834,0.325960576771,0.553564687142
HL1z,96,4,COMPLETED,2.02096508334,0.0209650833371,0.375889262933,0.330274905721,0.559782369384
HL1z,96,4,COMPLETED,2.02186148871,0.0218614887082,0.377672586796,0.331515472919,0.566073108345
HL1z,96,4,COMPLETED,2.02240465768,0.0224046576781,0.381242204097,0.335188323684,0.57244015613
HL1z,96,4,COMPLETED,2.02311076259,0.0231107625939,0.384140876182,0.337374899271,0.57888699587
HL1z,96,4,COMPLETED,2.02357198429,0.023571984294,0.38435048644,0.337501081527,0.585417365423
HL1z,96,4,COMPLETED,2.02246896063,0.0224689606265,0.427076303081,0.347133643742,0.592035284266
HL1z,96,4,COMPLETED,2.02479649686,0.0247964968631,0.471186344129,0.360990165214,0.598745084154
HL1z,96,4,COMPLETED,2.02521506147,0.025215061472,0.518345720392,0.376251585068,0.60555144417
HL1z,96,4,COMPLETED,2.02550848464,0.0255084846424,0.49340968439,0.373094863119,0.612459430999
HL1z,96,4,COMPLETED,2.02401659987,0.024016599868,0.554694103802,0.394683023639,0.619474545382
HL1z,96,4,COMPLETED,2.02474088529,0.0247408852862,0.531211652194,0.390848693577,0.626602775948
HL1z,96,4,COMPLETED,2.02242711884,0.0224271188367,0.526390945522,0.395086866667,0.633850661924
HL1z,96,4,COMPLETED,2.01856085714,0.0185608571399,0.555654350813,0.403713679528,0.641225366556
HL1z,96,4,COMPLETED,2.00997858681,0.00997858680699,0.56496818984,0.404464679505,0.64873476357
HL1z,96,4,COMPLETED,2.00675864062,0.00675864061863,0.56378568893,0.409864347258,0.656387539606
HL1z,96,4,COMPLETED,2.00352375135,0.0035237513543,0.661047432698,0.457623016656,0.664193316395
HL1z,96,4,COMPLETED,1.99802905774,0.00197094226123,0.677383300684,0.471484310728,0.672162797491
HL1z,96,4,COMPLETED,1.9940789463,0.00592105370364,0.65988152746,0.463640953687,0.680307945894
HL1z,96,4,COMPLETED,1.99105871973,0.0089412802677,0.689112410795,0.477106519117,0.688642200847
HL1z,96,4,COMPLETED,1.98630055867,0.0136994413338,0.672793916082,0.474119287316,0.697180744899
HL1z,96,4,COMPLETED,1.98545179622,0.0145482037813,0.720928572996,0.502033587468,0.705940836197
HL1z,96,4,COMPLETED,1.98502064622,0.0149793537844,0.699180821289,0.490107629241,0.71494222654
HL1z,96,4,COMPLETED,1.98770935433,0.0122906456695,0.768420531535,0.520693415628,0.72420769378
HL1z,96,4,COMPLETED,1.98580685211,0.0141931478873,0.756734165668,0.518169563264,0.733763729155
HL1z,96,4,COMPLETED,1.99421822478,0.00578177521959,1.33070126633,0.564775303063,0.743641438235
HL1z,96,4,COMPLETED,2.01787237068,0.0178723706767,3.19894777868,1.04233965135,0.753877742284
HL1z,96,4,COMPLETED,2.03794125382,0.0379412538229,3.87680099771,1.32807084266,0.764517011741
HL1z,96,4,COMPLETED,2.04962784578,0.0496278457791,3.85006905037,1.33113402882,0.775613337324
HL1z,96,4,COMPLETED,2.06561175382,0.0656117538219,4.05749676117,1.31146555544,0.787233770202
HL1z,96,4,COMPLETED,2.08785680086,0.0878568008642,4.58217633165,1.41093860212,0.799463086522
HL1z,96,4,COMPLETED,2.11459491473,0.114594914731,4.55299341983,1.4291563361,0.812411049186
HL1z,96,4,COMPLETED,2.14092150642,0.140921506418,4.62005600276,1.38926600105,0.826223965118
HL1z,96,4,COMPLETED,2.19474342708,0.194743427078,5.26022178151,1.62368719608,0.841104085446
HL1z,96,4,COMPLETED,2.27704125089,0.27704125089,6.85388545144,2.3205027538,0.857344437876
HL1z,96,4,COMPLETED,2.3197518207,0.3197518207,7.41136410994,2.51782290727,0.875397111579
HL1z,96,4,COMPLETED,2.39036088252,0.390360882524,7.70848844471,2.59994501649,0.89602419852
HL1z,96,4,COMPLETED,2.44911658038,0.449116580382,7.94305994304,2.65245019713,0.92069537363
HL1z,96,4,COMPLETED,2.521300968,0.521300968001,8.12531700099,2.71420303352,0.950300783761
HL1z,96,4,COMPLETED,2.58685521071,0.586855210707,8.05779775072,2.63518473684,0.985827275919
HL1z,96,4,COMPLETED,2.66036402875,0.660364028751,3.94111490976,1.04238101229,1.02845906651
HL1z,96,4,COMPLETED,2.66213933046,0.662139330461,4.26000528903,1.08543609485,1.07961721522
HL1z,96,4,COMPLETED,2.70980960174,0.709809601735,4.1380582987,1.06877080182,1.11177716081
HL1z,96,4,COMPLETED,2.73042968727,0.730429687267,4.48479361004,1.17583801568,1.13474236037
HL1z,96,4,COMPLETED,2.75971675683,0.759716756834,4.22857448074,1.10025523929,1.15383793825
HL1z,96,4,COMPLETED,2.79185032241,0.791850322409,4.09643083419,1.09993043046,1.17060129867
HL1z,96,4,COMPLETED,2.81182018899,0.811820188989,4.23813495693,1.11480916165,1.18575147802
HL1z,96,4,COMPLETED,2.82730218551,0.827302185511,3.52582747782,0.932810949048,1.19969707529
HL1z,96,4,COMPLETED,2.84166079421,0.841660794208,3.34589369792,0.892262335058,1.21269768226
HL1z,96,4,COMPLETED,2.85429683339,0.854296833394,3.03031467308,0.837215655145,1.22493079199
HL1z,96,4,COMPLETED,2.86259742911,0.862597429113,3.15919456839,0.829712992692,1.23652428927
HL1z,96,4,COMPLETED,2.86695396535,0.866953965353,2.70821614297,0.766939767108,1.24757401705
HL1z,96,4,COMPLETED,2.87136204329,0.871362043294,2.72259745839,0.76561330618,1.25815404809
HL1z,96,4,COMPLETED,2.87590691282,0.87590691282,2.34009861711,0.726981613428,1.26832306281
HL1z,96,4,COMPLETED,2.88053055166,0.88053055166,2.73429269385,0.788671284762,1.27812850217
HL1z,96,4,COMPLETED,2.887841935,0.887841935001,2.55735408836,0.778710341851,1.28760937855
HL1z,96,4,COMPLETED,2.90114174446,0.901141744463,2.76207483279,0.807947490332,1.29679824051
HL1z,96,4,COMPLETED,2.91026193722,0.91026193722,2.16798478019,0.739078905174,1.30572258382
HL1z,96,4,COMPLETED,2.91779413297,0.91779413297,2.19421184734,0.741190193126,1.31440588879
HL1z,96,4,COMPLETED,2.92969990948,0.929699909483,2.45844287216,0.773988769538,1.32286839825
HL1z,96,4,COMPLETED,2.93954747234,0.939547472337,2.50284978047,0.777686711569,1.33112771158
HL1z,96,4,COMPLETED,2.95247776111,0.952477761112,2.76357838269,0.812216825638,1.33919924523
HL1z,96,4,COMPLETED,2.96856854625,0.968568546254,2.79552098218,0.81337066245,1.34709659483
HL1z,96,4,COMPLETED,2.98254963006,0.982549630061,3.02899294424,0.847287164768,1.35483182341
HL1z,96,4,COMPLETED,2.99264642403,0.992646424032,3.0608965679,0.850687447211,1.36241569344
HL1z,96,4,COMPLETED,3.00779461739,1.00779461739,3.27521945943,0.883849252092,1.36985785551
HL1z,96,4,COMPLETED,3.02284026442,1.02284026442,3.33567434007,0.894121953739,1.37716700312
HL1z,96,4,COMPLETED,3.04116841474,1.04116841474,3.54404812807,0.927505581468,1.38435100085
HL1z,96,4,COMPLETED,3.05679194751,1.05679194751,3.62979074359,0.94925896629,1.39141699125
HL1z,96,4,COMPLETED,3.07210347945,1.07210347945,3.74259793115,0.976176941349,1.39837148457
HL1z,96,4,COMPLETED,3.08312923533,1.08312923533,3.53078519258,0.940402121954,1.4052204347
HL1z,96,4,COMPLETED,3.09261348579,1.09261348579,3.53091295001,0.931265993658,1.4119693037
HL1z,96,4,COMPLETED,3.1036092948,1.1036092948,3.35161512369,0.909317128357,1.41862311708
HL1z,96,4,COMPLETED,3.11762691142,1.11762691142,3.3979245903,0.920735666251,1.42518651128
HL1z,96,4,COMPLETED,3.12632262622,1.12632262622,3.18567390125,0.883466106791,1.43166377472
HL1z,96,4,COMPLETED,3.13462010433,1.13462010433,2.9692499854,0.852347880835,1.43805888348
HL1z,96,4,COMPLETED,3.13778123849,1.13778123849,2.98224141393,0.847669646005,1.44437553236
HL1z,96,4,COMPLETED,3.14909502016,1.14909502016,2.74302671712,0.81950561965,1.45061716213
HL1z,96,4,COMPLETED,3.15308867198,1.15308867198,2.29540468729,0.759786316586,1.45678698343
HL1z,96,4,COMPLETED,3.15268075156,1.15268075156,1.94003191141,0.724395230233,1.46288799786
HL1z,96,4,COMPLETED,3.15804681527,1.15804681527,0.750602555013,0.655568878028,1.46892301673
HL1z,96,4,COMPLETED,3.15998841521,1.15998841521,0.747191295293,0.656478925139,1.47489467758
HL1z,96,4,COMPLETED,3.16380558231,1.16380558231,0.742904740772,0.654673926639,1.48080545899
HL1z,96,4,COMPLETED,3.16431172001,1.16431172001,0.738700807179,0.651441728919,1.48665769377
HL1z,96,4,COMPLETED,3.16996573342,1.16996573342,1.52301708811,0.704561063219,1.49245358081
HL1z,96,4,COMPLETED,3.17406195344,1.17406195344,1.53666132472,0.705764125366,1.49819519568
HL1z,96,4,COMPLETED,3.17269477496,1.17269477496,1.54284115167,0.704293372044,1.50388450021
HL1z,96,4,COMPLETED,3.17381059225,1.17381059225,1.55721680243,0.703507538233,1.5095233511
HL1z,96,4,COMPLETED,3.17314835043,1.17314835043,1.56933980049,0.705059055791,1.51511350779
HL1z,96,4,COMPLETED,3.17283995722,1.17283995722,1.59042723222,0.708340151384,1.52065663946
HL1z,96,4,COMPLETED,3.17696094856,1.17696094856,0.724540077339,0.647279277413,1.52615433154
HL1z,96,4,COMPLETED,3.17456681386,1.17456681386,0.72538966879,0.648955060872,1.53160809151
HL1z,96,4,COMPLETED,3.17995639488,1.17995639488,0.725150433,0.648903496165,1.53701935429
HL1z,96,4,COMPLETED,3.18008354193,1.18008354193,0.725451525269,0.648458975633,1.54238948711
HL1z,96,4,COMPLETED,3.1858482156,1.1858482156,1.47850559482,0.720350853186,1.54771979397
HL1z,96,4,COMPLETED,3.18793684719,1.18793684719,1.40594222757,0.702874735986,1.55301151973
HL1z,96,4,COMPLETED,3.18723781744,1.18723781744,1.59613027202,0.726639850707,1.55826585393
HL1z,96,4,COMPLETED,3.18714820387,1.18714820387,1.49542594448,0.725007106338,1.56348393419
HL1z,96,4,COMPLETED,3.19026414141,1.19026414141,1.42263316306,0.729107530742,1.56866684944
HL1z,96,4,COMPLETED,3.1917562396,1.1917562396,1.34664592967,0.730690694564,1.57381564285
HL1z,96,4,COMPLETED,3.19009772976,1.19009772976,1.25300037725,0.729927413816,1.57893131459
HL1z,96,4,COMPLETED,3.18980379941,1.18980379941,1.39675195161,0.756528217614,1.58401482428
HL1z,96,4,COMPLETED,3.18893831224,1.18893831224,1.28909996717,0.747943827083,1.5890670934
HL1z,96,4,COMPLETED,3.18851673888,1.18851673888,1.23354267449,0.746483054784,1.59408900739
HL1z,96,4,COMPLETED,3.1892478211,1.1892478211,0.972394871594,0.707781489738,1.59908141773
HL1z,96,4,COMPLETED,3.19193268031,1.19193268031,0.926689596768,0.7019229025,1.60404514374
HL1z,96,4,COMPLETED,3.19566959872,1.19566959872,1.12615907065,0.729444112411,1.60898097437
HL1z,96,4,COMPLETED,3.1971501553,1.1971501553,1.26307897417,0.745475772447,1.61388966983
HL1z,96,4,COMPLETED,3.19638894345,1.19638894345,1.214369435,0.745291424355,1.61877196305
HL1z,96,4,COMPLETED,3.19618902605,1.19618902605,1.49898537756,0.766464469795,1.62362856116
HL1z,96,4,COMPLETED,3.19572395424,1.19572395424,1.46467655076,0.754326980768,1.6284601468
HL1z,96,4,COMPLETED,3.19870735121,1.19871666408,1.46755383354,0.75785178345,1.6332673793
HL1z,96,4,COMPLETED,3.19937657576,1.1994127904,1.48580593206,0.759533710099,1.63805089595
HL1z,96,4,COMPLETED,3.19940604088,1.19956398223,0.954405068271,0.698800235754,1.64281131298
HL1z,96,4,COMPLETED,3.20295262874,1.20349851929,1.46489494086,0.762075105909,1.64754922665
HL1z,96,4,COMPLETED,3.19907565032,1.20076681906,1.41556484196,0.754789781569,1.65226521422
HL1z,96,4,COMPLETED,3.19926603747,1.20303549679,0.896973957885,0.684396386353,1.65695983478
HL1z,96,4,COMPLETED,3.19875810297,1.20442092587,0.807685781346,0.666974418886,1.66163363018
HL1z,96,4,COMPLETED,3.19965325138,1.20768439106,0.796134243427,0.665176558871,1.6662871258
HL1z,96,4,COMPLETED,3.19495420331,1.20919727941,0.741725509186,0.649439832715,1.67092083129
HL1z,96,4,COMPLETED,3.18907987262,1.20996776007,0.844367084855,0.663261709991,1.67553524131
HL1z,96,4,COMPLETED,3.18389015985,1.21018719293,1.13280493692,0.699743564989,1.68013083619
HL1z,96,4,COMPLETED,3.17778707755,1.2118358353,1.2343842513,0.726589157686,1.68470808258
HL1z,96,4,COMPLETED,3.16345503891,1.20869066529,1.20855525713,0.725439666882,1.68926743403
HL1z,96,4,COMPLETED,3.1518222647,1.21004167095,1.1902452949,0.724611882141,1.69380933157
HL1z,96,4,COMPLETED,3.13515241102,1.20883742143,1.17081237356,0.719144868503,1.69833420426
HL1z,96,4,COMPLETED,3.12203988843,1.2097981096,1.12369025636,0.707967847888,1.70284246969
HL1z,96,4,COMPLETED,3.11076692088,1.21413076006,1.29996814453,0.72858856077,1.70733453446
HL1z,96,4,COMPLETED,3.09188851756,1.21221942138,1.29278268026,0.726000785093,1.71181079466
HL1z,96,4,COMPLETED,3.07727324892,1.21352245588,1.68747153754,0.79859364488,1.71627163629
HL1z,96,4,COMPLETED,3.06247301092,1.21530809087,1.7453391218,0.818918332454,1.72071743567
HL1z,96,4,COMPLETED,3.04038948389,1.21112597855,1.6449560505,0.793268683299,1.72514855987
HL1z,96,4,COMPLETED,3.02504541228,1.21254368014,1.60497219497,0.788689292764,1.72956536705
HL1z,96,4,COMPLETED,3.00625042553,1.21214188897,1.57405443453,0.801942253694,1.73396820683
HL1z,96,4,COMPLETED,2.98974812169,1.21418774031,1.50027894886,0.789826750376,1.73835742062
HL1z,96,4,COMPLETED,2.97093057343,1.21282296633,1.44015338694,0.775450272233,1.74273334199
HL1z,96,4,COMPLETED,2.95062232689,1.2131629332,1.53497393168,0.78350102307,1.74709629692
HL1z,96,4,COMPLETED,2.93526044915,1.21925705515,1.80861003333,0.848282369047,1.75144660413
HL1z,96,4,COMPLETED,2.9103316599,1.21500915449,1.74156820125,0.840934280283,1.75578457535
HL1z,96,4,COMPLETED,2.88943029343,1.21519610988,1.79391910503,0.885614767215,1.76011051563
HL1z,96,4,COMPLETED,2.87105907652,1.21885009173,1.80178073771,0.899929573113,1.76442472351
HL1z,96,4,COMPLETED,2.844956061,1.21391663602,1.6822908253,0.878023341045,1.76872749138
HL1z,96,4,COMPLETED,2.82006207339,1.21109444074,1.55502868552,0.857247475353,1.77301910562
HL1z,96,4,COMPLETED,2.79834589116,1.21179699834,1.46421128073,0.845855309567,1.77729984688
HL1z,96,4,COMPLETED,2.78253205732,1.21743880367,1.39558749439,0.832621969882,1.78156999028
HL1z,96,4,COMPLETED,2.75925377515,1.2172819928,1.60763678956,0.872021703442,1.78582980563
HL1z,96,4,COMPLETED,2.74006663109,1.21882794733,1.56184972172,0.871112463665,1.79007955762
HL1z,96,4,COMPLETED,2.72164445513,1.22745685151,1.51913781387,0.868956740697,1.79431950601
HL1z,96,4,COMPLETED,2.69152464684,1.22086564712,1.47436897111,0.8584457132,1.79854990581
HL1z,96,4,COMPLETED,2.66847594014,1.21838487895,1.38105177342,0.82757880101,1.80277100748
HL1z,96,4,COMPLETED,2.64091424662,1.21989025833,1.29632371766,0.802475624109,1.80698305708
HL1z,96,4,COMPLETED,2.61828768001,1.22245098426,1.23484697318,0.788516321418,1.81118629644
HL1z,96,4,COMPLETED,2.59396054662,1.22046361977,1.16446943741,0.779564654893,1.81538096331
HL1z,96,4,COMPLETED,2.57262420632,1.22865097567,1.11310682102,0.771041539044,1.81956729153
HL1z,96,4,COMPLETED,2.54038602065,1.22224283538,1.05950246222,0.753084327911,1.82374551116
HL1z,96,4,COMPLETED,2.51681432792,1.2257555123,1.15345483161,0.77617865559,1.82791584863
HL1z,96,4,COMPLETED,2.48934487871,1.22484451714,1.1165304968,0.770365926157,1.83207852687
HL1z,96,4,COMPLETED,2.46180294671,1.22325731632,1.07785202262,0.759638246033,1.83623376545
HL1z,96,4,COMPLETED,2.440715991,1.22905989073,1.19423910712,0.78287156039,1.84038178069
HL1z,96,4,COMPLETED,2.41374406855,1.22936241487,1.15625455132,0.7707415343,1.8445227858
HL1z,96,4,COMPLETED,2.38746578186,1.23022993488,1.08549248397,0.747851467582,1.84865699101
HL1z,96,4,COMPLETED,2.36085663307,1.23169895559,1.03223736623,0.735273001181,1.85278460364
HL1z,96,4,COMPLETED,2.33041509338,1.22922911988,0.991572091473,0.729883124728,1.85690582826
HL1z,96,4,COMPLETED,2.30566018633,1.23152266716,0.957745105425,0.721509354464,1.86102086676
HL1z,96,4,COMPLETED,2.27985787019,1.23349101324,0.924413679927,0.71056777731,1.8651299185
HL1z,96,4,COMPLETED,2.2506115237,1.23244436083,0.909466067116,0.707043162449,1.86923318035
HL1z,96,4,COMPLETED,2.22660538424,1.23561261726,0.897729039555,0.705406259029,1.87333084684
HL1z,96,4,COMPLETED,2.19495219627,1.23267676743,0.870303898318,0.691038693222,1.87742311024
HL1z,96,4,COMPLETED,2.16760089749,1.23303494903,0.845867323157,0.683837709707,1.88151016064
HL1z,96,4,COMPLETED,2.13852893607,1.2321579505,0.830498715474,0.678431094789,1.88559218606
HL1z,96,4,COMPLETED,2.11072840761,1.23309235307,0.959199504865,0.709509203387,1.88966937251
HL1z,96,4,COMPLETED,2.08147132445,1.23135889784,0.934789269806,0.695117195915,1.89374190412
HL1z,96,4,COMPLETED,2.05595130254,1.23495112437,0.92322684288,0.691082378549,1.89780996319
HL1z,96,4,COMPLETED,2.02844850115,1.23516642751,0.91867225369,0.68827080964,1.90187373026
HL1z,96,4,COMPLETED,2.00361256403,1.2382079251,0.915700648485,0.686330569111,1.90593338422
HL1z,96,4,COMPLETED,1.97267586289,1.23768044048,0.90208448932,0.678820640637,1.9099891024
HL1z,96,4,COMPLETED,1.94789514711,1.24206267469,0.94939372111,0.684152427134,1.91404106059
HL1z,96,4,COMPLETED,1.91391136193,1.24180953324,0.958108862468,0.691446375723,1.91808943315
HL1z,96,4,COMPLETED,1.89113029614,1.24252902266,0.942633394702,0.683207292245,1.92213439309
HL1z,96,4,COMPLETED,1.86326122659,1.24471468461,0.914908917118,0.675924571968,1.92617611213
HL1z,96,4,COMPLETED,1.83554613219,1.24588895728,0.895855145366,0.670450287818,1.93021476077
HL1z,96,4,COMPLETED,1.80946940141,1.24747537945,0.881636363306,0.667629222085,1.93425050836
HL1z,96,4,COMPLETED,1.78439688667,1.25155396924,0.86681507801,0.665262521962,1.93828352314
HL1z,96,4,COMPLETED,1.7574188888,1.25280974415,1.01895827355,0.692961634922,1.94231397237
HL1z,96,4,COMPLETED,1.72802905949,1.25313272366,1.01659465198,0.696386105967,1.94634202233
HL1z,96,4,COMPLETED,1.698897546,1.25285454427,0.996724304187,0.69216855277,1.95036783844
HL1z,96,4,COMPLETED,1.67139602218,1.25463757799,0.983419663041,0.691771733299,1.95439158525
HL1z,96,4,COMPLETED,1.64430143684,1.25838341964,0.975921191886,0.688318999136,1.9584134266
HL1z,96,4,COMPLETED,1.61689722968,1.25733254708,0.959989550928,0.682225351962,1.96243352558
HL1z,96,4,COMPLETED,1.5895387318,1.25905910223,0.986871883561,0.687482083618,1.96645204467
HL1z,96,4,COMPLETED,1.56131393088,1.25904668352,0.972061142566,0.67983388048,1.97046914577
HL1z,96,4,COMPLETED,1.53163333338,1.25905791494,0.965084337001,0.678764567622,1.97448499023
HL1z,96,4,COMPLETED,1.50301714691,1.25946343508,0.964585398773,0.683088489117,1.97849973896
HL1z,96,4,COMPLETED,1.47893303178,1.26332108183,0.95635923722,0.679657986704,1.98251355248
HL1z,96,4,COMPLETED,1.45112883487,1.26456233797,0.947399955154,0.67356823857,1.98652659094
HL1z,96,4,COMPLETED,1.4238786899,1.26711598437,0.922792586913,0.662842006412,1.99053901421
HL1z,96,4,COMPLETED,1.39424730166,1.26212763171,0.91027646441,0.653438072682,1.99455098192
HL1z,96,4,COMPLETED,1.37151731666,1.26252701583,0.90714144292,0.653601768276,1.99856265356
HL1z,96,4,COMPLETED,1.36713002681,1.26449887464,0.89207585103,0.648352186114,2
HL1z,136,4,COMPLETED,0,0,0.000350887529989,0.000279064993542,0
HL1z,136,4,COMPLETED,8.74991423028e-06,2.59189896476e-10,0.000350888579841,0.000279070067242,1.2e-06
HL1z,136,4,COMPLETED,1.92498113148e-05,1.26608981879e-09,0.000350893744348,0.000279141217721,2.64e-06
HL1z,136,4,COMPLETED,3.18496878381e-05,3.4764287165e-09,0.00035090556419,0.000279227158277,4.368e-06
HL1z,136,4,COMPLETED,4.69695397147e-05,7.57179896435e-09,0.000350927843365,0.00027933029347,6.4416e-06
HL1z,136,4,COMPLETED,6.51133620664e-05,1.4564108819e-08,0.000350966233254,0.000279454521823,8.92992e-06
HL1z,136,4,COMPLETED,8.68859490835e-05,2.59470097455e-08,0.000351029078214,0.00027969411838,1.1915904e-05
HL1z,136,4,COMPLETED,0.000113013053873,4.3915154967e-08,0.000351128637387,0.000280046777906,1.54990848e-05
HL1z,136,4,COMPLETED,0.000144365796291,7.14654226112e-08,0.000351282846385,0.000280470044206,1.979890176e-05
HL1z,136,4,COMPLETED,0.000181991278913,1.10300600538e-07,0.000351517851016,0.000280978403901,2.4958682112e-05
HL1z,136,4,COMPLETED,0.000227143904193,1.59166668345e-07,0.000351871640048,0.000281718570751,3.11504185344e-05
HL1z,136,4,COMPLETED,0.000281327171851,2.17606652982e-07,0.000352399232182,0.000282802055988,3.85805022413e-05
HL1z,136,4,COMPLETED,0.000346346998507,2.87185161451e-07,0.000353180040214,0.000284106267012,4.74966026895e-05
HL1z,136,4,COMPLETED,0.000424370717741,3.69823851004e-07,0.000354328243354,0.000285861075929,5.81959232274e-05
HL1z,136,4,COMPLETED,0.000518000232257,4.66500863917e-07,0.00035521034073,0.000287626517129,7.10351078729e-05
HL1z,136,4,COMPLETED,0.000630356104968,5.76535696331e-07,0.0003576499993,0.000290923357222,8.64421294475e-05
HL1z,136,4,COMPLETED,0.000765182751634,6.98912881446e-07,0.000360325049903,0.000294700230002,0.000104930555337
HL1z,136,4,COMPLETED,0.000926974155305,8.31851678886e-07,0.000364955849645,0.00029960251175,0.000127116666404
HL1z,136,4,COMPLETED,0.00112112302473,9.71346179504e-07,0.000372288353406,0.000306740647026,0.000153739999685
HL1z,136,4,COMPLETED,0.00135410115622,1.10925349607e-06,0.000382672921173,0.000316413234841,0.000185687999622
HL1z,136,4,COMPLETED,0.00163367447959,1.23054628078e-06,0.000396943794255,0.000328507775907,0.000224025599547
HL1z,136,4,COMPLETED,0.00196916017471,1.31070453591e-06,0.000417205852978,0.000345387680258,0.000270030719456
HL1z,136,4,COMPLETED,0.00237173968843,1.31267776031e-06,0.000444855310868,0.000367557281133,0.000325236863347
HL1z,136,4,COMPLETED,0.0028548304293,1.17941417306e-06,0.000482084137948,0.000397234748757,0.000391484236017
HL1z,136,4,COMPLETED,0.00343453276533,8.24234912732e-07,0.000531006322809,0.000435934392911,0.00047098108322
HL1z,136,4,COMPLETED,0.00413016643694,1.16871946901e-07,0.000595324363387,0.00048464676363,0.000566377299864
HL1z,136,4,COMPLETED,0.00496491420788,1.13686546838e-06,0.000676325803615,0.000547823299808,0.000680852759837
HL1z,136,4,COMPLETED,0.00596659420399,3.22470525596e-06,0.000778441536112,0.00063099915745,0.000818223311805
HL1z,136,4,COMPLETED,0.00716858669484,6.57109355533e-06,0.000905859766685,0.000735137270969,0.000983067974166
HL1z,136,4,COMPLETED,0.0086098919494,1.06881288914e-05,0.00106281403487,0.000863963106767,0.001180881569
HL1z,136,4,COMPLETED,0.010340568926,1.46412952384e-05,0.00125932869022,0.00102573149133,0.0014182578828
HL1z,136,4,COMPLETED,0.0124184164004,1.95047523571e-05,0.00149494460106,0.00121982613652,0.00170310945936
HL1z,136,4,COMPLETED,0.0149104226779,2.18477346116e-05,0.00178160382211,0.00145902108582,0.00204493135123
HL1z,136,4,COMPLETED,0.0178975501006,2.17107554245e-05,0.00212526273637,0.00174104320953,0.00245511762148
HL1z,136,4,COMPLETED,0.0214791745311,2.16067195221e-05,0.00254285568745,0.00208265750377,0.00294734114577
HL1z,136,4,COMPLETED,0.025776655342,2.42568046576e-05,0.00304827563186,0.00250176360842,0.00353800937493
HL1z,136,4,COMPLETED,0.0309370795756,2.57225500418e-05,0.0036660190072,0.00299950461888,0.00424681124991
HL1z,136,4,COMPLETED,0.0371286858402,3.34231147685e-05,0.00439736529842,0.00360155456807,0.00509737349989
HL1z,136,4,COMPLETED,0.0445678967997,3.96080233135e-05,0.00532397504561,0.00436668987905,0.00611804819987
HL1z,136,4,COMPLETED,0.0534912538252,5.73186284346e-05,0.00641062263743,0.00524856050099,0.00734285783985
HL1z,136,4,COMPLETED,0.064179530152,8.02030113208e-05,0.00765266620867,0.00627199074483,0.00881262940781
HL1z,136,4,COMPLETED,0.0770015961267,9.9475094581e-05,0.00933658163359,0.00760238794071,0.0105763552894
HL1z,136,4,COMPLETED,0.0924089909457,0.000153181940205,0.0114380591573,0.00925622268625,0.0126928263473
HL1z,136,4,COMPLETED,0.110821989539,7.67410843232e-05,0.0137470192045,0.0111859965471,0.0152325916167
HL1z,136,4,COMPLETED,0.131480436939,0.000270344985722,0.0168229746076,0.0136423919813,0.018063972464
HL1z,136,4,COMPLETED,0.152064197884,0.000228722076386,0.0196072834949,0.0158161855843,0.0208956827168
HL1z,136,4,COMPLETED,0.172716427751,0.000397213519132,0.0225090626137,0.0181437611675,0.0237277785264
HL1z,136,4,COMPLETED,0.193273469856,0.000448648579932,0.0254653411148,0.0205027075073,0.0265603161112
HL1z,136,4,COMPLETED,0.213873593804,0.00048047187495,0.0284483781454,0.0230501961451,0.0293933517668
HL1z,136,4,COMPLETED,0.234401391204,0.000621828926974,0.0322195213257,0.0258621871652,0.0322269418761
HL1z,136,4,COMPLETED,0.255041281224,0.000644403027607,0.0358177994103,0.0287259528236,0.0350611429195
HL1z,136,4,COMPLETED,0.27552875444,0.000756083678137,0.0377192622347,0.0305188389618,0.0378960114851
HL1z,136,4,COMPLETED,0.296164270623,0.000755581575917,0.0409504511296,0.0329376352711,0.0407316042788
HL1z,136,4,COMPLETED,0.316752778513,0.000832575836382,0.0456280020815,0.0364958706845,0.0435679781347
HL1z,136,4,COMPLETED,0.3372380354,0.0009097550566,0.0486504589674,0.0391873131136,0.0464051900258
HL1z,136,4,COMPLETED,0.357864767352,0.000995983797466,0.0509013163021,0.0411071373717,0.0492432970741
HL1z,136,4,COMPLETED,0.378271345389,0.00108740504419,0.0561094787858,0.0448992115576,0.052082356561
HL1z,136,4,COMPLETED,0.398855097706,0.00110959897586,0.0579519161806,0.0463788490538,0.0549224259384
HL1z,136,4,COMPLETED,0.419219501206,0.00115848953287,0.0621662281636,0.0499540419589,0.0577635628391
HL1z,136,4,COMPLETED,0.439677654165,0.00132803575888,0.0645568249508,0.0525206143778,0.0606058250874
HL1z,136,4,COMPLETED,0.459990462726,0.00117211540065,0.0700839010715,0.0560200456164,0.0634492707105
HL1z,136,4,COMPLETED,0.480677976627,0.00143361748966,0.0724768147544,0.0582705105124,0.0662939579489
HL1z,136,4,COMPLETED,0.50098749383,0.00139399657388,0.0759646154985,0.0612000205404,0.069139945268
HL1z,136,4,COMPLETED,0.521579847497,0.00157152126906,0.0779751200878,0.0632486463983,0.0719872913689
HL1z,136,4,COMPLETED,0.541870469295,0.00154582860077,0.0834441477271,0.0669223887184,0.0748360552001
HL1z,136,4,COMPLETED,0.56231098716,0.00176232399944,0.08776045986,0.0705713682422,0.0776862959686
HL1z,136,4,COMPLETED,0.582575223025,0.00175769620632,0.0913767048826,0.0733878429592,0.0805380731517
HL1z,136,4,COMPLETED,0.602891231617,0.00185590382127,0.0915417012316,0.0739893802831,0.0833914465089
HL1z,136,4,COMPLETED,0.623108524598,0.00191383173934,0.098578007673,0.0786603059771,0.0862464760932
HL1z,136,4,COMPLETED,0.64350195512,0.00202433440882,0.103469758399,0.0824523257066,0.0891032222637
HL1z,136,4,COMPLETED,0.663814778589,0.00213901867308,0.106119363954,0.0851869714664,0.0919617456977
HL1z,136,4,COMPLETED,0.684106665579,0.00220969156291,0.107902497685,0.08692221087,0.0948221074028
HL1z,136,4,COMPLETED,0.704291239182,0.00229659102687,0.113945804132,0.0909752899397,0.0976843687295
HL1z,136,4,COMPLETED,0.724416834567,0.00231488575661,0.119258515876,0.0946400537214,0.100548591384
HL1z,136,4,COMPLETED,0.744531956779,0.00247442524448,0.120894490798,0.096224534833,0.103414837442
HL1z,136,4,COMPLETED,0.764616028678,0.00250314217331,0.124268984629,0.0992818208863,0.106283169359
HL1z,136,4,COMPLETED,0.784701685689,0.00262535978252,0.12685559398,0.101673821346,0.109153649987
HL1z,136,4,COMPLETED,0.80471343387,0.00265509940306,0.13422851826,0.106625368463,0.112026342586
HL1z,136,4,COMPLETED,0.824919913936,0.00277845950267,0.137907201629,0.109123285166,0.114901310839
HL1z,136,4,COMPLETED,0.844817352182,0.00273146239791,0.140536603524,0.111724927702,0.117778618864
HL1z,136,4,COMPLETED,0.86487607811,0.00294393420806,0.142046562086,0.113360373258,0.120658331231
HL1z,136,4,COMPLETED,0.884618848097,0.0029306271643,0.147766653388,0.117341440904,0.123540512974
HL1z,136,4,COMPLETED,0.904423215879,0.00307644983461,0.154948501229,0.122077827426,0.126425229607
HL1z,136,4,COMPLETED,0.924224991272,0.00317377470268,0.155208341199,0.12297882779,0.129312547138
HL1z,136,4,COMPLETED,0.944148408651,0.0033136214847,0.159708033425,0.126640090405,0.132202532086
HL1z,136,4,COMPLETED,0.963915942695,0.0033833435173,0.160996006748,0.128070685478,0.135095251496
HL1z,136,4,COMPLETED,0.983700855127,0.00344035521479,0.16601764046,0.131053583647,0.137990772952
HL1z,136,4,COMPLETED,1.00334638348,0.00351993151241,0.173973857611,0.137125274033,0.140889164599
HL1z,136,4,COMPLETED,1.02284392733,0.00361146379539,0.178162502714,0.139990233911,0.143790495153
HL1z,136,4,COMPLETED,1.04237445043,0.00375109686591,0.178517006992,0.140152200748,0.146694833923
HL1z,136,4,COMPLETED,1.06167965247,0.00369711653407,0.181105508912,0.143301966125,0.149602250826
HL1z,136,4,COMPLETED,1.0813861815,0.00391087304579,0.180932765395,0.143570708061,0.152512816404
HL1z,136,4,COMPLETED,1.10074443839,0.00395220044197,0.192189554939,0.150119367502,0.155426601844
HL1z,136,4,COMPLETED,1.120153075,0.00409180640136,0.194755407834,0.151461569725,0.158343678994
HL1z,136,4,COMPLETED,1.13937100299,0.00418584025004,0.200049619147,0.156426290667,0.161264120383
HL1z,136,4,COMPLETED,1.15859560008,0.00429465040873,0.198369497741,0.156195690499,0.164187999239
HL1z,136,4,COMPLETED,1.17773853065,0.00439688570851,0.200688278236,0.158347723413,0.167115389513
HL1z,136,4,COMPLETED,1.19684960384,0.00443289775878,0.208568132474,0.162958907364,0.170046365891
HL1z,136,4,COMPLETED,1.21593816793,0.00452857264082,0.216797477777,0.168100761327,0.172981003822
HL1z,136,4,COMPLETED,1.23477723857,0.00457398672054,0.218262852555,0.170040300926,0.175919379536
HL1z,136,4,COMPLETED,1.2535322465,0.00476463140285,0.217649865085,0.170110547974,0.178861570065
HL1z,136,4,COMPLETED,1.27213618315,0.0048330951217,0.221806246174,0.174281350964,0.181807653264
HL1z,136,4,COMPLETED,1.29096848542,0.00494065289266,0.221230016954,0.174426192149,0.184757707839
HL1z,136,4,COMPLETED,1.30978978108,0.00500960393036,0.230098437878,0.178870202105,0.187711813363
HL1z,136,4,COMPLETED,1.32834198947,0.00497893544738,0.236913628996,0.184166470863,0.190670050303
HL1z,136,4,COMPLETED,1.34676574917,0.0052166820841,0.242724004923,0.18768836338,0.193632500047
HL1z,136,4,COMPLETED,1.36505487783,0.00532432174297,0.240930073428,0.187490652146,0.196599244923
HL1z,136,4,COMPLETED,1.38322839491,0.0054523315347,0.240553922381,0.188337987555,0.199570368229
HL1z,136,4,COMPLETED,1.40137414007,0.00551349641324,0.241736424845,0.189452119994,0.202545954259
HL1z,136,4,COMPLETED,1.41963243741,0.0055475685783,0.249817704156,0.195246730312,0.205526088327
HL1z,136,4,COMPLETED,1.43750575247,0.00571268690435,0.258106929203,0.19984114026,0.208510856799
HL1z,136,4,COMPLETED,1.45514400582,0.00580313517879,0.259161514802,0.201733309145,0.211500347115
HL1z,136,4,COMPLETED,1.4728457116,0.00594002162196,0.26028332438,0.203672321345,0.214494647826
HL1z,136,4,COMPLETED,1.49062332118,0.00609044868506,0.26582617822,0.207627542278,0.217493848618
HL1z,136,4,COMPLETED,1.50810364208,0.00616040822294,0.264265659984,0.206961688014,0.220498040345
HL1z,136,4,COMPLETED,1.5251604777,0.00623546835735,0.263413532652,0.20705439462,0.223507315062
HL1z,136,4,COMPLETED,1.54243977844,0.0063518808133,0.274093542587,0.214042578512,0.226521766055
HL1z,136,4,COMPLETED,1.55959820082,0.00644035598499,0.281667776724,0.219808433733,0.229541487874
HL1z,136,4,COMPLETED,1.57671716096,0.00657928595517,0.28206299438,0.219360768487,0.232566576374
HL1z,136,4,COMPLETED,1.59322666676,0.0066852814581,0.282653532954,0.221372308317,0.23559712874
HL1z,136,4,COMPLETED,1.60966006354,0.00688980350544,0.28658803736,0.225156095578,0.238633243534
HL1z,136,4,COMPLETED,1.62600289187,0.00700625167959,0.286601868362,0.225667732706,0.241675020725
HL1z,136,4,COMPLETED,1.64251200169,0.00704583030429,0.284401767467,0.225383355488,0.244722561733
HL1z,136,4,COMPLETED,1.65860346842,0.00717864044743,0.288923664204,0.226770717499,0.247775969464
HL1z,136,4,COMPLETED,1.67430637766,0.00731495243002,0.296543887818,0.231103525086,0.250835348357
HL1z,136,4,COMPLETED,1.68978341266,0.00745314288438,0.307314041604,0.240067062981,0.25390080442
HL1z,136,4,COMPLETED,1.70540655249,0.00756394961348,0.302892810756,0.238534898608,0.256972445282
HL1z,136,4,COMPLETED,1.72066465198,0.00770446708198,0.303957810978,0.23952166132,0.260050380229
HL1z,136,4,COMPLETED,1.73566338891,0.00787297679854,0.302190983283,0.238628614272,0.263134720257
HL1z,136,4,COMPLETED,1.75049979266,0.00798945066481,0.303022508917,0.240771605613,0.266225578119
HL1z,136,4,COMPLETED,1.76539425788,0.00804594165311,0.307092990295,0.244455528803,0.269323068373
HL1z,136,4,COMPLETED,1.77923454274,0.00817985408092,0.310154457437,0.24610876516,0.272427307434
HL1z,136,4,COMPLETED,1.79309725238,0.00833755266781,0.315923764073,0.248305136135,0.27553841363
HL1z,136,4,COMPLETED,1.80719495699,0.00840875493175,0.32015197363,0.252443759517,0.278656507251
HL1z,136,4,COMPLETED,1.82110867135,0.00853565965923,0.320605385039,0.254379570102,0.281781710611
HL1z,136,4,COMPLETED,1.83384417167,0.00871285484293,0.321067859908,0.25439500241,0.284914148105
HL1z,136,4,COMPLETED,1.8465386351,0.00882759176585,0.31985400171,0.255435676341,0.288053946267
HL1z,136,4,COMPLETED,1.85940395379,0.00893620243385,0.320867356612,0.257731114222,0.291201233837
HL1z,136,4,COMPLETED,1.87189674937,0.00906016808676,0.31879534242,0.257004878768,0.294356141823
HL1z,136,4,COMPLETED,1.88341407352,0.00912935255019,0.315718346719,0.255723652226,0.297518803569
HL1z,136,4,COMPLETED,1.8948720086,0.00926030795289,0.332971849197,0.266595111306,0.300689354826
HL1z,136,4,COMPLETED,1.9064422477,0.00937757800653,0.328621920131,0.264566400211,0.303867933821
HL1z,136,4,COMPLETED,1.91711747798,0.00951011621633,0.332575199373,0.266539853298,0.307054681334
HL1z,136,4,COMPLETED,1.92718612384,0.00962907265386,0.335197041037,0.269463895153,0.310249740775
HL1z,136,4,COMPLETED,1.93718640822,0.00970113236969,0.332670995166,0.270006955432,0.313453258265
HL1z,136,4,COMPLETED,1.9472577074,0.00985536796556,0.332106421417,0.269637261247,0.316665382717
HL1z,136,4,COMPLETED,1.95627457073,0.00993029852135,0.327263564222,0.266793777239,0.319886265925
HL1z,136,4,COMPLETED,1.96384791629,0.0100620267148,0.329393778662,0.270634552829,0.323116062654
HL1z,136,4,COMPLETED,1.97187159244,0.0101212851314,0.327783912906,0.27057370647,0.326354930728
HL1z,136,4,COMPLETED,1.98022126936,0.0101937825163,0.334295953528,0.274142865417,0.329603031133
HL1z,136,4,COMPLETED,1.98757413061,0.0103471389708,0.337721634361,0.275816489323,0.332860528117
HL1z,136,4,COMPLETED,1.99321000015,0.010443822053,0.339833823753,0.279691193523,0.336127589288
HL1z,136,4,COMPLETED,1.99819631642,0.0104836801841,0.336935997295,0.279010595363,0.33940438573
HL1z,136,4,COMPLETED,2.00168054987,0.0105519346413,0.338711970235,0.279867355898,0.342691092113
HL1z,136,4,COMPLETED,2.00472630734,0.010702788865,0.338159992887,0.281176736416,0.345987886811
HL1z,136,4,COMPLETED,2.00754012736,0.0107810555187,0.336607990587,0.280902331983,0.349294952021
HL1z,136,4,COMPLETED,2.00919575276,0.01082300701,0.339295592998,0.284235196388,0.352612473898
HL1z,136,4,COMPLETED,2.01035761948,0.0109068866148,0.337090022946,0.281909644517,0.35594064268
HL1z,136,4,COMPLETED,2.0108214312,0.0110020884589,0.3382315465,0.285393307718,0.35927965283
HL1z,136,4,COMPLETED,2.01099165526,0.0109916552641,0.33850780555,0.286454981723,0.362629703181
HL1z,136,4,COMPLETED,2.01107117096,0.0110711709622,0.342791706713,0.289829336696,0.365990997085
HL1z,136,4,COMPLETED,2.01121495247,0.0112149524698,0.34280086433,0.289685577763,0.369363742568
HL1z,136,4,COMPLETED,2.01129109647,0.0112910964656,0.347004036385,0.295532087734,0.372748152498
HL1z,136,4,COMPLETED,2.01133705376,0.0113370537581,0.344227009562,0.293684698706,0.376144444753
HL1z,136,4,COMPLETED,2.0113708204,0.0113708203985,0.346871415713,0.296745415396,0.379552842401
HL1z,136,4,COMPLETED,2.01153945969,0.0115394596859,0.34254635688,0.293918363471,0.382973573887
HL1z,136,4,COMPLETED,2.01160613644,0.0116061364424,0.351808178537,0.303275532381,0.386406873226
HL1z,136,4,COMPLETED,2.01162924701,0.0116292470113,0.347443958415,0.300577296432,0.38985298021
HL1z,136,4,COMPLETED,2.01167553093,0.0116755309269,0.349166194365,0.301753725544,0.39331214062
HL1z,136,4,COMPLETED,2.01181722541,0.0118172254105,0.350345983682,0.303064810212,0.396784606453
HL1z,136,4,COMPLETED,2.01189304413,0.0118930441252,0.351712053498,0.307160104948,0.400270636151
HL1z,136,4,COMPLETED,2.01191991367,0.0119199136728,0.352560838944,0.308343053734,0.403770494852
HL1z,136,4,COMPLETED,2.01199080856,0.0119908085626,0.35757258433,0.312706859251,0.407284454646
HL1z,136,4,COMPLETED,2.01214010829,0.0121401082883,0.354774692467,0.309781145734,0.410812794845
HL1z,136,4,COMPLETED,2.01227983519,0.0122798351926,0.35864056699,0.31517135901,0.414355802266
HL1z,136,4,COMPLETED,2.01238980833,0.0123898083299,0.361063327928,0.318841240586,0.417913771533
HL1z,136,4,COMPLETED,2.01237739041,0.0123773904058,0.359893481921,0.317680011442,0.421487005386
HL1z,136,4,COMPLETED,2.01256601536,0.012566015365,0.363508182428,0.320995322843,0.425075815013
HL1z,136,4,COMPLETED,2.01269268775,0.0126926877526,0.36079709413,0.31890028553,0.428680520396
HL1z,136,4,COMPLETED,2.01284834631,0.0128483463147,0.365652699246,0.32469886274,0.432301450678
HL1z,136,4,COMPLETED,2.01295141488,0.0129514148813,0.364672937533,0.324223195422,0.435938944541
HL1z,136,4,COMPLETED,2.01301841325,0.0130184132504,0.36474941849,0.324670928896,0.439593350621
HL1z,136,4,COMPLETED,2.01317418718,0.0131741871834,0.364924607678,0.325411157642,0.443265027926
HL1z,136,4,COMPLETED,2.01330409501,0.0133040950062,0.370429951056,0.330674853456,0.446954346293
HL1z,136,4,COMPLETED,2.01345828369,0.0134582836908,0.371169122932,0.332401225873,0.450661686861
HL1z,136,4,COMPLETED,2.01352890853,0.0135289085317,0.372210772866,0.332559759753,0.454387442576
HL1z,136,4,COMPLETED,2.01361402453,0.013614024531,0.370041796926,0.330886998392,0.45813201872
HL1z,136,4,COMPLETED,2.01375481274,0.013754812743,0.370884841001,0.3322678051,0.461895833477
HL1z,136,4,COMPLETED,2.01383205895,0.0138320589511,0.378106167795,0.338965841736,0.465679318531
HL1z,136,4,COMPLETED,2.01388776538,0.0138877653818,0.374417284656,0.336076571492,0.469482919689
HL1z,136,4,COMPLETED,2.01386944606,0.0138694460614,0.376317654869,0.337118188709,0.473307097562
HL1z,136,4,COMPLETED,2.01394825467,0.0139482546704,0.374129910308,0.335731702055,0.477152328268
HL1z,136,4,COMPLETED,2.01397720592,0.0139772059215,0.37963088478,0.339812403645,0.481019104189
HL1z,136,4,COMPLETED,2.01398497967,0.0139849796691,0.387077513802,0.346114895274,0.484907934776
HL1z,136,4,COMPLETED,2.01398319819,0.0139831981937,0.391177760968,0.349621259112,0.4888193474
HL1z,136,4,COMPLETED,2.01390625433,0.0139062543259,0.390732652417,0.34777312864,0.492753888265
HL1z,136,4,COMPLETED,2.01395208946,0.0139520894635,0.391842418465,0.350078583987,0.496712123371
HL1z,136,4,COMPLETED,2.01415271868,0.0141527186803,0.394416922937,0.351494877565,0.500694639556
HL1z,136,4,COMPLETED,2.01423756274,0.0142375627422,0.407156421633,0.362771055915,0.504702045593
HL1z,136,4,COMPLETED,2.0143654473,0.0143654472983,0.411421964271,0.366260839873,0.508734973373
HL1z,136,4,COMPLETED,2.01452874071,0.0145287407073,0.408224677363,0.363827904882,0.512794079169
HL1z,136,4,COMPLETED,2.01484315489,0.0148431548889,0.412375832065,0.366586356298,0.516880044982
HL1z,136,4,COMPLETED,2.01519170766,0.0151917076624,0.411188615141,0.365160603241,0.520993579997
HL1z,136,4,COMPLETED,2.01554770211,0.0155477021147,0.415124214401,0.368105730312,0.525135422133
HL1z,136,4,COMPLETED,2.01589305825,0.0158930582511,0.417464535269,0.370651432932,0.529306339717
HL1z,136,4,COMPLETED,2.0162171471,0.0162171471016,0.420219133701,0.373223595499,0.53350713328
HL1z,136,4,COMPLETED,2.01660450782,0.0166045078173,0.418141448877,0.371084938026,0.537738637496
HL1z,136,4,COMPLETED,2.01698770188,0.0169877018849,0.419329507924,0.372112509435,0.542001723264
HL1z,136,4,COMPLETED,2.01729472004,0.017294720037,0.415955552536,0.367293749878,0.546297299967
HL1z,136,4,COMPLETED,2.01751402554,0.0175140255415,0.41684751175,0.367604087661,0.550626317905
HL1z,136,4,COMPLETED,2.01775079706,0.0177507970596,0.416392589477,0.36678113069,0.554989770937
HL1z,136,4,COMPLETED,2.01808965166,0.0180896516595,0.412128771183,0.361459423192,0.559388699335
HL1z,136,4,COMPLETED,2.01836495388,0.0183649538791,0.41279828398,0.362146079786,0.563824192894
HL1z,136,4,COMPLETED,2.01855858749,0.0185585874862,0.411313590561,0.359766622089,0.568297394304
HL1z,136,4,COMPLETED,2.01858418465,0.0185841846482,0.408785999622,0.356379433098,0.57280950283
HL1z,136,4,COMPLETED,2.01852002511,0.0185200251064,0.418813860526,0.364745063529,0.577361778321
HL1z,136,4,COMPLETED,2.01615373273,0.0161537327272,0.428146511201,0.369454807786,0.581955545591
HL1z,136,4,COMPLETED,2.01705535656,0.0170553565639,0.455499381806,0.382708354261,0.586592199222
HL1z,136,4,COMPLETED,2.01710132648,0.0171013264798,0.44986049242,0.380913261245,0.591273208818
HL1z,136,4,COMPLETED,2.01642872206,0.0164287220572,0.456677502771,0.380827523114,0.596000124792
HL1z,136,4,COMPLETED,2.01431594968,0.0143159496758,0.511990634033,0.411066156163,0.600774584726
HL1z,136,4,COMPLETED,2.01522367765,0.0152236776493,0.519092456676,0.412549377476,0.605598320398
HL1z,136,4,COMPLETED,2.01443916695,0.0144391669481,0.527486811903,0.414007267753,0.610473165542
HL1z,136,4,COMPLETED,2.01428872684,0.0142887268385,0.518146978576,0.408838081908,0.615401064452
HL1z,136,4,COMPLETED,2.01408325335,0.0140832533529,0.507867558984,0.40136713271,0.620384081545
HL1z,136,4,COMPLETED,2.0144532663,0.0144532662979,0.526620357062,0.412282662706,0.625424411999
HL1z,136,4,COMPLETED,2.01389894602,0.0138989460197,0.548708694058,0.424664057727,0.630524393641
HL1z,136,4,COMPLETED,2.01451464181,0.0145146418126,0.559372905458,0.424746641146,0.635686520252
HL1z,136,4,COMPLETED,2.01452631031,0.0145263103084,0.567937823939,0.434807308245,0.640913456509
HL1z,136,4,COMPLETED,2.01353268213,0.0135326821335,0.585193787409,0.442492424759,0.64620805481
HL1z,136,4,COMPLETED,2.01424436062,0.0142443606187,0.578736980571,0.437989723343,0.65157337429
HL1z,136,4,COMPLETED,2.01450855763,0.0145085576309,0.593774311385,0.447777705103,0.657012702374
HL1z,136,4,COMPLETED,2.01473288944,0.0147328894429,0.586850283053,0.442523255394,0.662529579302
HL1z,136,4,COMPLETED,2.01420839957,0.0142083995741,0.586158841677,0.446314622727,0.66812782614
HL1z,136,4,COMPLETED,2.01571243057,0.0157124305653,0.597365941111,0.453355271053,0.673811576894
HL1z,136,4,COMPLETED,2.01556360315,0.0155636031526,0.59517099895,0.453657643287,0.679585315501
HL1z,136,4,COMPLETED,2.01515212127,0.0151521212661,0.632276701647,0.46321971322,0.685453918603
HL1z,136,4,COMPLETED,2.01748584565,0.0174858456484,0.612660945091,0.454774906467,0.69142270529
HL1z,136,4,COMPLETED,2.01777927092,0.0177792709215,0.61115125993,0.458592267866,0.697497495197
HL1z,136,4,COMPLETED,2.02022266648,0.0202226664793,0.701089084753,0.481493510007,0.703684676779
HL1z,136,4,COMPLETED,2.02418376924,0.0241837692446,0.805552950401,0.508605654217,0.709991287994
HL1z,136,4,COMPLETED,2.0302309658,0.0302309658025,0.749425772893,0.504215222093,0.716425112277
HL1z,136,4,COMPLETED,2.04164117621,0.0416411762109,2.18327049371,0.636635349532,0.722994793487
HL1z,136,4,COMPLETED,2.05813412396,0.0581341239638,2.7139917603,0.738554581739,0.729709974608
HL1z,136,4,COMPLETED,2.0751157702,0.075115770201,3.94081420428,0.972677028296,0.736581466482
HL1z,136,4,COMPLETED,2.10003969538,0.100039695384,5.22104620969,1.48791096543,0.743621454895
HL1z,136,4,COMPLETED,2.11177220643,0.111772206434,5.7717974408,1.68290760384,0.750843757211
HL1z,136,4,COMPLETED,2.12488282341,0.124882823414,5.77694163372,1.63816476793,0.758264143798
HL1z,136,4,COMPLETED,2.13861286811,0.138612868113,5.70360876305,1.61230814998,0.765900745391
HL1z,136,4,COMPLETED,2.15118466593,0.151184665932,5.69380920058,1.55168813042,0.773774576099
HL1z,136,4,COMPLETED,2.17221934723,0.17221934723,5.69256701299,1.54463293074,0.781910214797
HL1z,136,4,COMPLETED,2.1869556053,0.186955605304,6.07556422294,1.62965599059,0.790336707451
HL1z,136,4,COMPLETED,2.20303066999,0.203030669991,6.09546400357,1.57852639854,0.799088784408
HL1z,136,4,COMPLETED,2.22234904758,0.22234904758,6.25053033855,1.62981712709,0.808208537655
HL1z,136,4,COMPLETED,2.24160512153,0.241605121526,6.44010315914,1.68258830099,0.817747788875
HL1z,136,4,COMPLETED,2.26109829203,0.261098292025,6.73873962356,1.72463384494,0.82777152908
HL1z,136,4,COMPLETED,2.28595129954,0.28595129954,7.19761460261,1.92732394446,0.83836308499
HL1z,136,4,COMPLETED,2.32186649123,0.321866491227,7.69877328121,2.15812761927,0.849632196971
HL1z,136,4,COMPLETED,2.37323126222,0.373231262223,8.4930750646,2.57555651084,0.861728284294
HL1z,136,4,COMPLETED,2.42389396052,0.423893960518,9.10417007522,2.85485514832,0.874863605951
HL1z,136,4,COMPLETED,2.47324008557,0.473240085574,9.50428488628,3.00930042112,0.889357020628
HL1z,136,4,COMPLETED,2.52465148801,0.524651488012,9.76860158718,3.07201960073,0.905725893618
HL1z,136,4,COMPLETED,2.57172834213,0.571728342134,10.0048661257,3.12561838759,0.924910377212
HL1z,136,4,COMPLETED,2.62101388822,0.621013888217,10.1557456266,3.14491943049,0.947931757525
HL1z,136,4,COMPLETED,2.66897297803,0.668972978033,10.3520935886,3.1995923605,0.975557413901
HL1z,136,4,COMPLETED,2.71806328793,0.718063287925,10.5425098045,3.23163245146,1.00870820155
HL1z,136,4,COMPLETED,2.74370412273,0.743704122732,4.38404975228,1.07950463921,1.04848914673
HL1z,136,4,COMPLETED,2.75848473534,0.758484735345,4.83421732315,1.20767764039,1.0856879986
HL1z,136,4,COMPLETED,2.80164818126,0.80164818126,4.77296101312,1.20310642822,1.10678138008
HL1z,136,4,COMPLETED,2.81772183737,0.817721837365,4.75189152132,1.1209554797,1.12373634393
HL1z,136,4,COMPLETED,2.85307378749,0.853073787485,4.67386558481,1.08094092052,1.13839164303
HL1z,136,4,COMPLETED,2.87919658923,0.87919658923,4.57870676243,1.04661182545,1.15151576153
HL1z,136,4,COMPLETED,2.90979798289,0.909797982892,5.15890770795,1.12407665301,1.16352192026
HL1z,136,4,COMPLETED,2.94062127317,0.940621273167,5.00770183602,1.07936656771,1.17466394746
HL1z,136,4,COMPLETED,2.97095694253,0.970956942533,5.30693306245,1.12241263361,1.18511146422
HL1z,136,4,COMPLETED,2.99502503495,0.995025034953,5.18566517174,1.10374995941,1.19498466427
HL1z,136,4,COMPLETED,3.01932445497,1.01932445497,5.44721176206,1.16544775288,1.20437249061
HL1z,136,4,COMPLETED,3.04011361711,1.04011361711,5.71866928553,1.2501921099,1.21334299938
HL1z,136,4,COMPLETED,3.05900391827,1.05900391827,5.58296455912,1.21932294288,1.2219496702
HL1z,136,4,COMPLETED,3.06951064444,1.06951064444,5.46680781112,1.19959546217,1.23023545133
HL1z,136,4,COMPLETED,3.08133969251,1.08133969251,5.34278808943,1.17376427146,1.23823546281
HL1z,136,4,COMPLETED,3.09246144378,1.09246144378,4.91016831683,1.08820918926,1.24597886573
HL1z,136,4,COMPLETED,3.10812242897,1.10812242897,4.61943421028,1.01742514183,1.25349019262
HL1z,136,4,COMPLETED,3.11597936124,1.11597936124,3.81725703862,0.872164901684,1.26079031784
HL1z,136,4,COMPLETED,3.12096474581,1.12096474581,4.02638832821,0.906366807513,1.26789718051
HL1z,136,4,COMPLETED,3.12832178182,1.12832178182,3.56468779265,0.837327978545,1.27482633318
HL1z,136,4,COMPLETED,3.13494055669,1.13494055669,3.59699882137,0.838387746912,1.28159136498
HL1z,136,4,COMPLETED,3.14050773271,1.14050773271,3.59245770098,0.849868349934,1.28820423279
HL1z,136,4,COMPLETED,3.14930971583,1.14930971583,3.73800784002,0.872310820878,1.29467552378
HL1z,136,4,COMPLETED,3.15424240332,1.15424240332,3.44301478922,0.83778244661,1.3010146659
HL1z,136,4,COMPLETED,3.15965423792,1.15965423792,3.61977317947,0.865722882974,1.30723009845
HL1z,136,4,COMPLETED,3.16556118227,1.16556118227,3.30992820251,0.831865690893,1.31332941173
HL1z,136,4,COMPLETED,3.1776259722,1.17776002828,3.49100300175,0.854820442213,1.31931946214
HL1z,136,4,COMPLETED,3.18553763987,1.18553763987,3.13502653953,0.822443588867,1.32520646802
HL1z,136,4,COMPLETED,3.18982014226,1.18986066031,3.34459957914,0.849009465392,1.33099608995
HL1z,136,4,COMPLETED,3.20016937177,1.20185070994,2.96267688003,0.812182227168,1.33669349848
HL1z,136,4,COMPLETED,3.21091720124,1.21107162476,2.98784621482,0.811918272667,1.34230343163
HL1z,136,4,COMPLETED,3.21723301755,1.2204059981,3.1999226582,0.838250256219,1.34783024396
HL1z,136,4,COMPLETED,3.22700859162,1.22729756434,3.22632648739,0.839652000304,1.35327794878
HL1z,136,4,COMPLETED,3.23413759813,1.2345326055,3.44197493037,0.866487757442,1.35865025446
HL1z,136,4,COMPLETED,3.24478768038,1.24516744865,3.47138731684,0.868891616744,1.363950596
HL1z,136,4,COMPLETED,3.2537721466,1.25884316117,3.77304670923,0.912654534112,1.36918216248
HL1z,136,4,COMPLETED,3.2653923534,1.2676746432,3.80723660312,0.917912685619,1.37434792105
HL1z,136,4,COMPLETED,3.27690697786,1.2795342684,4.08460683367,0.959200213756,1.379450638
HL1z,136,4,COMPLETED,3.28699995457,1.28870440927,4.11393609377,0.956649211463,1.38449289738
HL1z,136,4,COMPLETED,3.29631193432,1.30043790917,4.22173318709,0.970934927638,1.38947711736
HL1z,136,4,COMPLETED,3.30411884804,1.31145365461,4.25523382698,0.982529021677,1.39440556479
HL1z,136,4,COMPLETED,3.31658278315,1.32385236019,4.41983387924,1.00114152203,1.39928036822
HL1z,136,4,COMPLETED,3.32617652373,1.33573978189,4.46286998119,1.00538243303,1.40410352941
HL1z,136,4,COMPLETED,3.33462734703,1.34809918385,4.65431288389,1.02929938668,1.40887693369
HL1z,136,4,COMPLETED,3.34777868157,1.36211566451,4.68487190387,1.03600567175,1.41360235927
HL1z,136,4,COMPLETED,3.35811356684,1.37679630594,4.98446392371,1.09896264477,1.41828148559
HL1z,136,4,COMPLETED,3.36741141767,1.38915556243,5.24374627894,1.15177937278,1.42291590085
HL1z,136,4,COMPLETED,3.37683945004,1.40174156127,5.13779550886,1.13420119556,1.42750710882
HL1z,136,4,COMPLETED,3.38553898376,1.41658392263,5.0961129857,1.11949200137,1.43205653503
HL1z,136,4,COMPLETED,3.39253466708,1.42939430347,4.93278819347,1.08648693139,1.43656553237
HL1z,136,4,COMPLETED,3.40207636419,1.43998461405,4.90069420035,1.06743472264,1.44103538619
HL1z,136,4,COMPLETED,3.40786872161,1.45305908678,4.75775353697,1.04740394034,1.44546731893
HL1z,136,4,COMPLETED,3.41518504729,1.46161877042,4.91978737786,1.08531087409,1.44986249441
HL1z,136,4,COMPLETED,3.42161614251,1.47278093007,4.7840328366,1.05719418147,1.45422202167
HL1z,136,4,COMPLETED,3.43034291925,1.48328038266,4.76104506929,1.04961472441,1.45854695854
HL1z,136,4,COMPLETED,3.4371474935,1.49311170824,4.56632831475,1.02233420415,1.46283831493
HL1z,136,4,COMPLETED,3.44220972726,1.50084122807,4.54968345343,1.0048577248,1.46709705583
HL1z,136,4,COMPLETED,3.44731215804,1.51027751164,4.37200923589,0.976762025703,1.47132410404
HL1z,136,4,COMPLETED,3.454136415,1.51918023165,4.48356914838,1.01149571738,1.47552034278
HL1z,136,4,COMPLETED,3.45932511259,1.52438410749,4.31246174191,0.984933410265,1.479686618
HL1z,136,4,COMPLETED,3.46490397652,1.53103796635,4.29398719707,0.974575929704,1.48382374059
HL1z,136,4,COMPLETED,3.4680398255,1.53520240595,4.07693157949,0.939641755743,1.48793248839
HL1z,136,4,COMPLETED,3.47279630699,1.54283448434,4.08368871825,0.945733056692,1.49201360804
HL1z,136,4,COMPLETED,3.47763226622,1.54846658767,3.8662531301,0.917089832813,1.49606781677
HL1z,136,4,COMPLETED,3.48256835834,1.55321495019,3.89430482211,0.92512058951,1.50009580398
HL1z,136,4,COMPLETED,3.48485545094,1.55631242729,3.65958787699,0.895363596523,1.50409823272
HL1z,136,4,COMPLETED,3.48695757593,1.55997846841,3.68899852924,0.893012404681,1.50807574117
HL1z,136,4,COMPLETED,3.48996213407,1.56232795888,3.42340730483,0.853195657636,1.51202894387
HL1z,136,4,COMPLETED,3.49464112936,1.56418947629,3.13301365362,0.822215939844,1.51595843297
HL1z,136,4,COMPLETED,3.49734173686,1.56773909042,3.15458267727,0.821958292407,1.51986477937
HL1z,136,4,COMPLETED,3.50325835614,1.57220348283,2.81845018229,0.790923817676,1.52374853381
HL1z,136,4,COMPLETED,3.5028037246,1.57130301661,2.85178966588,0.78918540548,1.52761022784
HL1z,136,4,COMPLETED,3.50541109013,1.5736528625,2.45704520423,0.758497264847,1.53145037474
HL1z,136,4,COMPLETED,3.50848470772,1.57827125607,2.5450609174,0.791205227119,1.53526947046
HL1z,136,4,COMPLETED,3.50897219673,1.57727446303,0.937965216858,0.692234691014,1.5390679944
HL1z,136,4,COMPLETED,3.51073758373,1.57820209172,0.886165832129,0.683233111376,1.54284641019
HL1z,136,4,COMPLETED,3.50895295957,1.57690139794,0.86251765028,0.683653043369,1.54660516643
HL1z,136,4,COMPLETED,3.50911558222,1.57799676979,0.833291942971,0.677056678573,1.55034469739
HL1z,136,4,COMPLETED,3.50735219281,1.57518513547,0.814338643257,0.676586221094,1.55406542362
HL1z,136,4,COMPLETED,3.50882770067,1.57625836805,0.79997509855,0.675970143992,1.55776775262
HL1z,136,4,COMPLETED,3.50907301346,1.57642407017,0.789634646488,0.676263047691,1.56145207935
HL1z,136,4,COMPLETED,3.50769335421,1.57388886706,0.780647928179,0.674588472252,1.56511878681
HL1z,136,4,COMPLETED,3.50880902864,1.57527950496,0.829796811526,0.680592651986,1.56876824657
HL1z,136,4,COMPLETED,3.50830053138,1.57594404312,0.814922156891,0.678463330499,1.57240081923
HL1z,136,4,COMPLETED,3.50605499563,1.57281674676,0.802955158021,0.676566805218,1.57601685487
HL1z,136,4,COMPLETED,3.50289505301,1.57132270038,0.791022283868,0.675233259509,1.57961669353
HL1z,136,4,COMPLETED,3.50396977493,1.57306691093,0.780048395318,0.67229907014,1.58320066558
HL1z,136,4,COMPLETED,3.50369290547,1.57088296529,0.772457251168,0.673178791071,1.58676909216
HL1z,136,4,COMPLETED,3.50374307608,1.56922853123,1.17442776887,0.698598472979,1.59032228548
HL1z,136,4,COMPLETED,3.501747473,1.56696727039,1.43569987453,0.720059971657,1.59386054925
HL1z,136,4,COMPLETED,3.49937141051,1.56440589775,1.54547287802,0.72645795695,1.59738417897
HL1z,136,4,COMPLETED,3.50005269705,1.56488516495,1.52547463783,0.731155175229,1.60089346225
HL1z,136,4,COMPLETED,3.49823947077,1.5647569587,1.44914054876,0.727471416576,1.60438867915
HL1z,136,4,COMPLETED,3.49649439742,1.56149492264,1.37623589149,0.720282672385,1.60787010243
HL1z,136,4,COMPLETED,3.49756569454,1.56235673087,1.33684655843,0.727175415725,1.61133799783
HL1z,136,4,COMPLETED,3.49778391957,1.56208727355,1.29817220391,0.733218310711,1.61479262434
HL1z,136,4,COMPLETED,3.4953186315,1.55938852537,1.24253076863,0.730837564494,1.61823423447
HL1z,136,4,COMPLETED,3.49460565953,1.55849470026,1.18557916091,0.726105011171,1.62166307445
HL1z,136,4,COMPLETED,3.49360344755,1.55773841537,1.13206239391,0.72609740279,1.62507938447
HL1z,136,4,COMPLETED,3.49832225399,1.56217732298,1.07269309544,0.721252254123,1.62848339893
HL1z,136,4,COMPLETED,3.49220966802,1.55775459408,1.02450088857,0.721054844568,1.63187534659
HL1z,136,4,COMPLETED,3.49441108925,1.55822294584,0.974795098322,0.714232818456,1.63525545081
HL1z,136,4,COMPLETED,3.49574878587,1.55931758915,0.938348730119,0.713489300172,1.63862392972
HL1z,136,4,COMPLETED,3.49231496831,1.55594015907,0.903440588567,0.707993962921,1.64198099643
HL1z,136,4,COMPLETED,3.49216653232,1.55715826646,0.869245678872,0.699030213424,1.64532685914
HL1z,136,4,COMPLETED,3.48652934231,1.55534705693,0.85557663498,0.699148940228,1.6486617214
HL1z,136,4,COMPLETED,3.48258711727,1.55334779466,0.841598502152,0.696910176439,1.65198578216
HL1z,136,4,COMPLETED,3.47804514067,1.55311067958,0.831977332427,0.697689089152,1.65529923601
HL1z,136,4,COMPLETED,3.47191607353,1.55190328559,0.815470782691,0.692107916547,1.65860227329
HL1z,136,4,COMPLETED,3.47157118154,1.55716868311,1.36322363755,0.745219787653,1.66189508024
HL1z,136,4,COMPLETED,3.46822592781,1.55995124147,1.55017711232,0.784924101094,1.66517783911
HL1z,136,4,COMPLETED,3.45924502125,1.55728703574,1.43499750634,0.777259107216,1.66845072831
HL1z,136,4,COMPLETED,3.45219770757,1.55655922951,1.55906936774,0.804935077109,1.67171392254
HL1z,136,4,COMPLETED,3.44540984949,1.55549039772,1.65448704216,0.816989264095,1.67496759289
HL1z,136,4,COMPLETED,3.44260777196,1.55871395346,1.65156686086,0.813990178791,1.67821190697
HL1z,136,4,COMPLETED,3.43483086797,1.55748693036,1.54138966988,0.807771352931,1.68144702901
HL1z,136,4,COMPLETED,3.43254063402,1.56247293396,1.51905287735,0.822973394105,1.68467311996
HL1z,136,4,COMPLETED,3.42482952063,1.56185986766,1.40019854135,0.807339316873,1.68789033761
HL1z,136,4,COMPLETED,3.41824846573,1.56199137452,1.30185604265,0.79346287209,1.69109883668
HL1z,136,4,COMPLETED,3.41546790739,1.56834304294,1.55628136558,0.829646201065,1.69429876889
HL1z,136,4,COMPLETED,3.40670780714,1.56702838201,1.46892088166,0.82277728093,1.69749028309
HL1z,136,4,COMPLETED,3.39907173777,1.56643867634,1.39256234619,0.811745203369,1.70067352533
HL1z,136,4,COMPLETED,3.39133225841,1.56721357752,1.39220510907,0.807217472254,1.70384863893
HL1z,136,4,COMPLETED,3.3848292384,1.5698716964,1.59752652299,0.828111474765,1.70701576457
HL1z,136,4,COMPLETED,3.37631898403,1.57028837852,1.51162157562,0.823612798206,1.7101750404
HL1z,136,4,COMPLETED,3.37128846055,1.57550589267,1.82352871445,0.864819436858,1.71332660204
HL1z,136,4,COMPLETED,3.36163259024,1.57681222441,1.64582006687,0.845409890559,1.71647058275
HL1z,136,4,COMPLETED,3.34861288873,1.57510118745,1.66540977135,0.837383714727,1.71960711342
HL1z,136,4,COMPLETED,3.33927789503,1.57710331369,1.73948385317,0.855234493205,1.72273632266
HL1z,136,4,COMPLETED,3.32627214649,1.57747284014,1.66055095437,0.854469831767,1.72585833689
HL1z,136,4,COMPLETED,3.31246897574,1.57474551853,1.5660703856,0.837498497034,1.72897328038
HL1z,136,4,COMPLETED,3.30353372783,1.57845688896,1.47367433988,0.822526767866,1.73208127532
HL1z,136,4,COMPLETED,3.29011544057,1.57764519073,1.39962099088,0.813385128208,1.73518244186
HL1z,136,4,COMPLETED,3.27982391127,1.58056259837,1.32036426033,0.795820874855,1.7382768982
HL1z,136,4,COMPLETED,3.26746257782,1.58124160224,1.24065117254,0.788427345702,1.74136476062
HL1z,136,4,COMPLETED,3.25133202167,1.57901760058,1.19350381641,0.784957072556,1.74444614353
HL1z,136,4,COMPLETED,3.23848804256,1.58152663668,1.1491138414,0.778909589486,1.74752115955
HL1z,136,4,COMPLETED,3.22899108893,1.5862456869,1.18766540689,0.796356379727,1.75058991954
HL1z,136,4,COMPLETED,3.2108251818,1.58228932879,1.26860614075,0.800793404194,1.75365253264
HL1z,136,4,COMPLETED,3.19427786909,1.58043778904,1.2314825993,0.79893961557,1.75670910634
HL1z,136,4,COMPLETED,3.18171640304,1.58313899325,1.20495726673,0.79491225338,1.75975974649
HL1z,136,4,COMPLETED,3.16710391322,1.58413876092,1.24174578121,0.799698185638,1.7628045574
HL1z,136,4,COMPLETED,3.15135737335,1.58382299771,1.19952579663,0.791261911097,1.76584364183
HL1z,136,4,COMPLETED,3.13634335514,1.58429695312,1.15671725702,0.780695667176,1.76887710104
HL1z,136,4,COMPLETED,3.12018520924,1.58419968926,1.12367401176,0.774537426148,1.77190503487
HL1z,136,4,COMPLETED,3.10317927387,1.58350519221,1.09605127375,0.77165542758,1.77492754173
HL1z,136,4,COMPLETED,3.08730870809,1.58457135173,1.11305080125,0.778797524202,1.77794471867
HL1z,136,4,COMPLETED,3.06744979089,1.58191087109,1.06836372992,0.77109099495,1.78095666138
HL1z,136,4,COMPLETED,3.05186794038,1.58367315415,1.12220458562,0.777443720739,1.78396346428
HL1z,136,4,COMPLETED,3.03350139227,1.58234894718,1.09510202584,0.769875300562,1.78696522052
HL1z,136,4,COMPLETED,3.01801838655,1.58415312282,1.15964462467,0.782479233417,1.789962022
HL1z,136,4,COMPLETED,3.00116694507,1.58511238318,1.15111974904,0.781376202157,1.79295395943
HL1z,136,4,COMPLETED,2.98172873842,1.58292689698,1.12148697479,0.772031353861,1.79594112237
HL1z,136,4,COMPLETED,2.96505065247,1.5844713822,1.12239249922,0.776464288772,1.79892359921
HL1z,136,4,COMPLETED,2.94746550018,1.58455989613,1.09875500936,0.77105796295,1.80190147727
HL1z,136,4,COMPLETED,2.92960673431,1.58416354273,1.07011827634,0.762405223838,1.80487484278
HL1z,136,4,COMPLETED,2.91154765,1.58483459705,1.04669282232,0.759127433369,1.8078437809
HL1z,136,4,COMPLETED,2.89315218449,1.58423179808,1.02949158994,0.758933661376,1.81080837579
HL1z,136,4,COMPLETED,2.87438851648,1.58324163773,1.03301898887,0.761554642818,1.81376871063
HL1z,136,4,COMPLETED,2.85644637941,1.58404592362,1.0500578501,0.759187009757,1.81672486761
HL1z,136,4,COMPLETED,2.83790873156,1.58496960358,1.12433392168,0.776764681157,1.81967692798
HL1z,136,4,COMPLETED,2.82019079028,1.58342062488,1.10765685041,0.775513783506,1.82262497208
HL1z,136,4,COMPLETED,2.80013460944,1.58143650784,1.08666601427,0.769505174914,1.82556907936
HL1z,136,4,COMPLETED,2.78154638155,1.58057814421,1.08327239519,0.769536866108,1.8285093284
HL1z,136,4,COMPLETED,2.76204277087,1.57889620193,1.11331496667,0.774293473792,1.83144579693
HL1z,136,4,COMPLETED,2.74334128487,1.57864848937,1.09238793723,0.769817489191,1.83437856185
HL1z,136,4,COMPLETED,2.72606079421,1.58200590937,1.09647557353,0.774942860439,1.83730769927
HL1z,136,4,COMPLETED,2.70334835903,1.57458455319,1.13979023842,0.782379066995,1.84023328453
HL1z,136,4,COMPLETED,2.68829821543,1.57825843908,1.12371476102,0.778650032802,1.8431553922
HL1z,136,4,COMPLETED,2.67017198667,1.57941690063,1.10342267461,0.772145878884,1.8460740961
HL1z,136,4,COMPLETED,2.6510567812,1.57917738507,1.13172907662,0.775470163072,1.84898946935
HL1z,136,4,COMPLETED,2.63167607468,1.57927509772,1.11778714011,0.772146560297,1.85190158437
HL1z,136,4,COMPLETED,2.6124708625,1.58028648121,1.19736587915,0.785852046313,1.8548105129
HL1z,136,4,COMPLETED,2.59182198838,1.57929460546,1.20567819909,0.788276635115,1.85771632601
HL1z,136,4,COMPLETED,2.57044398696,1.57757649438,1.16507639778,0.776308866757,1.86061909415
HL1z,136,4,COMPLETED,2.55004950016,1.57737026394,1.13326219863,0.767983682591,1.86351888711
HL1z,136,4,COMPLETED,2.52945157595,1.57839152956,1.1812659092,0.781828981021,1.86641577412
HL1z,136,4,COMPLETED,2.50966329895,1.57695725998,1.2274294397,0.788712375661,1.86930982378
HL1z,136,4,COMPLETED,2.49104119346,1.57960017312,1.21191061593,0.78685545032,1.87220110415
HL1z,136,4,COMPLETED,2.47093700816,1.57821693662,1.19929911579,0.787656293431,1.8750896827
HL1z,136,4,COMPLETED,2.45222955038,1.57962104783,1.18434052189,0.782827652487,1.87797562639
HL1z,136,4,COMPLETED,2.43004884192,1.57784472044,1.16882481926,0.779208768342,1.88085900165
HL1z,136,4,COMPLETED,2.41106573206,1.57875720203,1.15417125607,0.775349510227,1.8837398744
HL1z,136,4,COMPLETED,2.39125357265,1.57934580647,1.14794770299,0.776006464716,1.88661831005
HL1z,136,4,COMPLETED,2.37091105553,1.57935210774,1.13518158413,0.773686209072,1.88949437356
HL1z,136,4,COMPLETED,2.35063244911,1.57929727271,1.12180378086,0.770449490191,1.89236812941
HL1z,136,4,COMPLETED,2.33169936669,1.58037339707,1.179588775,0.778087566171,1.89523964165
HL1z,136,4,COMPLETED,2.30890214462,1.57796899132,1.15485632086,0.775386209019,1.89810897386
HL1z,136,4,COMPLETED,2.29058738818,1.579635225,1.12981124384,0.771852242301,1.90097618924
HL1z,136,4,COMPLETED,2.26984223916,1.57903475495,1.11867756224,0.770991323448,1.90384135055
HL1z,136,4,COMPLETED,2.24792785278,1.57863639117,1.10015891928,0.766079936805,1.90670452019
HL1z,136,4,COMPLETED,2.22901484851,1.57862608566,1.07964376361,0.760045789358,1.90956576015
HL1z,136,4,COMPLETED,2.20996633198,1.58002921831,1.11208998239,0.764506500701,1.91242513208
HL1z,136,4,COMPLETED,2.19168642267,1.58149211303,1.09641945637,0.760263273323,1.91528269725
HL1z,136,4,COMPLETED,2.17271749715,1.58304443519,1.07908470776,0.752967283884,1.9181385166
HL1z,136,4,COMPLETED,2.15038981648,1.58145664952,1.08137825367,0.758173398488,1.92099265076
HL1z,136,4,COMPLETED,2.13060982001,1.58149256409,1.1188859623,0.762934412121,1.92384516001
HL1z,136,4,COMPLETED,2.1105123627,1.58192573074,1.14911591801,0.768515527956,1.92669610436
HL1z,136,4,COMPLETED,2.08966164294,1.58132851498,1.13799852568,0.764735226904,1.9295455435
HL1z,136,4,COMPLETED,2.06876829508,1.5807885504,1.12702122744,0.761363829405,1.93239353686
HL1z,136,4,COMPLETED,2.05103613361,1.58405009011,1.12075508157,0.763128198436,1.93524014359
HL1z,136,4,COMPLETED,2.03049624786,1.58331812353,1.10887555876,0.759286381031,1.93808542258
HL1z,136,4,COMPLETED,2.0095420576,1.58339010025,1.10079543285,0.757217655173,1.9409294325
HL1z,136,4,COMPLETED,1.98837156771,1.58394295294,1.12747775514,0.759965726971,1.94377223176
HL1z,136,4,COMPLETED,1.96970379013,1.58459332378,1.12086976312,0.760659369674,1.94661387856
HL1z,136,4,COMPLETED,1.95108329509,1.58612286787,1.10642962618,0.755875353943,1.94945443088
HL1z,136,4,COMPLETED,1.93132490603,1.5868448112,1.09178063903,0.752487659746,1.9522939465
HL1z,136,4,COMPLETED,1.91192196458,1.5889368662,1.07763852733,0.748468754579,1.95513248302
HL1z,136,4,COMPLETED,1.89152605291,1.58807946695,1.06480673033,0.742985976604,1.95797009786
HL1z,136,4,COMPLETED,1.87483064426,1.59200051839,1.06018461835,0.743118845679,1.96080684826
HL1z,136,4,COMPLETED,1.85372014098,1.5910233578,1.05156141494,0.741991187288,1.96364279131
HL1z,136,4,COMPLETED,1.83156102616,1.58961237392,1.04112066015,0.736853357357,1.96647798397
HL1z,136,4,COMPLETED,1.81287407053,1.59079021544,1.03326929393,0.735367455433,1.96931248302
HL1z,136,4,COMPLETED,1.79429018381,1.59210859868,1.02511527627,0.733164574399,1.97214634516
HL1z,136,4,COMPLETED,1.77514186589,1.59351728658,1.02375509175,0.734677595482,1.97497962695
HL1z,136,4,COMPLETED,1.75389190516,1.59262782998,1.01477390104,0.73198831943,1.97781238484
HL1z,136,4,COMPLETED,1.73784044464,1.5951263434,1.00411566374,0.729543423623,1.98064467521
HL1z,136,4,COMPLETED,1.71822299659,1.59383298848,0.998155078099,0.727039654984,1.98347655433
HL1z,136,4,COMPLETED,1.7009718204,1.5930527806,0.993620524585,0.726454674791,1.9863080784
HL1z,136,4,COMPLETED,1.68557344927,1.59253649665,0.987135943045,0.724436541968,1.98913930356
HL1z,136,4,COMPLETED,1.67721143745,1.59772055944,1.02060814203,0.731915890153,1.9919702859
HL1z,136,4,COMPLETED,1.6632580427,1.59590818403,1.01412362443,0.730221129041,1.99480108145
HL1z,136,4,COMPLETED,1.6539028639,1.59638006909,1.00504556225,0.724781874216,1.99763174622
HL1z,136,4,COMPLETED,1.64953750905,1.59725043899,1.03198463294,0.733152852919,2
HL2,68,4,COMPLETED,0,0,0.0013625849643,0.00108582158143,0
HL2,68,4,COMPLETED,8.79622607391e-06,3.7259203037e-11,0.0013625853283,0.00108582158306,1.2e-06
HL2,68,4,COMPLETED,1.93516973654e-05,1.71607383223e-10,0.00136258673982,0.00108582160576,2.64e-06
HL2,68,4,COMPLETED,3.20182629242e-05,4.61902580553e-10,0.00136258983725,0.00108582166288,4.368e-06
HL2,68,4,COMPLETED,4.72181416174e-05,9.96127903483e-10,0.00136259557535,0.00108582177444,6.4416e-06
HL2,68,4,COMPLETED,6.54579960097e-05,1.90476748903e-09,0.00136260537153,0.00108582197028,8.92992e-06
HL2,68,4,COMPLETED,8.7345603944e-05,3.16312833634e-09,0.00136262131793,0.00108582229449,1.1915904e-05
HL2,68,4,COMPLETED,0.000113609947068,4.44159466405e-09,0.00136264648839,0.00108582281202,1.54990848e-05
HL2,68,4,COMPLETED,0.000145125148593,4.76441236832e-09,0.00136268538255,0.00108595141654,1.979890176e-05
HL2,68,4,COMPLETED,0.000182938844612,1.75623974494e-09,0.00136274456749,0.0010863099012,2.4958682112e-05
HL2,68,4,COMPLETED,0.000228308267199,7.21006011275e-09,0.00136283360425,0.00108686743534,3.11504185344e-05
HL2,68,4,COMPLETED,0.000282741311167,2.58482963412e-08,0.00136296638461,0.00108753710207,3.85805022413e-05
HL2,68,4,COMPLETED,0.000348046159046,5.95861114436e-08,0.00136316305821,0.00108834160357,4.74966026895e-05
HL2,68,4,COMPLETED,0.000426390241656,1.16864038657e-07,0.00136345280862,0.00108930830393,5.81959232274e-05
HL2,68,4,COMPLETED,0.000520371271518,2.10351889425e-07,0.00136387784803,0.00109047021521,7.10351078729e-05
HL2,68,4,COMPLETED,0.000633102602279,3.58200278873e-07,0.00136449915861,0.00109186720433,8.64421294475e-05
HL2,68,4,COMPLETED,0.000768313975291,5.87099429412e-07,0.00136540473029,0.00109354747564,0.000104930555337
HL2,68,4,COMPLETED,0.000930472247814,9.35933783973e-07,0.00136672135405,0.00109556939937,0.000127116666404
HL2,68,4,COMPLETED,0.00112492467948,1.4614909427e-06,0.0013686314517,0.00109853606404,0.000153739999685
HL2,68,4,COMPLETED,0.00135808177591,2.23403318025e-06,0.00137139698604,0.00110287491528,0.000185687999622
HL2,68,4,COMPLETED,0.00163772594022,3.24219921052e-06,0.00137539321392,0.0011089630444,0.000224025599547
HL2,68,4,COMPLETED,0.0019732335968,4.42636172929e-06,0.00138115590104,0.00111698455776,0.000270030719456
HL2,68,4,COMPLETED,0.00237578974937,5.76952353633e-06,0.00138944650641,0.00112785550867,0.000325236863347
HL2,68,4,COMPLETED,0.00285878064107,7.2695899723e-06,0.0014013404946,0.00114176671875,0.000391484236017
HL2,68,4,COMPLETED,0.00343825934296,8.90938528186e-06,0.00141834377742,0.00116244164746,0.00047098108322
HL2,68,4,COMPLETED,0.00413348441096,1.0637400669e-05,0.00144254035165,0.00118853693013,0.000566377299864
HL2,68,4,COMPLETED,0.00496764756051,1.22586373929e-05,0.00147676918104,0.00122162899529,0.000680852759837
HL2,68,4,COMPLETED,0.00596852856994,1.3515072452e-05,0.00152481929702,0.00126471772739,0.000818223311805
HL2,68,4,COMPLETED,0.00716942239246,1.4031124143e-05,0.001591620103,0.00132054779515,0.000983067974166
HL2,68,4,COMPLETED,0.00861026277086,1.32228819018e-05,0.00168339492516,0.00139857990672,0.001180881569
HL2,68,4,COMPLETED,0.0103389417893,1.01972843173e-05,0.00181280949655,0.00149985591367,0.0014182578828
HL2,68,4,COMPLETED,0.0124116450906,4.84911372229e-06,0.00198022819787,0.00163930050206,0.00170310945936
HL2,68,4,COMPLETED,0.0148937878206,1.4010969357e-06,0.00220055802537,0.00180826276906,0.00204493135123
HL2,68,4,COMPLETED,0.0178692994307,1.29506888229e-05,0.00248557942402,0.00202138272787,0.00245511762148
HL2,68,4,COMPLETED,0.0214425613204,1.81096025827e-05,0.00282886812306,0.00229094219852,0.00294734114577
HL2,68,4,COMPLETED,0.0257336061557,2.41025802126e-05,0.00326196361092,0.00263563418717,0.00353800937493
HL2,68,4,COMPLETED,0.0308910543754,3.38932422702e-05,0.00382396762181,0.00308762969589,0.00424681124991
HL2,68,4,COMPLETED,0.037073201135,4.78365012331e-05,0.00454547119455,0.00371199182393,0.00509737349989
HL2,68,4,COMPLETED,0.044516697219,5.22948630033e-05,0.0055073999515,0.00447195045064,0.00611804819987
HL2,68,4,COMPLETED,0.0534553876915,6.78131338794e-05,0.00653943865007,0.00530556662363,0.00734285783985
HL2,68,4,COMPLETED,0.06415431386,9.00083755695e-05,0.00791982077864,0.00635388370105,0.00881262940781
HL2,68,4,COMPLETED,0.0769842012552,0.000100209124193,0.00927996454947,0.0074293667611,0.0105763552894
HL2,68,4,COMPLETED,0.0923692515414,0.000120134902445,0.0109353845273,0.00886463431363,0.0126928263473
HL2,68,4,COMPLETED,0.110826764441,0.000195908298957,0.0131320113875,0.0107319686546,0.0152325916167
HL2,68,4,COMPLETED,0.133010220974,0.000305572939886,0.0151497200661,0.0126290960372,0.01828030994
HL2,68,4,COMPLETED,0.159474823458,0.000281407737575,0.0173661637031,0.01464048734,0.0219375719281
HL2,68,4,COMPLETED,0.191322219011,0.000491421791683,0.0198533534507,0.0166974463986,0.0263262863137
HL2,68,4,COMPLETED,0.229548071836,0.000726009756955,0.0227739408695,0.0192787336547,0.0315927435764
HL2,68,4,COMPLETED,0.270718252756,0.000648364930108,0.0267133166307,0.0224225325635,0.0372633381857
HL2,68,4,COMPLETED,0.311924635144,0.000695602153735,0.0318365816797,0.0263738033012,0.0429366676891
HL2,68,4,COMPLETED,0.352256558913,0.000213531898125,0.0356814187584,0.0291801293582,0.0486131869673
HL2,68,4,COMPLETED,0.393790240248,0.000298831563528,0.0401477227098,0.0319939130484,0.0542933531413
HL2,68,4,COMPLETED,0.433728021159,0.000328946375625,0.0455090223234,0.0351343531698,0.0599776259092
HL2,68,4,COMPLETED,0.474882874463,0.000469241038204,0.0494870162492,0.038479196766,0.0656664678876
HL2,68,4,COMPLETED,0.515094502432,0.00129389893035,0.0662546039318,0.0482520845081,0.0713603449594
HL2,68,4,COMPLETED,0.555594775468,0.00147255737199,0.0711895956499,0.0525772785092,0.0770597266278
HL2,68,4,COMPLETED,0.595721875605,0.00234620007531,0.0718532030006,0.052256617608,0.082765086378
HL2,68,4,COMPLETED,0.635973728694,0.00239396167747,0.0807499403113,0.0586690573339,0.0884769020468
HL2,68,4,COMPLETED,0.675725646784,0.00267642909349,0.0837510032845,0.0628456331887,0.0941956562008
HL2,68,4,COMPLETED,0.715645240677,0.00330590903208,0.089061064759,0.0686450343998,0.0999218365258
HL2,68,4,COMPLETED,0.755214689898,0.00413856192377,0.106013406186,0.0771821298653,0.105655936225
HL2,68,4,COMPLETED,0.793908493385,0.00460400604704,0.112494776499,0.0814603117724,0.111398454432
HL2,68,4,COMPLETED,0.832786478978,0.00462521111382,0.121401872567,0.0877591483395,0.117149896631
HL2,68,4,COMPLETED,0.872009167552,0.00518845204101,0.128328058019,0.0934823955214,0.122910775099
HL2,68,4,COMPLETED,0.911086904146,0.00572764877189,0.132639442281,0.0974300663139,0.128681609352
HL2,68,4,COMPLETED,0.94946592829,0.00649057991953,0.137268971458,0.0984518940962,0.134462926622
HL2,68,4,COMPLETED,0.987790909079,0.00686075070265,0.147042547307,0.105165857764,0.140255262333
HL2,68,4,COMPLETED,1.02588087309,0.00756124453945,0.15167241983,0.109982378611,0.146059160615
HL2,68,4,COMPLETED,1.06302980284,0.00804518165678,0.162595287239,0.119297868338,0.151875174822
HL2,68,4,COMPLETED,1.09998458,0.00836850052377,0.168745346377,0.124425948941,0.157703868081
HL2,68,4,COMPLETED,1.13706281773,0.00900808989247,0.172054402664,0.124484561702,0.163545813862
HL2,68,4,COMPLETED,1.17463694857,0.00954155346013,0.171622086763,0.121827465143,0.169401596569
HL2,68,4,COMPLETED,1.21116591694,0.0106199268429,0.178624331238,0.130962365385,0.175271812169
HL2,68,4,COMPLETED,1.24724935872,0.0110438941622,0.184392497925,0.135977839485,0.181157068833
HL2,68,4,COMPLETED,1.28299235682,0.01126417405,0.191684723382,0.142184951121,0.187057987625
HL2,68,4,COMPLETED,1.31784371863,0.0122130533369,0.196295899449,0.146428713984,0.192975203212
HL2,68,4,COMPLETED,1.35246451561,0.0125692706725,0.203018142258,0.148516721757,0.198909364617
HL2,68,4,COMPLETED,1.38787796249,0.0134647369903,0.210097785216,0.153457076478,0.204861136007
HL2,68,4,COMPLETED,1.42240386733,0.0135848574041,0.211223731423,0.154100019753,0.210831197524
HL2,68,4,COMPLETED,1.45453027873,0.0143365871061,0.214562137261,0.157679588005,0.216820246159
HL2,68,4,COMPLETED,1.48731937008,0.0145595017949,0.216218349642,0.161993546921,0.222828996677
HL2,68,4,COMPLETED,1.52078077714,0.0146751259927,0.218686351396,0.16721502071,0.228858182589
HL2,68,4,COMPLETED,1.55285325975,0.0150984551126,0.221976351663,0.172231093358,0.234908557187
HL2,68,4,COMPLETED,1.58218610854,0.0152556923683,0.224366420242,0.173407307467,0.24098089463
HL2,68,4,COMPLETED,1.61313512083,0.0154896858763,0.231506970741,0.181405053036,0.247075991102
HL2,68,4,COMPLETED,1.64335015676,0.015886054542,0.23831092884,0.187611663867,0.253194666038
HL2,68,4,COMPLETED,1.67344966831,0.0154342898391,0.238231686547,0.187272544636,0.259337763424
HL2,68,4,COMPLETED,1.69964094036,0.0154884630822,0.238056613029,0.186584134527,0.265506153181
HL2,68,4,COMPLETED,1.72655716802,0.0159990210637,0.24457109915,0.192722923221,0.271700732641
HL2,68,4,COMPLETED,1.75302859071,0.0161914576545,0.245998767376,0.195724823823,0.277922428106
HL2,68,4,COMPLETED,1.77956933713,0.0163760243437,0.252553459275,0.203230784084,0.284172196534
HL2,68,4,COMPLETED,1.80351653084,0.0170013561037,0.254746740985,0.20315148401,0.290451027314
HL2,68,4,COMPLETED,1.82622115788,0.0178362625497,0.252309196328,0.199781233465,0.296759944184
HL2,68,4,COMPLETED,1.84957410894,0.0187772913135,0.251414603945,0.196953108531,0.303100007271
HL2,68,4,COMPLETED,1.87178330778,0.0196152253423,0.248080714478,0.191980086263,0.309472315285
HL2,68,4,COMPLETED,1.88753069193,0.0198193940347,0.248295018566,0.193812585047,0.315878007867
HL2,68,4,COMPLETED,1.90572082209,0.0195082049159,0.258362267764,0.208016989417,0.322318268117
HL2,68,4,COMPLETED,1.92431760714,0.0194657983967,0.25622272422,0.207893873475,0.328794325313
HL2,68,4,COMPLETED,1.9402019183,0.0196485865063,0.256859857506,0.208990425898,0.335307457833
HL2,68,4,COMPLETED,1.95191272863,0.0189860630911,0.264688438012,0.215813947302,0.341858996316
HL2,68,4,COMPLETED,1.96208175988,0.0185354635405,0.274564092103,0.22774862798,0.34845032707
HL2,68,4,COMPLETED,1.97000444257,0.0177741953709,0.286838725172,0.238300359131,0.355082895764
HL2,68,4,COMPLETED,1.97601277828,0.0165689708735,0.299587796373,0.251754716095,0.361758211422
HL2,68,4,COMPLETED,1.98034618241,0.0152398264445,0.298526481098,0.246962845681,0.368477850756
HL2,68,4,COMPLETED,1.98358921014,0.0140400764948,0.31149706032,0.256711017533,0.375243462883
HL2,68,4,COMPLETED,1.97973705009,0.0198108657945,0.43669173232,0.291574473577,0.38205677445
HL2,68,4,COMPLETED,1.98367564354,0.0162961900613,0.517758164493,0.329715688117,0.388919595224
HL2,68,4,COMPLETED,1.98757266078,0.012427339221,0.539756567902,0.346095890897,0.3958338242
HL2,68,4,COMPLETED,1.98398395986,0.0160160401372,0.579273815614,0.375655591681,0.402801456283
HL2,68,4,COMPLETED,1.97294822181,0.0270517781944,0.538235142864,0.364902501559,0.409824589606
HL2,68,4,COMPLETED,1.95329381747,0.0467061825342,0.607687608222,0.405278785614,0.416905433581
HL2,68,4,COMPLETED,1.95076079795,0.0492392020464,0.625027048848,0.417530569051,0.424046317743
HL2,68,4,COMPLETED,1.94120778518,0.0587922148168,0.67761295359,0.449520489727,0.43124970152
HL2,68,4,COMPLETED,1.93672746855,0.0632725314474,0.63777242125,0.429325223332,0.438518185016
HL2,68,4,COMPLETED,1.93169510006,0.0683048999446,0.643921676712,0.421538132793,0.44585452097
HL2,68,4,COMPLETED,1.92805118902,0.0719488109794,0.648808164608,0.421023413591,0.453261628023
HL2,68,4,COMPLETED,1.92690372033,0.073096279666,0.635426705404,0.414691968308,0.4607426055
HL2,68,4,COMPLETED,1.92434176625,0.0756582337534,0.660919198578,0.428586821098,0.4683007499
HL2,68,4,COMPLETED,1.92142455283,0.0785754471693,0.708943221162,0.448635881438,0.475939573353
HL2,68,4,COMPLETED,1.92017252898,0.079827471023,0.685868157907,0.436207655297,0.48366282434
HL2,68,4,COMPLETED,1.91802289381,0.0819771061931,0.694034046017,0.433650812729,0.491474511023
HL2,68,4,COMPLETED,1.91433441668,0.0856655833168,0.657125238673,0.425638893806,0.499378927583
HL2,68,4,COMPLETED,1.91260167618,0.0873983238187,0.690021788855,0.445517065161,0.507380684088
HL2,68,4,COMPLETED,1.91154868961,0.0884513103861,0.699226128632,0.455681651231,0.515484740442
HL2,68,4,COMPLETED,1.91107746377,0.088922536234,0.680167737163,0.445866131563,0.523696445155
HL2,68,4,COMPLETED,1.91139901623,0.0886009837735,0.660950963338,0.441436004164,0.532021579772
HL2,68,4,COMPLETED,1.91069658151,0.0893034184871,0.715504833937,0.476005833623,0.540466410016
HL2,68,4,COMPLETED,1.91161591897,0.0883840810302,0.736174160815,0.497536898003,0.549037744919
HL2,68,4,COMPLETED,1.91041915528,0.0895808447235,0.7032962648,0.482499885612,0.557743005513
HL2,68,4,COMPLETED,1.91026687773,0.0897331222662,0.695468491324,0.488756943481,0.566590305054
HL2,68,4,COMPLETED,1.91124816759,0.0887518324136,0.704705494646,0.485180439312,0.575588543211
HL2,68,4,COMPLETED,1.91245275613,0.0875472438719,0.717501461669,0.496634320697,0.58474751731
HL2,68,4,COMPLETED,1.91402283167,0.085977168328,0.72419340286,0.513037939248,0.594078054564
HL2,68,4,COMPLETED,1.91440230639,0.0855976936056,0.71528768693,0.507783183268,0.603592170319
HL2,68,4,COMPLETED,1.91586974429,0.0841302557149,0.696641467194,0.502217919425,0.613303258833
HL2,68,4,COMPLETED,1.91760937493,0.0823906250683,0.706836928695,0.504841475644,0.623226325151
HL2,68,4,COMPLETED,1.91928872934,0.0807112706598,0.717003293145,0.511931849683,0.633378269377
HL2,68,4,COMPLETED,1.92143663607,0.0785633639319,0.714065416311,0.513035233708,0.643778238557
HL2,68,4,COMPLETED,1.92354884295,0.0764511570548,0.706133946291,0.508429822673,0.654448066852
HL2,68,4,COMPLETED,1.92478341003,0.0752165899733,0.694419817509,0.509940366811,0.665412832559
HL2,68,4,COMPLETED,1.92671778021,0.0732822197946,0.688755355393,0.506853061866,0.676701572159
HL2,68,4,COMPLETED,1.92837095674,0.0716290432633,0.696904885624,0.518584102534,0.688348208856
HL2,68,4,COMPLETED,1.93033420842,0.069665791577,0.684481984724,0.510810003102,0.700392779698
HL2,68,4,COMPLETED,1.93246747111,0.0675325288898,0.695185420194,0.527924844863,0.712883087078
HL2,68,4,COMPLETED,1.93405576239,0.0659442376063,0.697307858106,0.52953124553,0.725876968096
HL2,68,4,COMPLETED,1.9357990203,0.0642009796998,0.683557268726,0.519681676877,0.739445488374
HL2,68,4,COMPLETED,1.93783832621,0.0621616737852,0.693512861973,0.526650686398,0.753677563755
HL2,68,4,COMPLETED,1.93958127593,0.0604187240695,0.675998405025,0.519506336978,0.768686871083
HL2,68,4,COMPLETED,1.94136429119,0.0586357088095,0.668978414585,0.51142935963,0.784622594979
HL2,68,4,COMPLETED,1.94312005831,0.0568799416933,0.672266279892,0.517653117789,0.801686957182
HL2,68,4,COMPLETED,1.94438465114,0.055615348859,0.666496082084,0.516423308475,0.820165561517
HL2,68,4,COMPLETED,1.94548507313,0.0545149268663,0.680948214896,0.527267873913,0.840484087342
HL2,68,4,COMPLETED,1.94672830517,0.0532716948313,0.675030071046,0.521204847158,0.863325539579
HL2,68,4,COMPLETED,1.94826401505,0.0517359849526,0.682145866403,0.526423817082,0.889909988966
HL2,68,4,COMPLETED,1.94985328638,0.0501467136202,0.673733983079,0.518861388823,0.921811328232
HL2,68,4,COMPLETED,1.95123680341,0.0487631965936,0.667285617435,0.514910126648,0.96009293535
HL2,68,4,COMPLETED,1.9517656897,0.0482343103007,0.669544846661,0.514905014115,1.00603086389
HL2,68,4,COMPLETED,1.94983822635,0.050161773653,0.652638098021,0.506063750246,1.06115637814
HL2,68,4,COMPLETED,1.94618870069,0.0538112993054,0.619497558693,0.482318868552,1.12020369247
HL2,68,4,COMPLETED,1.94447194257,0.0555280574317,0.577980225224,0.452646112218,1.15037815366
HL2,68,4,COMPLETED,1.94308073712,0.0569192628826,0.557188986676,0.443800898071,1.17457926048
HL2,68,4,COMPLETED,1.94141541008,0.05858458992,0.517538636092,0.413549105273,1.1954933056
HL2,68,4,COMPLETED,1.93965111178,0.0603488882162,0.496237367669,0.395358275068,1.2142298268
HL2,68,4,COMPLETED,1.93789475911,0.0621052408938,0.477202335511,0.380035504458,1.23138209422
HL2,68,4,COMPLETED,1.93638684733,0.0636131526736,0.46619460523,0.372929794716,1.24731327926
HL2,68,4,COMPLETED,1.93428395637,0.0657160436309,0.446813593846,0.355503931945,1.26226549064
HL2,68,4,COMPLETED,1.93243849206,0.0675615079358,0.431146187009,0.342812939416,1.27640997988
HL2,68,4,COMPLETED,1.9306818581,0.0693181418992,0.417443044694,0.331454249614,1.28987329494
HL2,68,4,COMPLETED,1.92822178656,0.0717782134371,0.401518970524,0.3171013292,1.30275215611
HL2,68,4,COMPLETED,1.9258036089,0.0741963910992,0.38325493059,0.30031243229,1.31512249636
HL2,68,4,COMPLETED,1.92375327433,0.076246725667,0.383820728079,0.301409697165,1.32704524763
HL2,68,4,COMPLETED,1.92183571023,0.078164289768,0.374112091027,0.292107512923,1.33857020243
HL2,68,4,COMPLETED,1.91986124281,0.0801387571881,0.365621021444,0.287428663425,1.34973868124
HL2,68,4,COMPLETED,1.91720624255,0.0827937574457,0.362828634511,0.287382420807,1.36058542921
HL2,68,4,COMPLETED,1.91450910969,0.0854908903102,0.350628579805,0.277418379613,1.37113999835
HL2,68,4,COMPLETED,1.91277057318,0.0872294268158,0.347914208335,0.274429501702,1.38142777662
HL2,68,4,COMPLETED,1.91151224529,0.0884877547098,0.346775284813,0.270894528784,1.39147076824
HL2,68,4,COMPLETED,1.91021436307,0.0897856369267,0.338134949734,0.264610179228,1.40128819536
HL2,68,4,COMPLETED,1.90889932764,0.0911006723633,0.339030677542,0.26430613933,1.41089696848
HL2,68,4,COMPLETED,1.90721507845,0.0927849215534,0.327848206926,0.257777467917,1.42031205931
HL2,68,4,COMPLETED,1.90569965988,0.094300340121,0.327593650285,0.256558739112,1.42954679949
HL2,68,4,COMPLETED,1.90499899012,0.0950010098779,0.328277852809,0.254783317026,1.43861312267
HL2,68,4,COMPLETED,1.90439258289,0.0956074171063,0.326964743242,0.25659856608,1.44752176243
HL2,68,4,COMPLETED,1.90347319825,0.096526801752,0.308197824772,0.241024680388,1.45628241556
HL2,68,4,COMPLETED,1.90251390443,0.0974860955692,0.309498937897,0.241481352199,1.46490387785
HL2,68,4,COMPLETED,1.9020017795,0.0979982204955,0.310690486085,0.245620318563,1.47339415781
HL2,68,4,COMPLETED,1.90097881138,0.0990211886249,0.314555782354,0.252986620249,1.48176057261
HL2,68,4,COMPLETED,1.89995923067,0.10004076933,0.31036582072,0.251424120971,1.49000982949
HL2,68,4,COMPLETED,1.8988964826,0.101103517403,0.300530958982,0.243140610658,1.49814809524
HL2,68,4,COMPLETED,1.89859584157,0.101404158429,0.296703393217,0.237254311625,1.50618105583
HL2,68,4,COMPLETED,1.89802231974,0.101977680257,0.297750402907,0.240433357149,1.51411396791
HL2,68,4,COMPLETED,1.89752837943,0.102471620569,0.29179285421,0.236713466556,1.52195170337
HL2,68,4,COMPLETED,1.89737169517,0.102628304828,0.281523331552,0.228986790959,1.52969878816
HL2,68,4,COMPLETED,1.89720450221,0.102795497786,0.282017229232,0.225945925399,1.53735943624
HL2,68,4,COMPLETED,1.89697400227,0.103025997729,0.2730623424,0.219381182937,1.54493757938
HL2,68,4,COMPLETED,1.89559631197,0.104403688033,0.271777263028,0.2207602225,1.55243689336
HL2,68,4,COMPLETED,1.89454353658,0.10545646342,0.265335113643,0.216792996487,1.55986082123
HL2,68,4,COMPLETED,1.89401296391,0.105987036087,0.263724891625,0.221659401222,1.56721259383
HL2,68,4,COMPLETED,1.89352001634,0.106479983663,0.263338043478,0.219829161709,1.57449524813
HL2,68,4,COMPLETED,1.8930804007,0.106919599299,0.262837292902,0.22120309723,1.58171164355
HL2,68,4,COMPLETED,1.89252881604,0.107471183962,0.257008401247,0.216896780026,1.58886447659
HL2,68,4,COMPLETED,1.89220315277,0.107796847228,0.253303063628,0.214171229544,1.59595629395
HL2,68,4,COMPLETED,1.8913745488,0.108625451204,0.244000653771,0.204103464018,1.60298950433
HL2,68,4,COMPLETED,1.89082917136,0.10896854353,0.244594872664,0.204488280609,1.6099663891
HL2,68,4,COMPLETED,1.89005615193,0.109512851979,0.2443214996,0.206667918061,1.61688911186
HL2,68,4,COMPLETED,1.88770617086,0.109255300997,0.237380562023,0.200802298762,1.62375972726
HL2,68,4,COMPLETED,1.88326624514,0.110600004317,0.23736734738,0.204217022476,1.63058018883
HL2,68,4,COMPLETED,1.8804766804,0.110972080284,0.235120194539,0.19998850867,1.63735235622
HL2,68,4,COMPLETED,1.8765410358,0.111795314563,0.23793279832,0.201256256764,1.64407800179
HL2,68,4,COMPLETED,1.86949202184,0.112410657088,0.231319333307,0.194943687013,1.65075881658
HL2,68,4,COMPLETED,1.86138429884,0.112597736636,0.234105550236,0.197332772138,1.65739641581
HL2,68,4,COMPLETED,1.85270347829,0.113027626986,0.23599081458,0.199792407206,1.66399234392
HL2,68,4,COMPLETED,1.84358651271,0.112830548824,0.245151124021,0.207717012368,1.67054807919
HL2,68,4,COMPLETED,1.83121150921,0.113698009815,0.240264915558,0.202426569688,1.67706503799
HL2,68,4,COMPLETED,1.81766760219,0.114249849327,0.237871664753,0.199391360175,1.68354457871
HL2,68,4,COMPLETED,1.80421371648,0.114339010043,0.235098808614,0.196550527324,1.68998800538
HL2,68,4,COMPLETED,1.78684868159,0.114800856622,0.237176817386,0.196137688167,1.69639657097
HL2,68,4,COMPLETED,1.76769886594,0.115299931579,0.235342955897,0.195585858114,1.70277148055
HL2,68,4,COMPLETED,1.74704732923,0.115875358871,0.236892318831,0.198455053816,1.70911389409
HL2,68,4,COMPLETED,1.72950958517,0.115753303526,0.230891378213,0.194734168721,1.71542492919
HL2,68,4,COMPLETED,1.7120285762,0.115937162223,0.232479258085,0.19179798821,1.72170566347
HL2,68,4,COMPLETED,1.69231296529,0.1169019598,0.245023976796,0.20282863851,1.72795713696
HL2,68,4,COMPLETED,1.67063241764,0.117589330663,0.233695909,0.194538947157,1.73418035418
HL2,68,4,COMPLETED,1.64617442114,0.116925033841,0.234402254865,0.196704656861,1.74037628616
HL2,68,4,COMPLETED,1.6214895871,0.117366861248,0.232871297458,0.191688671417,1.74654587232
HL2,68,4,COMPLETED,1.59746902753,0.118050034515,0.247206581975,0.20441826273,1.75269002221
HL2,68,4,COMPLETED,1.57380181014,0.118206630503,0.248332862942,0.203942891181,1.75880961714
HL2,68,4,COMPLETED,1.54635986892,0.117223086178,0.244095400309,0.197030844202,1.76490551172
HL2,68,4,COMPLETED,1.51800549038,0.118254670781,0.255039102311,0.204245807478,1.77097853532
HL2,68,4,COMPLETED,1.48932896272,0.119013150092,0.254627943033,0.205067568986,1.77702949338
HL2,68,4,COMPLETED,1.460379713,0.119236012354,0.244540849235,0.200460411237,1.78305916871
HL2,68,4,COMPLETED,1.42932353889,0.119143881427,0.233073669005,0.190801951359,1.78906832271
HL2,68,4,COMPLETED,1.39847760345,0.119163262985,0.264886975602,0.21291622316,1.79505769646
HL2,68,4,COMPLETED,1.37072891772,0.116148498225,0.307405580579,0.234333410235,1.8010280118
HL2,68,4,COMPLETED,1.33601411139,0.119394296379,0.300256485009,0.226577674024,1.80697997234
HL2,68,4,COMPLETED,1.30201256629,0.119823050074,0.304600527889,0.232861639042,1.81291426445
HL2,68,4,COMPLETED,1.26766331054,0.11990269808,0.306407303775,0.239258587583,1.81883155808
HL2,68,4,COMPLETED,1.23473673518,0.120015498127,0.300443048759,0.231356430413,1.82473250771
HL2,68,4,COMPLETED,1.20067296732,0.120787899755,0.29700366642,0.227542368086,1.83061775309
HL2,68,4,COMPLETED,1.16540534596,0.120741605285,0.299351177875,0.234819679459,1.83648792006
HL2,68,4,COMPLETED,1.12945856654,0.120530609093,0.296223892035,0.23289168467,1.84234362127
HL2,68,4,COMPLETED,1.09627877702,0.117427783633,0.328001916352,0.248876173426,1.84818545685
HL2,68,4,COMPLETED,1.05922047056,0.119879286255,0.29774066408,0.231688288818,1.85401401513
HL2,68,4,COMPLETED,1.0287934686,0.114270447039,0.32086489648,0.25058731614,1.85982987326
HL2,68,4,COMPLETED,0.986162317377,0.120670519188,0.316334371608,0.244976337041,1.86563359778
HL2,68,4,COMPLETED,0.949671410914,0.120698250645,0.299631191882,0.232800167388,1.87142574526
HL2,68,4,COMPLETED,0.911718094993,0.119781063473,0.295949035019,0.230773604799,1.87720686282
HL2,68,4,COMPLETED,0.873908264993,0.119741914616,0.307071678778,0.236014226672,1.88297748871
HL2,68,4,COMPLETED,0.835392511033,0.120293567916,0.305085610672,0.237515385646,1.88873815275
HL2,68,4,COMPLETED,0.798606811806,0.118995147573,0.285826225142,0.223166409284,1.8944893769
HL2,68,4,COMPLETED,0.765426397648,0.11480008121,0.329717666111,0.251839675067,1.9002316757
HL2,68,4,COMPLETED,0.725389108757,0.116963232339,0.365698729489,0.275052015879,1.90596555675
HL2,68,4,COMPLETED,0.687620130188,0.115849550723,0.350725416041,0.265495404781,1.91169152113
HL2,68,4,COMPLETED,0.655471610045,0.112684144938,0.32852548932,0.252540832508,1.91741006386
HL2,68,4,COMPLETED,0.625365160281,0.111451327518,0.368690376674,0.268234619025,1.9231216743
HL2,68,4,COMPLETED,0.594880852653,0.110027086904,0.362517991505,0.271548468826,1.92882683653
HL2,68,4,COMPLETED,0.568295210969,0.107407051611,0.356946312423,0.268553893752,1.93452602982
HL2,68,4,COMPLETED,0.542293635832,0.105169623686,0.336057098901,0.258884399553,1.94021972894
HL2,68,4,COMPLETED,0.513804635525,0.104292678379,0.387777307797,0.267501296881,1.94590840455
HL2,68,4,COMPLETED,0.486774405421,0.10286382328,0.387550736508,0.276710253191,1.9515925236
HL2,68,4,COMPLETED,0.461792345658,0.100337373937,0.37225452179,0.269766311814,1.95727254965
HL2,68,4,COMPLETED,0.437399923721,0.0971132090367,0.349621452758,0.261883913735,1.96294894322
HL2,68,4,COMPLETED,0.412566343028,0.0944606387665,0.385010014933,0.277847529197,1.96862216219
HL2,68,4,COMPLETED,0.389294452837,0.0934866618595,0.425629372216,0.286142910642,1.97429266205
HL2,68,4,COMPLETED,0.366176373176,0.0907641033027,0.409594359989,0.283421964299,1.97996089631
HL2,68,4,COMPLETED,0.344669903037,0.0886132088231,0.40949255732,0.297237769673,1.9856273168
HL2,68,4,COMPLETED,0.323784384062,0.0849233678412,0.401611052937,0.292043429838,1.99129237399
HL2,68,4,COMPLETED,0.304266500389,0.082479040618,0.371963155506,0.277055195958,1.99695651732
HL2,68,4,COMPLETED,0.294911862015,0.0810710456086,0.445161669181,0.299652576122,2
HL2,96,4,COMPLETED,0,0,0.000702642606566,0.00056412058902,0
HL2,96,4,COMPLETED,8.72578624436e-06,2.67407229901e-11,0.000702643326658,0.000564120588435,1.2e-06
HL2,96,4,COMPLETED,1.91967297382e-05,1.20655661079e-10,0.000702646102245,0.000564120593784,2.64e-06
HL2,96,4,COMPLETED,3.17618619326e-05,3.22383167631e-10,0.000702652185441,0.000564120608916,4.368e-06
HL2,96,4,COMPLETED,4.68400205701e-05,6.92659013763e-10,0.000702663448756,0.00056424123016,6.4416e-06
HL2,96,4,COMPLETED,6.49338109437e-05,1.32160212115e-09,0.000702682671862,0.000564411623559,8.92992e-06
HL2,96,4,COMPLETED,8.66463594084e-05,2.34217592516e-09,0.000702713957158,0.000564616146981,1.1915904e-05
HL2,96,4,COMPLETED,0.000112701417598,3.94967600165e-09,0.000702763331189,0.000564861649042,1.54990848e-05
HL2,96,4,COMPLETED,0.000143967487484,6.42992583331e-09,0.000702839613967,0.000565156358054,1.979890176e-05
HL2,96,4,COMPLETED,0.000181486771455,1.02000262576e-08,0.000702955674014,0.000565510162352,2.4958682112e-05
HL2,96,4,COMPLETED,0.000226509912414,1.58672213103e-08,0.000703130238048,0.000565934948649,3.11504185344e-05
HL2,96,4,COMPLETED,0.000280537681913,2.43138862764e-08,0.000703390496753,0.000566445010856,3.85805022413e-05
HL2,96,4,COMPLETED,0.000345371005928,3.68201785051e-08,0.00070377585041,0.000567373413755,4.74966026895e-05
HL2,96,4,COMPLETED,0.000423170995839,5.52409701914e-08,0.000704343281198,0.000568810684607,5.81959232274e-05
HL2,96,4,COMPLETED,0.000516530985656,8.22610263597e-08,0.000705175035785,0.000570536746648,7.10351078729e-05
HL2,96,4,COMPLETED,0.000628562976814,1.21762929291e-07,0.000706389566773,0.000572626558133,8.64421294475e-05
HL2,96,4,COMPLETED,0.000763001372114,1.7935746911e-07,0.000708157025646,0.000575178828089,0.000104930555337
HL2,96,4,COMPLETED,0.000924327456796,2.63148130818e-07,0.000710721021027,0.000578931759622,0.000127116666404
HL2,96,4,COMPLETED,0.00111791877641,3.84832874509e-07,0.000714428818485,0.000583917686647,0.000153739999685
HL2,96,4,COMPLETED,0.00135022839127,5.61291931038e-07,0.000719772554072,0.000590625100639,0.000185687999622
HL2,96,4,COMPLETED,0.00162899991512,8.16807477674e-07,0.00072744412415,0.000599454746061,0.000224025599547
HL2,96,4,COMPLETED,0.00196346808355,1.12879797487e-06,0.000738405759456,0.000611734971815,0.000270030719456
HL2,96,4,COMPLETED,0.00236465541703,1.41947051589e-06,0.000753976237755,0.000626862163976,0.000325236863347
HL2,96,4,COMPLETED,0.00284574780851,1.56653418033e-06,0.000775928575906,0.000646543838472,0.000391484236017
HL2,96,4,COMPLETED,0.00342262989645,1.50236531625e-06,0.000806588908158,0.000671593111983,0.00047098108322
HL2,96,4,COMPLETED,0.00411451882621,1.32668774127e-06,0.000848920166882,0.00070573527486,0.000566377299864
HL2,96,4,COMPLETED,0.00494454649491,1.2669412502e-06,0.000906573333944,0.000750870964273,0.000680852759837
HL2,96,4,COMPLETED,0.00594031311059,1.47754546384e-06,0.000983900165266,0.000808568624963,0.000818223311805
HL2,96,4,COMPLETED,0.00713656677644,8.63191920903e-07,0.00108594623514,0.000888296329372,0.000983067974166
HL2,96,4,COMPLETED,0.00857391957331,1.014542272e-06,0.00121861763433,0.000992273584307,0.001180881569
HL2,96,4,COMPLETED,0.0103005237998,3.78230111903e-06,0.0013929366393,0.00113171926709,0.0014182578828
HL2,96,4,COMPLETED,0.0123746185164,6.95344190452e-06,0.00161096564097,0.00130442040246,0.00170310945936
HL2,96,4,COMPLETED,0.0148624706784,8.10881128093e-06,0.00187876523812,0.00152451937129,0.00204493135123
HL2,96,4,COMPLETED,0.017847974726,1.03480200383e-05,0.00221857561703,0.00180015749207,0.00245511762148
HL2,96,4,COMPLETED,0.0214323079595,1.31033194825e-05,0.00262686073786,0.00213128998713,0.00294734114577
HL2,96,4,COMPLETED,0.0257390747154,1.48616263067e-05,0.00316193195972,0.00257617966336,0.00353800937493
HL2,96,4,COMPLETED,0.0309135533839,1.056797572e-05,0.00376077907133,0.00306763996716,0.00424681124991
HL2,96,4,COMPLETED,0.037115100067,2.16072659342e-06,0.00449061066588,0.00366643850521,0.00509737349989
HL2,96,4,COMPLETED,0.0445568262362,1.48164912511e-05,0.00531795744058,0.00433865229116,0.00611804819987
HL2,96,4,COMPLETED,0.0534718976528,2.21126402247e-05,0.0063359427944,0.0051705559293,0.00734285783985
HL2,96,4,COMPLETED,0.0641624669642,4.31330078393e-05,0.00754470367127,0.00617011158593,0.00881262940781
HL2,96,4,COMPLETED,0.0769991111559,6.96739624767e-05,0.00903524802927,0.00738696417578,0.0105763552894
HL2,96,4,COMPLETED,0.0924115826743,0.000104214159934,0.0111394774428,0.00917434745965,0.0126928263473
HL2,96,4,COMPLETED,0.110889536105,0.000159795075073,0.0134430524868,0.0109849234892,0.0152325916167
HL2,96,4,COMPLETED,0.133019013348,0.000232248164636,0.0157256856105,0.0129804507968,0.01828030994
HL2,96,4,COMPLETED,0.159545684136,0.000432786615684,0.0185135362544,0.0154221303016,0.0219375719281
HL2,96,4,COMPLETED,0.188592660023,0.000229187745618,0.0208967647607,0.0175169891643,0.0259514795479
HL2,96,4,COMPLETED,0.21797055997,0.00054887664966,0.0232176183486,0.0192471419571,0.0299663396097
HL2,96,4,COMPLETED,0.247007712302,0.000311158007066,0.0265300178247,0.0219934694368,0.0339823125347
HL2,96,4,COMPLETED,0.276199256132,0.000478599809413,0.0290753011303,0.0240516609947,0.0379995591341
HL2,96,4,COMPLETED,0.304986820214,0.000483313680972,0.0326611325173,0.0269647291988,0.0420182406675
HL2,96,4,COMPLETED,0.334227200419,0.000357507314171,0.0345444001227,0.0284839995019,0.0460385189016
HL2,96,4,COMPLETED,0.363056098837,0.00011144466129,0.0372220835987,0.0301354862328,0.0500605561701
HL2,96,4,COMPLETED,0.391998104888,0.000168202290292,0.0414713504578,0.0326363077543,0.054084515433
HL2,96,4,COMPLETED,0.420965921535,9.33509288551e-05,0.0446187454473,0.0339083217213,0.0581105603374
HL2,96,4,COMPLETED,0.449819294311,0.000148453374485,0.0480526934037,0.0363050683012,0.0621388552789
HL2,96,4,COMPLETED,0.478647589749,0.000433237770045,0.0494937174403,0.0382876849551,0.0661695654633
HL2,96,4,COMPLETED,0.507350990393,0.000743291413221,0.0528166979387,0.0403273056821,0.0702028569697
HL2,96,4,COMPLETED,0.535997846293,0.000900756289018,0.0616142727268,0.0443789990907,0.0742388968139
HL2,96,4,COMPLETED,0.564472552544,0.00115741203925,0.0702945845529,0.0499538125616,0.0782778530132
HL2,96,4,COMPLETED,0.592706225504,0.000999064916654,0.0730461723706,0.0531032284993,0.0823198946523
HL2,96,4,COMPLETED,0.620813083512,0.00117083518211,0.0756216204416,0.0562810332608,0.0863651919499
HL2,96,4,COMPLETED,0.649544073143,0.00147907737859,0.0757961894892,0.0561724650893,0.0904139163265
HL2,96,4,COMPLETED,0.677888001268,0.00162476042633,0.0888918967552,0.0634263978266,0.0944662404742
HL2,96,4,COMPLETED,0.7060857551,0.00156485125295,0.0942008355511,0.0674644262844,0.0985223384268
HL2,96,4,COMPLETED,0.733782887315,0.00180101924552,0.103251648369,0.0753204323996,0.102582385632
HL2,96,4,COMPLETED,0.762114624891,0.00182798203214,0.105558706825,0.0761020834373,0.106646559024
HL2,96,4,COMPLETED,0.789891679524,0.00188682829362,0.106807456738,0.0765500162346,0.110715037102
HL2,96,4,COMPLETED,0.817725138053,0.00185219339436,0.113224639674,0.0812775821971,0.114788000002
HL2,96,4,COMPLETED,0.845315513402,0.00193921158143,0.119167118302,0.0866013687621,0.118865629579
HL2,96,4,COMPLETED,0.87290993237,0.00206990356079,0.125048915694,0.0908347651713,0.122948109487
HL2,96,4,COMPLETED,0.900706438947,0.00205585298452,0.127573260246,0.0924381502081,0.127035625261
HL2,96,4,COMPLETED,0.92833063268,0.00196910824907,0.132441484077,0.0947234574865,0.1311283644
HL2,96,4,COMPLETED,0.955778238178,0.00185693400907,0.140440914172,0.0994970116811,0.135226516458
HL2,96,4,COMPLETED,0.982898076929,0.0019841130363,0.144454002422,0.10376257642,0.13933027313
HL2,96,4,COMPLETED,1.0096065988,0.00194089560987,0.14533699823,0.103781897907,0.143439828343
HL2,96,4,COMPLETED,1.03647176843,0.00213761622968,0.150333986882,0.110036653359,0.147555378355
HL2,96,4,COMPLETED,1.06386865761,0.00188021282546,0.151842019013,0.109928463147,0.151677121846
HL2,96,4,COMPLETED,1.0910592769,0.00176317421298,0.157662225978,0.114131421315,0.155805260022
HL2,96,4,COMPLETED,1.11790956486,0.00158745586614,0.164971668091,0.119241482591,0.159939996717
HL2,96,4,COMPLETED,1.14454640487,0.00158259411736,0.170058998725,0.125920819642,0.164081538499
HL2,96,4,COMPLETED,1.17070058345,0.00159758335016,0.1726113409,0.128304516451,0.168230094779
HL2,96,4,COMPLETED,1.19693160615,0.001315492685,0.17224366315,0.127154173918,0.172385877925
HL2,96,4,COMPLETED,1.22335276818,0.00121685802688,0.175771510588,0.130268736298,0.17654910338
HL2,96,4,COMPLETED,1.24977842498,0.000934979383386,0.174458073331,0.128053421033,0.180719989778
HL2,96,4,COMPLETED,1.27585958579,0.000965246925091,0.18749639793,0.140033888282,0.184898759076
HL2,96,4,COMPLETED,1.30145389239,0.000830403449008,0.192822992508,0.146691506615,0.189085636677
HL2,96,4,COMPLETED,1.32697614865,0.000715352561553,0.195196355413,0.150468030107,0.193280851567
HL2,96,4,COMPLETED,1.35252659463,0.000648178981592,0.195492998042,0.148048823134,0.197484636452
HL2,96,4,COMPLETED,1.37814257481,0.000457531022397,0.196495346983,0.148116849456,0.201697227905
HL2,96,4,COMPLETED,1.40314961379,0.000176861021808,0.198700341055,0.150834938773,0.205918866511
HL2,96,4,COMPLETED,1.42766310117,7.53628340421e-05,0.202181030994,0.153620678396,0.210149797022
HL2,96,4,COMPLETED,1.45220014343,6.69758338113e-05,0.213457207005,0.166182033065,0.214390268523
HL2,96,4,COMPLETED,1.47664448029,0.000172252778503,0.212172227407,0.164487999822,0.21864053459
HL2,96,4,COMPLETED,1.50128625085,0.00028336761435,0.211899530793,0.165903699888,0.222900853473
HL2,96,4,COMPLETED,1.52483562781,0.000216080036384,0.211520922857,0.165429400747,0.227171488268
HL2,96,4,COMPLETED,1.54789195491,0.000419586638712,0.211287743584,0.164406227384,0.23145270711
HL2,96,4,COMPLETED,1.57148453843,0.000757957992388,0.209652434117,0.161912563834,0.235744783367
HL2,96,4,COMPLETED,1.5951264253,0.00107970329146,0.210531671538,0.16267592145,0.240047995844
HL2,96,4,COMPLETED,1.61775734117,0.00121502817636,0.217208618208,0.169482804867,0.244362628993
HL2,96,4,COMPLETED,1.6399334737,0.00136691979793,0.225751675854,0.176829762739,0.248688973139
HL2,96,4,COMPLETED,1.66198849712,0.00134784491005,0.22760489916,0.179977574464,0.253027324705
HL2,96,4,COMPLETED,1.68362341036,0.00121346686359,0.226202459238,0.177076079047,0.257377986459
HL2,96,4,COMPLETED,1.7039086327,0.00140903888523,0.220917594468,0.171432769246,0.261741267762
HL2,96,4,COMPLETED,1.72432359855,0.00147558294629,0.217583999515,0.166693184806,0.266117484832
HL2,96,4,COMPLETED,1.74459098723,0.00166613047074,0.216891848827,0.165499756138,0.270506961023
HL2,96,4,COMPLETED,1.76482140436,0.0020619053937,0.214380230878,0.16596316048,0.274910027108
HL2,96,4,COMPLETED,1.78331726555,0.00253279679999,0.210710666416,0.163393744169,0.279327021583
HL2,96,4,COMPLETED,1.80229597036,0.00273593443348,0.211332659935,0.163411311093,0.283758290986
HL2,96,4,COMPLETED,1.82081622669,0.0029268561712,0.227277158413,0.177882420003,0.288204190222
HL2,96,4,COMPLETED,1.83754209905,0.00296109300153,0.227087419878,0.178777422339,0.292665082919
HL2,96,4,COMPLETED,1.85311473274,0.00293086246448,0.227415077513,0.179547011438,0.297141341785
HL2,96,4,COMPLETED,1.8690765957,0.00272946920265,0.22547437224,0.176845438774,0.301633348997
HL2,96,4,COMPLETED,1.88575895819,0.00275337151139,0.223382295186,0.17228599831,0.306141496599
HL2,96,4,COMPLETED,1.89996176521,0.00273365420731,0.223676948258,0.170330854601,0.31066618693
HL2,96,4,COMPLETED,1.91179717031,0.00241615660503,0.219145013283,0.165674455813,0.315207833068
HL2,96,4,COMPLETED,1.92496627969,0.00290448063694,0.218965499314,0.167912521324,0.319766859295
HL2,96,4,COMPLETED,1.93908183403,0.00333397857934,0.217893683231,0.165989710197,0.324343701599
HL2,96,4,COMPLETED,1.95113862143,0.0036302487766,0.216841252048,0.167122421609,0.328938808187
HL2,96,4,COMPLETED,1.96171428476,0.00402822371399,0.220090302682,0.171040864457,0.333552640041
HL2,96,4,COMPLETED,1.97185096567,0.00446078206735,0.225568643436,0.173172742065,0.338185671495
HL2,96,4,COMPLETED,1.98038571318,0.00502123912516,0.236314088493,0.183298881619,0.342838390848
HL2,96,4,COMPLETED,1.98707249818,0.00533964155737,0.236451985223,0.186351211553,0.347511301014
HL2,96,4,COMPLETED,1.9925698914,0.0058820741387,0.238940605387,0.192083380044,0.352204920205
HL2,96,4,COMPLETED,1.99776185045,0.00662771010739,0.240120779356,0.193632631653,0.356919782662
HL2,96,4,COMPLETED,2.00223303742,0.00732865700827,0.241217599461,0.192461918557,0.361656439417
HL2,96,4,COMPLETED,2.00518241066,0.00796047539593,0.24404017394,0.19670904973,0.366415459115
HL2,96,4,COMPLETED,2.00756773088,0.00836363780335,0.241912105244,0.192388696606,0.371197428879
HL2,96,4,COMPLETED,2.0083094453,0.00865900170761,0.247313879754,0.197795384977,0.376002955227
HL2,96,4,COMPLETED,2.0087127974,0.008749012042,0.252646826912,0.204661104044,0.380832665052
HL2,96,4,COMPLETED,2.00867913661,0.00867990454938,0.252149890139,0.205671753331,0.385687206662
HL2,96,4,COMPLETED,2.00836959343,0.00836959343024,0.254693939763,0.208348793037,0.390567250889
HL2,96,4,COMPLETED,2.00785038664,0.00785038663756,0.251465202057,0.206011207278,0.395473492266
HL2,96,4,COMPLETED,2.00650328665,0.00650328664816,0.254365779708,0.210594579283,0.400406650294
HL2,96,4,COMPLETED,2.00563092798,0.00563092798182,0.253840102195,0.208204553677,0.405367470782
HL2,96,4,COMPLETED,2.00409477802,0.004094778022,0.256664198981,0.207200219297,0.410356727289
HL2,96,4,COMPLETED,2.00277425791,0.00277425791459,0.255453589103,0.206864564434,0.415375222661
HL2,96,4,COMPLETED,2.00163085203,0.00163085203357,0.261293900907,0.211706013429,0.420423790682
HL2,96,4,COMPLETED,2.00153217779,0.00153217779365,0.254111557669,0.204766349628,0.425503297845
HL2,96,4,COMPLETED,2.00212652211,0.00212652211022,0.253237549609,0.200820008139,0.430614645247
HL2,96,4,COMPLETED,2.0027274291,0.0027274291011,0.255440529164,0.202090474918,0.435758770629
HL2,96,4,COMPLETED,2.00387121706,0.00387121705818,0.258680309786,0.205537899253,0.440936650579
HL2,96,4,COMPLETED,2.00511217382,0.00511217381566,0.265051518081,0.214131046173,0.446149302891
HL2,96,4,COMPLETED,2.00695064941,0.00695064941209,0.266715514655,0.215831714816,0.451397789124
HL2,96,4,COMPLETED,2.00922423625,0.00922423624994,0.275078724362,0.221048667092,0.456683217354
HL2,96,4,COMPLETED,2.01110431139,0.0111043113938,0.276875102998,0.221704526146,0.462006745159
HL2,96,4,COMPLETED,2.01302873738,0.0130287373828,0.28171833132,0.225209297434,0.46736958285
HL2,96,4,COMPLETED,2.01351012526,0.013510125259,0.345982816462,0.247999878708,0.472772996976
HL2,96,4,COMPLETED,2.01426037715,0.0142603771492,0.515775878824,0.297331629986,0.478218314126
HL2,96,4,COMPLETED,2.0199724115,0.019972411496,0.59365495043,0.321358267323,0.483706925076
HL2,96,4,COMPLETED,2.0213564568,0.0213564567971,0.545096577892,0.306615619044,0.489240289298
HL2,96,4,COMPLETED,2.01992428286,0.0199242828562,0.624935089952,0.339985743951,0.49481993989
HL2,96,4,COMPLETED,2.02011503255,0.0201150325459,0.654102993283,0.359144937819,0.50044748896
HL2,96,4,COMPLETED,2.01580720258,0.0158072025824,0.720959050905,0.38775094539,0.506124633529
HL2,96,4,COMPLETED,2.013630259,0.0136302590024,0.791031141429,0.424466555655,0.511853162006
HL2,96,4,COMPLETED,2.01292117301,0.0129211730062,0.7755140097,0.413080972169,0.517634961312
HL2,96,4,COMPLETED,2.00848382274,0.00848382274362,0.831040137716,0.443888326453,0.523472024723
HL2,96,4,COMPLETED,2.0042973429,0.00429734289627,0.794576823695,0.43545514016,0.52936646054
HL2,96,4,COMPLETED,2.00025301094,0.000253010939482,0.849678485047,0.453710629908,0.535320501673
HL2,96,4,COMPLETED,1.99357854026,0.00642145973523,0.866785686847,0.470921724241,0.541336516284
HL2,96,4,COMPLETED,1.99299283505,0.00700716494854,0.832239315794,0.463614318097,0.547417019608
HL2,96,4,COMPLETED,1.99301500386,0.00698499614278,0.885339466927,0.488893319993,0.553564687142
HL2,96,4,COMPLETED,1.99252574626,0.00747425373738,0.927385083959,0.510048929652,0.559782369384
HL2,96,4,COMPLETED,1.99074773846,0.00925226153841,0.907760911282,0.503059585164,0.566073108345
HL2,96,4,COMPLETED,1.98817794741,0.0118220525852,0.908291976122,0.501631821578,0.57244015613
HL2,96,4,COMPLETED,1.98588504553,0.0141149544726,0.939616665394,0.508516546057,0.57888699587
HL2,96,4,COMPLETED,1.98263224732,0.0173677526815,0.949741129478,0.518651090749,0.585417365423
HL2,96,4,COMPLETED,1.98580047725,0.0141995227548,0.950954423009,0.520990795773,0.592035284266
HL2,96,4,COMPLETED,1.9850292665,0.0149707334953,0.949207465746,0.534902148799,0.598745084154
HL2,96,4,COMPLETED,1.98533275976,0.0146672402352,1.00757006075,0.556376260901,0.60555144417
HL2,96,4,COMPLETED,1.98516726076,0.0148327392432,1.00999899272,0.559659854087,0.612459430999
HL2,96,4,COMPLETED,1.98349311355,0.0165068864528,0.98411515655,0.551630213168,0.619474545382
HL2,96,4,COMPLETED,1.98179161173,0.0182083882661,0.983479145367,0.558068714793,0.626602775948
HL2,96,4,COMPLETED,1.98085448978,0.0191455102209,0.928441798684,0.536468913601,0.633850661924
HL2,96,4,COMPLETED,1.98099252078,0.0190074792246,1.01519735397,0.572730871074,0.641225366556
HL2,96,4,COMPLETED,1.98124844112,0.0187515588803,1.03160568244,0.591099661857,0.64873476357
HL2,96,4,COMPLETED,1.98181087907,0.0181891209281,1.00804957361,0.583600556146,0.656387539606
HL2,96,4,COMPLETED,1.9822072604,0.0177927396017,0.995108811168,0.583814514421,0.664193316395
HL2,96,4,COMPLETED,1.9824833142,0.0175166857962,0.938461499613,0.558333049575,0.672162797491
HL2,96,4,COMPLETED,1.98342323784,0.0165767621607,1.04677253651,0.606508185161,0.680307945894
HL2,96,4,COMPLETED,1.98364710811,0.0163528918871,1.05010489233,0.62282042579,0.688642200847
HL2,96,4,COMPLETED,1.98371095291,0.0162890470934,1.02250878587,0.620461717134,0.697180744899
HL2,96,4,COMPLETED,1.98417609984,0.01582390016,1.00003379891,0.610553883072,0.705940836197
HL2,96,4,COMPLETED,1.98524935966,0.0147506403446,0.991756632246,0.615230518387,0.71494222654
HL2,96,4,COMPLETED,1.98706666404,0.0129333359555,1.02202310488,0.629041406481,0.72420769378
HL2,96,4,COMPLETED,1.98812785587,0.0118721441255,1.00865588118,0.623184183014,0.733763729155
HL2,96,4,COMPLETED,1.98878132396,0.0112186760418,1.01549682999,0.626371061209,0.743641438235
HL2,96,4,COMPLETED,1.98993481428,0.0100651857223,0.978209547306,0.607945172406,0.753877742284
HL2,96,4,COMPLETED,1.99118846057,0.00881153942623,1.0065645501,0.635118263935,0.764517011741
HL2,96,4,COMPLETED,1.992395539,0.00760446099863,0.977720822229,0.629584299885,0.775613337324
HL2,96,4,COMPLETED,1.99331603117,0.00668396882702,1.00387395651,0.642694119611,0.787233770202
HL2,96,4,COMPLETED,1.99371122889,0.00628877110933,1.01347561789,0.643329474349,0.799463086522
HL2,96,4,COMPLETED,1.99478512268,0.00521487731675,1.01034479919,0.646434642095,0.812411049186
HL2,96,4,COMPLETED,1.99618169314,0.00381830686253,0.98237054697,0.643432729105,0.826223965118
HL2,96,4,COMPLETED,1.99767856314,0.00232143685948,0.987879690116,0.642829974361,0.841104085446
HL2,96,4,COMPLETED,1.99901057578,0.000989424220827,0.983934480475,0.640881165747,0.857344437876
HL2,96,4,COMPLETED,2.00011998083,0.000119980827227,0.996087597089,0.65695441569,0.875397111579
HL2,96,4,COMPLETED,2.00115715111,0.00115715110561,1.0139020105,0.676344478061,0.89602419852
HL2,96,4,COMPLETED,2.00207382655,0.00207382654843,0.994496138225,0.666050634574,0.92069537363
HL2,96,4,COMPLETED,2.00307722793,0.00307722793023,0.992084250235,0.667942557745,0.950300783761
HL2,96,4,COMPLETED,2.00371649535,0.00371649535144,0.98973594116,0.665125652424,0.985827275919
HL2,96,4,COMPLETED,2.00341167036,0.00341167035879,0.983426715761,0.66087301274,1.02845906651
HL2,96,4,COMPLETED,2.00194364242,0.00194364241613,0.944506673147,0.636182601529,1.07961721522
HL2,96,4,COMPLETED,2.00076340984,0.000763409842415,0.917207391453,0.613901382087,1.11177716081
HL2,96,4,COMPLETED,1.99959025468,0.000409745317434,0.855653862536,0.568505694566,1.13474236037
HL2,96,4,COMPLETED,1.99849892375,0.00150107625194,0.838901143157,0.544669924379,1.15383793825
HL2,96,4,COMPLETED,1.99726273818,0.00273726181797,0.800634185398,0.528405608376,1.17060129867
HL2,96,4,COMPLETED,1.99627769015,0.0037223098465,0.786719196824,0.506055178347,1.18575147802
HL2,96,4,COMPLETED,1.99539059362,0.00460940637621,0.764059092525,0.490294670222,1.19969707529
HL2,96,4,COMPLETED,1.99478869247,0.00521130752914,0.741032500983,0.479070140812,1.21269768226
HL2,96,4,COMPLETED,1.99404503406,0.00595496593966,0.704014770801,0.454109584265,1.22493079199
HL2,96,4,COMPLETED,1.99328792316,0.00671207684109,0.688120152221,0.441460976706,1.23652428927
HL2,96,4,COMPLETED,1.99236976173,0.00763023827383,0.66817839548,0.424329765128,1.24757401705
HL2,96,4,COMPLETED,1.99133000135,0.00866999864915,0.655720114392,0.412355541145,1.25815404809
HL2,96,4,COMPLETED,1.99054503416,0.00945496584327,0.663690811718,0.415654614922,1.26832306281
HL2,96,4,COMPLETED,1.98950275546,0.0104972445352,0.612547386383,0.386492548631,1.27812850217
HL2,96,4,COMPLETED,1.98858363224,0.0114163677619,0.604145434042,0.376965442588,1.28760937855
HL2,96,4,COMPLETED,1.98716729341,0.0128327065867,0.602835720664,0.376182848221,1.29679824051
HL2,96,4,COMPLETED,1.98638388385,0.0136161161453,0.590751762615,0.365301482056,1.30572258382
HL2,96,4,COMPLETED,1.98611520372,0.0138847962791,0.582018927387,0.358634957887,1.31440588879
HL2,96,4,COMPLETED,1.98584359612,0.0141564038815,0.528399783909,0.334403739839,1.32286839825
HL2,96,4,COMPLETED,1.98474095563,0.0152590443729,0.535566890314,0.335750969945,1.33112771158
HL2,96,4,COMPLETED,1.98371006092,0.0162899390809,0.537729791854,0.334669138538,1.33919924523
HL2,96,4,COMPLETED,1.9831621089,0.0168378910991,0.530981478307,0.332073703313,1.34709659483
HL2,96,4,COMPLETED,1.98218893946,0.0178110605352,0.504164807471,0.317402655947,1.35483182341
HL2,96,4,COMPLETED,1.98135046061,0.0186495393879,0.48896608499,0.317958671298,1.36241569344
HL2,96,4,COMPLETED,1.98034059438,0.0196594056159,0.474742999319,0.307989062056,1.36985785551
HL2,96,4,COMPLETED,1.97982585259,0.020174147414,0.476478163281,0.30987538635,1.37716700312
HL2,96,4,COMPLETED,1.9779829931,0.0220170068995,0.467751887375,0.305757323943,1.38435100085
HL2,96,4,COMPLETED,1.97891364449,0.0210863555115,0.432330178121,0.285028607357,1.39141699125
HL2,96,4,COMPLETED,1.97860284319,0.0213971568142,0.42083529183,0.283214041882,1.39837148457
HL2,96,4,COMPLETED,1.97773780307,0.0222621969334,0.426587042819,0.285685631585,1.4052204347
HL2,96,4,COMPLETED,1.97691327061,0.0230867293898,0.421619264938,0.281717179592,1.4119693037
HL2,96,4,COMPLETED,1.97578063025,0.0242193697464,0.393356960172,0.266396138931,1.41862311708
HL2,96,4,COMPLETED,1.9752604428,0.0247395571957,0.38781912114,0.261809036098,1.42518651128
HL2,96,4,COMPLETED,1.97488562085,0.025114379154,0.389894714305,0.268318256394,1.43166377472
HL2,96,4,COMPLETED,1.97425651834,0.0257434816635,0.381735190355,0.263650453488,1.43805888348
HL2,96,4,COMPLETED,1.9732848315,0.0267151684987,0.378971706947,0.262628439635,1.44437553236
HL2,96,4,COMPLETED,1.97268392425,0.0273160757453,0.37115405513,0.257334906124,1.45061716213
HL2,96,4,COMPLETED,1.97228816527,0.0277118347274,0.356653076021,0.248264387805,1.45678698343
HL2,96,4,COMPLETED,1.97162373141,0.0283762685936,0.357646282717,0.246003952137,1.46288799786
HL2,96,4,COMPLETED,1.9709831245,0.0290168755034,0.35017532004,0.242214860962,1.46892301673
HL2,96,4,COMPLETED,1.97053994084,0.0294600591561,0.340201431242,0.242192610155,1.47489467758
HL2,96,4,COMPLETED,1.96925361242,0.0307463875804,0.346386563394,0.245071002505,1.48080545899
HL2,96,4,COMPLETED,1.96807015886,0.0319298411446,0.337148344565,0.244897956881,1.48665769377
HL2,96,4,COMPLETED,1.96690457095,0.0330954290487,0.326618565602,0.237265321613,1.49245358081
HL2,96,4,COMPLETED,1.96617490544,0.0338250945557,0.327333196009,0.238846364894,1.49819519568
HL2,96,4,COMPLETED,1.96596158539,0.0340384146117,0.323338806731,0.243499693548,1.50388450021
HL2,96,4,COMPLETED,1.96543822903,0.034561770967,0.316970403883,0.238840675657,1.5095233511
HL2,96,4,COMPLETED,1.9650450737,0.0349549262974,0.302339376243,0.229207046165,1.51511350779
HL2,96,4,COMPLETED,1.96414677504,0.0358532249645,0.305362490053,0.230475220284,1.52065663946
HL2,96,4,COMPLETED,1.96313980005,0.0368601999453,0.308027914097,0.229894930371,1.52615433154
HL2,96,4,COMPLETED,1.96271162115,0.0372883788542,0.297006264108,0.227148810831,1.53160809151
HL2,96,4,COMPLETED,1.96196465926,0.0380353407368,0.290969605376,0.225352829964,1.53701935429
HL2,96,4,COMPLETED,1.96187975083,0.038120249171,0.283676102222,0.221450036111,1.54238948711
HL2,96,4,COMPLETED,1.96143951976,0.0385604802414,0.279064230204,0.217644002822,1.54771979397
HL2,96,4,COMPLETED,1.96053960141,0.0394603985854,0.281613641223,0.224464935858,1.55301151973
HL2,96,4,COMPLETED,1.95987121163,0.0401287883711,0.276473708777,0.219214406732,1.55826585393
HL2,96,4,COMPLETED,1.9593271468,0.0406728531987,0.267581985002,0.209873664645,1.56348393419
HL2,96,4,COMPLETED,1.95901897805,0.0409810219461,0.264929740179,0.207290311167,1.56866684944
HL2,96,4,COMPLETED,1.95865063018,0.0413493698192,0.266546150742,0.205505186853,1.57381564285
HL2,96,4,COMPLETED,1.95800006365,0.0419999363515,0.265053331467,0.206288382055,1.57893131459
HL2,96,4,COMPLETED,1.95710215819,0.0428978418062,0.270201299413,0.211688965618,1.58401482428
HL2,96,4,COMPLETED,1.95626821747,0.04373178253,0.266587768235,0.208294844808,1.5890670934
HL2,96,4,COMPLETED,1.95563316989,0.0443668301149,0.266976707255,0.206694083165,1.59408900739
HL2,96,4,COMPLETED,1.95541992451,0.044580075491,0.269634262504,0.209396339412,1.59908141773
HL2,96,4,COMPLETED,1.95456987715,0.0454301228466,0.271529682189,0.210336955313,1.60404514374
HL2,96,4,COMPLETED,1.95358153634,0.0464184636622,0.271033783907,0.206786326092,1.60898097437
HL2,96,4,COMPLETED,1.95265225952,0.0473477404794,0.266673185019,0.202205338044,1.61388966983
HL2,96,4,COMPLETED,1.95182815284,0.0481718471607,0.272427121109,0.210118623173,1.61877196305
HL2,96,4,COMPLETED,1.95154891754,0.0484510824648,0.277090166691,0.215851773853,1.62362856116
HL2,96,4,COMPLETED,1.95102439758,0.0489756024177,0.272787250772,0.211139277288,1.6284601468
HL2,96,4,COMPLETED,1.95049044921,0.0494901533182,0.277749641624,0.213850778968,1.6332673793
HL2,96,4,COMPLETED,1.94978305426,0.0501975482726,0.279296347925,0.218196916397,1.63805089595
HL2,96,4,COMPLETED,1.94886830966,0.0511122928697,0.275725263419,0.215464363195,1.64281131298
HL2,96,4,COMPLETED,1.9485898453,0.0513907572291,0.278077989065,0.217050741251,1.64754922665
HL2,96,4,COMPLETED,1.94727594243,0.0518777854556,0.286390215462,0.225008933635,1.65226521422
HL2,96,4,COMPLETED,1.94583115928,0.0524430967861,0.291698529581,0.228880867801,1.65695983478
HL2,96,4,COMPLETED,1.9445271126,0.0528898629261,0.29283423458,0.23113044747,1.66163363018
HL2,96,4,COMPLETED,1.94364845456,0.0529237833044,0.289640355753,0.227446409816,1.6662871258
HL2,96,4,COMPLETED,1.94148504804,0.052886525944,0.287209285265,0.224497397273,1.67092083129
HL2,96,4,COMPLETED,1.93736551128,0.0538494113689,0.302873726858,0.241376711065,1.67553524131
HL2,96,4,COMPLETED,1.93328789039,0.0546284586062,0.292548224295,0.23141745795,1.68013083619
HL2,96,4,COMPLETED,1.92837320465,0.054497879297,0.291096703789,0.230884523729,1.68470808258
HL2,96,4,COMPLETED,1.92114438434,0.0546767183563,0.292787874836,0.23241512554,1.68926743403
HL2,96,4,COMPLETED,1.91392641679,0.0552731967055,0.307676511808,0.248324607261,1.69380933157
HL2,96,4,COMPLETED,1.90568574757,0.0557120024242,0.301358193232,0.242664667969,1.69833420426
HL2,96,4,COMPLETED,1.89676410724,0.0551632976681,0.295851927841,0.238021352033,1.70284246969
HL2,96,4,COMPLETED,1.88655232322,0.0550468616878,0.3032649353,0.246374886255,1.70733453446
HL2,96,4,COMPLETED,1.87516197452,0.0553693784071,0.308627262875,0.251251912517,1.71181079466
HL2,96,4,COMPLETED,1.86156807629,0.0555485047657,0.29435753114,0.238010085962,1.71627163629
HL2,96,4,COMPLETED,1.84721146998,0.0553306995762,0.291362873121,0.235372673473,1.72071743567
HL2,96,4,COMPLETED,1.8342490861,0.0551832645617,0.307406400814,0.250265527534,1.72514855987
HL2,96,4,COMPLETED,1.82104119549,0.0554765574811,0.301591070968,0.246054582775,1.72956536705
HL2,96,4,COMPLETED,1.80553140781,0.0549976005121,0.296318366063,0.242220288696,1.73396820683
HL2,96,4,COMPLETED,1.78875393208,0.054702829246,0.298859597934,0.246326463092,1.73835742062
HL2,96,4,COMPLETED,1.77175368966,0.0549476874887,0.310993589762,0.256572807725,1.74273334199
HL2,96,4,COMPLETED,1.75549011308,0.0547408103053,0.302343918202,0.252706191997,1.74709629692
HL2,96,4,COMPLETED,1.7366783142,0.0540613946278,0.298330228556,0.25011296759,1.75144660413
HL2,96,4,COMPLETED,1.71780272819,0.0542423475994,0.318565578421,0.26349951289,1.75578457535
HL2,96,4,COMPLETED,1.69918929877,0.0541720052974,0.305192287718,0.25328675907,1.76011051563
HL2,96,4,COMPLETED,1.67890523537,0.0535550191013,0.292057847775,0.246692051773,1.76442472351
HL2,96,4,COMPLETED,1.65821725851,0.0534101971838,0.304262746969,0.256944440633,1.76872749138
HL2,96,4,COMPLETED,1.63740290721,0.0534635171162,0.305273856213,0.254184717434,1.77301910562
HL2,96,4,COMPLETED,1.61623999774,0.0528773118871,0.287498383804,0.241548763177,1.77729984688
HL2,96,4,COMPLETED,1.59432135989,0.0523980454852,0.299575186905,0.250951607975,1.78156999028
HL2,96,4,COMPLETED,1.57223284615,0.0524185790614,0.305787201227,0.255009342529,1.78582980563
HL2,96,4,COMPLETED,1.54985156151,0.0521740322147,0.288695848119,0.241578099282,1.79007955762
HL2,96,4,COMPLETED,1.52479026348,0.0498302525102,0.312955001748,0.261194726801,1.79431950601
HL2,96,4,COMPLETED,1.50271446653,0.0511407143413,0.321526816291,0.266110549168,1.79854990581
HL2,96,4,COMPLETED,1.47912756053,0.0508753414884,0.310391277873,0.25648957249,1.80277100748
HL2,96,4,COMPLETED,1.45281564271,0.0472057465686,0.313107299231,0.262790494863,1.80698305708
HL2,96,4,COMPLETED,1.4308969364,0.0498211325786,0.310479830136,0.257091903484,1.81118629644
HL2,96,4,COMPLETED,1.40571626644,0.0488952195372,0.316414263424,0.26096101321,1.81538096331
HL2,96,4,COMPLETED,1.38137047832,0.0483109227911,0.320455964977,0.269293218064,1.81956729153
HL2,96,4,COMPLETED,1.35576063048,0.0476343364766,0.312626618452,0.259331661935,1.82374551116
HL2,96,4,COMPLETED,1.32959985843,0.0461204564016,0.322165978644,0.265655187414,1.82791584863
HL2,96,4,COMPLETED,1.30338859202,0.0448877951409,0.322548956574,0.267710243961,1.83207852687
HL2,96,4,COMPLETED,1.27652285056,0.0431638312364,0.322181557919,0.264800656488,1.83623376545
HL2,96,4,COMPLETED,1.25115318284,0.0422603827513,0.327126148894,0.265312100881,1.84038178069
HL2,96,4,COMPLETED,1.2240853182,0.0411756503823,0.323058042218,0.265481204221,1.8445227858
HL2,96,4,COMPLETED,1.1962122758,0.0398078346028,0.324910848286,0.263261808002,1.84865699101
HL2,96,4,COMPLETED,1.16814644929,0.037308542968,0.332398527098,0.266084307664,1.85278460364
HL2,96,4,COMPLETED,1.14232941287,0.0371795399668,0.323762053535,0.265574566697,1.85690582826
HL2,96,4,COMPLETED,1.11535020514,0.0360226782552,0.337545947705,0.265402283394,1.86102086676
HL2,96,4,COMPLETED,1.08808598578,0.0353442015752,0.338370545856,0.270228855755,1.8651299185
HL2,96,4,COMPLETED,1.0644220969,0.0338849074224,0.329806528187,0.267345192273,1.86923318035
HL2,96,4,COMPLETED,1.04125850182,0.0326106487574,0.32272224695,0.2565342403,1.87333084684
HL2,96,4,COMPLETED,1.0179720492,0.0316337589626,0.353905318686,0.266562380246,1.87742311024
HL2,96,4,COMPLETED,0.994764270891,0.029979650911,0.338347601445,0.269925651881,1.88151016064
HL2,96,4,COMPLETED,0.969692518947,0.0287532080492,0.324595192851,0.255975569805,1.88559218606
HL2,96,4,COMPLETED,0.943268650728,0.0280778385755,0.349788362032,0.259488883174,1.88966937251
HL2,96,4,COMPLETED,0.91892607533,0.0265026820413,0.360499868168,0.274363314586,1.89374190412
HL2,96,4,COMPLETED,0.89407419578,0.024544862898,0.330301733837,0.260869493033,1.89780996319
HL2,96,4,COMPLETED,0.868779138725,0.0235616506957,0.339993379707,0.260323532854,1.90187373026
HL2,96,4,COMPLETED,0.84307468578,0.0234661053772,0.374906608468,0.27180667758,1.90593338422
HL2,96,4,COMPLETED,0.818675493996,0.0212893127743,0.333262238931,0.253462179051,1.9099891024
HL2,96,4,COMPLETED,0.794865765838,0.0196603247356,0.335546423372,0.262469010435,1.91404106059
HL2,96,4,COMPLETED,0.771016877429,0.0189051313787,0.373397281865,0.264648553346,1.91808943315
HL2,96,4,COMPLETED,0.746277891361,0.0179658112188,0.368148947068,0.257543093259,1.92213439309
HL2,96,4,COMPLETED,0.723426270452,0.0162521672596,0.351033695702,0.265218427692,1.92617611213
HL2,96,4,COMPLETED,0.699874569394,0.015109410461,0.335095619624,0.259186949167,1.93021476077
HL2,96,4,COMPLETED,0.675995078375,0.0138809077794,0.371895949111,0.257099906551,1.93425050836
HL2,96,4,COMPLETED,0.652705187424,0.0126194957095,0.379975030566,0.267735614194,1.93828352314
HL2,96,4,COMPLETED,0.630250315522,0.0106061882569,0.373651610351,0.27338383983,1.94231397237
HL2,96,4,COMPLETED,0.608906159738,0.00935800938515,0.330700356572,0.252648502816,1.94634202233
HL2,96,4,COMPLETED,0.586638762616,0.00858378797864,0.392944609535,0.273331072634,1.95036783844
HL2,96,4,COMPLETED,0.563678168047,0.0070384209532,0.39051248663,0.269037218037,1.95439158525
HL2,96,4,COMPLETED,0.542504830921,0.00542538873619,0.382448846163,0.271136021767,1.9584134266
HL2,96,4,COMPLETED,0.521959372153,0.00406305412505,0.366837995829,0.273683867136,1.96243352558
HL2,96,4,COMPLETED,0.50032624832,0.00209088508237,0.404418831791,0.278512609899,1.96645204467
HL2,96,4,COMPLETED,0.479076830742,0.0011919009928,0.418046645005,0.279802458116,1.97046914577
HL2,96,4,COMPLETED,0.457736385662,0.000150219654217,0.417041698358,0.281314976456,1.97448499023
HL2,96,4,COMPLETED,0.437444758695,0.00239044599318,0.392542016986,0.283350031101,1.97849973896
HL2,96,4,COMPLETED,0.417522812256,0.0033496034101,0.369162495818,0.279489844205,1.98251355248
HL2,96,4,COMPLETED,0.397965352418,0.0049229877005,0.455860222701,0.301727215711,1.98652659094
HL2,96,4,COMPLETED,0.37741832272,0.00634880140468,0.446222307794,0.296396905093,1.99053901421
HL2,96,4,COMPLETED,0.359616371958,0.0081699352199,0.432377332717,0.286820203063,1.99455098192
HL2,96,4,COMPLETED,0.342464411384,0.00987151409156,0.417307135195,0.295819679781,1.99856265356
HL2,96,4,COMPLETED,0.336162911708,0.0104817114067,0.400594726344,0.291464588139,2
HL2,136,4,COMPLETED,0,0,0.000350887529989,0.000279064993542,0
HL2,136,4,COMPLETED,8.7499142281e-06,2.60244515322e-10,0.000350889007448,0.000279070406857,1.2e-06
HL2,136,4,COMPLETED,1.92498113073e-05,1.26841150299e-09,0.000350894685104,0.000279141965074,2.64e-06
HL2,136,4,COMPLETED,3.184968782e-05,3.48026884062e-09,0.000350907120769,0.000279228395125,4.368e-06
HL2,136,4,COMPLETED,4.69695396776e-05,7.57746170758e-09,0.000350930139032,0.000279332118046,6.4416e-06
HL2,136,4,COMPLETED,6.51133619976e-05,1.45719601296e-08,0.000350969416028,0.000279457051915,8.92992e-06
HL2,136,4,COMPLETED,8.68859489638e-05,2.59574855687e-08,0.000351033325909,0.000279697496477,1.1915904e-05
HL2,136,4,COMPLETED,0.000113013053674,4.39287816298e-08,0.000351134163725,0.000280051176477,1.54990848e-05
HL2,136,4,COMPLETED,0.00014436579597,7.14828302079e-08,0.000351289908458,0.000280475670193,1.979890176e-05
HL2,136,4,COMPLETED,0.000181991278407,1.10322547613e-07,0.00035152675845,0.00028098550682,2.4958682112e-05
HL2,136,4,COMPLETED,0.000227143903411,1.59194066822e-07,0.000351882766381,0.000281727449066,3.11504185344e-05
HL2,136,4,COMPLETED,0.000281327170657,2.17640596162e-07,0.00035241302916,0.000282813087616,3.85805022413e-05
HL2,136,4,COMPLETED,0.000346346996704,2.8722696417e-07,0.000353197056082,0.000284119900938,4.74966026895e-05
HL2,136,4,COMPLETED,0.000424370715043,3.69875094206e-07,0.000354349146752,0.000285877858823,5.81959232274e-05
HL2,136,4,COMPLETED,0.000518000228243,4.66563451764e-07,0.000355235862626,0.000287647065817,7.10351078729e-05
HL2,136,4,COMPLETED,0.000630356099035,5.76611922137e-07,0.000357681227697,0.000290948601955,8.64421294475e-05
HL2,136,4,COMPLETED,0.000765182742902,6.99005506772e-07,0.00036036311742,0.000294731148141,0.000104930555337
HL2,136,4,COMPLETED,0.000926974142498,8.3196403865e-07,0.000365002397436,0.000299640407311,0.000127116666404
HL2,136,4,COMPLETED,0.00112112300601,9.71482307366e-07,0.000372345574779,0.000306787334909,0.000153739999685
HL2,136,4,COMPLETED,0.0013541011289,1.10941828776e-06,0.00038274361948,0.000316471160358,0.000185687999622
HL2,136,4,COMPLETED,0.00163367443981,1.2307457026e-06,0.000397031677007,0.000328579821001,0.000224025599547
HL2,136,4,COMPLETED,0.00196916011689,1.31094589147e-06,0.000417316352919,0.000345478463145,0.000270030719456
HL2,136,4,COMPLETED,0.0023717396045,1.31297005846e-06,0.000444995970893,0.00036767259641,0.000325236863347
HL2,136,4,COMPLETED,0.00285483030762,1.17976864141e-06,0.000482265934648,0.000397382968642,0.000391484236017
HL2,136,4,COMPLETED,0.0034345325891,8.24665734969e-07,0.000531244784207,0.000436128603801,0.00047098108322
HL2,136,4,COMPLETED,0.00413016618196,1.17397341236e-07,0.000595643134798,0.000484904466601,0.000566377299864
HL2,136,4,COMPLETED,0.00496491383934,1.13622165059e-06,0.000676757178069,0.000548170031531,0.000680852759837
HL2,136,4,COMPLETED,0.00596659367201,3.22391120386e-06,0.000779033505381,0.000631479310583,0.000818223311805
HL2,136,4,COMPLETED,0.0071685859281,6.57010632955e-06,0.000906682113211,0.000735805156177,0.000983067974166
HL2,136,4,COMPLETED,0.0086098908513,1.06868958577e-05,0.00106396763158,0.000864905965356,0.001180881569
HL2,136,4,COMPLETED,0.0103405673591,1.46397527161e-05,0.00126096487318,0.00102707682315,0.0014182578828
HL2,136,4,COMPLETED,0.0124184141698,1.95028440115e-05,0.00149727174297,0.00122174223022,0.00170310945936
HL2,136,4,COMPLETED,0.0149104195286,2.18454116148e-05,0.00178493328372,0.00146176977229,0.00204493135123
HL2,136,4,COMPLETED,0.017897545791,2.17080121538e-05,0.00213002862181,0.00174497649715,0.00245511762148
HL2,136,4,COMPLETED,0.0214791687013,2.16037992036e-05,0.00254969328271,0.00208828135005,0.00294734114577
HL2,136,4,COMPLETED,0.0257766467474,2.42547017994e-05,0.00305809651938,0.00250985318705,0.00353800937493
HL2,136,4,COMPLETED,0.0309370681753,2.57210852786e-05,0.00368010735834,0.00301109675651,0.00424681124991
HL2,136,4,COMPLETED,0.0371286724883,3.34206580372e-05,0.00441743423318,0.00361813957962,0.00509737349989
HL2,136,4,COMPLETED,0.0445678853885,3.96100955021e-05,0.00535234655466,0.00439037656149,0.00611804819987
HL2,136,4,COMPLETED,0.053491240811,5.73255415436e-05,0.00644970966003,0.00528160272305,0.00734285783985
HL2,136,4,COMPLETED,0.0641795060933,8.02152385699e-05,0.00770358773895,0.00631622086862,0.00881262940781
HL2,136,4,COMPLETED,0.0770015558726,9.95011210906e-05,0.00939165077988,0.00765601015996,0.0105763552894
HL2,136,4,COMPLETED,0.0924089237438,0.000153173209729,0.0114575047164,0.00930146063553,0.0126928263473
HL2,136,4,COMPLETED,0.11082165734,7.64498227296e-05,0.0136381714874,0.011168730726,0.0152325916167
HL2,136,4,COMPLETED,0.131479716511,0.000269215773452,0.016355056173,0.0134321561705,0.018063972464
HL2,136,4,COMPLETED,0.152062459849,0.00022393972713,0.0182818267919,0.0151507102745,0.0208956827168
HL2,136,4,COMPLETED,0.172708375329,0.000381494518651,0.0203680071826,0.0169981381692,0.0237277785264
HL2,136,4,COMPLETED,0.193254201617,0.000408748177698,0.022519294625,0.0188475873417,0.0265603161112
HL2,136,4,COMPLETED,0.213841098957,0.000404582554372,0.0249064944403,0.0209192213397,0.0293933517668
HL2,136,4,COMPLETED,0.23433899139,0.000485888908106,0.0265935999019,0.0221875646273,0.0322269418761
HL2,136,4,COMPLETED,0.254935913249,0.00041044752528,0.0286343204114,0.0237277280851,0.0350611429195
HL2,136,4,COMPLETED,0.275384380634,0.000393968226669,0.0304588105322,0.0253176836843,0.0378960114851
HL2,136,4,COMPLETED,0.295978707156,0.000282698129701,0.0318319854126,0.0263873424021,0.0407316042788
HL2,136,4,COMPLETED,0.316486246228,0.000194701034017,0.0327998230248,0.0266757254205,0.0435679781347
HL2,136,4,COMPLETED,0.336910825655,9.21990439637e-05,0.0344992398227,0.027845221198,0.0464051900258
HL2,136,4,COMPLETED,0.357464847997,8.77615977142e-05,0.0356355189432,0.0286094598109,0.0492432970741
HL2,136,4,COMPLETED,0.377796110662,8.340402166e-05,0.0362864592495,0.0290439344268,0.052082356561
HL2,136,4,COMPLETED,0.398278384419,4.72385498441e-05,0.0374071447229,0.0306147106276,0.0549224259384
HL2,136,4,COMPLETED,0.418514788439,0.000150340575584,0.0386721071296,0.0315368313733,0.0577635628391
HL2,136,4,COMPLETED,0.438868871649,6.61883436041e-05,0.0411998984954,0.0324612389585,0.0606058250874
HL2,136,4,COMPLETED,0.459065178646,0.000297823142539,0.0443639851219,0.0344219482462,0.0634492707105
HL2,136,4,COMPLETED,0.479522818897,9.91594025289e-05,0.0484476747241,0.0371648445043,0.0662939579489
HL2,136,4,COMPLETED,0.499637701406,0.000322279424673,0.0502924447061,0.038348265219,0.069139945268
HL2,136,4,COMPLETED,0.520114786788,0.000239613740057,0.0517157187243,0.0400731018457,0.0719872913689
HL2,136,4,COMPLETED,0.540186127689,0.000290068682267,0.0580331009125,0.0439492822252,0.0748360552001
HL2,136,4,COMPLETED,0.560366849618,0.000140870609507,0.0636951212606,0.0473914747728,0.0776862959686
HL2,136,4,COMPLETED,0.580384917788,0.000254766575865,0.0662348748797,0.0498215690095,0.0805380731517
HL2,136,4,COMPLETED,0.600552647612,0.000208828305042,0.0671417318125,0.0506524696819,0.0833914465089
HL2,136,4,COMPLETED,0.620573870248,0.00012891971204,0.0707356352374,0.0533645771299,0.0862464760932
HL2,136,4,COMPLETED,0.640705333483,4.3768641325e-05,0.0757626510711,0.0571321340523,0.0891032222637
HL2,136,4,COMPLETED,0.660721203507,4.155536702e-05,0.0812998439985,0.0610936793341,0.0919617456977
HL2,136,4,COMPLETED,0.680820090729,4.58055810958e-05,0.0826812669777,0.061837387333,0.0948221074028
HL2,136,4,COMPLETED,0.700806072812,0.000250244566477,0.0846102357804,0.0636182507172,0.0976843687295
HL2,136,4,COMPLETED,0.720706217855,0.00028465028263,0.0904480565757,0.068741641446,0.100548591384
HL2,136,4,COMPLETED,0.740565693863,0.00041081343696,0.0939302003827,0.0704721603067,0.103414837442
HL2,136,4,COMPLETED,0.760373405413,0.000469989319863,0.0961060587017,0.0721298755817,0.106283169359
HL2,136,4,COMPLETED,0.780317275169,0.000658180208479,0.0995064395671,0.0748541650549,0.109153649987
HL2,136,4,COMPLETED,0.800016779957,0.000685777691401,0.103346563678,0.0784076660714,0.112026342586
HL2,136,4,COMPLETED,0.820116642918,0.00105996413604,0.108166344298,0.0821544503523,0.114901310839
HL2,136,4,COMPLETED,0.83978049452,0.000983648380116,0.111868059025,0.0844397684086,0.117778618864
HL2,136,4,COMPLETED,0.859628922035,0.00132504916458,0.113248346315,0.0844132335479,0.120658331231
HL2,136,4,COMPLETED,0.879223810868,0.00145826581538,0.114306895258,0.0847342268119,0.123540512974
HL2,136,4,COMPLETED,0.898787203723,0.00168144359655,0.119612185645,0.0906859921059,0.126425229607
HL2,136,4,COMPLETED,0.918380367319,0.00186524562414,0.123723539534,0.0928836530647,0.129312547138
HL2,136,4,COMPLETED,0.938072771642,0.0020228271704,0.127243030784,0.0956496297903,0.132202532086
HL2,136,4,COMPLETED,0.957724819676,0.00228124443693,0.128596056537,0.0960889509083,0.135095251496
HL2,136,4,COMPLETED,0.977316537529,0.00252280913753,0.130169199233,0.0955016943442,0.137990772952
HL2,136,4,COMPLETED,0.99683279599,0.00271257514503,0.13371710166,0.0988702117429,0.140889164599
HL2,136,4,COMPLETED,1.01606484952,0.00283533749867,0.139448536903,0.104293701681,0.143790495153
HL2,136,4,COMPLETED,1.03522386754,0.00306369467595,0.139021662983,0.103192884649,0.146694833923
HL2,136,4,COMPLETED,1.05449656661,0.00324364673982,0.140732444832,0.103326161864,0.149602250826
HL2,136,4,COMPLETED,1.07394301588,0.00353806395501,0.141725591988,0.104406736474,0.152512816404
HL2,136,4,COMPLETED,1.09319579129,0.00364212568632,0.143566233389,0.105663982985,0.155426601844
HL2,136,4,COMPLETED,1.11254445091,0.00398562661272,0.146477976692,0.107410200839,0.158343678994
HL2,136,4,COMPLETED,1.13143549385,0.00413834805473,0.149085409226,0.109190394026,0.161264120383
HL2,136,4,COMPLETED,1.15056469161,0.004431535155,0.151841856225,0.111719517456,0.164187999239
HL2,136,4,COMPLETED,1.16953298141,0.00464977861519,0.151220619899,0.111717270997,0.167115389513
HL2,136,4,COMPLETED,1.18837863173,0.00496768582748,0.151795263509,0.11111075973,0.170046365891
HL2,136,4,COMPLETED,1.20734443493,0.00514892570963,0.154400124675,0.112438614318,0.172981003822
HL2,136,4,COMPLETED,1.22616773716,0.00533283286238,0.158766268191,0.117159848277,0.175919379536
HL2,136,4,COMPLETED,1.24470726327,0.00557953268402,0.159445193661,0.116645203524,0.178861570065
HL2,136,4,COMPLETED,1.26320377143,0.00584400932172,0.159869815419,0.115796499212,0.181807653264
HL2,136,4,COMPLETED,1.28188891526,0.00610203008055,0.162800421057,0.119481958011,0.184757707839
HL2,136,4,COMPLETED,1.30045254672,0.00630255221705,0.160865986122,0.117543282184,0.187711813363
HL2,136,4,COMPLETED,1.3190461596,0.00659105990363,0.165077463671,0.121173792652,0.190670050303
HL2,136,4,COMPLETED,1.33705426302,0.00680401971611,0.165943763827,0.121472299222,0.193632500047
HL2,136,4,COMPLETED,1.35530272126,0.00711741224984,0.166531753706,0.121524357536,0.196599244923
HL2,136,4,COMPLETED,1.37348560857,0.00719660019581,0.168351408707,0.12280288577,0.199570368229
HL2,136,4,COMPLETED,1.39156219403,0.00750828400628,0.169442720027,0.12448401995,0.202545954259
HL2,136,4,COMPLETED,1.40966846212,0.00781875707616,0.1670712549,0.122688511261,0.205526088327
HL2,136,4,COMPLETED,1.42730457462,0.00792319126674,0.169489161533,0.123736441312,0.208510856799
HL2,136,4,COMPLETED,1.4447940588,0.00820247556299,0.17422655842,0.128212620019,0.211500347115
HL2,136,4,COMPLETED,1.46235179988,0.00852828940793,0.177439809797,0.12988268025,0.214494647826
HL2,136,4,COMPLETED,1.48003416746,0.00866824549039,0.176044443552,0.127909665231,0.217493848618
HL2,136,4,COMPLETED,1.49737189256,0.00887210039555,0.179459494451,0.131489364594,0.220498040345
HL2,136,4,COMPLETED,1.51421495678,0.00898075047039,0.174160006244,0.125634342901,0.223507315062
HL2,136,4,COMPLETED,1.53150544265,0.00928190668542,0.177304982087,0.127815375068,0.226521766055
HL2,136,4,COMPLETED,1.54850639154,0.00943970240067,0.177154915858,0.130571366688,0.229541487874
HL2,136,4,COMPLETED,1.56538609793,0.00969173240879,0.180546693389,0.131367571437,0.232566576374
HL2,136,4,COMPLETED,1.58178203067,0.00985414507152,0.180054592895,0.129662163613,0.23559712874
HL2,136,4,COMPLETED,1.59807131963,0.0100648279564,0.186868110113,0.135464923672,0.238633243534
HL2,136,4,COMPLETED,1.61432743546,0.010407489737,0.186746573565,0.136482701706,0.241675020725
HL2,136,4,COMPLETED,1.63069192096,0.0105469835509,0.184584961032,0.134254463119,0.244722561733
HL2,136,4,COMPLETED,1.64649463374,0.010787220969,0.186054288779,0.135842216886,0.247775969464
HL2,136,4,COMPLETED,1.66209161856,0.0110678061153,0.183072983402,0.132010348332,0.250835348357
HL2,136,4,COMPLETED,1.67774387933,0.0111262906139,0.186513831382,0.133441378526,0.25390080442
HL2,136,4,COMPLETED,1.6933310372,0.0113450281933,0.190975244329,0.1368750241,0.256972445282
HL2,136,4,COMPLETED,1.70812634174,0.011600978765,0.192913224505,0.139548761389,0.260050380229
HL2,136,4,COMPLETED,1.72270774321,0.0117702643498,0.191311305223,0.138473281621,0.263134720257
HL2,136,4,COMPLETED,1.73775994541,0.011947526339,0.193868607493,0.140609829653,0.266225578119
HL2,136,4,COMPLETED,1.75216146163,0.0120941998777,0.194162288028,0.141773431244,0.269323068373
HL2,136,4,COMPLETED,1.76627581405,0.0123695826323,0.19493333027,0.143981725235,0.272427307434
HL2,136,4,COMPLETED,1.78029942873,0.012504846667,0.195680412141,0.143104389281,0.27553841363
HL2,136,4,COMPLETED,1.79439715005,0.012729826562,0.20375274289,0.149963123954,0.278656507251
HL2,136,4,COMPLETED,1.80736018586,0.0130200185149,0.204177833057,0.151767694034,0.281781710611
HL2,136,4,COMPLETED,1.82027509385,0.013124779626,0.202393233913,0.147754807839,0.284914148105
HL2,136,4,COMPLETED,1.83328217418,0.0131242058337,0.209150875113,0.152790735245,0.288053946267
HL2,136,4,COMPLETED,1.84623434379,0.0132728909325,0.208457928974,0.155467961777,0.291201233837
HL2,136,4,COMPLETED,1.85779904314,0.0135060894627,0.20896819667,0.153129938611,0.294356141823
HL2,136,4,COMPLETED,1.86930409703,0.0136022698187,0.209050518585,0.153445097659,0.297518803569
HL2,136,4,COMPLETED,1.88116610105,0.0138274929232,0.211107020223,0.15721012354,0.300689354826
HL2,136,4,COMPLETED,1.89308313554,0.0141670506167,0.217766855236,0.160758985956,0.303867933821
HL2,136,4,COMPLETED,1.90327410981,0.0143814591482,0.213734446799,0.158912832033,0.307054681334
HL2,136,4,COMPLETED,1.91313901944,0.0143763477444,0.224489069068,0.16593617613,0.310249740775
HL2,136,4,COMPLETED,1.92335087298,0.0145343680241,0.224663924492,0.17076686436,0.313453258265
HL2,136,4,COMPLETED,1.93379699871,0.0146553567563,0.220515454896,0.166814574262,0.316665382717
HL2,136,4,COMPLETED,1.94279545249,0.0146324193885,0.230137258313,0.171714311137,0.319886265925
HL2,136,4,COMPLETED,1.95101147611,0.0147455583347,0.225949535559,0.168304135811,0.323116062654
HL2,136,4,COMPLETED,1.95860558102,0.0147977111477,0.229040046972,0.170247579412,0.326354930728
HL2,136,4,COMPLETED,1.96730695262,0.0149322767947,0.230348760607,0.171220685121,0.329603031133
HL2,136,4,COMPLETED,1.97523889294,0.0150141534051,0.224754236313,0.165112676744,0.332860528117
HL2,136,4,COMPLETED,1.98277780687,0.0151795708468,0.225047316609,0.166841270334,0.336127589288
HL2,136,4,COMPLETED,1.98960427647,0.015295895416,0.233641602305,0.172944750132,0.33940438573
HL2,136,4,COMPLETED,1.99544982945,0.0152742273402,0.226292723927,0.170021768227,0.342691092113
HL2,136,4,COMPLETED,2.00007670796,0.0153065913166,0.239129240249,0.175813175742,0.345987886811
HL2,136,4,COMPLETED,2.00406741624,0.015226021498,0.234210216398,0.175317219337,0.349294952021
HL2,136,4,COMPLETED,2.00744978566,0.0152374413036,0.242635001036,0.183064106303,0.352612473898
HL2,136,4,COMPLETED,2.0104141686,0.0153529379779,0.243668523058,0.181701232931,0.35594064268
HL2,136,4,COMPLETED,2.01250380033,0.0152402748328,0.240082447336,0.176697456374,0.35927965283
HL2,136,4,COMPLETED,2.01384025655,0.0152013253232,0.238634899806,0.17585077634,0.362629703181
HL2,136,4,COMPLETED,2.01490438214,0.0153594346765,0.247027538868,0.183751930805,0.365990997085
HL2,136,4,COMPLETED,2.01531283518,0.0154946132216,0.24198243603,0.178768452044,0.369363742568
HL2,136,4,COMPLETED,2.01569197262,0.0156919726177,0.240616729139,0.175821745075,0.372748152498
HL2,136,4,COMPLETED,2.01561005072,0.0156100507207,0.253291867682,0.184583332444,0.376144444753
HL2,136,4,COMPLETED,2.01586183382,0.0158618338177,0.247537188005,0.18376902474,0.379552842401
HL2,136,4,COMPLETED,2.01606291673,0.0160629167339,0.245517334466,0.180153858394,0.382973573887
HL2,136,4,COMPLETED,2.01604994244,0.0160499424444,0.245123060326,0.178627740689,0.386406873226
HL2,136,4,COMPLETED,2.01600233114,0.0160023311374,0.252910349377,0.187594132857,0.38985298021
HL2,136,4,COMPLETED,2.01602745604,0.0160274560413,0.250545627673,0.186263604997,0.39331214062
HL2,136,4,COMPLETED,2.01648057145,0.0164805714548,0.255987170245,0.190129993871,0.396784606453
HL2,136,4,COMPLETED,2.01662777013,0.016627770125,0.243268148034,0.180332844759,0.400270636151
HL2,136,4,COMPLETED,2.01666909831,0.0166690983051,0.251251635974,0.1871833144,0.403770494852
HL2,136,4,COMPLETED,2.01674403396,0.0167440339593,0.266012381794,0.197627868897,0.407284454646
HL2,136,4,COMPLETED,2.01687572122,0.0168757212167,0.266404121433,0.201493526915,0.410812794845
HL2,136,4,COMPLETED,2.01695202344,0.0169520234403,0.27273319428,0.204354255246,0.414355802266
HL2,136,4,COMPLETED,2.01689137069,0.0168913706852,0.275017433113,0.206022835107,0.417913771533
HL2,136,4,COMPLETED,2.0167320595,0.0167320595037,0.290918154257,0.218003679517,0.421487005386
HL2,136,4,COMPLETED,2.01688197713,0.0168819771254,0.289392976258,0.218654012566,0.425075815013
HL2,136,4,COMPLETED,2.01693776247,0.01693776247,0.291886671248,0.219832457743,0.428680520396
HL2,136,4,COMPLETED,2.0167373441,0.016737344103,0.293350263301,0.218989680743,0.432301450678
HL2,136,4,COMPLETED,2.01639190838,0.0163919083758,0.306360228792,0.227002752172,0.435938944541
HL2,136,4,COMPLETED,2.01674309439,0.0167430943884,0.28991146139,0.219534130922,0.439593350621
HL2,136,4,COMPLETED,2.01718561672,0.0171856167247,0.302994258696,0.227586468447,0.443265027926
HL2,136,4,COMPLETED,2.01756720914,0.0175672091416,0.299067639741,0.223274802827,0.446954346293
HL2,136,4,COMPLETED,2.01781640938,0.0178164093811,0.297482967771,0.224198292144,0.450661686861
HL2,136,4,COMPLETED,2.01830627673,0.0183062767347,0.298192592668,0.226350052945,0.454387442576
HL2,136,4,COMPLETED,2.01915711277,0.0191571127673,0.305721927776,0.231053865303,0.45813201872
HL2,136,4,COMPLETED,2.01990621508,0.0199062150757,0.297813789317,0.226430321445,0.461895833477
HL2,136,4,COMPLETED,2.0207147789,0.0207147788989,0.303469226556,0.231935665859,0.465679318531
HL2,136,4,COMPLETED,2.02158054938,0.0215805493829,0.307037254747,0.237041541386,0.469482919689
HL2,136,4,COMPLETED,2.0226176747,0.0226176746965,0.304927069713,0.235475448263,0.473307097562
HL2,136,4,COMPLETED,2.0237342259,0.0237342258996,0.299809608658,0.22930825577,0.477152328268
HL2,136,4,COMPLETED,2.02475681313,0.024756813129,0.282701952046,0.217027430355,0.481019104189
HL2,136,4,COMPLETED,2.02587716348,0.0258771634765,0.293482847643,0.22438852669,0.484907934776
HL2,136,4,COMPLETED,2.02656408478,0.0265640847846,0.305662929796,0.233427273058,0.4888193474
HL2,136,4,COMPLETED,2.02743216025,0.0274321602461,0.289321251191,0.222101610662,0.492753888265
HL2,136,4,COMPLETED,2.02854076951,0.0285407695059,0.287981918028,0.223692906156,0.496712123371
HL2,136,4,COMPLETED,2.02924865152,0.0292486515228,0.292812416407,0.22599497777,0.500694639556
HL2,136,4,COMPLETED,2.03005192821,0.0300519282125,0.299159845141,0.228433209137,0.504702045593
HL2,136,4,COMPLETED,2.03097132619,0.030971326192,0.300117065021,0.22813364891,0.508734973373
HL2,136,4,COMPLETED,2.03121163863,0.0312116386331,0.295746380651,0.223166799523,0.512794079169
HL2,136,4,COMPLETED,2.02892226903,0.0289222690324,0.309857209236,0.228255407324,0.516880044982
HL2,136,4,COMPLETED,2.02598870938,0.0259887093808,0.338302697122,0.23997906769,0.520993579997
HL2,136,4,COMPLETED,2.02759940266,0.0275994026595,0.358447971509,0.250577513369,0.525135422133
HL2,136,4,COMPLETED,2.02664259165,0.0266425916532,0.378521874002,0.271568521955,0.529306339717
HL2,136,4,COMPLETED,2.02539691331,0.0253969133071,0.392651313279,0.277889540311,0.53350713328
HL2,136,4,COMPLETED,2.0231359806,0.0231359805989,0.39008707575,0.277971700347,0.537738637496
HL2,136,4,COMPLETED,2.01952209931,0.0195220993146,0.410751199794,0.292108566528,0.542001723264
HL2,136,4,COMPLETED,2.02053770483,0.0205377048253,0.404646750964,0.288401815459,0.546297299967
HL2,136,4,COMPLETED,2.01953520268,0.0195352026789,0.422022228389,0.296784419962,0.550626317905
HL2,136,4,COMPLETED,2.01863355638,0.0186335563823,0.433683411226,0.312224338839,0.554989770937
HL2,136,4,COMPLETED,2.01739715695,0.0173971569524,0.43487732015,0.313966110978,0.559388699335
HL2,136,4,COMPLETED,2.01678862701,0.0167886270057,0.422137418632,0.305952856896,0.563824192894
HL2,136,4,COMPLETED,2.01744233763,0.0174423376263,0.414682402676,0.298814398257,0.568297394304
HL2,136,4,COMPLETED,2.0179823074,0.0179823073978,0.420830310934,0.302477881409,0.57280950283
HL2,136,4,COMPLETED,2.01847832679,0.0184783267898,0.42206623224,0.305025300106,0.577361778321
HL2,136,4,COMPLETED,2.01928595149,0.0192859514916,0.422721401537,0.306548351276,0.581955545591
HL2,136,4,COMPLETED,2.02037857791,0.0203785779065,0.426093961247,0.308467192856,0.586592199222
HL2,136,4,COMPLETED,2.02151901978,0.0215190197758,0.425669518249,0.306702090651,0.591273208818
HL2,136,4,COMPLETED,2.02271376516,0.0227137651631,0.42031288861,0.30357125176,0.596000124792
HL2,136,4,COMPLETED,2.02380734557,0.0238073455713,0.418317179313,0.305225220042,0.600774584726
HL2,136,4,COMPLETED,2.02527390677,0.0252739067658,0.42652949291,0.313633976103,0.605598320398
HL2,136,4,COMPLETED,2.02681484583,0.0268148458287,0.44578929054,0.330281682214,0.610473165542
HL2,136,4,COMPLETED,2.02831560644,0.0283156064437,0.441796695135,0.329901480099,0.615401064452
HL2,136,4,COMPLETED,2.02994292968,0.0299429296786,0.43721744346,0.32714908871,0.620384081545
HL2,136,4,COMPLETED,2.03164530703,0.0316453070265,0.441853359424,0.3298517265,0.625424411999
HL2,136,4,COMPLETED,2.03317262647,0.0331726264679,0.433712278949,0.326161920012,0.630524393641
HL2,136,4,COMPLETED,2.03455325455,0.0345532545495,0.431575975748,0.327569101923,0.635686520252
HL2,136,4,COMPLETED,2.03617183068,0.0361718306792,0.441975136955,0.333667755017,0.640913456509
HL2,136,4,COMPLETED,2.03798432133,0.0379843213259,0.46078531886,0.35004134534,0.64620805481
HL2,136,4,COMPLETED,2.03972138385,0.0397213838462,0.462510748971,0.354089826425,0.65157337429
HL2,136,4,COMPLETED,2.04152352551,0.041523525512,0.454719655741,0.345355411828,0.657012702374
HL2,136,4,COMPLETED,2.03963350519,0.0396335051866,0.607905622979,0.393615142064,0.662529579302
HL2,136,4,COMPLETED,2.04504957824,0.0450495782362,0.642159608413,0.406872920572,0.66812782614
HL2,136,4,COMPLETED,2.04454148789,0.0445414878892,0.738920570782,0.45161805282,0.673811576894
HL2,136,4,COMPLETED,2.04764746292,0.0476474629205,0.775987223999,0.477596342171,0.679585315501
HL2,136,4,COMPLETED,2.04795419688,0.047954196875,0.798971728303,0.492771149681,0.685453918603
HL2,136,4,COMPLETED,2.05006141642,0.0500614164167,0.848468622167,0.509356312499,0.69142270529
HL2,136,4,COMPLETED,2.04925346804,0.0492534680381,0.861878163247,0.51191339418,0.697497495197
HL2,136,4,COMPLETED,2.04838160022,0.0483816002201,0.877007809007,0.525082574096,0.703684676779
HL2,136,4,COMPLETED,2.0450258304,0.0450258303985,0.941585131029,0.544401168586,0.709991287994
HL2,136,4,COMPLETED,2.04152456768,0.04152456768,0.909171026944,0.538616057459,0.716425112277
HL2,136,4,COMPLETED,2.03828459459,0.0382845945923,0.943081395212,0.55138403681,0.722994793487
HL2,136,4,COMPLETED,2.03584882253,0.0358488225344,1.00228064399,0.593929721081,0.729709974608
HL2,136,4,COMPLETED,2.0335703148,0.0335703148003,1.0077134287,0.596574472292,0.736581466482
HL2,136,4,COMPLETED,2.03076500062,0.0307650006181,1.0439159111,0.622248261217,0.743621454895
HL2,136,4,COMPLETED,2.02868431227,0.0286843122725,1.01765507929,0.614545305395,0.750843757211
HL2,136,4,COMPLETED,2.02738033615,0.0273803361472,1.07228012025,0.633832489542,0.758264143798
HL2,136,4,COMPLETED,2.02440924169,0.0244092416877,1.063827068,0.625222728997,0.765900745391
HL2,136,4,COMPLETED,2.01911101256,0.0191110125634,1.06447283238,0.625958983736,0.773774576099
HL2,136,4,COMPLETED,2.01588591093,0.0158859109338,1.00912229136,0.60407407856,0.781910214797
HL2,136,4,COMPLETED,2.01308587858,0.0130858785778,1.03243318895,0.624520170676,0.790336707451
HL2,136,4,COMPLETED,2.00898217729,0.00898217729331,1.11678101763,0.660403110544,0.799088784408
HL2,136,4,COMPLETED,2.0072087419,0.00720874189702,1.09180235918,0.645159881149,0.808208537655
HL2,136,4,COMPLETED,2.00504354565,0.00504354564941,1.09784768876,0.651137429785,0.817747788875
HL2,136,4,COMPLETED,2.00476167122,0.00476167121995,1.10144912588,0.650256951442,0.82777152908
HL2,136,4,COMPLETED,2.00481307605,0.00481307605372,1.07833252531,0.63914555468,0.83836308499
HL2,136,4,COMPLETED,2.00511246426,0.00511246426265,1.12414485529,0.65265400983,0.849632196971
HL2,136,4,COMPLETED,2.00264217049,0.00264217049458,1.15084514351,0.666614423321,0.861728284294
HL2,136,4,COMPLETED,2.00207937479,0.00207937478723,1.15034331753,0.667835840732,0.874863605951
HL2,136,4,COMPLETED,2.00300631533,0.0030063153338,1.1532760212,0.676983903931,0.889357020628
HL2,136,4,COMPLETED,2.00344299124,0.00344299124156,1.14688689863,0.680632571582,0.905725893618
HL2,136,4,COMPLETED,2.00384135767,0.0038413576714,1.11058715528,0.670276989507,0.924910377212
HL2,136,4,COMPLETED,2.00453569936,0.00453569935872,1.1850523798,0.705389278425,0.947931757525
HL2,136,4,COMPLETED,2.00506168336,0.00506168335647,1.21255105208,0.721602328793,0.975557413901
HL2,136,4,COMPLETED,2.00519939995,0.00519939994584,1.22467376712,0.731259657202,1.00870820155
HL2,136,4,COMPLETED,2.00616910884,0.00616910883867,1.16395830452,0.689855958843,1.04848914673
HL2,136,4,COMPLETED,2.00376889046,0.00376889046224,1.08399253171,0.638727800534,1.0856879986
HL2,136,4,COMPLETED,2.00407224522,0.00407224521975,1.09627998434,0.636758554712,1.10678138008
HL2,136,4,COMPLETED,2.00291359233,0.00291359233466,1.01730082721,0.581479399985,1.12373634393
HL2,136,4,COMPLETED,2.0034740008,0.00347400079956,1.02849963182,0.585826143053,1.13839164303
HL2,136,4,COMPLETED,2.00324716772,0.0032471677226,0.929547689499,0.536589622126,1.15151576153
HL2,136,4,COMPLETED,2.00424240971,0.00424240971101,0.935367631701,0.536689794998,1.16352192026
HL2,136,4,COMPLETED,2.00347209489,0.00347209489185,0.915743750227,0.533952334558,1.17466394746
HL2,136,4,COMPLETED,2.00486982829,0.00486982829115,0.886449305735,0.513051176269,1.18511146422
HL2,136,4,COMPLETED,2.00332364335,0.00332364335411,0.903983935646,0.518862945537,1.19498466427
HL2,136,4,COMPLETED,2.00332213792,0.00332213791569,0.834480347114,0.487424889553,1.20437249061
HL2,136,4,COMPLETED,2.00399491646,0.00399491646307,0.776656515666,0.461081395114,1.21334299938
HL2,136,4,COMPLETED,2.00494674217,0.0049467421746,0.796016852069,0.457371949182,1.2219496702
HL2,136,4,COMPLETED,2.00685942731,0.00685942731152,0.785153591367,0.455970531965,1.23023545133
HL2,136,4,COMPLETED,2.0084610745,0.00846107450328,0.771749227237,0.453661894727,1.23823546281
HL2,136,4,COMPLETED,2.00945117612,0.00945117612167,0.698978723666,0.424130089453,1.24597886573
HL2,136,4,COMPLETED,2.01158119986,0.0115811998593,0.684575444073,0.418307405876,1.25349019262
HL2,136,4,COMPLETED,2.0126289503,0.0126289502983,0.695620853225,0.418083338722,1.26079031784
HL2,136,4,COMPLETED,2.01637712111,0.0163771211072,0.672228532904,0.411104701697,1.26789718051
HL2,136,4,COMPLETED,2.01859528432,0.0185952843175,0.604201893007,0.379792833159,1.27482633318
HL2,136,4,COMPLETED,2.01925125092,0.0192512509161,0.605991877902,0.38034512414,1.28159136498
HL2,136,4,COMPLETED,2.02154751766,0.0215475176649,0.567506563758,0.366231603634,1.28820423279
HL2,136,4,COMPLETED,2.02481286076,0.0248128607632,0.55702214271,0.361950879989,1.29467552378
HL2,136,4,COMPLETED,2.02859424199,0.0285942419888,0.546690252577,0.358002749095,1.3010146659
HL2,136,4,COMPLETED,2.03270440577,0.0327044057736,0.497070504524,0.342376782883,1.30723009845
HL2,136,4,COMPLETED,2.03681239408,0.0368123940813,0.482495565199,0.333407814465,1.31332941173
HL2,136,4,COMPLETED,2.04685181997,0.046851819969,0.446789485996,0.319580385322,1.31931946214
HL2,136,4,COMPLETED,2.05072967848,0.0507296784843,0.432050398453,0.30926486472,1.32520646802
HL2,136,4,COMPLETED,2.05629483822,0.0562948382156,0.401995206318,0.289848551053,1.33099608995
HL2,136,4,COMPLETED,2.06014337928,0.0601433792808,0.400416273861,0.288028529962,1.33669349848
HL2,136,4,COMPLETED,2.06207480845,0.0620748084503,0.37280602189,0.272782545069,1.34230343163
HL2,136,4,COMPLETED,2.06217189303,0.0621718930278,0.332580498542,0.252256743038,1.34783024396
HL2,136,4,COMPLETED,2.06224264978,0.062242649784,0.313480796329,0.244388855573,1.35327794878
HL2,136,4,COMPLETED,2.06279122801,0.0627912280096,0.300866921399,0.23677668237,1.35865025446
HL2,136,4,COMPLETED,2.0630267288,0.0630267287974,0.298274270611,0.235547935507,1.363950596
HL2,136,4,COMPLETED,2.06321475412,0.0632147541164,0.297815228332,0.234434443398,1.36918216248
HL2,136,4,COMPLETED,2.06299556577,0.0629955657745,0.283373508677,0.223396067846,1.37434792105
HL2,136,4,COMPLETED,2.06244524275,0.0624452427498,0.279302685134,0.218285574896,1.379450638
HL2,136,4,COMPLETED,2.06205979719,0.0620597971926,0.278901516739,0.219160996458,1.38449289738
HL2,136,4,COMPLETED,2.06205976998,0.0620597699754,0.263835487483,0.214773066961,1.38947711736
HL2,136,4,COMPLETED,2.06169106017,0.0616910601683,0.265456864909,0.219134030366,1.39440556479
HL2,136,4,COMPLETED,2.06153763929,0.0615376392906,0.26061223706,0.217495851282,1.39928036822
HL2,136,4,COMPLETED,2.06142906958,0.061429069578,0.256462943974,0.213535285216,1.40410352941
HL2,136,4,COMPLETED,2.06108249962,0.0610824996216,0.258357777064,0.212176541231,1.40887693369
HL2,136,4,COMPLETED,2.06064925576,0.0606492557605,0.250663788086,0.202034103401,1.41360235927
HL2,136,4,COMPLETED,2.0602619615,0.0602619615043,0.248474636996,0.198420883966,1.41828148559
HL2,136,4,COMPLETED,2.0598587956,0.0598587956,0.227792076072,0.186729596163,1.42291590085
HL2,136,4,COMPLETED,2.05953952251,0.0595395225067,0.223693285027,0.185902812598,1.42750710882
HL2,136,4,COMPLETED,2.05936572776,0.0593657277624,0.227673621766,0.189797490445,1.43205653503
HL2,136,4,COMPLETED,2.05942290564,0.0594229056408,0.232038116241,0.190629438878,1.43656553237
HL2,136,4,COMPLETED,2.05919892911,0.0591989291135,0.228897833564,0.186551300983,1.44103538619
HL2,136,4,COMPLETED,2.0589458918,0.0589458917964,0.229845706723,0.185997663085,1.44546731893
HL2,136,4,COMPLETED,2.05877343506,0.0587734350645,0.224391335221,0.18118310743,1.44986249441
HL2,136,4,COMPLETED,2.0585944107,0.0585944107038,0.223017476112,0.181344437542,1.45422202167
HL2,136,4,COMPLETED,2.05864809417,0.0586480941709,0.221234484397,0.182935917401,1.45854695854
HL2,136,4,COMPLETED,2.05847772339,0.0584777233871,0.229689145533,0.190068998107,1.46283831493
HL2,136,4,COMPLETED,2.05835037754,0.0583503775435,0.227928633475,0.187216837944,1.46709705583
HL2,136,4,COMPLETED,2.05813610828,0.0581361082777,0.231607824344,0.18973164988,1.47132410404
HL2,136,4,COMPLETED,2.05811132225,0.0581113222453,0.237909765969,0.196112265795,1.47552034278
HL2,136,4,COMPLETED,2.05799505927,0.0579950592669,0.244722369802,0.200559290876,1.479686618
HL2,136,4,COMPLETED,2.05784083614,0.0578408361391,0.244218122142,0.199141302921,1.48382374059
HL2,136,4,COMPLETED,2.05785364032,0.0578536403229,0.243514080772,0.19491363212,1.48793248839
HL2,136,4,COMPLETED,2.05786774051,0.0578677405139,0.240288006494,0.192924586102,1.49201360804
HL2,136,4,COMPLETED,2.0580951495,0.0580951495029,0.245241689682,0.197753480902,1.49606781677
HL2,136,4,COMPLETED,2.05812472724,0.0581247272362,0.240305818659,0.192821323014,1.50009580398
HL2,136,4,COMPLETED,2.05820954981,0.0582095498134,0.236408297713,0.190147109149,1.50409823272
HL2,136,4,COMPLETED,2.0583409946,0.0583409945965,0.231920120848,0.184868987036,1.50807574117
HL2,136,4,COMPLETED,2.0584667075,0.0584667075023,0.230905860153,0.182943280173,1.51202894387
HL2,136,4,COMPLETED,2.05857391066,0.0585739106572,0.231015545111,0.180746833906,1.51595843297
HL2,136,4,COMPLETED,2.05867553099,0.0586755309896,0.230432554787,0.180204990109,1.51986477937
HL2,136,4,COMPLETED,2.05881165228,0.0588116522834,0.231320253963,0.18155888487,1.52374853381
HL2,136,4,COMPLETED,2.05893424843,0.0589342484338,0.228687705158,0.179774942006,1.52761022784
HL2,136,4,COMPLETED,2.0592761947,0.0592761947035,0.232188942763,0.181163694686,1.53145037474
HL2,136,4,COMPLETED,2.05948094358,0.0594809435841,0.23512748081,0.186212993839,1.53526947046
HL2,136,4,COMPLETED,2.05953600819,0.059536008186,0.236240231669,0.186887315262,1.5390679944
HL2,136,4,COMPLETED,2.05966765153,0.0596676515332,0.233582961612,0.184694709771,1.54284641019
HL2,136,4,COMPLETED,2.05985058735,0.0598505873495,0.233902526731,0.183588686179,1.54660516643
HL2,136,4,COMPLETED,2.06012338458,0.0601233845774,0.235552241055,0.186924081814,1.55034469739
HL2,136,4,COMPLETED,2.06019186748,0.0601918674812,0.238459159898,0.188228331078,1.55406542362
HL2,136,4,COMPLETED,2.05973650135,0.0597365013455,0.246834138458,0.19134718334,1.55776775262
HL2,136,4,COMPLETED,2.06080030505,0.0608003050464,0.249245079217,0.191084369219,1.56145207935
HL2,136,4,COMPLETED,2.06095161321,0.0609516132138,0.252631244004,0.195141149064,1.56511878681
HL2,136,4,COMPLETED,2.06104397377,0.06104397377,0.245732860004,0.193115987987,1.56876824657
HL2,136,4,COMPLETED,2.06113771911,0.0611377191096,0.24426001126,0.190871041086,1.57240081923
HL2,136,4,COMPLETED,2.06147930079,0.0614793007917,0.241649906721,0.187449714205,1.57601685487
HL2,136,4,COMPLETED,2.0617823231,0.0617823231004,0.244820552286,0.189323534043,1.57961669353
HL2,136,4,COMPLETED,2.06193627873,0.0619362787282,0.240587106164,0.188424458339,1.58320066558
HL2,136,4,COMPLETED,2.06118665058,0.0611866505807,0.25324572751,0.197409871507,1.58676909216
HL2,136,4,COMPLETED,2.06226668774,0.0622666877403,0.251291932919,0.194223009043,1.59032228548
HL2,136,4,COMPLETED,2.06244174369,0.062441743686,0.256900570456,0.196600322605,1.59386054925
HL2,136,4,COMPLETED,2.06188675294,0.0618867529369,0.282647848901,0.212128394826,1.59738417897
HL2,136,4,COMPLETED,2.06266458831,0.0626645883132,0.273539173996,0.208055550575,1.60089346225
HL2,136,4,COMPLETED,2.06262883807,0.0626288380748,0.26693010622,0.20519566422,1.60438867915
HL2,136,4,COMPLETED,2.06277882239,0.0627788223907,0.28278114458,0.210718259823,1.60787010243
HL2,136,4,COMPLETED,2.06202265209,0.0620226520873,0.281305316874,0.213304904371,1.61133799783
HL2,136,4,COMPLETED,2.0628755273,0.0628755272978,0.276618313482,0.206654126091,1.61479262434
HL2,136,4,COMPLETED,2.06231597659,0.0623159765878,0.298263554874,0.215068458855,1.61823423447
HL2,136,4,COMPLETED,2.06217881964,0.0621788196363,0.308944044073,0.226092292554,1.62166307445
HL2,136,4,COMPLETED,2.06274094786,0.0628475557263,0.308625740743,0.231804059818,1.62507938447
HL2,136,4,COMPLETED,2.06244233607,0.0626752633226,0.328500449435,0.238089725412,1.62848339893
HL2,136,4,COMPLETED,2.06181119913,0.0627948890533,0.305347773377,0.225255005939,1.63187534659
HL2,136,4,COMPLETED,2.06010368966,0.0618674944894,0.320615198268,0.23517599375,1.63525545081
HL2,136,4,COMPLETED,2.05977569794,0.0625423024215,0.321318631188,0.23689489493,1.63862392972
HL2,136,4,COMPLETED,2.05589644321,0.0607699282019,0.316820151006,0.23531445286,1.64198099643
HL2,136,4,COMPLETED,2.05321634021,0.0606179091799,0.346893448234,0.254091045974,1.64532685914
HL2,136,4,COMPLETED,2.05206163437,0.0620380515217,0.350090337618,0.258879989545,1.6486617214
HL2,136,4,COMPLETED,2.04743328117,0.0605303392496,0.356345610417,0.25839353229,1.65198578216
HL2,136,4,COMPLETED,2.04295869577,0.0605658286297,0.359460745387,0.258329462147,1.65529923601
HL2,136,4,COMPLETED,2.03777626836,0.0597065370088,0.367645401262,0.263632935728,1.65860227329
HL2,136,4,COMPLETED,2.02948857085,0.0555775618137,0.373826411132,0.269853743083,1.66189508024
HL2,136,4,COMPLETED,2.0223982943,0.0533084948354,0.381263106682,0.273737052719,1.66517783911
HL2,136,4,COMPLETED,2.01398334347,0.0503148644881,0.384945628591,0.279905293707,1.66845072831
HL2,136,4,COMPLETED,2.00494439536,0.0470447537028,0.38878446601,0.282841154206,1.67171392254
HL2,136,4,COMPLETED,1.99641933399,0.0444736688104,0.386739130096,0.281559847237,1.67496759289
HL2,136,4,COMPLETED,1.98864501777,0.0427023931965,0.383341618219,0.274916098785,1.67821190697
HL2,136,4,COMPLETED,1.98105947771,0.0414941488513,0.388785263025,0.286954775975,1.68144702901
HL2,136,4,COMPLETED,1.97323506937,0.0404322129511,0.381977012381,0.282578402157,1.68467311996
HL2,136,4,COMPLETED,1.96433788008,0.0389007431757,0.392309236789,0.281771991931,1.68789033761
HL2,136,4,COMPLETED,1.95609843867,0.0385690882383,0.367000343411,0.272186623115,1.69109883668
HL2,136,4,COMPLETED,1.94751361895,0.0380255875669,0.382195667099,0.281101804027,1.69429876889
HL2,136,4,COMPLETED,1.93870376404,0.0371396314743,0.381104784092,0.280031087775,1.69749028309
HL2,136,4,COMPLETED,1.93028435072,0.0362685942937,0.355773130215,0.270164615362,1.70067352533
HL2,136,4,COMPLETED,1.92109050789,0.0355916047159,0.363958979224,0.272556994962,1.70384863893
HL2,136,4,COMPLETED,1.91159243021,0.0348746126681,0.362487981941,0.263270857687,1.70701576457
HL2,136,4,COMPLETED,1.90089768074,0.0342669195963,0.349098658562,0.261017383648,1.7101750404
HL2,136,4,COMPLETED,1.89026222034,0.0336069378648,0.358222265441,0.26384755806,1.71332660204
HL2,136,4,COMPLETED,1.87892221458,0.0328935745481,0.362006808862,0.263609408579,1.71647058275
HL2,136,4,COMPLETED,1.86691228199,0.0320803801974,0.355987019188,0.259266386499,1.71960711342
HL2,136,4,COMPLETED,1.85459962041,0.0315495190388,0.346151495974,0.259310589078,1.72273632266
HL2,136,4,COMPLETED,1.84150413166,0.0309022536555,0.353386030662,0.266416087886,1.72585833689
HL2,136,4,COMPLETED,1.82771753905,0.0298324706789,0.351721177847,0.267422527481,1.72897328038
HL2,136,4,COMPLETED,1.81521039721,0.0299220382762,0.344350869371,0.260709842946,1.73208127532
HL2,136,4,COMPLETED,1.80193462306,0.0294426229308,0.347733095068,0.261840744453,1.73518244186
HL2,136,4,COMPLETED,1.78772495815,0.0302109794443,0.352903156706,0.261215818371,1.7382768982
HL2,136,4,COMPLETED,1.77465374067,0.0291325481796,0.35552178632,0.262411472525,1.74136476062
HL2,136,4,COMPLETED,1.76026574566,0.029820976251,0.357069149308,0.268573342222,1.74444614353
HL2,136,4,COMPLETED,1.74674876204,0.0287665829939,0.33649282861,0.255366244506,1.74752115955
HL2,136,4,COMPLETED,1.73139395711,0.0291627916093,0.34219102976,0.263275876494,1.75058991954
HL2,136,4,COMPLETED,1.71787889019,0.0279277390932,0.343293120318,0.265959650114,1.75365253264
HL2,136,4,COMPLETED,1.70316931506,0.0275035029279,0.346384733645,0.261700008655,1.75670910634
HL2,136,4,COMPLETED,1.68811811023,0.0273428269484,0.346346655283,0.262259309428,1.75975974649
HL2,136,4,COMPLETED,1.67295261315,0.0271539983237,0.341393321605,0.260716204203,1.7628045574
HL2,136,4,COMPLETED,1.65692276018,0.0278630494181,0.336997864922,0.260906631108,1.76584364183
HL2,136,4,COMPLETED,1.64218421,0.0273051205255,0.32632827201,0.255879480322,1.76887710104
HL2,136,4,COMPLETED,1.62597503932,0.0276685392744,0.323385671576,0.25758569524,1.77190503487
HL2,136,4,COMPLETED,1.61056663278,0.0273002448398,0.319968469779,0.249499396567,1.77492754173
HL2,136,4,COMPLETED,1.59450166578,0.0281073922931,0.332186918562,0.253360115881,1.77794471867
HL2,136,4,COMPLETED,1.57842640014,0.0280094933426,0.335797149281,0.259528542557,1.78095666138
HL2,136,4,COMPLETED,1.56182495731,0.0280548984643,0.325423487139,0.255639726169,1.78396346428
HL2,136,4,COMPLETED,1.54452972384,0.0281430971647,0.318577287451,0.254414776002,1.78696522052
HL2,136,4,COMPLETED,1.52697387486,0.0287778062355,0.321242199993,0.257909007861,1.789962022
HL2,136,4,COMPLETED,1.51099022322,0.0282556127318,0.321266007009,0.249599788196,1.79295395943
HL2,136,4,COMPLETED,1.49364117027,0.0285981603983,0.324308361988,0.243757542529,1.79594112237
HL2,136,4,COMPLETED,1.47623522271,0.0285376213956,0.326207945218,0.255035847789,1.79892359921
HL2,136,4,COMPLETED,1.45871790688,0.0287957093258,0.312912737311,0.253719132399,1.80190147727
HL2,136,4,COMPLETED,1.44045736552,0.029551154385,0.307817510463,0.250234715322,1.80487484278
HL2,136,4,COMPLETED,1.42324301651,0.0294801925466,0.310327844571,0.250451574053,1.8078437809
HL2,136,4,COMPLETED,1.40534272091,0.0299486860802,0.327906791445,0.255594848555,1.81080837579
HL2,136,4,COMPLETED,1.38798256726,0.0299320396203,0.31346255467,0.244681836822,1.81376871063
HL2,136,4,COMPLETED,1.36976917039,0.0306206019752,0.306261517686,0.242885506563,1.81672486761
HL2,136,4,COMPLETED,1.35122863418,0.0305939436894,0.305886306795,0.244972346434,1.81967692798
HL2,136,4,COMPLETED,1.33301031504,0.0308586606535,0.302452651095,0.244502896743,1.82262497208
HL2,136,4,COMPLETED,1.31458472703,0.0318174573337,0.307227756141,0.241740078474,1.82556907936
HL2,136,4,COMPLETED,1.29602610964,0.0316974361302,0.316996985305,0.253297028387,1.8285093284
HL2,136,4,COMPLETED,1.27719911121,0.0317904881988,0.304280871296,0.243867846048,1.83144579693
HL2,136,4,COMPLETED,1.2582693237,0.0325201659246,0.295436859932,0.237267759509,1.83437856185
HL2,136,4,COMPLETED,1.23981956581,0.033096344524,0.311148667672,0.244598158079,1.83730769927
HL2,136,4,COMPLETED,1.221271496,0.0339145602845,0.3091183228,0.243828018344,1.84023328453
HL2,136,4,COMPLETED,1.20193663777,0.0339258324348,0.307347691355,0.244769275626,1.8431553922
HL2,136,4,COMPLETED,1.18295119125,0.0339605761498,0.302648241447,0.242407580171,1.8460740961
HL2,136,4,COMPLETED,1.16379804361,0.0349089477846,0.298782898408,0.238399381507,1.84898946935
HL2,136,4,COMPLETED,1.14457166897,0.035368749096,0.312005973033,0.246719165421,1.85190158437
HL2,136,4,COMPLETED,1.12520741721,0.0354748182538,0.300845638913,0.239756815706,1.8548105129
HL2,136,4,COMPLETED,1.10542258759,0.0360033129657,0.296033358629,0.236230346965,1.85771632601
HL2,136,4,COMPLETED,1.0863387198,0.0365896482428,0.312936664897,0.244400307966,1.86061909415
HL2,136,4,COMPLETED,1.06704784132,0.0371531608438,0.305834129069,0.238695464959,1.86351888711
HL2,136,4,COMPLETED,1.04711478532,0.0378701020562,0.298355716274,0.233781489967,1.86641577412
HL2,136,4,COMPLETED,1.02733233721,0.0380033363491,0.305014688336,0.23735397233,1.86930982378
HL2,136,4,COMPLETED,1.00783189729,0.038452122561,0.307061481273,0.243233883134,1.87220110415
HL2,136,4,COMPLETED,0.987841255219,0.0393257933272,0.312075323164,0.245562251247,1.8750896827
HL2,136,4,COMPLETED,0.968169807534,0.0392648058408,0.311241673972,0.241778465635,1.87797562639
HL2,136,4,COMPLETED,0.948014494482,0.0400467987554,0.305562334869,0.237678607069,1.88085900165
HL2,136,4,COMPLETED,0.927741782009,0.0408601986912,0.305674303894,0.242226256371,1.8837398744
HL2,136,4,COMPLETED,0.908501101428,0.041399925405,0.315180853237,0.240739140583,1.88661831005
HL2,136,4,COMPLETED,0.888404487039,0.0416179629436,0.299197435495,0.233934868655,1.88949437356
HL2,136,4,COMPLETED,0.868257116963,0.0424795005274,0.307090560454,0.241961363612,1.89236812941
HL2,136,4,COMPLETED,0.848860514319,0.0428686214349,0.301350462718,0.23271778639,1.89523964165
HL2,136,4,COMPLETED,0.830783085699,0.0431149160711,0.324839515096,0.245804380109,1.89810897386
HL2,136,4,COMPLETED,0.814502742419,0.043913624081,0.305195347073,0.238747034511,1.90097618924
HL2,136,4,COMPLETED,0.798482029882,0.0451068354782,0.308576036256,0.239625443022,1.90384135055
HL2,136,4,COMPLETED,0.782248244998,0.0453963371409,0.316199215005,0.2409939519,1.90670452019
HL2,136,4,COMPLETED,0.76612500543,0.0457307370445,0.320105204081,0.248171868314,1.90956576015
HL2,136,4,COMPLETED,0.749532147491,0.0464819916216,0.310780206473,0.243816702109,1.91242513208
HL2,136,4,COMPLETED,0.733194729097,0.046887185259,0.334479034353,0.246894733978,1.91528269725
HL2,136,4,COMPLETED,0.717419822949,0.0478187668147,0.317972209971,0.240387430044,1.9181385166
HL2,136,4,COMPLETED,0.701850832407,0.0485030346223,0.327713916752,0.252823231026,1.92099265076
HL2,136,4,COMPLETED,0.686043969882,0.0491387402175,0.329764329767,0.247379339481,1.92384516001
HL2,136,4,COMPLETED,0.670296838784,0.0494104884426,0.332287150228,0.247357727863,1.92669610436
HL2,136,4,COMPLETED,0.655321624977,0.0505098694303,0.329177935813,0.250222851443,1.9295455435
HL2,136,4,COMPLETED,0.639509497322,0.0510472803163,0.333462590137,0.25205292153,1.93239353686
HL2,136,4,COMPLETED,0.624239926096,0.0515124610819,0.337289931443,0.249681182123,1.93524014359
HL2,136,4,COMPLETED,0.608591601305,0.0525334603634,0.331493450409,0.250242752366,1.93808542258
HL2,136,4,COMPLETED,0.593044168007,0.0530457372537,0.335067009584,0.255805718067,1.9409294325
HL2,136,4,COMPLETED,0.576728836846,0.0536404407931,0.343967504676,0.252962734101,1.94377223176
HL2,136,4,COMPLETED,0.561328423565,0.0542085069322,0.363004159697,0.26189109975,1.94661387856
HL2,136,4,COMPLETED,0.545888125724,0.0552544547823,0.345092047414,0.256443056032,1.94945443088
HL2,136,4,COMPLETED,0.529674965065,0.0562751923516,0.331264481076,0.254619838366,1.9522939465
HL2,136,4,COMPLETED,0.513540428534,0.0562227792914,0.3735767259,0.267201440077,1.95513248302
HL2,136,4,COMPLETED,0.497029764953,0.0572095147937,0.361821365287,0.258980612335,1.95797009786
HL2,136,4,COMPLETED,0.480301964579,0.058493846811,0.348872864474,0.257098807003,1.96080684826
HL2,136,4,COMPLETED,0.463839560801,0.0589354182971,0.340170377795,0.258118687724,1.96364279131
HL2,136,4,COMPLETED,0.446521831108,0.059641910447,0.376258256134,0.268609223057,1.96647798397
HL2,136,4,COMPLETED,0.428848359103,0.0604643580142,0.369092698234,0.26471255385,1.96931248302
HL2,136,4,COMPLETED,0.411194691311,0.0612229687695,0.358818506858,0.259947474256,1.97214634516
HL2,136,4,COMPLETED,0.392973057692,0.0616492826635,0.368953532334,0.267176524107,1.97497962695
HL2,136,4,COMPLETED,0.375339776865,0.0623865240629,0.397274562873,0.274500315687,1.97781238484
HL2,136,4,COMPLETED,0.357606651815,0.0631443026861,0.36869861265,0.26145473576,1.98064467521
HL2,136,4,COMPLETED,0.340896135161,0.0641855453128,0.368797782798,0.264410360518,1.98347655433
HL2,136,4,COMPLETED,0.323451125366,0.0647445295115,0.358108138643,0.265490074621,1.9863080784
HL2,136,4,COMPLETED,0.306864685123,0.0655427329744,0.406139865006,0.280484819822,1.98913930356
HL2,136,4,COMPLETED,0.290689881789,0.0659921036365,0.412702712263,0.283289567964,1.9919702859
HL2,136,4,COMPLETED,0.274961343857,0.0671009552168,0.37681038418,0.267472855044,1.99480108145
HL2,136,4,COMPLETED,0.259570433144,0.0677176651583,0.378703823623,0.27284623813,1.99763174622
HL2,136,4,COMPLETED,0.247370573133,0.0682405923175,0.413919189772,0.286951995203,2
S1,68,4,COMPLETED,0,0,0.0013625849643,0.00108582158143,0
S1,68,4,COMPLETED,8.78999881751e-06,3.28576598192e-11,0.00136258644464,0.00108582158742,1.2e-06
S1,68,4,COMPLETED,1.93379974018e-05,1.58840803185e-10,0.0013625921295,0.00108582161085,2.64e-06
S1,68,4,COMPLETED,3.19955957118e-05,4.34658700722e-10,0.00136260457941,0.00108582166235,4.368e-06
S1,68,4,COMPLETED,4.71847137051e-05,9.45118816564e-10,0.0013626276235,0.00108582175782,6.4416e-06
S1,68,4,COMPLETED,6.54116552249e-05,1.81600354698e-09,0.00136266694585,0.0010859020742,8.92992e-06
S1,68,4,COMPLETED,8.72837657232e-05,3.01381791242e-09,0.00136273093514,0.00108616471157,1.1915904e-05
S1,68,4,COMPLETED,0.000113529510041,4.19866384298e-09,0.00136283191432,0.00108669260602,1.54990848e-05
S1,68,4,COMPLETED,0.000145022393434,4.38209807351e-09,0.00136298791783,0.00108742130759,1.979890176e-05
S1,68,4,COMPLETED,0.000182809315909,1.1753224439e-09,0.00136322525729,0.00108829596732,2.4958682112e-05
S1,68,4,COMPLETED,0.00022814661403,8.08246810871e-09,0.00136358222046,0.00108934587269,3.11504185344e-05
S1,68,4,COMPLETED,0.000282541114305,2.71468282707e-08,0.0013641143965,0.00109060621085,3.85805022413e-05
S1,68,4,COMPLETED,0.000347799717092,6.15067143216e-08,0.00136490232861,0.00109211926711,4.74966026895e-05
S1,68,4,COMPLETED,0.000426088325168,1.19681516922e-07,0.00136606248584,0.00109393587128,5.81959232274e-05
S1,68,4,COMPLETED,0.00052000280586,2.14470051466e-07,0.00136776294426,0.00109646110844,7.10351078729e-05
S1,68,4,COMPLETED,0.000632654309925,3.64199246634e-07,0.00137024570137,0.00110014416739,8.64421294475e-05
S1,68,4,COMPLETED,0.000767769939645,5.95813810247e-07,0.00137385823506,0.00110515819586,0.000104930555337
S1,68,4,COMPLETED,0.000929813386147,9.48570947981e-07,0.00137909774702,0.00111190785283,0.000127116666404
S1,68,4,COMPLETED,0.00112412817248,1.47974095731e-06,0.00138667241425,0.00112088043829,0.000153739999685
S1,68,4,COMPLETED,0.00135712002063,2.26060655985e-06,0.00139758466573,0.00113318606536,0.000185687999622
S1,68,4,COMPLETED,0.00163656542802,3.28140045281e-06,0.00141324148296,0.00114833150657,0.000224025599547
S1,68,4,COMPLETED,0.00197183429776,4.48413746844e-06,0.00143559505686,0.00116975725068,0.000270030719456
S1,68,4,COMPLETED,0.00237410376624,5.85425959505e-06,0.00146731247894,0.00119882377453,0.000325236863347
S1,68,4,COMPLETED,0.00285675048987,7.39336484872e-06,0.00151196426179,0.00123496504524,0.000391484236017
S1,68,4,COMPLETED,0.00343581607408,9.08957399072e-06,0.00157420878491,0.00128489428242,0.00047098108322
S1,68,4,COMPLETED,0.00413054462816,1.08997480106e-05,0.00165993798498,0.00135047341358,0.000566377299864
S1,68,4,COMPLETED,0.00496410993752,1.2641489246e-05,0.00177634952753,0.00143740256449,0.000680852759837
S1,68,4,COMPLETED,0.00596427310598,1.40719969929e-05,0.00193193464495,0.00155304711966,0.000818223311805
S1,68,4,COMPLETED,0.00716430583699,1.48392798909e-05,0.00213641886698,0.00171763914176,0.000983067974166
S1,68,4,COMPLETED,0.00860411506176,1.43936259489e-05,0.00240074063326,0.00194125875331,0.001180881569
S1,68,4,COMPLETED,0.010331562886,1.18919685578e-05,0.00273473368365,0.00223944452807,0.0014182578828
S1,68,4,COMPLETED,0.012402802839,7.30360417677e-06,0.00315614334524,0.00261073992177,0.00170310945936
S1,68,4,COMPLETED,0.0148832142847,2.16706934228e-06,0.00368121275586,0.00305331878557,0.00204493135123
S1,68,4,COMPLETED,0.0178567349541,7.76926406076e-06,0.00433041324195,0.00359277181733,0.00245511762148
S1,68,4,COMPLETED,0.0214278367208,1.04372456301e-05,0.0051110057202,0.00424489717958,0.00294734114577
S1,68,4,COMPLETED,0.0257172586259,1.19356736091e-05,0.00606095055842,0.0050380945369,0.00353800937493
S1,68,4,COMPLETED,0.0308710431886,1.73494388512e-05,0.00723289845644,0.00601283041103,0.00424681124991
S1,68,4,COMPLETED,0.0370484123127,2.44342012731e-05,0.00871253011493,0.00730719766292,0.00509737349989
S1,68,4,COMPLETED,0.0444867183953,1.8866742892e-05,0.0104791976635,0.00878786756198,0.00611804819987
S1,68,4,COMPLETED,0.0534197907859,2.01070042293e-05,0.0124404874183,0.0103876947519,0.00734285783985
S1,68,4,COMPLETED,0.0641148934374,2.21063367719e-05,0.0149035973137,0.0124167828744,0.00881262940781
S1,68,4,COMPLETED,0.0769417393636,3.59435770207e-06,0.0176516473585,0.0146250678835,0.0105763552894
S1,68,4,COMPLETED,0.0923218438503,1.54673863548e-05,0.0210157552824,0.0175122395886,0.0126928263473
S1,68,4,COMPLETED,0.110771170298,1.12992018236e-05,0.0250259845789,0.0208759696831,0.0152325916167
S1,68,4,COMPLETED,0.132911277424,1.94812583184e-05,0.0297360821975,0.025103616349,0.01828030994
S1,68,4,COMPLETED,0.159380229396,9.7856078555e-05,0.0339129009594,0.0288346986509,0.0219375719281
S1,68,4,COMPLETED,0.191197035956,7.52852361639e-06,0.0369710677155,0.0317909460115,0.0263262863137
S1,68,4,COMPLETED,0.229371662724,3.23875755294e-05,0.039715060775,0.0346165850726,0.0315927435764
S1,68,4,COMPLETED,0.270498256931,0.000192782274937,0.0426081489646,0.0372188511554,0.0372633381857
S1,68,4,COMPLETED,0.311635040969,0.000285813583445,0.046511108264,0.0406705110686,0.0429366676891
S1,68,4,COMPLETED,0.351860384235,0.000879346545132,0.0502837927464,0.0430653631267,0.0486131869673
S1,68,4,COMPLETED,0.393251391897,0.000878404741422,0.0547923851038,0.0459124255741,0.0542933531413
S1,68,4,COMPLETED,0.433195794037,0.00168723752533,0.0579819836049,0.048192252504,0.0599776259092
S1,68,4,COMPLETED,0.474233512801,0.0019752265814,0.0606845055954,0.0502229195748,0.0656664678876
S1,68,4,COMPLETED,0.514367336818,0.00300563525682,0.0727350688241,0.0568061453495,0.0713603449594
S1,68,4,COMPLETED,0.554808837694,0.00325823232983,0.0787046817469,0.0596210427565,0.0770597266278
S1,68,4,COMPLETED,0.594940060062,0.00418025093469,0.0843471617644,0.0611945259609,0.082765086378
S1,68,4,COMPLETED,0.635128612278,0.00435517998382,0.0869496333826,0.0647098712018,0.0884769020468
S1,68,4,COMPLETED,0.674933793878,0.00487516317086,0.090733553441,0.0689012953187,0.0941956562008
S1,68,4,COMPLETED,0.714723909225,0.00570797039647,0.0945193440143,0.0726108698675,0.0999218365258
S1,68,4,COMPLETED,0.754209045601,0.00655477949535,0.112466141999,0.0805326558084,0.105655936225
S1,68,4,COMPLETED,0.792819310626,0.00705561990922,0.119493821197,0.0855948548604,0.111398454432
S1,68,4,COMPLETED,0.831736791245,0.0071315381606,0.126504635736,0.0912726366386,0.117149896631
S1,68,4,COMPLETED,0.870966710094,0.00790830435516,0.136162788497,0.0999198735495,0.122910775099
S1,68,4,COMPLETED,0.909976817353,0.00861714388196,0.140948656406,0.104308030974,0.128681609352
S1,68,4,COMPLETED,0.948237251463,0.00958942296039,0.142228413907,0.103723731765,0.134462926622
S1,68,4,COMPLETED,0.986501104876,0.0101962779581,0.152084234195,0.111480571912,0.140255262333
S1,68,4,COMPLETED,1.02430711862,0.0110917847932,0.15727676151,0.116118401398,0.146059160615
S1,68,4,COMPLETED,1.06145209741,0.011597412816,0.166921700772,0.125280442649,0.151875174822
S1,68,4,COMPLETED,1.09830638582,0.0119230244232,0.174687269524,0.132999508427,0.157703868081
S1,68,4,COMPLETED,1.13553099402,0.0128069285476,0.18170973266,0.136509944217,0.163545813862
S1,68,4,COMPLETED,1.1733151799,0.0135778800496,0.182471128604,0.133850267289,0.169401596569
S1,68,4,COMPLETED,1.21014525149,0.0144751163405,0.186361863452,0.139826547475,0.175271812169
S1,68,4,COMPLETED,1.24588731058,0.0150421602366,0.187960810934,0.141685905932,0.181157068833
S1,68,4,COMPLETED,1.28154944611,0.0152688860289,0.195628994431,0.150015853858,0.187057987625
S1,68,4,COMPLETED,1.31618023105,0.0160536867658,0.201541416686,0.15541097708,0.192975203212
S1,68,4,COMPLETED,1.35079703234,0.0165107911061,0.208443733144,0.157332484,0.198909364617
S1,68,4,COMPLETED,1.38622223058,0.0175255286894,0.215406910906,0.161598513444,0.204861136007
S1,68,4,COMPLETED,1.4208838672,0.0177821542798,0.214804016368,0.160522501388,0.210831197524
S1,68,4,COMPLETED,1.45312750466,0.0180902444825,0.218356325308,0.162376432136,0.216820246159
S1,68,4,COMPLETED,1.48529143651,0.0189321924166,0.22297007463,0.168283069115,0.222828996677
S1,68,4,COMPLETED,1.51817053003,0.0194114730064,0.229433231088,0.174940715551,0.228858182589
S1,68,4,COMPLETED,1.55031029516,0.0199334256795,0.230079723505,0.177023659464,0.234908557187
S1,68,4,COMPLETED,1.58024812503,0.0202632976358,0.23333258866,0.180118038275,0.24098089463
S1,68,4,COMPLETED,1.61099142735,0.0206758368854,0.238366871267,0.183842849681,0.247075991102
S1,68,4,COMPLETED,1.64068358501,0.0209398727242,0.241048568736,0.187238301685,0.253194666038
S1,68,4,COMPLETED,1.67002214589,0.0204688146474,0.242936342717,0.188672793326,0.259337763424
S1,68,4,COMPLETED,1.69740479637,0.0203298329139,0.242837745744,0.188040268232,0.265506153181
S1,68,4,COMPLETED,1.72307249775,0.02104648678,0.247952914869,0.194934630675,0.271700732641
S1,68,4,COMPLETED,1.7498583079,0.0212711809987,0.250129008447,0.198093832649,0.277922428106
S1,68,4,COMPLETED,1.77613670288,0.0214344574484,0.254689189156,0.203192405083,0.284172196534
S1,68,4,COMPLETED,1.80102080229,0.0217863183176,0.255738630371,0.198796458337,0.290451027314
S1,68,4,COMPLETED,1.82287934055,0.0226724734773,0.25644000004,0.19850895646,0.296759944184
S1,68,4,COMPLETED,1.84510429319,0.0234600583852,0.254764072811,0.195579467784,0.303100007271
S1,68,4,COMPLETED,1.86645685818,0.0241323719177,0.25267583863,0.191714752886,0.309472315285
S1,68,4,COMPLETED,1.88398075866,0.0249938869602,0.251532560855,0.190978153739,0.315878007867
S1,68,4,COMPLETED,1.90196912347,0.0248666210049,0.251715092194,0.192863455546,0.322318268117
S1,68,4,COMPLETED,1.91913859018,0.0258585029049,0.254958982341,0.198452081676,0.328794325313
S1,68,4,COMPLETED,1.93358635155,0.0264960169046,0.253862359673,0.196844590964,0.335307457833
S1,68,4,COMPLETED,1.94562842545,0.0262383438064,0.255689065884,0.199867582942,0.341858996316
S1,68,4,COMPLETED,1.95611273749,0.0255102768172,0.265206332715,0.211057005827,0.34845032707
S1,68,4,COMPLETED,1.96350956125,0.0250980506016,0.274294353395,0.22095001715,0.355082895764
S1,68,4,COMPLETED,1.96843208166,0.0245343474986,0.279483302975,0.226020145285,0.361758211422
S1,68,4,COMPLETED,1.97194875346,0.0235165905501,0.280345231973,0.226940110386,0.368477850756
S1,68,4,COMPLETED,1.97475933314,0.0230845865409,0.290865447249,0.235441502718,0.375243462883
S1,68,4,COMPLETED,1.97660914322,0.0229344271068,0.298219140933,0.240158046124,0.38205677445
S1,68,4,COMPLETED,1.97733184516,0.0226637912008,0.312036948187,0.24220074403,0.388919595224
S1,68,4,COMPLETED,1.97524941613,0.024750583874,0.371582566237,0.269181337416,0.3958338242
S1,68,4,COMPLETED,1.97536070711,0.0246392928858,0.46775242779,0.310003656209,0.402801456283
S1,68,4,COMPLETED,1.97747412705,0.0225258729499,0.502153249774,0.333563395397,0.409824589606
S1,68,4,COMPLETED,1.97180861973,0.0281913802656,0.485716675421,0.339718082028,0.416905433581
S1,68,4,COMPLETED,1.95889529652,0.0411047034831,0.591784805479,0.389274768364,0.424046317743
S1,68,4,COMPLETED,1.94748406997,0.0525159300292,0.579140836158,0.381653993592,0.43124970152
S1,68,4,COMPLETED,1.93678527631,0.0632147236946,0.639255302181,0.411673685967,0.438518185016
S1,68,4,COMPLETED,1.93241804943,0.0675819505705,0.631264818112,0.414397008948,0.44585452097
S1,68,4,COMPLETED,1.92787104063,0.0721289593739,0.626795491374,0.400985399295,0.453261628023
S1,68,4,COMPLETED,1.92510436548,0.0748956345219,0.648785584797,0.408274852657,0.4607426055
S1,68,4,COMPLETED,1.92488831361,0.0751116863857,0.649074993058,0.40992670064,0.4683007499
S1,68,4,COMPLETED,1.92185962626,0.0781403737365,0.673862749838,0.418068644659,0.475939573353
S1,68,4,COMPLETED,1.92018035831,0.0798196416896,0.697513659645,0.432768525174,0.48366282434
S1,68,4,COMPLETED,1.91884552256,0.0811544774402,0.708949769052,0.42815676488,0.491474511023
S1,68,4,COMPLETED,1.91643511515,0.083564884847,0.676939160147,0.40610787308,0.499378927583
S1,68,4,COMPLETED,1.91299217844,0.0870078215626,0.694554701833,0.430546952329,0.507380684088
S1,68,4,COMPLETED,1.91087869076,0.0891213092381,0.712240873303,0.444226448888,0.515484740442
S1,68,4,COMPLETED,1.90904373654,0.0909562634627,0.709767173409,0.45411761233,0.523696445155
S1,68,4,COMPLETED,1.90850950479,0.0914904952069,0.691734775167,0.445727381709,0.532021579772
S1,68,4,COMPLETED,1.90882553729,0.0911744627085,0.733650226119,0.470381271134,0.540466410016
S1,68,4,COMPLETED,1.90969544812,0.0903045518845,0.751410355797,0.487509838851,0.549037744919
S1,68,4,COMPLETED,1.90866349742,0.0913365025771,0.738459430001,0.486615907729,0.557743005513
S1,68,4,COMPLETED,1.90794292175,0.0920570782501,0.727894980254,0.484924593601,0.566590305054
S1,68,4,COMPLETED,1.90870914734,0.0912908526593,0.708347696521,0.475997855778,0.575588543211
S1,68,4,COMPLETED,1.91022733893,0.0897726610676,0.752435094142,0.499491990495,0.58474751731
S1,68,4,COMPLETED,1.91157679819,0.0884232018149,0.733647527351,0.502464966995,0.594078054564
S1,68,4,COMPLETED,1.91253800839,0.0874619916064,0.753645274759,0.529085932914,0.603592170319
S1,68,4,COMPLETED,1.91298722787,0.0870127721282,0.735916505683,0.520550506531,0.613303258833
S1,68,4,COMPLETED,1.91309189985,0.0869081001537,0.760867331794,0.535194109143,0.623226325151
S1,68,4,COMPLETED,1.91406948448,0.0859305155177,0.77114768665,0.536884514781,0.633378269377
S1,68,4,COMPLETED,1.91587802281,0.0841219771859,0.765152672682,0.536751823282,0.643778238557
S1,68,4,COMPLETED,1.91734341722,0.0826565827817,0.76641841615,0.53621187512,0.654448066852
S1,68,4,COMPLETED,1.91912496268,0.0808750373185,0.752600524402,0.532145864293,0.665412832559
S1,68,4,COMPLETED,1.92006340465,0.0799365953517,0.771310988753,0.53985978344,0.676701572159
S1,68,4,COMPLETED,1.92157035756,0.0784296424388,0.78734797696,0.563140555491,0.688348208856
S1,68,4,COMPLETED,1.92273291299,0.0772670870102,0.773704401994,0.557968486254,0.700392779698
S1,68,4,COMPLETED,1.92414391183,0.0758560881723,0.767718463866,0.560715662199,0.712883087078
S1,68,4,COMPLETED,1.92527520068,0.0747247993176,0.774091302085,0.563773343481,0.725876968096
S1,68,4,COMPLETED,1.9270645693,0.0729354307023,0.772696501295,0.569482996613,0.739445488374
S1,68,4,COMPLETED,1.92864869335,0.0713513066485,0.787685660325,0.573392577297,0.753677563755
S1,68,4,COMPLETED,1.93011452598,0.0698854740202,0.76941002927,0.564056754658,0.768686871083
S1,68,4,COMPLETED,1.93250836681,0.0674916331889,0.777111306381,0.566081880842,0.784622594979
S1,68,4,COMPLETED,1.9342454468,0.0657545531986,0.77628108038,0.571021987153,0.801686957182
S1,68,4,COMPLETED,1.93535703788,0.0646429621206,0.776368930453,0.577081608441,0.820165561517
S1,68,4,COMPLETED,1.93699973879,0.0630002612075,0.802743047071,0.598701199565,0.840484087342
S1,68,4,COMPLETED,1.9383785971,0.0616214028978,0.808278181095,0.600960661036,0.863325539579
S1,68,4,COMPLETED,1.93919450109,0.0608054989128,0.798335837381,0.593199985358,0.889909988966
S1,68,4,COMPLETED,1.9402506816,0.0597493184031,0.795575407007,0.593055999731,0.921811328232
S1,68,4,COMPLETED,1.941754518,0.0582454819991,0.795098969599,0.590888315165,0.96009293535
S1,68,4,COMPLETED,1.94227246461,0.0577275353927,0.794885057738,0.589168962398,1.00603086389
S1,68,4,COMPLETED,1.93994438925,0.0600556107529,0.767636838081,0.571796387553,1.06115637814
S1,68,4,COMPLETED,1.93612830541,0.0638716945929,0.715232345272,0.533325726042,1.12020369247
S1,68,4,COMPLETED,1.93362960361,0.0663703963896,0.676829035944,0.506613245647,1.15037815366
S1,68,4,COMPLETED,1.9319209944,0.0680790056036,0.631066431905,0.468229313011,1.17457926048
S1,68,4,COMPLETED,1.93047241614,0.0695275838573,0.576483418946,0.428141644095,1.1954933056
S1,68,4,COMPLETED,1.92866598767,0.0713340123253,0.561012163139,0.419408180866,1.2142298268
S1,68,4,COMPLETED,1.92735269043,0.0726473095663,0.530910804211,0.398917271149,1.23138209422
S1,68,4,COMPLETED,1.92661701629,0.0733829837103,0.51285305175,0.379400781133,1.24731327926
S1,68,4,COMPLETED,1.9260548209,0.0739451790999,0.486624041852,0.360239390512,1.26226549064
S1,68,4,COMPLETED,1.92445285826,0.0755471417369,0.468850899864,0.346351066344,1.27640997988
S1,68,4,COMPLETED,1.92309695372,0.0769030462844,0.449462352691,0.329310906699,1.28987329494
S1,68,4,COMPLETED,1.92175790424,0.0782420957631,0.42857130982,0.31708953816,1.30275215611
S1,68,4,COMPLETED,1.92047110187,0.0795288981319,0.400841102295,0.29712567355,1.31512249636
S1,68,4,COMPLETED,1.91915486871,0.0808451312892,0.403442230534,0.300035356762,1.32704524763
S1,68,4,COMPLETED,1.91763701527,0.0823629847322,0.395472087253,0.295055743245,1.33857020243
S1,68,4,COMPLETED,1.91624280477,0.0837571952335,0.389531517175,0.291894339173,1.34973868124
S1,68,4,COMPLETED,1.914565588,0.0854344119967,0.378262487713,0.280224936883,1.36058542921
S1,68,4,COMPLETED,1.91265276968,0.0873472303192,0.364271445614,0.2714391319,1.37113999835
S1,68,4,COMPLETED,1.91177561346,0.0882243865382,0.36347066192,0.269923512039,1.38142777662
S1,68,4,COMPLETED,1.91075813064,0.089241869363,0.362992811116,0.270047884693,1.39147076824
S1,68,4,COMPLETED,1.91013464544,0.089865354564,0.358695028974,0.268008278863,1.40128819536
S1,68,4,COMPLETED,1.90884024702,0.0911597529842,0.357094873508,0.268509416945,1.41089696848
S1,68,4,COMPLETED,1.90724881332,0.092751186676,0.341442269936,0.257015908866,1.42031205931
S1,68,4,COMPLETED,1.90623835591,0.0937616440904,0.340782129802,0.25721042979,1.42954679949
S1,68,4,COMPLETED,1.90539430551,0.0946056944888,0.341141627206,0.260556840726,1.43861312267
S1,68,4,COMPLETED,1.90451736391,0.0954826360871,0.336370302998,0.261438818838,1.44752176243
S1,68,4,COMPLETED,1.90332715728,0.0966728427232,0.324403844322,0.252319746933,1.45628241556
S1,68,4,COMPLETED,1.90240699017,0.0975930098326,0.330098790695,0.26142867383,1.46490387785
S1,68,4,COMPLETED,1.90140567862,0.098594321377,0.323816721403,0.254009268209,1.47339415781
S1,68,4,COMPLETED,1.90021243928,0.0997875607207,0.317418944666,0.247235845915,1.48176057261
S1,68,4,COMPLETED,1.89943335474,0.100566645257,0.305752668294,0.236251460526,1.49000982949
S1,68,4,COMPLETED,1.89829474167,0.101705258329,0.297020331747,0.231462786536,1.49814809524
S1,68,4,COMPLETED,1.89769356935,0.102306430649,0.292141135986,0.230219086447,1.50618105583
S1,68,4,COMPLETED,1.89970488691,0.100295113093,0.405024925461,0.273366957408,1.51411396791
S1,68,4,COMPLETED,1.89499960729,0.105000392709,0.395800666581,0.263412306491,1.52195170337
S1,68,4,COMPLETED,1.89394628052,0.106053719482,0.391680130036,0.263593832122,1.52969878816
S1,68,4,COMPLETED,1.89286649782,0.107133502185,0.388175820151,0.263743268615,1.53735943624
S1,68,4,COMPLETED,1.89214404308,0.10785595692,0.380229805976,0.25882151369,1.54493757938
S1,68,4,COMPLETED,1.89042044796,0.109579552044,0.381192163238,0.25902767816,1.55243689336
S1,68,4,COMPLETED,1.88949123834,0.110508761663,0.375319310615,0.251743709408,1.55986082123
S1,68,4,COMPLETED,1.88904213059,0.110957869413,0.376175884458,0.254061037838,1.56721259383
S1,68,4,COMPLETED,1.88841634186,0.111583658144,0.371630891463,0.250472059486,1.57449524813
S1,68,4,COMPLETED,1.88808343372,0.111916566281,0.364106977488,0.242678189735,1.58171164355
S1,68,4,COMPLETED,1.88689192732,0.113108072684,0.359398375544,0.238251206709,1.58886447659
S1,68,4,COMPLETED,1.88582885778,0.114171142217,0.353426939517,0.232436379626,1.59595629395
S1,68,4,COMPLETED,1.88471124643,0.11498409927,0.36179992325,0.24074633789,1.60298950433
S1,68,4,COMPLETED,1.88301030404,0.116558699861,0.353947644378,0.234426080284,1.6099663891
S1,68,4,COMPLETED,1.8817426931,0.117144794426,0.346020483645,0.226108752031,1.61688911186
S1,68,4,COMPLETED,1.87662156653,0.118486713281,0.338836460443,0.221775002673,1.62375972726
S1,68,4,COMPLETED,1.87244600187,0.11940702631,0.341549593386,0.229504682782,1.63058018883
S1,68,4,COMPLETED,1.86847138425,0.120367361212,0.341155149276,0.230444927551,1.63735235622
S1,68,4,COMPLETED,1.86274134175,0.121284147375,0.33718771236,0.226946487501,1.64407800179
S1,68,4,COMPLETED,1.85384887318,0.122135979408,0.335376981087,0.22559228303,1.65075881658
S1,68,4,COMPLETED,1.84551214495,0.12242332952,0.335206789968,0.228005097562,1.65739641581
S1,68,4,COMPLETED,1.83624362396,0.123242550126,0.332848532312,0.226664869751,1.66399234392
S1,68,4,COMPLETED,1.82199230614,0.124643845852,0.329896874839,0.224486475777,1.67054807919
S1,68,4,COMPLETED,1.80668993119,0.126140079179,0.32341724757,0.222542026532,1.67706503799
S1,68,4,COMPLETED,1.79207907949,0.126912018767,0.323522492839,0.226646776456,1.68354457871
S1,68,4,COMPLETED,1.77664274343,0.127885627966,0.324610695709,0.231582817933,1.68998800538
S1,68,4,COMPLETED,1.75886704199,0.128107566159,0.323434396906,0.231900053945,1.69639657097
S1,68,4,COMPLETED,1.73945957651,0.128869890131,0.31473745055,0.22798556943,1.70277148055
S1,68,4,COMPLETED,1.71856524954,0.130369797045,0.309165220418,0.222621260308,1.70911389409
S1,68,4,COMPLETED,1.70024517756,0.130545859954,0.312567637404,0.227293540838,1.71542492919
S1,68,4,COMPLETED,1.68222736237,0.131321778752,0.323067830345,0.242310876336,1.72170566347
S1,68,4,COMPLETED,1.66201324822,0.132661435088,0.316246461937,0.235823769502,1.72795713696
S1,68,4,COMPLETED,1.63960105257,0.133011302777,0.341823020233,0.24182256874,1.73418035418
S1,68,4,COMPLETED,1.61470429716,0.133119638832,0.343286529608,0.243854567138,1.74037628616
S1,68,4,COMPLETED,1.59042361972,0.133706436878,0.349217979101,0.251561866593,1.74654587232
S1,68,4,COMPLETED,1.56696484517,0.134281657394,0.341823495432,0.245797593843,1.75269002221
S1,68,4,COMPLETED,1.53967403566,0.133672744533,0.33707616793,0.241562632867,1.75880961714
S1,68,4,COMPLETED,1.51190635467,0.134414094686,0.319705802844,0.235886074346,1.76490551172
S1,68,4,COMPLETED,1.48367110845,0.135703595185,0.322174156331,0.236397065833,1.77097853532
S1,68,4,COMPLETED,1.45669268831,0.136093763236,0.324515715395,0.243808289147,1.77702949338
S1,68,4,COMPLETED,1.42484918756,0.136280506177,0.317053952287,0.238161299032,1.78305916871
S1,68,4,COMPLETED,1.39425136598,0.136274560207,0.332584025231,0.249650680772,1.78906832271
S1,68,4,COMPLETED,1.36246917135,0.137519744002,0.321075414445,0.24363374225,1.79505769646
S1,68,4,COMPLETED,1.33028008096,0.137892201102,0.317141387384,0.242066844872,1.8010280118
S1,68,4,COMPLETED,1.29584785539,0.138055170692,0.309622568499,0.235364736415,1.80697997234
S1,68,4,COMPLETED,1.25905310901,0.135688408785,0.322548657369,0.25078109879,1.81291426445
S1,68,4,COMPLETED,1.2291944622,0.1384317306,0.356985396366,0.266665266933,1.81883155808
S1,68,4,COMPLETED,1.19496075091,0.139333761911,0.33539750007,0.251352037007,1.82473250771
S1,68,4,COMPLETED,1.15266371978,0.134235063439,0.353585745126,0.271000172679,1.83061775309
S1,68,4,COMPLETED,1.12283781549,0.139672827742,0.344888885511,0.265647667892,1.83648792006
S1,68,4,COMPLETED,1.08745821751,0.13921070244,0.341656090069,0.258189134301,1.84234362127
S1,68,4,COMPLETED,1.05327965307,0.136709945934,0.342145632631,0.260716909621,1.84818545685
S1,68,4,COMPLETED,1.01406678378,0.139897015231,0.340652371282,0.262361489535,1.85401401513
S1,68,4,COMPLETED,0.975860783111,0.140217639375,0.33560809487,0.26229119504,1.85982987326
S1,68,4,COMPLETED,0.941351195562,0.136718697832,0.345644618506,0.264101485049,1.86563359778
S1,68,4,COMPLETED,0.902547947378,0.138677933684,0.333949827051,0.26133218352,1.87142574526
S1,68,4,COMPLETED,0.866185881566,0.138537490785,0.339452164165,0.265370030517,1.87720686282
S1,68,4,COMPLETED,0.829832819836,0.136801866032,0.34407929749,0.265200470203,1.88297748871
S1,68,4,COMPLETED,0.792850715691,0.135834394774,0.350914456492,0.271163797417,1.88873815275
S1,68,4,COMPLETED,0.756054952118,0.135988957342,0.344486601349,0.268871478958,1.8944893769
S1,68,4,COMPLETED,0.724245116801,0.13427956673,0.359961554469,0.279990248856,1.9002316757
S1,68,4,COMPLETED,0.693474645348,0.134287776222,0.379504444781,0.286910895529,1.90596555675
S1,68,4,COMPLETED,0.663581863234,0.13249221745,0.375412597613,0.285121116858,1.91169152113
S1,68,4,COMPLETED,0.636900575031,0.13107560666,0.372104290747,0.289000916044,1.91741006386
S1,68,4,COMPLETED,0.609104927763,0.128910565911,0.361354840189,0.284242797061,1.9231216743
S1,68,4,COMPLETED,0.579700857243,0.128921964165,0.386859685577,0.288107875246,1.92882683653
S1,68,4,COMPLETED,0.55210887205,0.128692410445,0.383072741003,0.285152679078,1.93452602982
S1,68,4,COMPLETED,0.525989197393,0.127250340375,0.378897455869,0.290470080248,1.94021972894
S1,68,4,COMPLETED,0.49975121759,0.125649222902,0.381284147718,0.297958938222,1.94590840455
S1,68,4,COMPLETED,0.473532354104,0.123999946408,0.362033830757,0.286316043733,1.9515925236
S1,68,4,COMPLETED,0.447456044289,0.124829461118,0.431295706647,0.309720341897,1.95727254965
S1,68,4,COMPLETED,0.42016731837,0.124433227792,0.408978683205,0.299506089167,1.96294894322
S1,68,4,COMPLETED,0.39546250742,0.122042849536,0.397720399967,0.300099576297,1.96862216219
S1,68,4,COMPLETED,0.371990701719,0.119682550428,0.381699323893,0.296472860957,1.97429266205
S1,68,4,COMPLETED,0.348512164808,0.118830753718,0.38995990461,0.308062721623,1.97996089631
S1,68,4,COMPLETED,0.324621713813,0.116006134659,0.455904407004,0.330004004929,1.9856273168
S1,68,4,COMPLETED,0.300838139195,0.116314249581,0.448870047048,0.327648959219,1.99129237399
S1,68,4,COMPLETED,0.276401573423,0.114424975768,0.440343554425,0.327405400282,1.99695651732
S1,68,4,COMPLETED,0.265229542553,0.112583188542,0.421687300898,0.316798571834,2
S1,96,4,COMPLETED,0,0,0.000702642606566,0.00056412058902,0
S1,96,4,COMPLETED,8.72229298338e-06,2.22166933229e-11,0.000702645477298,0.000564120595175,1.2e-06
S1,96,4,COMPLETED,1.91890445648e-05,1.07437747328e-10,0.000702656500889,0.000564146129546,2.64e-06
S1,96,4,COMPLETED,3.17491464672e-05,2.94032311354e-10,0.00070268064199,0.000564325885816,4.368e-06
S1,96,4,COMPLETED,4.68212687604e-05,6.39379233844e-10,0.000702725324018,0.000564575450805,6.4416e-06
S1,96,4,COMPLETED,6.49078155344e-05,1.22865926017e-09,0.000702801564233,0.000564874979501,8.92992e-06
S1,96,4,COMPLETED,8.66116717078e-05,2.18760018018e-09,0.000702925616822,0.000565234486954,1.1915904e-05
S1,96,4,COMPLETED,0.0001126562992,3.70092884261e-09,0.00070312134681,0.000565666001046,1.54990848e-05
S1,96,4,COMPLETED,0.00014390985235,6.03906505617e-09,0.000703423652777,0.000566231251122,1.979890176e-05
S1,96,4,COMPLETED,0.00018141411642,9.59671341947e-09,0.000703883389791,0.000567125024583,2.4958682112e-05
S1,96,4,COMPLETED,0.000226419233832,1.49486059831e-08,0.000704574428586,0.000568455895045,3.11504185344e-05
S1,96,4,COMPLETED,0.000280425375675,2.29299866703e-08,0.000705603737281,0.000570234365268,3.85805022413e-05
S1,96,4,COMPLETED,0.000345232747575,3.4752763186e-08,0.000707125700429,0.000572390613322,4.74966026895e-05
S1,96,4,COMPLETED,0.000423001596848,5.21730700065e-08,0.000709362299305,0.000575338928697,5.81959232274e-05
S1,96,4,COMPLETED,0.000516324221257,7.77329281012e-08,0.000712631240784,0.000579388994994,7.10351078729e-05
S1,96,4,COMPLETED,0.000628311379824,1.15108676694e-07,0.00071738455076,0.00058463620015,8.64421294475e-05
S1,96,4,COMPLETED,0.000762695986359,1.69613246368e-07,0.000724260331908,0.000591917613579,0.000104930555337
S1,96,4,COMPLETED,0.000923957542607,2.48920073736e-07,0.000734149920814,0.000601402444296,0.000127116666404
S1,96,4,COMPLETED,0.00111747145965,3.64106324396e-07,0.000748280924888,0.000614462119455,0.000153739999685
S1,96,4,COMPLETED,0.00134968824638,5.31156082129e-07,0.000768312829265,0.000631228336864,0.000185687999622
S1,96,4,COMPLETED,0.00162834847108,7.7305670545e-07,0.000796435767344,0.000653420382596,0.000224025599547
S1,96,4,COMPLETED,0.00196268322258,1.06533465873e-06,0.000835456095411,0.00068256040541,0.000270030719456
S1,96,4,COMPLETED,0.00236371090907,1.32768023077e-06,0.000888849146539,0.000721989246377,0.000325236863347
S1,96,4,COMPLETED,0.00284461234445,1.43388151543e-06,0.00096076686449,0.000774949093119,0.000391484236017
S1,96,4,COMPLETED,0.00342126633243,1.31074041859e-06,0.00105600952752,0.000846387442448,0.00047098108322
S1,96,4,COMPLETED,0.00411288307837,1.04965313586e-06,0.00117999849887,0.000949505115013,0.000566377299864
S1,96,4,COMPLETED,0.00494258681213,8.66141847548e-07,0.00133880189726,0.00109157788367,0.000680852759837
S1,96,4,COMPLETED,0.00593796963197,8.97730103289e-07,0.00153925372289,0.00126792086104,0.000818223311805
S1,96,4,COMPLETED,0.00713376354641,3.1901394345e-08,0.00178917731782,0.00148129267061,0.000983067974166
S1,96,4,COMPLETED,0.00857056488623,2.19705765726e-06,0.00209671884822,0.00174106783828,0.001180881569
S1,96,4,COMPLETED,0.0102965261013,5.47511430695e-06,0.0024778756797,0.0020617983348,0.0014182578828
S1,96,4,COMPLETED,0.0123698614676,9.36738221378e-06,0.00294197182287,0.00244893263671,0.00170310945936
S1,96,4,COMPLETED,0.0148568086547,1.15540437175e-05,0.0035022842932,0.0029219353128,0.00204493135123
S1,96,4,COMPLETED,0.0178411979871,1.53150839028e-05,0.00418604038191,0.00349401458803,0.00245511762148
S1,96,4,COMPLETED,0.0214242541735,2.02289601492e-05,0.0050037876997,0.00417192580589,0.00294734114577
S1,96,4,COMPLETED,0.025729569109,2.4989739951e-05,0.00603873941178,0.00505692082198,0.00353800937493
S1,96,4,COMPLETED,0.0309030405917,2.5388843344e-05,0.00724179264396,0.00606394392829,0.00424681124991
S1,96,4,COMPLETED,0.0371048088656,2.03382443797e-05,0.00868663975649,0.00727373178154,0.00509737349989
S1,96,4,COMPLETED,0.0445450196073,1.63051999275e-05,0.01032733234,0.00861121971994,0.00611804819987
S1,96,4,COMPLETED,0.0534589476133,2.10373673535e-05,0.0123370543479,0.0102763333106,0.00734285783985
S1,96,4,COMPLETED,0.0641458144098,2.11376136922e-05,0.0147615032359,0.0122925742838,0.00881262940781
S1,96,4,COMPLETED,0.0769791866668,2.18176175383e-05,0.0176652330862,0.0146985457522,0.0105763552894
S1,96,4,COMPLETED,0.0923859467994,2.31792162507e-05,0.0212968176223,0.0179161267226,0.0126928263473
S1,96,4,COMPLETED,0.11085048402,1.82672641014e-05,0.0252471346257,0.0211694444919,0.0152325916167
S1,96,4,COMPLETED,0.132971836774,2.18059275028e-05,0.0297577151941,0.0250413527731,0.01828030994
S1,96,4,COMPLETED,0.159477126703,8.89562408156e-05,0.0341674252287,0.0290753558384,0.0219375719281
S1,96,4,COMPLETED,0.18852930862,0.000219871846768,0.0373574166032,0.0320271887064,0.0259514795479
S1,96,4,COMPLETED,0.217903058347,1.15339465644e-06,0.039826890279,0.034373264961,0.0299663396097
S1,96,4,COMPLETED,0.246910424273,0.000317276638244,0.0428419791787,0.0372497406815,0.0339823125347
S1,96,4,COMPLETED,0.276063444618,0.000240470028203,0.0451912194739,0.0394348590751,0.0379995591341
S1,96,4,COMPLETED,0.304829204926,0.000316807777525,0.0482116039399,0.0421153565292,0.0420182406675
S1,96,4,COMPLETED,0.334055270161,0.000575213825269,0.0495985553765,0.0429204080463,0.0460385189016
S1,96,4,COMPLETED,0.362873128746,0.000931804880389,0.0503474462301,0.0422509832802,0.0500605561701
S1,96,4,COMPLETED,0.391756639147,0.00139819707792,0.054491895063,0.0457384941928,0.054084515433
S1,96,4,COMPLETED,0.42070082085,0.00137749998607,0.0564963591454,0.0472932193299,0.0581105603374
S1,96,4,COMPLETED,0.449587011723,0.00158811331591,0.0572666350929,0.04742778135,0.0621388552789
S1,96,4,COMPLETED,0.478388273374,0.00193148123231,0.0579737241981,0.0482726931276,0.0661695654633
S1,96,4,COMPLETED,0.507125723854,0.00234971281437,0.0587667551801,0.047387971737,0.0702028569697
S1,96,4,COMPLETED,0.535637712555,0.00247989057759,0.0657795894349,0.0506206312669,0.0742388968139
S1,96,4,COMPLETED,0.564160189539,0.00291964227707,0.0704077335558,0.0534815073133,0.0782778530132
S1,96,4,COMPLETED,0.592465540767,0.00295063055729,0.073058332263,0.0558714147135,0.0823198946523
S1,96,4,COMPLETED,0.620578052797,0.00330799133125,0.0741665538494,0.0557442972572,0.0863651919499
S1,96,4,COMPLETED,0.64916640202,0.00368742558532,0.0746528425871,0.0553468308171,0.0904139163265
S1,96,4,COMPLETED,0.677482186268,0.00398548951896,0.0825358388259,0.0605908211827,0.0944662404742
S1,96,4,COMPLETED,0.705619163623,0.00404483006586,0.0911282365395,0.0667915936264,0.0985223384268
S1,96,4,COMPLETED,0.73339482979,0.00445695553242,0.0967445306262,0.0716394848919,0.102582385632
S1,96,4,COMPLETED,0.761543810148,0.0047109854981,0.0994136381028,0.0734688266224,0.106646559024
S1,96,4,COMPLETED,0.789316262296,0.0049235089539,0.100504899248,0.073068344991,0.110715037102
S1,96,4,COMPLETED,0.81712096861,0.00494304676328,0.103543991514,0.0757961162967,0.114788000002
S1,96,4,COMPLETED,0.844728399415,0.00515854901359,0.108796931669,0.0814903510147,0.118865629579
S1,96,4,COMPLETED,0.872306269903,0.00543734910872,0.1195145581,0.0891173900889,0.122948109487
S1,96,4,COMPLETED,0.899989616559,0.00567045356761,0.120689982825,0.0900418168097,0.127035625261
S1,96,4,COMPLETED,0.927598932931,0.00569448832861,0.125066961033,0.0921984513367,0.1311283644
S1,96,4,COMPLETED,0.955109128577,0.00567339414233,0.126690957468,0.0916912984156,0.135226516458
S1,96,4,COMPLETED,0.982275435552,0.00575949980353,0.134214858104,0.0984525712723,0.13933027313
S1,96,4,COMPLETED,1.00900245398,0.00572509248953,0.136068944615,0.100605010765,0.143439828343
S1,96,4,COMPLETED,1.03570686681,0.00616166879975,0.139465039511,0.10453960074,0.147555378355
S1,96,4,COMPLETED,1.06298526703,0.00610805143924,0.14270730564,0.107312628369,0.151677121846
S1,96,4,COMPLETED,1.09012977052,0.0060104565782,0.144670587629,0.107710322055,0.155805260022
S1,96,4,COMPLETED,1.11706099286,0.00593852224621,0.151736181845,0.112155278992,0.159939996717
S1,96,4,COMPLETED,1.14370033767,0.00587326291231,0.158294576689,0.118788638035,0.164081538499
S1,96,4,COMPLETED,1.16980887653,0.00595124303037,0.161976781793,0.122873911703,0.168230094779
S1,96,4,COMPLETED,1.1958365479,0.00593042432393,0.16233361693,0.123094193201,0.172385877925
S1,96,4,COMPLETED,1.22198631173,0.00601497526373,0.164289244202,0.125649177957,0.17654910338
S1,96,4,COMPLETED,1.2485483391,0.00585164993754,0.164610201025,0.123873194198,0.180719989778
S1,96,4,COMPLETED,1.27470288555,0.00587906991446,0.168885818775,0.127268473155,0.184898759076
S1,96,4,COMPLETED,1.30027400778,0.00570537586358,0.175834282271,0.135707960531,0.189085636677
S1,96,4,COMPLETED,1.32565715249,0.00560873469131,0.178072417358,0.137970417362,0.193280851567
S1,96,4,COMPLETED,1.35099197013,0.00580835938726,0.180399808661,0.137945573049,0.197484636452
S1,96,4,COMPLETED,1.37616967182,0.0057657500439,0.182755736117,0.139875597581,0.201697227905
S1,96,4,COMPLETED,1.40113965938,0.00557973064205,0.182988257117,0.137937343632,0.205918866511
S1,96,4,COMPLETED,1.42599166011,0.00550292801104,0.184031899772,0.137312263792,0.210149797022
S1,96,4,COMPLETED,1.45038293887,0.00549915890527,0.191824549112,0.145217481955,0.214390268523
S1,96,4,COMPLETED,1.47448954976,0.00528346633229,0.193570320787,0.147086374062,0.21864053459
S1,96,4,COMPLETED,1.49905709993,0.0053278154079,0.193495017419,0.146730364967,0.222900853473
S1,96,4,COMPLETED,1.52263470141,0.00549516798672,0.196878935671,0.151571704013,0.227171488268
S1,96,4,COMPLETED,1.5450772484,0.00558191946019,0.197340229428,0.149525643268,0.23145270711
S1,96,4,COMPLETED,1.56830623861,0.00548896499175,0.196773759387,0.147472728182,0.235744783367
S1,96,4,COMPLETED,1.59217914217,0.00520968844413,0.197287925945,0.147789807593,0.240047995844
S1,96,4,COMPLETED,1.61504648538,0.00496189770508,0.196802570686,0.147562113944,0.244362628993
S1,96,4,COMPLETED,1.63664447139,0.00491495890262,0.20555919894,0.155143956858,0.248688973139
S1,96,4,COMPLETED,1.65858578546,0.00506255078037,0.212542404841,0.163710090381,0.253027324705
S1,96,4,COMPLETED,1.68015959673,0.00508658034058,0.209349167734,0.159000370243,0.257377986459
S1,96,4,COMPLETED,1.70054657616,0.00518058134484,0.206025698744,0.15262382168,0.261741267762
S1,96,4,COMPLETED,1.72051472505,0.00524506743985,0.20609703367,0.152867476509,0.266117484832
S1,96,4,COMPLETED,1.74071739742,0.0053483804178,0.202356414361,0.148787782257,0.270506961023
S1,96,4,COMPLETED,1.76113047365,0.00503714951244,0.201987274893,0.149134170279,0.274910027108
S1,96,4,COMPLETED,1.77967761633,0.00472123111556,0.201384168695,0.151265598909,0.279327021583
S1,96,4,COMPLETED,1.79809874434,0.00447558813245,0.202130002083,0.150896576654,0.283758290986
S1,96,4,COMPLETED,1.8162138183,0.00424440362824,0.200909253348,0.148659688474,0.288204190222
S1,96,4,COMPLETED,1.83353526084,0.00405961371101,0.207839941954,0.155081071559,0.292665082919
S1,96,4,COMPLETED,1.84926005574,0.0041200541055,0.209716482454,0.157932346949,0.297141341785
S1,96,4,COMPLETED,1.86532968194,0.00422275579976,0.210254581465,0.158618389265,0.301633348997
S1,96,4,COMPLETED,1.88113299661,0.0043108990421,0.210532826353,0.155330303147,0.306141496599
S1,96,4,COMPLETED,1.89523837638,0.00452308354663,0.209896606225,0.152789860105,0.31066618693
S1,96,4,COMPLETED,1.9074242144,0.00484708089259,0.209169388797,0.152748888532,0.315207833068
S1,96,4,COMPLETED,1.92009872275,0.00459542454246,0.208058154159,0.152321372255,0.319766859295
S1,96,4,COMPLETED,1.93325010765,0.00461058521954,0.207156888589,0.154383773751,0.324343701599
S1,96,4,COMPLETED,1.94499444836,0.00424057134293,0.209049207516,0.156648360878,0.328938808187
S1,96,4,COMPLETED,1.95612041041,0.0037471198762,0.211066684284,0.158240615318,0.333552640041
S1,96,4,COMPLETED,1.9662353189,0.00316451755586,0.210897634266,0.15877123059,0.338185671495
S1,96,4,COMPLETED,1.97408559452,0.00265011554752,0.220836982184,0.166904914481,0.342838390848
S1,96,4,COMPLETED,1.9803896859,0.00255748880772,0.220333745737,0.167498113188,0.347511301014
S1,96,4,COMPLETED,1.9857208352,0.00197592021515,0.22373620883,0.173742929882,0.352204920205
S1,96,4,COMPLETED,1.99050583729,0.00148664451445,0.224412667236,0.173556967453,0.356919782662
S1,96,4,COMPLETED,1.9942199007,0.00111613787625,0.223861911669,0.17217988329,0.361656439417
S1,96,4,COMPLETED,1.99702787131,0.000661886698896,0.223115362134,0.172176447614,0.366415459115
S1,96,4,COMPLETED,1.99918415756,7.82272662219e-05,0.225498427089,0.175292246745,0.371197428879
S1,96,4,COMPLETED,2.00056384758,0.00077803023785,0.228897690543,0.181044593448,0.376002955227
S1,96,4,COMPLETED,2.00162726329,0.00166347793761,0.232806711302,0.187667732411,0.380832665052
S1,96,4,COMPLETED,2.00217268935,0.00217268935369,0.232158806286,0.188840989137,0.385687206662
S1,96,4,COMPLETED,2.00220179362,0.00220179361866,0.233788823672,0.190524002534,0.390567250889
S1,96,4,COMPLETED,2.00191273174,0.0019127317442,0.234778500301,0.191248726427,0.395473492266
S1,96,4,COMPLETED,2.00185526475,0.00185526474536,0.237322094278,0.192172245811,0.400406650294
S1,96,4,COMPLETED,2.00091398145,0.000913981454484,0.238783646241,0.190641398937,0.405367470782
S1,96,4,COMPLETED,1.99990812593,9.18740668759e-05,0.241795851498,0.192927033031,0.410356727289
S1,96,4,COMPLETED,1.99848179338,0.00151820662096,0.244929052656,0.194950249855,0.415375222661
S1,96,4,COMPLETED,1.9962848457,0.00371515430219,0.244639289989,0.192720441301,0.420423790682
S1,96,4,COMPLETED,1.99546527681,0.00453472318691,0.247239342569,0.193649240171,0.425503297845
S1,96,4,COMPLETED,1.99495257971,0.00504742028718,0.257667334435,0.202593975843,0.430614645247
S1,96,4,COMPLETED,1.99514631358,0.00485368642249,0.257882813724,0.20315159791,0.435758770629
S1,96,4,COMPLETED,1.99544183067,0.00455816933164,0.260950487166,0.205587917513,0.440936650579
S1,96,4,COMPLETED,1.99600239449,0.00399760551136,0.259750318793,0.203226686356,0.446149302891
S1,96,4,COMPLETED,1.99719100069,0.00280899931172,0.263619167313,0.209823754073,0.451397789124
S1,96,4,COMPLETED,1.9985562006,0.00144379940008,0.257070411027,0.205963809655,0.456683217354
S1,96,4,COMPLETED,2.00012127974,0.000121279744909,0.262632743812,0.2131959288,0.462006745159
S1,96,4,COMPLETED,2.0013660323,0.00136603229548,0.258422822357,0.209259054425,0.46736958285
S1,96,4,COMPLETED,2.00289306769,0.00289306768843,0.2658022203,0.215274764057,0.472772996976
S1,96,4,COMPLETED,2.00495649913,0.00495649912525,0.27295138752,0.223666311809,0.478218314126
S1,96,4,COMPLETED,2.00724154685,0.00724154684951,0.275959519798,0.226169659436,0.483706925076
S1,96,4,COMPLETED,2.00924406373,0.00924406372986,0.281003311469,0.22712482776,0.489240289298
S1,96,4,COMPLETED,2.01103241988,0.0110324198823,0.287641847277,0.229383770507,0.49481993989
S1,96,4,COMPLETED,2.00981497577,0.00981497577123,0.425139482905,0.269915758052,0.50044748896
S1,96,4,COMPLETED,2.01320312594,0.0132031259427,0.522021972935,0.306507409839,0.506124633529
S1,96,4,COMPLETED,2.01668851822,0.0166885182229,0.48340149981,0.299943894436,0.511853162006
S1,96,4,COMPLETED,2.01299622476,0.0129962247551,0.64187313113,0.353245214353,0.517634961312
S1,96,4,COMPLETED,2.01203144732,0.0120314473212,0.646702698491,0.365229656238,0.523472024723
S1,96,4,COMPLETED,2.01033774771,0.0103377477079,0.68280189116,0.381517882079,0.52936646054
S1,96,4,COMPLETED,2.00489586441,0.00489586440745,0.692900995884,0.392727298155,0.535320501673
S1,96,4,COMPLETED,1.99891650749,0.00108349250621,0.753805878362,0.419008444316,0.541336516284
S1,96,4,COMPLETED,1.99190072733,0.00809927266772,0.798787760932,0.453008294801,0.547417019608
S1,96,4,COMPLETED,1.99416781866,0.00583218133943,0.795505370841,0.451819736948,0.553564687142
S1,96,4,COMPLETED,1.99218208479,0.00781791520913,0.825096055963,0.449584231495,0.559782369384
S1,96,4,COMPLETED,1.99084666289,0.00915333710648,0.858575468016,0.475122442089,0.566073108345
S1,96,4,COMPLETED,1.9891880842,0.0108119158038,0.82373907795,0.46048089001,0.57244015613
S1,96,4,COMPLETED,1.98701106019,0.0129889398105,0.858349192184,0.470813872027,0.57888699587
S1,96,4,COMPLETED,1.98535683682,0.014643163179,0.868510627805,0.471838960545,0.585417365423
S1,96,4,COMPLETED,1.98492646234,0.0150735376614,0.885790155612,0.484097383762,0.592035284266
S1,96,4,COMPLETED,1.98267957191,0.0173204280926,0.916227586774,0.49656257059,0.598745084154
S1,96,4,COMPLETED,1.98260681923,0.0173931807654,0.91742791327,0.507727971347,0.60555144417
S1,96,4,COMPLETED,1.98268792136,0.0173120786419,0.966097833592,0.529032995936,0.612459430999
S1,96,4,COMPLETED,1.98229567134,0.0177043286645,0.97694620193,0.544496019653,0.619474545382
S1,96,4,COMPLETED,1.98156083471,0.0184391652917,0.978021562468,0.544109366657,0.626602775948
S1,96,4,COMPLETED,1.98001852653,0.0199814734719,0.92795470791,0.520877565053,0.633850661924
S1,96,4,COMPLETED,1.97947138989,0.0205286101123,0.970404634136,0.535491372622,0.641225366556
S1,96,4,COMPLETED,1.97947425265,0.0205257473493,1.02329043262,0.569692884585,0.64873476357
S1,96,4,COMPLETED,1.97918624491,0.0208137550932,1.00625057581,0.576003697603,0.656387539606
S1,96,4,COMPLETED,1.97935863616,0.0206413638406,0.985025914199,0.572222237615,0.664193316395
S1,96,4,COMPLETED,1.97994852461,0.0200514753902,0.966342877219,0.568517468222,0.672162797491
S1,96,4,COMPLETED,1.98083898811,0.0191610118869,1.0667642516,0.609637770121,0.680307945894
S1,96,4,COMPLETED,1.98083223451,0.0191677654878,1.05354587613,0.606551387077,0.688642200847
S1,96,4,COMPLETED,1.98104465001,0.0189553499872,1.03096391865,0.595364283389,0.697180744899
S1,96,4,COMPLETED,1.98062953774,0.0193704622578,1.01546629206,0.589891678118,0.705940836197
S1,96,4,COMPLETED,1.98092073903,0.0190792609747,1.01473330552,0.608864686357,0.71494222654
S1,96,4,COMPLETED,1.98195550289,0.0180444971113,1.07606499037,0.634598492719,0.72420769378
S1,96,4,COMPLETED,1.98317038053,0.0168296194683,1.06356338393,0.630721382406,0.733763729155
S1,96,4,COMPLETED,1.9843344715,0.015665528498,1.07144602262,0.640223507978,0.743641438235
S1,96,4,COMPLETED,1.98526905028,0.0147309497187,1.02768657751,0.626007019731,0.753877742284
S1,96,4,COMPLETED,1.98598182636,0.0140181736373,1.03608473999,0.631468143227,0.764517011741
S1,96,4,COMPLETED,1.98719963831,0.0128003616938,1.06667339694,0.646015802748,0.775613337324
S1,96,4,COMPLETED,1.98808386749,0.0119161325123,1.0611466044,0.648572571369,0.787233770202
S1,96,4,COMPLETED,1.98885782533,0.0111421746689,1.09184006452,0.681092949669,0.799463086522
S1,96,4,COMPLETED,1.98927553909,0.010724460913,1.0829385188,0.676613198408,0.812411049186
S1,96,4,COMPLETED,1.98996440048,0.0100355995207,1.05213903371,0.662384970606,0.826223965118
S1,96,4,COMPLETED,1.991216083,0.00878391700305,1.06230835448,0.670532388926,0.841104085446
S1,96,4,COMPLETED,1.99346422594,0.00653577405922,1.09633829067,0.684302763823,0.857344437876
S1,96,4,COMPLETED,1.99481993725,0.0051800627496,1.09638532637,0.683869891095,0.875397111579
S1,96,4,COMPLETED,1.99541148905,0.00458851095448,1.09386982048,0.687409081453,0.89602419852
S1,96,4,COMPLETED,1.995853213,0.00414678700319,1.08681479517,0.691460778338,0.92069537363
S1,96,4,COMPLETED,1.99666537,0.00333463000124,1.09869977871,0.702180753751,0.950300783761
S1,96,4,COMPLETED,1.99719701406,0.00280298594157,1.12539709976,0.722445484727,0.985827275919
S1,96,4,COMPLETED,1.99694661743,0.00305338257083,1.11799733353,0.714553759601,1.02845906651
S1,96,4,COMPLETED,1.99594375376,0.00405624624332,1.03020323949,0.6538104245,1.07961721522
S1,96,4,COMPLETED,1.99584290078,0.00415709921827,1.00585269815,0.624335114927,1.11177716081
S1,96,4,COMPLETED,1.99490051849,0.00509948151196,0.964159174043,0.598529400268,1.13474236037
S1,96,4,COMPLETED,1.99338140993,0.00661859006505,0.898116783604,0.558735813106,1.15383793825
S1,96,4,COMPLETED,1.99218825417,0.00781174583405,0.840095332096,0.521963175538,1.17060129867
S1,96,4,COMPLETED,1.99132017794,0.0086798220645,0.838909124812,0.513875742224,1.18575147802
S1,96,4,COMPLETED,1.99090178456,0.00909821544487,0.819825197505,0.497184028205,1.19969707529
S1,96,4,COMPLETED,1.99031906249,0.00968093750681,0.773011003388,0.466028278761,1.21269768226
S1,96,4,COMPLETED,1.98930041829,0.0106995817052,0.72119095136,0.427713180983,1.22493079199
S1,96,4,COMPLETED,1.98800192384,0.0119980761624,0.718640965103,0.417510934733,1.23652428927
S1,96,4,COMPLETED,1.98722613206,0.0127738679392,0.692695670588,0.402449461368,1.24757401705
S1,96,4,COMPLETED,1.98638810848,0.0136118915188,0.70063907307,0.403298408922,1.25815404809
S1,96,4,COMPLETED,1.98502148309,0.0149785169072,0.682197424996,0.3932201139,1.26832306281
S1,96,4,COMPLETED,1.98364229799,0.016357702009,0.601111336069,0.348850900212,1.27812850217
S1,96,4,COMPLETED,1.98260975666,0.0173902433402,0.609035438554,0.353338282471,1.28760937855
S1,96,4,COMPLETED,1.98221190685,0.0177880931471,0.602308761399,0.351642227146,1.29679824051
S1,96,4,COMPLETED,1.9814769412,0.0185230588033,0.595756063395,0.347697536481,1.30572258382
S1,96,4,COMPLETED,1.98028342201,0.0197165779947,0.592918029077,0.346278710637,1.31440588879
S1,96,4,COMPLETED,1.97887064613,0.0211293538667,0.520174246033,0.313154899668,1.32286839825
S1,96,4,COMPLETED,1.9777107683,0.0222892316952,0.529520121227,0.314525854803,1.33112771158
S1,96,4,COMPLETED,1.97683401203,0.0231659879687,0.518985721965,0.310083943538,1.33919924523
S1,96,4,COMPLETED,1.97550573164,0.0244942683592,0.528270561121,0.318596159286,1.34709659483
S1,96,4,COMPLETED,1.97422110773,0.0257788922666,0.49864450116,0.305105075402,1.35483182341
S1,96,4,COMPLETED,1.9730952567,0.0269047432968,0.472673164954,0.296922457095,1.36241569344
S1,96,4,COMPLETED,1.97232518008,0.027674819919,0.458489291273,0.289267120839,1.36985785551
S1,96,4,COMPLETED,1.9716060692,0.0283939308016,0.458808273949,0.291435586216,1.37716700312
S1,96,4,COMPLETED,1.97027875548,0.02972124452,0.444929464692,0.282092823069,1.38435100085
S1,96,4,COMPLETED,1.96879475018,0.0312052498224,0.412104956056,0.260404768138,1.39141699125
S1,96,4,COMPLETED,1.9676170049,0.0323829951043,0.40259117377,0.256994579952,1.39837148457
S1,96,4,COMPLETED,1.96649489515,0.0335051048528,0.405881014707,0.258686587291,1.4052204347
S1,96,4,COMPLETED,1.9655058987,0.0344941013,0.403073836976,0.25724613839,1.4119693037
S1,96,4,COMPLETED,1.96447571458,0.0355242854194,0.362412089729,0.240418752726,1.41862311708
S1,96,4,COMPLETED,1.96388485935,0.0361151406486,0.375873360152,0.24723364217,1.42518651128
S1,96,4,COMPLETED,1.96343438885,0.0365656111527,0.372912644022,0.246537141412,1.43166377472
S1,96,4,COMPLETED,1.96276165697,0.0372383430317,0.362799317575,0.240365748739,1.43805888348
S1,96,4,COMPLETED,1.96183941915,0.0381605808532,0.352538559031,0.23434867063,1.44437553236
S1,96,4,COMPLETED,1.96147615635,0.0385238436547,0.346759928519,0.235336937785,1.45061716213
S1,96,4,COMPLETED,1.96099678027,0.0390032197295,0.34677999841,0.238533152474,1.45678698343
S1,96,4,COMPLETED,1.95991500917,0.040084990832,0.337404193061,0.231133602865,1.46288799786
S1,96,4,COMPLETED,1.95932471094,0.0406752890607,0.32264283618,0.22526274542,1.46892301673
S1,96,4,COMPLETED,1.9591013568,0.0408986431991,0.324204278167,0.225228179529,1.47489467758
S1,96,4,COMPLETED,1.95865509972,0.0413449002753,0.325223982589,0.222334843082,1.48080545899
S1,96,4,COMPLETED,1.9583899275,0.0416100725049,0.307243063698,0.215943207068,1.48665769377
S1,96,4,COMPLETED,1.9578464079,0.0421535921006,0.308655955067,0.215810105641,1.49245358081
S1,96,4,COMPLETED,1.95697086174,0.0430291382567,0.300576512024,0.212664019629,1.49819519568
S1,96,4,COMPLETED,1.95632361595,0.0436763840495,0.294913990301,0.212106159766,1.50388450021
S1,96,4,COMPLETED,1.95545255345,0.0445474465509,0.288188765176,0.208999045611,1.5095233511
S1,96,4,COMPLETED,1.95415967179,0.0458403282101,0.283062905971,0.206206217689,1.51511350779
S1,96,4,COMPLETED,1.95359139684,0.0464086031567,0.281962941152,0.205358032201,1.52065663946
S1,96,4,COMPLETED,1.95304324206,0.0469567579385,0.273196977987,0.198813648701,1.52615433154
S1,96,4,COMPLETED,1.95207723829,0.0479227617091,0.273789186437,0.196280464231,1.53160809151
S1,96,4,COMPLETED,1.9516752946,0.0483247054017,0.273294108202,0.193996189451,1.53701935429
S1,96,4,COMPLETED,1.95107455494,0.0489254450591,0.271936013463,0.194876435507,1.54238948711
S1,96,4,COMPLETED,1.95000451964,0.0499954803571,0.268225757433,0.195246028572,1.54771979397
S1,96,4,COMPLETED,1.94895907611,0.0510409238879,0.264418750192,0.195815792672,1.55301151973
S1,96,4,COMPLETED,1.9476189216,0.0523810783964,0.266873565252,0.195602775247,1.55826585393
S1,96,4,COMPLETED,1.94692084279,0.0530791572142,0.262956814499,0.192005848835,1.56348393419
S1,96,4,COMPLETED,1.94620028188,0.0537997181242,0.262381425052,0.19005202375,1.56866684944
S1,96,4,COMPLETED,1.94544137011,0.0545586298928,0.265911957625,0.19586113088,1.57381564285
S1,96,4,COMPLETED,1.94444400158,0.055555998423,0.268287713383,0.19775017458,1.57893131459
S1,96,4,COMPLETED,1.94305717363,0.0569428263735,0.270072614936,0.200253797167,1.58401482428
S1,96,4,COMPLETED,1.94194146747,0.0580585325286,0.273267020562,0.206013869066,1.5890670934
S1,96,4,COMPLETED,1.94095545197,0.0590445480296,0.276527773603,0.207700963899,1.59408900739
S1,96,4,COMPLETED,1.94051651637,0.0594834836307,0.285790291465,0.216701071762,1.59908141773
S1,96,4,COMPLETED,1.93655162797,0.0634483720271,0.298316463614,0.222503018415,1.60404514374
S1,96,4,COMPLETED,1.93849394478,0.0615060552183,0.30965715484,0.232201406285,1.60898097437
S1,96,4,COMPLETED,1.93769446287,0.0623055371326,0.297434223332,0.226159181042,1.61388966983
S1,96,4,COMPLETED,1.9369094761,0.0630905238967,0.296998422248,0.225163942872,1.61877196305
S1,96,4,COMPLETED,1.93644168421,0.0635583157913,0.300223168887,0.230016468082,1.62362856116
S1,96,4,COMPLETED,1.93557994265,0.064420057346,0.287732432898,0.225074801588,1.6284601468
S1,96,4,COMPLETED,1.93351256151,0.0664874384927,0.313926401223,0.245151296483,1.6332673793
S1,96,4,COMPLETED,1.93445075496,0.065529847572,0.307512525581,0.238813596684,1.63805089595
S1,96,4,COMPLETED,1.9337127683,0.0662678342279,0.312013751048,0.242020769565,1.64281131298
S1,96,4,COMPLETED,1.9332683098,0.0666960202808,0.321181055142,0.249706917378,1.64754922665
S1,96,4,COMPLETED,1.93271916946,0.0669577119694,0.329447481211,0.257527166481,1.65226521422
S1,96,4,COMPLETED,1.93146981635,0.0670270597518,0.33315317344,0.26253149581,1.65695983478
S1,96,4,COMPLETED,1.92932113269,0.0678310683502,0.322555406899,0.254576986831,1.66163363018
S1,96,4,COMPLETED,1.92744455852,0.0679602868574,0.323350856512,0.255492576068,1.6662871258
S1,96,4,COMPLETED,1.9230874585,0.0695898800711,0.327237697283,0.256031766889,1.67092083129
S1,96,4,COMPLETED,1.91991858704,0.0680079414078,0.331949636864,0.265605874534,1.67553524131
S1,96,4,COMPLETED,1.91455357813,0.0683838975246,0.328527269985,0.263494946528,1.68013083619
S1,96,4,COMPLETED,1.90828930434,0.0680465935197,0.322862785511,0.258598530145,1.68470808258
S1,96,4,COMPLETED,1.90160443388,0.067651437119,0.318915824969,0.25614947649,1.68926743403
S1,96,4,COMPLETED,1.89333927855,0.0678275122088,0.333413805666,0.270678469405,1.69380933157
S1,96,4,COMPLETED,1.8848019688,0.0675986188011,0.331742543009,0.269770474198,1.69833420426
S1,96,4,COMPLETED,1.87558762875,0.0667985147731,0.316272058717,0.2580011759,1.70284246969
S1,96,4,COMPLETED,1.86521457326,0.0668834345659,0.308422986407,0.254321134146,1.70733453446
S1,96,4,COMPLETED,1.85394397156,0.0671189742131,0.326510069731,0.269739126241,1.71181079466
S1,96,4,COMPLETED,1.84063920931,0.0670789671483,0.330870783998,0.268645346032,1.71627163629
S1,96,4,COMPLETED,1.82665261805,0.0664338035337,0.317049283531,0.258137006326,1.72071743567
S1,96,4,COMPLETED,1.81306462642,0.0665143093521,0.3290223329,0.269523562332,1.72514855987
S1,96,4,COMPLETED,1.8003104845,0.0664966910028,0.304823663615,0.252253461888,1.72956536705
S1,96,4,COMPLETED,1.7849692799,0.0659994958139,0.298941409484,0.248034493784,1.73396820683
S1,96,4,COMPLETED,1.76889657895,0.0653885486687,0.306105935929,0.257170621191,1.73835742062
S1,96,4,COMPLETED,1.75326329221,0.0648650904429,0.315422601389,0.263343522958,1.74273334199
S1,96,4,COMPLETED,1.73668799117,0.0645892189017,0.297751518293,0.246023286467,1.74709629692
S1,96,4,COMPLETED,1.71757398865,0.0636257965937,0.302867477813,0.254215604732,1.75144660413
S1,96,4,COMPLETED,1.69951082557,0.0631593725512,0.310887222611,0.260070213352,1.75578457535
S1,96,4,COMPLETED,1.68031955409,0.0631643523741,0.307669874633,0.259270254517,1.76011051563
S1,96,4,COMPLETED,1.65966255038,0.0621914618832,0.306374798396,0.257417586342,1.76442472351
S1,96,4,COMPLETED,1.63948175959,0.0615900533605,0.312129310279,0.264085657267,1.76872749138
S1,96,4,COMPLETED,1.61800684649,0.0616739469569,0.314190676496,0.266352865114,1.77301910562
S1,96,4,COMPLETED,1.59548135235,0.0608130672307,0.316595032556,0.268224959339,1.77729984688
S1,96,4,COMPLETED,1.5736431409,0.0607270647873,0.320482289063,0.269762278293,1.78156999028
S1,96,4,COMPLETED,1.55044568076,0.06059402953,0.324228851612,0.271622017682,1.78582980563
S1,96,4,COMPLETED,1.52684978554,0.0596453217028,0.322254893085,0.26918996772,1.79007955762
S1,96,4,COMPLETED,1.50252267295,0.0581889994014,0.33278880398,0.271721876348,1.79431950601
S1,96,4,COMPLETED,1.48092798964,0.0593357272171,0.3315609947,0.277543489367,1.79854990581
S1,96,4,COMPLETED,1.4545731233,0.056873548268,0.324368464,0.269538253046,1.80277100748
S1,96,4,COMPLETED,1.43190707373,0.058422258116,0.343520938967,0.279651934066,1.80698305708
S1,96,4,COMPLETED,1.40787194064,0.0581654832852,0.338242336623,0.279383840195,1.81118629644
S1,96,4,COMPLETED,1.38190096482,0.0575170869967,0.330973780173,0.273730087502,1.81538096331
S1,96,4,COMPLETED,1.35627820888,0.05684871566,0.339757948928,0.277118677002,1.81956729153
S1,96,4,COMPLETED,1.33065019214,0.055974403931,0.339653196805,0.279976406208,1.82374551116
S1,96,4,COMPLETED,1.30495604872,0.055279055737,0.34305218663,0.281775302048,1.82791584863
S1,96,4,COMPLETED,1.27697062078,0.0530537236082,0.34028565212,0.274110810788,1.83207852687
S1,96,4,COMPLETED,1.25097373843,0.0532571242338,0.339425882269,0.278487872956,1.83623376545
S1,96,4,COMPLETED,1.22418202442,0.0521877257217,0.344398427053,0.281385578591,1.84038178069
S1,96,4,COMPLETED,1.19696149254,0.050078630203,0.349125244847,0.28258017702,1.8445227858
S1,96,4,COMPLETED,1.16965431665,0.0495321465459,0.339949061694,0.276523174819,1.84865699101
S1,96,4,COMPLETED,1.14239738652,0.0483503768336,0.344051374365,0.280686900298,1.85278460364
S1,96,4,COMPLETED,1.11420456588,0.0472395864788,0.34204936251,0.274590767936,1.85690582826
S1,96,4,COMPLETED,1.08674057476,0.0462028829593,0.347146865839,0.278485546475,1.86102086676
S1,96,4,COMPLETED,1.05952840331,0.0446793016404,0.33529147475,0.273249650164,1.8651299185
S1,96,4,COMPLETED,1.0313277053,0.0437729058678,0.343365617604,0.271770382832,1.86923318035
S1,96,4,COMPLETED,1.00432541135,0.0428256044721,0.350334028145,0.278184741756,1.87333084684
S1,96,4,COMPLETED,0.981794262913,0.041438531026,0.336999469543,0.269162105692,1.87742311024
S1,96,4,COMPLETED,0.959629414583,0.0404286007628,0.329600838447,0.259500922039,1.88151016064
S1,96,4,COMPLETED,0.939616732565,0.0396592774069,0.369131513407,0.283615221367,1.88559218606
S1,96,4,COMPLETED,0.918510754347,0.0384682803424,0.345900504185,0.27589065229,1.88966937251
S1,96,4,COMPLETED,0.896692941251,0.0366354072473,0.346884097888,0.273778251138,1.89374190412
S1,96,4,COMPLETED,0.875208132814,0.0357019469888,0.365995279701,0.273755689979,1.89780996319
S1,96,4,COMPLETED,0.853931747806,0.0351647006616,0.357420660666,0.278315903799,1.90187373026
S1,96,4,COMPLETED,0.8328699524,0.0333062281664,0.351656585363,0.277253167531,1.90593338422
S1,96,4,COMPLETED,0.811001883718,0.0320155116652,0.358337748844,0.275434130241,1.9099891024
S1,96,4,COMPLETED,0.788664957415,0.0313271301147,0.372632764899,0.27757445764,1.91404106059
S1,96,4,COMPLETED,0.766476386354,0.0298976451413,0.362319203265,0.281413305373,1.91808943315
S1,96,4,COMPLETED,0.744013543333,0.0281965268521,0.364104227538,0.28906026854,1.92213439309
S1,96,4,COMPLETED,0.721260297804,0.027604191159,0.362955135505,0.27403648809,1.92617611213
S1,96,4,COMPLETED,0.698888530888,0.0262719805861,0.382701684967,0.282368189605,1.93021476077
S1,96,4,COMPLETED,0.676825919663,0.0245889167522,0.37543777915,0.292597099218,1.93425050836
S1,96,4,COMPLETED,0.654901256567,0.0234294532247,0.356800354845,0.286076455464,1.93828352314
S1,96,4,COMPLETED,0.632917023858,0.0223419695123,0.391719340776,0.290084635247,1.94231397237
S1,96,4,COMPLETED,0.610748670044,0.0213324052094,0.41015593539,0.299087041136,1.94634202233
S1,96,4,COMPLETED,0.589826765309,0.0196547503888,0.395083908382,0.301638450367,1.95036783844
S1,96,4,COMPLETED,0.568799652649,0.0176734151963,0.375663864998,0.294547960421,1.95439158525
S1,96,4,COMPLETED,0.547222738772,0.0172319948629,0.408246057678,0.304425033268,1.9584134266
S1,96,4,COMPLETED,0.525552727805,0.0163796697368,0.418604575573,0.305809161982,1.96243352558
S1,96,4,COMPLETED,0.504233397109,0.0148505206632,0.410248334094,0.304429670179,1.96645204467
S1,96,4,COMPLETED,0.48280073624,0.0126859405661,0.381388545031,0.293390394317,1.97046914577
S1,96,4,COMPLETED,0.46187320692,0.0121076134369,0.424988659884,0.317141998239,1.97448499023
S1,96,4,COMPLETED,0.439520747208,0.0111248271991,0.4372445273,0.313992267822,1.97849973896
S1,96,4,COMPLETED,0.417617956383,0.00999141732664,0.437895134699,0.314242274408,1.98251355248
S1,96,4,COMPLETED,0.396565704688,0.0080189884065,0.422238216476,0.312220270196,1.98652659094
S1,96,4,COMPLETED,0.375958645431,0.0068488616918,0.412020304899,0.312552165652,1.99053901421
S1,96,4,COMPLETED,0.35535860622,0.00492340025465,0.43932235041,0.316600442325,1.99455098192
S1,96,4,COMPLETED,0.335086426722,0.00495846607532,0.465870947392,0.321630941996,1.99856265356
S1,96,4,COMPLETED,0.327467817204,0.00457138067548,0.471875370339,0.327257417708,2
S1,136,4,COMPLETED,0,0,0.000350887529989,0.000279064993542,0
S1,136,4,COMPLETED,8.74855654661e-06,2.64527338667e-10,0.000350893345884,0.000279114960698,1.2e-06
S1,136,4,COMPLETED,1.92468244095e-05,1.28035787357e-09,0.000350915678062,0.000279241015031,2.64e-06
S1,136,4,COMPLETED,3.1844745865e-05,3.50504624343e-09,0.000350964580587,0.000279392304012,4.368e-06
S1,136,4,COMPLETED,4.6962251659e-05,7.62286656103e-09,0.000351055079192,0.000279650884079,6.4416e-06
S1,136,4,COMPLETED,6.51032587117e-05,1.46496548873e-08,0.000351209454875,0.000280080231857,8.92992e-06
S1,136,4,COMPLETED,8.68724673739e-05,2.60847804458e-08,0.000351460534659,0.000280601514342,1.1915904e-05
S1,136,4,COMPLETED,0.000112995518151,4.41312208013e-08,0.000351856413542,0.000281311755572,1.54990848e-05
S1,136,4,COMPLETED,0.00014434339506,7.17986669393e-08,0.000352467192814,0.000282368512701,1.979890176e-05
S1,136,4,COMPLETED,0.000181963036243,1.10808782039e-07,0.000353394523986,0.000283766013385,2.4958682112e-05
S1,136,4,COMPLETED,0.000227108650279,1.59936303464e-07,0.000354784985752,0.000285632311431,3.11504185344e-05
S1,136,4,COMPLETED,0.000281283502726,2.1876154044e-07,0.000356848556367,0.000288156743437,3.85805022413e-05
S1,136,4,COMPLETED,0.000346293228062,2.88904445352e-07,0.000359883581964,0.00029156785764,4.74966026895e-05
S1,136,4,COMPLETED,0.000424304820205,3.72368305997e-07,0.000364309493502,0.000296201961639,5.81959232274e-05
S1,136,4,COMPLETED,0.000517919769989,4.70254605814e-07,0.000369917699796,0.000301570700084,7.10351078729e-05
S1,136,4,COMPLETED,0.000630258158797,5.82052931141e-07,0.000379088041595,0.000309492360813,8.64421294475e-05
S1,136,4,COMPLETED,0.000765063811274,7.06989167552e-07,0.00039125492767,0.000319435454292,0.000104930555337
S1,136,4,COMPLETED,0.000926830003773,8.43633820341e-07,0.000409212665007,0.000333040545318,0.000127116666404
S1,136,4,COMPLETED,0.00112094859729,9.88483961465e-07,0.000434386735219,0.000351963661831,0.000153739999685
S1,136,4,COMPLETED,0.00135389038576,1.13410287822e-06,0.000468493797019,0.000377078431069,0.000185687999622
S1,136,4,COMPLETED,0.00163342010916,1.26654821179e-06,0.000513818425357,0.000411098690404,0.000224025599547
S1,136,4,COMPLETED,0.00196885348404,1.36277371558e-06,0.000573254846512,0.000459122889075,0.000270030719456
S1,136,4,COMPLETED,0.00237137022629,1.38785922195e-06,0.000649619518514,0.000527398349188,0.000325236863347
S1,136,4,COMPLETED,0.00285438569954,1.28781571599e-06,0.00074611765506,0.000612362304571,0.000391484236017
S1,136,4,COMPLETED,0.00343399786927,9.80365333419e-07,0.000866708537754,0.00071621532836,0.00047098108322
S1,136,4,COMPLETED,0.00412952369199,3.41587796455e-07,0.00101629982148,0.000842779150459,0.000566377299864
S1,136,4,COMPLETED,0.00496414277956,8.1349249615e-07,0.00119903813531,0.000996820961273,0.000680852759837
S1,136,4,COMPLETED,0.00596566983152,2.75908626547e-06,0.00142178061904,0.00118404155213,0.000818223311805
S1,136,4,COMPLETED,0.00716748167176,5.89949964488e-06,0.00168737182908,0.00140631966921,0.000983067974166
S1,136,4,COMPLETED,0.00860857725204,9.71773712111e-06,0.00201285548965,0.00167883904169,0.001180881569
S1,136,4,COMPLETED,0.0103390095261,1.32362200909e-05,0.00240958261767,0.00200892944705,0.0014182578828
S1,136,4,COMPLETED,0.0124165543235,1.74661945226e-05,0.00288469697604,0.00240513806331,0.00170310945936
S1,136,4,COMPLETED,0.0149081952952,1.87951207353e-05,0.00346150919401,0.00289144803152,0.00204493135123
S1,136,4,COMPLETED,0.0178948482219,1.7157145486e-05,0.00415206365457,0.00346537708461,0.00245511762148
S1,136,4,COMPLETED,0.0214758476424,1.48435675158e-05,0.0049838948163,0.00415788893419,0.00294734114577
S1,136,4,COMPLETED,0.0257729535412,1.40229472827e-05,0.00597747849753,0.00498910202881,0.00353800937493
S1,136,4,COMPLETED,0.0309325522562,1.10649657434e-05,0.00717221277649,0.00598080139331,0.00424681124991
S1,136,4,COMPLETED,0.0371227391538,1.30803744747e-05,0.00861062063171,0.00718629690172,0.00509737349989
S1,136,4,COMPLETED,0.0445594179903,9.48438920168e-06,0.0103765745781,0.00868997565416,0.00611804819987
S1,136,4,COMPLETED,0.0534803448029,1.39757666038e-05,0.0123989486271,0.0103580937411,0.00734285783985
S1,136,4,COMPLETED,0.0641679580005,1.81902726309e-05,0.0148241859085,0.0123849192253,0.00881262940781
S1,136,4,COMPLETED,0.0769892086529,1.0765715787e-05,0.017738466882,0.0148005205284,0.0105763552894
S1,136,4,COMPLETED,0.0923958821931,2.91155707742e-05,0.0213519066212,0.0178778720828,0.0126928263473
S1,136,4,COMPLETED,0.110800491852,9.13755182089e-05,0.0253471860606,0.0212259527099,0.0152325916167
S1,136,4,COMPLETED,0.131441005603,3.66213617647e-05,0.0295875605798,0.0249452653201,0.018063972464
S1,136,4,COMPLETED,0.152028504122,5.54138469044e-05,0.033050811039,0.0279535950334,0.0208956827168
S1,136,4,COMPLETED,0.172668782615,4.43150037873e-05,0.035897553982,0.0305791691261,0.0237277785264
S1,136,4,COMPLETED,0.19321460348,1.40754331033e-05,0.0384975747267,0.0330000605429,0.0265603161112
S1,136,4,COMPLETED,0.213795528985,3.1267254461e-05,0.0410710968837,0.0354648347782,0.0293933517668
S1,136,4,COMPLETED,0.234278387998,1.82296845271e-06,0.0428406519051,0.0370869165983,0.0322269418761
S1,136,4,COMPLETED,0.25486451102,0.000122698173796,0.0445500442757,0.0385740003637,0.0350611429195
S1,136,4,COMPLETED,0.275308775334,0.000195704935674,0.0465596721269,0.0404844674925,0.0378960114851
S1,136,4,COMPLETED,0.295900943066,0.000352916930355,0.0476741711393,0.0412747717616,0.0407316042788
S1,136,4,COMPLETED,0.316414171332,0.000489359110718,0.0483197437,0.0413127692641,0.0435679781347
S1,136,4,COMPLETED,0.336835390029,0.00065215910789,0.0498947554779,0.0423835468136,0.0464051900258
S1,136,4,COMPLETED,0.357382566491,0.000753322717676,0.0509681190877,0.043273737253,0.0492432970741
S1,136,4,COMPLETED,0.377731766038,0.000863359310302,0.0504698979036,0.0423128957947,0.052082356561
S1,136,4,COMPLETED,0.398219059755,0.00108344113515,0.0503370157409,0.042274489254,0.0549224259384
S1,136,4,COMPLETED,0.418452202228,0.00127022524854,0.0510550961894,0.0419306512144,0.0577635628391
S1,136,4,COMPLETED,0.438799638264,0.00126831431195,0.0532747679807,0.0431077860632,0.0606058250874
S1,136,4,COMPLETED,0.459027766697,0.00153167326861,0.0537570541264,0.0434294148838,0.0634492707105
S1,136,4,COMPLETED,0.479538134754,0.00141430455503,0.0551926648024,0.044329416743,0.0662939579489
S1,136,4,COMPLETED,0.499664956908,0.0016557998937,0.0548315022616,0.0438398047129,0.069139945268
S1,136,4,COMPLETED,0.520180891094,0.00165480111859,0.0553813381394,0.0442719842358,0.0719872913689
S1,136,4,COMPLETED,0.540245156855,0.00169960157602,0.0592785796249,0.0464206883875,0.0748360552001
S1,136,4,COMPLETED,0.560476935606,0.00165306786904,0.0620338862267,0.0480866501677,0.0776862959686
S1,136,4,COMPLETED,0.580493346818,0.00179799158588,0.0633125581474,0.0485035752137,0.0805380731517
S1,136,4,COMPLETED,0.600695220446,0.0018544356667,0.0650077278058,0.0500171713076,0.0833914465089
S1,136,4,COMPLETED,0.620736871721,0.00183844856076,0.0655001052747,0.0503161984324,0.0862464760932
S1,136,4,COMPLETED,0.640856166047,0.00187997764067,0.0690604478592,0.0525709444145,0.0891032222637
S1,136,4,COMPLETED,0.660953346296,0.00191229672551,0.0742647221485,0.056304692447,0.0919617456977
S1,136,4,COMPLETED,0.68099111628,0.00192112738639,0.0756181699258,0.0571284135683,0.0948221074028
S1,136,4,COMPLETED,0.700988782423,0.00179766606216,0.0768490051144,0.0582335275362,0.0976843687295
S1,136,4,COMPLETED,0.720884561392,0.00183286246911,0.0811743146308,0.0615533654227,0.100548591384
S1,136,4,COMPLETED,0.740776151923,0.00179278986756,0.0830707392295,0.0629653928798,0.103414837442
S1,136,4,COMPLETED,0.760537106858,0.00184613377391,0.0851007440404,0.0642892578401,0.106283169359
S1,136,4,COMPLETED,0.780424088442,0.00170484227843,0.0883558002391,0.0680478279405,0.109153649987
S1,136,4,COMPLETED,0.800140792231,0.00177822373329,0.0885267141512,0.0672755286063,0.112026342586
S1,136,4,COMPLETED,0.820240800196,0.00153619621179,0.0942596345789,0.0724177570271,0.114901310839
S1,136,4,COMPLETED,0.839886759801,0.00163385501808,0.0974351280418,0.0746654589384,0.117778618864
S1,136,4,COMPLETED,0.859637360698,0.00139910725138,0.0985106749252,0.0746255182047,0.120658331231
S1,136,4,COMPLETED,0.879244593999,0.00133828048133,0.0983586098683,0.0741620322705,0.123540512974
S1,136,4,COMPLETED,0.898787935566,0.00120141204524,0.102211321984,0.0789154122603,0.126425229607
S1,136,4,COMPLETED,0.918346022798,0.00108269229101,0.105178476687,0.0813999167509,0.129312547138
S1,136,4,COMPLETED,0.937980334336,0.000988556665377,0.108794341972,0.0831054684828,0.132202532086
S1,136,4,COMPLETED,0.957600718829,0.000828043668496,0.110526896191,0.0840034067085,0.135095251496
S1,136,4,COMPLETED,0.977210952009,0.000675703113721,0.111854127158,0.0836315060961,0.137990772952
S1,136,4,COMPLETED,0.996714519828,0.000540189533923,0.113488241174,0.0853714963282,0.140889164599
S1,136,4,COMPLETED,1.01591351233,0.000392806486818,0.117349865085,0.0898949384747,0.143790495153
S1,136,4,COMPLETED,1.03507982005,0.000287222030202,0.119327133567,0.0905231734258,0.146694833923
S1,136,4,COMPLETED,1.05419693908,0.00022064991427,0.121206849841,0.0911031789006,0.149602250826
S1,136,4,COMPLETED,1.0736988537,2.55403431374e-05,0.122679745628,0.0916439628266,0.152512816404
S1,136,4,COMPLETED,1.09296193034,0.000118198617397,0.123415542882,0.0915577563024,0.155426601844
S1,136,4,COMPLETED,1.11220318928,0.00039806904271,0.127918847268,0.0969212207739,0.158343678994
S1,136,4,COMPLETED,1.13111958054,0.000529426934024,0.129455502822,0.0969297997692,0.161264120383
S1,136,4,COMPLETED,1.15006363557,0.000652299332412,0.13188739098,0.0978254381628,0.164187999239
S1,136,4,COMPLETED,1.16887967851,0.000835072277663,0.134771820789,0.100378011817,0.167115389513
S1,136,4,COMPLETED,1.18767460557,0.00103454328749,0.132848935579,0.0973113483969,0.170046365891
S1,136,4,COMPLETED,1.20667722844,0.00117402256271,0.133980171893,0.0975073518175,0.172981003822
S1,136,4,COMPLETED,1.22538223815,0.00129308278785,0.137630915532,0.10259827379,0.175919379536
S1,136,4,COMPLETED,1.24386935714,0.00155950068599,0.137989894874,0.10272168789,0.178861570065
S1,136,4,COMPLETED,1.2622305889,0.00159404343951,0.139956862708,0.102939031785,0.181807653264
S1,136,4,COMPLETED,1.28083981826,0.00191365047788,0.142274115521,0.104468867496,0.184757707839
S1,136,4,COMPLETED,1.29934252257,0.00205594951844,0.143078251119,0.104135947974,0.187711813363
S1,136,4,COMPLETED,1.31781203834,0.00224142603567,0.143617415907,0.103542631555,0.190670050303
S1,136,4,COMPLETED,1.33587826784,0.00242918245707,0.145389093028,0.106141941561,0.193632500047
S1,136,4,COMPLETED,1.35394387922,0.00251908045452,0.143861284693,0.105198612285,0.196599244923
S1,136,4,COMPLETED,1.37201695815,0.00266260504012,0.150849077138,0.110346033805,0.199570368229
S1,136,4,COMPLETED,1.38983414006,0.00275465485629,0.151418719269,0.110796802679,0.202545954259
S1,136,4,COMPLETED,1.40796717696,0.00299882581476,0.150262438726,0.108738615929,0.205526088327
S1,136,4,COMPLETED,1.42558076482,0.00309333312247,0.151390484109,0.108317608577,0.208510856799
S1,136,4,COMPLETED,1.4428885435,0.0033483440941,0.155160236165,0.110867547296,0.211500347115
S1,136,4,COMPLETED,1.46026557763,0.00344388700007,0.156508102637,0.112517474148,0.214494647826
S1,136,4,COMPLETED,1.47792354095,0.00351454994231,0.160607558651,0.11642655544,0.217493848618
S1,136,4,COMPLETED,1.49525780354,0.00366756702345,0.157118836055,0.112523463074,0.220498040345
S1,136,4,COMPLETED,1.51201238389,0.00375082084294,0.160337775035,0.114839050843,0.223507315062
S1,136,4,COMPLETED,1.52912713146,0.00383856202133,0.161044952208,0.115307340479,0.226521766055
S1,136,4,COMPLETED,1.54606291749,0.00400349263058,0.16558129109,0.117428870078,0.229541487874
S1,136,4,COMPLETED,1.56288511169,0.00416329685068,0.161846345623,0.115075557357,0.232566576374
S1,136,4,COMPLETED,1.5792134192,0.00425499904014,0.169862107668,0.121443776301,0.23559712874
S1,136,4,COMPLETED,1.59540210056,0.00441829718808,0.171740271223,0.123328298931,0.238633243534
S1,136,4,COMPLETED,1.61152614537,0.00459713403365,0.173029849116,0.124199132724,0.241675020725
S1,136,4,COMPLETED,1.62795042888,0.00461642035382,0.169989357596,0.121491137961,0.244722561733
S1,136,4,COMPLETED,1.64358942512,0.00475797903317,0.176060030775,0.126393078495,0.247775969464
S1,136,4,COMPLETED,1.6591195806,0.00494567806112,0.174788473638,0.122736739498,0.250835348357
S1,136,4,COMPLETED,1.67456637934,0.00488193335239,0.173486196292,0.121753880735,0.25390080442
S1,136,4,COMPLETED,1.69012659552,0.0049933872603,0.179274113083,0.127583699149,0.256972445282
S1,136,4,COMPLETED,1.70484111039,0.00528332667179,0.180964994627,0.128444896841,0.260050380229
S1,136,4,COMPLETED,1.71931962662,0.00525926509118,0.178530796981,0.128994920464,0.263134720257
S1,136,4,COMPLETED,1.73420768124,0.00535033522623,0.182974825588,0.132756668007,0.266225578119
S1,136,4,COMPLETED,1.74883796398,0.0055062530857,0.185192440906,0.133152409384,0.269323068373
S1,136,4,COMPLETED,1.76265588479,0.0055086195161,0.185201687213,0.133522747027,0.272427307434
S1,136,4,COMPLETED,1.77647711187,0.00564236928906,0.189904632322,0.136480084382,0.27553841363
S1,136,4,COMPLETED,1.79016577889,0.00580933462846,0.192758984601,0.138623037481,0.278656507251
S1,136,4,COMPLETED,1.80322584353,0.00580383861965,0.189645849353,0.136619371532,0.281781710611
S1,136,4,COMPLETED,1.81632746828,0.00590005901485,0.195793196416,0.139951699656,0.284914148105
S1,136,4,COMPLETED,1.8291810138,0.00596554500051,0.18874938434,0.138405490418,0.288053946267
S1,136,4,COMPLETED,1.84173911284,0.00599246832046,0.201503388314,0.146552747176,0.291201233837
S1,136,4,COMPLETED,1.85317039858,0.00600097440967,0.194020992347,0.141820488152,0.294356141823
S1,136,4,COMPLETED,1.8645788275,0.00605353306418,0.203027929777,0.147403241628,0.297518803569
S1,136,4,COMPLETED,1.87656629776,0.00615008667766,0.201673757446,0.146083946833,0.300689354826
S1,136,4,COMPLETED,1.8879758889,0.00627301201799,0.205029646754,0.148188642245,0.303867933821
S1,136,4,COMPLETED,1.89784104874,0.00625711514762,0.201675821015,0.146650370427,0.307054681334
S1,136,4,COMPLETED,1.90760022913,0.00631317554098,0.210130296792,0.152568455986,0.310249740775
S1,136,4,COMPLETED,1.91819638908,0.0065275670763,0.210763164449,0.155741766258,0.313453258265
S1,136,4,COMPLETED,1.9281744998,0.00654041593047,0.214718303464,0.158159262888,0.316665382717
S1,136,4,COMPLETED,1.93687496388,0.00640919767981,0.203261580977,0.151702434807,0.319886265925
S1,136,4,COMPLETED,1.94489621239,0.00634868280519,0.21918334477,0.161512964012,0.323116062654
S1,136,4,COMPLETED,1.95282009239,0.00643170081619,0.215774110684,0.158702942876,0.326354930728
S1,136,4,COMPLETED,1.96067537379,0.00641610397434,0.211097152509,0.153518754327,0.329603031133
S1,136,4,COMPLETED,1.96859909177,0.00639335792029,0.225172542835,0.16136018695,0.332860528117
S1,136,4,COMPLETED,1.97594935128,0.00647364168147,0.22334643623,0.162350623776,0.336127589288
S1,136,4,COMPLETED,1.98271177323,0.00653366456151,0.218764803302,0.160017256902,0.33940438573
S1,136,4,COMPLETED,1.98793273815,0.00646456230732,0.220885487205,0.161198293372,0.342691092113
S1,136,4,COMPLETED,1.99262066533,0.00644289130738,0.231467252024,0.169101724313,0.345987886811
S1,136,4,COMPLETED,1.99632189442,0.00643131686078,0.227029360434,0.169785071558,0.349294952021
S1,136,4,COMPLETED,1.99945276364,0.00639860284686,0.233866767654,0.173022116007,0.352612473898
S1,136,4,COMPLETED,2.00201273336,0.00627779607239,0.226227508542,0.170550436232,0.35594064268
S1,136,4,COMPLETED,2.00387831892,0.00626552776873,0.236865519427,0.175611271507,0.35927965283
S1,136,4,COMPLETED,2.00514146456,0.00619507288806,0.243705272081,0.179162257156,0.362629703181
S1,136,4,COMPLETED,2.00580785689,0.00611017510385,0.232361310062,0.17296266365,0.365990997085
S1,136,4,COMPLETED,2.00598507442,0.00606229568744,0.2488032689,0.182242944288,0.369363742568
S1,136,4,COMPLETED,2.00611343259,0.00611343259126,0.247458764752,0.181264299165,0.372748152498
S1,136,4,COMPLETED,2.00604415064,0.00604415064399,0.246742201024,0.180245598176,0.376144444753
S1,136,4,COMPLETED,2.00611150072,0.00611150071846,0.241508217138,0.177917007414,0.379552842401
S1,136,4,COMPLETED,2.00618562929,0.00618562929325,0.248092501944,0.184204000039,0.382973573887
S1,136,4,COMPLETED,2.00639772328,0.00639772328086,0.251764385251,0.186715159257,0.386406873226
S1,136,4,COMPLETED,2.00641802909,0.00641802908861,0.23696196532,0.177499338,0.38985298021
S1,136,4,COMPLETED,2.00658401367,0.00658401366741,0.249638620114,0.185404545936,0.39331214062
S1,136,4,COMPLETED,2.0067328546,0.00673285459675,0.250306632784,0.186268492162,0.396784606453
S1,136,4,COMPLETED,2.00696741747,0.00696741746642,0.243352803149,0.183389922619,0.400270636151
S1,136,4,COMPLETED,2.00702911048,0.00702911047986,0.251616772691,0.185422787291,0.403770494852
S1,136,4,COMPLETED,2.00699205065,0.00699205064755,0.262985348937,0.193625800066,0.407284454646
S1,136,4,COMPLETED,2.00726315408,0.0072631540831,0.268336777747,0.198329995717,0.410812794845
S1,136,4,COMPLETED,2.00741341561,0.00741341561039,0.273378078692,0.203313442153,0.414355802266
S1,136,4,COMPLETED,2.00737425786,0.00737425786135,0.275592478381,0.206195622029,0.417913771533
S1,136,4,COMPLETED,2.00715155102,0.00715155102182,0.273916318217,0.20575470306,0.421487005386
S1,136,4,COMPLETED,2.00699633743,0.00699633742794,0.27733209949,0.209679265845,0.425075815013
S1,136,4,COMPLETED,2.00718990297,0.00718990297479,0.289790890262,0.218195229395,0.428680520396
S1,136,4,COMPLETED,2.00699871996,0.0069987199591,0.29870858204,0.22412879049,0.432301450678
S1,136,4,COMPLETED,2.0067217678,0.00672176780239,0.293951066711,0.224653511356,0.435938944541
S1,136,4,COMPLETED,2.00650546055,0.00650546054573,0.299148269159,0.22769505989,0.439593350621
S1,136,4,COMPLETED,2.00684465365,0.00684465364653,0.309563408577,0.234310417816,0.443265027926
S1,136,4,COMPLETED,2.00686107593,0.00686107592527,0.302195642246,0.229497832631,0.446954346293
S1,136,4,COMPLETED,2.00691870024,0.00691870024373,0.300401665789,0.22728882441,0.450661686861
S1,136,4,COMPLETED,2.00703391617,0.0070339161699,0.319601419631,0.240258768637,0.454387442576
S1,136,4,COMPLETED,2.00734443481,0.00734443480688,0.320342999713,0.241914475087,0.45813201872
S1,136,4,COMPLETED,2.00787599452,0.00787599451672,0.316422692306,0.241815989967,0.461895833477
S1,136,4,COMPLETED,2.00841279567,0.00841279566799,0.318508316262,0.241022983853,0.465679318531
S1,136,4,COMPLETED,2.00908567833,0.00908567833112,0.327403179552,0.247691130677,0.469482919689
S1,136,4,COMPLETED,2.00961826346,0.00961826346262,0.324071109235,0.248447333533,0.473307097562
S1,136,4,COMPLETED,2.0103841187,0.0103841187014,0.326879343619,0.248863838849,0.477152328268
S1,136,4,COMPLETED,2.01145010504,0.011450105038,0.324501757107,0.250389421441,0.481019104189
S1,136,4,COMPLETED,2.01226072491,0.0122607249074,0.320329496596,0.249387056913,0.484907934776
S1,136,4,COMPLETED,2.01297526678,0.0129752667836,0.321851522938,0.250699643581,0.4888193474
S1,136,4,COMPLETED,2.01370816946,0.0137081694634,0.320344692827,0.251913181526,0.492753888265
S1,136,4,COMPLETED,2.01456842165,0.0145684216457,0.325041845161,0.257118589441,0.496712123371
S1,136,4,COMPLETED,2.01577924019,0.0157792401931,0.330417532323,0.260287604594,0.500694639556
S1,136,4,COMPLETED,2.01690468257,0.0169046825721,0.315991310481,0.24820471252,0.504702045593
S1,136,4,COMPLETED,2.01829972026,0.0182997202595,0.300368541436,0.234262873865,0.508734973373
S1,136,4,COMPLETED,2.01892824127,0.0189282412667,0.320970852044,0.244755104072,0.512794079169
S1,136,4,COMPLETED,2.01909814648,0.0190981464791,0.318365848502,0.243482695076,0.516880044982
S1,136,4,COMPLETED,2.01954725436,0.0195472543637,0.313283926433,0.242039417175,0.520993579997
S1,136,4,COMPLETED,2.01981502522,0.0198150252186,0.317951381713,0.24623242794,0.525135422133
S1,136,4,COMPLETED,2.02001417795,0.0200141779473,0.322394508974,0.249552846646,0.529306339717
S1,136,4,COMPLETED,2.01855857437,0.0185585743737,0.352339287441,0.265356330601,0.53350713328
S1,136,4,COMPLETED,2.01685137753,0.0168513775323,0.361027574185,0.273436341431,0.537738637496
S1,136,4,COMPLETED,2.0127190307,0.0127190306972,0.388141822732,0.287245182195,0.542001723264
S1,136,4,COMPLETED,2.01281093064,0.0128109306408,0.399501015204,0.289176312817,0.546297299967
S1,136,4,COMPLETED,2.01238110416,0.0123811041571,0.422056148254,0.298934734296,0.550626317905
S1,136,4,COMPLETED,2.01049573238,0.0104957323792,0.405558739506,0.288135584119,0.554989770937
S1,136,4,COMPLETED,2.00845458951,0.00845458950918,0.426106834814,0.301990086631,0.559388699335
S1,136,4,COMPLETED,2.0070441143,0.00704411430142,0.428224124382,0.308847450106,0.563824192894
S1,136,4,COMPLETED,2.00661219751,0.00661219751463,0.44257840887,0.320995021346,0.568297394304
S1,136,4,COMPLETED,2.00660367573,0.00660367573003,0.433571919839,0.314914283751,0.57280950283
S1,136,4,COMPLETED,2.00660119235,0.00660119235108,0.442050337487,0.318640878252,0.577361778321
S1,136,4,COMPLETED,2.00688636455,0.0068863645541,0.432749923379,0.308724620723,0.581955545591
S1,136,4,COMPLETED,2.0069505645,0.00695056450033,0.453385441263,0.320420330692,0.586592199222
S1,136,4,COMPLETED,2.00728131035,0.00728131035433,0.463029844774,0.33223977942,0.591273208818
S1,136,4,COMPLETED,2.00794479097,0.00794479097281,0.46162397906,0.336221491376,0.596000124792
S1,136,4,COMPLETED,2.00869227245,0.00869227245093,0.452239545097,0.327217674387,0.600774584726
S1,136,4,COMPLETED,2.0098667433,0.00986674330037,0.450872498399,0.329358169968,0.605598320398
S1,136,4,COMPLETED,2.01095076842,0.0109507684242,0.461268751384,0.335609505308,0.610473165542
S1,136,4,COMPLETED,2.01187166029,0.0118716602873,0.4560758264,0.333378532688,0.615401064452
S1,136,4,COMPLETED,2.01303504375,0.0130350437531,0.46404902848,0.343504078137,0.620384081545
S1,136,4,COMPLETED,2.01432914061,0.0143291406076,0.470969508714,0.350795899931,0.625424411999
S1,136,4,COMPLETED,2.01546556834,0.0154655683424,0.473680286542,0.357458949173,0.630524393641
S1,136,4,COMPLETED,2.01666277506,0.016662775059,0.469796085676,0.35488362875,0.635686520252
S1,136,4,COMPLETED,2.01826605022,0.0182660502191,0.460285367277,0.34782977376,0.640913456509
S1,136,4,COMPLETED,2.0197378496,0.0197378495996,0.471257420248,0.356795954303,0.64620805481
S1,136,4,COMPLETED,2.02102226046,0.0210222604613,0.47624695114,0.362852706387,0.65157337429
S1,136,4,COMPLETED,2.02236323129,0.0223632312885,0.49065623474,0.374636890843,0.657012702374
S1,136,4,COMPLETED,2.02381182033,0.0238118203309,0.486902492563,0.371475671342,0.662529579302
S1,136,4,COMPLETED,2.02535938201,0.025359382011,0.49657500573,0.381008315691,0.66812782614
S1,136,4,COMPLETED,2.02716426906,0.0271642690573,0.492329948065,0.376554771996,0.673811576894
S1,136,4,COMPLETED,2.02879781106,0.0287978110565,0.4895304454,0.375535074584,0.679585315501
S1,136,4,COMPLETED,2.03021881039,0.0302188103884,0.493715458498,0.377850667026,0.685453918603
S1,136,4,COMPLETED,2.03163829909,0.0316382990906,0.498027616339,0.380961612597,0.69142270529
S1,136,4,COMPLETED,2.03185493402,0.031854934015,0.558431805555,0.402450891111,0.697497495197
S1,136,4,COMPLETED,2.0345669216,0.0345669215977,0.624706502737,0.432811792737,0.703684676779
S1,136,4,COMPLETED,2.0358568587,0.0358568587002,0.677802754427,0.453074535646,0.709991287994
S1,136,4,COMPLETED,2.03764922109,0.0376492210853,0.724107385511,0.478119325166,0.716425112277
S1,136,4,COMPLETED,2.03797473879,0.0379747387871,0.726914865757,0.485559223155,0.722994793487
S1,136,4,COMPLETED,2.03223119802,0.0322311980216,0.789361166751,0.514705929383,0.729709974608
S1,136,4,COMPLETED,2.03614899537,0.0361489953735,0.843168394238,0.551929608304,0.736581466482
S1,136,4,COMPLETED,2.03599743095,0.0359974309462,0.867983661008,0.557692026545,0.743621454895
S1,136,4,COMPLETED,2.03128159956,0.031281599557,0.912911217831,0.58316791577,0.750843757211
S1,136,4,COMPLETED,2.02788030724,0.0278803072379,0.916349770253,0.591897820014,0.758264143798
S1,136,4,COMPLETED,2.02164248506,0.021642485055,0.938500588353,0.602217610976,0.765900745391
S1,136,4,COMPLETED,2.0134587343,0.0134587342954,0.950316559411,0.609393100861,0.773774576099
S1,136,4,COMPLETED,2.00722000538,0.00722000537804,0.941188019257,0.607198102986,0.781910214797
S1,136,4,COMPLETED,2.00173287582,0.00173287581664,0.972028515555,0.607037982667,0.790336707451
S1,136,4,COMPLETED,1.99911974951,0.000880250493248,0.951894930978,0.59323713345,0.799088784408
S1,136,4,COMPLETED,1.99553329846,0.00446670154484,0.992168189419,0.619118993545,0.808208537655
S1,136,4,COMPLETED,1.99501364768,0.00498635232342,1.00320991098,0.626764344359,0.817747788875
S1,136,4,COMPLETED,1.99464053783,0.00535946216704,1.05589028289,0.641047419067,0.82777152908
S1,136,4,COMPLETED,1.99267374352,0.00732625648018,1.03946396862,0.635274346966,0.83836308499
S1,136,4,COMPLETED,1.99354133201,0.00645866798653,1.02550910757,0.625336403438,0.849632196971
S1,136,4,COMPLETED,1.99340825943,0.00659174056692,1.09793342376,0.651010110446,0.861728284294
S1,136,4,COMPLETED,1.9925151956,0.00748480440024,1.09572952609,0.660016336617,0.874863605951
S1,136,4,COMPLETED,1.99186158354,0.00813841645974,1.12908233484,0.667032168405,0.889357020628
S1,136,4,COMPLETED,1.99243899645,0.00756100354843,1.09982516794,0.646523196643,0.905725893618
S1,136,4,COMPLETED,1.99164773742,0.00835226258344,1.10018576319,0.64964244721,0.924910377212
S1,136,4,COMPLETED,1.99278853912,0.00721146088443,1.1317473728,0.668660398661,0.947931757525
S1,136,4,COMPLETED,1.99302465711,0.0069753428875,1.15995127127,0.692192877591,0.975557413901
S1,136,4,COMPLETED,1.99303420565,0.00696579435204,1.14913713552,0.685666638415,1.00870820155
S1,136,4,COMPLETED,1.99268856891,0.00731143109141,1.12649416069,0.661964982143,1.04848914673
S1,136,4,COMPLETED,1.99202607567,0.00797392432784,1.05454500242,0.613011511931,1.0856879986
S1,136,4,COMPLETED,1.99294344432,0.00705655567721,1.03053239179,0.599958196183,1.10678138008
S1,136,4,COMPLETED,1.99229742261,0.00770257739187,0.985368916998,0.57707591038,1.12373634393
S1,136,4,COMPLETED,1.99302406395,0.00697593604777,0.947451420196,0.550709872153,1.13839164303
S1,136,4,COMPLETED,1.99214160193,0.00785839807374,0.897250764446,0.524987200911,1.15151576153
S1,136,4,COMPLETED,1.99242610432,0.00757389568483,0.875645055192,0.509112769307,1.16352192026
S1,136,4,COMPLETED,1.9931918995,0.00680810049915,0.820123947749,0.486531381976,1.17466394746
S1,136,4,COMPLETED,1.99365869576,0.00634130423755,0.815962730111,0.481437070929,1.18511146422
S1,136,4,COMPLETED,1.9931898986,0.00681010140465,0.776451927328,0.458801000305,1.19498466427
S1,136,4,COMPLETED,1.99317766865,0.00682233134873,0.741298552314,0.443230545286,1.20437249061
S1,136,4,COMPLETED,1.99366066082,0.00633933918222,0.721728040082,0.430901099699,1.21334299938
S1,136,4,COMPLETED,1.99468658173,0.00531341827099,0.712168064751,0.42174278234,1.2219496702
S1,136,4,COMPLETED,1.99866878719,0.00133121281112,0.677646234827,0.408010327909,1.23023545133
S1,136,4,COMPLETED,1.99714031526,0.00285968473715,0.63716667435,0.387534938397,1.23823546281
S1,136,4,COMPLETED,1.99866203079,0.00133796921223,0.635898129181,0.375236099257,1.24597886573
S1,136,4,COMPLETED,2.0022583419,0.00225834189501,0.584042535074,0.353100487231,1.25349019262
S1,136,4,COMPLETED,2.00581551596,0.00581551596498,0.556451289775,0.343719592556,1.26079031784
S1,136,4,COMPLETED,2.01073395351,0.0107339535141,0.512747831704,0.332239627321,1.26789718051
S1,136,4,COMPLETED,2.01407933639,0.014079336393,0.511290872762,0.335227936358,1.27482633318
S1,136,4,COMPLETED,2.01929101323,0.0192910132261,0.476708088201,0.32409111686,1.28159136498
S1,136,4,COMPLETED,2.02758217616,0.0275821761624,0.435410517946,0.302592060109,1.28820423279
S1,136,4,COMPLETED,2.03540912379,0.0354091237931,0.387792194252,0.280926693507,1.29467552378
S1,136,4,COMPLETED,2.0385131551,0.0385131550994,0.368471054725,0.266776540156,1.3010146659
S1,136,4,COMPLETED,2.0386000614,0.038600061398,0.345037578167,0.250345292568,1.30723009845
S1,136,4,COMPLETED,2.03912321324,0.0391232132422,0.337377647448,0.247071318548,1.31332941173
S1,136,4,COMPLETED,2.0397000218,0.0397000218016,0.329490128651,0.242382559657,1.31931946214
S1,136,4,COMPLETED,2.04065385493,0.0406538549253,0.316967530262,0.235088699641,1.32520646802
S1,136,4,COMPLETED,2.04137894031,0.0413789403098,0.306792244839,0.227056659027,1.33099608995
S1,136,4,COMPLETED,2.04124269878,0.0412426987755,0.298318339709,0.220341310521,1.33669349848
S1,136,4,COMPLETED,2.0403675986,0.0403675986006,0.286319633499,0.215605889112,1.34230343163
S1,136,4,COMPLETED,2.03980592487,0.0398059248746,0.277475784369,0.21082320864,1.34783024396
S1,136,4,COMPLETED,2.03947884165,0.03947884165,0.261942103322,0.202582353089,1.35327794878
S1,136,4,COMPLETED,2.03940751863,0.0394075186315,0.255515740844,0.197214021642,1.35865025446
S1,136,4,COMPLETED,2.03911183793,0.0391118379347,0.256934925653,0.198365541163,1.363950596
S1,136,4,COMPLETED,2.03854472712,0.038544727117,0.263609099506,0.206353300199,1.36918216248
S1,136,4,COMPLETED,2.03802716593,0.0380271659274,0.257345108621,0.203346691128,1.37434792105
S1,136,4,COMPLETED,2.03725078361,0.0372507836084,0.251704470485,0.200469549104,1.379450638
S1,136,4,COMPLETED,2.03664841109,0.0366484110856,0.248366221044,0.197544539513,1.38449289738
S1,136,4,COMPLETED,2.03631640026,0.0363164002608,0.241908068325,0.192123206426,1.38947711736
S1,136,4,COMPLETED,2.03574791123,0.035747911228,0.223003670963,0.176977209655,1.39440556479
S1,136,4,COMPLETED,2.035279588,0.0352795879967,0.229504722563,0.179349085413,1.39928036822
S1,136,4,COMPLETED,2.03479033261,0.0347903326114,0.219352371127,0.173996067005,1.40410352941
S1,136,4,COMPLETED,2.03443978722,0.0344397872164,0.215325791607,0.173722321214,1.40887693369
S1,136,4,COMPLETED,2.03417818425,0.0341781842472,0.214359158882,0.174526146712,1.41360235927
S1,136,4,COMPLETED,2.03355135828,0.0335513582775,0.214817000998,0.173665168373,1.41828148559
S1,136,4,COMPLETED,2.03308335174,0.0330833517399,0.218146766039,0.17404290764,1.42291590085
S1,136,4,COMPLETED,2.03262415372,0.032624153721,0.215056172804,0.16900009532,1.42750710882
S1,136,4,COMPLETED,2.03229886742,0.0322988674151,0.203449624484,0.162038937405,1.43205653503
S1,136,4,COMPLETED,2.03220941947,0.0322094194728,0.202499788075,0.161502212732,1.43656553237
S1,136,4,COMPLETED,2.0321883605,0.0321883604962,0.205782118086,0.163763416444,1.44103538619
S1,136,4,COMPLETED,2.03211271936,0.0321127193615,0.210084700345,0.166645397038,1.44546731893
S1,136,4,COMPLETED,2.03163425797,0.0316342579663,0.212283252556,0.168203875028,1.44986249441
S1,136,4,COMPLETED,2.03133471799,0.0313347179864,0.211283895854,0.169777742117,1.45422202167
S1,136,4,COMPLETED,2.03118565869,0.0311856586852,0.221425178597,0.177975554831,1.45854695854
S1,136,4,COMPLETED,2.03129973537,0.0312997353716,0.219559330594,0.177789743857,1.46283831493
S1,136,4,COMPLETED,2.03141682093,0.0314168209291,0.220324385143,0.181087553748,1.46709705583
S1,136,4,COMPLETED,2.0305658291,0.030565829104,0.260808122525,0.191857895896,1.47132410404
S1,136,4,COMPLETED,2.03138516832,0.0313851683211,0.295415997443,0.207001913583,1.47552034278
S1,136,4,COMPLETED,2.03127322787,0.0312732278704,0.314300929005,0.214431022241,1.479686618
S1,136,4,COMPLETED,2.03134805317,0.0313480531658,0.328124441348,0.221051798567,1.48382374059
S1,136,4,COMPLETED,2.03159914141,0.0315991414104,0.335076390436,0.226965405782,1.48793248839
S1,136,4,COMPLETED,2.03097891889,0.0309789188876,0.352789930526,0.239345090946,1.49201360804
S1,136,4,COMPLETED,2.03193862722,0.0319386272215,0.335941605618,0.235123943577,1.49606781677
S1,136,4,COMPLETED,2.03208768042,0.032087680417,0.322802260928,0.231473977276,1.50009580398
S1,136,4,COMPLETED,2.0325438605,0.0325438604999,0.304577215218,0.227346301392,1.50409823272
S1,136,4,COMPLETED,2.03296306833,0.0329630683349,0.283616957291,0.218656119976,1.50807574117
S1,136,4,COMPLETED,2.0332683742,0.0332683742038,0.273667302335,0.217915286503,1.51202894387
S1,136,4,COMPLETED,2.03317656575,0.0331765657534,0.2565639752,0.203901583941,1.51595843297
S1,136,4,COMPLETED,2.03313521894,0.0331352189398,0.253582096467,0.198996770676,1.51986477937
S1,136,4,COMPLETED,2.03172538845,0.0317253884521,0.348224739192,0.21858125168,1.52374853381
S1,136,4,COMPLETED,2.03180744076,0.0318074407603,0.392568682821,0.239728673872,1.52761022784
S1,136,4,COMPLETED,2.03363612046,0.0336361204559,0.389232889452,0.24985904417,1.53145037474
S1,136,4,COMPLETED,2.03387625503,0.0338762550275,0.377238692437,0.251535818219,1.53526947046
S1,136,4,COMPLETED,2.03412314586,0.0341231458611,0.359151601837,0.249180222901,1.5390679944
S1,136,4,COMPLETED,2.0344129101,0.0344129100991,0.346217943864,0.24615906363,1.54284641019
S1,136,4,COMPLETED,2.03496441348,0.0349644134754,0.33447716728,0.244553417017,1.54660516643
S1,136,4,COMPLETED,2.03310017108,0.0331001710779,0.317559271524,0.240323535179,1.55034469739
S1,136,4,COMPLETED,2.03345162008,0.0334516200805,0.308460490708,0.236598282343,1.55406542362
S1,136,4,COMPLETED,2.0327170999,0.0327170998968,0.34515719541,0.246935515041,1.55776775262
S1,136,4,COMPLETED,2.03343717315,0.0334371731522,0.403830667398,0.26863747888,1.56145207935
S1,136,4,COMPLETED,2.03337534732,0.0333753473244,0.411677029786,0.272281773041,1.56511878681
S1,136,4,COMPLETED,2.03331582569,0.0333158256935,0.399823694565,0.271962818156,1.56876824657
S1,136,4,COMPLETED,2.03251115804,0.0325111580441,0.408215393194,0.276121495384,1.57240081923
S1,136,4,COMPLETED,2.03104507712,0.0310450771238,0.395881089574,0.279027106713,1.57601685487
S1,136,4,COMPLETED,2.03154408285,0.0315440828526,0.377139631998,0.271671002793,1.57961669353
S1,136,4,COMPLETED,2.02979506948,0.0297950694792,0.406746192229,0.290036336778,1.58320066558
S1,136,4,COMPLETED,2.02853961303,0.0285396130263,0.437118553281,0.309544950249,1.58676909216
S1,136,4,COMPLETED,2.03014597126,0.0301459712583,0.446037871052,0.30439948571,1.59032228548
S1,136,4,COMPLETED,2.02863957412,0.0286395741182,0.456068432318,0.312640842722,1.59386054925
S1,136,4,COMPLETED,2.02423888697,0.0242388869662,0.452738787679,0.314785171141,1.59738417897
S1,136,4,COMPLETED,2.02327258457,0.0232725845735,0.493266598462,0.333473608408,1.60089346225
S1,136,4,COMPLETED,2.02077463085,0.0207746308549,0.464855652143,0.327012994614,1.60438867915
S1,136,4,COMPLETED,2.0177389677,0.0177389676984,0.47200210087,0.333848927574,1.60787010243
S1,136,4,COMPLETED,2.01503019557,0.0150301955687,0.484703150587,0.33984008215,1.61133799783
S1,136,4,COMPLETED,2.01161744157,0.0116174415747,0.480470730815,0.342325711269,1.61479262434
S1,136,4,COMPLETED,2.00781097465,0.00781097464747,0.480324433753,0.339581821197,1.61823423447
S1,136,4,COMPLETED,2.00428028239,0.0042802823884,0.47084732542,0.337131245304,1.62166307445
S1,136,4,COMPLETED,2.00066173628,0.000661736283734,0.487866976386,0.34206026911,1.62507938447
S1,136,4,COMPLETED,1.99924282708,0.000626734247521,0.472196664918,0.328834029188,1.62848339893
S1,136,4,COMPLETED,1.99850996342,0.00122102546622,0.485282431518,0.336527434393,1.63187534659
S1,136,4,COMPLETED,1.99681856819,0.00257484343492,0.494797354037,0.341086993493,1.63525545081
S1,136,4,COMPLETED,1.99428821825,0.00426666179753,0.493737047101,0.347695485402,1.63862392972
S1,136,4,COMPLETED,1.99151881215,0.00556219325056,0.510534874021,0.355597981464,1.64198099643
S1,136,4,COMPLETED,1.98793135994,0.00721214249306,0.499107134461,0.351440783355,1.64532685914
S1,136,4,COMPLETED,1.98516821669,0.00796558767413,0.510099779178,0.355112096461,1.6486617214
S1,136,4,COMPLETED,1.9814542664,0.00862890799052,0.484450105936,0.345926295406,1.65198578216
S1,136,4,COMPLETED,1.97617561188,0.00983163850023,0.483410067354,0.345139964679,1.65529923601
S1,136,4,COMPLETED,1.97158787059,0.0105252086574,0.503289702796,0.350067678608,1.65860227329
S1,136,4,COMPLETED,1.96666577483,0.0113677436706,0.46827439188,0.334664465629,1.66189508024
S1,136,4,COMPLETED,1.96110106187,0.0122054006962,0.493489310483,0.349675818774,1.66517783911
S1,136,4,COMPLETED,1.95525793267,0.0128123724533,0.490257282942,0.352109017239,1.66845072831
S1,136,4,COMPLETED,1.94893194172,0.0135523620064,0.476853955369,0.348615550696,1.67171392254
S1,136,4,COMPLETED,1.94254519872,0.0143448923267,0.479699237994,0.349492629536,1.67496759289
S1,136,4,COMPLETED,1.93570969124,0.0154683396595,0.48794774572,0.351632382763,1.67821190697
S1,136,4,COMPLETED,1.92965649283,0.0154353999579,0.477320782755,0.346538310715,1.68144702901
S1,136,4,COMPLETED,1.92237183014,0.015851232561,0.466282786135,0.338450526629,1.68467311996
S1,136,4,COMPLETED,1.91384888896,0.0169601980636,0.459255074553,0.334054662089,1.68789033761
S1,136,4,COMPLETED,1.90657708428,0.0168010694659,0.469118273223,0.335852753398,1.69109883668
S1,136,4,COMPLETED,1.89694089847,0.0182402177559,0.482406013917,0.347621509775,1.69429876889
S1,136,4,COMPLETED,1.88828948918,0.0180459448116,0.458155192742,0.339364263938,1.69749028309
S1,136,4,COMPLETED,1.87962488144,0.0186410278241,0.468541413014,0.349255461193,1.70067352533
S1,136,4,COMPLETED,1.87072902649,0.0191998957883,0.449366258771,0.338814506452,1.70384863893
S1,136,4,COMPLETED,1.85989443664,0.0193354695618,0.448326393285,0.338322743379,1.70701576457
S1,136,4,COMPLETED,1.84885406825,0.0198354430195,0.440440442542,0.333127635684,1.7101750404
S1,136,4,COMPLETED,1.83726876691,0.020420408309,0.470659683212,0.344161132761,1.71332660204
S1,136,4,COMPLETED,1.82547940316,0.0211725139481,0.456658636024,0.338279968671,1.71647058275
S1,136,4,COMPLETED,1.81271142079,0.0218547630839,0.444595874767,0.32724533457,1.71960711342
S1,136,4,COMPLETED,1.7998121249,0.0221194574152,0.439868692283,0.325252603653,1.72273632266
S1,136,4,COMPLETED,1.78667010236,0.0225853366596,0.424894631471,0.324136057264,1.72585833689
S1,136,4,COMPLETED,1.77333825376,0.0232581524242,0.420983082521,0.321563883265,1.72897328038
S1,136,4,COMPLETED,1.76018635719,0.0237116507585,0.424985103791,0.32854169605,1.73208127532
S1,136,4,COMPLETED,1.74703083826,0.0240207079045,0.434430547676,0.330413742583,1.73518244186
S1,136,4,COMPLETED,1.73313001649,0.0244721792635,0.435516059664,0.329371281376,1.7382768982
S1,136,4,COMPLETED,1.71906486811,0.0249301195263,0.427795061607,0.3238286865,1.74136476062
S1,136,4,COMPLETED,1.7047356746,0.0252876204451,0.410804390711,0.313221797221,1.74444614353
S1,136,4,COMPLETED,1.69060021713,0.0257473058122,0.400962864134,0.311069602476,1.74752115955
S1,136,4,COMPLETED,1.67647765922,0.026126575693,0.390772619028,0.310250076108,1.75058991954
S1,136,4,COMPLETED,1.66133301103,0.0268375489215,0.40757651486,0.316622043364,1.75365253264
S1,136,4,COMPLETED,1.64591266695,0.0271900883603,0.424752439284,0.323623100041,1.75670910634
S1,136,4,COMPLETED,1.63000178848,0.0268520199838,0.417327389739,0.31879255391,1.75975974649
S1,136,4,COMPLETED,1.61567202446,0.0277431920621,0.403518285216,0.312535970079,1.7628045574
S1,136,4,COMPLETED,1.59931686485,0.0269400581036,0.393115823086,0.308269939028,1.76584364183
S1,136,4,COMPLETED,1.58319036944,0.0291668575304,0.387513226629,0.310622952182,1.76887710104
S1,136,4,COMPLETED,1.56787953975,0.0287533953446,0.38696762616,0.308040332785,1.77190503487
S1,136,4,COMPLETED,1.55145858098,0.0289022390841,0.410866151037,0.313098136205,1.77492754173
S1,136,4,COMPLETED,1.53447817431,0.0292451101392,0.396452638172,0.307047947632,1.77794471867
S1,136,4,COMPLETED,1.51662926409,0.0288460386925,0.387730290993,0.308127414243,1.78095666138
S1,136,4,COMPLETED,1.50064465268,0.0300018651478,0.379083887065,0.307484280848,1.78396346428
S1,136,4,COMPLETED,1.48329115484,0.0296424456952,0.37055202973,0.30102931822,1.78696522052
S1,136,4,COMPLETED,1.46606007875,0.0295311404745,0.407193457107,0.314793082372,1.789962022
S1,136,4,COMPLETED,1.44853693438,0.0293868929512,0.391926252377,0.307373482359,1.79295395943
S1,136,4,COMPLETED,1.42917645722,0.0286985101331,0.377537610784,0.297388759098,1.79594112237
S1,136,4,COMPLETED,1.41141435547,0.0297486622478,0.3643337153,0.290963873126,1.79892359921
S1,136,4,COMPLETED,1.39320999533,0.0296336211615,0.362897479361,0.293223992539,1.80190147727
S1,136,4,COMPLETED,1.37562527567,0.0293684081224,0.382108767484,0.300105999613,1.80487484278
S1,136,4,COMPLETED,1.35693458708,0.0289786846439,0.377757690648,0.299635020499,1.8078437809
S1,136,4,COMPLETED,1.33785304193,0.0284773845172,0.370656836095,0.298896260829,1.81080837579
S1,136,4,COMPLETED,1.31882978857,0.0292495129543,0.36870955851,0.299237111418,1.81376871063
S1,136,4,COMPLETED,1.30088860572,0.0286185587916,0.364902301672,0.297604715812,1.81672486761
S1,136,4,COMPLETED,1.28248893102,0.0286922829771,0.378793802412,0.30104523542,1.81967692798
S1,136,4,COMPLETED,1.26259274816,0.0281060535985,0.37344436606,0.301516884915,1.82262497208
S1,136,4,COMPLETED,1.24385737822,0.0282062278997,0.3691326394,0.299936849933,1.82556907936
S1,136,4,COMPLETED,1.22477110551,0.0281832474582,0.354391310418,0.287310824992,1.8285093284
S1,136,4,COMPLETED,1.20569908903,0.0273612945609,0.366519469836,0.29330488349,1.83144579693
S1,136,4,COMPLETED,1.18677963724,0.0272497002602,0.370891021268,0.300315578657,1.83437856185
S1,136,4,COMPLETED,1.16724965832,0.0274628614,0.363157585333,0.296849994413,1.83730769927
S1,136,4,COMPLETED,1.14763869285,0.0267597002036,0.357475414869,0.289580254867,1.84023328453
S1,136,4,COMPLETED,1.12839211386,0.0268039681495,0.361463029361,0.294273274518,1.8431553922
S1,136,4,COMPLETED,1.10776589847,0.0268246462131,0.370013323933,0.299295060855,1.8460740961
S1,136,4,COMPLETED,1.08888620006,0.0263226750375,0.369737815156,0.298448923994,1.84898946935
S1,136,4,COMPLETED,1.06954771953,0.0259913058877,0.364673510017,0.297011910166,1.85190158437
S1,136,4,COMPLETED,1.04935218139,0.0250936915032,0.359466526643,0.291011990304,1.8548105129
S1,136,4,COMPLETED,1.03017044999,0.0248647123882,0.372543052278,0.30193450052,1.85771632601
S1,136,4,COMPLETED,1.01123342997,0.0251487563077,0.361967247839,0.294816291108,1.86061909415
S1,136,4,COMPLETED,0.99218048647,0.0245268241075,0.357033102008,0.290556145683,1.86351888711
S1,136,4,COMPLETED,0.974321535402,0.0239060419017,0.370952801046,0.302516368506,1.86641577412
S1,136,4,COMPLETED,0.955889519439,0.0236449537418,0.360177634923,0.293992582112,1.86930982378
S1,136,4,COMPLETED,0.937380207419,0.0235053907241,0.355878875454,0.290357782557,1.87220110415
S1,136,4,COMPLETED,0.919302929053,0.0238141934124,0.366332277678,0.296425645678,1.8750896827
S1,136,4,COMPLETED,0.901479120967,0.0237111366044,0.369350238716,0.301598251999,1.87797562639
S1,136,4,COMPLETED,0.88404862518,0.0233060157434,0.363661318466,0.298686167763,1.88085900165
S1,136,4,COMPLETED,0.866893284114,0.0231579744087,0.361067571854,0.29205295658,1.8837398744
S1,136,4,COMPLETED,0.849223161834,0.022656132748,0.366299157816,0.297855595255,1.88661831005
S1,136,4,COMPLETED,0.831742105258,0.0219324171223,0.36812328033,0.300711155826,1.88949437356
S1,136,4,COMPLETED,0.81388972397,0.0222626234828,0.366066952816,0.294786704468,1.89236812941
S1,136,4,COMPLETED,0.797306650777,0.0218927715494,0.365653634972,0.29601480901,1.89523964165
S1,136,4,COMPLETED,0.779483659483,0.0216206829056,0.365347280026,0.297159622963,1.89810897386
S1,136,4,COMPLETED,0.762140677798,0.0211321385064,0.354493500359,0.288068354052,1.90097618924
S1,136,4,COMPLETED,0.746426096394,0.0219534390047,0.365208173582,0.292489755522,1.90384135055
S1,136,4,COMPLETED,0.732955572046,0.0207783874008,0.36309418551,0.29292372636,1.90670452019
S1,136,4,COMPLETED,0.719764683402,0.0202212456139,0.362481872614,0.293324439653,1.90956576015
S1,136,4,COMPLETED,0.707774310909,0.0204016207148,0.368473362409,0.291246278869,1.91242513208
S1,136,4,COMPLETED,0.696570871015,0.0196093290833,0.366142882807,0.294145597519,1.91528269725
S1,136,4,COMPLETED,0.685507577152,0.0196028262082,0.367974752278,0.29834239739,1.9181385166
S1,136,4,COMPLETED,0.67391166394,0.0195205748182,0.376869678156,0.297374914444,1.92099265076
S1,136,4,COMPLETED,0.662508205376,0.0188774262018,0.374015892055,0.293687151745,1.92384516001
S1,136,4,COMPLETED,0.652360079792,0.0181903006646,0.371624391943,0.299322505301,1.92669610436
S1,136,4,COMPLETED,0.640977695938,0.0181635554502,0.37569420746,0.300813868792,1.9295455435
S1,136,4,COMPLETED,0.628503385128,0.0179811941359,0.382236826778,0.29765432595,1.93239353686
S1,136,4,COMPLETED,0.615483199555,0.0170547002245,0.379567154979,0.297448178533,1.93524014359
S1,136,4,COMPLETED,0.602825815481,0.0169614096555,0.372791087993,0.298542595059,1.93808542258
S1,136,4,COMPLETED,0.589255605102,0.0164581167603,0.381852755358,0.297132342761,1.9409294325
S1,136,4,COMPLETED,0.575695578603,0.015786396579,0.382824061727,0.29877977397,1.94377223176
S1,136,4,COMPLETED,0.562028829563,0.0153596833517,0.374733885846,0.29801352479,1.94661387856
S1,136,4,COMPLETED,0.547758645115,0.0150518440875,0.371528019701,0.292420889458,1.94945443088
S1,136,4,COMPLETED,0.532631752281,0.014499210027,0.380558213889,0.296381978983,1.9522939465
S1,136,4,COMPLETED,0.517831651784,0.0138765777146,0.380236655872,0.294435620874,1.95513248302
S1,136,4,COMPLETED,0.502631836958,0.013646466831,0.381896551647,0.301301009344,1.95797009786
S1,136,4,COMPLETED,0.486446681111,0.0126478695726,0.388905312606,0.299253611836,1.96080684826
S1,136,4,COMPLETED,0.470646401303,0.0125169208334,0.395429796734,0.300323355558,1.96364279131
S1,136,4,COMPLETED,0.453904755476,0.0117476986813,0.396681657502,0.301258722742,1.96647798397
S1,136,4,COMPLETED,0.437604476989,0.0113228726491,0.376927220458,0.295515894309,1.96931248302
S1,136,4,COMPLETED,0.420512384673,0.0106145943616,0.394514665202,0.299656475046,1.97214634516
S1,136,4,COMPLETED,0.403727719977,0.0100845037184,0.407788219242,0.305929234505,1.97497962695
S1,136,4,COMPLETED,0.386380276737,0.00935821612829,0.392163445935,0.297144956923,1.97781238484
S1,136,4,COMPLETED,0.368647219001,0.00899679795411,0.381866965528,0.296176461221,1.98064467521
S1,136,4,COMPLETED,0.351091926092,0.00855920604601,0.402889579945,0.305011667991,1.98347655433
S1,136,4,COMPLETED,0.333759417823,0.00790519957041,0.410617230828,0.306861930143,1.9863080784
S1,136,4,COMPLETED,0.316333931047,0.00688523244074,0.410321024263,0.302480201188,1.98913930356
S1,136,4,COMPLETED,0.299577048665,0.00647309246844,0.38708872237,0.296242774848,1.9919702859
S1,136,4,COMPLETED,0.28292734673,0.00614119776716,0.403311920572,0.30510103007,1.99480108145
S1,136,4,COMPLETED,0.266674921136,0.00519461224927,0.418046988776,0.306139745892,1.99763174622
S1,136,4,COMPLETED,0.2541232639,0.00487914324462,0.420624693272,0.306979258574,2
baseline,68,4,COMPLETED,0,0,0.0013625849643,0.00108582158143,0
baseline,68,4,COMPLETED,8.78999881787e-06,3.28550750926e-11,0.00136258644472,0.00108582158746,1.2e-06
baseline,68,4,COMPLETED,1.9337997402e-05,1.58834525992e-10,0.00136259212966,0.00108582161095,2.64e-06
baseline,68,4,COMPLETED,3.19955957121e-05,4.34648731062e-10,0.00136260457967,0.00108582166252,4.368e-06
baseline,68,4,COMPLETED,4.71847137051e-05,9.45104046698e-10,0.00136262762389,0.00108582175807,6.4416e-06
baseline,68,4,COMPLETED,6.54116552252e-05,1.81598348458e-09,0.00136266694639,0.00108590207454,8.92992e-06
baseline,68,4,COMPLETED,8.72837657235e-05,3.01379021892e-09,0.00136273093586,0.00108616471202,1.1915904e-05
baseline,68,4,COMPLETED,0.000113529510042,4.19862802606e-09,0.00136283191525,0.00108669260661,1.54990848e-05
baseline,68,4,COMPLETED,0.000145022393435,4.38205241e-09,0.00136298791902,0.00108742130834,1.979890176e-05
baseline,68,4,COMPLETED,0.00018280931591,1.17526447218e-09,0.00136322525879,0.00108829596827,2.4958682112e-05
baseline,68,4,COMPLETED,0.000228146614033,8.08253998872e-09,0.00136358222233,0.00108934587387,3.11504185344e-05
baseline,68,4,COMPLETED,0.000282541114309,2.71469176284e-08,0.00136411439882,0.00109060621232,3.85805022413e-05
baseline,68,4,COMPLETED,0.000347799717098,6.15068239879e-08,0.00136490233148,0.00109211926892,4.74966026895e-05
baseline,68,4,COMPLETED,0.000426088325177,1.19681651574e-07,0.00136606248937,0.00109393587351,5.81959232274e-05
baseline,68,4,COMPLETED,0.000520002805874,2.14470216642e-07,0.00136776294858,0.00109646111116,7.10351078729e-05
baseline,68,4,COMPLETED,0.000632654309945,3.64199448119e-07,0.00137024570667,0.00110014417072,8.64421294475e-05
baseline,68,4,COMPLETED,0.000767769939674,5.95814055919e-07,0.00137385824155,0.00110515819993,0.000104930555337
baseline,68,4,COMPLETED,0.000929813386191,9.48571247809e-07,0.00137909775501,0.00111190785782,0.000127116666404
baseline,68,4,COMPLETED,0.00112412817254,1.4797413236e-06,0.00138667242411,0.00112088044443,0.000153739999685
baseline,68,4,COMPLETED,0.00135712002072,2.26060700886e-06,0.00139758467798,0.00113318607293,0.000185687999622
baseline,68,4,COMPLETED,0.00163656542816,3.28140100545e-06,0.00141324149836,0.00114833151602,0.000224025599547
baseline,68,4,COMPLETED,0.00197183429796,4.48413815475e-06,0.00143559507651,0.0011697572626,0.000270030719456
baseline,68,4,COMPLETED,0.00237410376654,5.85426045638e-06,0.00146731250454,0.00119882378984,0.000325236863347
baseline,68,4,COMPLETED,0.00285675049031,7.393365946e-06,0.00151196429605,0.00123496506537,0.000391484236017
baseline,68,4,COMPLETED,0.00343581607475,9.08957541749e-06,0.00157420883236,0.00128489430982,0.00047098108322
baseline,68,4,COMPLETED,0.00413054462917,1.08997499139e-05,0.00165993805348,0.00135047345243,0.000566377299864
baseline,68,4,COMPLETED,0.00496410993908,1.26414918654e-05,0.00177634963145,0.00143740262262,0.000680852759837
baseline,68,4,COMPLETED,0.00596427310842,1.40720007328e-05,0.00193193481181,0.0015530472119,0.000818223311805
baseline,68,4,COMPLETED,0.00716430584087,1.48392854537e-05,0.00213641915252,0.00171763929969,0.000983067974166
baseline,68,4,COMPLETED,0.00860411506801,1.43936346008e-05,0.00240074115694,0.00194125904481,0.001180881569
baseline,68,4,COMPLETED,0.010331562896,1.18919826663e-05,0.00273473471941,0.00223944511907,0.0014182578828
baseline,68,4,COMPLETED,0.0124028028547,7.30362837301e-06,0.00315614553646,0.00261074120731,0.00170310945936
baseline,68,4,COMPLETED,0.0148832143068,2.16711313161e-06,0.0036812178451,0.00305332183778,0.00204493135123
baseline,68,4,COMPLETED,0.0178567349756,7.76918020719e-06,0.00433042620537,0.00359277968592,0.00245511762148
baseline,68,4,COMPLETED,0.0214278367016,1.04370760763e-05,0.00511103777557,0.00424491710867,0.00294734114577
baseline,68,4,COMPLETED,0.0257172584169,1.19352990049e-05,0.00606103368946,0.00503814723972,0.00353800937493
baseline,68,4,COMPLETED,0.0308710422135,1.73485998534e-05,0.00723312641247,0.00601297736435,0.00424681124991
baseline,68,4,COMPLETED,0.0370484086151,2.44321899577e-05,0.00871316368511,0.00730761511422,0.00509737349989
baseline,68,4,COMPLETED,0.0444867055516,1.8861703322e-05,0.0104811162101,0.00878914280066,0.00611804819987
baseline,68,4,COMPLETED,0.0534197481294,2.00939602097e-05,0.0124460402574,0.0103913701129,0.00734285783985
baseline,68,4,COMPLETED,0.0641147588534,2.20710329613e-05,0.0149201890623,0.0124277816905,0.00881262940781
baseline,68,4,COMPLETED,0.0769413346152,3.49447563663e-06,0.0177000796441,0.0146568494885,0.0105763552894
baseline,68,4,COMPLETED,0.0923206838917,1.57298360924e-05,0.0211502035559,0.0176006511832,0.0126928263473
baseline,68,4,COMPLETED,0.110768151175,1.07304468713e-05,0.025415866404,0.0211336325262,0.0152325916167
baseline,68,4,COMPLETED,0.132903621109,1.73896902597e-05,0.0308327549748,0.0258432399493,0.01828030994
baseline,68,4,COMPLETED,0.159361662519,0.000103017788338,0.0367958649923,0.0307876468394,0.0219375719281
baseline,68,4,COMPLETED,0.191172403093,2.67189482124e-07,0.0442285130279,0.0368561339748,0.0263262863137
baseline,68,4,COMPLETED,0.229403398635,0.000105884138073,0.0533933145653,0.0444578391588,0.0315927435764
baseline,68,4,COMPLETED,0.270626531489,9.01625352849e-06,0.0628684186805,0.0520274811506,0.0372633381857
baseline,68,4,COMPLETED,0.311839810454,1.86049543174e-05,0.0728664008791,0.060651330343,0.0429366676891
baseline,68,4,COMPLETED,0.352144438257,0.000351596988242,0.0827765984447,0.0687495264193,0.0486131869673
baseline,68,4,COMPLETED,0.393750121985,1.67138968626e-05,0.093653695739,0.077554108951,0.0542933531413
baseline,68,4,COMPLETED,0.434034971841,0.000288256109115,0.103581934473,0.0857982258143,0.0599776259092
baseline,68,4,COMPLETED,0.47531691884,8.60819377738e-05,0.112849028193,0.0932019004291,0.0656664678876
baseline,68,4,COMPLETED,0.515574793029,0.000294449326953,0.123116907786,0.101207253777,0.0713603449594
baseline,68,4,COMPLETED,0.556286086818,2.67368438799e-05,0.135709342059,0.112030560855,0.0770597266278
baseline,68,4,COMPLETED,0.597076548859,0.000268747170337,0.144722945198,0.118684913358,0.082765086378
baseline,68,4,COMPLETED,0.637874041654,0.000109864025393,0.15521294196,0.127006614886,0.0884769020468
baseline,68,4,COMPLETED,0.678177010277,0.000105293352706,0.166382192171,0.135843400429,0.0941956562008
baseline,68,4,COMPLETED,0.718511639905,9.04430285274e-05,0.17967503491,0.146668392882,0.0999218365258
baseline,68,4,COMPLETED,0.75865013493,0.000210707767529,0.189604838974,0.153818090884,0.105655936225
baseline,68,4,COMPLETED,0.798287207685,0.000142169636641,0.20179647414,0.163656881282,0.111398454432
baseline,68,4,COMPLETED,0.837903052082,0.0001885876118,0.21087971384,0.170929496173,0.117149896631
baseline,68,4,COMPLETED,0.877619114866,0.000358615206685,0.224935302341,0.180255225627,0.122910775099
baseline,68,4,COMPLETED,0.917614485331,0.000315848232788,0.235492878901,0.187909245764,0.128681609352
baseline,68,4,COMPLETED,0.957219152068,0.000433255258593,0.248983064387,0.199531231072,0.134462926622
baseline,68,4,COMPLETED,0.996587923004,0.000346738198771,0.260509735319,0.207820494725,0.140255262333
baseline,68,4,COMPLETED,1.03500441707,0.00059028813807,0.271599363717,0.216424891577,0.146059160615
baseline,68,4,COMPLETED,1.07344252193,0.000471033127221,0.28678771854,0.227675169615,0.151875174822
baseline,68,4,COMPLETED,1.11113870922,0.000560018547076,0.299913957782,0.237921719003,0.157703868081
baseline,68,4,COMPLETED,1.1496933184,0.00042760452706,0.312271879727,0.245202082357,0.163545813862
baseline,68,4,COMPLETED,1.1884163646,0.000452138847602,0.325184644663,0.254544379505,0.169401596569
baseline,68,4,COMPLETED,1.22651738369,0.000404333997567,0.337318710402,0.264988432658,0.175271812169
baseline,68,4,COMPLETED,1.26360029622,0.000321753197807,0.348879173427,0.272613906569,0.181157068833
baseline,68,4,COMPLETED,1.30016682653,0.000653004107582,0.365357294163,0.284014017737,0.187057987625
baseline,68,4,COMPLETED,1.33683564092,0.000383404872735,0.378539332781,0.293864338267,0.192975203212
baseline,68,4,COMPLETED,1.37272479919,0.000369833623741,0.391221686442,0.303431815231,0.198909364617
baseline,68,4,COMPLETED,1.40911115967,0.00026787563935,0.407387988161,0.314398608083,0.204861136007
baseline,68,4,COMPLETED,1.44440910054,0.000235809786483,0.416842212359,0.32015602373,0.210831197524
baseline,68,4,COMPLETED,1.47839883434,0.000473135160521,0.43086852153,0.332621087751,0.216820246159
baseline,68,4,COMPLETED,1.51297658975,0.00023309041013,0.448176644014,0.343563762485,0.222828996677
baseline,68,4,COMPLETED,1.5478159054,0.000183241286368,0.464650424722,0.35594838503,0.228858182589
baseline,68,4,COMPLETED,1.58175549218,0.000292086224294,0.476574277918,0.364249995253,0.234908557187
baseline,68,4,COMPLETED,1.61252732032,0.00020773117705,0.490721942538,0.373314809397,0.24098089463
baseline,68,4,COMPLETED,1.64420220998,0.000168415834212,0.505288588604,0.387585048068,0.247075991102
baseline,68,4,COMPLETED,1.67652394,0.000270207378266,0.51851838192,0.395283653818,0.253194666038
baseline,68,4,COMPLETED,1.70826379062,0.000389204901595,0.531490622783,0.403866715412,0.259337763424
baseline,68,4,COMPLETED,1.73643081598,0.00036530132708,0.550457668991,0.420234162518,0.265506153181
baseline,68,4,COMPLETED,1.76472022026,0.000442284513083,0.562628903196,0.425918090753,0.271700732641
baseline,68,4,COMPLETED,1.7919757482,0.000612983853454,0.579245810861,0.439565665731,0.277922428106
baseline,68,4,COMPLETED,1.81952837901,0.000655009131181,0.598525288934,0.455253688117,0.284172196534
baseline,68,4,COMPLETED,1.84391021618,0.000685658593151,0.606365089736,0.458796225047,0.290451027314
baseline,68,4,COMPLETED,1.86808710655,0.00095189848309,0.624180438205,0.47261215758,0.296759944184
baseline,68,4,COMPLETED,1.8905406078,0.00114414668376,0.633141527597,0.480312839086,0.303100007271
baseline,68,4,COMPLETED,1.91104954441,0.00120797372617,0.651791159673,0.494478988181,0.309472315285
baseline,68,4,COMPLETED,1.92786825913,0.00153086451615,0.664735624038,0.505888686793,0.315878007867
baseline,68,4,COMPLETED,1.94542052834,0.00189787538034,0.681299545878,0.520454356349,0.322318268117
baseline,68,4,COMPLETED,1.9617537265,0.00229998358143,0.700308287167,0.533374139358,0.328794325313
baseline,68,4,COMPLETED,1.97587153355,0.00240691142701,0.714866505529,0.543353132589,0.335307457833
baseline,68,4,COMPLETED,1.98408499754,0.00294919213533,0.727419852406,0.555519804763,0.341858996316
baseline,68,4,COMPLETED,1.98885866139,0.00342064552188,0.75021007453,0.576195276999,0.34845032707
baseline,68,4,COMPLETED,1.99156688993,0.00383004385109,0.761353280702,0.581096873565,0.355082895764
baseline,68,4,COMPLETED,1.99355252602,0.00408515077573,0.7726859784,0.590201065764,0.361758211422
baseline,68,4,COMPLETED,1.99478041936,0.00459168505583,0.793354791966,0.616672828881,0.368477850756
baseline,68,4,COMPLETED,1.99446676325,0.00549431750282,0.808135635837,0.630171588258,0.375243462883
baseline,68,4,COMPLETED,1.99418736582,0.00581263418367,0.816761244909,0.636504574443,0.38205677445
baseline,68,4,COMPLETED,1.99393681133,0.00606318866948,0.82846054569,0.642718642118,0.388919595224
baseline,68,4,COMPLETED,1.99353137481,0.00646862518504,0.861920810569,0.679232061129,0.3958338242
baseline,68,4,COMPLETED,1.99282843725,0.00717156274675,0.879878814878,0.698618913537,0.402801456283
baseline,68,4,COMPLETED,1.99226077971,0.00773922029373,0.896857648456,0.71072117059,0.409824589606
baseline,68,4,COMPLETED,1.99211890433,0.00788109567126,0.919567727724,0.733127377194,0.416905433581
baseline,68,4,COMPLETED,1.991772665,0.00822733499508,0.934794061487,0.746537702895,0.424046317743
baseline,68,4,COMPLETED,1.9914075827,0.00859241730286,0.957359379959,0.774753330369,0.43124970152
baseline,68,4,COMPLETED,1.99087708361,0.00912291638981,0.971979649135,0.788903494204,0.438518185016
baseline,68,4,COMPLETED,1.99073199416,0.00926800584262,0.986405374872,0.800640995045,0.44585452097
baseline,68,4,COMPLETED,1.9904972901,0.00950270990092,0.994663721722,0.806555464866,0.453261628023
baseline,68,4,COMPLETED,1.99026027274,0.00973972725777,1.01845725408,0.832320952855,0.4607426055
baseline,68,4,COMPLETED,1.9901219905,0.00987800949577,1.03817929961,0.857557723655,0.4683007499
baseline,68,4,COMPLETED,1.98937415829,0.0106258417069,1.04520820102,0.868942756005,0.475939573353
baseline,68,4,COMPLETED,1.98907429714,0.010925702857,1.05595072655,0.873819255862,0.48366282434
baseline,68,4,COMPLETED,1.98936230226,0.0106376977374,1.08833589001,0.90781931566,0.491474511023
baseline,68,4,COMPLETED,1.98930725298,0.0106927470245,1.09300956913,0.906210865818,0.499378927583
baseline,68,4,COMPLETED,1.98888169405,0.0111183059518,1.1268717137,0.940594680656,0.507380684088
baseline,68,4,COMPLETED,1.98871848443,0.0112815155699,1.14376753428,0.961124840656,0.515484740442
baseline,68,4,COMPLETED,1.98874314855,0.01125685145,1.17545379382,0.99378679164,0.523696445155
baseline,68,4,COMPLETED,1.98906857308,0.0109314269201,1.18193101411,0.996078780159,0.532021579772
baseline,68,4,COMPLETED,1.98951304232,0.0104869576838,1.19827441734,1.01061262201,0.540466410016
baseline,68,4,COMPLETED,1.98960717021,0.010392829792,1.22390939925,1.03824934446,0.549037744919
baseline,68,4,COMPLETED,1.98935489317,0.0106451068307,1.23341038516,1.05187465745,0.557743005513
baseline,68,4,COMPLETED,1.98948341476,0.0105165852386,1.25424107861,1.07087368537,0.566590305054
baseline,68,4,COMPLETED,1.99028971214,0.00971028786379,1.26660115907,1.08557722318,0.575588543211
baseline,68,4,COMPLETED,1.99069827003,0.00930172996587,1.29062509148,1.11059845533,0.58474751731
baseline,68,4,COMPLETED,1.99061452687,0.00938547313096,1.285612379,1.10340005094,0.594078054564
baseline,68,4,COMPLETED,1.99094862477,0.00905137523174,1.29959232998,1.12218108615,0.603592170319
baseline,68,4,COMPLETED,1.99128080699,0.00871919301107,1.31929716675,1.13881319679,0.613303258833
baseline,68,4,COMPLETED,1.99135043332,0.00864956667592,1.34160242623,1.16414310379,0.623226325151
baseline,68,4,COMPLETED,1.99147195473,0.00852804527124,1.34569875163,1.17322573602,0.633378269377
baseline,68,4,COMPLETED,1.99224335653,0.00775664347181,1.39262669465,1.21108322687,0.643778238557
baseline,68,4,COMPLETED,1.99297871121,0.00702128878842,1.4121412615,1.22585931156,0.654448066852
baseline,68,4,COMPLETED,1.99288951439,0.00711048561042,1.42134558289,1.23786465054,0.665412832559
baseline,68,4,COMPLETED,1.99308806408,0.00691193591909,1.4384337243,1.25394049576,0.676701572159
baseline,68,4,COMPLETED,1.99389497421,0.00610502579178,1.45256796219,1.26780231306,0.688348208856
baseline,68,4,COMPLETED,1.99462568744,0.00537431256286,1.49352970932,1.30780656532,0.700392779698
baseline,68,4,COMPLETED,1.99529480142,0.00470519858014,1.52307362592,1.34237545004,0.712883087078
baseline,68,4,COMPLETED,1.99554898243,0.00445101756925,1.52714970772,1.34639436448,0.725876968096
baseline,68,4,COMPLETED,1.99626968055,0.00373031944903,1.53935696856,1.35918996132,0.739445488374
baseline,68,4,COMPLETED,1.99675511072,0.00324488928439,1.5512743924,1.36599222093,0.753677563755
baseline,68,4,COMPLETED,1.99731330199,0.00268669800588,1.56579633683,1.38140293667,0.768686871083
baseline,68,4,COMPLETED,1.9979120836,0.00208791640403,1.57306819204,1.38662039445,0.784622594979
baseline,68,4,COMPLETED,1.9985821923,0.00141780770315,1.59517922088,1.41308572138,0.801686957182
baseline,68,4,COMPLETED,1.99917434583,0.000825654170799,1.60256215215,1.42484511814,0.820165561517
baseline,68,4,COMPLETED,1.9998884718,0.000111528204062,1.62293740838,1.44465398703,0.840484087342
baseline,68,4,COMPLETED,2.00062802111,0.000628021113513,1.64758352354,1.47250023896,0.863325539579
baseline,68,4,COMPLETED,2.00077241027,0.000772410269154,1.6530038329,1.47190125971,0.889909988966
baseline,68,4,COMPLETED,2.00143897169,0.00143897168761,1.66509098749,1.48980499716,0.921811328232
baseline,68,4,COMPLETED,2.00175618327,0.00175618327185,1.67026629884,1.49389803465,0.96009293535
baseline,68,4,COMPLETED,2.00186069556,0.00186069556352,1.67673639203,1.50129664315,1.00603086389
baseline,68,4,COMPLETED,2.0016431522,0.00164315220066,1.66569694547,1.4912080064,1.06115637814
baseline,68,4,COMPLETED,2.00119844335,0.00119844334901,1.64537692601,1.46375830848,1.12020369247
baseline,68,4,COMPLETED,2.00093074084,0.00093074083973,1.63216598661,1.45405094972,1.15037815366
baseline,68,4,COMPLETED,2.00008413965,8.41396519953e-05,1.61061052294,1.43137769431,1.17457926048
baseline,68,4,COMPLETED,1.9996846513,0.000315348697733,1.58934748558,1.40845107504,1.1954933056
baseline,68,4,COMPLETED,1.99907804019,0.00092195980926,1.56675287101,1.38067102277,1.2142298268
baseline,68,4,COMPLETED,1.99861334461,0.0013866553945,1.55874414217,1.37516911111,1.23138209422
baseline,68,4,COMPLETED,1.99826910184,0.00173089816383,1.54633732067,1.36565756306,1.24731327926
baseline,68,4,COMPLETED,1.99792406197,0.00207593802517,1.53058154186,1.35030428382,1.26226549064
baseline,68,4,COMPLETED,1.99758976219,0.00241023780961,1.51499702352,1.33418842691,1.27640997988
baseline,68,4,COMPLETED,1.99740400086,0.00259599914411,1.50382799947,1.32599925969,1.28987329494
baseline,68,4,COMPLETED,1.99692092972,0.00307907028148,1.47335809202,1.29090116739,1.30275215611
baseline,68,4,COMPLETED,1.99635531048,0.0036446895201,1.43479130797,1.24953902887,1.31512249636
baseline,68,4,COMPLETED,1.99587594521,0.00412405479283,1.42634255541,1.24313654729,1.32704524763
baseline,68,4,COMPLETED,1.99616123283,0.00383876716696,1.40342094961,1.22032424864,1.33857020243
baseline,68,4,COMPLETED,1.9963523743,0.00364762569798,1.39398238771,1.21280928044,1.34973868124
baseline,68,4,COMPLETED,1.99559183045,0.00440816955471,1.35982128163,1.18497029649,1.36058542921
baseline,68,4,COMPLETED,1.9955079512,0.00449204879509,1.3319637392,1.15899441484,1.37113999835
baseline,68,4,COMPLETED,1.99567443771,0.00432556229295,1.32543476899,1.14977209854,1.38142777662
baseline,68,4,COMPLETED,1.99555372424,0.00444627575901,1.29668991957,1.12153867016,1.39147076824
baseline,68,4,COMPLETED,1.99557294774,0.00442705226439,1.28588472071,1.11010565765,1.40128819536
baseline,68,4,COMPLETED,1.99577016652,0.00422983347887,1.28207560409,1.10444362036,1.41089696848
baseline,68,4,COMPLETED,1.99581799371,0.00418200628876,1.2675053276,1.09208764402,1.42031205931
baseline,68,4,COMPLETED,1.99530567578,0.00469432422397,1.24804907602,1.0676468115,1.42954679949
baseline,68,4,COMPLETED,1.99532461218,0.00467538781826,1.2361490338,1.05324385173,1.43861312267
baseline,68,4,COMPLETED,1.99563656799,0.00436343201203,1.21673562067,1.03577784252,1.44752176243
baseline,68,4,COMPLETED,1.99586267236,0.00413732764415,1.18924330682,1.00262465461,1.45628241556
baseline,68,4,COMPLETED,1.99585987702,0.00414012297606,1.18410440575,1.00313410907,1.46490387785
baseline,68,4,COMPLETED,1.99556809264,0.00443190735616,1.17772031198,0.99826870756,1.47339415781
baseline,68,4,COMPLETED,1.99555872814,0.00444127185897,1.15089240726,0.969036961581,1.48176057261
baseline,68,4,COMPLETED,1.99563595693,0.00436404306756,1.13854822154,0.957725217289,1.49000982949
baseline,68,4,COMPLETED,1.99625513777,0.0037448622324,1.10578672053,0.924011270588,1.49814809524
baseline,68,4,COMPLETED,1.99639672074,0.00360327926446,1.08644375182,0.904813671228,1.50618105583
baseline,68,4,COMPLETED,1.99638171698,0.00361828301659,1.06190044141,0.88614919845,1.51411396791
baseline,68,4,COMPLETED,1.9965964087,0.00340359129996,1.05097002534,0.878682966412,1.52195170337
baseline,68,4,COMPLETED,1.99719257427,0.00280742573348,1.04299826928,0.868788579709,1.52969878816
baseline,68,4,COMPLETED,1.99737805068,0.0026219493214,1.03018742452,0.85212565587,1.53735943624
baseline,68,4,COMPLETED,1.99749518981,0.00250481018847,1.01114935735,0.831918919206,1.54493757938
baseline,68,4,COMPLETED,1.99768033616,0.00231966383847,1.00617094733,0.83012385956,1.55243689336
baseline,68,4,COMPLETED,1.99774012857,0.00225987142853,0.981392154422,0.805132070149,1.55986082123
baseline,68,4,COMPLETED,1.9978495105,0.00215048950302,0.973743818225,0.798598913041,1.56721259383
baseline,68,4,COMPLETED,1.99814294641,0.00185705358571,0.953014032032,0.774705861468,1.57449524813
baseline,68,4,COMPLETED,1.99828401831,0.00171598169205,0.942466412342,0.765292340712,1.58171164355
baseline,68,4,COMPLETED,1.99819843739,0.00180156260957,0.923982247183,0.750895822723,1.58886447659
baseline,68,4,COMPLETED,1.99849148315,0.00150851685136,0.904604019477,0.73507010846,1.59595629395
baseline,68,4,COMPLETED,1.99874018808,0.00125981192315,0.884572315702,0.713182350608,1.60298950433
baseline,68,4,COMPLETED,1.99889150975,0.00110849025132,0.85412425019,0.679828460917,1.6099663891
baseline,68,4,COMPLETED,1.99889870688,0.00110129312206,0.844941079825,0.675998097417,1.61688911186
baseline,68,4,COMPLETED,1.99899860696,0.000970140855438,0.83355444161,0.667915423691,1.62375972726
baseline,68,4,COMPLETED,1.99887427833,0.000568952306271,0.81595142292,0.647839928387,1.63058018883
baseline,68,4,COMPLETED,1.99734287576,0.000438433585055,0.799133877146,0.627793262062,1.63735235622
baseline,68,4,COMPLETED,1.99483313531,0.000455165067554,0.785440224744,0.616838595159,1.64407800179
baseline,68,4,COMPLETED,1.99199519236,0.000168717699229,0.77615249012,0.612993151136,1.65075881658
baseline,68,4,COMPLETED,1.98714251742,2.40837582864e-05,0.751365417174,0.58981332275,1.65739641581
baseline,68,4,COMPLETED,1.97868048187,0.000130101292543,0.738245046952,0.575845903555,1.66399234392
baseline,68,4,COMPLETED,1.96504106595,2.23323753507e-05,0.724611200533,0.56772860445,1.67054807919
baseline,68,4,COMPLETED,1.94859413338,0.000275821821344,0.705538026367,0.553266741871,1.67706503799
baseline,68,4,COMPLETED,1.93057435232,0.000487582577837,0.688882078235,0.538174059126,1.68354457871
baseline,68,4,COMPLETED,1.91315860146,0.000525570187097,0.674369581413,0.524556165007,1.68998800538
baseline,68,4,COMPLETED,1.89376991165,0.000465063516147,0.655332781141,0.510975625127,1.69639657097
baseline,68,4,COMPLETED,1.8712005995,0.000739721853287,0.645569581908,0.500457517632,1.70277148055
baseline,68,4,COMPLETED,1.84658320284,0.000846021836978,0.627714602748,0.48263453365,1.70911389409
baseline,68,4,COMPLETED,1.82218687771,0.000769510501673,0.616851787569,0.478122424511,1.71542492919
baseline,68,4,COMPLETED,1.7954559279,0.000796575090725,0.600499777471,0.465586875679,1.72170566347
baseline,68,4,COMPLETED,1.76812839163,0.00098652758961,0.582501464467,0.448989859375,1.72795713696
baseline,68,4,COMPLETED,1.74010136853,0.00114724165014,0.568434844715,0.438562826612,1.73418035418
baseline,68,4,COMPLETED,1.71170919875,0.000899206223903,0.552584716007,0.426508953242,1.74037628616
baseline,68,4,COMPLETED,1.68013999893,0.00116853935548,0.538304608676,0.416328499372,1.74654587232
baseline,68,4,COMPLETED,1.64781452306,0.00132194228559,0.522356684419,0.403150743333,1.75269002221
baseline,68,4,COMPLETED,1.61593760178,0.00124582577008,0.50597101421,0.387255331958,1.75880961714
baseline,68,4,COMPLETED,1.58499789542,0.00128537573245,0.493087476047,0.380133061147,1.76490551172
baseline,68,4,COMPLETED,1.55093102284,0.00148571678839,0.479712250395,0.368687776689,1.77097853532
baseline,68,4,COMPLETED,1.5160070232,0.00156534632552,0.464134088511,0.355659057805,1.77702949338
baseline,68,4,COMPLETED,1.48143907239,0.00154026823906,0.44723025211,0.34523520236,1.78305916871
baseline,68,4,COMPLETED,1.44706973492,0.00164746040502,0.43197806189,0.331334982504,1.78906832271
baseline,68,4,COMPLETED,1.4114074013,0.00164421305103,0.422079212546,0.324991709587,1.79505769646
baseline,68,4,COMPLETED,1.37488207215,0.00169304648137,0.408212852005,0.316020855803,1.8010280118
baseline,68,4,COMPLETED,1.33898462432,0.00196926851281,0.392058594298,0.302875518969,1.80697997234
baseline,68,4,COMPLETED,1.30222748878,0.00184566405867,0.377922664405,0.291927863206,1.81291426445
baseline,68,4,COMPLETED,1.26533618472,0.00202981779158,0.365292687407,0.28469334065,1.81883155808
baseline,68,4,COMPLETED,1.22795462743,0.00200437829136,0.35287356105,0.274868012596,1.82473250771
baseline,68,4,COMPLETED,1.18969531533,0.00202636290468,0.338666065786,0.262885698871,1.83061775309
baseline,68,4,COMPLETED,1.15085457871,0.00222297047785,0.32621713479,0.254365768329,1.83648792006
baseline,68,4,COMPLETED,1.1121346947,0.00218050753977,0.312919115226,0.245250590616,1.84234362127
baseline,68,4,COMPLETED,1.07453096027,0.00233661540677,0.298587608665,0.234496834126,1.84818545685
baseline,68,4,COMPLETED,1.03615461898,0.00231410556559,0.286060304045,0.224937760303,1.85401401513
baseline,68,4,COMPLETED,0.997315917704,0.00242448984851,0.27341654372,0.215088116185,1.85982987326
baseline,68,4,COMPLETED,0.957871701834,0.00237073818906,0.260772363187,0.206476535009,1.86563359778
baseline,68,4,COMPLETED,0.918216476779,0.00250175043579,0.247594251015,0.195754978716,1.87142574526
baseline,68,4,COMPLETED,0.87845376474,0.00266784823393,0.235784672713,0.186790124797,1.87720686282
baseline,68,4,COMPLETED,0.838349169279,0.00248471152091,0.224060688366,0.179886267447,1.88297748871
baseline,68,4,COMPLETED,0.798903656158,0.00277306322437,0.213403785102,0.170669992616,1.88873815275
baseline,68,4,COMPLETED,0.75902330562,0.00260054459338,0.200206223813,0.159870844939,1.8944893769
baseline,68,4,COMPLETED,0.718968113361,0.00274551417284,0.189084075637,0.1519026306,1.9002316757
baseline,68,4,COMPLETED,0.678669763887,0.00270614183848,0.176656483398,0.142198072076,1.90596555675
baseline,68,4,COMPLETED,0.638426128065,0.00278789519483,0.166068663437,0.133510606409,1.91169152113
baseline,68,4,COMPLETED,0.59742034711,0.00273095362896,0.154776828113,0.124878993192,1.91741006386
baseline,68,4,COMPLETED,0.556732420994,0.00295261700118,0.14502912907,0.11758281404,1.9231216743
baseline,68,4,COMPLETED,0.516091390812,0.00271324210137,0.13161552787,0.106276330997,1.92882683653
baseline,68,4,COMPLETED,0.475412318318,0.00288984718638,0.122173042017,0.0989324678241,1.93452602982
baseline,68,4,COMPLETED,0.434604982696,0.0028623683442,0.11227975203,0.0912475933289,1.94021972894
baseline,68,4,COMPLETED,0.394101996152,0.00265505734947,0.10092376489,0.0821435941069,1.94590840455
baseline,68,4,COMPLETED,0.352821858715,0.00294396282523,0.0896853456951,0.0728804987247,1.9515925236
baseline,68,4,COMPLETED,0.311853508927,0.00304435416212,0.0805517191079,0.0648368896317,1.95727254965
baseline,68,4,COMPLETED,0.270782106936,0.00296485592264,0.0702242886121,0.056927963702,1.96294894322
baseline,68,4,COMPLETED,0.229602827427,0.00303390400746,0.0599164296349,0.0484799484366,1.96862216219
baseline,68,4,COMPLETED,0.188994237312,0.00293167734825,0.0506131782351,0.0409765131828,1.97429266205
baseline,68,4,COMPLETED,0.147235360059,0.00309922734679,0.041855363588,0.0331960851767,1.97996089631
baseline,68,4,COMPLETED,0.106243620455,0.00294889162659,0.0323300855109,0.0251810025253,1.9856273168
baseline,68,4,COMPLETED,0.0650945455507,0.00302031186148,0.0239364789306,0.0181606212045,1.99129237399
baseline,68,4,COMPLETED,0.0240435653831,0.0032542740237,0.0194001369811,0.0145529702151,1.99695651732
baseline,68,4,COMPLETED,0.0052161093277,0.00310247388354,0.016878306374,0.0132637836551,2
baseline,96,4,COMPLETED,0,0,0.000702642606566,0.00056412058902,0
baseline,96,4,COMPLETED,8.72229298329e-06,2.22165704307e-11,0.0007026454773,0.000564120595177,1.2e-06
baseline,96,4,COMPLETED,1.91890445648e-05,1.07437747328e-10,0.000702656500894,0.000564146129549,2.64e-06
baseline,96,4,COMPLETED,3.17491464671e-05,2.94031942677e-10,0.000702680641997,0.00056432588582,4.368e-06
baseline,96,4,COMPLETED,4.68212687606e-05,6.39378865167e-10,0.000702725324029,0.000564575450813,6.4416e-06
baseline,96,4,COMPLETED,6.49078155346e-05,1.2286587686e-09,0.000702801564248,0.000564874979511,8.92992e-06
baseline,96,4,COMPLETED,8.66116717078e-05,2.18760018018e-09,0.000702925616843,0.000565234486968,1.1915904e-05
baseline,96,4,COMPLETED,0.0001126562992,3.70092810526e-09,0.000703121346837,0.000565666001063,1.54990848e-05
baseline,96,4,COMPLETED,0.00014390985235,6.0390645646e-09,0.000703423652811,0.000566231251144,1.979890176e-05
baseline,96,4,COMPLETED,0.00018141411642,9.59671231344e-09,0.000703883389834,0.000567125024611,2.4958682112e-05
baseline,96,4,COMPLETED,0.000226419233832,1.49486049999e-08,0.00070457442864,0.00056845589508,3.11504185344e-05
baseline,96,4,COMPLETED,0.000280425375675,2.29299854414e-08,0.000705603737348,0.000570234365311,3.85805022413e-05
baseline,96,4,COMPLETED,0.000345232747575,3.47527617113e-08,0.000707125700513,0.000572390613376,4.74966026895e-05
baseline,96,4,COMPLETED,0.000423001596849,5.21730679174e-08,0.000709362299409,0.000575338928764,5.81959232274e-05
baseline,96,4,COMPLETED,0.000516324221257,7.77329257663e-08,0.000712631240913,0.000579388995076,7.10351078729e-05
baseline,96,4,COMPLETED,0.000628311379825,1.15108673868e-07,0.000717384550923,0.000584636200253,8.64421294475e-05
baseline,96,4,COMPLETED,0.00076269598636,1.69613242436e-07,0.000724260332114,0.000591917613708,0.000104930555337
baseline,96,4,COMPLETED,0.000923957542608,2.48920068943e-07,0.000734149921079,0.00060140244446,0.000127116666404
baseline,96,4,COMPLETED,0.00111747145965,3.6410631776e-07,0.000748280925236,0.000614462119667,0.000153739999685
baseline,96,4,COMPLETED,0.00134968824639,5.3115607451e-07,0.000768312829734,0.000631228337144,0.000185687999622
baseline,96,4,COMPLETED,0.00162834847109,7.73056695619e-07,0.000796435767999,0.000653420382979,0.000224025599547
baseline,96,4,COMPLETED,0.00196268322259,1.06533464534e-06,0.000835456096364,0.000682560405955,0.000270030719456
baseline,96,4,COMPLETED,0.00236371090908,1.32768021209e-06,0.000888849147995,0.000721989247194,0.000325236863347
baseline,96,4,COMPLETED,0.00284461234447,1.43388148901e-06,0.000960766866841,0.000774949094418,0.000391484236017
baseline,96,4,COMPLETED,0.00342126633246,1.31074037976e-06,0.00105600953154,0.000846387444655,0.00047098108322
baseline,96,4,COMPLETED,0.00411288307841,1.04965307503e-06,0.00117999850622,0.00094950511907,0.000566377299864
baseline,96,4,COMPLETED,0.0049425868122,8.6614174948e-07,0.00133880191163,0.00109157789174,0.000680852759837
baseline,96,4,COMPLETED,0.00593796963208,8.97729938122e-07,0.00153925375294,0.00126792087834,0.000818223311805
baseline,96,4,COMPLETED,0.00713376354655,3.19011022303e-08,0.0017891773849,0.00148129271029,0.000983067974166
baseline,96,4,COMPLETED,0.00857056488635,2.1970582013e-06,0.00209671900731,0.00174106793477,0.001180881569
baseline,96,4,COMPLETED,0.0102965261011,5.47511539725e-06,0.00247787608125,0.00206179858426,0.0014182578828
baseline,96,4,COMPLETED,0.0123698614662,9.36738455512e-06,0.00294197288797,0.00244893331078,0.00170310945936
baseline,96,4,COMPLETED,0.0148568086484,1.15540491105e-05,0.00350228717652,0.00292193716258,0.00204493135123
baseline,96,4,COMPLETED,0.0178411979649,1.53150972779e-05,0.00418604854749,0.00349401988986,0.00245511762148
baseline,96,4,COMPLETED,0.0214242540998,2.02289953025e-05,0.00500381109459,0.00417194110865,0.00294734114577
baseline,96,4,COMPLETED,0.0257295688691,2.49898303544e-05,0.00603880861268,0.0050569666704,0.00353800937493
baseline,96,4,COMPLETED,0.0309030398718,2.53891139386e-05,0.00724199561398,0.00606407919094,0.00424681124991
baseline,96,4,COMPLETED,0.0371048066388,2.03389383442e-05,0.00868724624191,0.00727413626205,0.00509737349989
baseline,96,4,COMPLETED,0.0445450126359,1.63066667446e-05,0.010329091453,0.00861238556985,0.00611804819987
baseline,96,4,COMPLETED,0.0534589266645,2.10399010291e-05,0.0123421943042,0.0102797386565,0.00734285783985
baseline,96,4,COMPLETED,0.0641457530049,2.11420786112e-05,0.014776935771,0.0123027443275,0.00881262940781
baseline,96,4,COMPLETED,0.0769789975876,2.18370033799e-05,0.0177099440288,0.0147280884874,0.0105763552894
baseline,96,4,COMPLETED,0.0923853699284,2.32915996725e-05,0.0214238065979,0.0180012962028,0.0126928263473
baseline,96,4,COMPLETED,0.11084880796,1.87645659095e-05,0.0256380878889,0.0214297936754,0.0152325916167
baseline,96,4,COMPLETED,0.132967509814,2.30277971141e-05,0.0309462627243,0.0258368714472,0.01828030994
baseline,96,4,COMPLETED,0.159468757655,8.97767083883e-05,0.0373332713597,0.031225280437,0.0219375719281
baseline,96,4,COMPLETED,0.188521730333,0.000211248985997,0.0435880310505,0.0362849753398,0.0259514795479
baseline,96,4,COMPLETED,0.217912155496,3.77232016582e-05,0.0507104307138,0.0421609652752,0.0299663396097
baseline,96,4,COMPLETED,0.246971086004,0.000208233361045,0.0580008769657,0.0483376045462,0.0339823125347
baseline,96,4,COMPLETED,0.276204652819,3.72831769845e-06,0.0645841923486,0.0537506721944,0.0379995591341
baseline,96,4,COMPLETED,0.305024917577,6.2639867215e-05,0.071321489244,0.0592863842256,0.0420182406675
baseline,96,4,COMPLETED,0.334303751806,3.10888500247e-06,0.0787123523506,0.0653235266074,0.0460385189016
baseline,96,4,COMPLETED,0.363216694496,6.35437044623e-05,0.0858450872461,0.0711800260797,0.0500605561701
baseline,96,4,COMPLETED,0.392185099397,0.000132525116499,0.0933140775544,0.0774945900347,0.054084515433
baseline,96,4,COMPLETED,0.421293317887,3.63925092891e-05,0.0993319841474,0.0821528093597,0.0581105603374
baseline,96,4,COMPLETED,0.450297744975,4.35195620756e-05,0.107718780984,0.0890331571699,0.0621388552789
baseline,96,4,COMPLETED,0.479323172866,1.83787758021e-05,0.115092380495,0.0947956743569,0.0661695654633
baseline,96,4,COMPLETED,0.508269415244,4.32988272678e-05,0.121984435509,0.100450244989,0.0702028569697
baseline,96,4,COMPLETED,0.536998732547,7.95163364815e-05,0.129333493608,0.106627315056,0.0742388968139
baseline,96,4,COMPLETED,0.565806479173,0.000131286015299,0.138031548783,0.113392176679,0.0782778530132
baseline,96,4,COMPLETED,0.594460011638,2.0271920326e-05,0.14469296482,0.118469608373,0.0823198946523
baseline,96,4,COMPLETED,0.622959854255,4.10259001335e-05,0.153516730894,0.125919586169,0.0863651919499
baseline,96,4,COMPLETED,0.651772257082,6.47094070619e-06,0.159493445708,0.130142880141,0.0904139163265
baseline,96,4,COMPLETED,0.680564636091,0.000130584912332,0.168376740348,0.137525262542,0.0944662404742
baseline,96,4,COMPLETED,0.70926887994,8.39908800632e-05,0.177333277285,0.144508838328,0.0985223384268
baseline,96,4,COMPLETED,0.737496115302,0.000257513377655,0.184499636676,0.149761499528,0.102582385632
baseline,96,4,COMPLETED,0.766188216304,7.98225052285e-05,0.192757987424,0.156679994422,0.106646559024
baseline,96,4,COMPLETED,0.794274664705,0.000262932980316,0.201304334903,0.163406798173,0.110715037102
baseline,96,4,COMPLETED,0.822579094886,0.000111276355018,0.210525527416,0.170202451133,0.114788000002
baseline,96,4,COMPLETED,0.850690763746,0.000187123756544,0.216750293505,0.174193717271,0.118865629579
baseline,96,4,COMPLETED,0.878953306597,0.000145385985474,0.226652710746,0.182643719169,0.122948109487
baseline,96,4,COMPLETED,0.907144016339,0.000133840067029,0.233934529225,0.188436350216,0.127035625261
baseline,96,4,COMPLETED,0.935209770963,0.000156354257696,0.243262145165,0.194778163407,0.1311283644
baseline,96,4,COMPLETED,0.963104988767,0.000137801769173,0.251861825813,0.200464450354,0.135226516458
baseline,96,4,COMPLETED,0.990655239975,0.000210147826988,0.260239611645,0.207314235693,0.13933027313
baseline,96,4,COMPLETED,1.01802816934,0.000144769567607,0.269159692133,0.213679188138,0.143439828343
baseline,96,4,COMPLETED,1.04536017206,0.000353728063876,0.278375745338,0.221032805382,0.147555378355
baseline,96,4,COMPLETED,1.07324400326,0.000151265995473,0.28701405758,0.227382395899,0.151677121846
baseline,96,4,COMPLETED,1.10069222836,0.000262007656423,0.297278308172,0.235135018419,0.155805260022
baseline,96,4,COMPLETED,1.12812197201,0.000179611747792,0.3062285409,0.241160391087,0.159939996717
baseline,96,4,COMPLETED,1.15516010639,0.000199267048584,0.315920510332,0.247991170768,0.164081538499
baseline,96,4,COMPLETED,1.18193494825,0.000181327246249,0.325781919076,0.255527691513,0.168230094779
baseline,96,4,COMPLETED,1.20855275884,0.000183362423376,0.329750494135,0.257584181784,0.172385877925
baseline,96,4,COMPLETED,1.23530993363,0.000242789769633,0.342301155421,0.266704329785,0.17654910338
baseline,96,4,COMPLETED,1.26213259182,0.000266232964206,0.352324220772,0.274263899885,0.180719989778
baseline,96,4,COMPLETED,1.28837057106,0.000352436684125,0.363403319631,0.282192374967,0.184898759076
baseline,96,4,COMPLETED,1.31433488143,0.000320962504632,0.372140305698,0.288022089112,0.189085636677
baseline,96,4,COMPLETED,1.34044025313,0.000299298063212,0.382879726216,0.296509499464,0.193280851567
baseline,96,4,COMPLETED,1.36642432443,0.000380672202505,0.389159586791,0.300020274891,0.197484636452
baseline,96,4,COMPLETED,1.39220585038,0.000374040820635,0.400112015489,0.307532177528,0.201697227905
baseline,96,4,COMPLETED,1.41758640398,0.000528595012592,0.412052111953,0.316411341411,0.205918866511
baseline,96,4,COMPLETED,1.44238813626,0.000481677728736,0.422164275372,0.324258953072,0.210149797022
baseline,96,4,COMPLETED,1.46709572487,0.00048444497874,0.429731987841,0.330002197358,0.214390268523
baseline,96,4,COMPLETED,1.49176029437,0.000499273654606,0.44134870102,0.339367205107,0.21864053459
baseline,96,4,COMPLETED,1.51679441231,0.000539950722383,0.451726754334,0.346369824793,0.222900853473
baseline,96,4,COMPLETED,1.54106094123,0.000644422827839,0.463221425484,0.355582912729,0.227171488268
baseline,96,4,COMPLETED,1.56426280308,0.000591305567863,0.471242233813,0.361765614953,0.23145270711
baseline,96,4,COMPLETED,1.58761061362,0.000614755974146,0.483399102687,0.370716991971,0.235744783367
baseline,96,4,COMPLETED,1.61085101513,0.000788721376413,0.495002812398,0.379589292326,0.240047995844
baseline,96,4,COMPLETED,1.63447430657,0.000689484757134,0.505250626327,0.387199667648,0.244362628993
baseline,96,4,COMPLETED,1.65645807845,0.000675847859781,0.514506451052,0.395250974602,0.248688973139
baseline,96,4,COMPLETED,1.67862357993,0.000702089631524,0.526889604428,0.405120963661,0.253027324705
baseline,96,4,COMPLETED,1.70051577941,0.000684512872847,0.536042066483,0.412341621943,0.257377986459
baseline,96,4,COMPLETED,1.7214153234,0.00072925689086,0.545250178778,0.419904353935,0.261741267762
baseline,96,4,COMPLETED,1.74157606903,0.000734914873107,0.561049135809,0.430806333766,0.266117484832
baseline,96,4,COMPLETED,1.76245120698,0.000666905380216,0.569900129982,0.438228929204,0.270506961023
baseline,96,4,COMPLETED,1.78273215973,0.00070504821009,0.582008156068,0.448633395757,0.274910027108
baseline,96,4,COMPLETED,1.80178485844,0.000717481192642,0.59318280503,0.457585323862,0.279327021583
baseline,96,4,COMPLETED,1.81915846761,0.000629142565345,0.601964969439,0.461796818618,0.283758290986
baseline,96,4,COMPLETED,1.83778565012,0.00061008218024,0.613688191683,0.473423605228,0.288204190222
baseline,96,4,COMPLETED,1.85635802533,0.000636334120598,0.625811935138,0.484501285834,0.292665082919
baseline,96,4,COMPLETED,1.8726479016,0.000654780931371,0.634847727065,0.490221174673,0.297141341785
baseline,96,4,COMPLETED,1.88781812032,0.000498130281194,0.646259592834,0.496414197704,0.301633348997
baseline,96,4,COMPLETED,1.90323495698,0.000633304656085,0.656528895236,0.506692825366,0.306141496599
baseline,96,4,COMPLETED,1.91938000603,0.000480876202846,0.672501124771,0.520649762717,0.31066618693
baseline,96,4,COMPLETED,1.93224683988,0.000404066333305,0.681755838216,0.526881474461,0.315207833068
baseline,96,4,COMPLETED,1.9434199325,0.000404552605495,0.692199109765,0.533207067766,0.319766859295
baseline,96,4,COMPLETED,1.95595524186,0.000363564458897,0.706562957019,0.548220098784,0.324343701599
baseline,96,4,COMPLETED,1.96858495593,0.00025235697206,0.714701849133,0.554098502177,0.328938808187
baseline,96,4,COMPLETED,1.97759971804,0.00019432544099,0.728193931091,0.564878251928,0.333552640041
baseline,96,4,COMPLETED,1.98412036162,0.000240922854752,0.736956774154,0.572634479815,0.338185671495
baseline,96,4,COMPLETED,1.98858280633,0.000220409511839,0.744805873685,0.580623167397,0.342838390848
baseline,96,4,COMPLETED,1.99261932186,0.000105785574477,0.75867700173,0.591206512723,0.347511301014
baseline,96,4,COMPLETED,1.9960730764,2.26110340083e-06,0.770223301368,0.599118786877,0.352204920205
baseline,96,4,COMPLETED,1.99851592816,7.81248299469e-05,0.783514530345,0.611706872361,0.356919782662
baseline,96,4,COMPLETED,1.99954889219,1.46548008507e-05,0.798034695223,0.625177992066,0.361656439417
baseline,96,4,COMPLETED,2.00009380727,0.000130021912055,0.805759937134,0.630088667305,0.366415459115
baseline,96,4,COMPLETED,2.00014409248,0.000144092479777,0.819589385798,0.64281862294,0.371197428879
baseline,96,4,COMPLETED,2.0001421124,0.000142112402902,0.828106442438,0.647940221013,0.376002955227
baseline,96,4,COMPLETED,2.00020364644,0.000203646436024,0.840953252976,0.660930839538,0.380832665052
baseline,96,4,COMPLETED,2.00034308209,0.000343082089424,0.85126405246,0.670962652941,0.385687206662
baseline,96,4,COMPLETED,2.00018336677,0.000183366765809,0.861590910146,0.678032302289,0.390567250889
baseline,96,4,COMPLETED,2.00018232366,0.000182323663537,0.871422141741,0.686978014513,0.395473492266
baseline,96,4,COMPLETED,2.0002350311,0.000235031096776,0.88018763501,0.69387815595,0.400406650294
baseline,96,4,COMPLETED,2.00025566901,0.000255669014384,0.893184601913,0.703805142756,0.405367470782
baseline,96,4,COMPLETED,2.00015997943,0.000159979428421,0.910139329406,0.720162676472,0.410356727289
baseline,96,4,COMPLETED,1.99995505277,4.49472317779e-05,0.917386623858,0.723135666739,0.415375222661
baseline,96,4,COMPLETED,1.99997105801,2.89419938789e-05,0.929153521957,0.73633267933,0.420423790682
baseline,96,4,COMPLETED,1.99993559321,6.44067872122e-05,0.939872658385,0.743224840954,0.425503297845
baseline,96,4,COMPLETED,1.99981287071,0.000187129289263,0.95275092425,0.754471313602,0.430614645247
baseline,96,4,COMPLETED,1.99959420442,0.000405795583397,0.961389482224,0.762553334878,0.435758770629
baseline,96,4,COMPLETED,1.99926820583,0.000731794172431,0.967005318176,0.764931163809,0.440936650579
baseline,96,4,COMPLETED,1.99922578502,0.000774214980554,0.979941838091,0.778241901876,0.446149302891
baseline,96,4,COMPLETED,1.99899467818,0.00100532182358,0.98827739722,0.78359851892,0.451397789124
baseline,96,4,COMPLETED,1.99883654361,0.00116345639126,0.994526780079,0.790499155487,0.456683217354
baseline,96,4,COMPLETED,1.99841395034,0.00158604966449,1.00621288945,0.802253060022,0.462006745159
baseline,96,4,COMPLETED,1.99803099422,0.00196900578223,1.02367004094,0.81688046966,0.46736958285
baseline,96,4,COMPLETED,1.99777222264,0.0022277773577,1.03362188948,0.825159808393,0.472772996976
baseline,96,4,COMPLETED,1.99754742066,0.00245257933763,1.04122143427,0.829561408979,0.478218314126
baseline,96,4,COMPLETED,1.99717409289,0.00282590710966,1.05213512661,0.840707498307,0.483706925076
baseline,96,4,COMPLETED,1.99674178758,0.00325821242105,1.06280120821,0.849394904928,0.489240289298
baseline,96,4,COMPLETED,1.99628047919,0.00371952081062,1.07240356007,0.860568603689,0.49481993989
baseline,96,4,COMPLETED,1.9959124818,0.00408751819966,1.08495397688,0.871723818536,0.50044748896
baseline,96,4,COMPLETED,1.99564692345,0.00435307655219,1.09450915956,0.880231009157,0.506124633529
baseline,96,4,COMPLETED,1.99513916243,0.00486083757229,1.10165801783,0.889923582104,0.511853162006
baseline,96,4,COMPLETED,1.99466611155,0.00533388844549,1.11921985269,0.908120944812,0.517634961312
baseline,96,4,COMPLETED,1.99414447097,0.00585552902776,1.1193136307,0.905619499687,0.523472024723
baseline,96,4,COMPLETED,1.99379286681,0.00620713318604,1.13083153037,0.920505827884,0.52936646054
baseline,96,4,COMPLETED,1.99334217573,0.00665782426596,1.14222287096,0.930000506128,0.535320501673
baseline,96,4,COMPLETED,1.99289609287,0.00710390712689,1.15028402455,0.939594993038,0.541336516284
baseline,96,4,COMPLETED,1.99252706388,0.00747293611747,1.15776744798,0.946981954682,0.547417019608
baseline,96,4,COMPLETED,1.99227883194,0.00772116806223,1.18111252128,0.974655769218,0.553564687142
baseline,96,4,COMPLETED,1.99169315304,0.00830684695671,1.19093328637,0.981638544469,0.559782369384
baseline,96,4,COMPLETED,1.99142625102,0.00857374897924,1.21448654295,1.00321636776,0.566073108345
baseline,96,4,COMPLETED,1.99113107477,0.00886892523188,1.22666988212,1.01699709366,0.57244015613
baseline,96,4,COMPLETED,1.99050391759,0.0094960824143,1.23869920912,1.02787832361,0.57888699587
baseline,96,4,COMPLETED,1.99046301353,0.00953698646952,1.24448939595,1.03176202039,0.585417365423
baseline,96,4,COMPLETED,1.99022704979,0.0097729502079,1.26762598443,1.06096463001,0.592035284266
baseline,96,4,COMPLETED,1.98975126723,0.0102487327712,1.26861524897,1.06077802827,0.598745084154
baseline,96,4,COMPLETED,1.98954973729,0.0104502627093,1.2714324503,1.0631593125,0.60555144417
baseline,96,4,COMPLETED,1.98944102402,0.0105589759831,1.30071741548,1.09494454726,0.612459430999
baseline,96,4,COMPLETED,1.98898225123,0.011017748765,1.30761586686,1.10497183446,0.619474545382
baseline,96,4,COMPLETED,1.98875282859,0.0112471714088,1.32065428635,1.11757282497,0.626602775948
baseline,96,4,COMPLETED,1.98871001704,0.0112899829621,1.33210048113,1.13176136721,0.633850661924
baseline,96,4,COMPLETED,1.98861575182,0.0113842481839,1.34208785358,1.14716242757,0.641225366556
baseline,96,4,COMPLETED,1.98845975172,0.0115402482758,1.34667255461,1.14712802097,0.64873476357
baseline,96,4,COMPLETED,1.98812749796,0.0118725020394,1.36196993466,1.16329517081,0.656387539606
baseline,96,4,COMPLETED,1.9880453655,0.0119546345015,1.36861923661,1.1710921344,0.664193316395
baseline,96,4,COMPLETED,1.98798205655,0.012017943448,1.38271336771,1.18473656088,0.672162797491
baseline,96,4,COMPLETED,1.9879473812,0.0120526188034,1.39841373803,1.20257026661,0.680307945894
baseline,96,4,COMPLETED,1.98786829531,0.0121317046853,1.42496070664,1.22789774513,0.688642200847
baseline,96,4,COMPLETED,1.98793863712,0.0120613628838,1.44372262402,1.24659584834,0.697180744899
baseline,96,4,COMPLETED,1.98785867572,0.0121413242775,1.46387964303,1.26580579665,0.705940836197
baseline,96,4,COMPLETED,1.98761007282,0.012389927182,1.47513853544,1.27940425843,0.71494222654
baseline,96,4,COMPLETED,1.98749864235,0.0125013576486,1.47887180796,1.2777865916,0.72420769378
baseline,96,4,COMPLETED,1.98776312982,0.0122368701805,1.50890162323,1.31059162606,0.733763729155
baseline,96,4,COMPLETED,1.98780562177,0.0121943782276,1.52177866421,1.32589334704,0.743641438235
baseline,96,4,COMPLETED,1.9878441542,0.0121558457966,1.53024284517,1.33736105528,0.753877742284
baseline,96,4,COMPLETED,1.98798660018,0.0120133998153,1.54611713434,1.35173300775,0.764517011741
baseline,96,4,COMPLETED,1.9880953357,0.011904664301,1.55046975239,1.35767316237,0.775613337324
baseline,96,4,COMPLETED,1.98817556347,0.0118244365341,1.56920304203,1.37025382147,0.787233770202
baseline,96,4,COMPLETED,1.98820474648,0.0117952535235,1.58346051346,1.39193138708,0.799463086522
baseline,96,4,COMPLETED,1.98826259182,0.0117374081802,1.59624549358,1.40737465577,0.812411049186
baseline,96,4,COMPLETED,1.9883006054,0.0116993946022,1.60105702864,1.4147370658,0.826223965118
baseline,96,4,COMPLETED,1.98844204304,0.0115579569583,1.61849247012,1.43274566902,0.841104085446
baseline,96,4,COMPLETED,1.9887189623,0.0112810376985,1.6274004547,1.43929717902,0.857344437876
baseline,96,4,COMPLETED,1.98888181786,0.011118182137,1.64086426726,1.4523169364,0.875397111579
baseline,96,4,COMPLETED,1.9888750406,0.0111249594019,1.64558366521,1.45892149165,0.89602419852
baseline,96,4,COMPLETED,1.98882247602,0.011177523977,1.65708823531,1.46937055529,0.92069537363
baseline,96,4,COMPLETED,1.98894257838,0.0110574216229,1.66532551553,1.48261924134,0.950300783761
baseline,96,4,COMPLETED,1.9889134833,0.0110865167007,1.68130700195,1.49699459647,0.985827275919
baseline,96,4,COMPLETED,1.98892988759,0.0110701124147,1.68251444992,1.49828531499,1.02845906651
baseline,96,4,COMPLETED,1.98891211853,0.011087881472,1.65685841746,1.46910645243,1.07961721522
baseline,96,4,COMPLETED,1.9892210765,0.0107789234995,1.64305288007,1.45566361248,1.11177716081
baseline,96,4,COMPLETED,1.98918946777,0.0108105322346,1.6385204943,1.44819405986,1.13474236037
baseline,96,4,COMPLETED,1.98897789515,0.0110221048524,1.63123434012,1.44519177971,1.15383793825
baseline,96,4,COMPLETED,1.98887530458,0.0111246954241,1.60536604696,1.41933082167,1.17060129867
baseline,96,4,COMPLETED,1.98897140933,0.0110285906696,1.59289468021,1.40602827802,1.18575147802
baseline,96,4,COMPLETED,1.989052429,0.0109475709961,1.58326460705,1.39242321756,1.19969707529
baseline,96,4,COMPLETED,1.98905987917,0.010940120831,1.56838438673,1.37009742261,1.21269768226
baseline,96,4,COMPLETED,1.98909076662,0.010909233383,1.54953852327,1.35665827359,1.22493079199
baseline,96,4,COMPLETED,1.98908985702,0.0109101429809,1.54636776624,1.3504504796,1.23652428927
baseline,96,4,COMPLETED,1.98909289952,0.0109071004803,1.52519399535,1.33145085022,1.24757401705
baseline,96,4,COMPLETED,1.9890975849,0.0109024150988,1.52213309928,1.32829321832,1.25815404809
baseline,96,4,COMPLETED,1.98904333221,0.0109566677859,1.49396431083,1.29776850128,1.26832306281
baseline,96,4,COMPLETED,1.98911962383,0.0108803761713,1.47134280078,1.27167731776,1.27812850217
baseline,96,4,COMPLETED,1.98927737835,0.0107226216493,1.47164300577,1.27574030317,1.28760937855
baseline,96,4,COMPLETED,1.98966732932,0.0103326706784,1.45813077067,1.26072804442,1.29679824051
baseline,96,4,COMPLETED,1.98973161731,0.0102683826889,1.43751749,1.24122111361,1.30572258382
baseline,96,4,COMPLETED,1.98979956866,0.0102004313362,1.41609356561,1.2204330968,1.31440588879
baseline,96,4,COMPLETED,1.98997150812,0.0100284918829,1.38909174848,1.19497621477,1.32286839825
baseline,96,4,COMPLETED,1.99005389353,0.00994610646807,1.38123574157,1.18547428371,1.33112771158
baseline,96,4,COMPLETED,1.9901259867,0.00987401330132,1.36894347565,1.17252332365,1.33919924523
baseline,96,4,COMPLETED,1.99041700631,0.00958299369239,1.36502064505,1.17221598633,1.34709659483
baseline,96,4,COMPLETED,1.99082981913,0.00917018086813,1.34522653656,1.15059245804,1.35483182341
baseline,96,4,COMPLETED,1.99103839698,0.00896160302418,1.34028938631,1.14767246102,1.36241569344
baseline,96,4,COMPLETED,1.99102999052,0.00897000948228,1.33266931381,1.13218029379,1.36985785551
baseline,96,4,COMPLETED,1.99125474128,0.00874525871711,1.31062637951,1.10896504716,1.37716700312
baseline,96,4,COMPLETED,1.99151413775,0.0084858622468,1.30716086929,1.10772734379,1.38435100085
baseline,96,4,COMPLETED,1.9918468737,0.00815312629801,1.29305761866,1.08907679307,1.39141699125
baseline,96,4,COMPLETED,1.99202771305,0.00797228694871,1.27899507982,1.07780711499,1.39837148457
baseline,96,4,COMPLETED,1.99230040587,0.00769959413247,1.27237271972,1.07006284276,1.4052204347
baseline,96,4,COMPLETED,1.99258221332,0.00741778668423,1.25907667707,1.05333249112,1.4119693037
baseline,96,4,COMPLETED,1.99272165612,0.00727834387528,1.25067533008,1.04560049715,1.41862311708
baseline,96,4,COMPLETED,1.9930092012,0.00699079879679,1.23330680795,1.02840383832,1.42518651128
baseline,96,4,COMPLETED,1.99328648486,0.00671351514018,1.23227204747,1.02794570231,1.43166377472
baseline,96,4,COMPLETED,1.99352212182,0.00647787818178,1.21290376371,1.01126653518,1.43805888348
baseline,96,4,COMPLETED,1.99378234244,0.00621765756024,1.19722681402,0.997423914553,1.44437553236
baseline,96,4,COMPLETED,1.99406670117,0.00593329883174,1.17211370243,0.974189880198,1.45061716213
baseline,96,4,COMPLETED,1.99420061552,0.00579938447788,1.16651338816,0.965473220163,1.45678698343
baseline,96,4,COMPLETED,1.99447847493,0.00552152507489,1.15596844089,0.954429609442,1.46288799786
baseline,96,4,COMPLETED,1.99471138498,0.00528861501978,1.15296127446,0.952857255374,1.46892301673
baseline,96,4,COMPLETED,1.9948639728,0.00513602720456,1.13958928,0.940632096544,1.47489467758
baseline,96,4,COMPLETED,1.99525534073,0.0047446592743,1.13686470343,0.93799827329,1.48080545899
baseline,96,4,COMPLETED,1.9954807764,0.004519223596,1.12150679585,0.921596181192,1.48665769377
baseline,96,4,COMPLETED,1.99570846415,0.00429153585369,1.11172747203,0.90904187696,1.49245358081
baseline,96,4,COMPLETED,1.99590768135,0.00409231865294,1.1076400995,0.906840913628,1.49819519568
baseline,96,4,COMPLETED,1.99598202018,0.00401797981611,1.08977685194,0.88906268703,1.50388450021
baseline,96,4,COMPLETED,1.99627144515,0.00372855484942,1.07409934206,0.872483511098,1.5095233511
baseline,96,4,COMPLETED,1.99648411549,0.0035158845138,1.06699990895,0.866518924552,1.51511350779
baseline,96,4,COMPLETED,1.99668317544,0.0033168245624,1.05609941191,0.854833964405,1.52065663946
baseline,96,4,COMPLETED,1.99670887409,0.00329112590858,1.05123375353,0.852475233587,1.52615433154
baseline,96,4,COMPLETED,1.99682472167,0.00317527832857,1.03981131962,0.842737538012,1.53160809151
baseline,96,4,COMPLETED,1.99705104211,0.00294895789484,1.01806136793,0.825010424648,1.53701935429
baseline,96,4,COMPLETED,1.99734867494,0.00265132506114,1.01002601109,0.816462055951,1.54238948711
baseline,96,4,COMPLETED,1.99735830136,0.00264169863928,0.999712583556,0.802111857098,1.54771979397
baseline,96,4,COMPLETED,1.99751358633,0.00248641367472,0.992920699236,0.798931885318,1.55301151973
baseline,96,4,COMPLETED,1.99756886447,0.00243113552801,0.979834176388,0.787144711005,1.55826585393
baseline,96,4,COMPLETED,1.99773032567,0.00226967432947,0.968292666878,0.773548462169,1.56348393419
baseline,96,4,COMPLETED,1.99787296258,0.00212703741609,0.960504458764,0.765119658615,1.56866684944
baseline,96,4,COMPLETED,1.99798093007,0.00201906993077,0.948935718694,0.756348237387,1.57381564285
baseline,96,4,COMPLETED,1.99805260727,0.00194739272873,0.940561485399,0.751801786254,1.57893131459
baseline,96,4,COMPLETED,1.99814363777,0.0018563622309,0.92692353436,0.736366792778,1.58401482428
baseline,96,4,COMPLETED,1.99831582439,0.00168417560937,0.91229434342,0.72156947362,1.5890670934
baseline,96,4,COMPLETED,1.99834899263,0.00165100736867,0.899066175941,0.709005096885,1.59408900739
baseline,96,4,COMPLETED,1.99840625765,0.00159374234544,0.887482049227,0.700518023661,1.59908141773
baseline,96,4,COMPLETED,1.99849902202,0.00150097797671,0.879906783239,0.69593620829,1.60404514374
baseline,96,4,COMPLETED,1.9985883621,0.00141163790411,0.866970535474,0.681557090652,1.60898097437
baseline,96,4,COMPLETED,1.99874967263,0.00125032736662,0.854969524924,0.671670407012,1.61388966983
baseline,96,4,COMPLETED,1.99864001187,0.00135998813238,0.84457393087,0.661966740688,1.61877196305
baseline,96,4,COMPLETED,1.9987096841,0.00129031589847,0.832853111837,0.651778474434,1.62362856116
baseline,96,4,COMPLETED,1.99882224569,0.00117775431187,0.823158425271,0.643397400198,1.6284601468
baseline,96,4,COMPLETED,1.99890591743,0.00105786792117,0.807796292398,0.627790237931,1.6332673793
baseline,96,4,COMPLETED,1.99840957394,0.00116443600007,0.800813747003,0.624153793293,1.63805089595
baseline,96,4,COMPLETED,1.99747746769,0.00111447000654,0.786187392198,0.610452245538,1.64281131298
baseline,96,4,COMPLETED,1.99517790663,0.000909065768732,0.772853193776,0.597475245789,1.64754922665
baseline,96,4,COMPLETED,1.99185744448,0.000929717813155,0.762014744061,0.588853123934,1.65226521422
baseline,96,4,COMPLETED,1.98782547554,0.000955563460246,0.747308134242,0.577836537273,1.65695983478
baseline,96,4,COMPLETED,1.98347813545,0.000841527593116,0.73935224025,0.569992541512,1.66163363018
baseline,96,4,COMPLETED,1.97699435694,0.000738647890073,0.730293193116,0.561483403543,1.6662871258
baseline,96,4,COMPLETED,1.9680951955,0.000758508304811,0.716376281461,0.549411389783,1.67092083129
baseline,96,4,COMPLETED,1.95589329283,0.00076237016132,0.70828382116,0.544673453515,1.67553524131
baseline,96,4,COMPLETED,1.94328402444,0.000667384243209,0.694649960191,0.531284335034,1.68013083619
baseline,96,4,COMPLETED,1.93207378044,0.000511251336488,0.682973458502,0.521697137914,1.68470808258
baseline,96,4,COMPLETED,1.91930842356,0.000619359060099,0.674360556858,0.516103536599,1.68926743403
baseline,96,4,COMPLETED,1.90394214604,0.000581085816802,0.659797800747,0.504448543664,1.69380933157
baseline,96,4,COMPLETED,1.88820669887,0.000472280254157,0.649318445403,0.496236084861,1.69833420426
baseline,96,4,COMPLETED,1.87305248007,0.000512761370578,0.637326149227,0.486678517964,1.70284246969
baseline,96,4,COMPLETED,1.85714369463,0.000490132010144,0.628082192024,0.481141544345,1.70733453446
baseline,96,4,COMPLETED,1.83847963112,0.000429562631737,0.615781388769,0.470118490166,1.71181079466
baseline,96,4,COMPLETED,1.81984857248,0.000323172975957,0.605894121496,0.459592803229,1.71627163629
baseline,96,4,COMPLETED,1.80228940095,0.000422468479912,0.595380504893,0.454887581593,1.72071743567
baseline,96,4,COMPLETED,1.78326687823,0.000370644407313,0.583907321346,0.445724365676,1.72514855987
baseline,96,4,COMPLETED,1.76292044238,0.0002582587014,0.571803676932,0.43489796667,1.72956536705
baseline,96,4,COMPLETED,1.74190249258,0.000346890562045,0.563777228291,0.429573079549,1.73396820683
baseline,96,4,COMPLETED,1.72171028195,0.000300987049484,0.548918641463,0.419152299313,1.73835742062
baseline,96,4,COMPLETED,1.70070622133,0.000191139174761,0.539140748441,0.410999343984,1.74273334199
baseline,96,4,COMPLETED,1.67865577066,0.00026153994833,0.530301096264,0.404841506565,1.74709629692
baseline,96,4,COMPLETED,1.65644804026,0.000217128080172,0.517470542897,0.394841167664,1.75144660413
baseline,96,4,COMPLETED,1.63436730045,0.000220430783694,0.508039490157,0.386538668044,1.75578457535
baseline,96,4,COMPLETED,1.61074849321,0.000222267426266,0.498533473389,0.379529714691,1.76011051563
baseline,96,4,COMPLETED,1.58736940379,0.0001114771266,0.486613857444,0.371543369006,1.76442472351
baseline,96,4,COMPLETED,1.56396015135,0.000107676368328,0.474551385741,0.362029855469,1.76872749138
baseline,96,4,COMPLETED,1.54068496033,0.000173318760831,0.467055266072,0.356380291134,1.77301910562
baseline,96,4,COMPLETED,1.51629420766,0.000124062118848,0.455445952269,0.347595577307,1.77729984688
baseline,96,4,COMPLETED,1.49120779513,0.000102045747868,0.444521258689,0.340116927147,1.78156999028
baseline,96,4,COMPLETED,1.46649615942,6.01269796007e-05,0.432711820182,0.330874319322,1.78582980563
baseline,96,4,COMPLETED,1.44183106531,2.34042487348e-05,0.425323137321,0.325934416885,1.79007955762
baseline,96,4,COMPLETED,1.41693905058,5.61090296426e-05,0.415003753856,0.317547380309,1.79431950601
baseline,96,4,COMPLETED,1.39147124088,4.86041055112e-05,0.403654179539,0.309686022816,1.79854990581
baseline,96,4,COMPLETED,1.36555202186,2.30507117682e-05,0.392867000957,0.301998699606,1.80277100748
baseline,96,4,COMPLETED,1.33952783769,2.00736801966e-05,0.386029344859,0.298126135681,1.80698305708
baseline,96,4,COMPLETED,1.31351967023,9.48003912467e-05,0.374973817251,0.289812283853,1.81118629644
baseline,96,4,COMPLETED,1.28741133322,3.49227030531e-05,0.366005671443,0.283621568495,1.81538096331
baseline,96,4,COMPLETED,1.26105685212,0.000116100161408,0.355104317855,0.276016662449,1.81956729153
baseline,96,4,COMPLETED,1.23410638262,8.83705988257e-05,0.345160752449,0.268393982218,1.82374551116
baseline,96,4,COMPLETED,1.20741230275,8.03099217732e-05,0.333243247583,0.259306747243,1.82791584863
baseline,96,4,COMPLETED,1.18064690316,0.000100105576705,0.328478194066,0.257204302169,1.83207852687
baseline,96,4,COMPLETED,1.15387054848,0.000153521953135,0.318306716763,0.249400652104,1.83623376545
baseline,96,4,COMPLETED,1.12685576116,0.000271616293406,0.308341890511,0.242402095936,1.84038178069
baseline,96,4,COMPLETED,1.09927646025,0.000146843062778,0.299615217835,0.236817134602,1.8445227858
baseline,96,4,COMPLETED,1.07169663814,0.000225668905845,0.289529058912,0.228791180213,1.84865699101
baseline,96,4,COMPLETED,1.04398009976,0.000175568661397,0.280782048962,0.22267594237,1.85278460364
baseline,96,4,COMPLETED,1.01647912983,0.000193784433274,0.271339193752,0.215158114618,1.85690582826
baseline,96,4,COMPLETED,0.988992935559,0.00019985456408,0.262334798074,0.209040842408,1.86102086676
baseline,96,4,COMPLETED,0.961308225365,0.000205448648441,0.253789810807,0.201979669202,1.8651299185
baseline,96,4,COMPLETED,0.933346507639,0.000216247174418,0.245083338669,0.196030428434,1.86923318035
baseline,96,4,COMPLETED,0.905239454343,0.000245358977522,0.236209034358,0.190124133368,1.87333084684
baseline,96,4,COMPLETED,0.877059143211,0.000309847311316,0.228450058287,0.184101550928,1.87742311024
baseline,96,4,COMPLETED,0.848775278127,0.000286106615096,0.218428484837,0.175580628024,1.88151016064
baseline,96,4,COMPLETED,0.820629234011,0.000343195901572,0.212078664353,0.171537213215,1.88559218606
baseline,96,4,COMPLETED,0.7923373012,0.000243478005427,0.202840371239,0.164859457537,1.88966937251
baseline,96,4,COMPLETED,0.764092852797,0.000307943024024,0.194505410518,0.158143166349,1.89374190412
baseline,96,4,COMPLETED,0.735623945394,0.000294520308614,0.186315850203,0.151884460736,1.89780996319
baseline,96,4,COMPLETED,0.70715802175,0.000331231759272,0.178601983158,0.145917665308,1.90187373026
baseline,96,4,COMPLETED,0.678340720226,0.000285143634966,0.169525620248,0.138339225272,1.90593338422
baseline,96,4,COMPLETED,0.64957629476,0.000274793802658,0.161293309783,0.131778612036,1.9099891024
baseline,96,4,COMPLETED,0.62076518054,0.000287035616699,0.15439360094,0.126942400415,1.91404106059
baseline,96,4,COMPLETED,0.592222215676,0.000267694228046,0.145959192278,0.119848283046,1.91808943315
baseline,96,4,COMPLETED,0.563651632647,0.000412477657917,0.139141012972,0.114842463585,1.92213439309
baseline,96,4,COMPLETED,0.534745084896,0.000386086999213,0.130698653521,0.107772045395,1.92617611213
baseline,96,4,COMPLETED,0.505903557275,0.000331300956754,0.123300571189,0.101843081166,1.93021476077
baseline,96,4,COMPLETED,0.47693169562,0.000319396410218,0.115825574668,0.095847460419,1.93425050836
baseline,96,4,COMPLETED,0.448043290389,0.000387911203702,0.108729184948,0.0902969125819,1.93828352314
baseline,96,4,COMPLETED,0.41892528693,0.000339753764652,0.100771066133,0.0836680893054,1.94231397237
baseline,96,4,COMPLETED,0.389924897792,0.000515665166221,0.0942220755847,0.0786419143961,1.94634202233
baseline,96,4,COMPLETED,0.360756089539,0.000373579044751,0.0865286291231,0.0722084242061,1.95036783844
baseline,96,4,COMPLETED,0.332056780714,0.000160520784957,0.0795141933079,0.0663344188137,1.95439158525
baseline,96,4,COMPLETED,0.302728012855,0.000392947548898,0.0722124007954,0.0604480950978,1.9584134266
baseline,96,4,COMPLETED,0.273754426967,0.000411816337932,0.0651259175489,0.0546563844886,1.96243352558
baseline,96,4,COMPLETED,0.244546969714,0.000363545768399,0.0584602324928,0.0490756680362,1.96645204467
baseline,96,4,COMPLETED,0.215438140829,0.0004475828195,0.0512083147817,0.0430247495704,1.97046914577
baseline,96,4,COMPLETED,0.186186636884,0.000345147698482,0.0441774564395,0.0372277367299,1.97448499023
baseline,96,4,COMPLETED,0.157025904743,0.000484558551544,0.0377570205176,0.0320898055834,1.97849973896
baseline,96,4,COMPLETED,0.127945811471,0.000198754520563,0.0307506369472,0.0260605589653,1.98251355248
baseline,96,4,COMPLETED,0.0986626272963,0.000394235213918,0.0240588886657,0.0205659643506,1.98652659094
baseline,96,4,COMPLETED,0.0694897663686,0.00030619245499,0.0172028409728,0.0146944368303,1.99053901421
baseline,96,4,COMPLETED,0.0402120145515,0.000441224460777,0.0106547529568,0.00909534153446,1.99455098192
baseline,96,4,COMPLETED,0.0110027327328,0.000395084697524,0.00529839643022,0.00413643016574,1.99856265356
baseline,96,4,COMPLETED,0.00156539713185,0.000432567657368,0.00414071536249,0.0034711904409,2
baseline,136,4,COMPLETED,0,0,0.000350887529989,0.000279064993542,0
baseline,136,4,COMPLETED,8.74855654661e-06,2.64527093064e-10,0.000350893345884,0.000279114960699,1.2e-06
baseline,136,4,COMPLETED,1.92468244096e-05,1.28035799638e-09,0.000350915678062,0.000279241015031,2.64e-06
baseline,136,4,COMPLETED,3.1844745865e-05,3.50504624343e-09,0.000350964580587,0.000279392304012,4.368e-06
baseline,136,4,COMPLETED,4.69622516591e-05,7.62286668383e-09,0.000351055079192,0.00027965088408,6.4416e-06
baseline,136,4,COMPLETED,6.51032587117e-05,1.46496548873e-08,0.000351209454876,0.000280080231858,8.92992e-06
baseline,136,4,COMPLETED,8.68724673739e-05,2.60847804458e-08,0.00035146053466,0.000280601514343,1.1915904e-05
baseline,136,4,COMPLETED,0.000112995518151,4.41312208013e-08,0.000351856413543,0.000281311755572,1.54990848e-05
baseline,136,4,COMPLETED,0.00014434339506,7.17986668165e-08,0.000352467192815,0.000282368512702,1.979890176e-05
baseline,136,4,COMPLETED,0.000181963036243,1.10808782039e-07,0.000353394523987,0.000283766013386,2.4958682112e-05
baseline,136,4,COMPLETED,0.000227108650279,1.59936303464e-07,0.000354784985754,0.000285632311432,3.11504185344e-05
baseline,136,4,COMPLETED,0.000281283502726,2.18761540317e-07,0.000356848556369,0.000288156743438,3.85805022413e-05
baseline,136,4,COMPLETED,0.000346293228062,2.88904445475e-07,0.000359883581967,0.000291567857642,4.74966026895e-05
baseline,136,4,COMPLETED,0.000424304820205,3.72368305751e-07,0.000364309493506,0.000296201961641,5.81959232274e-05
baseline,136,4,COMPLETED,0.000517919769989,4.70254605691e-07,0.000369917699801,0.000301570700087,7.10351078729e-05
baseline,136,4,COMPLETED,0.000630258158797,5.82052931264e-07,0.000379088041602,0.000309492360817,8.64421294475e-05
baseline,136,4,COMPLETED,0.000765063811274,7.06989167675e-07,0.000391254927679,0.000319435454298,0.000104930555337
baseline,136,4,COMPLETED,0.000926830003773,8.43633820464e-07,0.000409212665021,0.000333040545325,0.000127116666404
baseline,136,4,COMPLETED,0.00112094859729,9.88483961711e-07,0.000434386735239,0.000351963661842,0.000153739999685
baseline,136,4,COMPLETED,0.00135389038576,1.13410287847e-06,0.000468493797053,0.000377078431087,0.000185687999622
baseline,136,4,COMPLETED,0.00163342010916,1.26654821179e-06,0.000513818425413,0.000411098690435,0.000224025599547
baseline,136,4,COMPLETED,0.00196885348404,1.36277371607e-06,0.000573254846614,0.000459122889131,0.000270030719456
baseline,136,4,COMPLETED,0.00237137022629,1.38785922257e-06,0.000649619518711,0.000527398349297,0.000325236863347
baseline,136,4,COMPLETED,0.00285438569954,1.28781571709e-06,0.000746117655465,0.000612362304801,0.000391484236017
baseline,136,4,COMPLETED,0.00343399786927,9.80365335138e-07,0.000866708538649,0.000716215328885,0.00047098108322
baseline,136,4,COMPLETED,0.00412952369199,3.41587799648e-07,0.0010162998236,0.000842779151737,0.000566377299864
baseline,136,4,COMPLETED,0.00496414277956,8.13492489887e-07,0.00119903814057,0.000996820964514,0.000680852759837
baseline,136,4,COMPLETED,0.00596566983151,2.75908625123e-06,0.00142178063268,0.00118404156071,0.000818223311805
baseline,136,4,COMPLETED,0.00716748167172,5.89949961344e-06,0.00168737186585,0.00140631969265,0.000983067974166
baseline,136,4,COMPLETED,0.0086085772519,9.71773704718e-06,0.00201285559237,0.00167883910784,0.001180881569
baseline,136,4,COMPLETED,0.0103390095256,1.32362199073e-05,0.00240958291098,0.00200892963794,0.0014182578828
baseline,136,4,COMPLETED,0.012416554322,1.74661940631e-05,0.00288469782358,0.00240513861836,0.00170310945936
baseline,136,4,COMPLETED,0.0149081952906,1.87951194065e-05,0.00346151166474,0.00289144966024,0.00204493135123
baseline,136,4,COMPLETED,0.0178948482079,1.71571415194e-05,0.00415207095322,0.00346538191426,0.00245511762148
baseline,136,4,COMPLETED,0.0214758475991,1.48435567889e-05,0.00498391661706,0.00415790338554,0.00294734114577
baseline,136,4,COMPLETED,0.0257729534111,1.40229178517e-05,0.00597754324721,0.00498914499319,0.00353800937493
baseline,136,4,COMPLETED,0.0309325518575,1.10649022895e-05,0.00717240530317,0.0059809293153,0.00424681124991
baseline,136,4,COMPLETED,0.0371227379521,1.30802725175e-05,0.00861119438838,0.00718667864242,0.00509737349989
baseline,136,4,COMPLETED,0.0445594144937,9.48428000995e-06,0.0103782845112,0.00869111946374,0.00611804819987
baseline,136,4,COMPLETED,0.0534803341667,1.39754117985e-05,0.0124039978244,0.0103614598457,0.00734285783985
baseline,136,4,COMPLETED,0.0641679254139,1.81862889784e-05,0.0148388198607,0.0123946615561,0.00881262940781
baseline,136,4,COMPLETED,0.0769891110447,1.0743131281e-05,0.0177830406523,0.0148300556051,0.0105763552894
baseline,136,4,COMPLETED,0.0923955990719,2.90435214306e-05,0.0214910850116,0.0179702973036,0.0126928263473
baseline,136,4,COMPLETED,0.110799729953,9.14250059964e-05,0.0257548235239,0.0214967508336,0.0152325916167
baseline,136,4,COMPLETED,0.131439111543,3.64456744755e-05,0.030640796732,0.0256513308925,0.018063972464
baseline,136,4,COMPLETED,0.152025541039,5.5186942245e-05,0.0354106044812,0.0295377489417,0.0208956827168
baseline,136,4,COMPLETED,0.172667366131,4.95118338062e-05,0.0401388934162,0.0334482270608,0.0237277785264
baseline,136,4,COMPLETED,0.193219848884,3.10845409109e-05,0.0449165436534,0.0374061761253,0.0265603161112
baseline,136,4,COMPLETED,0.213812475879,8.64951635295e-06,0.0498953659995,0.041636671168,0.0293933517668
baseline,136,4,COMPLETED,0.234321539008,8.43255807462e-05,0.0549437157183,0.0457845154355,0.0322269418761
baseline,136,4,COMPLETED,0.254939589601,3.24515462835e-05,0.059591872316,0.0495726964442,0.0350611429195
baseline,136,4,COMPLETED,0.275432188926,6.22348723526e-05,0.0645515574218,0.0536914988837,0.0378960114851
baseline,136,4,COMPLETED,0.296048190805,1.11249431105e-05,0.069521744593,0.0577615532859,0.0407316042788
baseline,136,4,COMPLETED,0.316601403345,2.88549712637e-06,0.0743376482742,0.061707620541,0.0435679781347
baseline,136,4,COMPLETED,0.337076272292,9.2955895487e-06,0.0795660538043,0.0659941338536,0.0464051900258
baseline,136,4,COMPLETED,0.357695068451,1.89045444326e-05,0.0842912612828,0.0698252514102,0.0492432970741
baseline,136,4,COMPLETED,0.378090141274,4.40284636206e-05,0.0896804409537,0.0743603079901,0.052082356561
baseline,136,4,COMPLETED,0.398651150472,8.68745372543e-06,0.0944843781166,0.0780749073679,0.0549224259384
baseline,136,4,COMPLETED,0.41899649229,2.69000816064e-05,0.0997876278025,0.0825556133115,0.0577635628391
baseline,136,4,COMPLETED,0.439423746001,5.59424184994e-05,0.105082220801,0.0870184146788,0.0606058250874
baseline,136,4,COMPLETED,0.459727127715,0.000173122665139,0.110270670723,0.0910868688381,0.0634492707105
baseline,136,4,COMPLETED,0.480367940896,1.69713140263e-05,0.115588551072,0.095406962504,0.0662939579489
baseline,136,4,COMPLETED,0.500649719674,9.62476124949e-05,0.12056486307,0.0992972867498,0.069139945268
baseline,136,4,COMPLETED,0.521245926857,6.33264549929e-06,0.126199930456,0.104064008017,0.0719872913689
baseline,136,4,COMPLETED,0.541457193323,5.43210951972e-05,0.131323142305,0.108025180121,0.0748360552001
baseline,136,4,COMPLETED,0.561884510193,3.03624103725e-05,0.137362175479,0.11312120519,0.0776862959686
baseline,136,4,COMPLETED,0.582073547015,2.15558386514e-05,0.141976094557,0.116366019655,0.0805380731517
baseline,136,4,COMPLETED,0.602408116888,3.37330397067e-05,0.14699905601,0.12041153357,0.0833914465089
baseline,136,4,COMPLETED,0.622612201603,3.92527236289e-05,0.153110252142,0.125405347111,0.0862464760932
baseline,136,4,COMPLETED,0.642961556635,1.85101386053e-05,0.159154036274,0.130476440499,0.0891032222637
baseline,136,4,COMPLETED,0.663211849632,1.7748197805e-05,0.16423994449,0.134151850225,0.0919617456977
baseline,136,4,COMPLETED,0.683464955101,1.43593929692e-05,0.169471029637,0.138211281922,0.0948221074028
baseline,136,4,COMPLETED,0.703610367187,3.0421648729e-06,0.175605894966,0.143224284273,0.0976843687295
baseline,136,4,COMPLETED,0.723687493435,5.55975857406e-05,0.181271631665,0.147241603096,0.100548591384
baseline,136,4,COMPLETED,0.743774034917,1.72385404644e-05,0.186550163469,0.151294278663,0.103414837442
baseline,136,4,COMPLETED,0.763765172184,4.31421979052e-05,0.192715921185,0.156555879495,0.106283169359
baseline,136,4,COMPLETED,0.783839148091,1.76484682852e-05,0.197649025109,0.160100369653,0.109153649987
baseline,136,4,COMPLETED,0.803821083646,6.52760125304e-05,0.2038581697,0.164651919489,0.112026342586
baseline,136,4,COMPLETED,0.823930535138,4.09845118133e-05,0.210502457371,0.169890115186,0.114901310839
baseline,136,4,COMPLETED,0.843778171247,0.000152469235169,0.216288347408,0.174562606505,0.117778618864
baseline,136,4,COMPLETED,0.863771028372,1.81547778385e-05,0.222509540791,0.179429255383,0.120658331231
baseline,136,4,COMPLETED,0.883484356895,9.56818728675e-05,0.228095507158,0.183751103723,0.123540512974
baseline,136,4,COMPLETED,0.903229870796,7.06377354488e-05,0.234568943051,0.18843349046,0.126425229607
baseline,136,4,COMPLETED,0.92294144403,7.08195271925e-05,0.240317865262,0.192463152054,0.129312547138
baseline,136,4,COMPLETED,0.942743710949,6.58108995289e-05,0.246428689589,0.196891632408,0.132202532086
baseline,136,4,COMPLETED,0.962541971258,8.08741743754e-05,0.252020667083,0.201211054146,0.135095251496
baseline,136,4,COMPLETED,0.982226062734,8.5312137057e-05,0.258603479945,0.206405868709,0.137990772952
baseline,136,4,COMPLETED,1.00182567107,4.925839351e-05,0.264288884581,0.210783035256,0.140889164599
baseline,136,4,COMPLETED,1.02122470954,0.000102654675809,0.272010575283,0.216272384215,0.143790495153
baseline,136,4,COMPLETED,1.04065761386,6.69727459501e-05,0.278598602184,0.221064586716,0.146694833923
baseline,136,4,COMPLETED,1.05991128751,0.000153934029457,0.28404731173,0.225130224461,0.149602250826
baseline,136,4,COMPLETED,1.07951483449,7.23181384665e-05,0.291131975411,0.230561373029,0.152512816404
baseline,136,4,COMPLETED,1.0988483259,0.00011124680296,0.297008471108,0.234377130041,0.155426601844
baseline,136,4,COMPLETED,1.11815699566,0.000102807359433,0.303170242069,0.238010034173,0.158343678994
baseline,136,4,COMPLETED,1.1373003936,8.3207098859e-05,0.309031468975,0.243233217244,0.161264120383
baseline,136,4,COMPLETED,1.15640375268,8.2186813556e-05,0.316132584094,0.247907402909,0.164187999239
baseline,136,4,COMPLETED,1.17549893206,0.000107799403413,0.322992528984,0.252899981395,0.167115389513
baseline,136,4,COMPLETED,1.19436654624,0.000213112283544,0.328958904537,0.257575886842,0.170046365891
baseline,136,4,COMPLETED,1.21345297208,0.000106853602251,0.337003504027,0.263393500181,0.172981003822
baseline,136,4,COMPLETED,1.23223961255,0.000164054866541,0.343219408074,0.267598574265,0.175919379536
baseline,136,4,COMPLETED,1.25087455875,0.000120104031876,0.351055587973,0.273466408432,0.178861570065
baseline,136,4,COMPLETED,1.26942160126,0.000122666259787,0.35533548296,0.276188035201,0.181807653264
baseline,136,4,COMPLETED,1.28808677722,0.000146116195131,0.363090993546,0.282180909931,0.184757707839
baseline,136,4,COMPLETED,1.30681547136,0.000150833974968,0.369846024671,0.286984095421,0.187711813363
baseline,136,4,COMPLETED,1.32532048992,0.00021180540075,0.376894691397,0.292539984617,0.190670050303
baseline,136,4,COMPLETED,1.34355464845,0.000155035552153,0.385133631331,0.298746289729,0.193632500047
baseline,136,4,COMPLETED,1.36164615318,0.000150990110763,0.390500421027,0.301269380947,0.196599244923
baseline,136,4,COMPLETED,1.37974547975,0.000188603657841,0.397995843893,0.307279590866,0.199570368229
baseline,136,4,COMPLETED,1.39787229282,0.000159830225681,0.40462275561,0.312261366783,0.202545954259
baseline,136,4,COMPLETED,1.41596925573,0.000246088180369,0.412774027589,0.318171019779,0.205526088327
baseline,136,4,COMPLETED,1.43379352063,0.000174945478719,0.41869567354,0.32294812319,0.208510856799
baseline,136,4,COMPLETED,1.45125695629,0.000185611707833,0.426539718282,0.329570466098,0.211500347115
baseline,136,4,COMPLETED,1.46863479319,0.000206461368143,0.434156796398,0.334937511217,0.214494647826
baseline,136,4,COMPLETED,1.48620498516,0.00017214332081,0.4426013106,0.34094402338,0.217493848618
baseline,136,4,COMPLETED,1.50379421121,0.00022884127204,0.447996451082,0.344850789729,0.220498040345
baseline,136,4,COMPLETED,1.5207969008,0.000187467386179,0.455791020827,0.350361255795,0.223507315062
baseline,136,4,COMPLETED,1.53788243517,0.000181100904556,0.462054594948,0.354869942968,0.226521766055
baseline,136,4,COMPLETED,1.55483210083,0.000215979013398,0.471142512281,0.361801144648,0.229541487874
baseline,136,4,COMPLETED,1.5716543058,0.000207347839974,0.47774285755,0.366642930947,0.232566576374
baseline,136,4,COMPLETED,1.58809276994,0.000184917278885,0.484743601193,0.372340625621,0.23559712874
baseline,136,4,COMPLETED,1.60436470563,0.000188507229835,0.493424345884,0.378159947958,0.238633243534
baseline,136,4,COMPLETED,1.620730793,0.000193265943246,0.499552035755,0.382349678907,0.241675020725
baseline,136,4,COMPLETED,1.63695418157,0.000192419211567,0.508122339907,0.389842990692,0.244722561733
baseline,136,4,COMPLETED,1.65297134423,0.000185385327552,0.514919888176,0.394247123948,0.247775969464
baseline,136,4,COMPLETED,1.66839357907,0.000179773706535,0.521746915216,0.397838036041,0.250835348357
baseline,136,4,COMPLETED,1.68355323452,0.000212178379319,0.530064044476,0.405232173843,0.25390080442
baseline,136,4,COMPLETED,1.69922709164,0.000163606944802,0.538820365279,0.411935449594,0.256972445282
baseline,136,4,COMPLETED,1.71451251851,0.000158990049427,0.544935511887,0.415843622729,0.260050380229
baseline,136,4,COMPLETED,1.72913571187,0.00023489251049,0.552906271328,0.422465418999,0.263134720257
baseline,136,4,COMPLETED,1.74366198175,0.000158230671465,0.561377856645,0.429219972637,0.266225578119
baseline,136,4,COMPLETED,1.75828040422,0.000162896426178,0.567199664194,0.433116232336,0.269323068373
baseline,136,4,COMPLETED,1.77214855327,0.000257993461115,0.576185039773,0.440456351534,0.272427307434
baseline,136,4,COMPLETED,1.78614068113,0.000179154806691,0.584391938503,0.446358056146,0.27553841363
baseline,136,4,COMPLETED,1.79987030087,0.000180906582646,0.591027651533,0.450904752353,0.278656507251
baseline,136,4,COMPLETED,1.81356809812,0.000243035803582,0.599655418167,0.458615374611,0.281781710611
baseline,136,4,COMPLETED,1.82597255341,0.000202514713261,0.608933599306,0.465026703342,0.284914148105
baseline,136,4,COMPLETED,1.83853922423,0.000235736621782,0.615945122385,0.469114971209,0.288053946267
baseline,136,4,COMPLETED,1.8514144195,0.000249143803097,0.622367698214,0.476391080714,0.291201233837
baseline,136,4,COMPLETED,1.86386325685,0.000199534290696,0.630781753229,0.48254430979,0.294356141823
baseline,136,4,COMPLETED,1.87493703251,0.000234359835735,0.637602256632,0.487092784949,0.297518803569
baseline,136,4,COMPLETED,1.88615274794,0.000255217407361,0.646337955088,0.494951699424,0.300689354826
baseline,136,4,COMPLETED,1.8977542772,0.000269054763037,0.653402649512,0.500859649974,0.303867933821
baseline,136,4,COMPLETED,1.90855043775,0.000255987312689,0.66339004666,0.507334238183,0.307054681334
baseline,136,4,COMPLETED,1.91802332355,0.000287735653469,0.672061166509,0.515875573383,0.310249740775
baseline,136,4,COMPLETED,1.92778082109,0.000365820424116,0.679253506207,0.521527272395,0.313453258265
baseline,136,4,COMPLETED,1.93791132912,0.000319881359944,0.687705655675,0.528254228076,0.316665382717
baseline,136,4,COMPLETED,1.94687875999,0.000328571193222,0.694678435369,0.53107063072,0.319886265925
baseline,136,4,COMPLETED,1.95407698242,0.000409207482563,0.704084943402,0.540694021415,0.323116062654
baseline,136,4,COMPLETED,1.96192788103,0.000394639399078,0.711303650414,0.548161995641,0.326354930728
baseline,136,4,COMPLETED,1.97010003376,0.000450490268594,0.718306503359,0.552071297442,0.329603031133
baseline,136,4,COMPLETED,1.97718210767,0.000443956993325,0.725610759847,0.558808807463,0.332860528117
baseline,136,4,COMPLETED,1.98288225131,0.000491163305229,0.733770393007,0.566450268147,0.336127589288
baseline,136,4,COMPLETED,1.98770538008,0.00049451765216,0.744125567643,0.575492237632,0.33940438573
baseline,136,4,COMPLETED,1.99092881775,0.000521603154849,0.753588245507,0.581693858541,0.342691092113
baseline,136,4,COMPLETED,1.99356263049,0.000642452088143,0.759886631227,0.586796247292,0.345987886811
baseline,136,4,COMPLETED,1.99624275305,0.000607267659679,0.769618829389,0.596837459376,0.349294952021
baseline,136,4,COMPLETED,1.99785935457,0.000627958719224,0.775562305658,0.601199493357,0.352612473898
baseline,136,4,COMPLETED,1.99882565335,0.00067244571656,0.786772315643,0.610224200137,0.35594064268
baseline,136,4,COMPLETED,1.99910730725,0.000744698445083,0.795064710001,0.618122531324,0.35927965283
baseline,136,4,COMPLETED,1.99917349231,0.000826507688895,0.802177798036,0.624738984825,0.362629703181
baseline,136,4,COMPLETED,1.99922137677,0.000778623231143,0.808941706045,0.631327554996,0.365990997085
baseline,136,4,COMPLETED,1.99918568164,0.000814318358588,0.81624071453,0.637397498115,0.369363742568
baseline,136,4,COMPLETED,1.99912445741,0.000875542585627,0.826620377648,0.647609050653,0.372748152498
baseline,136,4,COMPLETED,1.99915121182,0.000848788183201,0.835537631902,0.655900365813,0.376144444753
baseline,136,4,COMPLETED,1.99912880935,0.000871190645313,0.844655256635,0.663796479294,0.379552842401
baseline,136,4,COMPLETED,1.99911064555,0.000889354448021,0.855129246226,0.672519591504,0.382973573887
baseline,136,4,COMPLETED,1.999068963,0.000931037002264,0.863831642333,0.680825842305,0.386406873226
baseline,136,4,COMPLETED,1.99910745439,0.000892545614167,0.872331069087,0.690108563621,0.38985298021
baseline,136,4,COMPLETED,1.99910560922,0.000894390778,0.878877928688,0.694822175807,0.39331214062
baseline,136,4,COMPLETED,1.99911064102,0.0008893589762,0.887438784395,0.701478702157,0.396784606453
baseline,136,4,COMPLETED,1.99907373645,0.000926263551766,0.89966627531,0.715206065718,0.400270636151
baseline,136,4,COMPLETED,1.99908806577,0.000911934229151,0.906134118191,0.721533426256,0.403770494852
baseline,136,4,COMPLETED,1.99911139725,0.000888602753683,0.91596666618,0.730454174312,0.407284454646
baseline,136,4,COMPLETED,1.99914635421,0.000853645789315,0.919116504835,0.731851311486,0.410812794845
baseline,136,4,COMPLETED,1.99914313605,0.000856863951109,0.9313913446,0.743636481178,0.414355802266
baseline,136,4,COMPLETED,1.99916451631,0.000835483689052,0.940473077298,0.752759552099,0.417913771533
baseline,136,4,COMPLETED,1.99914038808,0.000859611923879,0.952358898109,0.764983139805,0.421487005386
baseline,136,4,COMPLETED,1.99922479663,0.000775203367016,0.962801764678,0.775365887585,0.425075815013
baseline,136,4,COMPLETED,1.9992565347,0.000743465296919,0.969738721991,0.780970991491,0.428680520396
baseline,136,4,COMPLETED,1.99928494289,0.000715057111219,0.978784111193,0.79054334162,0.432301450678
baseline,136,4,COMPLETED,1.99935344936,0.000646550641907,0.985592190317,0.795907303043,0.435938944541
baseline,136,4,COMPLETED,1.99938454495,0.000615455046783,0.994054689897,0.804784473333,0.439593350621
baseline,136,4,COMPLETED,1.99945854061,0.000541459385556,1.00129871218,0.811269308248,0.443265027926
baseline,136,4,COMPLETED,1.99949977136,0.000500228640174,1.00910608967,0.817513834006,0.446954346293
baseline,136,4,COMPLETED,1.99955795383,0.00044204617405,1.01959015896,0.830267709476,0.450661686861
baseline,136,4,COMPLETED,1.9995901748,0.00040982519533,1.02536360207,0.835794766136,0.454387442576
baseline,136,4,COMPLETED,1.99969763774,0.000302362255391,1.0333750874,0.84389625395,0.45813201872
baseline,136,4,COMPLETED,1.99978834141,0.000211658592568,1.04288912834,0.849472176785,0.461895833477
baseline,136,4,COMPLETED,1.99984662324,0.000153376762323,1.04758334145,0.851992662285,0.465679318531
baseline,136,4,COMPLETED,1.99986853755,0.00013146245169,1.05958224675,0.866323440564,0.469482919689
baseline,136,4,COMPLETED,1.99996048316,3.9516838744e-05,1.06834673186,0.874769172058,0.473307097562
baseline,136,4,COMPLETED,2.00001358005,1.35800485722e-05,1.07230674135,0.878092925933,0.477152328268
baseline,136,4,COMPLETED,2.00017884033,0.00017884032706,1.08398813378,0.887994974705,0.481019104189
baseline,136,4,COMPLETED,2.0002075722,0.000207572199435,1.08950473034,0.894058355563,0.484907934776
baseline,136,4,COMPLETED,2.00025841573,0.000258415732453,1.09871747742,0.902495570748,0.4888193474
baseline,136,4,COMPLETED,2.00037557637,0.000375576371886,1.10576387186,0.911197743738,0.492753888265
baseline,136,4,COMPLETED,2.0004167682,0.000416768204813,1.10906929958,0.911287998375,0.496712123371
baseline,136,4,COMPLETED,2.00052731801,0.00052731801462,1.11663381693,0.919283546925,0.500694639556
baseline,136,4,COMPLETED,2.00055438948,0.000554389481377,1.12234035424,0.92304288276,0.504702045593
baseline,136,4,COMPLETED,2.00068308147,0.000683081466352,1.13038501308,0.933478638441,0.508734973373
baseline,136,4,COMPLETED,2.00070468128,0.000704681276246,1.13957846338,0.942713234707,0.512794079169
baseline,136,4,COMPLETED,2.00074736057,0.000747360571139,1.15014583936,0.950735680148,0.516880044982
baseline,136,4,COMPLETED,2.00086824907,0.00086824906664,1.15454296266,0.952928388385,0.520993579997
baseline,136,4,COMPLETED,2.000912767,0.00091276700495,1.16451596104,0.960829685985,0.525135422133
baseline,136,4,COMPLETED,2.00093042738,0.000930427382483,1.17375933043,0.969457514524,0.529306339717
baseline,136,4,COMPLETED,2.0009518721,0.000951872101083,1.1839136824,0.980543143821,0.53350713328
baseline,136,4,COMPLETED,2.00110933967,0.00110933966735,1.18755102398,0.983697505914,0.537738637496
baseline,136,4,COMPLETED,2.0010833026,0.00108330260278,1.18969285452,0.983837006731,0.542001723264
baseline,136,4,COMPLETED,2.00115604226,0.0011560422631,1.19977843065,0.995443902244,0.546297299967
baseline,136,4,COMPLETED,2.00112753814,0.0011275381361,1.20249104689,0.996189615912,0.550626317905
baseline,136,4,COMPLETED,2.00114703426,0.00114703425562,1.21258236992,1.00666180456,0.554989770937
baseline,136,4,COMPLETED,2.00120913998,0.00120913998209,1.22038416696,1.01377105622,0.559388699335
baseline,136,4,COMPLETED,2.00115411898,0.0011541189799,1.22336767105,1.01419629513,0.563824192894
baseline,136,4,COMPLETED,2.00119575141,0.0011957514115,1.22917996597,1.02067342454,0.568297394304
baseline,136,4,COMPLETED,2.00115788889,0.00115788889488,1.23508597943,1.0261921896,0.57280950283
baseline,136,4,COMPLETED,2.00116801063,0.00116801062706,1.23764218713,1.02880100384,0.577361778321
baseline,136,4,COMPLETED,2.00112871752,0.00112871751817,1.24781295808,1.04112392065,0.581955545591
baseline,136,4,COMPLETED,2.00109695615,0.00109695614744,1.25843157337,1.04837178016,0.586592199222
baseline,136,4,COMPLETED,2.00108937985,0.00108937984955,1.2665421533,1.05279485906,0.591273208818
baseline,136,4,COMPLETED,2.00099422966,0.000994229656229,1.27674468846,1.06230296089,0.596000124792
baseline,136,4,COMPLETED,2.00091294915,0.000912949151226,1.28219110869,1.06719947677,0.600774584726
baseline,136,4,COMPLETED,2.00084349477,0.000843494766248,1.28953184963,1.07227578522,0.605598320398
baseline,136,4,COMPLETED,2.00079266106,0.000792661058593,1.30019169412,1.08374754848,0.610473165542
baseline,136,4,COMPLETED,2.00065893919,0.000658939188852,1.30584291436,1.08867784594,0.615401064452
baseline,136,4,COMPLETED,2.00058957787,0.00058957786617,1.31128212941,1.09220632174,0.620384081545
baseline,136,4,COMPLETED,2.00043909833,0.00043909832983,1.31858477331,1.09964876883,0.625424411999
baseline,136,4,COMPLETED,2.00031353817,0.000313538172077,1.32696290294,1.10690916673,0.630524393641
baseline,136,4,COMPLETED,2.00013589509,0.000135895090437,1.33372370997,1.11487186013,0.635686520252
baseline,136,4,COMPLETED,2.00011953614,0.000119536136794,1.33514152516,1.11454344099,0.640913456509
baseline,136,4,COMPLETED,1.99995166736,4.83326406747e-05,1.33966261625,1.11787177163,0.64620805481
baseline,136,4,COMPLETED,1.99975259269,0.000247407307417,1.34967158852,1.12923634113,0.65157337429
baseline,136,4,COMPLETED,1.99948345328,0.00051654671585,1.35066204796,1.12730424323,0.657012702374
baseline,136,4,COMPLETED,1.99935069443,0.000649305568625,1.35500550878,1.13163457034,0.662529579302
baseline,136,4,COMPLETED,1.99916396221,0.000836037786968,1.36494700524,1.14277716899,0.66812782614
baseline,136,4,COMPLETED,1.9988983526,0.0011016473963,1.3735701019,1.15316159797,0.673811576894
baseline,136,4,COMPLETED,1.99877527403,0.00122472597057,1.37222382031,1.14898426053,0.679585315501
baseline,136,4,COMPLETED,1.99860726487,0.00139273513284,1.39162176997,1.16664743004,0.685453918603
baseline,136,4,COMPLETED,1.99832593586,0.00167406414399,1.40217770581,1.17655398346,0.69142270529
baseline,136,4,COMPLETED,1.99802722058,0.00197277942387,1.40858135342,1.18033241959,0.697497495197
baseline,136,4,COMPLETED,1.99780908533,0.00219091466556,1.4172572969,1.18764183324,0.703684676779
baseline,136,4,COMPLETED,1.99763666329,0.00236333670558,1.4281924496,1.19991231557,0.709991287994
baseline,136,4,COMPLETED,1.99743734601,0.00256265399453,1.43322263604,1.20481218192,0.716425112277
baseline,136,4,COMPLETED,1.99713797317,0.00286202682971,1.44609284055,1.21743208182,0.722994793487
baseline,136,4,COMPLETED,1.99699915304,0.0030008469554,1.45195328676,1.22325021897,0.729709974608
baseline,136,4,COMPLETED,1.99676374264,0.00323625735547,1.45779143227,1.22625386684,0.736581466482
baseline,136,4,COMPLETED,1.99653607712,0.00346392288451,1.46326193379,1.23348819683,0.743621454895
baseline,136,4,COMPLETED,1.99625587354,0.00374412646365,1.47067086047,1.24157931079,0.750843757211
baseline,136,4,COMPLETED,1.99606360859,0.00393639140538,1.48079793196,1.25347143375,0.758264143798
baseline,136,4,COMPLETED,1.99587566092,0.00412433907741,1.48622848819,1.2585045099,0.765900745391
baseline,136,4,COMPLETED,1.99565666077,0.00434333923396,1.49166791067,1.26560556938,0.773774576099
baseline,136,4,COMPLETED,1.99534984324,0.00465015676012,1.49938743766,1.2744031851,0.781910214797
baseline,136,4,COMPLETED,1.9951036082,0.00489639179605,1.50941434952,1.28469768272,0.790336707451
baseline,136,4,COMPLETED,1.99487684243,0.00512315756911,1.51216184241,1.28788292357,0.799088784408
baseline,136,4,COMPLETED,1.99464693395,0.00535306605275,1.52330748995,1.30143515783,0.808208537655
baseline,136,4,COMPLETED,1.99439196384,0.00560803616076,1.53051030697,1.31239562774,0.817747788875
baseline,136,4,COMPLETED,1.99423750026,0.00576249974493,1.53423728973,1.31482279398,0.82777152908
baseline,136,4,COMPLETED,1.9940419809,0.00595801910022,1.53984890677,1.31842622416,0.83836308499
baseline,136,4,COMPLETED,1.99385027862,0.00614972137923,1.55964903781,1.33867371669,0.849632196971
baseline,136,4,COMPLETED,1.99350194716,0.00649805284115,1.56969563805,1.34810648274,0.861728284294
baseline,136,4,COMPLETED,1.99329694314,0.00670305685789,1.57960863578,1.35473539282,0.874863605951
baseline,136,4,COMPLETED,1.99313856537,0.00686143463155,1.59149750076,1.36679046865,0.889357020628
baseline,136,4,COMPLETED,1.99301358141,0.00698641859019,1.60682352105,1.38473240001,0.905725893618
baseline,136,4,COMPLETED,1.99282994159,0.00717005841497,1.61217101823,1.39376901462,0.924910377212
baseline,136,4,COMPLETED,1.99271775627,0.00728224373103,1.62003474961,1.3999113685,0.947931757525
baseline,136,4,COMPLETED,1.99262208892,0.00737791108145,1.62446003816,1.4035940401,0.975557413901
baseline,136,4,COMPLETED,1.99259785779,0.00740214220871,1.62440907071,1.40345061754,1.00870820155
baseline,136,4,COMPLETED,1.99271378322,0.00728621678227,1.62023173398,1.39985329045,1.04848914673
baseline,136,4,COMPLETED,1.99298740579,0.00701259420621,1.60915218058,1.38759794826,1.0856879986
baseline,136,4,COMPLETED,1.99314075262,0.00685924738463,1.59415205997,1.36978579822,1.10678138008
baseline,136,4,COMPLETED,1.99333446242,0.00666553758159,1.58038076555,1.35589352208,1.12373634393
baseline,136,4,COMPLETED,1.99360530271,0.00639469729329,1.5710589315,1.35040882183,1.13839164303
baseline,136,4,COMPLETED,1.99394104324,0.00605895675768,1.56101302796,1.34052863092,1.15151576153
baseline,136,4,COMPLETED,1.9941095603,0.00589043970287,1.5395855445,1.31854136844,1.16352192026
baseline,136,4,COMPLETED,1.99435492035,0.00564507965263,1.53437238681,1.31505225538,1.17466394746
baseline,136,4,COMPLETED,1.99451147858,0.00548852141788,1.53205570406,1.31617775379,1.18511146422
baseline,136,4,COMPLETED,1.99476617064,0.0052338293628,1.52525727758,1.30376313844,1.19498466427
baseline,136,4,COMPLETED,1.99498007114,0.00501992886421,1.51345056742,1.28894344715,1.20437249061
baseline,136,4,COMPLETED,1.99518678035,0.0048132196482,1.5071702221,1.28429649497,1.21334299938
baseline,136,4,COMPLETED,1.99546729964,0.00453270035997,1.49783691558,1.27609541971,1.2219496702
baseline,136,4,COMPLETED,1.99572028011,0.00427971988959,1.49436958017,1.27032338805,1.23023545133
baseline,136,4,COMPLETED,1.99585212665,0.00414787335313,1.4881488643,1.26391509611,1.23823546281
baseline,136,4,COMPLETED,1.99606711715,0.00393288284789,1.47963835874,1.25416396603,1.24597886573
baseline,136,4,COMPLETED,1.99624265616,0.00375734384192,1.47037605667,1.24646842802,1.25349019262
baseline,136,4,COMPLETED,1.99648675833,0.00351324167215,1.46428032623,1.23655196891,1.26079031784
baseline,136,4,COMPLETED,1.9966531041,0.00334689589855,1.45401907029,1.22779434102,1.26789718051
baseline,136,4,COMPLETED,1.99677955163,0.00322044836658,1.45264090078,1.22805149973,1.27482633318
baseline,136,4,COMPLETED,1.99700216922,0.00299783077612,1.43954281317,1.21571960327,1.28159136498
baseline,136,4,COMPLETED,1.99717659163,0.00282340836667,1.43873145071,1.21479706871,1.28820423279
baseline,136,4,COMPLETED,1.99727962061,0.00272037938569,1.42358034152,1.1991160108,1.29467552378
baseline,136,4,COMPLETED,1.99742024881,0.00257975119242,1.41361186371,1.18928310694,1.3010146659
baseline,136,4,COMPLETED,1.99764899212,0.00235100787944,1.40741993943,1.18495396483,1.30723009845
baseline,136,4,COMPLETED,1.99786492633,0.00213507367342,1.39780626007,1.17549743651,1.31332941173
baseline,136,4,COMPLETED,1.99800626534,0.00199373466022,1.38275621433,1.16078609842,1.31931946214
baseline,136,4,COMPLETED,1.99810673399,0.0018932660115,1.37333723157,1.15541202176,1.32520646802
baseline,136,4,COMPLETED,1.99824003177,0.00175996822882,1.36940216367,1.1505196131,1.33099608995
baseline,136,4,COMPLETED,1.99842617992,0.00157382008078,1.36128306195,1.14150002721,1.33669349848
baseline,136,4,COMPLETED,1.99853335584,0.00146664415511,1.35496669082,1.13542237858,1.34230343163
baseline,136,4,COMPLETED,1.99869803892,0.00130196108456,1.35124321558,1.13310454309,1.34783024396
baseline,136,4,COMPLETED,1.99885026066,0.00114973934373,1.34361617487,1.12537147884,1.35327794878
baseline,136,4,COMPLETED,1.9989591327,0.00104086730391,1.33899787728,1.12146085808,1.35865025446
baseline,136,4,COMPLETED,1.99897707637,0.00102292362977,1.33317044439,1.11454840463,1.363950596
baseline,136,4,COMPLETED,1.99906160681,0.000938393188487,1.32984701793,1.11151193861,1.36918216248
baseline,136,4,COMPLETED,1.99920560481,0.000794395189986,1.32312459632,1.10635432596,1.37434792105
baseline,136,4,COMPLETED,1.99929049566,0.000709504342627,1.31058898662,1.09187052758,1.379450638
baseline,136,4,COMPLETED,1.99933094826,0.000669051739191,1.30379213276,1.08645197201,1.38449289738
baseline,136,4,COMPLETED,1.99940315831,0.00059684168586,1.30149325884,1.08597268249,1.38947711736
baseline,136,4,COMPLETED,1.99946047097,0.000539529032643,1.29061830587,1.07417855515,1.39440556479
baseline,136,4,COMPLETED,1.99950585067,0.000494149332006,1.28169341313,1.06613995009,1.39928036822
baseline,136,4,COMPLETED,1.99957460595,0.00042539405375,1.27654506212,1.06219485209,1.40410352941
baseline,136,4,COMPLETED,1.99966201177,0.000337988229403,1.26652825521,1.05286751203,1.40887693369
baseline,136,4,COMPLETED,1.99966144055,0.000338559453856,1.25690958128,1.04603064101,1.41360235927
baseline,136,4,COMPLETED,1.9997025981,0.000297401896204,1.2444728564,1.03575731232,1.41828148559
baseline,136,4,COMPLETED,1.99971138051,0.000288619486364,1.23738226438,1.02746598962,1.42291590085
baseline,136,4,COMPLETED,1.99979689232,0.000203107677298,1.23242309685,1.0225420262,1.42750710882
baseline,136,4,COMPLETED,1.99977890807,0.000221091932471,1.22620667471,1.01614738324,1.43205653503
baseline,136,4,COMPLETED,1.99981177935,0.000188220645878,1.21860099082,1.00658059241,1.43656553237
baseline,136,4,COMPLETED,1.99985230479,0.000147695211509,1.21706171543,1.00845307977,1.44103538619
baseline,136,4,COMPLETED,1.99983909174,0.000160908259441,1.20685506301,0.998314176362,1.44546731893
baseline,136,4,COMPLETED,1.99985156277,0.000148437225017,1.20032530085,0.991019221937,1.44986249441
baseline,136,4,COMPLETED,1.99988534999,0.000114650010317,1.19212262406,0.982267491483,1.45422202167
baseline,136,4,COMPLETED,1.99994932829,5.06717087678e-05,1.18337325833,0.974072080896,1.45854695854
baseline,136,4,COMPLETED,1.99990806202,9.19379828586e-05,1.179874188,0.971596921838,1.46283831493
baseline,136,4,COMPLETED,1.99985322609,0.000146773909822,1.1758735752,0.968151356547,1.46709705583
baseline,136,4,COMPLETED,1.99990474257,9.52574273143e-05,1.16549731517,0.957692707899,1.47132410404
baseline,136,4,COMPLETED,1.99993715538,6.28446203079e-05,1.15461438394,0.947320838902,1.47552034278
baseline,136,4,COMPLETED,1.99991523645,8.47635537618e-05,1.14355804724,0.936787714698,1.479686618
baseline,136,4,COMPLETED,1.99985728537,0.000142714628965,1.14164511394,0.936870375684,1.48382374059
baseline,136,4,COMPLETED,1.99989177141,0.000108228589984,1.13124482043,0.929695106592,1.48793248839
baseline,136,4,COMPLETED,1.99988403892,0.000115961076377,1.12106616017,0.918541218621,1.49201360804
baseline,136,4,COMPLETED,1.9998903302,0.000109669801347,1.11411995587,0.910176665046,1.49606781677
baseline,136,4,COMPLETED,1.99992867615,7.13238453743e-05,1.10706905098,0.904048867407,1.50009580398
baseline,136,4,COMPLETED,1.99990106807,9.89319300267e-05,1.10270546676,0.900545746397,1.50409823272
baseline,136,4,COMPLETED,1.99990194207,9.80579262751e-05,1.09563513427,0.895087421516,1.50807574117
baseline,136,4,COMPLETED,1.99984048909,0.000159510914645,1.0890894833,0.887384866242,1.51202894387
baseline,136,4,COMPLETED,1.99989344689,0.000106553110233,1.07890548105,0.876495007168,1.51595843297
baseline,136,4,COMPLETED,1.9999129043,8.70957021249e-05,1.07060137313,0.869425166218,1.51986477937
baseline,136,4,COMPLETED,1.99988648045,0.000113519554139,1.06471906942,0.864639058806,1.52374853381
baseline,136,4,COMPLETED,1.99987003349,0.000129966513033,1.05658665743,0.857830630677,1.52761022784
baseline,136,4,COMPLETED,1.9998303674,0.000169632595404,1.04853201052,0.849091562231,1.53145037474
baseline,136,4,COMPLETED,1.99987413264,0.000125867360304,1.03762532539,0.836755903467,1.53526947046
baseline,136,4,COMPLETED,1.99989105264,0.000108947357364,1.03586920016,0.839137571349,1.5390679944
baseline,136,4,COMPLETED,1.99984815103,0.000151848973932,1.02285009423,0.828346830657,1.54284641019
baseline,136,4,COMPLETED,1.99983413517,0.000165864826119,1.01820398117,0.824498678954,1.54660516643
baseline,136,4,COMPLETED,1.99982986981,0.000170130194714,1.00987700756,0.815704102681,1.55034469739
baseline,136,4,COMPLETED,1.99984881789,0.000151182108261,1.00085418204,0.805247449595,1.55406542362
baseline,136,4,COMPLETED,1.99990233798,9.76620203577e-05,0.993376823273,0.799455591475,1.55776775262
baseline,136,4,COMPLETED,1.99981594559,0.000184054405538,0.985930942036,0.792301298453,1.56145207935
baseline,136,4,COMPLETED,1.99985276171,0.000147238288422,0.980053644041,0.786728770416,1.56511878681
baseline,136,4,COMPLETED,1.99978983667,0.000210163325404,0.970938779428,0.778234063732,1.56876824657
baseline,136,4,COMPLETED,1.99985385153,0.000146148471929,0.961205093362,0.767682283854,1.57240081923
baseline,136,4,COMPLETED,1.99982214375,0.000177856245277,0.956230014632,0.765442985332,1.57601685487
baseline,136,4,COMPLETED,1.99983945915,0.000160540853333,0.94275379034,0.751842917799,1.57961669353
baseline,136,4,COMPLETED,1.99984559561,0.000154404393828,0.935469811824,0.745293735675,1.58320066558
baseline,136,4,COMPLETED,1.9998727933,0.000127206695016,0.92621802269,0.73626914595,1.58676909216
baseline,136,4,COMPLETED,1.99988245506,0.000117544941046,0.914506095768,0.725102235209,1.59032228548
baseline,136,4,COMPLETED,1.99985528021,0.000144719793668,0.910052089715,0.723408335241,1.59386054925
baseline,136,4,COMPLETED,1.99987193327,0.000128066728624,0.900508146133,0.71321495825,1.59738417897
baseline,136,4,COMPLETED,1.99988663166,0.000113368338325,0.894553682518,0.70696327599,1.60089346225
baseline,136,4,COMPLETED,1.99989026041,0.000109739593649,0.883768257924,0.697178045754,1.60438867915
baseline,136,4,COMPLETED,1.99990375388,9.62461247786e-05,0.878232925214,0.694249871761,1.60787010243
baseline,136,4,COMPLETED,1.99985481913,0.000145180865527,0.868750296855,0.685711985948,1.61133799783
baseline,136,4,COMPLETED,1.99986491475,0.000135085245122,0.857955534381,0.673099185005,1.61479262434
baseline,136,4,COMPLETED,1.99990926012,9.07398785118e-05,0.852567018908,0.668937679395,1.61823423447
baseline,136,4,COMPLETED,1.99987228137,0.00012771862585,0.842347578429,0.660648236853,1.62166307445
baseline,136,4,COMPLETED,1.99987936101,0.000120638991399,0.8341815474,0.654404334996,1.62507938447
baseline,136,4,COMPLETED,1.99984858823,0.000151411772629,0.823360801532,0.642567502607,1.62848339893
baseline,136,4,COMPLETED,1.99990198632,9.80136828653e-05,0.813349626527,0.634162876464,1.63187534659
baseline,136,4,COMPLETED,1.9998749628,0.000125037195536,0.806714792688,0.630170759077,1.63525545081
baseline,136,4,COMPLETED,1.99986341944,0.000130259544464,0.799612191148,0.621512113371,1.63862392972
baseline,136,4,COMPLETED,1.99967321565,0.000102244391139,0.792707086532,0.61595866707,1.64198099643
baseline,136,4,COMPLETED,1.99911741139,5.38368699085e-05,0.78350763463,0.607745990732,1.64532685914
baseline,136,4,COMPLETED,1.99781255811,7.39487870827e-05,0.774257169632,0.600306110255,1.6486617214
baseline,136,4,COMPLETED,1.99586924612,0.000101262641433,0.768101931373,0.596234205593,1.65198578216
baseline,136,4,COMPLETED,1.99295617668,5.84548255109e-05,0.757694600641,0.585614708639,1.65529923601
baseline,136,4,COMPLETED,1.99024186904,7.17146953414e-06,0.752067745824,0.581895920059,1.65860227329
baseline,136,4,COMPLETED,1.98635273787,8.94172588045e-05,0.742181477564,0.574216256405,1.66189508024
baseline,136,4,COMPLETED,1.9810234441,6.05316437181e-05,0.733625797681,0.567874641238,1.66517783911
baseline,136,4,COMPLETED,1.97500315123,4.98411681202e-05,0.724939159454,0.558692836104,1.66845072831
baseline,136,4,COMPLETED,1.96715111355,4.00948853381e-05,0.715917583344,0.55190813599,1.67171392254
baseline,136,4,COMPLETED,1.95905549225,1.4581770089e-05,0.709146918393,0.547158267085,1.67496759289
baseline,136,4,COMPLETED,1.95136372542,4.86334290721e-05,0.702256886607,0.539202768112,1.67821190697
baseline,136,4,COMPLETED,1.9438106343,1.44373465416e-05,0.695783692126,0.53483461005,1.68144702901
baseline,136,4,COMPLETED,1.9338286808,5.98990525077e-05,0.685410147245,0.52766130682,1.68467311996
baseline,136,4,COMPLETED,1.92395317813,3.85902747788e-05,0.677595393042,0.520529866266,1.68789033761
baseline,136,4,COMPLETED,1.91427985332,2.1393386243e-05,0.669078545375,0.512592155445,1.69109883668
baseline,136,4,COMPLETED,1.90451948853,3.76676704177e-05,0.66178501173,0.506721188109,1.69429876889
baseline,136,4,COMPLETED,1.89292754876,4.97926740835e-05,0.650939230054,0.499568679706,1.69749028309
baseline,136,4,COMPLETED,1.88143982026,3.25033098825e-05,0.6434288258,0.492458638971,1.70067352533
baseline,136,4,COMPLETED,1.87039531703,2.38326679863e-06,0.635762346533,0.48627466687,1.70384863893
baseline,136,4,COMPLETED,1.85898466086,1.70690395903e-05,0.629260322328,0.483122539691,1.70701576457
baseline,136,4,COMPLETED,1.84601319729,1.40165307775e-05,0.621273332358,0.474298373753,1.7101750404
baseline,136,4,COMPLETED,1.83324744961,2.98447802969e-05,0.612365473186,0.465946264037,1.71332660204
baseline,136,4,COMPLETED,1.82062360157,7.96733910758e-06,0.606140844412,0.462907700675,1.71647058275
baseline,136,4,COMPLETED,1.80778469079,4.94904066957e-07,0.597211483632,0.45675023793,1.71960711342
baseline,136,4,COMPLETED,1.79398287739,5.28169596226e-05,0.587750389882,0.448268008677,1.72273632266
baseline,136,4,COMPLETED,1.78012892657,4.25350105884e-05,0.582163246415,0.444683714838,1.72585833689
baseline,136,4,COMPLETED,1.76621689774,2.73243530453e-06,0.572935627179,0.437551258522,1.72897328038
baseline,136,4,COMPLETED,1.75196258742,6.80223625051e-05,0.566434811169,0.432864503338,1.73208127532
baseline,136,4,COMPLETED,1.73732943241,3.05235803931e-05,0.558659121774,0.426985521192,1.73518244186
baseline,136,4,COMPLETED,1.72274475571,2.30085962905e-05,0.549120737648,0.419395678918,1.7382768982
baseline,136,4,COMPLETED,1.70799540843,9.23538034868e-05,0.544452495263,0.4159126068,1.74136476062
baseline,136,4,COMPLETED,1.69218611493,6.12370316448e-05,0.535393284677,0.409266662663,1.74444614353
baseline,136,4,COMPLETED,1.6767996119,4.18065268777e-05,0.526264673473,0.401739200534,1.74752115955
baseline,136,4,COMPLETED,1.66153691055,0.000122424635061,0.520509745844,0.397300443966,1.75058991954
baseline,136,4,COMPLETED,1.64592219718,4.14383915988e-05,0.512348476547,0.392271769831,1.75365253264
baseline,136,4,COMPLETED,1.62955497733,5.52573566984e-05,0.504299541612,0.38655359073,1.75670910634
baseline,136,4,COMPLETED,1.61332075438,0.000114140903097,0.496291533029,0.379654160686,1.75975974649
baseline,136,4,COMPLETED,1.59680702386,6.38409136253e-05,0.489888191145,0.375693411374,1.7628045574
baseline,136,4,COMPLETED,1.58065301377,8.74525269211e-05,0.481641128104,0.368650426115,1.76584364183
baseline,136,4,COMPLETED,1.56388043344,6.92462030548e-05,0.474894860991,0.363366845123,1.76887710104
baseline,136,4,COMPLETED,1.54695872559,9.06095699336e-05,0.466992445268,0.358031494216,1.77190503487
baseline,136,4,COMPLETED,1.52989169602,0.000109564040898,0.459846894539,0.353033483142,1.77492754173
baseline,136,4,COMPLETED,1.51288630098,8.47449811794e-05,0.452219574729,0.347794744626,1.77794471867
baseline,136,4,COMPLETED,1.49551291453,9.51203607563e-05,0.446271209726,0.343743643597,1.78095666138
baseline,136,4,COMPLETED,1.47791695094,0.000111679414177,0.43894167503,0.337648148111,1.78396346428
baseline,136,4,COMPLETED,1.46035601327,8.69948475115e-05,0.430979360475,0.332295829597,1.78696522052
baseline,136,4,COMPLETED,1.44295879983,0.000126588904911,0.423198499982,0.326468420331,1.789962022
baseline,136,4,COMPLETED,1.42534173306,9.28509129094e-05,0.416625618401,0.321682647286,1.79295395943
baseline,136,4,COMPLETED,1.40729805774,0.000111726277224,0.408532372283,0.315447365377,1.79594112237
baseline,136,4,COMPLETED,1.38916418537,0.000121619512682,0.402324476428,0.310746123487,1.79892359921
baseline,136,4,COMPLETED,1.37095735918,9.52613118113e-05,0.394544054087,0.304666621218,1.80190147727
baseline,136,4,COMPLETED,1.35289994408,0.000134137094793,0.388219870992,0.299466171285,1.80487484278
baseline,136,4,COMPLETED,1.33478210952,0.000110933628093,0.381577283944,0.296220430503,1.8078437809
baseline,136,4,COMPLETED,1.31634327865,0.00011471311764,0.373631089168,0.290204866771,1.81080837579
baseline,136,4,COMPLETED,1.29773352608,0.000184303851868,0.366608778821,0.284721979178,1.81376871063
baseline,136,4,COMPLETED,1.27887911176,0.000126544235014,0.359847679029,0.280528447018,1.81672486761
baseline,136,4,COMPLETED,1.26032348636,0.000151539668283,0.352578438361,0.274065465648,1.81967692798
baseline,136,4,COMPLETED,1.24168080875,0.000114062180312,0.347543127117,0.270626113552,1.82262497208
baseline,136,4,COMPLETED,1.22297714649,0.000126778283498,0.339923255444,0.265410624379,1.82556907936
baseline,136,4,COMPLETED,1.20410864854,0.000189726682288,0.333296043944,0.260716449193,1.8285093284
baseline,136,4,COMPLETED,1.18504814966,0.000136996341797,0.32554008764,0.255044295329,1.83144579693
baseline,136,4,COMPLETED,1.16603896374,0.000199503419492,0.319253987137,0.250253635316,1.83437856185
baseline,136,4,COMPLETED,1.14683656856,0.000155181003796,0.313004299561,0.246211044004,1.83730769927
baseline,136,4,COMPLETED,1.12775274841,0.000177538362505,0.305959344973,0.240161440162,1.84023328453
baseline,136,4,COMPLETED,1.10848743083,0.000143667014929,0.299942941797,0.235912216078,1.8431553922
baseline,136,4,COMPLETED,1.08914515129,0.000156938685582,0.292931701544,0.231638470801,1.8460740961
baseline,136,4,COMPLETED,1.06967528502,0.000144674055276,0.287635096866,0.228139281073,1.84898946935
baseline,136,4,COMPLETED,1.05022295554,0.000179626173285,0.280437857966,0.222494993951,1.85190158437
baseline,136,4,COMPLETED,1.03087665116,0.000194295327884,0.274903434492,0.218527786333,1.8548105129
baseline,136,4,COMPLETED,1.0114110417,0.000168109492563,0.268554334961,0.214346536935,1.85771632601
baseline,136,4,COMPLETED,0.991908734927,0.000208023096243,0.261687917823,0.208490140694,1.86061909415
baseline,136,4,COMPLETED,0.972214833668,0.000174575265048,0.255408829238,0.204146712312,1.86351888711
baseline,136,4,COMPLETED,0.952473025409,0.000201977044434,0.249884069251,0.199714296452,1.86641577412
baseline,136,4,COMPLETED,0.932626071887,0.000173939910137,0.243761073385,0.195557399164,1.86930982378
baseline,136,4,COMPLETED,0.912808585768,0.000187220813465,0.237170378872,0.190256311819,1.87220110415
baseline,136,4,COMPLETED,0.893154025211,0.000178823310414,0.231264333788,0.186191902963,1.8750896827
baseline,136,4,COMPLETED,0.873408723045,0.000203745584426,0.224190963202,0.180625015829,1.87797562639
baseline,136,4,COMPLETED,0.85363419371,0.000208394392785,0.219384022164,0.177310132785,1.88085900165
baseline,136,4,COMPLETED,0.833613920453,0.000203696785308,0.212385423709,0.170991626538,1.8837398744
baseline,136,4,COMPLETED,0.813589279999,0.000217646671353,0.206872147949,0.167146543129,1.88661831005
baseline,136,4,COMPLETED,0.793490642524,0.000195361019278,0.200588881025,0.162565058853,1.88949437356
baseline,136,4,COMPLETED,0.773489810977,0.000239050946637,0.195285440419,0.158659993844,1.89236812941
baseline,136,4,COMPLETED,0.753402331683,0.000206303291382,0.189614401312,0.154243938214,1.89523964165
baseline,136,4,COMPLETED,0.733443224798,0.000254761685954,0.184043351767,0.149690200961,1.89810897386
baseline,136,4,COMPLETED,0.713289698179,0.000189370151715,0.178193415747,0.145462213013,1.90097618924
baseline,136,4,COMPLETED,0.693190202038,0.000198969083661,0.171931126064,0.140498915637,1.90384135055
baseline,136,4,COMPLETED,0.672978115668,0.000191234512931,0.166455644729,0.136066689777,1.90670452019
baseline,136,4,COMPLETED,0.652722861403,0.000245636106713,0.161463157878,0.132222179477,1.90956576015
baseline,136,4,COMPLETED,0.632378822619,0.000150886540432,0.155921305613,0.128042678091,1.91242513208
baseline,136,4,COMPLETED,0.612093978286,0.000187272522425,0.148926690618,0.122098007465,1.91528269725
baseline,136,4,COMPLETED,0.591943855122,0.000242627608821,0.144271351618,0.118412486672,1.9181385166
baseline,136,4,COMPLETED,0.571592575669,0.000200352288064,0.139136616662,0.11433128309,1.92099265076
baseline,136,4,COMPLETED,0.551303021028,0.000272708998332,0.134303572437,0.110913759678,1.92384516001
baseline,136,4,COMPLETED,0.531017132303,0.000216860582056,0.127837934934,0.105446590172,1.92669610436
baseline,136,4,COMPLETED,0.510577074895,0.000248484278586,0.122631725535,0.101144761262,1.9295455435
baseline,136,4,COMPLETED,0.490114898039,0.000172407416352,0.117786684333,0.0973720956643,1.93239353686
baseline,136,4,COMPLETED,0.469746103668,0.000245695581871,0.11255945767,0.0931329369804,1.93524014359
baseline,136,4,COMPLETED,0.449169089102,0.000201477567352,0.107180234304,0.0888125362511,1.93808542258
baseline,136,4,COMPLETED,0.428842391958,0.000343215801261,0.102121960811,0.0848368151428,1.9409294325
baseline,136,4,COMPLETED,0.408420916136,9.67691997091e-05,0.0968594615178,0.080369996669,1.94377223176
baseline,136,4,COMPLETED,0.387917330152,0.000241847172057,0.0921066380231,0.0765217464367,1.94661387856
baseline,136,4,COMPLETED,0.367377706615,0.000203909674054,0.0862249399545,0.0716738503276,1.94945443088
baseline,136,4,COMPLETED,0.346947847834,0.000250390432592,0.0815828277603,0.0679017572813,1.9522939465
baseline,136,4,COMPLETED,0.326328454096,0.000222764050115,0.076905023597,0.0642361165065,1.95513248302
baseline,136,4,COMPLETED,0.305888364418,0.000196622949345,0.0717545040427,0.0598614830258,1.95797009786
baseline,136,4,COMPLETED,0.285184817747,0.000213714927196,0.0664643426094,0.0555112610928,1.96080684826
baseline,136,4,COMPLETED,0.264644414221,0.000247272978615,0.0615267074007,0.0513661627712,1.96364279131
baseline,136,4,COMPLETED,0.244104364211,0.000187509916653,0.0569581677214,0.0476718107091,1.96647798397
baseline,136,4,COMPLETED,0.223546692602,0.000247192541814,0.0522512368413,0.0438978696629,1.96931248302
baseline,136,4,COMPLETED,0.20315570614,4.99756236046e-05,0.0467937068311,0.0391918632954,1.97214634516
baseline,136,4,COMPLETED,0.182418820709,0.000237370349351,0.0420532809465,0.0351663627988,1.97497962695
baseline,136,4,COMPLETED,0.16185743298,0.000149020213996,0.0373606937619,0.0313416360792,1.97781238484
baseline,136,4,COMPLETED,0.141245061236,0.000198852556323,0.0323650227218,0.027236713676,1.98064467521
baseline,136,4,COMPLETED,0.12065635446,0.000275190230915,0.0276770062964,0.023319339713,1.98347655433
baseline,136,4,COMPLETED,0.10000352372,0.000257604813434,0.0228618132357,0.0192408917912,1.9863080784
baseline,136,4,COMPLETED,0.0793958304488,0.0002428677427,0.0180288540114,0.0152287516175,1.98913930356
baseline,136,4,COMPLETED,0.058834064647,0.000143062774639,0.0132797167243,0.0112946679383,1.9919702859
baseline,136,4,COMPLETED,0.0382024781257,0.000307614916658,0.00862662607987,0.00741018292257,1.99480108145
baseline,136,4,COMPLETED,0.0177409166319,4.05505877144e-05,0.00390603520344,0.00339712126739,1.99763174622
baseline,136,4,COMPLETED,0.000618773829148,0.000255879275903,0.00127042477241,0.00100308377307,2
