/*--------------------------------*- C++ -*----------------------------------*\
| =========                 |                                                 |
| \\      /  F ield         | OpenFOAM: The Open Source CFD Toolbox           |
|  \\    /   O peration     | Version:  2312                                  |
|   \\  /    A nd           | Website:  www.openfoam.com                      |
|    \\/     M anipulation  |                                                 |
\*---------------------------------------------------------------------------*/
FoamFile
{
    version     2.0;
    format      ascii;
    arch        "LSB;label=32;scalar=64";
    class       surfaceScalarField;
    location    "180";
    object      phi;
}
// * * * * * * * * * * * * * * * * * * * * * * * * * * * * * * * * * * * * * //

dimensions      [0 3 -1 0 0 0 0];

oriented        oriented;

internalField   nonuniform List<scalar> 
16615
(
0.000636016
3.08151e-07
0.000635504
5.11628e-07
0.000634825
6.79354e-07
0.000634001
8.23834e-07
0.000633042
9.58888e-07
0.000631948
1.09429e-06
0.00063071
1.2386e-06
0.000629307
1.40208e-06
0.000627708
1.5994e-06
0.000625854
1.8538e-06
0.000623651
2.20371e-06
0.000620939
2.71124e-06
0.000617466
3.47359e-06
0.000612844
4.62209e-06
8.41756e-06
0.000604426
0.00065483
6.22121e-07
0.000654303
1.03896e-06
0.000653607
1.37522e-06
0.000652764
1.66672e-06
0.000651784
1.93835e-06
0.00065067
2.20858e-06
0.000649415
2.49339e-06
0.000648007
2.81035e-06
0.000646425
3.18186e-06
0.00064464
3.63809e-06
0.000642625
4.21866e-06
0.000640367
4.96957e-06
0.000637907
5.93377e-06
0.000635412
7.11658e-06
8.63148e-06
0.000635198
0.000674199
9.43388e-07
0.00067366
1.57817e-06
0.000672949
2.08556e-06
0.000672091
2.52478e-06
0.000671098
2.93142e-06
0.000669976
3.33127e-06
0.000668724
3.74519e-06
0.000667341
4.19297e-06
0.000665828
4.69485e-06
0.000664196
5.26982e-06
0.000662486
5.92888e-06
0.000660794
6.66201e-06
0.000659305
7.42269e-06
0.000658307
8.11484e-06
8.63436e-06
0.000658304
0.000694142
1.27104e-06
0.000693592
2.12743e-06
0.000692871
2.80726e-06
0.000692003
3.3929e-06
0.000691004
3.92992e-06
0.000689886
4.44954e-06
0.000688657
4.97419e-06
0.000687329
5.52049e-06
0.000685926
6.09854e-06
0.000684489
6.70705e-06
0.000683092
7.32533e-06
0.000681848
7.90573e-06
0.000680897
8.37435e-06
0.000680367
8.64454e-06
8.64948e-06
0.000680352
0.000714676
1.60399e-06
0.000714119
2.68461e-06
0.000713389
3.53671e-06
0.000712517
4.26542e-06
0.000711521
4.92514e-06
0.000710421
5.5504e-06
0.000709233
6.16203e-06
0.000707984
6.76931e-06
0.000706714
7.36836e-06
0.000705483
7.93789e-06
0.000704373
8.4361e-06
0.000703474
8.804e-06
0.00070287
8.979e-06
0.000702599
8.91546e-06
8.60544e-06
0.000702643
0.000735818
1.94101e-06
0.000735256
3.24726e-06
0.000734523
4.26996e-06
0.000733652
5.13625e-06
0.000732669
5.90812e-06
0.000731598
6.62141e-06
0.000730467
7.29286e-06
0.000729314
7.92245e-06
0.000728189
8.49292e-06
0.000727158
8.96948e-06
0.00072629
9.30407e-06
0.000725647
9.44696e-06
0.000725262
9.36358e-06
0.000725129
9.04898e-06
8.53326e-06
0.000725201
0.000757588
2.28068e-06
0.000757023
3.81272e-06
0.00075629
5.00272e-06
0.000755427
5.99903e-06
0.000754465
6.87001e-06
0.000753435
7.65117e-06
0.000752374
8.35393e-06
0.000751328
8.96931e-06
0.00075035
9.47064e-06
0.000749501
9.81862e-06
0.000748833
9.97162e-06
0.00074838
9.90014e-06
0.000748144
9.59972e-06
0.000748097
9.09564e-06
8.43799e-06
0.000748192
0.000780003
2.62148e-06
0.000779438
4.37804e-06
0.00077871
5.73044e-06
0.000777862
6.84729e-06
0.00077693
7.80229e-06
0.000775951
8.62971e-06
0.000774969
9.33571e-06
0.000774034
9.90475e-06
0.000773198
1.03065e-05
0.000772511
1.05058e-05
0.000772006
1.0476e-05
0.000771695
1.02112e-05
0.000771563
9.73261e-06
0.000771573
9.08502e-06
8.32674e-06
0.000771684
0.000803083
2.9617e-06
0.000802521
4.94011e-06
0.000801803
6.44842e-06
0.000800975
7.67462e-06
0.000800081
8.69708e-06
0.000799162
9.54871e-06
0.000798266
1.02318e-05
0.000797442
1.0728e-05
0.000796739
1.10094e-05
0.000796193
1.10519e-05
0.000795821
1.08479e-05
0.000795619
1.0414e-05
0.00079556
9.7908e-06
0.000795612
9.03384e-06
8.20297e-06
0.000795735
0.000826847
3.29955e-06
0.000826291
5.49563e-06
0.000825588
7.15186e-06
0.000824788
8.47479e-06
0.000823938
9.54728e-06
0.000823085
1.04016e-05
0.000822278
1.10386e-05
0.000821564
1.14414e-05
0.000820984
1.15903e-05
0.000820559
1.14764e-05
0.000820295
1.11121e-05
0.000820176
1.05333e-05
0.000820173
9.79333e-06
0.000820254
8.95283e-06
8.06941e-06
0.000820388
0.000851316
3.63312e-06
0.00085077
6.0412e-06
0.000850086
7.83597e-06
0.000849319
9.24193e-06
0.000848519
1.03467e-05
0.000847737
1.11835e-05
0.000847021
1.17548e-05
0.000846413
1.20497e-05
0.000845943
1.20607e-05
0.000845622
1.17967e-05
0.000845446
1.12885e-05
0.000845392
1.05869e-05
0.000845432
9.75328e-06
0.000845536
8.84909e-06
7.92792e-06
0.000845678
0.00087651
3.96043e-06
0.000875978
6.57336e-06
0.000875318
8.49605e-06
0.000874589
9.97061e-06
0.000873845
1.10903e-05
0.000873138
1.18913e-05
0.000872511
1.23811e-05
0.000872002
1.25588e-05
0.000871631
1.24322e-05
0.0008714
1.20277e-05
0.000871296
1.13926e-05
0.000871294
1.05882e-05
0.000871368
9.67994e-06
0.000871489
8.72762e-06
7.78001e-06
0.000871637
0.000902451
4.27944e-06
0.000901936
7.08864e-06
0.000901304
9.12762e-06
0.000900619
1.0656e-05
0.000899935
1.1774e-05
0.000899303
1.25233e-05
0.000898765
1.29198e-05
0.000898348
1.29757e-05
0.000898065
1.27154e-05
0.00089791
1.21824e-05
0.000897866
1.14368e-05
0.000897906
1.05473e-05
0.000898006
9.58012e-06
0.000898142
8.59206e-06
7.62684e-06
0.000898295
0.000929161
4.58812e-06
0.000928666
7.58363e-06
0.000928068
9.72644e-06
0.00092743
1.12938e-05
0.000926809
1.23947e-05
0.000926253
1.3079e-05
0.000925799
1.33741e-05
0.000925467
1.33074e-05
0.000925262
1.29205e-05
0.000925173
1.22717e-05
0.000925178
1.14313e-05
0.000925254
1.04719e-05
0.000925375
9.45896e-06
0.000925522
8.44519e-06
7.4694e-06
0.000925679
0.000956663
4.88442e-06
0.000956192
8.05504e-06
0.00095563
1.02886e-05
0.000955043
1.18806e-05
0.000954487
1.29505e-05
0.000954007
1.35592e-05
0.000953633
1.3748e-05
0.000953379
1.35612e-05
0.000953243
1.30564e-05
0.00095321
1.23049e-05
0.000953257
1.13841e-05
0.000953361
1.03682e-05
0.0009535
9.32043e-06
0.000953656
8.28916e-06
7.3085e-06
0.000953817
0.00098498
5.16638e-06
0.000984536
8.49974e-06
0.000984013
1.08108e-05
0.000983481
1.24134e-05
0.000982991
1.34402e-05
0.000982585
1.39654e-05
0.000982286
1.40463e-05
0.000982104
1.3744e-05
0.000982029
1.31313e-05
0.000982044
1.22899e-05
0.000982126
1.13018e-05
0.000982253
1.02411e-05
0.000982406
9.16765e-06
0.00098257
8.12569e-06
7.14486e-06
0.000982733
0.00101414
5.43209e-06
0.00101372
8.91485e-06
0.00101324
1.12898e-05
0.00101277
1.28903e-05
0.00101234
1.38637e-05
0.00101201
1.43e-05
0.00101178
1.42737e-05
0.00101166
1.38625e-05
0.00101164
1.31525e-05
0.0010117
1.22333e-05
0.00101181
1.11898e-05
0.00101196
1.00943e-05
0.00101212
9.00316e-06
0.00101229
7.9562e-06
6.97906e-06
0.00101246
0.00104416
5.67977e-06
0.00104377
9.29776e-06
0.00104334
1.17232e-05
0.00104292
1.33097e-05
0.00104256
1.42216e-05
0.0010423
1.4566e-05
0.00104213
1.44352e-05
0.00104207
1.39228e-05
0.0010421
1.31262e-05
0.00104219
1.21409e-05
0.00104233
1.10526e-05
0.00104249
9.93112e-06
0.00104267
8.829e-06
0.00104284
7.78184e-06
6.81166e-06
0.00104301
0.00107506
5.90782e-06
0.00107472
9.64618e-06
0.00107433
1.21091e-05
0.00107397
1.3671e-05
0.00107368
1.45149e-05
0.00107347
1.47665e-05
0.00107337
1.45358e-05
0.00107337
1.39308e-05
0.00107343
1.30583e-05
0.00107356
1.20176e-05
0.00107372
1.0894e-05
0.00107389
9.75427e-06
0.00107408
8.6469e-06
0.00107425
7.6036e-06
6.64311e-06
0.00107442
0.00110689
6.11479e-06
0.00110658
9.95819e-06
0.00110624
1.24459e-05
0.00110594
1.3974e-05
0.00110571
1.47455e-05
0.00110557
1.49052e-05
0.00110552
1.45803e-05
0.00110556
1.38918e-05
0.00110567
1.29537e-05
0.00110582
1.18676e-05
0.00110599
1.07172e-05
0.00110618
9.56594e-06
0.00110637
8.45828e-06
0.00110655
7.42232e-06
6.47382e-06
0.00110672
0.00113965
6.29944e-06
0.00113938
1.02322e-05
0.00113909
1.27329e-05
0.00113885
1.42194e-05
0.00113868
1.49157e-05
0.0011386
1.4986e-05
0.0011386
1.45736e-05
0.00113868
1.38107e-05
0.00113882
1.28169e-05
0.00113899
1.16946e-05
0.00113919
1.0525e-05
0.00113938
9.36805e-06
0.00113958
8.26438e-06
0.00113976
7.23872e-06
6.30418e-06
0.00113993
0.00117339
6.46078e-06
0.00117315
1.04672e-05
0.00117292
1.29696e-05
0.00117273
1.4408e-05
0.00117262
1.50279e-05
0.00117259
1.50126e-05
0.00117264
1.45201e-05
0.00117276
1.36921e-05
0.00117293
1.26519e-05
0.00117312
1.15016e-05
0.00117332
1.03197e-05
0.00117353
9.16223e-06
0.00117373
8.06625e-06
0.00117391
7.05343e-06
6.1345e-06
0.00117408
0.00120812
6.59805e-06
0.00120792
1.06623e-05
0.00120774
1.31562e-05
0.0012076
1.45414e-05
0.00120755
1.50851e-05
0.00120757
1.49889e-05
0.00120767
1.44242e-05
0.00120782
1.354e-05
0.00120801
1.24623e-05
0.00120822
1.12916e-05
0.00120844
1.01033e-05
0.00120865
8.94987e-06
0.00120885
7.86479e-06
0.00120904
6.86698e-06
5.96508e-06
0.00120921
0.00124388
6.71074e-06
0.00124372
1.08173e-05
0.00124359
1.32932e-05
0.00124351
1.46215e-05
0.0012435
1.50905e-05
0.00124357
1.4919e-05
0.00124371
1.42899e-05
0.00124389
1.33583e-05
0.0012441
1.22511e-05
0.00124432
1.10669e-05
0.00124455
9.87767e-06
0.00124477
8.73221e-06
0.00124497
7.66081e-06
0.00124516
6.67987e-06
5.79618e-06
0.00124533
0.0012807
6.79862e-06
0.00128058
1.09323e-05
0.00128049
1.33817e-05
0.00128046
1.46504e-05
0.00128051
1.50472e-05
0.00128062
1.48065e-05
0.00128079
1.41211e-05
0.001281
1.31504e-05
0.00128123
1.20213e-05
0.00128146
1.08298e-05
0.0012817
9.64435e-06
0.00128192
8.51032e-06
0.00128212
7.455e-06
0.00128231
6.49253e-06
5.62805e-06
0.00128248
0.0013186
6.8617e-06
0.00131853
1.10077e-05
0.00131848
1.34232e-05
0.0013185
1.46309e-05
0.00131859
1.49587e-05
0.00131874
1.46552e-05
0.00131894
1.39215e-05
0.00131917
1.29195e-05
0.00131942
1.17753e-05
0.00131967
1.05821e-05
0.00131991
9.40472e-06
0.00132013
8.28515e-06
0.00132034
7.24799e-06
0.00132053
6.30534e-06
5.4609e-06
0.00132069
0.00135763
6.90024e-06
0.00135759
1.10445e-05
0.00135759
1.34195e-05
0.00135766
1.45656e-05
0.00135779
1.48284e-05
0.00135797
1.44688e-05
0.0013582
1.36943e-05
0.00135845
1.26684e-05
0.00135871
1.15156e-05
0.00135897
1.03256e-05
0.00135921
9.16003e-06
0.00135944
8.05755e-06
0.00135965
7.04033e-06
0.00135984
6.11864e-06
5.29494e-06
0.00136
0.0013978
6.91476e-06
0.0013978
1.10438e-05
0.00139785
1.33726e-05
0.00139796
1.44574e-05
0.00139813
1.46597e-05
0.00139835
1.42507e-05
0.0013986
1.34428e-05
0.00139887
1.23999e-05
0.00139914
1.12441e-05
0.0013994
1.00619e-05
0.00139965
8.91136e-06
0.00139988
7.82828e-06
0.00140009
6.83252e-06
0.00140027
5.93275e-06
5.13034e-06
0.00140044
0.00143917
6.90598e-06
0.0014392
1.1007e-05
0.00143929
1.3285e-05
0.00143944
1.43095e-05
0.00143964
1.44559e-05
0.00143989
1.40042e-05
0.00144016
1.31699e-05
0.00144045
1.21163e-05
0.00144073
1.09628e-05
0.001441
9.79236e-06
0.00144125
8.65972e-06
0.00144148
7.598e-06
0.00144169
6.625e-06
0.00144187
5.74794e-06
4.96728e-06
0.00144203
0.00148175
6.87485e-06
0.00148183
1.09361e-05
0.00148195
1.31592e-05
0.00148214
1.4125e-05
0.00148237
1.42206e-05
0.00148264
1.37326e-05
0.00148293
1.28784e-05
0.00148323
1.182e-05
0.00148352
1.06733e-05
0.00148379
9.51821e-06
0.00148405
8.406e-06
0.00148428
7.36734e-06
0.00148449
6.41818e-06
0.00148467
5.56448e-06
4.8059e-06
0.00148483
0.0015256
6.82246e-06
0.0015257
1.08329e-05
0.00152586
1.29979e-05
0.00152608
1.3907e-05
0.00152634
1.39569e-05
0.00152664
1.34389e-05
0.00152695
1.2571e-05
0.00152725
1.15129e-05
0.00152755
1.03774e-05
0.00152783
9.24061e-06
0.00152808
8.151e-06
0.00152831
7.13685e-06
0.00152852
6.21243e-06
0.0015287
5.38261e-06
4.64636e-06
0.00152886
0.00157074
6.75009e-06
0.00157087
1.06997e-05
0.00157106
1.2804e-05
0.00157131
1.36588e-05
0.0015716
1.3668e-05
0.00157191
1.31259e-05
0.00157224
1.22499e-05
0.00157255
1.1197e-05
0.00157285
1.00763e-05
0.00157313
8.96061e-06
0.00157339
7.89546e-06
0.00157362
6.90703e-06
0.00157382
6.00809e-06
0.001574
5.20254e-06
4.48879e-06
0.00157416
0.00161721
6.65913e-06
0.00161737
1.05388e-05
0.00161759
1.25805e-05
0.00161787
1.33837e-05
0.00161818
1.3357e-05
0.00161851
1.27964e-05
0.00161884
1.19176e-05
0.00161916
1.0874e-05
0.00161947
9.77145e-06
0.00161975
8.67917e-06
0.00162001
7.64007e-06
0.00162023
6.67835e-06
0.00162044
5.80546e-06
0.00162062
5.02447e-06
4.33331e-06
0.00162077
0.00166505
6.55107e-06
0.00166524
1.03526e-05
0.00166549
1.23303e-05
0.00166579
1.30846e-05
0.00166612
1.30269e-05
0.00166646
1.2453e-05
0.0016668
1.15759e-05
0.00166713
1.05456e-05
0.00166744
9.46401e-06
0.00166772
8.39715e-06
0.00166798
7.38542e-06
0.0016682
6.45123e-06
0.0016684
5.60483e-06
0.00166858
4.84859e-06
4.18005e-06
0.00166873
0.00171431
6.42747e-06
0.00171452
1.01437e-05
0.00171479
1.20564e-05
0.00171511
1.27646e-05
0.00171546
1.26804e-05
0.00171581
1.2098e-05
0.00171616
1.12269e-05
0.0017165
1.02133e-05
0.0017168
9.15509e-06
0.00171709
8.11535e-06
0.00171734
7.13208e-06
0.00171757
6.22606e-06
0.00171776
5.40647e-06
0.00171794
4.67508e-06
4.02912e-06
0.00171809
0.00176502
6.28992e-06
0.00176525
9.91443e-06
0.00176555
1.17617e-05
0.00176588
1.24268e-05
0.00176624
1.23204e-05
0.00176661
1.17337e-05
0.00176696
1.08724e-05
0.0017673
9.87835e-06
0.00176761
8.84571e-06
0.00176789
7.83451e-06
0.00176814
6.88058e-06
0.00176836
6.00319e-06
0.00176856
5.21062e-06
0.00176873
4.50409e-06
3.88061e-06
0.00176888
0.00181723
6.14006e-06
0.00181748
9.66745e-06
0.00181779
1.14491e-05
0.00181814
1.20739e-05
0.00181852
1.19492e-05
0.00181889
1.13622e-05
0.00181925
1.05141e-05
0.00181958
9.5421e-06
0.00181989
8.53679e-06
0.00182017
7.55529e-06
0.00182042
6.63137e-06
0.00182064
5.78296e-06
0.00182083
5.01749e-06
0.001821
4.33577e-06
3.73462e-06
0.00182115
0.00187098
5.97949e-06
0.00187125
9.40522e-06
0.00187157
1.11215e-05
0.00187194
1.17087e-05
0.00187232
1.15693e-05
0.0018727
1.09855e-05
0.00187306
1.01534e-05
0.00187339
9.20569e-06
0.0018737
8.22919e-06
0.00187398
7.27831e-06
0.00187422
6.3849e-06
0.00187444
5.56566e-06
0.00187463
4.8273e-06
0.0018748
4.17027e-06
3.59126e-06
0.00187494
0.00192632
5.8098e-06
0.0019266
9.13014e-06
0.00192694
1.07813e-05
0.00192731
1.13336e-05
0.0019277
1.11828e-05
0.00192808
1.06054e-05
0.00192844
9.79186e-06
0.00192878
8.87019e-06
0.00192908
7.9237e-06
0.00192936
7.00413e-06
0.0019296
6.14156e-06
0.00192981
5.35157e-06
0.00193
4.64024e-06
0.00193016
4.00771e-06
3.4506e-06
0.00193031
0.0019833
5.63254e-06
0.00198358
8.84453e-06
0.00198393
1.04313e-05
0.00198432
1.09511e-05
0.00198471
1.0792e-05
0.00198509
1.02236e-05
0.00198545
9.43068e-06
0.00198578
8.53657e-06
0.00198609
7.62101e-06
0.00198636
6.73325e-06
0.0019866
5.90171e-06
0.00198681
5.14094e-06
0.00198699
4.45648e-06
0.00198715
3.84821e-06
3.31272e-06
0.00198729
0.00204196
5.44918e-06
0.00204225
8.55062e-06
0.00204261
1.00738e-05
0.002043
1.05635e-05
0.00204339
1.03986e-05
0.00204377
9.84161e-06
0.00204413
9.07108e-06
0.00204446
8.20571e-06
0.00204476
7.32178e-06
0.00204503
6.46615e-06
0.00204526
5.66569e-06
0.00204547
4.93401e-06
0.00204565
4.27618e-06
0.00204581
3.69188e-06
3.1777e-06
0.00204594
0.00210235
5.26114e-06
0.00210265
8.25049e-06
0.00210301
9.71109e-06
0.0021034
1.01727e-05
0.0021038
1.00045e-05
0.00210418
9.46082e-06
0.00210453
8.71414e-06
0.00210486
7.87843e-06
0.00210516
7.0266e-06
0.00210542
6.20324e-06
0.00210565
5.43377e-06
0.00210585
4.73098e-06
0.00210603
4.09947e-06
0.00210618
3.53881e-06
3.0456e-06
0.00210632
0.00216452
5.06972e-06
0.00216483
7.94609e-06
0.00216519
9.34517e-06
0.00216559
9.78082e-06
0.00216598
9.61122e-06
0.00216636
9.08252e-06
0.00216671
8.36082e-06
0.00216703
7.55543e-06
0.00216732
6.73598e-06
0.00216758
5.9449e-06
0.00216781
5.20625e-06
0.00216801
4.53203e-06
0.00216818
3.9265e-06
0.00216833
3.3891e-06
2.91648e-06
0.00216846
0.00222854
4.87615e-06
0.00222884
7.63923e-06
0.00222921
8.97798e-06
0.0022296
9.38945e-06
0.00222999
9.22023e-06
0.00223037
8.70786e-06
0.00223072
8.01201e-06
0.00223104
7.23737e-06
0.00223132
6.4504e-06
0.00223157
5.69146e-06
0.0022318
4.98334e-06
0.00223199
4.33733e-06
0.00223216
3.75737e-06
0.00223231
3.24282e-06
2.7904e-06
0.00223243
0.00229444
4.68155e-06
0.00229475
7.33155e-06
0.00229512
8.61127e-06
0.00229551
9.0002e-06
0.00229589
8.83285e-06
0.00229626
8.33787e-06
0.00229661
7.66848e-06
0.00229692
6.92481e-06
0.0022972
6.17027e-06
0.00229745
5.44321e-06
0.00229767
4.76525e-06
0.00229786
4.14703e-06
0.00229802
3.59219e-06
0.00229816
3.10003e-06
2.66739e-06
0.00229829
0.0023623
4.48695e-06
0.0023626
7.02455e-06
0.00236297
8.24658e-06
0.00236335
8.61448e-06
0.00236374
8.45022e-06
0.0023641
7.97345e-06
0.00236444
7.33091e-06
0.00236475
6.61827e-06
0.00236502
5.89595e-06
0.00236526
5.20042e-06
0.00236548
4.55216e-06
0.00236566
3.96124e-06
0.00236582
3.43103e-06
0.00236596
2.9608e-06
2.54749e-06
0.00236608
0.00243216
4.29326e-06
0.00243246
6.71957e-06
0.00243282
7.88532e-06
0.0024332
8.23354e-06
0.00243358
8.07338e-06
0.00243394
7.61539e-06
0.00243427
6.99989e-06
0.00243457
6.31817e-06
0.00243484
5.62775e-06
0.00243507
4.96329e-06
0.00243528
4.34423e-06
0.00243546
3.78007e-06
0.00243562
3.27395e-06
0.00243576
2.82516e-06
2.43073e-06
0.00243587
0.00250408
4.10129e-06
0.00250438
6.41778e-06
0.00250474
7.5287e-06
0.00250511
7.85845e-06
0.00250548
7.70321e-06
0.00250584
7.26439e-06
0.00250616
6.67595e-06
0.00250645
6.02488e-06
0.00250671
5.36593e-06
0.00250695
4.73201e-06
0.00250715
4.14157e-06
0.00250733
3.60359e-06
0.00250748
3.12103e-06
0.00250761
2.69316e-06
2.31713e-06
0.00250772
0.00257813
3.91177e-06
0.00257843
6.12022e-06
0.00257878
7.17778e-06
0.00257915
7.49015e-06
0.00257951
7.34047e-06
0.00257986
6.92101e-06
0.00258017
6.35949e-06
0.00258046
5.73871e-06
0.00258071
5.11069e-06
0.00258094
4.50672e-06
0.00258114
3.94428e-06
0.00258131
3.43187e-06
0.00258146
2.97228e-06
0.00258158
2.5648e-06
2.20669e-06
0.0025817
0.00265437
3.72529e-06
0.00265467
5.82777e-06
0.00265501
6.83348e-06
0.00265537
7.12945e-06
0.00265573
6.98579e-06
0.00265606
6.58575e-06
0.00265637
6.05088e-06
0.00265665
5.45989e-06
0.0026569
4.86222e-06
0.00265712
4.28753e-06
0.00265731
3.75243e-06
0.00265747
3.26495e-06
0.00265762
2.82774e-06
0.00265774
2.44009e-06
2.09943e-06
0.00265785
0.00273287
3.54238e-06
0.00273316
5.54118e-06
0.00273349
6.49654e-06
0.00273385
6.77699e-06
0.00273419
6.6397e-06
0.00273452
6.25899e-06
0.00273482
5.75038e-06
0.00273509
5.18862e-06
0.00273533
4.62062e-06
0.00273554
4.07452e-06
0.00273573
3.56605e-06
0.00273589
3.10284e-06
0.00273603
2.6874e-06
0.00273615
2.31905e-06
1.99532e-06
0.00273626
0.00281369
3.36347e-06
0.00281397
5.26106e-06
0.0028143
6.1676e-06
0.00281464
6.43332e-06
0.00281498
6.30261e-06
0.00281529
5.94104e-06
0.00281559
5.45821e-06
0.00281585
4.92503e-06
0.00281608
4.38598e-06
0.00281629
3.86772e-06
0.00281647
3.38517e-06
0.00281663
2.94556e-06
0.00281677
2.55126e-06
0.00281688
2.20164e-06
1.89436e-06
0.00281698
0.00289689
3.18891e-06
0.00289717
4.98792e-06
0.00289749
5.84713e-06
0.00289782
6.09883e-06
0.00289815
5.97483e-06
0.00289846
5.63209e-06
0.00289874
5.1745e-06
0.002899
4.66921e-06
0.00289922
4.15833e-06
0.00289943
3.66715e-06
0.0028996
3.20978e-06
0.00289975
2.79307e-06
0.00289989
2.41929e-06
0.0029
2.08784e-06
1.79651e-06
0.0029001
0.00298256
3.01897e-06
0.00298283
4.72212e-06
0.00298314
5.53552e-06
0.00298346
5.77384e-06
0.00298378
5.65658e-06
0.00298408
5.33231e-06
0.00298436
4.89933e-06
0.0029846
4.42117e-06
0.00298482
3.93768e-06
0.00298502
3.47279e-06
0.00298519
3.03984e-06
0.00298534
2.64535e-06
0.00298546
2.29146e-06
0.00298557
1.97762e-06
1.70175e-06
0.00298567
0.00307076
2.85384e-06
0.00307102
4.46395e-06
0.00307132
5.23302e-06
0.00307164
5.45854e-06
0.00307195
5.34798e-06
0.00307224
5.04174e-06
0.0030725
4.63271e-06
0.00307274
4.18091e-06
0.00307296
3.724e-06
0.00307315
3.28458e-06
0.00307331
2.87531e-06
0.00307345
2.50234e-06
0.00307358
2.16771e-06
0.00307368
1.87092e-06
1.61001e-06
0.00307377
0.00316157
2.69367e-06
0.00316182
4.21359e-06
0.00316211
4.93979e-06
0.00316242
5.15303e-06
0.00316272
5.04908e-06
0.003163
4.76041e-06
0.00316326
4.37463e-06
0.00316349
3.94838e-06
0.0031637
3.51721e-06
0.00316388
3.10247e-06
0.00316404
2.71611e-06
0.00316418
2.36397e-06
0.0031643
2.04798e-06
0.0031644
1.76769e-06
1.52125e-06
0.00316449
0.00325507
2.53851e-06
0.00325531
3.97112e-06
0.00325559
4.65589e-06
0.00325589
4.85734e-06
0.00325618
4.75986e-06
0.00325645
4.48823e-06
0.0032567
4.12498e-06
0.00325692
3.72347e-06
0.00325712
3.31722e-06
0.0032573
2.92635e-06
0.00325745
2.56215e-06
0.00325759
2.23015e-06
0.0032577
1.93219e-06
0.0032578
1.66785e-06
1.43541e-06
0.00325789
0.00335133
2.38841e-06
0.00335156
3.73657e-06
0.00335184
4.38132e-06
0.00335212
4.57141e-06
0.0033524
4.48023e-06
0.00335266
4.22511e-06
0.00335291
3.88365e-06
0.00335312
3.50606e-06
0.00335332
3.12388e-06
0.00335349
2.75608e-06
0.00335364
2.41331e-06
0.00335377
2.10077e-06
0.00335388
1.82023e-06
0.00335397
1.57131e-06
1.35241e-06
0.00335406
0.00345044
2.24333e-06
0.00345066
3.50988e-06
0.00345093
4.11597e-06
0.0034512
4.29511e-06
0.00345147
4.21004e-06
0.00345173
3.97086e-06
0.00345196
3.65046e-06
0.00345217
3.29598e-06
0.00345236
2.93706e-06
0.00345252
2.59154e-06
0.00345267
2.26945e-06
0.00345279
1.97572e-06
0.0034529
1.71202e-06
0.00345299
1.478e-06
1.27217e-06
0.00345307
0.00355247
2.10321e-06
0.00355269
3.29093e-06
0.00355295
3.85969e-06
0.00355322
4.02825e-06
0.00355348
3.94907e-06
0.00355372
3.72529e-06
0.00355395
3.4252e-06
0.00355415
3.09302e-06
0.00355433
2.75655e-06
0.00355449
2.43255e-06
0.00355463
2.13044e-06
0.00355475
1.85487e-06
0.00355486
1.60742e-06
0.00355495
1.3878e-06
1.1946e-06
0.00355502
0.00365753
1.96793e-06
0.00365774
3.07956e-06
0.00365799
3.61226e-06
0.00365825
3.77059e-06
0.0036585
3.69707e-06
0.00365874
3.48812e-06
0.00365896
3.20763e-06
0.00365915
2.89696e-06
0.00365933
2.58215e-06
0.00365948
2.27891e-06
0.00365961
1.9961e-06
0.00365973
1.73807e-06
0.00365983
1.50632e-06
0.00365992
1.3006e-06
1.11962e-06
0.00365999
0.0037657
1.83738e-06
0.0037659
2.87554e-06
0.00376614
3.3734e-06
0.00376639
3.52183e-06
0.00376663
3.45373e-06
0.00376686
3.25907e-06
0.00376707
2.99746e-06
0.00376726
2.70754e-06
0.00376743
2.41364e-06
0.00376758
2.13044e-06
0.00376771
1.86625e-06
0.00376782
1.62515e-06
0.00376792
1.40858e-06
0.003768
1.21629e-06
1.0471e-06
0.00376807
0.00387706
1.71137e-06
0.00387726
2.6786e-06
0.00387749
3.14281e-06
0.00387773
3.28163e-06
0.00387796
3.21872e-06
0.00387818
3.03781e-06
0.00387839
2.7944e-06
0.00387857
2.52449e-06
0.00387873
2.25075e-06
0.00387888
1.9869e-06
0.003879
1.74069e-06
0.00387911
1.51596e-06
0.00387921
1.31404e-06
0.00387929
1.13474e-06
9.76955e-07
0.00387936
0.00399172
1.58972e-06
0.00399191
2.48844e-06
0.00399213
2.92012e-06
0.00399236
3.04961e-06
0.00399259
2.99166e-06
0.0039928
2.82398e-06
0.003993
2.59811e-06
0.00399318
2.3475e-06
0.00399334
2.09322e-06
0.00399347
1.84806e-06
0.0039936
1.61922e-06
0.0039937
1.4103e-06
0.00399379
1.22255e-06
0.00399387
1.05581e-06
9.09054e-07
0.00399394
0.00410977
1.47221e-06
0.00410995
2.30474e-06
0.00411017
2.70493e-06
0.00411039
2.82534e-06
0.00411061
2.77212e-06
0.00411082
2.61718e-06
0.00411101
2.40823e-06
0.00411118
2.17624e-06
0.00411133
1.94077e-06
0.00411147
1.71366e-06
0.00411158
1.50161e-06
0.00411169
1.30798e-06
0.00411177
1.13395e-06
0.00411185
9.79355e-07
8.43275e-07
0.00411192
0.00423131
1.3586e-06
0.00423149
2.12711e-06
0.0042317
2.49682e-06
0.00423191
2.60838e-06
0.00423213
2.55968e-06
0.00423233
2.417e-06
0.00423251
2.22437e-06
0.00423268
2.01037e-06
0.00423282
1.79307e-06
0.00423295
1.58342e-06
0.00423307
1.38763e-06
0.00423317
1.2088e-06
0.00423325
1.04804e-06
0.00423333
9.05223e-07
7.79487e-07
0.00423339
0.00435645
1.24865e-06
0.00435662
1.95516e-06
0.00435682
2.2953e-06
0.00435703
2.39824e-06
0.00435724
2.35384e-06
0.00435743
2.22299e-06
0.00435761
2.04612e-06
0.00435777
1.84952e-06
0.00435791
1.64981e-06
0.00435804
1.45707e-06
0.00435815
1.27702e-06
0.00435825
1.11254e-06
0.00435833
9.64657e-07
0.0043584
8.33252e-07
7.17553e-07
0.00435846
0.00448528
1.14209e-06
0.00448545
1.78847e-06
0.00448565
2.09989e-06
0.00448585
2.19441e-06
0.00448605
2.15412e-06
0.00448624
2.03468e-06
0.00448641
1.87306e-06
0.00448657
1.69331e-06
0.00448671
1.51064e-06
0.00448683
1.3343e-06
0.00448694
1.16953e-06
0.00448703
1.01898e-06
0.00448711
8.83589e-07
0.00448718
7.63274e-07
6.57325e-07
0.00448724
0.00461793
1.03861e-06
0.00461809
1.62659e-06
0.00461828
1.91007e-06
0.00461848
1.99634e-06
0.00461868
1.95998e-06
0.00461886
1.85157e-06
0.00461903
1.70472e-06
0.00461918
1.54132e-06
0.00461932
1.3752e-06
0.00461944
1.21479e-06
0.00461954
1.06487e-06
0.00461963
9.27861e-07
0.00461971
8.04633e-07
0.00461978
6.95109e-07
5.98652e-07
0.00461984
0.0047545
9.37924e-07
0.00475466
1.46903e-06
0.00475485
1.72527e-06
0.00475504
1.80344e-06
0.00475523
1.77085e-06
0.00475541
1.67313e-06
0.00475557
1.54063e-06
0.00475572
1.39312e-06
0.00475585
1.2431e-06
0.00475597
1.0982e-06
0.00475607
9.62754e-07
0.00475616
8.38943e-07
0.00475624
7.2757e-07
0.0047563
6.28569e-07
5.41371e-07
0.00475636
0.00489512
8.39701e-07
0.00489527
1.31531e-06
0.00489545
1.54491e-06
0.00489564
1.61512e-06
0.00489582
1.58614e-06
0.004896
1.49881e-06
0.00489616
1.38028e-06
0.0048963
1.24826e-06
0.00489643
1.11395e-06
0.00489655
9.84189e-07
0.00489665
8.62869e-07
0.00489673
7.51953e-07
0.00489681
6.52166e-07
0.00489687
5.63454e-07
4.8531e-07
0.00489693
0.00503989
7.43598e-07
0.00504004
1.16487e-06
0.00504021
1.36836e-06
0.0050404
1.43072e-06
0.00504058
1.40522e-06
0.00504075
1.32801e-06
0.00504091
1.22312e-06
0.00504105
1.10624e-06
0.00504118
9.87306e-07
0.00504129
8.72368e-07
0.00504139
7.64886e-07
0.00504147
6.66607e-07
0.00504155
5.78177e-07
0.00504161
4.99552e-07
4.30288e-07
0.00504166
0.00518894
6.49249e-07
0.00518909
1.01715e-06
0.00518926
1.19495e-06
0.00518944
1.24955e-06
0.00518962
1.22742e-06
0.00518979
1.1601e-06
0.00518994
1.06859e-06
0.00519008
9.66561e-07
0.00519021
8.62714e-07
0.00519032
7.62336e-07
0.00519041
6.68454e-07
0.0051905
5.82598e-07
0.00519057
5.05337e-07
0.00519063
4.36636e-07
3.76109e-07
0.00519069
0.0053424
5.56262e-07
0.00534255
8.71535e-07
0.00534272
1.02398e-06
0.0053429
1.07087e-06
0.00534307
1.05201e-06
0.00534324
9.9441e-07
0.00534339
9.16048e-07
0.00534353
8.28656e-07
0.00534365
7.39679e-07
0.00534376
6.5366e-07
0.00534386
5.73194e-07
0.00534394
4.99598e-07
0.00534401
4.33363e-07
0.00534407
3.74461e-07
3.22564e-07
0.00534413
0.0055004
4.64214e-07
0.00550055
7.27368e-07
0.00550072
8.54663e-07
0.00550089
8.93882e-07
0.00550107
8.78217e-07
0.00550123
8.30201e-07
0.00550138
7.64839e-07
0.00550152
6.91922e-07
0.00550164
6.17667e-07
0.00550175
5.45868e-07
0.00550184
4.78695e-07
0.00550193
4.17251e-07
0.005502
3.61947e-07
0.00550206
3.12763e-07
2.69424e-07
0.00550211
0.00566308
3.72644e-07
0.00566322
5.83927e-07
0.00566339
6.86165e-07
0.00566357
7.17706e-07
0.00566374
7.05182e-07
0.0056639
6.66674e-07
0.00566405
6.14228e-07
0.00566419
5.55703e-07
0.00566431
4.96094e-07
0.00566442
4.38448e-07
0.00566451
3.8451e-07
0.00566459
3.35168e-07
0.00566467
2.90753e-07
0.00566473
2.5125e-07
2.1644e-07
0.00566478
0.00583056
2.81046e-07
0.00583071
4.4042e-07
0.00583088
5.17559e-07
0.00583105
5.41381e-07
0.00583123
5.31965e-07
0.00583139
5.02945e-07
0.00583154
4.63404e-07
0.00583168
4.1927e-07
0.0058318
3.74312e-07
0.00583191
3.3083e-07
0.005832
2.90141e-07
0.00583208
2.52916e-07
0.00583215
2.19407e-07
0.00583222
1.89601e-07
1.63336e-07
0.00583227
0.006003
1.88852e-07
0.00600315
2.95962e-07
0.00600332
3.47811e-07
0.0060035
3.63835e-07
0.00600367
3.57522e-07
0.00600383
3.38032e-07
0.00600399
3.11468e-07
0.00600412
2.81814e-07
0.00600425
2.51603e-07
0.00600436
2.22382e-07
0.00600445
1.95036e-07
0.00600453
1.70016e-07
0.00600461
1.47493e-07
0.00600467
1.27459e-07
1.09803e-07
0.00600472
0.00618054
9.54457e-08
0.00618069
1.49551e-07
0.00618086
1.75749e-07
0.00618104
1.83848e-07
0.00618122
1.80661e-07
0.00618139
1.70816e-07
0.00618154
1.57395e-07
0.00618168
1.42413e-07
0.0061818
1.27148e-07
0.00618191
1.12383e-07
0.00618201
9.85647e-08
0.0061821
8.59219e-08
0.00618217
7.45401e-08
0.00618223
6.44158e-08
5.54935e-08
0.00618229
0.00636334
0.00636349
0.00636366
0.00636385
0.00636403
0.0063642
0.00636435
0.0063645
0.00636462
0.00636474
0.00636484
0.00636492
0.006365
0.00636506
0.00636512
0.000591211
1.32154e-05
0.000576651
1.45602e-05
0.000561386
1.52643e-05
0.00054562
1.5766e-05
0.000529465
1.61552e-05
0.000513023
1.64416e-05
0.000496379
1.66448e-05
0.000479594
1.67847e-05
0.000462721
1.68727e-05
0.000445807
1.6914e-05
0.000428897
1.69106e-05
0.000412034
1.68631e-05
0.000395263
1.6771e-05
0.000378629
1.66332e-05
0.000362181
1.64485e-05
0.000345966
1.62152e-05
0.000330033
1.59323e-05
0.000314435
1.55986e-05
0.000299221
1.52139e-05
0.000284442
1.47785e-05
0.000270149
1.42933e-05
0.000256388
1.37606e-05
0.000243205
1.31836e-05
0.000230638
1.25665e-05
0.000218724
1.19149e-05
0.000207488
1.12354e-05
0.000196952
1.05358e-05
0.000187128
9.82445e-06
0.000178017
9.11047e-06
0.000169614
8.40315e-06
0.000161903
7.7117e-06
0.000154858
7.0448e-06
0.000148447
6.41031e-06
0.000142633
5.8149e-06
0.000137369
5.26378e-06
0.000132608
4.7606e-06
0.000128301
4.3073e-06
0.000124397
3.90422e-06
0.000120847
3.55022e-06
0.000117604
3.24287e-06
0.000114625
2.97873e-06
0.000111871
2.75365e-06
0.000109308
2.56306e-06
0.000106906
2.40224e-06
0.000104639
2.26655e-06
0.000102488
2.15164e-06
0.000100434
2.05355e-06
9.84655e-05
1.96884e-06
9.65709e-05
1.89458e-06
9.47425e-05
1.82838e-06
9.29742e-05
1.76835e-06
9.12612e-05
1.71304e-06
8.95998e-05
1.66136e-06
8.79873e-05
1.61258e-06
8.64211e-05
1.56615e-06
8.48994e-05
1.52175e-06
8.34202e-05
1.47917e-06
8.1982e-05
1.43828e-06
8.0583e-05
1.399e-06
7.92217e-05
1.36129e-06
7.78966e-05
1.32512e-06
7.66062e-05
1.29045e-06
7.5349e-05
1.25723e-06
7.41236e-05
1.22542e-06
7.29286e-05
1.19497e-06
7.17628e-05
1.16583e-06
7.06249e-05
1.13792e-06
6.95138e-05
1.11118e-06
6.84282e-05
1.08556e-06
6.73672e-05
1.061e-06
6.63298e-05
1.03743e-06
6.5315e-05
1.01481e-06
6.4322e-05
9.93089e-07
6.33498e-05
9.7222e-07
6.23976e-05
9.52164e-07
6.14647e-05
9.32888e-07
6.05504e-05
9.1436e-07
5.96539e-05
8.96549e-07
5.87745e-05
8.79431e-07
5.79115e-05
8.62978e-07
5.70643e-05
8.4716e-07
5.62324e-05
8.31943e-07
5.54152e-05
8.17277e-07
5.46121e-05
8.03089e-07
5.38228e-05
7.89303e-07
5.30476e-05
7.75156e-07
5.22817e-05
7.65977e-07
5.15442e-05
7.3746e-07
5.09217e-05
6.225e-07
2.32489e-06
0.00063661
1.18043e-05
0.000637083
1.40867e-05
0.000636675
1.56724e-05
0.000635472
1.69689e-05
0.000633517
1.81097e-05
0.000630846
1.91133e-05
0.000627492
1.9999e-05
0.000623486
2.07899e-05
0.000618858
2.15008e-05
0.000613634
2.21379e-05
0.000607841
2.27036e-05
0.000601507
2.31978e-05
0.000594659
2.36192e-05
0.000587327
2.3965e-05
0.000579543
2.42322e-05
0.000571341
2.4417e-05
0.000562758
2.4516e-05
0.00055383
2.45259e-05
0.0005446
2.44442e-05
0.000535109
2.42691e-05
0.000525403
2.40001e-05
0.000515525
2.36381e-05
0.000505523
2.31857e-05
0.000495442
2.26472e-05
0.000485328
2.20288e-05
0.000475225
2.13387e-05
0.000465174
2.05866e-05
0.000455215
1.97839e-05
0.000445382
1.89434e-05
0.000435707
1.80782e-05
0.000426217
1.7202e-05
0.000416933
1.63281e-05
0.000407875
1.54689e-05
0.000399054
1.46357e-05
0.00039048
1.38378e-05
0.000382158
1.30828e-05
0.000374089
1.23761e-05
0.000366272
1.17208e-05
0.000358705
1.11181e-05
0.00035138
1.05676e-05
0.000344292
1.00671e-05
0.000337432
9.61343e-06
0.000330792
9.20273e-06
0.000324364
8.83055e-06
0.000318138
8.49235e-06
0.000312106
8.18369e-06
0.000306259
7.90041e-06
0.000300589
7.63874e-06
0.000295088
7.3954e-06
0.000289749
7.16764e-06
0.000284564
6.95315e-06
0.000279527
6.75012e-06
0.000274632
6.55711e-06
0.000269871
6.37301e-06
0.00026524
6.19701e-06
0.000260734
6.02847e-06
0.000256346
5.86692e-06
0.000252072
5.71199e-06
0.000247908
5.56337e-06
0.000243848
5.42079e-06
0.000239889
5.28401e-06
0.000236027
5.15279e-06
0.000232257
5.0269e-06
0.000228577
4.90611e-06
0.000224982
4.79018e-06
0.000221469
4.67887e-06
0.000218034
4.57196e-06
0.000214676
4.46923e-06
0.000211392
4.37046e-06
0.000208177
4.27546e-06
0.000205031
4.18403e-06
0.000201949
4.096e-06
0.000198931
4.01121e-06
0.000195974
3.92952e-06
0.000193075
3.85079e-06
0.000190233
3.77491e-06
0.000187446
3.70177e-06
0.000184711
3.63128e-06
0.000182027
3.56334e-06
0.000179392
3.49787e-06
0.000176805
3.43477e-06
0.000174263
3.37394e-06
0.000171765
3.31521e-06
0.00016931
3.25837e-06
0.000166896
3.20309e-06
0.000164523
3.14821e-06
0.000162185
3.10391e-06
0.000159934
2.98824e-06
0.000157494
3.06258e-06
5.79053e-06
0.000659252
1.08556e-05
0.000660457
1.28826e-05
0.000661601
1.45284e-05
0.000662621
1.59481e-05
0.000663484
1.72473e-05
0.000664148
1.84495e-05
0.000664582
1.95645e-05
0.000664765
2.06065e-05
0.00066468
2.15864e-05
0.000664309
2.25091e-05
0.000663637
2.33758e-05
0.000662649
2.41851e-05
0.000661335
2.49339e-05
0.000659682
2.56177e-05
0.000657683
2.6231e-05
0.000655333
2.67676e-05
0.000652627
2.72211e-05
0.000649568
2.75852e-05
0.000646158
2.7854e-05
0.000642405
2.80224e-05
0.000638319
2.80865e-05
0.000633913
2.8044e-05
0.000629204
2.78944e-05
0.000624212
2.76393e-05
0.000618958
2.72824e-05
0.000613467
2.68301e-05
0.000607763
2.62909e-05
0.000601871
2.56753e-05
0.000595819
2.49959e-05
0.000589631
2.42664e-05
0.000583331
2.35014e-05
0.000576943
2.27158e-05
0.000570488
2.1924e-05
0.000563985
2.11394e-05
0.000557449
2.03737e-05
0.000550895
1.96369e-05
0.000544334
1.89367e-05
0.000537776
1.82784e-05
0.000531229
1.76651e-05
0.000524699
1.7098e-05
0.00051819
1.65762e-05
0.000511706
1.60976e-05
0.00050525
1.56588e-05
0.000498824
1.52559e-05
0.000492432
1.48846e-05
0.000486075
1.45405e-05
0.000479756
1.42193e-05
0.000473478
1.39173e-05
0.000467242
1.3631e-05
0.000461052
1.33576e-05
0.000454911
1.30947e-05
0.00044882
1.28405e-05
0.000442784
1.25935e-05
0.000436804
1.23527e-05
0.000430884
1.21175e-05
0.000425025
1.18873e-05
0.00041923
1.16619e-05
0.000413501
1.14411e-05
0.000407839
1.1225e-05
0.000402247
1.10133e-05
0.000396725
1.08063e-05
0.000391274
1.06038e-05
0.000385895
1.04059e-05
0.000380588
1.02126e-05
0.000375355
1.00238e-05
0.000370194
9.83946e-06
0.000365106
9.65962e-06
0.000360091
9.48419e-06
0.000355149
9.31308e-06
0.000350278
9.14625e-06
0.000345478
8.98362e-06
0.000340749
8.82512e-06
0.00033609
8.6707e-06
0.000331499
8.52029e-06
0.000326976
8.37384e-06
0.00032252
8.23131e-06
0.000318129
8.09265e-06
0.000313802
7.95783e-06
0.000309539
7.8268e-06
0.000305337
7.69953e-06
0.000301196
7.57593e-06
0.000297114
7.45591e-06
0.00029309
7.33928e-06
0.000289123
7.22571e-06
0.000285211
7.11462e-06
0.000281354
7.00523e-06
0.000277554
6.90414e-06
0.000273817
6.72528e-06
0.000269827
7.05287e-06
9.6778e-06
0.000680888
1.03192e-05
0.00068179
1.19813e-05
0.000682827
1.34912e-05
0.000683908
1.48669e-05
0.000685001
1.61542e-05
0.00068608
1.73705e-05
0.000687123
1.85213e-05
0.000688116
1.96142e-05
0.000689045
2.06569e-05
0.0006899
2.16541e-05
0.000690668
2.26076e-05
0.000691337
2.35168e-05
0.000691891
2.43793e-05
0.000692317
2.51915e-05
0.0006926
2.59482e-05
0.000692724
2.66434e-05
0.000692675
2.72704e-05
0.000692438
2.78224e-05
0.000691999
2.82925e-05
0.000691348
2.8674e-05
0.000690473
2.89614e-05
0.000689367
2.91501e-05
0.000688024
2.92373e-05
0.000686441
2.92219e-05
0.000684619
2.9105e-05
0.000682559
2.88901e-05
0.000680266
2.85832e-05
0.000677749
2.81924e-05
0.000675017
2.7728e-05
0.000672082
2.72022e-05
0.000668955
2.66282e-05
0.00066565
2.60202e-05
0.000662182
2.53922e-05
0.000658564
2.47577e-05
0.000654808
2.41293e-05
0.000650927
2.35177e-05
0.000646932
2.29319e-05
0.000642832
2.23786e-05
0.000638635
2.18622e-05
0.000634348
2.13853e-05
0.000629976
2.09482e-05
0.000625523
2.05499e-05
0.000620994
2.01879e-05
0.000616391
1.98588e-05
0.000611717
1.95589e-05
0.000606974
1.92839e-05
0.000602163
1.90298e-05
0.000597288
1.87925e-05
0.00059235
1.85686e-05
0.000587353
1.83549e-05
0.000582299
1.81488e-05
0.000577191
1.79482e-05
0.000572033
1.77515e-05
0.000566829
1.75573e-05
0.000561581
1.73649e-05
0.000556295
1.71736e-05
0.000550974
1.6983e-05
0.000545622
1.67929e-05
0.000540244
1.66032e-05
0.000534843
1.64138e-05
0.000529425
1.62249e-05
0.000523992
1.60365e-05
0.00051855
1.58486e-05
0.000513101
1.56613e-05
0.00050765
1.54748e-05
0.0005022
1.5289e-05
0.000496756
1.51042e-05
0.000491319
1.49204e-05
0.000485895
1.47377e-05
0.000480485
1.45561e-05
0.000475093
1.43758e-05
0.000469721
1.4197e-05
0.000464372
1.40197e-05
0.000459048
1.3844e-05
0.000453752
1.36702e-05
0.000448485
1.34982e-05
0.000443249
1.33284e-05
0.000438046
1.31608e-05
0.000432877
1.29957e-05
0.000427744
1.2833e-05
0.000422647
1.2673e-05
0.000417587
1.25156e-05
0.000412566
1.23608e-05
0.000407583
1.22082e-05
0.000402641
1.20572e-05
0.000397739
1.19073e-05
0.000392882
1.17602e-05
0.000388042
1.15656e-05
0.000383055
1.20397e-05
1.37827e-05
0.000703016
9.94549e-06
0.000703663
1.1335e-05
0.000704471
1.26832e-05
0.000705371
1.39671e-05
0.00070633
1.51944e-05
0.000707329
1.63718e-05
0.000708349
1.75011e-05
0.000709379
1.85849e-05
0.000710409
1.9627e-05
0.000711433
2.063e-05
0.000712445
2.1595e-05
0.00071344
2.25217e-05
0.000714412
2.34081e-05
0.000715352
2.42515e-05
0.000716252
2.50478e-05
0.000717103
2.5792e-05
0.000717895
2.64786e-05
0.000718616
2.71015e-05
0.000719254
2.76545e-05
0.000719796
2.81314e-05
0.000720231
2.85268e-05
0.000720546
2.88357e-05
0.000720728
2.90545e-05
0.000720769
2.91813e-05
0.000720658
2.92156e-05
0.000720389
2.91593e-05
0.000719956
2.90163e-05
0.000719356
2.87927e-05
0.000718587
2.84966e-05
0.000717651
2.8138e-05
0.000716551
2.77284e-05
0.000715291
2.728e-05
0.000713878
2.68056e-05
0.000712318
2.6318e-05
0.000710618
2.5829e-05
0.000708786
2.53493e-05
0.00070683
2.48881e-05
0.000704756
2.44526e-05
0.00070257
2.40481e-05
0.000700278
2.36781e-05
0.000697882
2.33438e-05
0.000695386
2.30453e-05
0.000692794
2.27808e-05
0.000690104
2.2548e-05
0.00068732
2.23435e-05
0.00068444
2.21636e-05
0.000681465
2.20045e-05
0.000678395
2.18624e-05
0.00067523
2.17339e-05
0.000671969
2.16156e-05
0.000668613
2.15049e-05
0.000665162
2.13995e-05
0.000661616
2.12973e-05
0.000657976
2.1197e-05
0.000654244
2.10973e-05
0.00065042
2.09974e-05
0.000646507
2.08966e-05
0.000642505
2.07945e-05
0.000638418
2.06907e-05
0.000634246
2.0585e-05
0.000629994
2.04772e-05
0.000625663
2.03673e-05
0.000621257
2.02551e-05
0.000616777
2.01407e-05
0.000612228
2.00239e-05
0.000607613
1.99048e-05
0.000602934
1.97833e-05
0.000598194
1.96594e-05
0.000593399
1.95333e-05
0.00058855
1.94048e-05
0.000583652
1.92742e-05
0.000578707
1.91414e-05
0.00057372
1.90067e-05
0.000568694
1.88701e-05
0.000563633
1.87319e-05
0.000558539
1.85922e-05
0.000553416
1.84513e-05
0.000548267
1.83093e-05
0.000543096
1.81666e-05
0.000537906
1.80234e-05
0.000532699
1.78798e-05
0.000527479
1.7736e-05
0.000522248
1.75919e-05
0.000517009
1.74473e-05
0.000511764
1.73014e-05
0.000506518
1.71535e-05
0.000501275
1.70037e-05
0.000496001
1.68391e-05
0.000490704
1.73368e-05
1.78332e-05
0.000725487
9.65915e-06
0.000725974
1.08479e-05
0.000726615
1.20423e-05
0.000727365
1.3217e-05
0.000728195
1.43643e-05
0.000729085
1.54823e-05
0.000730017
1.65688e-05
0.00073098
1.76225e-05
0.000731963
1.86435e-05
0.000732961
1.96318e-05
0.000733969
2.05871e-05
0.000734983
2.15081e-05
0.000735998
2.2393e-05
0.000737011
2.32388e-05
0.000738016
2.40421e-05
0.00073901
2.47985e-05
0.000739985
2.55032e-05
0.000740936
2.6151e-05
0.000741854
2.67364e-05
0.000742731
2.72541e-05
0.000743559
2.7699e-05
0.000744328
2.80668e-05
0.000745028
2.83541e-05
0.000745651
2.85585e-05
0.000746188
2.86794e-05
0.000746629
2.87177e-05
0.000746969
2.86762e-05
0.000747202
2.85599e-05
0.000747323
2.83753e-05
0.000747331
2.81307e-05
0.000747223
2.7836e-05
0.000747001
2.75018e-05
0.000746667
2.71397e-05
0.000746224
2.67611e-05
0.000745676
2.6377e-05
0.000745028
2.59976e-05
0.000744284
2.56319e-05
0.000743449
2.52874e-05
0.000742528
2.49695e-05
0.000741523
2.46824e-05
0.000740439
2.44282e-05
0.000739277
2.42075e-05
0.000738038
2.40197e-05
0.000736723
2.3863e-05
0.000735332
2.37348e-05
0.000733863
2.36321e-05
0.000732316
2.35514e-05
0.000730689
2.34895e-05
0.00072898
2.34429e-05
0.000727187
2.34086e-05
0.000725308
2.33839e-05
0.000723341
2.33664e-05
0.000721285
2.33541e-05
0.000719136
2.33454e-05
0.000716895
2.33388e-05
0.000714559
2.33334e-05
0.000712127
2.33282e-05
0.000709599
2.33226e-05
0.000706974
2.33161e-05
0.00070425
2.33082e-05
0.000701429
2.32987e-05
0.000698509
2.3287e-05
0.000695491
2.32731e-05
0.000692375
2.32566e-05
0.000689162
2.32374e-05
0.000685851
2.32151e-05
0.000682445
2.31897e-05
0.000678944
2.31609e-05
0.000675348
2.31286e-05
0.00067166
2.30926e-05
0.000667882
2.30529e-05
0.000664014
2.30094e-05
0.000660058
2.29621e-05
0.000656017
2.2911e-05
0.000651893
2.28561e-05
0.000647688
2.27975e-05
0.000643404
2.27353e-05
0.000639044
2.26696e-05
0.00063461
2.26007e-05
0.000630105
2.25287e-05
0.000625531
2.24537e-05
0.000620891
2.23757e-05
0.000616188
2.22947e-05
0.000611425
2.22102e-05
0.000606605
2.21213e-05
0.000601732
2.20269e-05
0.000596809
2.19269e-05
0.000591818
2.18295e-05
0.000586884
2.22711e-05
2.15427e-05
0.00074844
9.4117e-06
0.000748839
1.04492e-05
0.000749369
1.15122e-05
0.000750005
1.2581e-05
0.000750725
1.36441e-05
0.000751512
1.46949e-05
0.000752353
1.57283e-05
0.000753235
1.67408e-05
0.000754148
1.77296e-05
0.000755087
1.86929e-05
0.000756045
1.96288e-05
0.000757019
2.0535e-05
0.000758002
2.14092e-05
0.000758993
2.22482e-05
0.000759987
2.30484e-05
0.000760979
2.38059e-05
0.000761966
2.45161e-05
0.000762943
2.51744e-05
0.000763904
2.57757e-05
0.000764842
2.63154e-05
0.000765752
2.67887e-05
0.000766628
2.71917e-05
0.00076746
2.75212e-05
0.000768244
2.77749e-05
0.000768971
2.79519e-05
0.000769636
2.80528e-05
0.000770233
2.80798e-05
0.000770756
2.80366e-05
0.000771202
2.7929e-05
0.000771569
2.7764e-05
0.000771855
2.755e-05
0.00077206
2.72966e-05
0.000772186
2.70139e-05
0.000772235
2.67124e-05
0.000772209
2.64023e-05
0.000772114
2.60931e-05
0.000771953
2.57934e-05
0.000771729
2.55107e-05
0.000771448
2.52509e-05
0.000771112
2.50182e-05
0.000770725
2.48154e-05
0.000770288
2.4644e-05
0.000769804
2.45039e-05
0.000769273
2.43942e-05
0.000768695
2.4313e-05
0.000768069
2.4258e-05
0.000767394
2.42262e-05
0.000766669
2.42149e-05
0.000765891
2.4221e-05
0.000765058
2.42417e-05
0.000764167
2.42747e-05
0.000763216
2.43175e-05
0.000762202
2.43682e-05
0.000761122
2.44252e-05
0.000759974
2.4487e-05
0.000758754
2.45527e-05
0.000757461
2.46212e-05
0.000756092
2.46917e-05
0.000754645
2.47637e-05
0.000753116
2.48367e-05
0.000751505
2.49101e-05
0.000749808
2.49836e-05
0.000748024
2.50568e-05
0.000746152
2.51292e-05
0.000744189
2.52006e-05
0.000742133
2.52706e-05
0.000739984
2.53389e-05
0.00073774
2.54051e-05
0.000735399
2.54691e-05
0.000732961
2.55304e-05
0.000730426
2.55888e-05
0.000727791
2.56442e-05
0.000725057
2.56963e-05
0.000722223
2.5745e-05
0.000719288
2.57901e-05
0.000716254
2.58316e-05
0.00071312
2.58694e-05
0.000709886
2.59036e-05
0.000706553
2.5934e-05
0.000703121
2.59608e-05
0.00069959
2.59839e-05
0.000695963
2.60032e-05
0.000692239
2.60183e-05
0.000688421
2.60287e-05
0.000684509
2.60331e-05
0.000680506
2.60297e-05
0.000676415
2.60184e-05
0.000672234
2.601e-05
0.000668137
2.63685e-05
2.47036e-05
0.00077191
9.18625e-06
0.000772252
1.01068e-05
0.000772704
1.10601e-05
0.000773253
1.20325e-05
0.000773884
1.30131e-05
0.000774585
1.39941e-05
0.000775344
1.49692e-05
0.000776151
1.59335e-05
0.000776998
1.68829e-05
0.000777877
1.7814e-05
0.000778782
1.87238e-05
0.000779708
1.96092e-05
0.00078065
2.04672e-05
0.000781604
2.12943e-05
0.000782565
2.20868e-05
0.000783531
2.28407e-05
0.000784495
2.35517e-05
0.000785454
2.42153e-05
0.000786403
2.48268e-05
0.000787336
2.53819e-05
0.000788249
2.58763e-05
0.000789135
2.6306e-05
0.000789988
2.66681e-05
0.000790802
2.69602e-05
0.000791573
2.71814e-05
0.000792294
2.73317e-05
0.000792961
2.74127e-05
0.00079357
2.74277e-05
0.000794118
2.73812e-05
0.000794603
2.72792e-05
0.000795023
2.71292e-05
0.000795381
2.69395e-05
0.000795675
2.67192e-05
0.00079591
2.64776e-05
0.000796088
2.62242e-05
0.000796213
2.59679e-05
0.00079629
2.5717e-05
0.000796322
2.54787e-05
0.000796314
2.52589e-05
0.000796269
2.50624e-05
0.000796193
2.48922e-05
0.000796086
2.47504e-05
0.000795952
2.46378e-05
0.000795793
2.45539e-05
0.000795608
2.44976e-05
0.000795399
2.44672e-05
0.000795165
2.44604e-05
0.000794905
2.44749e-05
0.000794617
2.45081e-05
0.000794301
2.45577e-05
0.000793955
2.46214e-05
0.000793575
2.46971e-05
0.00079316
2.4783e-05
0.000792708
2.48776e-05
0.000792215
2.49796e-05
0.00079168
2.50879e-05
0.0007911
2.52017e-05
0.000790471
2.53201e-05
0.000789792
2.54427e-05
0.00078906
2.55688e-05
0.000788272
2.56981e-05
0.000787426
2.583e-05
0.000786518
2.59643e-05
0.000785547
2.61005e-05
0.000784509
2.62383e-05
0.000783403
2.63773e-05
0.000782224
2.65172e-05
0.000780972
2.66576e-05
0.000779643
2.67982e-05
0.000778235
2.69387e-05
0.000776745
2.70787e-05
0.000775171
2.7218e-05
0.000773511
2.73563e-05
0.000771763
2.74933e-05
0.000769924
2.76289e-05
0.000767993
2.77629e-05
0.000765967
2.78951e-05
0.000763845
2.80253e-05
0.000761626
2.81536e-05
0.000759307
2.82797e-05
0.000756887
2.84036e-05
0.000754365
2.8525e-05
0.00075174
2.86433e-05
0.000749011
2.87578e-05
0.000746178
2.88668e-05
0.000743239
2.8968e-05
0.000740198
2.90601e-05
0.000737063
2.91449e-05
0.000734001
2.94301e-05
2.72294e-05
0.000795949
8.9728e-06
0.000796256
9.79974e-06
0.000796654
1.06615e-05
0.000797138
1.15485e-05
0.000797699
1.24521e-05
0.000798328
1.33649e-05
0.000799017
1.42806e-05
0.000799757
1.51936e-05
0.00080054
1.60994e-05
0.000801361
1.69937e-05
0.000802212
1.78727e-05
0.000803088
1.87327e-05
0.000803985
1.95702e-05
0.000804898
2.03814e-05
0.000805823
2.11623e-05
0.000806754
2.19091e-05
0.000807688
2.26174e-05
0.000808621
2.32829e-05
0.000809546
2.39012e-05
0.00081046
2.4468e-05
0.000811357
2.49793e-05
0.000812232
2.54314e-05
0.000813079
2.58212e-05
0.000813892
2.61465e-05
0.000814668
2.6406e-05
0.0008154
2.65994e-05
0.000816085
2.67279e-05
0.000816719
2.67938e-05
0.000817299
2.68011e-05
0.000817824
2.67547e-05
0.000818292
2.6661e-05
0.000818704
2.65274e-05
0.000819061
2.63617e-05
0.000819367
2.61726e-05
0.000819622
2.59685e-05
0.000819833
2.57577e-05
0.000820001
2.55482e-05
0.000820133
2.53468e-05
0.000820233
2.51594e-05
0.000820304
2.4991e-05
0.000820352
2.4845e-05
0.000820378
2.47238e-05
0.000820387
2.46288e-05
0.000820381
2.45601e-05
0.000820361
2.45173e-05
0.000820329
2.44992e-05
0.000820285
2.45041e-05
0.00082023
2.45302e-05
0.000820163
2.45753e-05
0.000820083
2.46374e-05
0.00081999
2.47145e-05
0.000819882
2.48048e-05
0.000819759
2.49068e-05
0.000819617
2.5019e-05
0.000819456
2.51403e-05
0.000819275
2.52697e-05
0.00081907
2.54064e-05
0.000818841
2.55496e-05
0.000818584
2.5699e-05
0.000818299
2.5854e-05
0.000817983
2.60143e-05
0.000817633
2.61794e-05
0.000817249
2.63492e-05
0.000816826
2.65232e-05
0.000816363
2.67013e-05
0.000815857
2.6883e-05
0.000815306
2.70681e-05
0.000814707
2.72564e-05
0.000814058
2.74475e-05
0.000813355
2.76412e-05
0.000812597
2.78372e-05
0.00081178
2.80353e-05
0.000810901
2.82351e-05
0.000809957
2.84366e-05
0.000808947
2.86395e-05
0.000807866
2.88436e-05
0.000806712
2.90488e-05
0.000805483
2.92549e-05
0.000804175
2.94619e-05
0.000802785
2.96696e-05
0.000801311
2.98778e-05
0.000799749
3.00862e-05
0.000798098
3.02943e-05
0.000796355
3.0501e-05
0.000794517
3.07046e-05
0.000792583
3.09022e-05
0.000790553
3.10904e-05
0.000788439
3.12581e-05
0.000786375
3.14947e-05
2.9142e-05
0.000820594
8.76651e-06
0.000820877
9.51675e-06
0.000821237
1.03013e-05
0.000821672
1.11137e-05
0.000822177
1.19471e-05
0.000822746
1.27955e-05
0.000823374
1.36529e-05
0.000824054
1.4514e-05
0.000824779
1.53741e-05
0.000825544
1.62287e-05
0.000826343
1.70735e-05
0.000827171
1.79046e-05
0.000828023
1.8718e-05
0.000828895
1.95098e-05
0.000829781
2.0276e-05
0.000830678
2.10124e-05
0.00083158
2.1715e-05
0.000832484
2.23793e-05
0.000833384
2.30013e-05
0.000834275
2.35767e-05
0.000835153
2.41017e-05
0.000836012
2.45727e-05
0.000836846
2.49866e-05
0.000837652
2.53411e-05
0.000838423
2.56347e-05
0.000839155
2.58669e-05
0.000839845
2.60384e-05
0.000840488
2.61508e-05
0.000841082
2.62072e-05
0.000841624
2.62119e-05
0.000842115
2.61703e-05
0.000842554
2.60885e-05
0.000842942
2.59738e-05
0.000843281
2.58336e-05
0.000843574
2.56756e-05
0.000843824
2.55076e-05
0.000844035
2.53368e-05
0.000844212
2.51699e-05
0.000844359
2.50127e-05
0.00084448
2.487e-05
0.000844579
2.47457e-05
0.00084466
2.46425e-05
0.000844727
2.45621e-05
0.000844782
2.45052e-05
0.000844827
2.44719e-05
0.000844865
2.44614e-05
0.000844896
2.44727e-05
0.000844922
2.45043e-05
0.000844943
2.45544e-05
0.000844959
2.46215e-05
0.00084497
2.47037e-05
0.000844975
2.47996e-05
0.000844974
2.49077e-05
0.000844966
2.50268e-05
0.000844951
2.51558e-05
0.000844927
2.52938e-05
0.000844893
2.54401e-05
0.000844849
2.55941e-05
0.000844792
2.57554e-05
0.000844723
2.59235e-05
0.000844639
2.60983e-05
0.000844539
2.62793e-05
0.000844422
2.64664e-05
0.000844286
2.66593e-05
0.000844129
2.68579e-05
0.00084395
2.70619e-05
0.000843747
2.72712e-05
0.000843518
2.74856e-05
0.000843261
2.77049e-05
0.000842973
2.79288e-05
0.000842653
2.81574e-05
0.000842298
2.83903e-05
0.000841906
2.86275e-05
0.000841473
2.88688e-05
0.000840999
2.91141e-05
0.000840479
2.93634e-05
0.000839911
2.96166e-05
0.000839292
2.98737e-05
0.00083862
3.01345e-05
0.00083789
3.03991e-05
0.000837101
3.06673e-05
0.000836248
3.09389e-05
0.000835329
3.12133e-05
0.00083434
3.14897e-05
0.000833279
3.1766e-05
0.000832142
3.20389e-05
0.00083093
3.23029e-05
0.000829653
3.2535e-05
0.000828401
3.27463e-05
3.05329e-05
0.00084588
8.56454e-06
0.000846146
9.2505e-06
0.000846478
9.96926e-06
0.000846875
1.07163e-05
0.000847336
1.14866e-05
0.000847856
1.22752e-05
0.000848432
1.3077e-05
0.000849059
1.38873e-05
0.000849731
1.47014e-05
0.000850445
1.55149e-05
0.000851195
1.63236e-05
0.000851976
1.71234e-05
0.000852784
1.79101e-05
0.000853614
1.86798e-05
0.000854462
1.94283e-05
0.000855323
2.01517e-05
0.000856192
2.08456e-05
0.000857065
2.15059e-05
0.000857938
2.21286e-05
0.000858805
2.27096e-05
0.000859662
2.32452e-05
0.000860503
2.37317e-05
0.000861323
2.41663e-05
0.000862118
2.45464e-05
0.000862882
2.48705e-05
0.000863611
2.51376e-05
0.000864302
2.5348e-05
0.000864949
2.5503e-05
0.000865552
2.56048e-05
0.000866107
2.56569e-05
0.000866613
2.56638e-05
0.000867071
2.56309e-05
0.00086748
2.55644e-05
0.000867843
2.54708e-05
0.000868162
2.53572e-05
0.000868439
2.52305e-05
0.000868678
2.50975e-05
0.000868884
2.49645e-05
0.000869059
2.48371e-05
0.000869209
2.47201e-05
0.000869338
2.46175e-05
0.000869448
2.45322e-05
0.000869544
2.44663e-05
0.000869628
2.4421e-05
0.000869703
2.43967e-05
0.000869771
2.43931e-05
0.000869834
2.44096e-05
0.000869894
2.44451e-05
0.00086995
2.44984e-05
0.000870003
2.45679e-05
0.000870055
2.46524e-05
0.000870104
2.47503e-05
0.000870151
2.48606e-05
0.000870196
2.49819e-05
0.000870238
2.51135e-05
0.000870277
2.52546e-05
0.000870313
2.54043e-05
0.000870345
2.55623e-05
0.000870372
2.5728e-05
0.000870395
2.59013e-05
0.000870411
2.60817e-05
0.000870421
2.62691e-05
0.000870424
2.64634e-05
0.000870419
2.66643e-05
0.000870405
2.68718e-05
0.000870382
2.70857e-05
0.000870347
2.7306e-05
0.0008703
2.75325e-05
0.00087024
2.77651e-05
0.000870165
2.80038e-05
0.000870074
2.82485e-05
0.000869965
2.84991e-05
0.000869837
2.87557e-05
0.000869687
2.90182e-05
0.000869515
2.92866e-05
0.000869317
2.9561e-05
0.000869092
2.98415e-05
0.000868838
3.0128e-05
0.000868552
3.04207e-05
0.000868231
3.07197e-05
0.000867874
3.10249e-05
0.000867476
3.13364e-05
0.000867036
3.16535e-05
0.00086655
3.19756e-05
0.000866015
3.23006e-05
0.000865429
3.26249e-05
0.000864791
3.29411e-05
0.000864109
3.32174e-05
0.000863435
3.34202e-05
3.15214e-05
0.000871836
8.36531e-06
0.00087209
8.99647e-06
0.000872401
9.65849e-06
0.000872769
1.03482e-05
0.000873194
1.10619e-05
0.000873673
1.17957e-05
0.000874205
1.25454e-05
0.000874785
1.33069e-05
0.000875411
1.40758e-05
0.000876078
1.48482e-05
0.000876781
1.56199e-05
0.000877518
1.63869e-05
0.000878283
1.71451e-05
0.000879072
1.78906e-05
0.000879881
1.86192e-05
0.000880706
1.93269e-05
0.000881542
2.00096e-05
0.000882385
2.06633e-05
0.000883229
2.1284e-05
0.000884071
2.18677e-05
0.000884906
2.24107e-05
0.000885728
2.29097e-05
0.000886532
2.33615e-05
0.000887315
2.37638e-05
0.000888071
2.41147e-05
0.000888795
2.44131e-05
0.000889485
2.46588e-05
0.000890135
2.48525e-05
0.000890744
2.4996e-05
0.000891309
2.5092e-05
0.000891828
2.51443e-05
0.000892302
2.51573e-05
0.00089273
2.51364e-05
0.000893113
2.50875e-05
0.000893454
2.50166e-05
0.000893754
2.49301e-05
0.000894017
2.48342e-05
0.000894247
2.47349e-05
0.000894446
2.46375e-05
0.00089462
2.45467e-05
0.000894771
2.44665e-05
0.000894903
2.44e-05
0.00089502
2.43495e-05
0.000895124
2.43166e-05
0.000895219
2.43021e-05
0.000895306
2.43061e-05
0.000895387
2.43283e-05
0.000895464
2.43681e-05
0.000895538
2.44245e-05
0.00089561
2.44963e-05
0.00089568
2.45825e-05
0.000895748
2.46818e-05
0.000895816
2.47931e-05
0.000895882
2.49155e-05
0.000895947
2.50481e-05
0.000896012
2.51902e-05
0.000896075
2.53411e-05
0.000896137
2.55003e-05
0.000896197
2.56676e-05
0.000896256
2.58425e-05
0.000896313
2.60249e-05
0.000896368
2.62145e-05
0.00089642
2.64113e-05
0.000896469
2.66151e-05
0.000896515
2.68259e-05
0.000896557
2.70435e-05
0.000896595
2.72679e-05
0.000896628
2.74992e-05
0.000896656
2.77372e-05
0.000896678
2.7982e-05
0.000896693
2.82335e-05
0.0008967
2.84919e-05
0.000896699
2.87572e-05
0.000896688
2.90294e-05
0.000896666
2.93087e-05
0.000896632
2.95951e-05
0.000896584
2.9889e-05
0.000896522
3.01905e-05
0.000896443
3.04997e-05
0.000896345
3.08169e-05
0.000896228
3.11423e-05
0.000896088
3.14759e-05
0.000895925
3.18173e-05
0.000895734
3.2166e-05
0.000895515
3.252e-05
0.000895264
3.28754e-05
0.000894982
3.32234e-05
0.000894672
3.35275e-05
0.000894359
3.37328e-05
3.22224e-05
0.000898492
8.1679e-06
0.000898737
8.75168e-06
0.000899031
9.36425e-06
0.000899376
1.00034e-05
0.000899772
1.06664e-05
0.000900217
1.13503e-05
0.000900711
1.20516e-05
0.000901251
1.27668e-05
0.000901835
1.34923e-05
0.000902458
1.42243e-05
0.000903119
1.4959e-05
0.000903814
1.56926e-05
0.000904538
1.64212e-05
0.000905287
1.71409e-05
0.000906059
1.78477e-05
0.000906848
1.85378e-05
0.00090765
1.92072e-05
0.000908462
1.98519e-05
0.000909278
2.04679e-05
0.000910094
2.10516e-05
0.000910905
2.15993e-05
0.000911707
2.21076e-05
0.000912495
2.25736e-05
0.000913264
2.29946e-05
0.00091401
2.33688e-05
0.000914729
2.36948e-05
0.000915415
2.39721e-05
0.000916067
2.4201e-05
0.00091668
2.43826e-05
0.000917253
2.45192e-05
0.000917784
2.46136e-05
0.000918272
2.46696e-05
0.000918716
2.46919e-05
0.000919118
2.46854e-05
0.000919479
2.46555e-05
0.000919801
2.46081e-05
0.000920087
2.45487e-05
0.000920339
2.44828e-05
0.000920561
2.44154e-05
0.000920756
2.43512e-05
0.000920929
2.42942e-05
0.000921081
2.42474e-05
0.000921217
2.42134e-05
0.00092134
2.41941e-05
0.000921452
2.41905e-05
0.000921554
2.42032e-05
0.000921651
2.42322e-05
0.000921742
2.42772e-05
0.000921829
2.43374e-05
0.000921913
2.44122e-05
0.000921995
2.45005e-05
0.000922075
2.46014e-05
0.000922154
2.4714e-05
0.000922232
2.48374e-05
0.00092231
2.49707e-05
0.000922386
2.51135e-05
0.000922462
2.5265e-05
0.000922538
2.54249e-05
0.000922613
2.55927e-05
0.000922687
2.57683e-05
0.000922761
2.59513e-05
0.000922834
2.61417e-05
0.000922906
2.63392e-05
0.000922977
2.65439e-05
0.000923047
2.67556e-05
0.000923116
2.69744e-05
0.000923184
2.72002e-05
0.00092325
2.7433e-05
0.000923315
2.76728e-05
0.000923377
2.79196e-05
0.000923437
2.81736e-05
0.000923494
2.84348e-05
0.000923548
2.87034e-05
0.000923598
2.89794e-05
0.000923643
2.92631e-05
0.000923684
2.95547e-05
0.000923718
2.98544e-05
0.000923747
3.01625e-05
0.000923767
3.04793e-05
0.000923779
3.08051e-05
0.000923781
3.11403e-05
0.000923772
3.14849e-05
0.00092375
3.18388e-05
0.000923715
3.22015e-05
0.000923664
3.25712e-05
0.000923595
3.29438e-05
0.000923509
3.33098e-05
0.000923405
3.36312e-05
0.000923291
3.3847e-05
3.27281e-05
0.000925875
7.97183e-06
0.000926113
8.51413e-06
0.000926394
9.08321e-06
0.00092672
9.67751e-06
0.000927091
1.02951e-05
0.000927508
1.09335e-05
0.000927969
1.15902e-05
0.000928474
1.22621e-05
0.00092902
1.29462e-05
0.000929605
1.36391e-05
0.000930227
1.43374e-05
0.000930882
1.50377e-05
0.000931567
1.57361e-05
0.000932279
1.64292e-05
0.000933013
1.7113e-05
0.000933767
1.77839e-05
0.000934537
1.8438e-05
0.000935317
1.90716e-05
0.000936104
1.96808e-05
0.000936894
2.02619e-05
0.000937681
2.08116e-05
0.000938463
2.13264e-05
0.000939233
2.18033e-05
0.000939988
2.22399e-05
0.000940722
2.2634e-05
0.000941433
2.29842e-05
0.000942116
2.32895e-05
0.000942767
2.35499e-05
0.000943383
2.37662e-05
0.000943962
2.39399e-05
0.000944503
2.40732e-05
0.000945003
2.41694e-05
0.000945463
2.42322e-05
0.000945882
2.4266e-05
0.000946262
2.42755e-05
0.000946604
2.42657e-05
0.000946911
2.42419e-05
0.000947185
2.42089e-05
0.000947429
2.41716e-05
0.000947646
2.41344e-05
0.000947839
2.4101e-05
0.000948011
2.40748e-05
0.000948166
2.40584e-05
0.000948307
2.40537e-05
0.000948435
2.40622e-05
0.000948554
2.40848e-05
0.000948664
2.41217e-05
0.000948768
2.41728e-05
0.000948868
2.4238e-05
0.000948964
2.43165e-05
0.000949056
2.44078e-05
0.000949147
2.45109e-05
0.000949236
2.46252e-05
0.000949323
2.475e-05
0.000949409
2.48844e-05
0.000949495
2.50281e-05
0.000949579
2.51803e-05
0.000949664
2.53408e-05
0.000949747
2.55092e-05
0.00094983
2.56852e-05
0.000949913
2.58686e-05
0.000949995
2.60593e-05
0.000950077
2.62572e-05
0.000950159
2.64622e-05
0.00095024
2.66742e-05
0.000950321
2.68933e-05
0.000950402
2.71194e-05
0.000950483
2.73525e-05
0.000950563
2.75928e-05
0.000950642
2.78402e-05
0.000950721
2.80948e-05
0.000950799
2.83569e-05
0.000950876
2.86264e-05
0.000950952
2.89037e-05
0.000951026
2.91889e-05
0.000951098
2.94823e-05
0.000951168
2.97842e-05
0.000951236
3.0095e-05
0.0009513
3.04149e-05
0.000951361
3.07445e-05
0.000951417
3.10841e-05
0.000951468
3.14338e-05
0.000951513
3.17938e-05
0.000951551
3.21635e-05
0.000951581
3.25414e-05
0.000951601
3.29233e-05
0.000951612
3.32994e-05
0.00095161
3.36329e-05
0.000951591
3.38662e-05
3.3103e-05
0.000954012
7.77683e-06
0.000954243
8.28247e-06
0.000954513
8.81297e-06
0.000954824
9.36725e-06
0.000955175
9.94388e-06
0.000955567
1.0541e-05
0.000956001
1.11566e-05
0.000956475
1.17883e-05
0.000956988
1.24333e-05
0.000957538
1.30888e-05
0.000958123
1.37519e-05
0.000958742
1.44193e-05
0.00095939
1.50877e-05
0.000960066
1.57536e-05
0.000960765
1.64136e-05
0.000961485
1.70642e-05
0.000962221
1.77016e-05
0.000962971
1.83222e-05
0.000963729
1.89225e-05
0.000964492
1.94989e-05
0.000965256
2.00479e-05
0.000966016
2.05665e-05
0.000966767
2.10516e-05
0.000967507
2.15007e-05
0.000968229
2.19115e-05
0.000968931
2.22824e-05
0.000969608
2.26123e-05
0.000970257
2.29009e-05
0.000970875
2.31484e-05
0.000971459
2.33558e-05
0.000972007
2.3525e-05
0.000972518
2.36584e-05
0.000972991
2.37591e-05
0.000973426
2.38309e-05
0.000973824
2.38778e-05
0.000974186
2.39043e-05
0.000974513
2.39149e-05
0.000974807
2.39143e-05
0.000975072
2.39068e-05
0.00097531
2.38966e-05
0.000975524
2.38873e-05
0.000975716
2.38823e-05
0.00097589
2.38843e-05
0.000976048
2.38953e-05
0.000976194
2.39171e-05
0.000976328
2.39505e-05
0.000976453
2.39964e-05
0.000976571
2.40549e-05
0.000976683
2.41259e-05
0.000976791
2.42091e-05
0.000976894
2.43041e-05
0.000976995
2.44102e-05
0.000977093
2.45269e-05
0.00097719
2.46536e-05
0.000977285
2.47896e-05
0.000977378
2.49345e-05
0.000977471
2.50879e-05
0.000977562
2.52492e-05
0.000977653
2.54184e-05
0.000977743
2.5595e-05
0.000977833
2.57789e-05
0.000977922
2.59701e-05
0.000978011
2.61683e-05
0.0009781
2.63735e-05
0.000978188
2.65857e-05
0.000978277
2.68049e-05
0.000978365
2.70311e-05
0.000978453
2.72643e-05
0.000978541
2.75046e-05
0.00097863
2.77521e-05
0.000978718
2.80068e-05
0.000978806
2.8269e-05
0.000978893
2.85387e-05
0.000978981
2.88163e-05
0.000979068
2.91019e-05
0.000979154
2.93959e-05
0.00097924
2.96985e-05
0.000979325
3.00103e-05
0.000979408
3.03315e-05
0.00097949
3.06627e-05
0.00097957
3.10042e-05
0.000979647
3.13565e-05
0.000979721
3.17195e-05
0.000979792
3.2093e-05
0.000979858
3.24754e-05
0.000979918
3.28629e-05
0.000979972
3.32456e-05
0.000980015
3.359e-05
0.000980034
3.38469e-05
3.33879e-05
0.000982927
7.58281e-06
0.000983154
8.05577e-06
0.000983415
8.5518e-06
0.000983712
9.07017e-06
0.000984046
9.60985e-06
0.000984418
1.01695e-05
0.000984827
1.07473e-05
0.000985274
1.13416e-05
0.000985757
1.195e-05
0.000986276
1.25701e-05
0.000986828
1.31993e-05
0.000987413
1.38347e-05
0.000988027
1.44734e-05
0.000988669
1.51123e-05
0.000989334
1.5748e-05
0.000990021
1.63774e-05
0.000990726
1.69969e-05
0.000991445
1.76032e-05
0.000992174
1.81928e-05
0.000992911
1.87624e-05
0.00099365
1.93087e-05
0.000994388
1.98286e-05
0.000995121
2.03191e-05
0.000995844
2.07777e-05
0.000996553
2.12021e-05
0.000997245
2.15906e-05
0.000997915
2.19419e-05
0.000998561
2.22553e-05
0.000999179
2.25306e-05
0.000999766
2.27686e-05
0.00100032
2.29705e-05
0.00100084
2.31381e-05
0.00100133
2.32741e-05
0.00100177
2.33815e-05
0.00100219
2.34639e-05
0.00100257
2.3525e-05
0.00100291
2.35689e-05
0.00100323
2.35998e-05
0.00100351
2.36216e-05
0.00100377
2.36384e-05
0.00100401
2.36535e-05
0.00100422
2.36703e-05
0.00100441
2.36913e-05
0.00100459
2.37189e-05
0.00100475
2.37547e-05
0.0010049
2.38002e-05
0.00100504
2.38561e-05
0.00100517
2.39228e-05
0.0010053
2.40007e-05
0.00100542
2.40895e-05
0.00100553
2.4189e-05
0.00100564
2.42989e-05
0.00100575
2.44187e-05
0.00100586
2.45479e-05
0.00100596
2.4686e-05
0.00100606
2.48327e-05
0.00100616
2.49875e-05
0.00100626
2.51501e-05
0.00100636
2.53203e-05
0.00100646
2.54978e-05
0.00100655
2.56825e-05
0.00100665
2.58742e-05
0.00100675
2.60729e-05
0.00100684
2.62785e-05
0.00100693
2.6491e-05
0.00100703
2.67104e-05
0.00100712
2.69367e-05
0.00100722
2.717e-05
0.00100731
2.74104e-05
0.00100741
2.76578e-05
0.0010075
2.79125e-05
0.0010076
2.81747e-05
0.00100769
2.84444e-05
0.00100778
2.8722e-05
0.00100788
2.90077e-05
0.00100797
2.93018e-05
0.00100807
2.96047e-05
0.00100816
2.99169e-05
0.00100825
3.02387e-05
0.00100834
3.05707e-05
0.00100843
3.09133e-05
0.00100852
3.1267e-05
0.00100861
3.16319e-05
0.0010087
3.20078e-05
0.00100878
3.23934e-05
0.00100886
3.2785e-05
0.00100893
3.31734e-05
0.00100899
3.35295e-05
0.00100902
3.38152e-05
3.36075e-05
0.00101265
7.38977e-06
0.00101287
7.83337e-06
0.00101312
8.2984e-06
0.00101341
8.7844e-06
0.00101373
9.29059e-06
0.00101408
9.81597e-06
0.00101447
1.03593e-05
0.00101489
1.09189e-05
0.00101535
1.1493e-05
0.00101584
1.20797e-05
0.00101636
1.26766e-05
0.00101692
1.32812e-05
0.0010175
1.3891e-05
0.00101811
1.4503e-05
0.00101874
1.51144e-05
0.0010194
1.57221e-05
0.00102007
1.6323e-05
0.00102076
1.69138e-05
0.00102146
1.74913e-05
0.00102217
1.80524e-05
0.00102289
1.85939e-05
0.0010236
1.91128e-05
0.00102432
1.96062e-05
0.00102502
2.00717e-05
0.00102572
2.05069e-05
0.0010264
2.09099e-05
0.00102706
2.12794e-05
0.0010277
2.16143e-05
0.00102832
2.19144e-05
0.00102891
2.21797e-05
0.00102947
2.24112e-05
0.00102999
2.26102e-05
0.00103049
2.27788e-05
0.00103095
2.29195e-05
0.00103138
2.30352e-05
0.00103178
2.31292e-05
0.00103214
2.3205e-05
0.00103247
2.32664e-05
0.00103278
2.33171e-05
0.00103306
2.33605e-05
0.00103331
2.34001e-05
0.00103354
2.34388e-05
0.00103375
2.34795e-05
0.00103395
2.35243e-05
0.00103413
2.35752e-05
0.00103429
2.36335e-05
0.00103445
2.37003e-05
0.00103459
2.37763e-05
0.00103473
2.38619e-05
0.00103487
2.39572e-05
0.00103499
2.40622e-05
0.00103512
2.41765e-05
0.00103523
2.43001e-05
0.00103535
2.44324e-05
0.00103546
2.45732e-05
0.00103557
2.47221e-05
0.00103568
2.48789e-05
0.00103579
2.50431e-05
0.00103589
2.52147e-05
0.001036
2.53934e-05
0.0010361
2.55791e-05
0.0010362
2.57717e-05
0.00103631
2.59711e-05
0.00103641
2.61773e-05
0.00103651
2.63902e-05
0.00103661
2.661e-05
0.00103671
2.68366e-05
0.00103681
2.707e-05
0.00103691
2.73105e-05
0.00103701
2.7558e-05
0.00103711
2.78127e-05
0.00103721
2.80749e-05
0.00103731
2.83446e-05
0.00103741
2.86222e-05
0.00103751
2.89079e-05
0.00103761
2.92021e-05
0.00103771
2.95052e-05
0.00103781
2.98176e-05
0.0010379
3.01398e-05
0.001038
3.04724e-05
0.0010381
3.08159e-05
0.0010382
3.11707e-05
0.00103829
3.15371e-05
0.00103838
3.1915e-05
0.00103847
3.23033e-05
0.00103856
3.26988e-05
0.00103864
3.30933e-05
0.00103871
3.34626e-05
0.00103874
3.37804e-05
3.37765e-05
0.0010432
7.19774e-06
0.00104342
7.61481e-06
0.00104367
8.05182e-06
0.00104394
8.50847e-06
0.00104425
8.98423e-06
0.00104459
9.47834e-06
0.00104496
9.98982e-06
0.00104536
1.05174e-05
0.00104579
1.10597e-05
0.00104626
1.16149e-05
0.00104675
1.21812e-05
0.00104728
1.27563e-05
0.00104783
1.3338e-05
0.00104841
1.39239e-05
0.00104901
1.45111e-05
0.00104964
1.5097e-05
0.00105028
1.56786e-05
0.00105094
1.62531e-05
0.00105162
1.68174e-05
0.0010523
1.73685e-05
0.00105299
1.79034e-05
0.00105368
1.84193e-05
0.00105438
1.89134e-05
0.00105506
1.93832e-05
0.00105575
1.98265e-05
0.00105641
2.02412e-05
0.00105707
2.06259e-05
0.0010577
2.09793e-05
0.00105832
2.13009e-05
0.0010589
2.15906e-05
0.00105947
2.18487e-05
0.00106
2.20763e-05
0.00106051
2.22748e-05
0.00106098
2.24463e-05
0.00106142
2.25931e-05
0.00106183
2.27182e-05
0.00106221
2.28245e-05
0.00106256
2.29154e-05
0.00106289
2.2994e-05
0.00106318
2.30637e-05
0.00106346
2.31275e-05
0.00106371
2.31884e-05
0.00106394
2.32491e-05
0.00106415
2.33117e-05
0.00106435
2.33782e-05
0.00106453
2.34502e-05
0.0010647
2.35288e-05
0.00106486
2.3615e-05
0.00106501
2.37092e-05
0.00106516
2.38118e-05
0.0010653
2.3923e-05
0.00106543
2.40426e-05
0.00106556
2.41706e-05
0.00106569
2.43067e-05
0.00106581
2.44508e-05
0.00106593
2.46024e-05
0.00106605
2.47615e-05
0.00106616
2.49279e-05
0.00106628
2.51012e-05
0.00106639
2.52814e-05
0.0010665
2.54684e-05
0.00106661
2.56621e-05
0.00106672
2.58625e-05
0.00106683
2.60695e-05
0.00106693
2.62831e-05
0.00106704
2.65034e-05
0.00106715
2.67304e-05
0.00106725
2.69642e-05
0.00106736
2.72048e-05
0.00106746
2.74525e-05
0.00106757
2.77074e-05
0.00106767
2.79696e-05
0.00106778
2.82394e-05
0.00106788
2.85171e-05
0.00106799
2.88029e-05
0.00106809
2.90972e-05
0.0010682
2.94005e-05
0.0010683
2.97132e-05
0.00106841
3.00358e-05
0.00106851
3.03689e-05
0.00106861
3.07132e-05
0.00106871
3.10691e-05
0.00106881
3.1437e-05
0.00106891
3.18169e-05
0.00106901
3.22081e-05
0.0010691
3.26077e-05
0.00106918
3.30089e-05
0.00106925
3.33929e-05
0.00106929
3.37448e-05
3.39041e-05
0.00107461
7.00682e-06
0.00107483
7.39979e-06
0.00107507
7.81133e-06
0.00107534
8.24127e-06
0.00107563
8.68925e-06
0.00107595
9.15474e-06
0.00107631
9.63697e-06
0.00107669
1.0135e-05
0.0010771
1.06476e-05
0.00107754
1.11733e-05
0.00107801
1.17106e-05
0.00107851
1.22577e-05
0.00107904
1.28125e-05
0.00107959
1.33728e-05
0.00108016
1.39362e-05
0.00108076
1.45003e-05
0.00108138
1.50625e-05
0.00108201
1.56201e-05
0.00108266
1.61701e-05
0.00108332
1.671e-05
0.00108398
1.72369e-05
0.00108465
1.7748e-05
0.00108533
1.82407e-05
0.001086
1.87126e-05
0.00108666
1.91615e-05
0.00108732
1.95852e-05
0.00108796
1.99823e-05
0.00108859
2.03514e-05
0.0010892
2.06916e-05
0.00108979
2.10026e-05
0.00109035
2.12844e-05
0.00109089
2.15377e-05
0.0010914
2.17635e-05
0.00109188
2.19634e-05
0.00109234
2.21393e-05
0.00109276
2.22935e-05
0.00109316
2.24287e-05
0.00109353
2.25477e-05
0.00109387
2.26534e-05
0.00109418
2.27487e-05
0.00109447
2.28365e-05
0.00109474
2.29196e-05
0.00109499
2.30004e-05
0.00109522
2.30812e-05
0.00109543
2.3164e-05
0.00109563
2.32503e-05
0.00109582
2.33415e-05
0.001096
2.34386e-05
0.00109616
2.35422e-05
0.00109632
2.3653e-05
0.00109648
2.37711e-05
0.00109662
2.38967e-05
0.00109676
2.40298e-05
0.0010969
2.41703e-05
0.00109703
2.43182e-05
0.00109716
2.44731e-05
0.00109729
2.46351e-05
0.00109741
2.48039e-05
0.00109753
2.49794e-05
0.00109765
2.51615e-05
0.00109777
2.53501e-05
0.00109789
2.55452e-05
0.001098
2.57468e-05
0.00109812
2.59548e-05
0.00109823
2.61693e-05
0.00109835
2.63903e-05
0.00109846
2.66179e-05
0.00109857
2.68521e-05
0.00109868
2.70932e-05
0.00109879
2.73412e-05
0.0010989
2.75963e-05
0.00109902
2.78587e-05
0.00109913
2.81287e-05
0.00109924
2.84065e-05
0.00109935
2.86925e-05
0.00109946
2.8987e-05
0.00109957
2.92905e-05
0.00109968
2.96035e-05
0.00109979
2.99266e-05
0.00109989
3.02604e-05
0.0011
3.06055e-05
0.00110011
3.09625e-05
0.00110021
3.1332e-05
0.00110032
3.17141e-05
0.00110042
3.21083e-05
0.00110051
3.25124e-05
0.0011006
3.29212e-05
0.00110067
3.3321e-05
0.00110071
3.37075e-05
3.39968e-05
0.00110691
6.81712e-06
0.00110712
7.18808e-06
0.00110736
7.57635e-06
0.00110762
7.98189e-06
0.0011079
8.40445e-06
0.00110821
8.84366e-06
0.00110855
9.29895e-06
0.00110891
9.76956e-06
0.00110931
1.02545e-05
0.00110973
1.07527e-05
0.00111018
1.12628e-05
0.00111065
1.17832e-05
0.00111115
1.23121e-05
0.00111168
1.28478e-05
0.00111222
1.3388e-05
0.00111279
1.39307e-05
0.00111338
1.44733e-05
0.00111399
1.50135e-05
0.00111461
1.55487e-05
0.00111524
1.60764e-05
0.00111589
1.65939e-05
0.00111654
1.70987e-05
0.00111719
1.75882e-05
0.00111784
1.80602e-05
0.00111849
1.85123e-05
0.00111913
1.89427e-05
0.00111977
1.93495e-05
0.00112039
1.97315e-05
0.00112099
2.00875e-05
0.00112158
2.0417e-05
0.00112214
2.07198e-05
0.00112268
2.0996e-05
0.0011232
2.12465e-05
0.00112369
2.14723e-05
0.00112415
2.1675e-05
0.00112459
2.18565e-05
0.001125
2.20189e-05
0.00112538
2.21646e-05
0.00112574
2.22963e-05
0.00112607
2.24164e-05
0.00112638
2.25278e-05
0.00112667
2.26328e-05
0.00112694
2.27338e-05
0.00112718
2.28331e-05
0.00112742
2.29325e-05
0.00112763
2.30338e-05
0.00112784
2.31381e-05
0.00112803
2.32468e-05
0.00112821
2.33607e-05
0.00112838
2.34803e-05
0.00112855
2.36061e-05
0.0011287
2.37384e-05
0.00112886
2.38773e-05
0.00112901
2.40228e-05
0.00112915
2.4175e-05
0.00112929
2.43338e-05
0.00112942
2.44991e-05
0.00112956
2.46708e-05
0.00112969
2.48488e-05
0.00112982
2.50331e-05
0.00112994
2.52237e-05
0.00113007
2.54205e-05
0.00113019
2.56236e-05
0.00113031
2.58328e-05
0.00113043
2.60484e-05
0.00113055
2.62704e-05
0.00113067
2.64987e-05
0.00113079
2.67337e-05
0.00113091
2.69753e-05
0.00113103
2.72238e-05
0.00113114
2.74792e-05
0.00113126
2.7742e-05
0.00113138
2.80122e-05
0.00113149
2.82903e-05
0.00113161
2.85765e-05
0.00113172
2.88713e-05
0.00113184
2.91751e-05
0.00113195
2.94886e-05
0.00113207
2.98122e-05
0.00113218
3.01467e-05
0.00113229
3.04927e-05
0.00113241
3.0851e-05
0.00113252
3.12221e-05
0.00113262
3.16065e-05
0.00113273
3.2004e-05
0.00113283
3.24131e-05
0.00113292
3.28301e-05
0.00113299
3.32466e-05
0.00113303
3.36669e-05
3.40595e-05
0.00114012
6.62875e-06
0.00114033
6.97952e-06
0.00114056
7.34647e-06
0.00114081
7.72962e-06
0.00114109
8.12883e-06
0.00114139
8.54386e-06
0.00114171
8.97428e-06
0.00114206
9.41952e-06
0.00114244
9.87881e-06
0.00114284
1.03512e-05
0.00114326
1.08357e-05
0.00114372
1.13308e-05
0.00114419
1.18352e-05
0.00114469
1.23471e-05
0.00114522
1.28648e-05
0.00114576
1.33863e-05
0.00114633
1.39095e-05
0.00114691
1.44322e-05
0.0011475
1.49521e-05
0.00114811
1.54668e-05
0.00114873
1.59739e-05
0.00114936
1.6471e-05
0.00114999
1.69558e-05
0.00115063
1.7426e-05
0.00115126
1.78794e-05
0.00115189
1.83141e-05
0.00115251
1.87283e-05
0.00115312
1.91206e-05
0.00115372
1.94898e-05
0.0011543
1.98351e-05
0.00115486
2.0156e-05
0.00115541
2.04526e-05
0.00115593
2.07252e-05
0.00115643
2.09746e-05
0.0011569
2.12018e-05
0.00115735
2.14085e-05
0.00115777
2.15963e-05
0.00115817
2.17673e-05
0.00115854
2.19238e-05
0.00115889
2.20679e-05
0.00115921
2.22022e-05
0.00115952
2.23288e-05
0.0011598
2.24499e-05
0.00116007
2.25677e-05
0.00116032
2.26841e-05
0.00116055
2.28006e-05
0.00116077
2.29187e-05
0.00116098
2.30397e-05
0.00116117
2.31643e-05
0.00116136
2.32935e-05
0.00116154
2.34276e-05
0.00116171
2.35673e-05
0.00116187
2.37126e-05
0.00116203
2.38638e-05
0.00116219
2.40209e-05
0.00116234
2.4184e-05
0.00116248
2.43531e-05
0.00116263
2.45281e-05
0.00116276
2.47091e-05
0.0011629
2.4896e-05
0.00116304
2.50889e-05
0.00116317
2.52877e-05
0.0011633
2.54925e-05
0.00116343
2.57033e-05
0.00116356
2.59202e-05
0.00116369
2.61433e-05
0.00116381
2.63727e-05
0.00116394
2.66085e-05
0.00116406
2.68508e-05
0.00116418
2.70999e-05
0.00116431
2.73559e-05
0.00116443
2.76191e-05
0.00116455
2.78897e-05
0.00116468
2.81681e-05
0.0011648
2.84547e-05
0.00116492
2.87499e-05
0.00116504
2.90541e-05
0.00116516
2.93681e-05
0.00116528
2.96923e-05
0.0011654
3.00276e-05
0.00116552
3.03746e-05
0.00116563
3.07343e-05
0.00116575
3.11072e-05
0.00116586
3.14941e-05
0.00116597
3.18951e-05
0.00116607
3.23096e-05
0.00116617
3.27354e-05
0.00116625
3.31689e-05
0.00116629
3.36215e-05
3.4096e-05
0.00117427
6.44182e-06
0.00117448
6.774e-06
0.0011747
7.12134e-06
0.00117495
7.48388e-06
0.00117521
7.86158e-06
0.0011755
8.2543e-06
0.00117582
8.66173e-06
0.00117615
9.08343e-06
0.00117651
9.51883e-06
0.0011769
9.96715e-06
0.0011773
1.04275e-05
0.00117774
1.08988e-05
0.00117819
1.13797e-05
0.00117867
1.1869e-05
0.00117917
1.23649e-05
0.00117969
1.28658e-05
0.00118023
1.33699e-05
0.00118079
1.38751e-05
0.00118136
1.43793e-05
0.00118195
1.48805e-05
0.00118254
1.53763e-05
0.00118315
1.58647e-05
0.00118376
1.63433e-05
0.00118438
1.681e-05
0.00118499
1.72628e-05
0.00118561
1.76998e-05
0.00118622
1.81191e-05
0.00118682
1.85194e-05
0.00118741
1.88993e-05
0.00118799
1.92578e-05
0.00118855
1.95944e-05
0.00118909
1.99088e-05
0.00118962
2.0201e-05
0.00119012
2.04715e-05
0.0011906
2.07211e-05
0.00119106
2.09509e-05
0.00119149
2.11624e-05
0.0011919
2.13572e-05
0.00119229
2.15371e-05
0.00119265
2.17042e-05
0.00119299
2.18605e-05
0.00119331
2.20082e-05
0.00119362
2.21492e-05
0.0011939
2.22855e-05
0.00119416
2.24189e-05
0.00119441
2.25511e-05
0.00119465
2.26833e-05
0.00119487
2.2817e-05
0.00119508
2.2953e-05
0.00119528
2.30923e-05
0.00119548
2.32355e-05
0.00119566
2.3383e-05
0.00119584
2.35354e-05
0.00119601
2.36928e-05
0.00119617
2.38554e-05
0.00119633
2.40233e-05
0.00119649
2.41967e-05
0.00119664
2.43755e-05
0.00119679
2.45599e-05
0.00119694
2.47498e-05
0.00119708
2.49453e-05
0.00119722
2.51464e-05
0.00119736
2.53533e-05
0.0011975
2.55659e-05
0.00119764
2.57844e-05
0.00119777
2.60088e-05
0.0011979
2.62394e-05
0.00119804
2.64762e-05
0.00119817
2.67194e-05
0.0011983
2.69693e-05
0.00119843
2.72259e-05
0.00119856
2.74897e-05
0.00119869
2.77609e-05
0.00119881
2.80398e-05
0.00119894
2.83268e-05
0.00119907
2.86225e-05
0.0011992
2.89272e-05
0.00119932
2.92418e-05
0.00119945
2.95667e-05
0.00119957
2.99028e-05
0.0011997
3.0251e-05
0.00119982
3.06121e-05
0.00119994
3.0987e-05
0.00120006
3.13765e-05
0.00120017
3.17813e-05
0.00120028
3.22015e-05
0.00120038
3.26367e-05
0.00120046
3.3087e-05
0.00120051
3.35699e-05
3.41092e-05
0.00120939
6.25647e-06
0.00120959
6.57148e-06
0.00120981
6.90068e-06
0.00121005
7.2442e-06
0.00121031
7.60204e-06
0.00121059
7.97412e-06
0.00121089
8.36024e-06
0.00121122
8.7601e-06
0.00121156
9.17322e-06
0.00121193
9.59902e-06
0.00121232
1.00367e-05
0.00121274
1.04855e-05
0.00121317
1.09443e-05
0.00121363
1.14118e-05
0.00121411
1.18868e-05
0.0012146
1.23677e-05
0.00121512
1.28529e-05
0.00121566
1.33407e-05
0.00121621
1.38292e-05
0.00121677
1.43164e-05
0.00121735
1.48003e-05
0.00121793
1.5279e-05
0.00121852
1.57503e-05
0.00121912
1.62122e-05
0.00121972
1.66628e-05
0.00122032
1.71001e-05
0.00122092
1.75226e-05
0.00122151
1.79286e-05
0.00122209
1.83169e-05
0.00122266
1.86863e-05
0.00122322
1.90361e-05
0.00122376
1.93657e-05
0.00122429
1.96752e-05
0.0012248
1.99645e-05
0.00122528
2.02343e-05
0.00122575
2.04852e-05
0.00122619
2.07185e-05
0.00122662
2.09353e-05
0.00122702
2.11374e-05
0.00122739
2.13263e-05
0.00122775
2.15039e-05
0.00122809
2.1672e-05
0.0012284
2.18324e-05
0.0012287
2.1987e-05
0.00122898
2.21375e-05
0.00122925
2.22853e-05
0.0012295
2.2432e-05
0.00122974
2.25788e-05
0.00122997
2.27267e-05
0.00123018
2.28766e-05
0.00123039
2.30293e-05
0.00123058
2.31854e-05
0.00123077
2.33454e-05
0.00123096
2.35095e-05
0.00123113
2.36782e-05
0.00123131
2.38515e-05
0.00123147
2.40296e-05
0.00123164
2.42126e-05
0.0012318
2.44008e-05
0.00123195
2.4594e-05
0.0012321
2.47925e-05
0.00123225
2.49963e-05
0.0012324
2.52055e-05
0.00123255
2.54202e-05
0.00123269
2.56405e-05
0.00123283
2.58666e-05
0.00123298
2.60985e-05
0.00123312
2.63366e-05
0.00123325
2.65809e-05
0.00123339
2.68317e-05
0.00123353
2.70891e-05
0.00123366
2.73536e-05
0.0012338
2.76254e-05
0.00123393
2.79049e-05
0.00123407
2.81926e-05
0.0012342
2.84888e-05
0.00123434
2.87942e-05
0.00123447
2.91094e-05
0.0012346
2.94351e-05
0.00123473
2.97722e-05
0.00123486
3.01216e-05
0.00123499
3.04842e-05
0.00123511
3.08612e-05
0.00123524
3.12536e-05
0.00123535
3.16624e-05
0.00123547
3.20885e-05
0.00123557
3.25332e-05
0.00123566
3.30003e-05
0.00123572
3.3511e-05
3.41016e-05
0.00124551
6.0728e-06
0.00124571
6.37189e-06
0.00124593
6.68431e-06
0.00124616
7.0102e-06
0.00124641
7.34963e-06
0.00124668
7.70258e-06
0.00124698
8.06893e-06
0.00124729
8.44845e-06
0.00124762
8.8408e-06
0.00124797
9.24552e-06
0.00124835
9.66202e-06
0.00124874
1.00896e-05
0.00124916
1.05273e-05
0.0012496
1.09741e-05
0.00125006
1.1429e-05
0.00125053
1.18905e-05
0.00125103
1.23574e-05
0.00125154
1.2828e-05
0.00125207
1.33006e-05
0.00125261
1.37737e-05
0.00125317
1.42452e-05
0.00125373
1.47134e-05
0.00125431
1.51764e-05
0.00125489
1.56323e-05
0.00125547
1.60792e-05
0.00125606
1.65153e-05
0.00125664
1.6939e-05
0.00125722
1.73488e-05
0.00125779
1.77433e-05
0.00125836
1.81213e-05
0.00125891
1.8482e-05
0.00125945
1.88247e-05
0.00125998
1.9149e-05
0.00126049
1.94549e-05
0.00126098
1.97426e-05
0.00126145
2.00127e-05
0.00126191
2.02658e-05
0.00126234
2.05031e-05
0.00126275
2.07258e-05
0.00126314
2.09353e-05
0.00126351
2.11331e-05
0.00126386
2.13209e-05
0.00126419
2.15002e-05
0.00126451
2.16728e-05
0.00126481
2.18401e-05
0.00126509
2.20037e-05
0.00126536
2.2165e-05
0.00126561
2.23252e-05
0.00126585
2.24853e-05
0.00126608
2.26463e-05
0.0012663
2.28091e-05
0.00126651
2.29742e-05
0.00126671
2.31423e-05
0.00126691
2.33137e-05
0.0012671
2.34888e-05
0.00126728
2.3668e-05
0.00126746
2.38513e-05
0.00126764
2.4039e-05
0.0012678
2.42313e-05
0.00126797
2.44283e-05
0.00126813
2.46301e-05
0.00126829
2.48369e-05
0.00126845
2.50487e-05
0.0012686
2.52658e-05
0.00126876
2.54882e-05
0.00126891
2.57161e-05
0.00126905
2.59498e-05
0.0012692
2.61892e-05
0.00126935
2.64348e-05
0.00126949
2.66867e-05
0.00126964
2.69452e-05
0.00126978
2.72105e-05
0.00126992
2.74831e-05
0.00127006
2.77634e-05
0.00127021
2.80517e-05
0.00127035
2.83486e-05
0.00127048
2.86547e-05
0.00127062
2.89707e-05
0.00127076
2.92973e-05
0.0012709
2.96354e-05
0.00127103
2.99861e-05
0.00127117
3.03505e-05
0.0012713
3.07296e-05
0.00127143
3.1125e-05
0.00127155
3.15379e-05
0.00127167
3.19702e-05
0.00127178
3.24247e-05
0.00127187
3.29078e-05
0.00127194
3.34438e-05
3.4075e-05
0.00128266
5.89094e-06
0.00128286
6.17521e-06
0.00128307
6.47204e-06
0.0012833
6.78156e-06
0.00128354
7.1039e-06
0.00128381
7.43906e-06
0.00128409
7.787e-06
0.00128439
8.14758e-06
0.00128471
8.52054e-06
0.00128505
8.90553e-06
0.00128541
9.30208e-06
0.00128579
9.70959e-06
0.00128619
1.01274e-05
0.00128661
1.05545e-05
0.00128705
1.09901e-05
0.00128751
1.1433e-05
0.00128798
1.1882e-05
0.00128847
1.23357e-05
0.00128898
1.27927e-05
0.00128951
1.32514e-05
0.00129004
1.37102e-05
0.00129059
1.41673e-05
0.00129114
1.46212e-05
0.0012917
1.507e-05
0.00129227
1.55119e-05
0.00129284
1.59454e-05
0.00129341
1.63687e-05
0.00129398
1.67804e-05
0.00129454
1.71791e-05
0.0012951
1.75637e-05
0.00129565
1.79331e-05
0.00129619
1.82866e-05
0.00129671
1.86236e-05
0.00129722
1.89439e-05
0.00129772
1.92475e-05
0.0012982
1.95346e-05
0.00129866
1.98058e-05
0.0012991
2.00619e-05
0.00129952
2.03037e-05
0.00129992
2.05324e-05
0.00130031
2.07494e-05
0.00130067
2.09559e-05
0.00130102
2.11534e-05
0.00130135
2.13435e-05
0.00130166
2.15274e-05
0.00130196
2.17067e-05
0.00130224
2.18826e-05
0.00130251
2.20563e-05
0.00130277
2.22289e-05
0.00130301
2.24014e-05
0.00130325
2.25746e-05
0.00130347
2.27492e-05
0.00130369
2.29259e-05
0.0013039
2.3105e-05
0.0013041
2.32871e-05
0.00130429
2.34726e-05
0.00130448
2.36616e-05
0.00130467
2.38544e-05
0.00130485
2.40513e-05
0.00130502
2.42524e-05
0.0013052
2.44579e-05
0.00130536
2.46679e-05
0.00130553
2.48827e-05
0.00130569
2.51024e-05
0.00130586
2.53272e-05
0.00130601
2.55572e-05
0.00130617
2.57927e-05
0.00130633
2.60339e-05
0.00130648
2.62809e-05
0.00130663
2.65341e-05
0.00130678
2.67937e-05
0.00130694
2.70601e-05
0.00130708
2.73336e-05
0.00130723
2.76147e-05
0.00130738
2.79038e-05
0.00130753
2.82016e-05
0.00130767
2.85085e-05
0.00130782
2.88253e-05
0.00130796
2.91529e-05
0.00130811
2.94923e-05
0.00130825
2.98444e-05
0.00130839
3.02104e-05
0.00130853
3.05919e-05
0.00130866
3.09904e-05
0.00130879
3.14077e-05
0.00130892
3.18463e-05
0.00130903
3.23104e-05
0.00130913
3.28089e-05
0.0013092
3.33677e-05
3.40309e-05
0.00132087
5.71098e-06
0.00132107
5.98145e-06
0.00132128
6.26374e-06
0.0013215
6.55802e-06
0.00132174
6.86443e-06
0.00132199
7.18303e-06
0.00132227
7.51381e-06
0.00132256
7.8567e-06
0.00132287
8.21152e-06
0.0013232
8.57802e-06
0.00132354
8.95582e-06
0.00132391
9.34445e-06
0.00132429
9.74333e-06
0.00132469
1.01518e-05
0.00132511
1.05689e-05
0.00132555
1.09938e-05
0.00132601
1.14255e-05
0.00132648
1.18627e-05
0.00132697
1.23041e-05
0.00132747
1.27485e-05
0.00132799
1.31943e-05
0.00132852
1.364e-05
0.00132905
1.40841e-05
0.0013296
1.45249e-05
0.00133015
1.49608e-05
0.00133071
1.53903e-05
0.00133126
1.58117e-05
0.00133182
1.62238e-05
0.00133237
1.6625e-05
0.00133292
1.70141e-05
0.00133347
1.73903e-05
0.001334
1.77524e-05
0.00133452
1.81e-05
0.00133504
1.84326e-05
0.00133553
1.87501e-05
0.00133602
1.90523e-05
0.00133648
1.93397e-05
0.00133693
1.96127e-05
0.00133736
1.98721e-05
0.00133778
2.01187e-05
0.00133817
2.03536e-05
0.00133855
2.05779e-05
0.00133891
2.07929e-05
0.00133925
2.09999e-05
0.00133958
2.12001e-05
0.00133989
2.13948e-05
0.00134019
2.15852e-05
0.00134047
2.17725e-05
0.00134075
2.19578e-05
0.001341
2.2142e-05
0.00134125
2.23259e-05
0.00134149
2.25103e-05
0.00134172
2.2696e-05
0.00134194
2.28833e-05
0.00134216
2.30728e-05
0.00134237
2.32649e-05
0.00134257
2.346e-05
0.00134276
2.36583e-05
0.00134295
2.38602e-05
0.00134314
2.40658e-05
0.00134332
2.42753e-05
0.0013435
2.4489e-05
0.00134368
2.47071e-05
0.00134385
2.49297e-05
0.00134402
2.51571e-05
0.00134419
2.53895e-05
0.00134435
2.56271e-05
0.00134452
2.58701e-05
0.00134468
2.61188e-05
0.00134484
2.63735e-05
0.001345
2.66344e-05
0.00134516
2.6902e-05
0.00134532
2.71766e-05
0.00134547
2.74587e-05
0.00134563
2.77488e-05
0.00134578
2.80474e-05
0.00134593
2.83553e-05
0.00134609
2.86731e-05
0.00134624
2.90018e-05
0.00134639
2.93424e-05
0.00134654
2.9696e-05
0.00134668
3.00639e-05
0.00134683
3.04478e-05
0.00134697
3.08495e-05
0.0013471
3.12713e-05
0.00134723
3.17163e-05
0.00134735
3.219e-05
0.00134746
3.27029e-05
0.00134755
3.32819e-05
3.39704e-05
0.00136018
5.53304e-06
0.00136037
5.7906e-06
0.00136057
6.05931e-06
0.00136079
6.33936e-06
0.00136103
6.63091e-06
0.00136128
6.93403e-06
0.00136154
7.24878e-06
0.00136182
7.57513e-06
0.00136212
7.91296e-06
0.00136244
8.2621e-06
0.00136277
8.62226e-06
0.00136312
8.99308e-06
0.00136349
9.37408e-06
0.00136388
9.76469e-06
0.00136428
1.01642e-05
0.00136471
1.05719e-05
0.00136514
1.09868e-05
0.0013656
1.14079e-05
0.00136607
1.18341e-05
0.00136655
1.22642e-05
0.00136705
1.26969e-05
0.00136756
1.31308e-05
0.00136808
1.35646e-05
0.00136861
1.39967e-05
0.00136914
1.44256e-05
0.00136968
1.485e-05
0.00137023
1.52683e-05
0.00137077
1.56791e-05
0.00137131
1.60811e-05
0.00137186
1.64732e-05
0.00137239
1.68542e-05
0.00137292
1.72231e-05
0.00137344
1.75793e-05
0.00137395
1.79222e-05
0.00137445
1.82515e-05
0.00137494
1.85669e-05
0.00137541
1.88687e-05
0.00137586
1.9157e-05
0.0013763
1.94324e-05
0.00137673
1.96954e-05
0.00137713
1.9947e-05
0.00137752
2.01881e-05
0.0013779
2.04196e-05
0.00137825
2.06428e-05
0.00137859
2.08586e-05
0.00137892
2.10684e-05
0.00137923
2.12732e-05
0.00137953
2.14741e-05
0.00137982
2.16721e-05
0.00138009
2.18681e-05
0.00138035
2.2063e-05
0.00138061
2.22575e-05
0.00138085
2.24525e-05
0.00138109
2.26483e-05
0.00138131
2.28456e-05
0.00138153
2.30449e-05
0.00138175
2.32464e-05
0.00138195
2.34506e-05
0.00138216
2.36578e-05
0.00138235
2.38682e-05
0.00138255
2.40821e-05
0.00138274
2.42998e-05
0.00138292
2.45215e-05
0.0013831
2.47473e-05
0.00138328
2.49777e-05
0.00138346
2.52126e-05
0.00138364
2.54526e-05
0.00138381
2.56977e-05
0.00138398
2.59482e-05
0.00138415
2.62046e-05
0.00138431
2.6467e-05
0.00138448
2.6736e-05
0.00138465
2.70118e-05
0.00138481
2.72951e-05
0.00138497
2.75862e-05
0.00138513
2.78859e-05
0.00138529
2.81948e-05
0.00138545
2.85137e-05
0.00138561
2.88436e-05
0.00138577
2.91855e-05
0.00138592
2.95407e-05
0.00138608
2.99106e-05
0.00138623
3.0297e-05
0.00138638
3.0702e-05
0.00138652
3.11283e-05
0.00138665
3.15797e-05
0.00138678
3.20627e-05
0.0013869
3.25892e-05
0.00138699
3.3186e-05
3.38943e-05
0.00140061
5.35722e-06
0.0014008
5.60267e-06
0.001401
5.85867e-06
0.00140122
6.1254e-06
0.00140144
6.40303e-06
0.00140169
6.69168e-06
0.00140194
6.99142e-06
0.00140222
7.30226e-06
0.00140251
7.62416e-06
0.00140281
7.95698e-06
0.00140313
8.30053e-06
0.00140347
8.65453e-06
0.00140383
9.01859e-06
0.0014042
9.39227e-06
0.00140459
9.77498e-06
0.00140499
1.01661e-05
0.00140542
1.05648e-05
0.00140585
1.09702e-05
0.00140631
1.13815e-05
0.00140677
1.17974e-05
0.00140725
1.2217e-05
0.00140774
1.26389e-05
0.00140825
1.3062e-05
0.00140876
1.34848e-05
0.00140928
1.3906e-05
0.0014098
1.43243e-05
0.00141033
1.47383e-05
0.00141087
1.51466e-05
0.0014114
1.5548e-05
0.00141193
1.59413e-05
0.00141246
1.63255e-05
0.00141298
1.66994e-05
0.0014135
1.70624e-05
0.00141401
1.74137e-05
0.00141451
1.77529e-05
0.001415
1.80797e-05
0.00141547
1.8394e-05
0.00141593
1.86959e-05
0.00141638
1.89856e-05
0.00141681
1.92637e-05
0.00141723
1.95306e-05
0.00141763
1.97873e-05
0.00141801
2.00344e-05
0.00141838
2.0273e-05
0.00141874
2.05039e-05
0.00141908
2.07283e-05
0.0014194
2.09471e-05
0.00141972
2.11614e-05
0.00142002
2.1372e-05
0.0014203
2.15799e-05
0.00142058
2.17859e-05
0.00142085
2.19908e-05
0.0014211
2.21953e-05
0.00142135
2.24e-05
0.00142159
2.26054e-05
0.00142183
2.28121e-05
0.00142205
2.30205e-05
0.00142227
2.32309e-05
0.00142249
2.34438e-05
0.00142269
2.36594e-05
0.0014229
2.3878e-05
0.0014231
2.41e-05
0.00142329
2.43255e-05
0.00142349
2.45549e-05
0.00142368
2.47884e-05
0.00142386
2.50263e-05
0.00142405
2.52687e-05
0.00142423
2.55162e-05
0.00142441
2.57688e-05
0.00142458
2.60271e-05
0.00142476
2.62912e-05
0.00142493
2.65617e-05
0.00142511
2.68389e-05
0.00142528
2.71234e-05
0.00142545
2.74158e-05
0.00142562
2.77166e-05
0.00142579
2.80266e-05
0.00142595
2.83467e-05
0.00142612
2.86779e-05
0.00142628
2.90213e-05
0.00142645
2.93782e-05
0.00142661
2.97501e-05
0.00142676
3.01391e-05
0.00142692
3.05475e-05
0.00142707
3.09784e-05
0.00142721
3.14362e-05
0.00142735
3.19281e-05
0.00142747
3.2467e-05
0.00142758
3.30794e-05
3.38034e-05
0.00144221
5.18361e-06
0.00144239
5.41769e-06
0.00144259
5.66175e-06
0.0014428
5.91598e-06
0.00144302
6.18056e-06
0.00144326
6.45563e-06
0.00144351
6.74129e-06
0.00144377
7.03758e-06
0.00144405
7.34449e-06
0.00144435
7.66196e-06
0.00144466
7.98985e-06
0.00144499
8.32795e-06
0.00144533
8.67597e-06
0.00144569
9.03354e-06
0.00144606
9.4002e-06
0.00144645
9.7754e-06
0.00144686
1.01585e-05
0.00144728
1.05488e-05
0.00144772
1.09454e-05
0.00144817
1.13474e-05
0.00144863
1.17539e-05
0.0014491
1.21637e-05
0.00144959
1.25757e-05
0.00145009
1.29888e-05
0.00145059
1.34017e-05
0.0014511
1.38131e-05
0.00145162
1.42217e-05
0.00145214
1.46264e-05
0.00145266
1.50259e-05
0.00145318
1.5419e-05
0.0014537
1.58047e-05
0.00145422
1.61819e-05
0.00145473
1.65499e-05
0.00145524
1.69079e-05
0.00145574
1.72552e-05
0.00145623
1.75916e-05
0.0014567
1.79167e-05
0.00145717
1.82305e-05
0.00145762
1.8533e-05
0.00145806
1.88246e-05
0.00145848
1.91056e-05
0.0014589
1.93766e-05
0.00145929
1.96383e-05
0.00145967
1.98914e-05
0.00146004
2.01367e-05
0.00146039
2.03751e-05
0.00146073
2.06076e-05
0.00146106
2.08349e-05
0.00146137
2.1058e-05
0.00146168
2.12778e-05
0.00146197
2.1495e-05
0.00146225
2.17103e-05
0.00146252
2.19245e-05
0.00146278
2.21383e-05
0.00146303
2.23521e-05
0.00146328
2.25665e-05
0.00146352
2.2782e-05
0.00146375
2.2999e-05
0.00146397
2.32179e-05
0.0014642
2.3439e-05
0.00146441
2.36627e-05
0.00146462
2.38892e-05
0.00146483
2.41189e-05
0.00146503
2.43521e-05
0.00146523
2.4589e-05
0.00146543
2.483e-05
0.00146562
2.50753e-05
0.00146581
2.53253e-05
0.001466
2.55802e-05
0.00146619
2.58405e-05
0.00146637
2.61066e-05
0.00146655
2.63787e-05
0.00146673
2.66575e-05
0.00146691
2.69435e-05
0.00146709
2.72372e-05
0.00146727
2.75393e-05
0.00146745
2.78506e-05
0.00146762
2.8172e-05
0.00146779
2.85045e-05
0.00146797
2.88494e-05
0.00146814
2.92081e-05
0.0014683
2.95822e-05
0.00146847
2.99739e-05
0.00146863
3.03857e-05
0.00146879
3.08211e-05
0.00146894
3.12851e-05
0.00146908
3.17856e-05
0.00146921
3.2336e-05
0.00146933
3.29618e-05
3.36979e-05
0.001485
5.01231e-06
0.00148518
5.23567e-06
0.00148538
5.4685e-06
0.00148558
5.71098e-06
0.0014858
5.96329e-06
0.00148603
6.2256e-06
0.00148627
6.49801e-06
0.00148653
6.78061e-06
0.0014868
7.07342e-06
0.00148709
7.37642e-06
0.00148739
7.68952e-06
0.0014877
8.01258e-06
0.00148803
8.34539e-06
0.00148838
8.68764e-06
0.00148874
9.03898e-06
0.00148912
9.39895e-06
0.00148951
9.76703e-06
0.00148991
1.01426e-05
0.00149033
1.05249e-05
0.00149077
1.09133e-05
0.00149121
1.13067e-05
0.00149167
1.17044e-05
0.00149214
1.21052e-05
0.00149263
1.25082e-05
0.00149311
1.29121e-05
0.00149361
1.33159e-05
0.00149412
1.37184e-05
0.00149462
1.41185e-05
0.00149513
1.45148e-05
0.00149565
1.49065e-05
0.00149616
1.52923e-05
0.00149667
1.56714e-05
0.00149718
1.60427e-05
0.00149768
1.64057e-05
0.00149817
1.67595e-05
0.00149866
1.71037e-05
0.00149914
1.74379e-05
0.00149961
1.77619e-05
0.00150007
1.80757e-05
0.00150051
1.83793e-05
0.00150095
1.8673e-05
0.00150136
1.89572e-05
0.00150177
1.92323e-05
0.00150216
1.9499e-05
0.00150254
1.97578e-05
0.00150291
2.00096e-05
0.00150326
2.02552e-05
0.0015036
2.04952e-05
0.00150393
2.07306e-05
0.00150424
2.0962e-05
0.00150455
2.11903e-05
0.00150484
2.14161e-05
0.00150513
2.16402e-05
0.0015054
2.18632e-05
0.00150567
2.20856e-05
0.00150593
2.2308e-05
0.00150618
2.25309e-05
0.00150642
2.27548e-05
0.00150666
2.29799e-05
0.00150689
2.32068e-05
0.00150712
2.34358e-05
0.00150734
2.36672e-05
0.00150756
2.39014e-05
0.00150777
2.41386e-05
0.00150798
2.43793e-05
0.00150819
2.46236e-05
0.00150839
2.4872e-05
0.00150859
2.51247e-05
0.00150879
2.53822e-05
0.00150899
2.56447e-05
0.00150918
2.59128e-05
0.00150937
2.61868e-05
0.00150956
2.64673e-05
0.00150975
2.67549e-05
0.00150994
2.705e-05
0.00151012
2.73536e-05
0.00151031
2.76663e-05
0.00151049
2.79891e-05
0.00151067
2.83231e-05
0.00151085
2.86696e-05
0.00151103
2.90301e-05
0.00151121
2.94065e-05
0.00151138
2.98009e-05
0.00151155
3.02161e-05
0.00151171
3.06561e-05
0.00151187
3.11261e-05
0.00151202
3.16346e-05
0.00151216
3.21953e-05
0.00151229
3.28327e-05
3.35781e-05
0.00152903
4.8434e-06
0.00152921
5.05665e-06
0.0015294
5.27888e-06
0.0015296
5.51028e-06
0.00152981
5.75104e-06
0.00153003
6.00133e-06
0.00153027
6.26127e-06
0.00153052
6.53097e-06
0.00153078
6.81048e-06
0.00153106
7.09982e-06
0.00153135
7.39894e-06
0.00153165
7.70776e-06
0.00153197
8.02611e-06
0.00153231
8.35379e-06
0.00153266
8.6905e-06
0.00153302
9.03588e-06
0.0015334
9.3895e-06
0.00153379
9.75083e-06
0.00153419
1.01193e-05
0.00153461
1.04942e-05
0.00153505
1.08748e-05
0.00153549
1.12604e-05
0.00153594
1.16499e-05
0.00153641
1.20424e-05
0.00153689
1.24371e-05
0.00153737
1.28327e-05
0.00153786
1.32283e-05
0.00153835
1.36228e-05
0.00153885
1.4015e-05
0.00153936
1.4404e-05
0.00153986
1.47887e-05
0.00154036
1.51681e-05
0.00154087
1.55414e-05
0.00154136
1.59078e-05
0.00154186
1.62665e-05
0.00154234
1.66169e-05
0.00154282
1.69586e-05
0.00154329
1.72913e-05
0.00154375
1.76148e-05
0.0015442
1.79289e-05
0.00154464
1.8234e-05
0.00154507
1.853e-05
0.00154549
1.88174e-05
0.00154589
1.90966e-05
0.00154628
1.93681e-05
0.00154665
1.96326e-05
0.00154702
1.98906e-05
0.00154737
2.01429e-05
0.00154771
2.03901e-05
0.00154804
2.0633e-05
0.00154836
2.08722e-05
0.00154867
2.11085e-05
0.00154896
2.13425e-05
0.00154925
2.15748e-05
0.00154953
2.18059e-05
0.0015498
2.20365e-05
0.00155007
2.2267e-05
0.00155032
2.24979e-05
0.00155057
2.27297e-05
0.00155082
2.29626e-05
0.00155106
2.31972e-05
0.00155129
2.34337e-05
0.00155152
2.36726e-05
0.00155174
2.39142e-05
0.00155197
2.41587e-05
0.00155218
2.44067e-05
0.0015524
2.46583e-05
0.00155261
2.49141e-05
0.00155281
2.51742e-05
0.00155302
2.54393e-05
0.00155322
2.57096e-05
0.00155342
2.59857e-05
0.00155362
2.6268e-05
0.00155382
2.65573e-05
0.00155402
2.68541e-05
0.00155421
2.71591e-05
0.0015544
2.74734e-05
0.0015546
2.77977e-05
0.00155479
2.81333e-05
0.00155497
2.84815e-05
0.00155516
2.8844e-05
0.00155534
2.92225e-05
0.00155552
2.96197e-05
0.0015557
3.00384e-05
0.00155588
3.04828e-05
0.00155604
3.09587e-05
0.0015562
3.14746e-05
0.00155635
3.20446e-05
0.0015565
3.26917e-05
3.34441e-05
0.00157433
4.67696e-06
0.0015745
4.88066e-06
0.00157469
5.09288e-06
0.00157488
5.31382e-06
0.00157509
5.54367e-06
0.00157531
5.78261e-06
0.00157554
6.03078e-06
0.00157578
6.28829e-06
0.00157604
6.55524e-06
0.00157631
6.83165e-06
0.00157659
7.11754e-06
0.00157688
7.41285e-06
0.00157719
7.71749e-06
0.00157751
8.03128e-06
0.00157785
8.35402e-06
0.0015782
8.68542e-06
0.00157857
9.02512e-06
0.00157894
9.37271e-06
0.00157934
9.72768e-06
0.00157974
1.00895e-05
0.00158016
1.04574e-05
0.00158059
1.08309e-05
0.00158103
1.1209e-05
0.00158148
1.1591e-05
0.00158194
1.1976e-05
0.00158241
1.2363e-05
0.00158289
1.27511e-05
0.00158337
1.31392e-05
0.00158386
1.35264e-05
0.00158435
1.39117e-05
0.00158485
1.42942e-05
0.00158534
1.46727e-05
0.00158584
1.50466e-05
0.00158633
1.54149e-05
0.00158682
1.5777e-05
0.0015873
1.61321e-05
0.00158778
1.64798e-05
0.00158825
1.68196e-05
0.00158872
1.71512e-05
0.00158917
1.74745e-05
0.00158962
1.77895e-05
0.00159005
1.80961e-05
0.00159047
1.83946e-05
0.00159088
1.86853e-05
0.00159128
1.89685e-05
0.00159167
1.92448e-05
0.00159205
1.95146e-05
0.00159241
1.97785e-05
0.00159277
2.00372e-05
0.00159311
2.02912e-05
0.00159344
2.05412e-05
0.00159376
2.07878e-05
0.00159407
2.10316e-05
0.00159437
2.12732e-05
0.00159466
2.15132e-05
0.00159495
2.1752e-05
0.00159523
2.19903e-05
0.0015955
2.22284e-05
0.00159576
2.24669e-05
0.00159601
2.27062e-05
0.00159626
2.29465e-05
0.00159651
2.31885e-05
0.00159675
2.34323e-05
0.00159699
2.36784e-05
0.00159722
2.39272e-05
0.00159745
2.4179e-05
0.00159767
2.44341e-05
0.00159789
2.4693e-05
0.00159811
2.49561e-05
0.00159832
2.52238e-05
0.00159854
2.54965e-05
0.00159875
2.57748e-05
0.00159896
2.60593e-05
0.00159916
2.63504e-05
0.00159937
2.66489e-05
0.00159957
2.69557e-05
0.00159977
2.72715e-05
0.00159997
2.75974e-05
0.00160017
2.79347e-05
0.00160037
2.82847e-05
0.00160056
2.86491e-05
0.00160076
2.903e-05
0.00160095
2.943e-05
0.00160113
2.98521e-05
0.00160132
3.03008e-05
0.00160149
3.07822e-05
0.00160166
3.13051e-05
0.00160182
3.18833e-05
0.00160198
3.25386e-05
3.3296e-05
0.00162093
4.51309e-06
0.00162111
4.70773e-06
0.00162129
4.91046e-06
0.00162148
5.1215e-06
0.00162169
5.34104e-06
0.0016219
5.56924e-06
0.00162212
5.80628e-06
0.00162236
6.05227e-06
0.00162261
6.30732e-06
0.00162287
6.5715e-06
0.00162314
6.84484e-06
0.00162343
7.12733e-06
0.00162372
7.41891e-06
0.00162404
7.71948e-06
0.00162436
8.02887e-06
0.0016247
8.34686e-06
0.00162505
8.67318e-06
0.00162542
9.00749e-06
0.00162579
9.34936e-06
0.00162619
9.69834e-06
0.00162659
1.00539e-05
0.00162701
1.04154e-05
0.00162743
1.07821e-05
0.00162787
1.11534e-05
0.00162832
1.15285e-05
0.00162877
1.19065e-05
0.00162924
1.22865e-05
0.00162971
1.26677e-05
0.00163019
1.30491e-05
0.00163067
1.34298e-05
0.00163115
1.38089e-05
0.00163164
1.41855e-05
0.00163213
1.45587e-05
0.00163262
1.49277e-05
0.0016331
1.52917e-05
0.00163358
1.56501e-05
0.00163406
1.60022e-05
0.00163453
1.63477e-05
0.001635
1.66861e-05
0.00163546
1.70171e-05
0.0016359
1.73406e-05
0.00163634
1.76565e-05
0.00163677
1.79649e-05
0.00163719
1.8266e-05
0.0016376
1.85599e-05
0.001638
1.88471e-05
0.00163839
1.9128e-05
0.00163876
1.94029e-05
0.00163913
1.96725e-05
0.00163948
1.99372e-05
0.00163982
2.01976e-05
0.00164016
2.04542e-05
0.00164048
2.07077e-05
0.0016408
2.09586e-05
0.0016411
2.12073e-05
0.0016414
2.14546e-05
0.00164169
2.17007e-05
0.00164197
2.19462e-05
0.00164225
2.21916e-05
0.00164252
2.24373e-05
0.00164278
2.26837e-05
0.00164304
2.29312e-05
0.00164329
2.31802e-05
0.00164353
2.34311e-05
0.00164378
2.36843e-05
0.00164402
2.39401e-05
0.00164425
2.4199e-05
0.00164448
2.44613e-05
0.00164471
2.47275e-05
0.00164494
2.4998e-05
0.00164516
2.52734e-05
0.00164538
2.55541e-05
0.0016456
2.58406e-05
0.00164582
2.61338e-05
0.00164603
2.64342e-05
0.00164624
2.67428e-05
0.00164646
2.70603e-05
0.00164667
2.7388e-05
0.00164687
2.7727e-05
0.00164708
2.80789e-05
0.00164728
2.84453e-05
0.00164748
2.88286e-05
0.00164768
2.92312e-05
0.00164788
2.96567e-05
0.00164807
3.01096e-05
0.00164826
3.05962e-05
0.00164844
3.11254e-05
0.00164861
3.17108e-05
0.00164877
3.23728e-05
3.31337e-05
0.00166889
4.35186e-06
0.00166906
4.53789e-06
0.00166924
4.73163e-06
0.00166943
4.93328e-06
0.00166963
5.14304e-06
0.00166984
5.36108e-06
0.00167006
5.58756e-06
0.00167029
5.82264e-06
0.00167053
6.06641e-06
0.00167078
6.31899e-06
0.00167104
6.58041e-06
0.00167132
6.85071e-06
0.00167161
7.12986e-06
0.00167191
7.4178e-06
0.00167223
7.71442e-06
0.00167255
8.01956e-06
0.00167289
8.33301e-06
0.00167325
8.65449e-06
0.00167361
8.98367e-06
0.00167399
9.32015e-06
0.00167438
9.66349e-06
0.00167478
1.00132e-05
0.0016752
1.03686e-05
0.00167562
1.07291e-05
0.00167605
1.10941e-05
0.0016765
1.14628e-05
0.00167695
1.18344e-05
0.00167741
1.22081e-05
0.00167788
1.2583e-05
0.00167835
1.29583e-05
0.00167882
1.33332e-05
0.0016793
1.37067e-05
0.00167978
1.40781e-05
0.00168026
1.44465e-05
0.00168074
1.48112e-05
0.00168122
1.51716e-05
0.0016817
1.55269e-05
0.00168217
1.58766e-05
0.00168264
1.62203e-05
0.00168309
1.65576e-05
0.00168355
1.68883e-05
0.00168399
1.72123e-05
0.00168443
1.75294e-05
0.00168485
1.78397e-05
0.00168527
1.81433e-05
0.00168568
1.84405e-05
0.00168607
1.87315e-05
0.00168646
1.90167e-05
0.00168684
1.92966e-05
0.0016872
1.95715e-05
0.00168756
1.98419e-05
0.0016879
2.01083e-05
0.00168824
2.03712e-05
0.00168857
2.06312e-05
0.00168888
2.08887e-05
0.0016892
2.11442e-05
0.0016895
2.13983e-05
0.00168979
2.16513e-05
0.00169008
2.19037e-05
0.00169036
2.2156e-05
0.00169064
2.24086e-05
0.00169091
2.26618e-05
0.00169117
2.29162e-05
0.00169143
2.31721e-05
0.00169168
2.34298e-05
0.00169193
2.36899e-05
0.00169218
2.39526e-05
0.00169242
2.42186e-05
0.00169266
2.44881e-05
0.0016929
2.47616e-05
0.00169313
2.50397e-05
0.00169336
2.53229e-05
0.00169359
2.56119e-05
0.00169382
2.59072e-05
0.00169404
2.62096e-05
0.00169427
2.65201e-05
0.00169449
2.68395e-05
0.00169471
2.71689e-05
0.00169492
2.75098e-05
0.00169514
2.78636e-05
0.00169535
2.82321e-05
0.00169556
2.86177e-05
0.00169577
2.90231e-05
0.00169598
2.94519e-05
0.00169618
2.99088e-05
0.00169637
3.04001e-05
0.00169656
3.09351e-05
0.00169675
3.15267e-05
0.00169693
3.2194e-05
3.2957e-05
0.00171825
4.19334e-06
0.00171841
4.37119e-06
0.00171859
4.55638e-06
0.00171877
4.74912e-06
0.00171897
4.94959e-06
0.00171917
5.15797e-06
0.00171938
5.37444e-06
0.00171961
5.59915e-06
0.00171984
5.83222e-06
0.00172009
6.07376e-06
0.00172034
6.32385e-06
0.00172061
6.58254e-06
0.00172089
6.84984e-06
0.00172118
7.12573e-06
0.00172149
7.41013e-06
0.0017218
7.70294e-06
0.00172213
8.004e-06
0.00172247
8.3131e-06
0.00172283
8.62996e-06
0.00172319
8.95428e-06
0.00172357
9.28568e-06
0.00172396
9.62371e-06
0.00172436
9.9679e-06
0.00172477
1.03177e-05
0.00172519
1.06725e-05
0.00172563
1.10316e-05
0.00172607
1.13944e-05
0.00172651
1.17601e-05
0.00172697
1.2128e-05
0.00172743
1.24972e-05
0.0017279
1.28671e-05
0.00172837
1.32366e-05
0.00172884
1.36052e-05
0.00172931
1.3972e-05
0.00172979
1.43362e-05
0.00173026
1.46972e-05
0.00173073
1.50543e-05
0.0017312
1.5407e-05
0.00173167
1.57547e-05
0.00173213
1.6097e-05
0.00173259
1.64337e-05
0.00173303
1.67643e-05
0.00173347
1.70889e-05
0.00173391
1.74073e-05
0.00173433
1.77195e-05
0.00173474
1.80257e-05
0.00173515
1.8326e-05
0.00173555
1.86208e-05
0.00173593
1.89102e-05
0.00173631
1.91947e-05
0.00173668
1.94746e-05
0.00173703
1.97504e-05
0.00173738
2.00225e-05
0.00173772
2.02914e-05
0.00173805
2.05575e-05
0.00173838
2.08212e-05
0.00173869
2.10831e-05
0.001739
2.13436e-05
0.0017393
2.16031e-05
0.00173959
2.18621e-05
0.00173988
2.2121e-05
0.00174016
2.23801e-05
0.00174044
2.264e-05
0.00174071
2.2901e-05
0.00174098
2.31635e-05
0.00174124
2.3428e-05
0.0017415
2.36948e-05
0.00174175
2.39645e-05
0.001742
2.42375e-05
0.00174225
2.45142e-05
0.00174249
2.47952e-05
0.00174274
2.50811e-05
0.00174297
2.53726e-05
0.00174321
2.56702e-05
0.00174345
2.59748e-05
0.00174368
2.62872e-05
0.00174391
2.66085e-05
0.00174414
2.69399e-05
0.00174437
2.72826e-05
0.00174459
2.76384e-05
0.00174481
2.80091e-05
0.00174504
2.8397e-05
0.00174525
2.88051e-05
0.00174547
2.9237e-05
0.00174568
2.96976e-05
0.00174589
3.01935e-05
0.00174609
3.07335e-05
0.00174628
3.13303e-05
0.00174648
3.20017e-05
3.27656e-05
0.00176903
4.03761e-06
0.0017692
4.20766e-06
0.00176937
4.38472e-06
0.00176955
4.56896e-06
0.00176974
4.7606e-06
0.00176994
4.9598e-06
0.00177014
5.16675e-06
0.00177036
5.3816e-06
0.00177059
5.60448e-06
0.00177083
5.83553e-06
0.00177108
6.07483e-06
0.00177134
6.32245e-06
0.00177161
6.57844e-06
0.00177189
6.84279e-06
0.00177219
7.11549e-06
0.00177249
7.39647e-06
0.00177281
7.6856e-06
0.00177314
7.98274e-06
0.00177348
8.28768e-06
0.00177384
8.60016e-06
0.0017742
8.91988e-06
0.00177458
9.24647e-06
0.00177497
9.57953e-06
0.00177537
9.91858e-06
0.00177578
1.02631e-05
0.0017762
1.06125e-05
0.00177662
1.09663e-05
0.00177706
1.13236e-05
0.0017775
1.1684e-05
0.00177796
1.20465e-05
0.00177841
1.24106e-05
0.00177887
1.27754e-05
0.00177934
1.31403e-05
0.00177981
1.35044e-05
0.00178027
1.38671e-05
0.00178074
1.42276e-05
0.00178121
1.45853e-05
0.00178168
1.49397e-05
0.00178215
1.52901e-05
0.00178261
1.56362e-05
0.00178306
1.59774e-05
0.00178351
1.63136e-05
0.00178396
1.66444e-05
0.0017844
1.69697e-05
0.00178483
1.72895e-05
0.00178525
1.76037e-05
0.00178566
1.79124e-05
0.00178607
1.82158e-05
0.00178646
1.85141e-05
0.00178685
1.88076e-05
0.00178723
1.90964e-05
0.0017876
1.93811e-05
0.00178796
1.9662e-05
0.00178831
1.99395e-05
0.00178865
2.02139e-05
0.00178899
2.04857e-05
0.00178932
2.07554e-05
0.00178964
2.10233e-05
0.00178995
2.12899e-05
0.00179026
2.15556e-05
0.00179056
2.18208e-05
0.00179085
2.2086e-05
0.00179114
2.23515e-05
0.00179142
2.26177e-05
0.0017917
2.28851e-05
0.00179197
2.31542e-05
0.00179224
2.34253e-05
0.00179251
2.36989e-05
0.00179277
2.39754e-05
0.00179303
2.42555e-05
0.00179329
2.45396e-05
0.00179354
2.48283e-05
0.00179379
2.51224e-05
0.00179404
2.54224e-05
0.00179428
2.57292e-05
0.00179452
2.60438e-05
0.00179477
2.63671e-05
0.00179501
2.67005e-05
0.00179524
2.70452e-05
0.00179548
2.74029e-05
0.00179571
2.77757e-05
0.00179594
2.8166e-05
0.00179617
2.85767e-05
0.0017964
2.90116e-05
0.00179662
2.94758e-05
0.00179684
2.99756e-05
0.00179705
3.05201e-05
0.00179726
3.11213e-05
0.00179747
3.17956e-05
3.25593e-05
0.0018213
3.88474e-06
0.00182146
4.04735e-06
0.00182163
4.21664e-06
0.0018218
4.3928e-06
0.00182199
4.57601e-06
0.00182218
4.76647e-06
0.00182238
4.96435e-06
0.0018226
5.1698e-06
0.00182282
5.38299e-06
0.00182305
5.60402e-06
0.00182329
5.83302e-06
0.00182354
6.07008e-06
0.00182381
6.31526e-06
0.00182408
6.56858e-06
0.00182437
6.83006e-06
0.00182466
7.09966e-06
0.00182497
7.37731e-06
0.00182529
7.66291e-06
0.00182562
7.95629e-06
0.00182597
8.25726e-06
0.00182632
8.56557e-06
0.00182669
8.88093e-06
0.00182706
9.20299e-06
0.00182745
9.53137e-06
0.00182785
9.86561e-06
0.00182825
1.02052e-05
0.00182867
1.05497e-05
0.0018291
1.08984e-05
0.00182953
1.12508e-05
0.00182997
1.16062e-05
0.00183042
1.19639e-05
0.00183087
1.23232e-05
0.00183133
1.26835e-05
0.00183179
1.30441e-05
0.00183225
1.34042e-05
0.00183271
1.37632e-05
0.00183318
1.41205e-05
0.00183364
1.44754e-05
0.0018341
1.48273e-05
0.00183456
1.51759e-05
0.00183502
1.55206e-05
0.00183547
1.5861e-05
0.00183592
1.61969e-05
0.00183636
1.6528e-05
0.0018368
1.68542e-05
0.00183723
1.71754e-05
0.00183765
1.74915e-05
0.00183806
1.78027e-05
0.00183847
1.81091e-05
0.00183886
1.84107e-05
0.00183925
1.8708e-05
0.00183963
1.9001e-05
0.00184
1.92902e-05
0.00184037
1.95759e-05
0.00184072
1.98584e-05
0.00184107
2.01381e-05
0.00184141
2.04153e-05
0.00184174
2.06906e-05
0.00184207
2.09642e-05
0.00184239
2.12366e-05
0.0018427
2.15082e-05
0.00184301
2.17793e-05
0.00184331
2.20505e-05
0.0018436
2.23221e-05
0.00184389
2.25945e-05
0.00184418
2.28683e-05
0.00184446
2.31437e-05
0.00184474
2.34213e-05
0.00184501
2.37017e-05
0.00184528
2.39852e-05
0.00184555
2.42725e-05
0.00184581
2.45642e-05
0.00184608
2.48609e-05
0.00184634
2.51635e-05
0.00184659
2.54727e-05
0.00184685
2.57895e-05
0.0018471
2.61149e-05
0.00184735
2.64503e-05
0.0018476
2.6797e-05
0.00184784
2.71568e-05
0.00184809
2.75317e-05
0.00184833
2.79242e-05
0.00184857
2.83375e-05
0.0018488
2.87753e-05
0.00184904
2.92426e-05
0.00184927
2.9746e-05
0.00184949
3.02943e-05
0.00184972
3.08989e-05
0.00184994
3.15752e-05
3.23378e-05
0.00187509
3.73479e-06
0.00187525
3.89029e-06
0.00187541
4.05216e-06
0.00187558
4.22059e-06
0.00187576
4.39578e-06
0.00187595
4.57789e-06
0.00187615
4.76711e-06
0.00187636
4.96361e-06
0.00187657
5.16753e-06
0.0018768
5.37901e-06
0.00187703
5.59818e-06
0.00187728
5.82513e-06
0.00187753
6.05996e-06
0.0018778
6.30271e-06
0.00187807
6.55342e-06
0.00187836
6.81209e-06
0.00187866
7.07868e-06
0.00187897
7.35311e-06
0.00187929
7.6353e-06
0.00187962
7.92507e-06
0.00187997
8.22225e-06
0.00188032
8.5266e-06
0.00188069
8.83783e-06
0.00188106
9.15562e-06
0.00188145
9.4796e-06
0.00188184
9.80933e-06
0.00188225
1.01444e-05
0.00188266
1.04842e-05
0.00188309
1.08283e-05
0.00188352
1.1176e-05
0.00188395
1.15269e-05
0.0018844
1.18801e-05
0.00188484
1.22352e-05
0.0018853
1.25914e-05
0.00188575
1.29481e-05
0.00188621
1.33046e-05
0.00188667
1.36603e-05
0.00188713
1.40146e-05
0.00188759
1.4367e-05
0.00188805
1.47169e-05
0.00188851
1.50638e-05
0.00188896
1.54074e-05
0.00188941
1.57472e-05
0.00188986
1.6083e-05
0.0018903
1.64145e-05
0.00189073
1.67416e-05
0.00189116
1.70642e-05
0.00189158
1.73823e-05
0.00189199
1.76958e-05
0.0018924
1.8005e-05
0.0018928
1.83099e-05
0.00189319
1.86107e-05
0.00189357
1.89077e-05
0.00189394
1.92011e-05
0.00189431
1.94913e-05
0.00189467
1.97785e-05
0.00189502
2.00631e-05
0.00189537
2.03455e-05
0.00189571
2.0626e-05
0.00189604
2.0905e-05
0.00189636
2.1183e-05
0.00189668
2.14602e-05
0.001897
2.1737e-05
0.0018973
2.2014e-05
0.00189761
2.22915e-05
0.0018979
2.257e-05
0.0018982
2.28499e-05
0.00189849
2.31317e-05
0.00189877
2.34159e-05
0.00189906
2.3703e-05
0.00189933
2.39936e-05
0.00189961
2.42883e-05
0.00189988
2.45879e-05
0.00190015
2.48931e-05
0.00190042
2.52047e-05
0.00190069
2.55238e-05
0.00190095
2.58514e-05
0.00190121
2.61889e-05
0.00190147
2.65376e-05
0.00190173
2.68994e-05
0.00190198
2.72765e-05
0.00190224
2.76712e-05
0.00190249
2.80868e-05
0.00190274
2.85273e-05
0.00190298
2.89976e-05
0.00190322
2.95041e-05
0.00190346
3.00555e-05
0.0019037
3.06627e-05
0.00190393
3.134e-05
3.21006e-05
0.00193045
3.58783e-06
0.00193061
3.73652e-06
0.00193077
3.8913e-06
0.00193094
4.05234e-06
0.00193111
4.21985e-06
0.00193129
4.39399e-06
0.00193149
4.57494e-06
0.00193169
4.76287e-06
0.0019319
4.95793e-06
0.00193212
5.16028e-06
0.00193234
5.37004e-06
0.00193258
5.58732e-06
0.00193283
5.81224e-06
0.00193309
6.04485e-06
0.00193336
6.28521e-06
0.00193363
6.53336e-06
0.00193392
6.78927e-06
0.00193422
7.05293e-06
0.00193454
7.32426e-06
0.00193486
7.60316e-06
0.00193519
7.88948e-06
0.00193553
8.18304e-06
0.00193589
8.48361e-06
0.00193625
8.79093e-06
0.00193663
9.10469e-06
0.00193701
9.42452e-06
0.00193741
9.75003e-06
0.00193781
1.00808e-05
0.00193822
1.04163e-05
0.00193864
1.07561e-05
0.00193907
1.10996e-05
0.0019395
1.14462e-05
0.00193994
1.17954e-05
0.00194039
1.21465e-05
0.00194084
1.24989e-05
0.00194129
1.28521e-05
0.00194174
1.32053e-05
0.0019422
1.35581e-05
0.00194266
1.39098e-05
0.00194312
1.426e-05
0.00194357
1.4608e-05
0.00194402
1.49536e-05
0.00194448
1.52962e-05
0.00194492
1.56355e-05
0.00194537
1.59713e-05
0.0019458
1.63033e-05
0.00194624
1.66313e-05
0.00194666
1.69553e-05
0.00194709
1.72752e-05
0.0019475
1.7591e-05
0.00194791
1.79028e-05
0.00194831
1.82107e-05
0.0019487
1.85149e-05
0.00194908
1.88156e-05
0.00194946
1.9113e-05
0.00194983
1.94074e-05
0.0019502
1.96991e-05
0.00195056
1.99884e-05
0.00195091
2.02756e-05
0.00195125
2.05611e-05
0.00195159
2.08453e-05
0.00195192
2.11284e-05
0.00195224
2.1411e-05
0.00195257
2.16934e-05
0.00195288
2.1976e-05
0.00195319
2.22593e-05
0.0019535
2.25437e-05
0.0019538
2.28297e-05
0.0019541
2.31178e-05
0.00195439
2.34086e-05
0.00195468
2.37026e-05
0.00195497
2.40005e-05
0.00195526
2.4303e-05
0.00195554
2.46109e-05
0.00195582
2.4925e-05
0.0019561
2.52464e-05
0.00195637
2.55763e-05
0.00195664
2.59158e-05
0.00195692
2.62666e-05
0.00195718
2.66305e-05
0.00195745
2.70096e-05
0.00195772
2.74064e-05
0.00195798
2.78243e-05
0.00195824
2.82672e-05
0.0019585
2.87401e-05
0.00195875
2.92493e-05
0.001959
2.98032e-05
0.00195925
3.04122e-05
0.0019595
3.10896e-05
3.18474e-05
0.00198743
3.44392e-06
0.00198758
3.58608e-06
0.00198774
3.73406e-06
0.00198791
3.88803e-06
0.00198808
4.04818e-06
0.00198826
4.21469e-06
0.00198844
4.38772e-06
0.00198864
4.56746e-06
0.00198884
4.75405e-06
0.00198906
4.94765e-06
0.00198928
5.14839e-06
0.00198951
5.35641e-06
0.00198975
5.57181e-06
0.00199
5.79468e-06
0.00199026
6.0251e-06
0.00199053
6.26311e-06
0.00199081
6.50873e-06
0.0019911
6.76197e-06
0.0019914
7.02278e-06
0.00199171
7.29111e-06
0.00199204
7.56684e-06
0.00199237
7.84984e-06
0.00199271
8.13994e-06
0.00199307
8.43691e-06
0.00199343
8.74052e-06
0.00199381
9.05045e-06
0.00199419
9.36637e-06
0.00199458
9.6879e-06
0.00199498
1.00146e-05
0.00199539
1.03461e-05
0.00199581
1.06819e-05
0.00199624
1.10214e-05
0.00199667
1.13641e-05
0.0019971
1.17095e-05
0.00199755
1.2057e-05
0.00199799
1.2406e-05
0.00199844
1.27559e-05
0.00199889
1.31062e-05
0.00199935
1.34563e-05
0.0019998
1.38057e-05
0.00200026
1.41539e-05
0.00200071
1.45003e-05
0.00200116
1.48446e-05
0.00200161
1.51864e-05
0.00200206
1.55254e-05
0.0020025
1.58612e-05
0.00200294
1.61937e-05
0.00200337
1.65226e-05
0.0020038
1.68479e-05
0.00200422
1.71696e-05
0.00200463
1.74875e-05
0.00200504
1.78018e-05
0.00200544
1.81126e-05
0.00200584
1.842e-05
0.00200623
1.87241e-05
0.00200661
1.90253e-05
0.00200699
1.93237e-05
0.00200735
1.96195e-05
0.00200772
1.99132e-05
0.00200807
2.0205e-05
0.00200842
2.04952e-05
0.00200877
2.07842e-05
0.00200911
2.10724e-05
0.00200944
2.13601e-05
0.00200977
2.16478e-05
0.00201009
2.19359e-05
0.00201041
2.22249e-05
0.00201072
2.25151e-05
0.00201103
2.28072e-05
0.00201134
2.31017e-05
0.00201164
2.33992e-05
0.00201194
2.37003e-05
0.00201224
2.40058e-05
0.00201254
2.43164e-05
0.00201283
2.46331e-05
0.00201312
2.49569e-05
0.00201341
2.5289e-05
0.00201369
2.56307e-05
0.00201397
2.59835e-05
0.00201425
2.63494e-05
0.00201453
2.67305e-05
0.00201481
2.71294e-05
0.00201509
2.75494e-05
0.00201536
2.79944e-05
0.00201563
2.84695e-05
0.0020159
2.89809e-05
0.00201616
2.95367e-05
0.00201643
3.01467e-05
0.0020167
3.08233e-05
3.15776e-05
0.00204608
3.3031e-06
0.00204623
3.439e-06
0.00204638
3.58046e-06
0.00204654
3.72765e-06
0.00204671
3.88075e-06
0.00204689
4.03994e-06
0.00204707
4.20539e-06
0.00204726
4.37727e-06
0.00204746
4.55574e-06
0.00204766
4.74095e-06
0.00204788
4.93305e-06
0.0020481
5.13217e-06
0.00204834
5.33844e-06
0.00204858
5.55194e-06
0.00204883
5.77278e-06
0.00204909
6.00103e-06
0.00204937
6.23671e-06
0.00204965
6.47987e-06
0.00204994
6.73048e-06
0.00205024
6.98853e-06
0.00205056
7.25394e-06
0.00205088
7.52661e-06
0.00205121
7.80642e-06
0.00205156
8.0932e-06
0.00205191
8.38674e-06
0.00205227
8.68681e-06
0.00205265
8.99311e-06
0.00205303
9.30533e-06
0.00205342
9.62312e-06
0.00205382
9.94608e-06
0.00205423
1.02738e-05
0.00205465
1.06058e-05
0.00205507
1.09416e-05
0.0020555
1.12807e-05
0.00205593
1.16226e-05
0.00205637
1.19667e-05
0.00205681
1.23125e-05
0.00205726
1.26595e-05
0.00205771
1.30071e-05
0.00205816
1.33547e-05
0.00205861
1.3702e-05
0.00205906
1.40483e-05
0.00205952
1.43933e-05
0.00205997
1.47365e-05
0.00206041
1.50776e-05
0.00206086
1.54162e-05
0.0020613
1.57521e-05
0.00206174
1.60851e-05
0.00206217
1.64149e-05
0.0020626
1.67415e-05
0.00206302
1.70648e-05
0.00206344
1.73847e-05
0.00206385
1.77014e-05
0.00206426
1.80148e-05
0.00206465
1.83251e-05
0.00206505
1.86325e-05
0.00206543
1.89372e-05
0.00206581
1.92392e-05
0.00206619
1.9539e-05
0.00206656
1.98368e-05
0.00206692
2.01329e-05
0.00206727
2.04276e-05
0.00206763
2.07213e-05
0.00206797
2.10143e-05
0.00206831
2.1307e-05
0.00206865
2.15998e-05
0.00206898
2.18933e-05
0.00206931
2.21878e-05
0.00206963
2.24839e-05
0.00206995
2.27821e-05
0.00207027
2.30831e-05
0.00207058
2.33874e-05
0.00207089
2.36959e-05
0.0020712
2.40094e-05
0.0020715
2.43287e-05
0.0020718
2.46549e-05
0.0020721
2.49893e-05
0.0020724
2.53331e-05
0.0020727
2.56879e-05
0.00207299
2.60558e-05
0.00207328
2.64387e-05
0.00207357
2.68396e-05
0.00207386
2.72614e-05
0.00207415
2.77084e-05
0.00207443
2.81854e-05
0.00207471
2.86985e-05
0.00207499
2.92554e-05
0.00207527
2.98657e-05
0.00207556
3.05408e-05
3.12909e-05
0.00210645
3.16544e-06
0.0021066
3.29532e-06
0.00210675
3.43051e-06
0.0021069
3.57119e-06
0.00210707
3.71753e-06
0.00210724
3.8697e-06
0.00210741
4.02787e-06
0.0021076
4.19221e-06
0.00210779
4.36288e-06
0.00210799
4.54004e-06
0.0021082
4.72384e-06
0.00210842
4.91441e-06
0.00210865
5.11189e-06
0.00210888
5.31638e-06
0.00210913
5.528e-06
0.00210938
5.74681e-06
0.00210965
5.9729e-06
0.00210992
6.20629e-06
0.0021102
6.44702e-06
0.0021105
6.69507e-06
0.0021108
6.95042e-06
0.00211111
7.213e-06
0.00211144
7.48272e-06
0.00211177
7.75946e-06
0.00211211
8.04305e-06
0.00211247
8.3333e-06
0.00211283
8.62998e-06
0.0021132
8.93283e-06
0.00211358
9.24153e-06
0.00211397
9.55577e-06
0.00211437
9.87516e-06
0.00211478
1.01993e-05
0.00211519
1.05278e-05
0.00211561
1.08601e-05
0.00211604
1.11958e-05
0.00211647
1.15344e-05
0.00211691
1.18754e-05
0.00211735
1.22183e-05
0.0021178
1.25625e-05
0.00211824
1.29075e-05
0.00211869
1.32529e-05
0.00211914
1.35982e-05
0.00211959
1.39429e-05
0.00212004
1.42865e-05
0.00212049
1.46287e-05
0.00212094
1.49692e-05
0.00212138
1.53075e-05
0.00212183
1.56435e-05
0.00212226
1.59769e-05
0.0021227
1.63075e-05
0.00212313
1.66353e-05
0.00212355
1.69601e-05
0.00212397
1.72819e-05
0.00212439
1.76007e-05
0.00212479
1.79166e-05
0.0021252
1.82296e-05
0.00212559
1.854e-05
0.00212598
1.88479e-05
0.00212637
1.91535e-05
0.00212675
1.94569e-05
0.00212712
1.97586e-05
0.00212749
2.00588e-05
0.00212786
2.03577e-05
0.00212822
2.06558e-05
0.00212857
2.09534e-05
0.00212892
2.1251e-05
0.00212926
2.15489e-05
0.0021296
2.18476e-05
0.00212994
2.21477e-05
0.00213027
2.24496e-05
0.0021306
2.2754e-05
0.00213093
2.30617e-05
0.00213125
2.33732e-05
0.00213157
2.36894e-05
0.00213189
2.40114e-05
0.0021322
2.434e-05
0.00213251
2.46766e-05
0.00213282
2.50225e-05
0.00213313
2.53793e-05
0.00213344
2.5749e-05
0.00213374
2.61338e-05
0.00213405
2.65364e-05
0.00213435
2.69599e-05
0.00213465
2.74085e-05
0.00213495
2.78869e-05
0.00213525
2.84012e-05
0.00213554
2.89588e-05
0.00213584
2.95686e-05
0.00213614
3.02414e-05
3.09866e-05
0.0021686
3.03097e-06
0.00216874
3.15506e-06
0.00216888
3.28423e-06
0.00216903
3.41865e-06
0.00216919
3.55849e-06
0.00216936
3.70391e-06
0.00216953
3.85509e-06
0.00216971
4.01219e-06
0.0021699
4.17537e-06
0.0021701
4.34479e-06
0.0021703
4.5206e-06
0.00217051
4.70295e-06
0.00217073
4.89197e-06
0.00217096
5.08778e-06
0.0021712
5.29049e-06
0.00217144
5.50021e-06
0.0021717
5.71701e-06
0.00217196
5.94096e-06
0.00217224
6.17209e-06
0.00217252
6.41042e-06
0.00217282
6.65596e-06
0.00217312
6.90868e-06
0.00217344
7.1685e-06
0.00217376
7.43535e-06
0.00217409
7.70911e-06
0.00217444
7.98963e-06
0.00217479
8.27672e-06
0.00217515
8.57016e-06
0.00217553
8.8697e-06
0.00217591
9.17506e-06
0.0021763
9.48591e-06
0.00217669
9.80191e-06
0.0021771
1.01227e-05
0.00217751
1.04478e-05
0.00217793
1.07768e-05
0.00217835
1.11094e-05
0.00217879
1.14449e-05
0.00217922
1.17829e-05
0.00217966
1.2123e-05
0.0021801
1.24647e-05
0.00218055
1.28073e-05
0.002181
1.31506e-05
0.00218144
1.3494e-05
0.00218189
1.38371e-05
0.00218234
1.41795e-05
0.00218279
1.45208e-05
0.00218324
1.48606e-05
0.00218368
1.51986e-05
0.00218413
1.55347e-05
0.00218456
1.58685e-05
0.002185
1.61998e-05
0.00218543
1.65286e-05
0.00218586
1.68548e-05
0.00218628
1.71783e-05
0.0021867
1.7499e-05
0.00218711
1.78172e-05
0.00218752
1.81328e-05
0.00218792
1.84459e-05
0.00218832
1.87568e-05
0.00218871
1.90656e-05
0.00218909
1.93725e-05
0.00218948
1.96778e-05
0.00218985
1.99818e-05
0.00219022
2.02848e-05
0.00219059
2.05872e-05
0.00219095
2.08893e-05
0.00219131
2.11915e-05
0.00219166
2.14944e-05
0.00219201
2.17983e-05
0.00219236
2.2104e-05
0.0021927
2.24118e-05
0.00219304
2.27227e-05
0.00219337
2.30372e-05
0.00219371
2.33562e-05
0.00219404
2.36807e-05
0.00219437
2.40118e-05
0.00219469
2.43506e-05
0.00219502
2.46985e-05
0.00219534
2.50572e-05
0.00219566
2.54287e-05
0.00219598
2.58151e-05
0.00219629
2.62193e-05
0.00219661
2.66443e-05
0.00219692
2.70942e-05
0.00219724
2.75736e-05
0.00219755
2.80886e-05
0.00219786
2.86461e-05
0.00219818
2.92547e-05
0.00219849
2.99245e-05
3.06641e-05
0.00223256
2.89973e-06
0.0022327
3.01825e-06
0.00223284
3.14163e-06
0.00223299
3.27002e-06
0.00223315
3.40361e-06
0.00223331
3.54254e-06
0.00223348
3.68699e-06
0.00223365
3.83712e-06
0.00223383
3.9931e-06
0.00223402
4.15507e-06
0.00223422
4.3232e-06
0.00223443
4.49762e-06
0.00223464
4.67849e-06
0.00223486
4.86593e-06
0.00223509
5.06005e-06
0.00223533
5.26098e-06
0.00223558
5.46879e-06
0.00223584
5.68358e-06
0.0022361
5.9054e-06
0.00223638
6.13428e-06
0.00223667
6.37027e-06
0.00223696
6.61333e-06
0.00223727
6.86347e-06
0.00223758
7.1206e-06
0.00223791
7.38466e-06
0.00223824
7.65553e-06
0.00223858
7.93307e-06
0.00223894
8.2171e-06
0.0022393
8.50742e-06
0.00223967
8.80379e-06
0.00224005
9.10593e-06
0.00224044
9.41355e-06
0.00224083
9.72631e-06
0.00224124
1.00439e-05
0.00224165
1.03658e-05
0.00224207
1.06917e-05
0.00224249
1.10212e-05
0.00224292
1.13538e-05
0.00224335
1.16891e-05
0.00224379
1.20265e-05
0.00224423
1.23657e-05
0.00224468
1.27061e-05
0.00224513
1.30474e-05
0.00224557
1.3389e-05
0.00224602
1.37306e-05
0.00224647
1.40718e-05
0.00224692
1.44121e-05
0.00224737
1.47513e-05
0.00224781
1.5089e-05
0.00224826
1.5425e-05
0.0022487
1.57591e-05
0.00224913
1.60911e-05
0.00224957
1.64208e-05
0.00225
1.67482e-05
0.00225042
1.70732e-05
0.00225085
1.73957e-05
0.00225126
1.77159e-05
0.00225167
1.80338e-05
0.00225208
1.83495e-05
0.00225248
1.86632e-05
0.00225288
1.89749e-05
0.00225327
1.92851e-05
0.00225366
1.95938e-05
0.00225405
1.99014e-05
0.00225443
2.02083e-05
0.0022548
2.05147e-05
0.00225517
2.08212e-05
0.00225554
2.1128e-05
0.0022559
2.14358e-05
0.00225626
2.1745e-05
0.00225661
2.20562e-05
0.00225697
2.23702e-05
0.00225732
2.26877e-05
0.00225766
2.30095e-05
0.00225801
2.33365e-05
0.00225835
2.36698e-05
0.00225869
2.40108e-05
0.00225903
2.43607e-05
0.00225936
2.47212e-05
0.0022597
2.50943e-05
0.00226003
2.54822e-05
0.00226036
2.58877e-05
0.00226069
2.63139e-05
0.00226102
2.67647e-05
0.00226135
2.72449e-05
0.00226168
2.776e-05
0.00226201
2.83168e-05
0.00226234
2.89236e-05
0.00226267
2.95896e-05
3.0323e-05
0.00229842
2.77176e-06
0.00229855
2.88491e-06
0.00229869
3.0027e-06
0.00229883
3.1253e-06
0.00229898
3.25286e-06
0.00229914
3.38555e-06
0.0022993
3.52352e-06
0.00229947
3.66694e-06
0.00229965
3.81597e-06
0.00229984
3.97077e-06
0.00230003
4.1315e-06
0.00230023
4.29829e-06
0.00230043
4.47129e-06
0.00230065
4.65064e-06
0.00230087
4.83647e-06
0.0023011
5.02889e-06
0.00230135
5.22801e-06
0.0023016
5.43391e-06
0.00230185
5.64669e-06
0.00230212
5.86638e-06
0.0023024
6.09304e-06
0.00230269
6.32669e-06
0.00230298
6.56733e-06
0.00230329
6.81492e-06
0.0023036
7.06942e-06
0.00230393
7.33075e-06
0.00230426
7.5988e-06
0.00230461
7.87344e-06
0.00230496
8.15451e-06
0.00230532
8.4418e-06
0.00230569
8.7351e-06
0.00230607
9.03414e-06
0.00230646
9.33864e-06
0.00230685
9.64829e-06
0.00230726
9.96274e-06
0.00230767
1.02816e-05
0.00230808
1.06046e-05
0.00230851
1.09311e-05
0.00230893
1.12609e-05
0.00230937
1.15935e-05
0.0023098
1.19284e-05
0.00231025
1.22652e-05
0.00231069
1.26035e-05
0.00231114
1.29428e-05
0.00231158
1.32827e-05
0.00231203
1.36228e-05
0.00231248
1.39628e-05
0.00231293
1.43021e-05
0.00231338
1.46406e-05
0.00231383
1.4978e-05
0.00231427
1.53139e-05
0.00231471
1.56482e-05
0.00231515
1.59807e-05
0.00231559
1.63112e-05
0.00231603
1.66396e-05
0.00231646
1.69659e-05
0.00231688
1.729e-05
0.0023173
1.7612e-05
0.00231772
1.7932e-05
0.00231813
1.825e-05
0.00231854
1.85662e-05
0.00231895
1.88807e-05
0.00231935
1.91938e-05
0.00231974
1.95058e-05
0.00232013
1.98169e-05
0.00232052
2.01274e-05
0.0023209
2.04378e-05
0.00232128
2.07485e-05
0.00232166
2.10599e-05
0.00232203
2.13725e-05
0.0023224
2.16871e-05
0.00232277
2.20041e-05
0.00232313
2.23244e-05
0.00232349
2.26488e-05
0.00232385
2.29782e-05
0.00232421
2.33138e-05
0.00232456
2.36568e-05
0.00232491
2.40085e-05
0.00232526
2.43707e-05
0.00232561
2.47453e-05
0.00232596
2.51345e-05
0.00232631
2.55411e-05
0.00232665
2.59682e-05
0.002327
2.64196e-05
0.00232734
2.68999e-05
0.00232769
2.74146e-05
0.00232803
2.79703e-05
0.00232838
2.85744e-05
0.00232874
2.92361e-05
2.99626e-05
0.00236621
2.64707e-06
0.00236634
2.75505e-06
0.00236647
2.86746e-06
0.00236661
2.98447e-06
0.00236676
3.10622e-06
0.00236691
3.23289e-06
0.00236707
3.36462e-06
0.00236724
3.50158e-06
0.00236741
3.64392e-06
0.00236759
3.7918e-06
0.00236777
3.94538e-06
0.00236797
4.1048e-06
0.00236817
4.27021e-06
0.00236838
4.44176e-06
0.00236859
4.61956e-06
0.00236882
4.80375e-06
0.00236905
4.99444e-06
0.00236929
5.19173e-06
0.00236955
5.39572e-06
0.0023698
5.60647e-06
0.00237007
5.82404e-06
0.00237035
6.04849e-06
0.00237064
6.27982e-06
0.00237094
6.51804e-06
0.00237124
6.76312e-06
0.00237156
7.01502e-06
0.00237188
7.27367e-06
0.00237222
7.53896e-06
0.00237256
7.81077e-06
0.00237291
8.08894e-06
0.00237328
8.37329e-06
0.00237365
8.6636e-06
0.00237403
8.95962e-06
0.00237441
9.2611e-06
0.00237481
9.56772e-06
0.00237521
9.87917e-06
0.00237562
1.01951e-05
0.00237604
1.05151e-05
0.00237646
1.08389e-05
0.00237689
1.1166e-05
0.00237732
1.14959e-05
0.00237776
1.18284e-05
0.0023782
1.21629e-05
0.00237864
1.24991e-05
0.00237909
1.28364e-05
0.00237953
1.31746e-05
0.00237998
1.35133e-05
0.00238043
1.38519e-05
0.00238088
1.41903e-05
0.00238133
1.45281e-05
0.00238178
1.4865e-05
0.00238223
1.52007e-05
0.00238268
1.55351e-05
0.00238312
1.58678e-05
0.00238356
1.61989e-05
0.002384
1.65282e-05
0.00238443
1.68556e-05
0.00238486
1.71811e-05
0.00238529
1.75047e-05
0.00238571
1.78265e-05
0.00238613
1.81466e-05
0.00238655
1.84651e-05
0.00238696
1.87822e-05
0.00238737
1.90981e-05
0.00238777
1.94131e-05
0.00238817
1.97274e-05
0.00238857
2.00415e-05
0.00238896
2.03558e-05
0.00238935
2.06706e-05
0.00238974
2.09865e-05
0.00239012
2.13041e-05
0.0023905
2.1624e-05
0.00239088
2.1947e-05
0.00239125
2.22739e-05
0.00239162
2.26057e-05
0.00239199
2.29434e-05
0.00239236
2.32882e-05
0.00239273
2.36416e-05
0.0023931
2.40053e-05
0.00239346
2.43812e-05
0.00239382
2.47715e-05
0.00239418
2.51789e-05
0.00239455
2.56066e-05
0.00239491
2.60582e-05
0.00239527
2.65382e-05
0.00239563
2.7052e-05
0.002396
2.76057e-05
0.00239636
2.82067e-05
0.00239674
2.88632e-05
2.95823e-05
0.00243599
2.5257e-06
0.00243612
2.62868e-06
0.00243625
2.7359e-06
0.00243639
2.84752e-06
0.00243653
2.96367e-06
0.00243668
3.08453e-06
0.00243683
3.21024e-06
0.002437
3.34096e-06
0.00243716
3.47685e-06
0.00243734
3.61805e-06
0.00243752
3.76474e-06
0.0024377
3.91704e-06
0.0024379
4.07512e-06
0.0024381
4.23911e-06
0.00243831
4.40915e-06
0.00243853
4.58537e-06
0.00243876
4.76788e-06
0.00243899
4.95682e-06
0.00243924
5.15226e-06
0.00243949
5.3543e-06
0.00243975
5.56302e-06
0.00244002
5.77847e-06
0.0024403
6.00069e-06
0.00244059
6.22971e-06
0.00244088
6.46553e-06
0.00244119
6.70813e-06
0.00244151
6.95745e-06
0.00244183
7.21345e-06
0.00244217
7.47602e-06
0.00244251
7.74504e-06
0.00244286
8.02036e-06
0.00244323
8.30182e-06
0.0024436
8.5892e-06
0.00244398
8.88227e-06
0.00244436
9.18079e-06
0.00244476
9.48446e-06
0.00244516
9.79298e-06
0.00244557
1.0106e-05
0.00244598
1.04232e-05
0.00244641
1.07442e-05
0.00244683
1.10686e-05
0.00244727
1.1396e-05
0.0024477
1.1726e-05
0.00244814
1.20583e-05
0.00244859
1.23923e-05
0.00244903
1.27278e-05
0.00244948
1.30642e-05
0.00244993
1.34013e-05
0.00245039
1.37387e-05
0.00245084
1.4076e-05
0.00245129
1.4413e-05
0.00245174
1.47493e-05
0.00245219
1.50847e-05
0.00245264
1.54189e-05
0.00245309
1.57519e-05
0.00245353
1.60834e-05
0.00245397
1.64133e-05
0.00245441
1.67416e-05
0.00245485
1.70682e-05
0.00245528
1.73932e-05
0.00245571
1.77166e-05
0.00245614
1.80386e-05
0.00245656
1.83592e-05
0.00245698
1.86786e-05
0.0024574
1.8997e-05
0.00245781
1.93149e-05
0.00245822
1.96323e-05
0.00245863
1.99498e-05
0.00245903
2.02678e-05
0.00245943
2.05868e-05
0.00245983
2.09072e-05
0.00246022
2.12299e-05
0.00246061
2.15554e-05
0.002461
2.18846e-05
0.00246139
2.22185e-05
0.00246177
2.25581e-05
0.00246216
2.29046e-05
0.00246254
2.32596e-05
0.00246292
2.36246e-05
0.0024633
2.40015e-05
0.00246368
2.43926e-05
0.00246406
2.48006e-05
0.00246444
2.52284e-05
0.00246481
2.56798e-05
0.00246519
2.61591e-05
0.00246557
2.66714e-05
0.00246596
2.72226e-05
0.00246634
2.78197e-05
0.00246674
2.84704e-05
2.91814e-05
0.00250784
2.40764e-06
0.00250796
2.5058e-06
0.00250809
2.60801e-06
0.00250823
2.71442e-06
0.00250836
2.82518e-06
0.00250851
2.94043e-06
0.00250866
3.06033e-06
0.00250881
3.18503e-06
0.00250898
3.31468e-06
0.00250915
3.44944e-06
0.00250932
3.58946e-06
0.0025095
3.73488e-06
0.00250969
3.88587e-06
0.00250989
4.04255e-06
0.00251009
4.20507e-06
0.0025103
4.37356e-06
0.00251052
4.54816e-06
0.00251075
4.72897e-06
0.00251099
4.91611e-06
0.00251123
5.10967e-06
0.00251149
5.30975e-06
0.00251175
5.51641e-06
0.00251202
5.72972e-06
0.0025123
5.94972e-06
0.00251259
6.17642e-06
0.00251289
6.40983e-06
0.00251319
6.64994e-06
0.00251351
6.89671e-06
0.00251384
7.15007e-06
0.00251417
7.40993e-06
0.00251452
7.67619e-06
0.00251487
7.9487e-06
0.00251523
8.22729e-06
0.0025156
8.51178e-06
0.00251598
8.80194e-06
0.00251637
9.09754e-06
0.00251676
9.39829e-06
0.00251716
9.70392e-06
0.00251757
1.00141e-05
0.00251799
1.03285e-05
0.00251841
1.06467e-05
0.00251884
1.09685e-05
0.00251927
1.12934e-05
0.00251971
1.1621e-05
0.00252015
1.19509e-05
0.00252059
1.22828e-05
0.00252104
1.26163e-05
0.00252149
1.2951e-05
0.00252194
1.32865e-05
0.0025224
1.36225e-05
0.00252285
1.39586e-05
0.00252331
1.42946e-05
0.00252376
1.46302e-05
0.00252422
1.49651e-05
0.00252467
1.52991e-05
0.00252512
1.5632e-05
0.00252557
1.59637e-05
0.00252602
1.6294e-05
0.00252646
1.6623e-05
0.00252691
1.69506e-05
0.00252735
1.72767e-05
0.00252778
1.76015e-05
0.00252822
1.7925e-05
0.00252865
1.82475e-05
0.00252908
1.8569e-05
0.0025295
1.88898e-05
0.00252992
1.92103e-05
0.00253034
1.95308e-05
0.00253076
1.98516e-05
0.00253117
2.01733e-05
0.00253158
2.04963e-05
0.00253199
2.08214e-05
0.0025324
2.11492e-05
0.0025328
2.14805e-05
0.0025332
2.18163e-05
0.0025336
2.21576e-05
0.002534
2.25057e-05
0.0025344
2.28619e-05
0.0025348
2.3228e-05
0.00253519
2.36057e-05
0.00253559
2.39973e-05
0.00253598
2.44054e-05
0.00253638
2.48331e-05
0.00253677
2.52839e-05
0.00253717
2.57619e-05
0.00253757
2.62721e-05
0.00253797
2.68202e-05
0.00253838
2.74127e-05
0.00253879
2.8057e-05
2.87593e-05
0.00258181
2.29291e-06
0.00258193
2.38641e-06
0.00258205
2.48378e-06
0.00258218
2.58516e-06
0.00258232
2.6907e-06
0.00258246
2.80054e-06
0.0025826
2.91482e-06
0.00258275
3.0337e-06
0.00258291
3.15734e-06
0.00258307
3.28586e-06
0.00258325
3.41944e-06
0.00258342
3.55822e-06
0.00258361
3.70233e-06
0.0025838
3.85194e-06
0.00258399
4.00718e-06
0.0025842
4.16818e-06
0.00258441
4.33508e-06
0.00258463
4.508e-06
0.00258486
4.68706e-06
0.0025851
4.87237e-06
0.00258535
5.06402e-06
0.0025856
5.2621e-06
0.00258586
5.46668e-06
0.00258613
5.67782e-06
0.00258642
5.89556e-06
0.00258671
6.11993e-06
0.002587
6.35093e-06
0.00258731
6.58854e-06
0.00258763
6.83274e-06
0.00258796
7.08346e-06
0.00258829
7.34063e-06
0.00258864
7.60412e-06
0.00258899
7.87382e-06
0.00258935
8.14957e-06
0.00258972
8.43118e-06
0.0025901
8.71844e-06
0.00259049
9.01113e-06
0.00259088
9.30898e-06
0.00259129
9.61172e-06
0.0025917
9.91904e-06
0.00259211
1.02306e-05
0.00259253
1.05461e-05
0.00259296
1.08652e-05
0.0025934
1.11875e-05
0.00259383
1.15127e-05
0.00259428
1.18403e-05
0.00259472
1.217e-05
0.00259517
1.25015e-05
0.00259562
1.28343e-05
0.00259608
1.31681e-05
0.00259654
1.35026e-05
0.00259699
1.38374e-05
0.00259745
1.41723e-05
0.00259791
1.4507e-05
0.00259837
1.48412e-05
0.00259882
1.51747e-05
0.00259928
1.55074e-05
0.00259973
1.5839e-05
0.00260019
1.61696e-05
0.00260064
1.6499e-05
0.00260109
1.68272e-05
0.00260154
1.71542e-05
0.00260198
1.74802e-05
0.00260242
1.78051e-05
0.00260286
1.81292e-05
0.0026033
1.84526e-05
0.00260374
1.87756e-05
0.00260417
1.90986e-05
0.0026046
1.94219e-05
0.00260502
1.9746e-05
0.00260545
2.00713e-05
0.00260587
2.03986e-05
0.00260629
2.07284e-05
0.00260671
2.10615e-05
0.00260713
2.13989e-05
0.00260755
2.17417e-05
0.00260796
2.2091e-05
0.00260837
2.24483e-05
0.00260879
2.2815e-05
0.0026092
2.31933e-05
0.00260961
2.35851e-05
0.00261002
2.3993e-05
0.00261044
2.44201e-05
0.00261085
2.48697e-05
0.00261127
2.5346e-05
0.00261169
2.58536e-05
0.00261211
2.63979e-05
0.00261254
2.69852e-05
0.00261297
2.76224e-05
2.83153e-05
0.00265796
2.18148e-06
0.00265808
2.27048e-06
0.0026582
2.36318e-06
0.00265832
2.45971e-06
0.00265846
2.5602e-06
0.00265859
2.66481e-06
0.00265873
2.77367e-06
0.00265888
2.88693e-06
0.00265903
3.00474e-06
0.00265919
3.12724e-06
0.00265936
3.25459e-06
0.00265953
3.38692e-06
0.0026597
3.52439e-06
0.00265989
3.66714e-06
0.00266008
3.81532e-06
0.00266028
3.96905e-06
0.00266049
4.12848e-06
0.0026607
4.29373e-06
0.00266092
4.46493e-06
0.00266115
4.64219e-06
0.00266139
4.82562e-06
0.00266164
5.01531e-06
0.00266189
5.21135e-06
0.00266216
5.41381e-06
0.00266243
5.62274e-06
0.00266271
5.8382e-06
0.002663
6.0602e-06
0.0026633
6.28876e-06
0.00266361
6.52386e-06
0.00266393
6.76547e-06
0.00266426
7.01353e-06
0.00266459
7.26797e-06
0.00266494
7.5287e-06
0.00266529
7.79557e-06
0.00266565
8.06846e-06
0.00266603
8.34717e-06
0.00266641
8.63153e-06
0.00266679
8.92129e-06
0.00266719
9.21622e-06
0.00266759
9.51605e-06
0.002668
9.8205e-06
0.00266842
1.01293e-05
0.00266884
1.0442e-05
0.00266927
1.07584e-05
0.00266971
1.10781e-05
0.00267015
1.14007e-05
0.00267059
1.17259e-05
0.00267104
1.20533e-05
0.00267149
1.23826e-05
0.00267194
1.27135e-05
0.0026724
1.30454e-05
0.00267286
1.33783e-05
0.00267332
1.37116e-05
0.00267378
1.40452e-05
0.00267425
1.43788e-05
0.00267471
1.47121e-05
0.00267517
1.5045e-05
0.00267563
1.53772e-05
0.00267609
1.57086e-05
0.00267655
1.60391e-05
0.00267701
1.63687e-05
0.00267747
1.66973e-05
0.00267792
1.7025e-05
0.00267838
1.73518e-05
0.00267883
1.76778e-05
0.00267928
1.80033e-05
0.00267972
1.83285e-05
0.00268017
1.86535e-05
0.00268061
1.89789e-05
0.00268105
1.93049e-05
0.00268149
1.96322e-05
0.00268193
1.99612e-05
0.00268237
2.02926e-05
0.0026828
2.06273e-05
0.00268323
2.09661e-05
0.00268367
2.131e-05
0.0026841
2.16602e-05
0.00268453
2.20182e-05
0.00268496
2.23854e-05
0.00268539
2.27637e-05
0.00268581
2.31553e-05
0.00268625
2.35627e-05
0.00268668
2.39887e-05
0.00268711
2.44368e-05
0.00268754
2.49107e-05
0.00268798
2.5415e-05
0.00268843
2.5955e-05
0.00268888
2.65363e-05
0.00268933
2.71657e-05
2.78486e-05
0.00273637
2.07336e-06
0.00273648
2.15801e-06
0.0027366
2.24619e-06
0.00273672
2.33802e-06
0.00273684
2.43364e-06
0.00273698
2.53319e-06
0.00273711
2.6368e-06
0.00273726
2.74463e-06
0.0027374
2.8568e-06
0.00273756
2.97347e-06
0.00273772
3.09479e-06
0.00273788
3.22089e-06
0.00273806
3.35192e-06
0.00273823
3.48802e-06
0.00273842
3.62935e-06
0.00273861
3.77603e-06
0.00273881
3.9282e-06
0.00273902
4.086e-06
0.00273924
4.24954e-06
0.00273946
4.41896e-06
0.00273969
4.59437e-06
0.00273993
4.77586e-06
0.00274018
4.96354e-06
0.00274043
5.15748e-06
0.0027407
5.35777e-06
0.00274097
5.56445e-06
0.00274126
5.77757e-06
0.00274155
5.99717e-06
0.00274185
6.22324e-06
0.00274216
6.45578e-06
0.00274248
6.69476e-06
0.0027428
6.94013e-06
0.00274314
7.19181e-06
0.00274349
7.44973e-06
0.00274384
7.71374e-06
0.00274421
7.98373e-06
0.00274458
8.25952e-06
0.00274496
8.54091e-06
0.00274535
8.82771e-06
0.00274574
9.11968e-06
0.00274615
9.41656e-06
0.00274656
9.71807e-06
0.00274698
1.00239e-05
0.0027474
1.03338e-05
0.00274783
1.06474e-05
0.00274827
1.09644e-05
0.00274871
1.12844e-05
0.00274916
1.16071e-05
0.00274961
1.19321e-05
0.00275006
1.22592e-05
0.00275052
1.25878e-05
0.00275098
1.29178e-05
0.00275144
1.32488e-05
0.00275191
1.35805e-05
0.00275237
1.39126e-05
0.00275284
1.42449e-05
0.00275331
1.45771e-05
0.00275377
1.4909e-05
0.00275424
1.52405e-05
0.00275471
1.55714e-05
0.00275518
1.59016e-05
0.00275564
1.62311e-05
0.00275611
1.65598e-05
0.00275657
1.68879e-05
0.00275704
1.72153e-05
0.0027575
1.75423e-05
0.00275796
1.7869e-05
0.00275841
1.81956e-05
0.00275887
1.85225e-05
0.00275933
1.88501e-05
0.00275978
1.91788e-05
0.00276023
1.95092e-05
0.00276068
1.9842e-05
0.00276113
2.01777e-05
0.00276158
2.05175e-05
0.00276203
2.08622e-05
0.00276247
2.1213e-05
0.00276292
2.15712e-05
0.00276337
2.19385e-05
0.00276382
2.23166e-05
0.00276426
2.27076e-05
0.00276471
2.3114e-05
0.00276516
2.35385e-05
0.00276561
2.39843e-05
0.00276607
2.44554e-05
0.00276653
2.49559e-05
0.00276699
2.54907e-05
0.00276746
2.60655e-05
0.00276794
2.66864e-05
2.73587e-05
0.00281709
1.96852e-06
0.0028172
2.04896e-06
0.00281731
2.13277e-06
0.00281743
2.22006e-06
0.00281755
2.31096e-06
0.00281768
2.40562e-06
0.00281781
2.50416e-06
0.00281795
2.60672e-06
0.00281809
2.71345e-06
0.00281824
2.82447e-06
0.0028184
2.93995e-06
0.00281856
3.06e-06
0.00281872
3.18479e-06
0.0028189
3.31445e-06
0.00281908
3.44913e-06
0.00281927
3.58896e-06
0.00281946
3.73407e-06
0.00281966
3.88462e-06
0.00281987
4.04071e-06
0.00282009
4.20249e-06
0.00282031
4.37006e-06
0.00282054
4.54354e-06
0.00282078
4.72304e-06
0.00282103
4.90864e-06
0.00282129
5.10043e-06
0.00282156
5.29848e-06
0.00282183
5.50285e-06
0.00282211
5.71358e-06
0.00282241
5.9307e-06
0.00282271
6.15423e-06
0.00282302
6.38415e-06
0.00282334
6.62044e-06
0.00282367
6.86306e-06
0.00282401
7.11193e-06
0.00282435
7.36697e-06
0.00282471
7.62808e-06
0.00282507
7.8951e-06
0.00282545
8.16789e-06
0.00282583
8.44627e-06
0.00282622
8.73004e-06
0.00282661
9.01897e-06
0.00282702
9.31281e-06
0.00282743
9.61131e-06
0.00282785
9.91418e-06
0.00282828
1.02211e-05
0.00282871
1.05318e-05
0.00282915
1.0846e-05
0.00282959
1.11632e-05
0.00283004
1.14833e-05
0.00283049
1.18058e-05
0.00283095
1.21303e-05
0.00283141
1.24567e-05
0.00283188
1.27845e-05
0.00283234
1.31135e-05
0.00283281
1.34433e-05
0.00283329
1.37736e-05
0.00283376
1.41043e-05
0.00283423
1.44352e-05
0.00283471
1.47659e-05
0.00283518
1.50963e-05
0.00283566
1.54264e-05
0.00283613
1.57561e-05
0.00283661
1.60852e-05
0.00283708
1.64138e-05
0.00283755
1.6742e-05
0.00283803
1.70698e-05
0.0028385
1.73974e-05
0.00283897
1.7725e-05
0.00283944
1.8053e-05
0.00283991
1.83816e-05
0.00284037
1.87113e-05
0.00284084
1.90426e-05
0.00284131
1.93762e-05
0.00284177
1.97127e-05
0.00284224
2.00529e-05
0.0028427
2.0398e-05
0.00284316
2.0749e-05
0.00284363
2.11071e-05
0.00284409
2.14741e-05
0.00284456
2.18515e-05
0.00284502
2.22414e-05
0.00284549
2.26463e-05
0.00284596
2.30687e-05
0.00284643
2.35119e-05
0.00284691
2.39794e-05
0.00284739
2.44754e-05
0.00284788
2.50045e-05
0.00284837
2.5572e-05
0.00284887
2.61838e-05
2.68447e-05
0.0029002
1.86691e-06
0.0029003
1.94329e-06
0.00290041
2.02287e-06
0.00290053
2.10577e-06
0.00290065
2.19212e-06
0.00290077
2.28204e-06
0.0029009
2.37567e-06
0.00290103
2.47314e-06
0.00290117
2.57458e-06
0.00290132
2.68014e-06
0.00290147
2.78995e-06
0.00290162
2.90416e-06
0.00290178
3.02289e-06
0.00290195
3.1463e-06
0.00290213
3.27452e-06
0.00290231
3.40769e-06
0.0029025
3.54595e-06
0.00290269
3.68943e-06
0.00290289
3.83827e-06
0.0029031
3.9926e-06
0.00290332
4.15252e-06
0.00290355
4.31818e-06
0.00290378
4.48966e-06
0.00290402
4.66708e-06
0.00290427
4.85053e-06
0.00290453
5.04008e-06
0.0029048
5.23582e-06
0.00290507
5.4378e-06
0.00290536
5.64606e-06
0.00290565
5.86064e-06
0.00290595
6.08155e-06
0.00290626
6.30877e-06
0.00290659
6.5423e-06
0.00290692
6.78209e-06
0.00290725
7.02807e-06
0.0029076
7.28016e-06
0.00290796
7.53826e-06
0.00290832
7.80224e-06
0.0029087
8.07195e-06
0.00290908
8.34722e-06
0.00290947
8.62785e-06
0.00290987
8.91364e-06
0.00291028
9.20434e-06
0.00291069
9.4997e-06
0.00291112
9.79946e-06
0.00291154
1.01033e-05
0.00291198
1.0411e-05
0.00291242
1.07222e-05
0.00291287
1.10365e-05
0.00291332
1.13537e-05
0.00291378
1.16734e-05
0.00291424
1.19954e-05
0.0029147
1.23192e-05
0.00291517
1.26446e-05
0.00291564
1.29713e-05
0.00291612
1.32989e-05
0.00291659
1.36273e-05
0.00291707
1.39562e-05
0.00291755
1.42853e-05
0.00291804
1.46146e-05
0.00291852
1.49437e-05
0.002919
1.52727e-05
0.00291949
1.56015e-05
0.00291997
1.59299e-05
0.00292045
1.62581e-05
0.00292094
1.65861e-05
0.00292142
1.6914e-05
0.0029219
1.7242e-05
0.00292239
1.75704e-05
0.00292287
1.78994e-05
0.00292335
1.82296e-05
0.00292383
1.85613e-05
0.00292431
1.88952e-05
0.00292479
1.92319e-05
0.00292527
1.95723e-05
0.00292575
1.99172e-05
0.00292624
2.02679e-05
0.00292672
2.06255e-05
0.0029272
2.09916e-05
0.00292768
2.13678e-05
0.00292817
2.17562e-05
0.00292866
2.2159e-05
0.00292915
2.25788e-05
0.00292964
2.30187e-05
0.00293014
2.34821e-05
0.00293064
2.3973e-05
0.00293115
2.44957e-05
0.00293166
2.50552e-05
0.00293219
2.56571e-05
2.6306e-05
0.00298577
1.76851e-06
0.00298587
1.84096e-06
0.00298598
1.91644e-06
0.00298609
1.99509e-06
0.0029862
2.07703e-06
0.00298632
2.16237e-06
0.00298645
2.25125e-06
0.00298658
2.34378e-06
0.00298671
2.44012e-06
0.00298685
2.54038e-06
0.002987
2.6447e-06
0.00298715
2.75323e-06
0.0029873
2.86609e-06
0.00298747
2.98343e-06
0.00298763
3.10538e-06
0.00298781
3.23208e-06
0.00298799
3.36367e-06
0.00298818
3.50028e-06
0.00298838
3.64205e-06
0.00298858
3.7891e-06
0.00298879
3.94157e-06
0.00298901
4.09957e-06
0.00298924
4.26321e-06
0.00298947
4.43261e-06
0.00298971
4.60787e-06
0.00298997
4.78908e-06
0.00299023
4.97631e-06
0.00299049
5.16965e-06
0.00299077
5.36915e-06
0.00299106
5.57485e-06
0.00299135
5.78679e-06
0.00299165
6.00498e-06
0.00299197
6.22941e-06
0.00299229
6.46008e-06
0.00299262
6.69693e-06
0.00299296
6.93992e-06
0.00299331
7.18895e-06
0.00299367
7.44394e-06
0.00299404
7.70476e-06
0.00299441
7.97127e-06
0.0029948
8.24331e-06
0.00299519
8.52068e-06
0.00299559
8.80319e-06
0.002996
9.0906e-06
0.00299642
9.38268e-06
0.00299684
9.67917e-06
0.00299727
9.97979e-06
0.00299771
1.02842e-05
0.00299815
1.05922e-05
0.0029986
1.09035e-05
0.00299906
1.12176e-05
0.00299952
1.15344e-05
0.00299999
1.18534e-05
0.00300046
1.21745e-05
0.00300093
1.24972e-05
0.00300141
1.28213e-05
0.00300189
1.31466e-05
0.00300237
1.34727e-05
0.00300286
1.37994e-05
0.00300335
1.41266e-05
0.00300384
1.4454e-05
0.00300433
1.47815e-05
0.00300482
1.51091e-05
0.00300531
1.54366e-05
0.00300581
1.57641e-05
0.0030063
1.60915e-05
0.0030068
1.6419e-05
0.00300729
1.67467e-05
0.00300779
1.70749e-05
0.00300828
1.74038e-05
0.00300878
1.77338e-05
0.00300928
1.80653e-05
0.00300977
1.8399e-05
0.00301027
1.87353e-05
0.00301076
1.90752e-05
0.00301126
1.94196e-05
0.00301176
1.97694e-05
0.00301226
2.0126e-05
0.00301276
2.04907e-05
0.00301326
2.08653e-05
0.00301377
2.12515e-05
0.00301428
2.16517e-05
0.00301479
2.20683e-05
0.0030153
2.25043e-05
0.00301582
2.29629e-05
0.00301635
2.34479e-05
0.00301688
2.39635e-05
0.00301742
2.45144e-05
0.00301797
2.51057e-05
2.57418e-05
0.00307387
1.67326e-06
0.00307397
1.7419e-06
0.00307407
1.81343e-06
0.00307418
1.88797e-06
0.00307429
1.96563e-06
0.00307441
2.04654e-06
0.00307453
2.13081e-06
0.00307465
2.21857e-06
0.00307478
2.30995e-06
0.00307492
2.40508e-06
0.00307506
2.50408e-06
0.0030752
2.6071e-06
0.00307536
2.71426e-06
0.00307551
2.8257e-06
0.00307568
2.94156e-06
0.00307585
3.06197e-06
0.00307602
3.18707e-06
0.00307621
3.31699e-06
0.0030764
3.45187e-06
0.0030766
3.59183e-06
0.0030768
3.73701e-06
0.00307701
3.88753e-06
0.00307723
4.0435e-06
0.00307746
4.20504e-06
0.00307769
4.37226e-06
0.00307794
4.54526e-06
0.00307819
4.72412e-06
0.00307845
4.90893e-06
0.00307872
5.09976e-06
0.003079
5.29667e-06
0.00307929
5.4997e-06
0.00307958
5.70889e-06
0.00307989
5.92425e-06
0.0030802
6.14577e-06
0.00308053
6.37346e-06
0.00308086
6.60726e-06
0.0030812
6.84712e-06
0.00308155
7.09297e-06
0.00308191
7.34471e-06
0.00308228
7.60223e-06
0.00308266
7.86539e-06
0.00308304
8.13404e-06
0.00308344
8.408e-06
0.00308384
8.68706e-06
0.00308425
8.97102e-06
0.00308467
9.25963e-06
0.0030851
9.55265e-06
0.00308554
9.84982e-06
0.00308598
1.01508e-05
0.00308643
1.04555e-05
0.00308688
1.07633e-05
0.00308734
1.10742e-05
0.00308781
1.13877e-05
0.00308828
1.17036e-05
0.00308875
1.20216e-05
0.00308923
1.23413e-05
0.00308972
1.26626e-05
0.0030902
1.29851e-05
0.00309069
1.33086e-05
0.00309119
1.36328e-05
0.00309168
1.39577e-05
0.00309218
1.4283e-05
0.00309268
1.46085e-05
0.00309319
1.49343e-05
0.00309369
1.52603e-05
0.00309419
1.55864e-05
0.0030947
1.59128e-05
0.00309521
1.62395e-05
0.00309572
1.65668e-05
0.00309623
1.68948e-05
0.00309674
1.7224e-05
0.00309725
1.75547e-05
0.00309776
1.78875e-05
0.00309827
1.82229e-05
0.00309878
1.85618e-05
0.0030993
1.89049e-05
0.00309981
1.92534e-05
0.00310033
1.96083e-05
0.00310085
1.99711e-05
0.00310137
2.03433e-05
0.0031019
2.07269e-05
0.00310243
2.11239e-05
0.00310296
2.15367e-05
0.00310349
2.19681e-05
0.00310404
2.24212e-05
0.00310458
2.28996e-05
0.00310514
2.34074e-05
0.00310571
2.39488e-05
0.00310628
2.45288e-05
2.51515e-05
0.00316458
1.58111e-06
0.00316468
1.64606e-06
0.00316478
1.71376e-06
0.00316488
1.78432e-06
0.00316499
1.85784e-06
0.0031651
1.93445e-06
0.00316522
2.01426e-06
0.00316534
2.0974e-06
0.00316546
2.18397e-06
0.00316559
2.27412e-06
0.00316573
2.36796e-06
0.00316587
2.46563e-06
0.00316602
2.56726e-06
0.00316617
2.67298e-06
0.00316633
2.78292e-06
0.0031665
2.89721e-06
0.00316667
3.01599e-06
0.00316684
3.1394e-06
0.00316703
3.26756e-06
0.00316722
3.40061e-06
0.00316742
3.53867e-06
0.00316762
3.68187e-06
0.00316784
3.83033e-06
0.00316806
3.98417e-06
0.00316829
4.1435e-06
0.00316852
4.30842e-06
0.00316877
4.47904e-06
0.00316902
4.65545e-06
0.00316928
4.83771e-06
0.00316955
5.02591e-06
0.00316983
5.22011e-06
0.00317012
5.42034e-06
0.00317042
5.62664e-06
0.00317073
5.83903e-06
0.00317104
6.05752e-06
0.00317137
6.28207e-06
0.0031717
6.51267e-06
0.00317205
6.74925e-06
0.0031724
6.99176e-06
0.00317276
7.24009e-06
0.00317313
7.49414e-06
0.00317351
7.75378e-06
0.0031739
8.01886e-06
0.0031743
8.2892e-06
0.00317471
8.56462e-06
0.00317512
8.84491e-06
0.00317554
9.12984e-06
0.00317597
9.41917e-06
0.00317641
9.71265e-06
0.00317686
1.001e-05
0.00317731
1.0311e-05
0.00317777
1.06152e-05
0.00317824
1.09225e-05
0.00317871
1.12325e-05
0.00317918
1.15449e-05
0.00317966
1.18595e-05
0.00318015
1.2176e-05
0.00318064
1.2494e-05
0.00318114
1.28134e-05
0.00318164
1.31339e-05
0.00318214
1.34553e-05
0.00318264
1.37775e-05
0.00318315
1.41003e-05
0.00318366
1.44235e-05
0.00318418
1.47471e-05
0.00318469
1.50711e-05
0.00318521
1.53956e-05
0.00318573
1.57205e-05
0.00318625
1.60461e-05
0.00318677
1.63726e-05
0.00318729
1.67002e-05
0.00318782
1.70295e-05
0.00318835
1.73607e-05
0.00318888
1.76946e-05
0.00318941
1.80317e-05
0.00318994
1.8373e-05
0.00319047
1.87195e-05
0.00319101
1.90721e-05
0.00319155
1.94324e-05
0.00319209
1.98017e-05
0.00319263
2.01819e-05
0.00319318
2.0575e-05
0.00319374
2.09832e-05
0.00319429
2.14094e-05
0.00319486
2.18563e-05
0.00319543
2.23275e-05
0.00319601
2.28266e-05
0.0031966
2.33579e-05
0.00319721
2.39258e-05
2.45343e-05
0.00325798
1.49197e-06
0.00325807
1.55336e-06
0.00325817
1.61735e-06
0.00325827
1.68405e-06
0.00325837
1.75357e-06
0.00325848
1.82602e-06
0.00325859
1.90151e-06
0.00325871
1.98016e-06
0.00325883
2.06208e-06
0.00325896
2.1474e-06
0.00325909
2.23623e-06
0.00325923
2.32871e-06
0.00325937
2.42497e-06
0.00325952
2.52512e-06
0.00325967
2.6293e-06
0.00325983
2.73764e-06
0.00326
2.85028e-06
0.00326017
2.96733e-06
0.00326035
3.08894e-06
0.00326053
3.21524e-06
0.00326073
3.34635e-06
0.00326093
3.48239e-06
0.00326113
3.6235e-06
0.00326135
3.76979e-06
0.00326157
3.92138e-06
0.0032618
4.07837e-06
0.00326204
4.24088e-06
0.00326228
4.40899e-06
0.00326254
4.5828e-06
0.0032628
4.76239e-06
0.00326307
4.94782e-06
0.00326336
5.13915e-06
0.00326365
5.33643e-06
0.00326394
5.5397e-06
0.00326425
5.74897e-06
0.00326457
5.96423e-06
0.0032649
6.18549e-06
0.00326523
6.41271e-06
0.00326558
6.64584e-06
0.00326594
6.88481e-06
0.0032663
7.12954e-06
0.00326667
7.37992e-06
0.00326706
7.63583e-06
0.00326745
7.89712e-06
0.00326785
8.16363e-06
0.00326826
8.43517e-06
0.00326868
8.71155e-06
0.00326911
8.99254e-06
0.00326954
9.27792e-06
0.00326998
9.56743e-06
0.00327043
9.86082e-06
0.00327089
1.01578e-05
0.00327135
1.04581e-05
0.00327183
1.07615e-05
0.0032723
1.10677e-05
0.00327279
1.13763e-05
0.00327327
1.16871e-05
0.00327377
1.19999e-05
0.00327427
1.23144e-05
0.00327477
1.26303e-05
0.00327528
1.29474e-05
0.00327579
1.32656e-05
0.00327631
1.35847e-05
0.00327683
1.39045e-05
0.00327735
1.42249e-05
0.00327787
1.4546e-05
0.0032784
1.48677e-05
0.00327893
1.519e-05
0.00327946
1.55132e-05
0.00328
1.58373e-05
0.00328054
1.61627e-05
0.00328108
1.64897e-05
0.00328162
1.68187e-05
0.00328216
1.71502e-05
0.00328271
1.7485e-05
0.00328326
1.78238e-05
0.00328381
1.81675e-05
0.00328437
1.85172e-05
0.00328492
1.88742e-05
0.00328549
1.92399e-05
0.00328605
1.96161e-05
0.00328662
2.00046e-05
0.0032872
2.04076e-05
0.00328778
2.08277e-05
0.00328837
2.12677e-05
0.00328897
2.17308e-05
0.00328957
2.22206e-05
0.00329019
2.27409e-05
0.00329082
2.3296e-05
2.38895e-05
0.00335414
1.40579e-06
0.00335423
1.46372e-06
0.00335433
1.52412e-06
0.00335442
1.58709e-06
0.00335452
1.65273e-06
0.00335463
1.72115e-06
0.00335474
1.79245e-06
0.00335485
1.86674e-06
0.00335497
1.94415e-06
0.00335509
2.02478e-06
0.00335522
2.10876e-06
0.00335535
2.1962e-06
0.00335549
2.28723e-06
0.00335563
2.38197e-06
0.00335578
2.48055e-06
0.00335594
2.5831e-06
0.0033561
2.68975e-06
0.00335626
2.80062e-06
0.00335644
2.91584e-06
0.00335662
3.03554e-06
0.0033568
3.15986e-06
0.003357
3.28891e-06
0.0033572
3.42282e-06
0.0033574
3.56171e-06
0.00335762
3.7057e-06
0.00335784
3.8549e-06
0.00335808
4.00942e-06
0.00335832
4.16936e-06
0.00335856
4.33482e-06
0.00335882
4.50588e-06
0.00335908
4.68263e-06
0.00335936
4.86513e-06
0.00335964
5.05343e-06
0.00335993
5.24759e-06
0.00336024
5.44764e-06
0.00336055
5.6536e-06
0.00336087
5.86547e-06
0.0033612
6.08324e-06
0.00336153
6.30687e-06
0.00336188
6.53634e-06
0.00336224
6.77156e-06
0.00336261
7.01246e-06
0.00336299
7.25894e-06
0.00336337
7.51087e-06
0.00336377
7.76813e-06
0.00336417
8.03054e-06
0.00336459
8.29793e-06
0.00336501
8.57011e-06
0.00336544
8.84687e-06
0.00336588
9.12799e-06
0.00336633
9.41322e-06
0.00336678
9.70231e-06
0.00336724
9.99501e-06
0.00336771
1.02911e-05
0.00336819
1.05902e-05
0.00336868
1.08921e-05
0.00336917
1.11965e-05
0.00336966
1.15032e-05
0.00337017
1.18119e-05
0.00337067
1.21223e-05
0.00337119
1.24343e-05
0.00337171
1.27477e-05
0.00337223
1.30622e-05
0.00337275
1.33777e-05
0.00337329
1.36941e-05
0.00337382
1.40114e-05
0.00337436
1.43294e-05
0.0033749
1.46484e-05
0.00337544
1.49682e-05
0.00337599
1.52892e-05
0.00337654
1.56115e-05
0.0033771
1.59354e-05
0.00337766
1.62614e-05
0.00337822
1.65899e-05
0.00337878
1.69215e-05
0.00337935
1.7257e-05
0.00337992
1.75972e-05
0.00338049
1.79433e-05
0.00338107
1.82963e-05
0.00338165
1.86577e-05
0.00338224
1.9029e-05
0.00338283
1.94122e-05
0.00338343
1.98092e-05
0.00338403
2.02226e-05
0.00338465
2.06548e-05
0.00338527
2.11091e-05
0.0033859
2.15886e-05
0.00338654
2.20972e-05
0.0033872
2.26387e-05
2.32165e-05
0.00345316
1.32246e-06
0.00345324
1.37705e-06
0.00345333
1.43397e-06
0.00345343
1.49333e-06
0.00345352
1.55521e-06
0.00345363
1.61972e-06
0.00345373
1.68695e-06
0.00345384
1.75703e-06
0.00345396
1.83005e-06
0.00345407
1.90614e-06
0.0034542
1.98539e-06
0.00345433
2.06794e-06
0.00345446
2.15389e-06
0.0034546
2.24337e-06
0.00345474
2.33651e-06
0.00345489
2.43342e-06
0.00345505
2.53423e-06
0.00345521
2.63907e-06
0.00345538
2.74806e-06
0.00345555
2.86133e-06
0.00345573
2.979e-06
0.00345592
3.10121e-06
0.00345611
3.22807e-06
0.00345632
3.3597e-06
0.00345653
3.49624e-06
0.00345674
3.63778e-06
0.00345697
3.78444e-06
0.0034572
3.93633e-06
0.00345744
4.09355e-06
0.00345769
4.25618e-06
0.00345795
4.42433e-06
0.00345822
4.59806e-06
0.00345849
4.77744e-06
0.00345878
4.96253e-06
0.00345907
5.15338e-06
0.00345938
5.35001e-06
0.00345969
5.55245e-06
0.00346001
5.7607e-06
0.00346034
5.97475e-06
0.00346069
6.19457e-06
0.00346104
6.42013e-06
0.0034614
6.65135e-06
0.00346177
6.88816e-06
0.00346215
7.13047e-06
0.00346254
7.37815e-06
0.00346294
7.63108e-06
0.00346335
7.88909e-06
0.00346377
8.15203e-06
0.00346419
8.41969e-06
0.00346463
8.69189e-06
0.00346507
8.9684e-06
0.00346553
9.24899e-06
0.00346599
9.53342e-06
0.00346646
9.82144e-06
0.00346694
1.01128e-05
0.00346742
1.04072e-05
0.00346791
1.07045e-05
0.00346841
1.10043e-05
0.00346892
1.13064e-05
0.00346943
1.16105e-05
0.00346995
1.19165e-05
0.00347047
1.22241e-05
0.003471
1.25332e-05
0.00347153
1.28435e-05
0.00347207
1.3155e-05
0.00347262
1.34676e-05
0.00347316
1.37812e-05
0.00347372
1.40958e-05
0.00347427
1.44115e-05
0.00347483
1.47284e-05
0.0034754
1.50468e-05
0.00347597
1.53668e-05
0.00347654
1.56889e-05
0.00347712
1.60135e-05
0.0034777
1.63411e-05
0.00347828
1.66726e-05
0.00347887
1.70086e-05
0.00347946
1.73501e-05
0.00348006
1.76984e-05
0.00348066
1.80546e-05
0.00348127
1.84204e-05
0.00348189
1.87974e-05
0.00348251
1.91876e-05
0.00348314
1.95934e-05
0.00348378
2.00171e-05
0.00348442
2.04617e-05
0.00348508
2.09302e-05
0.00348575
2.14261e-05
0.00348644
2.19532e-05
2.25145e-05
0.0035551
1.24191e-06
0.00355519
1.29326e-06
0.00355527
1.34681e-06
0.00355537
1.40266e-06
0.00355546
1.46089e-06
0.00355556
1.52161e-06
0.00355566
1.58491e-06
0.00355577
1.65089e-06
0.00355588
1.71966e-06
0.00355599
1.79133e-06
0.00355611
1.866e-06
0.00355623
1.94378e-06
0.00355636
2.0248e-06
0.0035565
2.10917e-06
0.00355664
2.197e-06
0.00355678
2.28841e-06
0.00355693
2.38354e-06
0.00355709
2.48249e-06
0.00355725
2.5854e-06
0.00355742
2.69238e-06
0.0035576
2.80357e-06
0.00355778
2.91908e-06
0.00355797
3.03904e-06
0.00355816
3.16356e-06
0.00355837
3.29277e-06
0.00355858
3.42679e-06
0.0035588
3.56572e-06
0.00355902
3.70967e-06
0.00355926
3.85876e-06
0.0035595
4.01307e-06
0.00355975
4.1727e-06
0.00356001
4.33773e-06
0.00356028
4.50824e-06
0.00356056
4.6843e-06
0.00356085
4.86596e-06
0.00356115
5.05326e-06
0.00356145
5.24624e-06
0.00356177
5.44493e-06
0.00356209
5.64931e-06
0.00356243
5.85939e-06
0.00356277
6.07513e-06
0.00356313
6.29651e-06
0.00356349
6.52345e-06
0.00356387
6.75588e-06
0.00356425
6.99371e-06
0.00356465
7.23682e-06
0.00356505
7.48509e-06
0.00356546
7.73837e-06
0.00356589
7.9965e-06
0.00356632
8.25928e-06
0.00356676
8.52654e-06
0.00356721
8.79805e-06
0.00356767
9.0736e-06
0.00356814
9.35295e-06
0.00356862
9.63586e-06
0.0035691
9.92209e-06
0.0035696
1.02114e-05
0.0035701
1.05035e-05
0.0035706
1.07982e-05
0.00357112
1.10952e-05
0.00357164
1.13943e-05
0.00357217
1.16954e-05
0.00357271
1.19981e-05
0.00357325
1.23023e-05
0.00357379
1.2608e-05
0.00357435
1.29149e-05
0.0035749
1.32231e-05
0.00357547
1.35325e-05
0.00357604
1.38431e-05
0.00357661
1.41551e-05
0.00357719
1.44686e-05
0.00357777
1.47839e-05
0.00357836
1.51012e-05
0.00357895
1.5421e-05
0.00357955
1.57439e-05
0.00358015
1.60704e-05
0.00358076
1.64013e-05
0.00358137
1.67375e-05
0.00358199
1.70802e-05
0.00358261
1.74304e-05
0.00358324
1.77897e-05
0.00358388
1.81598e-05
0.00358453
1.85423e-05
0.00358518
1.89396e-05
0.00358584
1.93539e-05
0.00358652
1.9788e-05
0.0035872
2.02446e-05
0.0035879
2.07271e-05
0.00358862
2.12389e-05
2.17829e-05
0.00366007
1.16403e-06
0.00366015
1.21224e-06
0.00366024
1.26252e-06
0.00366032
1.31497e-06
0.00366042
1.36967e-06
0.00366051
1.42671e-06
0.00366061
1.48618e-06
0.00366071
1.54819e-06
0.00366082
1.61283e-06
0.00366093
1.6802e-06
0.00366105
1.75042e-06
0.00366117
1.82358e-06
0.00366129
1.89979e-06
0.00366142
1.97918e-06
0.00366156
2.06184e-06
0.0036617
2.14791e-06
0.00366184
2.23749e-06
0.00366199
2.3307e-06
0.00366215
2.42767e-06
0.00366232
2.52851e-06
0.00366249
2.63335e-06
0.00366266
2.7423e-06
0.00366285
2.8555e-06
0.00366304
2.97305e-06
0.00366323
3.09507e-06
0.00366344
3.22169e-06
0.00366365
3.35301e-06
0.00366387
3.48915e-06
0.0036641
3.63021e-06
0.00366434
3.77629e-06
0.00366458
3.92749e-06
0.00366484
4.0839e-06
0.0036651
4.24561e-06
0.00366537
4.41267e-06
0.00366565
4.58517e-06
0.00366594
4.76316e-06
0.00366624
4.94667e-06
0.00366655
5.13574e-06
0.00366687
5.33039e-06
0.0036672
5.53063e-06
0.00366754
5.73645e-06
0.00366789
5.94782e-06
0.00366825
6.1647e-06
0.00366861
6.38703e-06
0.00366899
6.61475e-06
0.00366938
6.84775e-06
0.00366978
7.08594e-06
0.00367019
7.32919e-06
0.00367061
7.57735e-06
0.00367104
7.83027e-06
0.00367148
8.08776e-06
0.00367193
8.34965e-06
0.00367238
8.61573e-06
0.00367285
8.88579e-06
0.00367333
9.1596e-06
0.00367381
9.43693e-06
0.00367431
9.71754e-06
0.00367481
1.00012e-05
0.00367532
1.02877e-05
0.00367584
1.05767e-05
0.00367636
1.08681e-05
0.0036769
1.11617e-05
0.00367744
1.14572e-05
0.00367799
1.17544e-05
0.00367854
1.20533e-05
0.0036791
1.23537e-05
0.00367967
1.26556e-05
0.00368024
1.29588e-05
0.00368082
1.32634e-05
0.00368141
1.35695e-05
0.003682
1.38773e-05
0.0036826
1.41868e-05
0.0036832
1.44985e-05
0.00368381
1.48126e-05
0.00368442
1.51297e-05
0.00368504
1.54504e-05
0.00368567
1.57753e-05
0.0036863
1.61053e-05
0.00368694
1.64414e-05
0.00368758
1.67848e-05
0.00368824
1.71368e-05
0.0036889
1.74989e-05
0.00368957
1.7873e-05
0.00369025
1.82609e-05
0.00369094
1.86649e-05
0.00369164
1.90874e-05
0.00369235
1.95313e-05
0.00369308
1.99995e-05
0.00369382
2.04951e-05
2.10211e-05
0.00376815
1.08871e-06
0.00376823
1.13388e-06
0.00376831
1.18099e-06
0.00376839
1.23014e-06
0.00376848
1.28141e-06
0.00376857
1.33488e-06
0.00376867
1.39064e-06
0.00376877
1.44879e-06
0.00376887
1.50941e-06
0.00376898
1.57261e-06
0.00376909
1.63849e-06
0.00376921
1.70715e-06
0.00376933
1.77869e-06
0.00376946
1.85322e-06
0.00376959
1.93086e-06
0.00376972
2.0117e-06
0.00376987
2.09587e-06
0.00377001
2.18348e-06
0.00377017
2.27465e-06
0.00377032
2.36949e-06
0.00377049
2.46812e-06
0.00377066
2.57065e-06
0.00377084
2.67722e-06
0.00377102
2.78792e-06
0.00377122
2.90289e-06
0.00377142
3.02224e-06
0.00377162
3.14607e-06
0.00377184
3.2745e-06
0.00377206
3.40764e-06
0.00377229
3.5456e-06
0.00377253
3.68846e-06
0.00377278
3.83632e-06
0.00377303
3.98928e-06
0.0037733
4.14741e-06
0.00377357
4.31078e-06
0.00377386
4.47946e-06
0.00377415
4.65349e-06
0.00377445
4.83293e-06
0.00377477
5.0178e-06
0.00377509
5.20812e-06
0.00377542
5.4039e-06
0.00377576
5.60513e-06
0.00377612
5.81178e-06
0.00377648
6.02381e-06
0.00377685
6.24118e-06
0.00377724
6.46381e-06
0.00377763
6.6916e-06
0.00377804
6.92447e-06
0.00377845
7.16227e-06
0.00377888
7.40489e-06
0.00377931
7.65215e-06
0.00377976
7.9039e-06
0.00378021
8.15996e-06
0.00378068
8.42012e-06
0.00378116
8.68418e-06
0.00378164
8.95194e-06
0.00378213
9.22316e-06
0.00378264
9.49762e-06
0.00378315
9.77509e-06
0.00378367
1.00554e-05
0.0037842
1.03382e-05
0.00378474
1.06234e-05
0.00378529
1.09108e-05
0.00378584
1.12001e-05
0.0037864
1.14913e-05
0.00378697
1.17842e-05
0.00378755
1.20788e-05
0.00378813
1.23749e-05
0.00378872
1.26725e-05
0.00378932
1.29718e-05
0.00378993
1.32728e-05
0.00379054
1.35756e-05
0.00379116
1.38806e-05
0.00379178
1.41881e-05
0.00379241
1.44985e-05
0.00379305
1.48124e-05
0.00379369
1.51304e-05
0.00379435
1.54532e-05
0.00379501
1.57819e-05
0.00379567
1.61174e-05
0.00379635
1.64612e-05
0.00379703
1.68145e-05
0.00379773
1.7179e-05
0.00379843
1.75566e-05
0.00379915
1.79494e-05
0.00379987
1.83596e-05
0.00380062
1.87898e-05
0.00380137
1.92427e-05
0.00380215
1.97213e-05
2.02283e-05
0.00387943
1.01584e-06
0.00387951
1.05805e-06
0.00387959
1.10209e-06
0.00387967
1.14804e-06
0.00387975
1.19598e-06
0.00387984
1.24598e-06
0.00387993
1.29813e-06
0.00388003
1.35252e-06
0.00388013
1.40925e-06
0.00388024
1.46839e-06
0.00388034
1.53005e-06
0.00388046
1.59432e-06
0.00388057
1.66131e-06
0.0038807
1.73112e-06
0.00388082
1.80385e-06
0.00388096
1.8796e-06
0.00388109
1.95849e-06
0.00388124
2.04063e-06
0.00388138
2.12612e-06
0.00388154
2.21509e-06
0.0038817
2.30764e-06
0.00388187
2.40389e-06
0.00388204
2.50395e-06
0.00388222
2.60794e-06
0.00388241
2.71598e-06
0.0038826
2.82817e-06
0.0038828
2.94463e-06
0.00388301
3.06547e-06
0.00388323
3.1908e-06
0.00388345
3.32072e-06
0.00388369
3.45532e-06
0.00388393
3.59472e-06
0.00388418
3.739e-06
0.00388444
3.88824e-06
0.0038847
4.04251e-06
0.00388498
4.2019e-06
0.00388527
4.36646e-06
0.00388557
4.53624e-06
0.00388587
4.71129e-06
0.00388619
4.89163e-06
0.00388652
5.07728e-06
0.00388685
5.26824e-06
0.0038872
5.46452e-06
0.00388756
5.66607e-06
0.00388793
5.87287e-06
0.0038883
6.08487e-06
0.00388869
6.30198e-06
0.00388909
6.52414e-06
0.00388951
6.75122e-06
0.00388993
6.98313e-06
0.00389036
7.21972e-06
0.0038908
7.46084e-06
0.00389126
7.70634e-06
0.00389172
7.95603e-06
0.0038922
8.20974e-06
0.00389268
8.46726e-06
0.00389317
8.72839e-06
0.00389368
8.99292e-06
0.00389419
9.26063e-06
0.00389472
9.53131e-06
0.00389525
9.80475e-06
0.00389579
1.00807e-05
0.00389635
1.03591e-05
0.00389691
1.06396e-05
0.00389748
1.09222e-05
0.00389805
1.12067e-05
0.00389864
1.14929e-05
0.00389923
1.17809e-05
0.00389983
1.20706e-05
0.00390044
1.2362e-05
0.00390106
1.26553e-05
0.00390169
1.29505e-05
0.00390232
1.32478e-05
0.00390296
1.35477e-05
0.00390361
1.38504e-05
0.00390426
1.41564e-05
0.00390493
1.44664e-05
0.0039056
1.47811e-05
0.00390628
1.51013e-05
0.00390697
1.54281e-05
0.00390767
1.57625e-05
0.00390838
1.6106e-05
0.0039091
1.64601e-05
0.00390983
1.68264e-05
0.00391057
1.7207e-05
0.00391132
1.76038e-05
0.0039121
1.80194e-05
0.00391288
1.84561e-05
0.00391369
1.89169e-05
1.9404e-05
0.00399401
9.45293e-07
0.00399408
9.84638e-07
0.00399416
1.02569e-06
0.00399424
1.06853e-06
0.00399432
1.11323e-06
0.00399441
1.15986e-06
0.0039945
1.2085e-06
0.00399459
1.25925e-06
0.00399469
1.31217e-06
0.00399479
1.36736e-06
0.0039949
1.42492e-06
0.003995
1.48492e-06
0.00399512
1.54747e-06
0.00399524
1.61267e-06
0.00399536
1.68061e-06
0.00399549
1.75139e-06
0.00399562
1.82512e-06
0.00399576
1.90191e-06
0.0039959
1.98186e-06
0.00399605
2.06507e-06
0.00399621
2.15167e-06
0.00399637
2.24175e-06
0.00399654
2.33544e-06
0.00399672
2.43284e-06
0.0039969
2.53406e-06
0.00399709
2.63921e-06
0.00399728
2.74841e-06
0.00399749
2.86177e-06
0.0039977
2.97938e-06
0.00399792
3.10136e-06
0.00399815
3.2278e-06
0.00399838
3.3588e-06
0.00399863
3.49446e-06
0.00399888
3.63486e-06
0.00399914
3.78009e-06
0.00399941
3.93021e-06
0.00399969
4.0853e-06
0.00399999
4.24541e-06
0.00400029
4.4106e-06
0.0040006
4.5809e-06
0.00400092
4.75634e-06
0.00400125
4.93693e-06
0.00400159
5.12269e-06
0.00400194
5.3136e-06
0.00400231
5.50964e-06
0.00400268
5.71077e-06
0.00400307
5.91694e-06
0.00400346
6.12808e-06
0.00400387
6.3441e-06
0.00400429
6.56492e-06
0.00400472
6.7904e-06
0.00400516
7.02044e-06
0.00400561
7.25487e-06
0.00400607
7.49356e-06
0.00400654
7.73632e-06
0.00400703
7.98297e-06
0.00400752
8.23334e-06
0.00400803
8.48722e-06
0.00400855
8.74442e-06
0.00400907
9.00473e-06
0.00400961
9.26795e-06
0.00401016
9.53388e-06
0.00401071
9.80234e-06
0.00401128
1.00732e-05
0.00401186
1.03462e-05
0.00401244
1.06212e-05
0.00401304
1.08982e-05
0.00401364
1.11771e-05
0.00401425
1.14578e-05
0.00401487
1.17404e-05
0.0040155
1.20248e-05
0.00401614
1.23113e-05
0.00401679
1.26e-05
0.00401745
1.28911e-05
0.00401811
1.31851e-05
0.00401879
1.34823e-05
0.00401947
1.37833e-05
0.00402016
1.40888e-05
0.00402086
1.43996e-05
0.00402158
1.47165e-05
0.0040223
1.50406e-05
0.00402303
1.53733e-05
0.00402377
1.57158e-05
0.00402453
1.60699e-05
0.0040253
1.64372e-05
0.00402608
1.68197e-05
0.00402688
1.72196e-05
0.0040277
1.76393e-05
0.00402854
1.80812e-05
1.85475e-05
0.00411199
8.76945e-07
0.00411206
9.13503e-07
0.00411213
9.51656e-07
0.00411221
9.91471e-07
0.00411229
1.03302e-06
0.00411237
1.07637e-06
0.00411246
1.1216e-06
0.00411255
1.16878e-06
0.00411264
1.21801e-06
0.00411274
1.26935e-06
0.00411284
1.3229e-06
0.00411295
1.37874e-06
0.00411306
1.43696e-06
0.00411317
1.49766e-06
0.00411329
1.56092e-06
0.00411342
1.62685e-06
0.00411355
1.69554e-06
0.00411368
1.76709e-06
0.00411382
1.84161e-06
0.00411397
1.91919e-06
0.00411412
1.99995e-06
0.00411428
2.08399e-06
0.00411444
2.17142e-06
0.00411461
2.26233e-06
0.00411479
2.35685e-06
0.00411497
2.45508e-06
0.00411517
2.55713e-06
0.00411536
2.6631e-06
0.00411557
2.77309e-06
0.00411579
2.88722e-06
0.00411601
3.00557e-06
0.00411624
3.12826e-06
0.00411648
3.25536e-06
0.00411672
3.38698e-06
0.00411698
3.52319e-06
0.00411725
3.66407e-06
0.00411752
3.8097e-06
0.00411781
3.96013e-06
0.0041181
4.11543e-06
0.00411841
4.27564e-06
0.00411872
4.4408e-06
0.00411905
4.61093e-06
0.00411939
4.78605e-06
0.00411973
4.96616e-06
0.00412009
5.15125e-06
0.00412046
5.3413e-06
0.00412084
5.53627e-06
0.00412124
5.73611e-06
0.00412164
5.94075e-06
0.00412205
6.15012e-06
0.00412248
6.36411e-06
0.00412292
6.58261e-06
0.00412337
6.8055e-06
0.00412383
7.03265e-06
0.0041243
7.2639e-06
0.00412478
7.49908e-06
0.00412528
7.73804e-06
0.00412579
7.98059e-06
0.0041263
8.22654e-06
0.00412683
8.47571e-06
0.00412737
8.7279e-06
0.00412792
8.98293e-06
0.00412849
9.24062e-06
0.00412906
9.5008e-06
0.00412964
9.76331e-06
0.00413023
1.0028e-05
0.00413084
1.02948e-05
0.00413145
1.05636e-05
0.00413207
1.08343e-05
0.00413271
1.11069e-05
0.00413335
1.13816e-05
0.004134
1.16583e-05
0.00413467
1.19372e-05
0.00413534
1.22186e-05
0.00413602
1.25027e-05
0.00413671
1.279e-05
0.00413742
1.30809e-05
0.00413813
1.33761e-05
0.00413885
1.36763e-05
0.00413959
1.39823e-05
0.00414033
1.42951e-05
0.00414109
1.46158e-05
0.00414186
1.49458e-05
0.00414264
1.52865e-05
0.00414344
1.56395e-05
0.00414425
1.60067e-05
0.00414508
1.639e-05
0.00414593
1.67915e-05
0.0041468
1.72136e-05
1.76583e-05
0.00423346
8.10658e-07
0.00423353
8.44505e-07
0.0042336
8.79832e-07
0.00423367
9.16702e-07
0.00423375
9.55181e-07
0.00423383
9.95337e-07
0.00423392
1.03724e-06
0.004234
1.08096e-06
0.00423409
1.12658e-06
0.00423419
1.17417e-06
0.00423429
1.22381e-06
0.00423439
1.27558e-06
0.0042345
1.32958e-06
0.00423461
1.38587e-06
0.00423473
1.44457e-06
0.00423485
1.50574e-06
0.00423497
1.5695e-06
0.00423511
1.63593e-06
0.00423524
1.70512e-06
0.00423538
1.77719e-06
0.00423553
1.85222e-06
0.00423569
1.93032e-06
0.00423585
2.01159e-06
0.00423601
2.09614e-06
0.00423618
2.18406e-06
0.00423636
2.27547e-06
0.00423655
2.37046e-06
0.00423674
2.46914e-06
0.00423695
2.57161e-06
0.00423716
2.67796e-06
0.00423737
2.78831e-06
0.0042376
2.90275e-06
0.00423783
3.02136e-06
0.00423808
3.14424e-06
0.00423833
3.27147e-06
0.00423859
3.40314e-06
0.00423886
3.53931e-06
0.00423914
3.68006e-06
0.00423943
3.82545e-06
0.00423973
3.97552e-06
0.00424004
4.13033e-06
0.00424036
4.28991e-06
0.00424069
4.45427e-06
0.00424103
4.62344e-06
0.00424139
4.79742e-06
0.00424175
4.97619e-06
0.00424213
5.15973e-06
0.00424252
5.348e-06
0.00424292
5.54096e-06
0.00424333
5.73853e-06
0.00424375
5.94064e-06
0.00424419
6.14719e-06
0.00424464
6.35809e-06
0.00424509
6.57319e-06
0.00424557
6.79239e-06
0.00424605
7.01552e-06
0.00424655
7.24244e-06
0.00424705
7.47298e-06
0.00424757
7.70697e-06
0.0042481
7.94425e-06
0.00424865
8.18462e-06
0.0042492
8.42793e-06
0.00424977
8.67398e-06
0.00425035
8.92263e-06
0.00425094
9.17371e-06
0.00425154
9.42709e-06
0.00425215
9.68265e-06
0.00425277
9.94031e-06
0.00425341
1.02e-05
0.00425405
1.04617e-05
0.00425471
1.07254e-05
0.00425538
1.09913e-05
0.00425605
1.12593e-05
0.00425674
1.15299e-05
0.00425744
1.18031e-05
0.00425815
1.20793e-05
0.00425887
1.23591e-05
0.00425961
1.26429e-05
0.00426035
1.29314e-05
0.00426111
1.32253e-05
0.00426188
1.35256e-05
0.00426266
1.38333e-05
0.00426346
1.41497e-05
0.00426427
1.44759e-05
0.00426509
1.48136e-05
0.00426594
1.51643e-05
0.0042668
1.55299e-05
0.00426768
1.59124e-05
0.00426858
1.63137e-05
1.67358e-05
0.00435853
7.46289e-07
0.00435859
7.77494e-07
0.00435866
8.10068e-07
0.00435874
8.44068e-07
0.00435881
8.79557e-07
0.00435889
9.16596e-07
0.00435897
9.55253e-07
0.00435906
9.95593e-07
0.00435915
1.03769e-06
0.00435924
1.08161e-06
0.00435934
1.12743e-06
0.00435944
1.17523e-06
0.00435954
1.22509e-06
0.00435965
1.27709e-06
0.00435976
1.33131e-06
0.00435988
1.38783e-06
0.00436
1.44675e-06
0.00436013
1.50815e-06
0.00436026
1.57213e-06
0.0043604
1.63878e-06
0.00436055
1.70818e-06
0.0043607
1.78045e-06
0.00436085
1.85567e-06
0.00436101
1.93394e-06
0.00436118
2.01537e-06
0.00436136
2.10005e-06
0.00436154
2.18807e-06
0.00436173
2.27955e-06
0.00436193
2.37458e-06
0.00436213
2.47325e-06
0.00436235
2.57566e-06
0.00436257
2.6819e-06
0.0043628
2.79208e-06
0.00436303
2.90627e-06
0.00436328
3.02456e-06
0.00436354
3.14704e-06
0.0043638
3.27377e-06
0.00436408
3.40483e-06
0.00436436
3.54028e-06
0.00436466
3.68018e-06
0.00436496
3.82457e-06
0.00436528
3.97351e-06
0.00436561
4.12701e-06
0.00436595
4.28511e-06
0.0043663
4.44781e-06
0.00436666
4.61511e-06
0.00436703
4.787e-06
0.00436741
4.96345e-06
0.00436781
5.14443e-06
0.00436822
5.32989e-06
0.00436864
5.51976e-06
0.00436907
5.71396e-06
0.00436952
5.91241e-06
0.00436998
6.115e-06
0.00437045
6.32161e-06
0.00437093
6.53213e-06
0.00437143
6.7464e-06
0.00437194
6.96429e-06
0.00437246
7.18563e-06
0.00437299
7.41028e-06
0.00437354
7.63807e-06
0.0043741
7.86882e-06
0.00437467
8.10239e-06
0.00437525
8.33861e-06
0.00437585
8.57734e-06
0.00437646
8.81845e-06
0.00437708
9.06181e-06
0.00437771
9.30733e-06
0.00437836
9.55496e-06
0.00437901
9.80464e-06
0.00437968
1.00564e-05
0.00438036
1.03103e-05
0.00438106
1.05664e-05
0.00438176
1.08249e-05
0.00438248
1.10861e-05
0.00438321
1.13501e-05
0.00438395
1.16176e-05
0.0043847
1.18888e-05
0.00438547
1.21645e-05
0.00438625
1.24452e-05
0.00438704
1.27319e-05
0.00438785
1.30255e-05
0.00438867
1.3327e-05
0.00438951
1.36377e-05
0.00439037
1.39589e-05
0.00439124
1.42921e-05
0.00439213
1.4639e-05
0.00439304
1.50013e-05
0.00439397
1.53809e-05
1.57795e-05
0.0044873
6.83687e-07
0.00448737
7.12315e-07
0.00448744
7.42201e-07
0.00448751
7.734e-07
0.00448758
8.05968e-07
0.00448766
8.39964e-07
0.00448774
8.75448e-07
0.00448782
9.12484e-07
0.00448791
9.51136e-07
0.004488
9.91471e-07
0.00448809
1.03356e-06
0.00448819
1.07747e-06
0.00448829
1.12328e-06
0.0044884
1.17106e-06
0.00448851
1.22089e-06
0.00448862
1.27285e-06
0.00448874
1.32703e-06
0.00448887
1.3835e-06
0.004489
1.44235e-06
0.00448913
1.50367e-06
0.00448927
1.56754e-06
0.00448942
1.63407e-06
0.00448957
1.70333e-06
0.00448973
1.77542e-06
0.00448989
1.85044e-06
0.00449007
1.92847e-06
0.00449025
2.00962e-06
0.00449043
2.09398e-06
0.00449062
2.18163e-06
0.00449082
2.27269e-06
0.00449103
2.36723e-06
0.00449125
2.46535e-06
0.00449147
2.56713e-06
0.00449171
2.67268e-06
0.00449195
2.78206e-06
0.0044922
2.89535e-06
0.00449246
3.01265e-06
0.00449273
3.13401e-06
0.00449301
3.2595e-06
0.00449331
3.38918e-06
0.00449361
3.52311e-06
0.00449392
3.66132e-06
0.00449424
3.80386e-06
0.00449458
3.95076e-06
0.00449492
4.10203e-06
0.00449528
4.25767e-06
0.00449565
4.4177e-06
0.00449603
4.58209e-06
0.00449642
4.75082e-06
0.00449683
4.92385e-06
0.00449725
5.10113e-06
0.00449768
5.2826e-06
0.00449812
5.46818e-06
0.00449858
5.65779e-06
0.00449905
5.85132e-06
0.00449954
6.04867e-06
0.00450003
6.24971e-06
0.00450054
6.45431e-06
0.00450107
6.66234e-06
0.0045016
6.87364e-06
0.00450215
7.08808e-06
0.00450272
7.30549e-06
0.00450329
7.52573e-06
0.00450388
7.74866e-06
0.00450449
7.97412e-06
0.0045051
8.202e-06
0.00450573
8.43218e-06
0.00450637
8.66456e-06
0.00450703
8.89907e-06
0.0045077
9.13568e-06
0.00450838
9.37438e-06
0.00450908
9.6152e-06
0.00450978
9.85823e-06
0.00451051
1.01036e-05
0.00451124
1.03515e-05
0.00451199
1.06023e-05
0.00451275
1.08562e-05
0.00451352
1.11137e-05
0.00451431
1.13754e-05
0.00451512
1.16417e-05
0.00451594
1.19136e-05
0.00451677
1.21919e-05
0.00451762
1.24774e-05
0.00451848
1.27714e-05
0.00451937
1.30749e-05
0.00452027
1.33895e-05
0.00452119
1.37166e-05
0.00452214
1.40577e-05
0.0045231
1.44146e-05
1.47887e-05
0.0046199
6.22693e-07
0.00461996
6.48801e-07
0.00462003
6.7606e-07
0.0046201
7.0452e-07
0.00462017
7.34231e-07
0.00462024
7.65249e-07
0.00462032
7.97629e-07
0.0046204
8.31428e-07
0.00462049
8.66707e-07
0.00462057
9.03528e-07
0.00462067
9.41954e-07
0.00462076
9.82051e-07
0.00462086
1.02389e-06
0.00462096
1.06753e-06
0.00462107
1.11306e-06
0.00462118
1.16054e-06
0.0046213
1.21005e-06
0.00462142
1.26167e-06
0.00462155
1.31548e-06
0.00462168
1.37156e-06
0.00462182
1.42998e-06
0.00462196
1.49085e-06
0.00462211
1.55423e-06
0.00462227
1.62022e-06
0.00462243
1.68891e-06
0.0046226
1.76038e-06
0.00462277
1.83472e-06
0.00462295
1.91203e-06
0.00462314
1.99238e-06
0.00462334
2.07588e-06
0.00462354
2.16261e-06
0.00462376
2.25265e-06
0.00462398
2.34609e-06
0.00462421
2.44302e-06
0.00462445
2.54351e-06
0.00462469
2.64765e-06
0.00462495
2.7555e-06
0.00462522
2.86715e-06
0.00462549
2.98266e-06
0.00462578
3.10208e-06
0.00462608
3.22547e-06
0.00462639
3.35288e-06
0.00462671
3.48436e-06
0.00462704
3.61992e-06
0.00462738
3.75961e-06
0.00462773
3.90343e-06
0.0046281
4.05139e-06
0.00462848
4.20348e-06
0.00462887
4.3597e-06
0.00462927
4.52e-06
0.00462969
4.68436e-06
0.00463012
4.85272e-06
0.00463056
5.02503e-06
0.00463102
5.20121e-06
0.00463149
5.38117e-06
0.00463198
5.56482e-06
0.00463247
5.75205e-06
0.00463298
5.94276e-06
0.00463351
6.1368e-06
0.00463405
6.33407e-06
0.0046346
6.53441e-06
0.00463517
6.7377e-06
0.00463575
6.94379e-06
0.00463635
7.15255e-06
0.00463696
7.36385e-06
0.00463758
7.57756e-06
0.00463822
7.79358e-06
0.00463888
8.01181e-06
0.00463954
8.23218e-06
0.00464022
8.45464e-06
0.00464092
8.67918e-06
0.00464163
8.90582e-06
0.00464235
9.13463e-06
0.00464309
9.36572e-06
0.00464384
9.59926e-06
0.00464461
9.83548e-06
0.00464539
1.00747e-05
0.00464619
1.03173e-05
0.004647
1.05637e-05
0.00464782
1.08145e-05
0.00464867
1.10704e-05
0.00464953
1.13321e-05
0.0046504
1.16005e-05
0.0046513
1.18766e-05
0.00465221
1.21614e-05
0.00465315
1.24562e-05
0.0046541
1.27623e-05
0.00465508
1.30812e-05
0.00465608
1.34143e-05
1.37629e-05
0.00475642
5.63139e-07
0.00475648
5.86779e-07
0.00475655
6.11465e-07
0.00475661
6.37239e-07
0.00475668
6.64151e-07
0.00475676
6.92249e-07
0.00475683
7.21583e-07
0.00475691
7.52208e-07
0.004757
7.84177e-07
0.00475708
8.17548e-07
0.00475717
8.52378e-07
0.00475726
8.88729e-07
0.00475736
9.26661e-07
0.00475746
9.6624e-07
0.00475757
1.00753e-06
0.00475768
1.0506e-06
0.00475779
1.09552e-06
0.00475791
1.14237e-06
0.00475804
1.1912e-06
0.00475817
1.24211e-06
0.0047583
1.29516e-06
0.00475844
1.35044e-06
0.00475859
1.40801e-06
0.00475874
1.46797e-06
0.0047589
1.5304e-06
0.00475906
1.59537e-06
0.00475923
1.66297e-06
0.00475941
1.73329e-06
0.0047596
1.8064e-06
0.00475979
1.88239e-06
0.00475999
1.96135e-06
0.0047602
2.04335e-06
0.00476042
2.12848e-06
0.00476065
2.21682e-06
0.00476088
2.30844e-06
0.00476113
2.40342e-06
0.00476138
2.50184e-06
0.00476164
2.60375e-06
0.00476192
2.70924e-06
0.0047622
2.81835e-06
0.00476249
2.93114e-06
0.0047628
3.04767e-06
0.00476312
3.16797e-06
0.00476344
3.29208e-06
0.00476378
3.42004e-06
0.00476414
3.55186e-06
0.0047645
3.68755e-06
0.00476488
3.82711e-06
0.00476526
3.97055e-06
0.00476567
4.11784e-06
0.00476608
4.26895e-06
0.00476651
4.42385e-06
0.00476695
4.58248e-06
0.00476741
4.74479e-06
0.00476788
4.91071e-06
0.00476837
5.08015e-06
0.00476886
5.25302e-06
0.00476938
5.42922e-06
0.00476991
5.60865e-06
0.00477045
5.79119e-06
0.00477101
5.97672e-06
0.00477158
6.16511e-06
0.00477217
6.35625e-06
0.00477277
6.54999e-06
0.00477339
6.74623e-06
0.00477402
6.94485e-06
0.00477467
7.14574e-06
0.00477533
7.34882e-06
0.00477601
7.55401e-06
0.0047767
7.76126e-06
0.00477741
7.97055e-06
0.00477813
8.1819e-06
0.00477887
8.39534e-06
0.00477963
8.61098e-06
0.0047804
8.82895e-06
0.00478119
9.04946e-06
0.00478199
9.27278e-06
0.00478281
9.49922e-06
0.00478364
9.72921e-06
0.00478449
9.96324e-06
0.00478536
1.02019e-05
0.00478625
1.04458e-05
0.00478715
1.06959e-05
0.00478807
1.09528e-05
0.00478902
1.12177e-05
0.00478998
1.14916e-05
0.00479097
1.17757e-05
0.00479198
1.20711e-05
0.00479301
1.23794e-05
1.27016e-05
0.00489699
5.04847e-07
0.00489705
5.26065e-07
0.00489711
5.48223e-07
0.00489718
5.7136e-07
0.00489725
5.95521e-07
0.00489732
6.20749e-07
0.00489739
6.47091e-07
0.00489747
6.74594e-07
0.00489755
7.03307e-07
0.00489764
7.33283e-07
0.00489772
7.64574e-07
0.00489781
7.97235e-07
0.00489791
8.31322e-07
0.00489801
8.66894e-07
0.00489811
9.0401e-07
0.00489822
9.42732e-07
0.00489833
9.83124e-07
0.00489845
1.02525e-06
0.00489857
1.06918e-06
0.0048987
1.11498e-06
0.00489883
1.16271e-06
0.00489897
1.21246e-06
0.00489911
1.26429e-06
0.00489926
1.31828e-06
0.00489942
1.3745e-06
0.00489958
1.43303e-06
0.00489975
1.49394e-06
0.00489993
1.55731e-06
0.00490011
1.62323e-06
0.0049003
1.69175e-06
0.0049005
1.76297e-06
0.00490071
1.83697e-06
0.00490092
1.9138e-06
0.00490114
1.99356e-06
0.00490138
2.07632e-06
0.00490162
2.16214e-06
0.00490187
2.25109e-06
0.00490213
2.34325e-06
0.0049024
2.43867e-06
0.00490268
2.53742e-06
0.00490297
2.63954e-06
0.00490327
2.74509e-06
0.00490359
2.85411e-06
0.00490391
2.96664e-06
0.00490425
3.08271e-06
0.0049046
3.20235e-06
0.00490496
3.32557e-06
0.00490534
3.45239e-06
0.00490572
3.58279e-06
0.00490613
3.71677e-06
0.00490654
3.85431e-06
0.00490697
3.99539e-06
0.00490741
4.13996e-06
0.00490787
4.28798e-06
0.00490834
4.43939e-06
0.00490883
4.59411e-06
0.00490933
4.75208e-06
0.00490984
4.9132e-06
0.00491037
5.07739e-06
0.00491092
5.24453e-06
0.00491148
5.41453e-06
0.00491206
5.58728e-06
0.00491265
5.76266e-06
0.00491326
5.94055e-06
0.00491389
6.12086e-06
0.00491453
6.30347e-06
0.00491519
6.48828e-06
0.00491586
6.67522e-06
0.00491655
6.8642e-06
0.00491726
7.05518e-06
0.00491798
7.24814e-06
0.00491872
7.44307e-06
0.00491947
7.64001e-06
0.00492025
7.83903e-06
0.00492103
8.04026e-06
0.00492184
8.24385e-06
0.00492266
8.45005e-06
0.0049235
8.65913e-06
0.00492436
8.87146e-06
0.00492524
9.08746e-06
0.00492613
9.30764e-06
0.00492704
9.5326e-06
0.00492798
9.76302e-06
0.00492893
9.99967e-06
0.0049299
1.02434e-05
0.0049309
1.04952e-05
0.00493192
1.07561e-05
0.00493296
1.10271e-05
0.00493403
1.13094e-05
1.16042e-05
0.00504172
4.47628e-07
0.00504178
4.66462e-07
0.00504184
4.86131e-07
0.00504191
5.06671e-07
0.00504198
5.28122e-07
0.00504205
5.50522e-07
0.00504212
5.73914e-07
0.0050422
5.98339e-07
0.00504227
6.23842e-07
0.00504236
6.50469e-07
0.00504244
6.78268e-07
0.00504253
7.07287e-07
0.00504263
7.37577e-07
0.00504273
7.6919e-07
0.00504283
8.0218e-07
0.00504293
8.36603e-07
0.00504304
8.72516e-07
0.00504316
9.09976e-07
0.00504328
9.49045e-07
0.0050434
9.89783e-07
0.00504353
1.03225e-06
0.00504367
1.07652e-06
0.00504381
1.12265e-06
0.00504396
1.17071e-06
0.00504411
1.22077e-06
0.00504427
1.27289e-06
0.00504444
1.32715e-06
0.00504461
1.38362e-06
0.0050448
1.44236e-06
0.00504498
1.50345e-06
0.00504518
1.56695e-06
0.00504538
1.63295e-06
0.0050456
1.7015e-06
0.00504582
1.77269e-06
0.00504605
1.84657e-06
0.00504629
1.92321e-06
0.00504653
2.00267e-06
0.00504679
2.08503e-06
0.00504706
2.17034e-06
0.00504734
2.25865e-06
0.00504763
2.35002e-06
0.00504793
2.44449e-06
0.00504824
2.54212e-06
0.00504857
2.64293e-06
0.0050489
2.74696e-06
0.00504925
2.85424e-06
0.00504961
2.96479e-06
0.00504998
3.07861e-06
0.00505037
3.19572e-06
0.00505077
3.31611e-06
0.00505119
3.43977e-06
0.00505161
3.56668e-06
0.00505206
3.6968e-06
0.00505252
3.83011e-06
0.00505299
3.96655e-06
0.00505348
4.10606e-06
0.00505398
4.24859e-06
0.0050545
4.39406e-06
0.00505503
4.54239e-06
0.00505559
4.69348e-06
0.00505615
4.84726e-06
0.00505674
5.00362e-06
0.00505734
5.16246e-06
0.00505795
5.32368e-06
0.00505859
5.48719e-06
0.00505924
5.65289e-06
0.0050599
5.82068e-06
0.00506059
5.99049e-06
0.00506129
6.16226e-06
0.00506201
6.33593e-06
0.00506275
6.51147e-06
0.0050635
6.68888e-06
0.00506427
6.86817e-06
0.00506506
7.04942e-06
0.00506587
7.23272e-06
0.0050667
7.4182e-06
0.00506754
7.60607e-06
0.0050684
7.79656e-06
0.00506928
7.98998e-06
0.00507019
8.18671e-06
0.00507111
8.38719e-06
0.00507205
8.59192e-06
0.00507301
8.80151e-06
0.00507399
9.01663e-06
0.005075
9.23802e-06
0.00507602
9.46651e-06
0.00507708
9.703e-06
0.00507816
9.94843e-06
0.00507926
1.02038e-05
1.04701e-05
0.00519074
3.91281e-07
0.0051908
4.07759e-07
0.00519086
4.2497e-07
0.00519093
4.42945e-07
0.00519099
4.61718e-07
0.00519106
4.81324e-07
0.00519114
5.01799e-07
0.00519121
5.23181e-07
0.00519129
5.45508e-07
0.00519137
5.68822e-07
0.00519146
5.93164e-07
0.00519154
6.18578e-07
0.00519164
6.45107e-07
0.00519173
6.72799e-07
0.00519183
7.01701e-07
0.00519194
7.31862e-07
0.00519205
7.63332e-07
0.00519216
7.96163e-07
0.00519228
8.30408e-07
0.0051924
8.66123e-07
0.00519253
9.03363e-07
0.00519267
9.42184e-07
0.00519281
9.82646e-07
0.00519295
1.02481e-06
0.0051931
1.06873e-06
0.00519326
1.11447e-06
0.00519343
1.1621e-06
0.0051936
1.21168e-06
0.00519378
1.26326e-06
0.00519397
1.31692e-06
0.00519416
1.37272e-06
0.00519436
1.43072e-06
0.00519457
1.49098e-06
0.00519479
1.55357e-06
0.00519502
1.61855e-06
0.00519526
1.68597e-06
0.0051955
1.75591e-06
0.00519576
1.82841e-06
0.00519603
1.90354e-06
0.0051963
1.98134e-06
0.00519659
2.06186e-06
0.00519689
2.14515e-06
0.0051972
2.23124e-06
0.00519753
2.32019e-06
0.00519786
2.41202e-06
0.00519821
2.50675e-06
0.00519857
2.60441e-06
0.00519894
2.70501e-06
0.00519933
2.80856e-06
0.00519973
2.91507e-06
0.00520015
3.02452e-06
0.00520058
3.13691e-06
0.00520102
3.2522e-06
0.00520148
3.37038e-06
0.00520196
3.4914e-06
0.00520245
3.61522e-06
0.00520295
3.74178e-06
0.00520348
3.87103e-06
0.00520402
4.00289e-06
0.00520457
4.13729e-06
0.00520514
4.27416e-06
0.00520573
4.41341e-06
0.00520634
4.55495e-06
0.00520697
4.69869e-06
0.00520761
4.84455e-06
0.00520827
4.99245e-06
0.00520895
5.1423e-06
0.00520965
5.29402e-06
0.00521036
5.44757e-06
0.00521109
5.60289e-06
0.00521184
5.75995e-06
0.00521261
5.91874e-06
0.0052134
6.07927e-06
0.00521421
6.2416e-06
0.00521504
6.40579e-06
0.00521588
6.57197e-06
0.00521675
6.7403e-06
0.00521764
6.91098e-06
0.00521854
7.08427e-06
0.00521947
7.26048e-06
0.00522042
7.44001e-06
0.00522138
7.62328e-06
0.00522237
7.8108e-06
0.00522339
8.00315e-06
0.00522442
8.20098e-06
0.00522549
8.40498e-06
0.00522657
8.61593e-06
0.00522769
8.83464e-06
0.00522883
9.06197e-06
9.29871e-06
0.00534418
3.35586e-07
0.00534424
3.49732e-07
0.0053443
3.64507e-07
0.00534436
3.79939e-07
0.00534443
3.96057e-07
0.0053445
4.12891e-07
0.00534457
4.30473e-07
0.00534464
4.48835e-07
0.00534472
4.68011e-07
0.0053448
4.88036e-07
0.00534489
5.08947e-07
0.00534497
5.30779e-07
0.00534507
5.53573e-07
0.00534516
5.77367e-07
0.00534526
6.02205e-07
0.00534536
6.28126e-07
0.00534547
6.55177e-07
0.00534559
6.83401e-07
0.0053457
7.12845e-07
0.00534583
7.43555e-07
0.00534595
7.75582e-07
0.00534609
8.08974e-07
0.00534623
8.43783e-07
0.00534637
8.8006e-07
0.00534652
9.17858e-07
0.00534668
9.5723e-07
0.00534684
9.98231e-07
0.00534701
1.04092e-06
0.00534719
1.08534e-06
0.00534738
1.13156e-06
0.00534757
1.17963e-06
0.00534777
1.22961e-06
0.00534798
1.28156e-06
0.0053482
1.33552e-06
0.00534842
1.39155e-06
0.00534866
1.44972e-06
0.00534891
1.51006e-06
0.00534916
1.57264e-06
0.00534943
1.6375e-06
0.00534971
1.70469e-06
0.00534999
1.77425e-06
0.00535029
1.84622e-06
0.0053506
1.92065e-06
0.00535092
1.99757e-06
0.00535126
2.07701e-06
0.00535161
2.15899e-06
0.00535197
2.24354e-06
0.00535234
2.33067e-06
0.00535273
2.4204e-06
0.00535313
2.51272e-06
0.00535355
2.60764e-06
0.00535398
2.70515e-06
0.00535443
2.80523e-06
0.00535489
2.90786e-06
0.00535537
3.01301e-06
0.00535586
3.12065e-06
0.00535638
3.23072e-06
0.0053569
3.34319e-06
0.00535745
3.45799e-06
0.00535801
3.57507e-06
0.00535859
3.69435e-06
0.00535919
3.81577e-06
0.0053598
3.93925e-06
0.00536044
4.06472e-06
0.00536109
4.19211e-06
0.00536176
4.32133e-06
0.00536245
4.45232e-06
0.00536316
4.58502e-06
0.00536389
4.71937e-06
0.00536464
4.85532e-06
0.0053654
4.99285e-06
0.00536619
5.13194e-06
0.005367
5.27261e-06
0.00536782
5.41488e-06
0.00536867
5.55881e-06
0.00536954
5.70451e-06
0.00537043
5.8521e-06
0.00537134
6.00176e-06
0.00537227
6.15369e-06
0.00537322
6.30817e-06
0.00537419
6.4655e-06
0.00537519
6.62607e-06
0.00537621
6.79029e-06
0.00537725
6.95865e-06
0.00537832
7.1317e-06
0.00537942
7.31002e-06
0.00538054
7.49427e-06
0.00538169
7.68512e-06
0.00538287
7.88329e-06
8.08946e-06
0.00550217
2.80309e-07
0.00550223
2.92133e-07
0.00550229
3.04485e-07
0.00550235
3.17386e-07
0.00550241
3.30861e-07
0.00550248
3.44937e-07
0.00550255
3.59638e-07
0.00550263
3.74994e-07
0.0055027
3.9103e-07
0.00550278
4.07778e-07
0.00550287
4.25268e-07
0.00550295
4.43531e-07
0.00550304
4.62599e-07
0.00550314
4.82507e-07
0.00550324
5.03289e-07
0.00550334
5.2498e-07
0.00550345
5.47619e-07
0.00550356
5.71242e-07
0.00550368
5.95888e-07
0.0055038
6.21599e-07
0.00550393
6.48414e-07
0.00550406
6.76376e-07
0.0055042
7.05529e-07
0.00550434
7.35914e-07
0.00550449
7.67579e-07
0.00550465
8.00567e-07
0.00550481
8.34926e-07
0.00550498
8.70702e-07
0.00550516
9.07942e-07
0.00550535
9.46695e-07
0.00550554
9.87007e-07
0.00550574
1.02893e-06
0.00550595
1.0725e-06
0.00550617
1.11778e-06
0.00550639
1.16481e-06
0.00550663
1.21364e-06
0.00550687
1.26431e-06
0.00550713
1.31686e-06
0.0055074
1.37135e-06
0.00550767
1.42781e-06
0.00550796
1.48628e-06
0.00550826
1.54679e-06
0.00550857
1.60939e-06
0.0055089
1.6741e-06
0.00550923
1.74095e-06
0.00550958
1.80997e-06
0.00550994
1.88117e-06
0.00551032
1.95457e-06
0.00551071
2.03019e-06
0.00551111
2.10802e-06
0.00551153
2.18807e-06
0.00551197
2.27034e-06
0.00551242
2.35481e-06
0.00551288
2.44147e-06
0.00551337
2.5303e-06
0.00551387
2.62126e-06
0.00551438
2.71433e-06
0.00551492
2.80946e-06
0.00551547
2.90661e-06
0.00551604
3.00573e-06
0.00551663
3.10676e-06
0.00551723
3.20965e-06
0.00551786
3.31434e-06
0.0055185
3.42076e-06
0.00551916
3.52884e-06
0.00551985
3.63854e-06
0.00552055
3.74979e-06
0.00552127
3.86253e-06
0.00552201
3.97672e-06
0.00552278
4.09231e-06
0.00552356
4.20928e-06
0.00552436
4.32762e-06
0.00552519
4.44733e-06
0.00552604
4.56844e-06
0.0055269
4.69098e-06
0.00552779
4.81504e-06
0.00552871
4.94073e-06
0.00552964
5.06817e-06
0.0055306
5.19754e-06
0.00553157
5.32906e-06
0.00553258
5.46299e-06
0.0055336
5.59964e-06
0.00553465
5.73934e-06
0.00553573
5.8825e-06
0.00553683
6.02956e-06
0.00553796
6.18101e-06
0.00553912
6.33738e-06
0.0055403
6.49924e-06
0.00554152
6.66715e-06
6.8417e-06
0.00566483
2.2519e-07
0.00566489
2.34695e-07
0.00566495
2.44624e-07
0.00566501
2.54996e-07
0.00566508
2.65831e-07
0.00566515
2.77148e-07
0.00566522
2.88969e-07
0.00566529
3.01317e-07
0.00566537
3.14213e-07
0.00566545
3.27683e-07
0.00566553
3.41749e-07
0.00566562
3.56439e-07
0.00566571
3.71778e-07
0.0056658
3.87793e-07
0.0056659
4.04512e-07
0.00566601
4.21966e-07
0.00566611
4.40182e-07
0.00566623
4.59192e-07
0.00566634
4.79028e-07
0.00566646
4.99723e-07
0.00566659
5.21309e-07
0.00566672
5.4382e-07
0.00566686
5.67292e-07
0.00566701
5.9176e-07
0.00566716
6.17261e-07
0.00566731
6.43832e-07
0.00566748
6.7151e-07
0.00566765
7.00334e-07
0.00566783
7.30341e-07
0.00566801
7.61572e-07
0.0056682
7.94065e-07
0.0056684
8.27859e-07
0.00566861
8.62994e-07
0.00566883
8.99509e-07
0.00566906
9.37443e-07
0.0056693
9.76834e-07
0.00566954
1.01772e-06
0.0056698
1.06014e-06
0.00567007
1.10412e-06
0.00567035
1.14971e-06
0.00567063
1.19693e-06
0.00567094
1.24581e-06
0.00567125
1.29639e-06
0.00567157
1.34869e-06
0.00567191
1.40274e-06
0.00567226
1.45855e-06
0.00567263
1.51615e-06
0.00567301
1.57554e-06
0.0056734
1.63674e-06
0.00567381
1.69976e-06
0.00567423
1.76459e-06
0.00567467
1.83124e-06
0.00567513
1.8997e-06
0.0056756
1.96996e-06
0.00567609
2.042e-06
0.00567659
2.1158e-06
0.00567712
2.19133e-06
0.00567766
2.26857e-06
0.00567822
2.34748e-06
0.00567879
2.42802e-06
0.00567939
2.51014e-06
0.00568001
2.59381e-06
0.00568064
2.67897e-06
0.0056813
2.76557e-06
0.00568197
2.85356e-06
0.00568267
2.9429e-06
0.00568338
3.03353e-06
0.00568412
3.12541e-06
0.00568488
3.2185e-06
0.00568566
3.31277e-06
0.00568646
3.40819e-06
0.00568728
3.50474e-06
0.00568813
3.60245e-06
0.00568899
3.7013e-06
0.00568988
3.80135e-06
0.0056908
3.90265e-06
0.00569173
4.00528e-06
0.00569269
4.10935e-06
0.00569367
4.215e-06
0.00569468
4.32238e-06
0.00569571
4.43172e-06
0.00569677
4.54324e-06
0.00569785
4.65722e-06
0.00569896
4.77398e-06
0.00570009
4.89387e-06
0.00570126
5.01727e-06
0.00570245
5.14461e-06
0.00570367
5.27632e-06
0.00570493
5.41287e-06
5.55471e-06
0.00583232
1.69943e-07
0.00583238
1.77119e-07
0.00583244
1.84617e-07
0.0058325
1.92449e-07
0.00583257
2.0063e-07
0.00583264
2.09176e-07
0.00583271
2.18104e-07
0.00583278
2.27429e-07
0.00583286
2.3717e-07
0.00583294
2.47343e-07
0.00583302
2.57969e-07
0.00583311
2.69065e-07
0.0058332
2.80653e-07
0.0058333
2.92752e-07
0.0058334
3.05385e-07
0.0058335
3.18572e-07
0.00583361
3.32337e-07
0.00583372
3.46703e-07
0.00583384
3.61695e-07
0.00583396
3.77336e-07
0.00583409
3.93652e-07
0.00583422
4.1067e-07
0.00583436
4.28415e-07
0.0058345
4.46915e-07
0.00583465
4.66198e-07
0.00583481
4.86292e-07
0.00583498
5.07225e-07
0.00583515
5.29027e-07
0.00583533
5.51727e-07
0.00583551
5.75356e-07
0.00583571
5.99942e-07
0.00583591
6.25517e-07
0.00583612
6.5211e-07
0.00583634
6.79751e-07
0.00583657
7.08471e-07
0.00583681
7.38298e-07
0.00583706
7.69262e-07
0.00583731
8.01391e-07
0.00583758
8.34713e-07
0.00583786
8.69254e-07
0.00583816
9.05041e-07
0.00583846
9.42096e-07
0.00583878
9.80444e-07
0.0058391
1.0201e-06
0.00583945
1.0611e-06
0.0058398
1.10344e-06
0.00584017
1.14714e-06
0.00584055
1.19222e-06
0.00584095
1.23869e-06
0.00584136
1.28654e-06
0.00584179
1.33579e-06
0.00584224
1.38643e-06
0.0058427
1.43846e-06
0.00584318
1.49187e-06
0.00584367
1.54665e-06
0.00584419
1.60278e-06
0.00584472
1.66026e-06
0.00584527
1.71904e-06
0.00584584
1.77912e-06
0.00584642
1.84045e-06
0.00584703
1.90302e-06
0.00584766
1.96677e-06
0.0058483
2.03169e-06
0.00584897
2.09772e-06
0.00584966
2.16484e-06
0.00585037
2.233e-06
0.0058511
2.30217e-06
0.00585185
2.37231e-06
0.00585263
2.4434e-06
0.00585343
2.5154e-06
0.00585425
2.5883e-06
0.00585509
2.66209e-06
0.00585596
2.73676e-06
0.00585684
2.81233e-06
0.00585776
2.88882e-06
0.00585869
2.96628e-06
0.00585965
3.04476e-06
0.00586064
3.12433e-06
0.00586165
3.20511e-06
0.00586268
3.28722e-06
0.00586375
3.37081e-06
0.00586483
3.45605e-06
0.00586595
3.54315e-06
0.00586709
3.63234e-06
0.00586826
3.7239e-06
0.00586946
3.8181e-06
0.00587069
3.91525e-06
0.00587195
4.0157e-06
0.00587324
4.11977e-06
4.22784e-06
0.00600478
1.14247e-07
0.00600483
1.19073e-07
0.00600489
1.24115e-07
0.00600496
1.29383e-07
0.00600502
1.34885e-07
0.00600509
1.40634e-07
0.00600516
1.46638e-07
0.00600524
1.52911e-07
0.00600532
1.59463e-07
0.0060054
1.66307e-07
0.00600548
1.73455e-07
0.00600557
1.8092e-07
0.00600566
1.88716e-07
0.00600576
1.96857e-07
0.00600586
2.05356e-07
0.00600596
2.1423e-07
0.00600607
2.23492e-07
0.00600618
2.3316e-07
0.0060063
2.43249e-07
0.00600643
2.53776e-07
0.00600656
2.64758e-07
0.00600669
2.76212e-07
0.00600683
2.88157e-07
0.00600698
3.00612e-07
0.00600713
3.13594e-07
0.00600729
3.27123e-07
0.00600745
3.41218e-07
0.00600763
3.559e-07
0.00600781
3.71187e-07
0.006008
3.87102e-07
0.00600819
4.03663e-07
0.0060084
4.20891e-07
0.00600861
4.38807e-07
0.00600883
4.57431e-07
0.00600906
4.76784e-07
0.00600931
4.96886e-07
0.00600956
5.17756e-07
0.00600982
5.39414e-07
0.00601009
5.61879e-07
0.00601038
5.85169e-07
0.00601067
6.09302e-07
0.00601098
6.34295e-07
0.0060113
6.60163e-07
0.00601163
6.86921e-07
0.00601198
7.14582e-07
0.00601234
7.43157e-07
0.00601271
7.72658e-07
0.0060131
8.03092e-07
0.00601351
8.34466e-07
0.00601393
8.66786e-07
0.00601436
9.00052e-07
0.00601482
9.34266e-07
0.00601528
9.69425e-07
0.00601577
1.00553e-06
0.00601627
1.04256e-06
0.0060168
1.08052e-06
0.00601734
1.11939e-06
0.0060179
1.15916e-06
0.00601848
1.19981e-06
0.00601908
1.24132e-06
0.0060197
1.28367e-06
0.00602034
1.32684e-06
0.006021
1.37081e-06
0.00602168
1.41554e-06
0.00602238
1.46102e-06
0.00602311
1.50721e-06
0.00602386
1.5541e-06
0.00602463
1.60166e-06
0.00602542
1.64986e-06
0.00602624
1.6987e-06
0.00602708
1.74816e-06
0.00602794
1.79822e-06
0.00602883
1.8489e-06
0.00602974
1.90019e-06
0.00603068
1.95211e-06
0.00603164
2.00468e-06
0.00603263
2.05796e-06
0.00603364
2.11198e-06
0.00603468
2.16682e-06
0.00603574
2.22255e-06
0.00603683
2.27929e-06
0.00603795
2.33713e-06
0.0060391
2.39624e-06
0.00604027
2.45675e-06
0.00604148
2.51884e-06
0.00604272
2.5827e-06
0.00604398
2.64855e-06
0.00604528
2.7166e-06
0.00604661
2.78708e-06
2.86022e-06
0.00618234
5.77395e-08
0.0061824
6.01794e-08
0.00618246
6.27282e-08
0.00618253
6.5391e-08
0.00618259
6.81728e-08
0.00618266
7.10788e-08
0.00618274
7.41145e-08
0.00618281
7.72857e-08
0.00618289
8.05983e-08
0.00618297
8.40584e-08
0.00618306
8.76723e-08
0.00618315
9.14468e-08
0.00618324
9.53886e-08
0.00618334
9.95047e-08
0.00618344
1.03803e-07
0.00618355
1.08289e-07
0.00618366
1.12973e-07
0.00618377
1.17862e-07
0.00618389
1.22964e-07
0.00618402
1.28288e-07
0.00618415
1.33842e-07
0.00618428
1.39635e-07
0.00618443
1.45677e-07
0.00618458
1.51977e-07
0.00618473
1.58543e-07
0.00618489
1.65387e-07
0.00618506
1.72518e-07
0.00618524
1.79945e-07
0.00618542
1.8768e-07
0.00618561
1.95732e-07
0.00618581
2.04111e-07
0.00618602
2.12829e-07
0.00618624
2.21896e-07
0.00618646
2.31321e-07
0.0061867
2.41116e-07
0.00618694
2.5129e-07
0.0061872
2.61855e-07
0.00618747
2.72819e-07
0.00618774
2.84192e-07
0.00618803
2.95984e-07
0.00618833
3.08204e-07
0.00618865
3.2086e-07
0.00618897
3.33961e-07
0.00618931
3.47514e-07
0.00618967
3.61525e-07
0.00619003
3.76001e-07
0.00619042
3.90948e-07
0.00619081
4.06369e-07
0.00619122
4.22268e-07
0.00619165
4.38648e-07
0.0061921
4.5551e-07
0.00619256
4.72855e-07
0.00619304
4.90681e-07
0.00619353
5.08986e-07
0.00619405
5.27768e-07
0.00619458
5.4702e-07
0.00619513
5.66738e-07
0.00619571
5.86915e-07
0.0061963
6.07541e-07
0.00619691
6.28608e-07
0.00619755
6.50104e-07
0.0061982
6.72019e-07
0.00619888
6.94341e-07
0.00619958
7.17056e-07
0.0062003
7.40152e-07
0.00620104
7.63615e-07
0.00620181
7.87434e-07
0.0062026
8.11597e-07
0.00620341
8.36092e-07
0.00620425
8.60911e-07
0.00620511
8.86046e-07
0.006206
9.11494e-07
0.00620691
9.37254e-07
0.00620785
9.63329e-07
0.00620881
9.89726e-07
0.0062098
1.01646e-06
0.00621081
1.04355e-06
0.00621185
1.07102e-06
0.00621292
1.0989e-06
0.00621401
1.12724e-06
0.00621514
1.15608e-06
0.00621629
1.18549e-06
0.00621747
1.21553e-06
0.00621868
1.24628e-06
0.00621992
1.27784e-06
0.00622119
1.31029e-06
0.0062225
1.34374e-06
0.00622384
1.37831e-06
0.00622521
1.41414e-06
1.45113e-06
0.00636517
0.00636523
0.0063653
0.00636536
0.00636543
0.0063655
0.00636557
0.00636565
0.00636573
0.00636582
0.0063659
0.006366
0.00636609
0.00636619
0.00636629
0.0063664
0.00636652
0.00636663
0.00636676
0.00636689
0.00636702
0.00636716
0.0063673
0.00636746
0.00636761
0.00636778
0.00636795
0.00636813
0.00636832
0.00636852
0.00636872
0.00636893
0.00636915
0.00636939
0.00636963
0.00636988
0.00637014
0.00637041
0.0063707
0.00637099
0.0063713
0.00637162
0.00637196
0.0063723
0.00637267
0.00637304
0.00637343
0.00637384
0.00637426
0.0063747
0.00637516
0.00637563
0.00637612
0.00637663
0.00637716
0.0063777
0.00637827
0.00637886
0.00637946
0.00638009
0.00638074
0.00638141
0.00638211
0.00638283
0.00638357
0.00638433
0.00638512
0.00638593
0.00638677
0.00638763
0.00638851
0.00638942
0.00639036
0.00639132
0.00639231
0.00639333
0.00639437
0.00639544
0.00639654
0.00639767
0.00639883
0.00640001
0.00640123
0.00640247
0.00640375
0.00640506
0.00640641
0.00640778
0.0064092
)
;

boundaryField
{
    inlet
    {
        type            calculated;
        value           nonuniform List<scalar> 
80
(
-0.000636324
-0.000655144
-0.00067452
-0.000694469
-0.000715009
-0.000736155
-0.000757928
-0.000780344
-0.000803423
-0.000827185
-0.000851649
-0.000876837
-0.00090277
-0.00092947
-0.00095696
-0.000985262
-0.0010144
-0.0010444
-0.00107529
-0.00110709
-0.00113984
-0.00117355
-0.00120826
-0.00124399
-0.00128078
-0.00131866
-0.00135766
-0.00139782
-0.00143916
-0.00148172
-0.00152555
-0.00157066
-0.00161712
-0.00166495
-0.00171419
-0.00176488
-0.00181708
-0.00187082
-0.00192615
-0.00198312
-0.00204177
-0.00210216
-0.00216433
-0.00222834
-0.00229425
-0.0023621
-0.00243196
-0.00250389
-0.00257794
-0.00265419
-0.00273269
-0.00281351
-0.00289672
-0.00298239
-0.0030706
-0.00316141
-0.00325491
-0.00335118
-0.00345029
-0.00355233
-0.0036574
-0.00376557
-0.00387693
-0.0039916
-0.00410965
-0.0042312
-0.00435634
-0.00448518
-0.00461783
-0.0047544
-0.00489502
-0.00503979
-0.00518885
-0.00534231
-0.00550031
-0.00566299
-0.00583047
-0.00600291
-0.00618045
-0.00636324
)
;
    }
    outlet
    {
        type            calculated;
        value           nonuniform List<scalar> 
80
(
4.85968e-05
0.000154028
0.000265939
0.00037895
0.000486654
0.000583174
0.000664976
0.000731475
0.000784462
0.00082701
0.000862447
0.000893658
0.000922785
0.000951216
0.000979749
0.0010088
0.00103857
0.00106916
0.00110062
0.00113297
0.00116626
0.0012005
0.00123572
0.00127197
0.00130925
0.00134761
0.00138707
0.00142767
0.00146944
0.00151241
0.00155663
0.00160212
0.00164894
0.0016971
0.00174667
0.00179767
0.00185016
0.00190417
0.00195976
0.00201697
0.00207584
0.00213644
0.00219882
0.00226301
0.0023291
0.00239712
0.00246714
0.00253922
0.00261341
0.0026898
0.00276843
0.00284939
0.00293273
0.00301853
0.00310687
0.00319782
0.00329146
0.00338787
0.00348714
0.00358935
0.00369458
0.00380294
0.00391451
0.00402939
0.00414769
0.0042695
0.00439493
0.00452409
0.0046571
0.00479408
0.00493513
0.0050804
0.00523
0.00538408
0.00554277
0.00570621
0.00587457
0.00604798
0.00622662
0.00641065
)
;
    }
    topWall
    {
        type            calculated;
        value           uniform 0;
    }
    symmetry
    {
        type            calculated;
        value           uniform 0;
    }
    bottomWall
    {
        type            calculated;
        value           uniform 0;
    }
    frontAndBack
    {
        type            empty;
        value           nonuniform List<scalar> 0();
    }
}


// ************************************************************************* //
