/*--------------------------------*- C++ -*----------------------------------*\
| =========                 |                                                 |
| \\      /  F ield         | OpenFOAM: The Open Source CFD Toolbox           |
|  \\    /   O peration     | Version:  2312                                  |
|   \\  /    A nd           | Website:  www.openfoam.com                      |
|    \\/     M anipulation  |                                                 |
\*---------------------------------------------------------------------------*/
FoamFile
{
    version     2.0;
    format      ascii;
    arch        "LSB;label=32;scalar=64";
    class       volVectorField;
    location    "180";
    object      U;
}
// * * * * * * * * * * * * * * * * * * * * * * * * * * * * * * * * * * * * * //

dimensions      [0 1 -1 0 0 0 0];

internalField   nonuniform List<vector> 
8400
(
(0.999806 2.85667e-05 0)
(0.999218 5.54227e-05 0)
(0.998279 8.63788e-05 0)
(0.997092 0.000123305 0)
(0.995694 0.000169039 0)
(0.994088 0.000227332 0)
(0.992266 0.000303407 0)
(0.990206 0.000405266 0)
(0.987869 0.000546103 0)
(0.985187 0.00074916 0)
(0.982047 0.00105778 0)
(0.978258 0.00155493 0)
(0.973546 0.00240181 0)
(0.967073 0.00396923 0)
(0.962415 0.0138276 0)
(0.999807 8.49511e-05 0)
(0.999221 0.000166267 0)
(0.998286 0.000259317 0)
(0.997104 0.000370413 0)
(0.995715 0.000507884 0)
(0.994125 0.000682637 0)
(0.992326 0.000909756 0)
(0.990306 0.00121182 0)
(0.988039 0.0016246 0)
(0.985488 0.00220728 0)
(0.98261 0.00306051 0)
(0.979366 0.00435499 0)
(0.975777 0.00637432 0)
(0.971828 0.00951996 0)
(0.969514 0.0147616 0)
(0.999808 0.000141813 0)
(0.999225 0.000279334 0)
(0.998298 0.000435485 0)
(0.997127 0.000621901 0)
(0.995756 0.000852034 0)
(0.994194 0.00114319 0)
(0.99244 0.00151877 0)
(0.990495 0.00201222 0)
(0.988356 0.00267271 0)
(0.986028 0.00357274 0)
(0.983545 0.00481585 0)
(0.980997 0.00653816 0)
(0.978583 0.00889417 0)
(0.976624 0.0119996 0)
(0.975731 0.015994 0)
(0.99981 0.000200594 0)
(0.999233 0.000395711 0)
(0.998316 0.000615996 0)
(0.997163 0.000878417 0)
(0.995819 0.00120098 0)
(0.994298 0.00160622 0)
(0.992612 0.00212334 0)
(0.990773 0.00279129 0)
(0.988805 0.0036616 0)
(0.986751 0.00479884 0)
(0.98469 0.00627419 0)
(0.982752 0.00814547 0)
(0.98112 0.0104206 0)
(0.979992 0.0130074 0)
(0.979543 0.0157041 0)
(0.999812 0.000260422 0)
(0.999243 0.000513857 0)
(0.998341 0.000798659 0)
(0.997212 0.00113674 0)
(0.995904 0.00154988 0)
(0.994439 0.00206418 0)
(0.992838 0.00271155 0)
(0.991131 0.0035307 0)
(0.98936 0.0045659 0)
(0.987595 0.00586089 0)
(0.985931 0.00744489 0)
(0.984491 0.00931126 0)
(0.983402 0.0113964 0)
(0.982759 0.0135724 0)
(0.982579 0.0156745 0)
(0.999815 0.000321089 0)
(0.999256 0.000633433 0)
(0.998373 0.000982814 0)
(0.997273 0.00139554 0)
(0.996011 0.00189616 0)
(0.994614 0.0025125 0)
(0.993114 0.00327591 0)
(0.991555 0.00421983 0)
(0.989994 0.005375 0)
(0.988509 0.00675974 0)
(0.987192 0.00836611 0)
(0.986138 0.010147 0)
(0.985417 0.0120134 0)
(0.985051 0.0138488 0)
(0.985003 0.0155416 0)
(0.999819 0.000382367 0)
(0.999273 0.0007539 0)
(0.998413 0.00116739 0)
(0.997348 0.0016529 0)
(0.996139 0.00223659 0)
(0.994821 0.00294605 0)
(0.993434 0.00380917 0)
(0.992032 0.00485048 0)
(0.99068 0.00608436 0)
(0.989453 0.00750532 0)
(0.98843 0.00907898 0)
(0.987671 0.0107397 0)
(0.987202 0.0123997 0)
(0.987012 0.0139696 0)
(0.987043 0.0153814 0)
(0.999824 0.000443987 0)
(0.999292 0.000874657 0)
(0.998459 0.00135129 0)
(0.997436 0.00190691 0)
(0.996288 0.00256812 0)
(0.995057 0.00336045 0)
(0.993791 0.00430597 0)
(0.992548 0.00541831 0)
(0.991396 0.00669557 0)
(0.9904 0.00811332 0)
(0.989619 0.00962186 0)
(0.989083 0.0111517 0)
(0.988792 0.0126278 0)
(0.988715 0.013986 0)
(0.988794 0.0151877 0)
(0.999829 0.000505657 0)
(0.999314 0.000995055 0)
(0.998512 0.00153332 0)
(0.997536 0.00215565 0)
(0.996455 0.00288788 0)
(0.995318 0.0037519 0)
(0.994176 0.00476245 0)
(0.993091 0.00592168 0)
(0.992124 0.00721354 0)
(0.99133 0.0086006 0)
(0.990746 0.0100269 0)
(0.99038 0.0114278 0)
(0.990215 0.0127436 0)
(0.990214 0.0139314 0)
(0.990325 0.0149712 0)
(0.999835 0.000567061 0)
(0.999339 0.00111441 0)
(0.998572 0.0017123 0)
(0.997648 0.00239725 0)
(0.996639 0.00319325 0)
(0.995599 0.00411734 0)
(0.994583 0.00517618 0)
(0.993649 0.00636116 0)
(0.992851 0.00764518 0)
(0.99223 0.00898347 0)
(0.991804 0.0103202 0)
(0.991569 0.0115997 0)
(0.991496 0.0127771 0)
(0.991547 0.013825 0)
(0.991678 0.0147356 0)
(0.999841 0.000627862 0)
(0.999367 0.001232 0)
(0.998638 0.00188701 0)
(0.99777 0.0026299 0)
(0.996838 0.00348189 0)
(0.995898 0.00445442 0)
(0.995005 0.00554602 0)
(0.994213 0.00673886 0)
(0.993566 0.00799823 0)
(0.993091 0.00927669 0)
(0.992794 0.0105226 0)
(0.992657 0.0116905 0)
(0.992652 0.0127482 0)
(0.992741 0.0136798 0)
(0.992885 0.0144848 0)
(0.999849 0.000687708 0)
(0.999398 0.0013471 0)
(0.99871 0.00205626 0)
(0.997901 0.00285192 0)
(0.997048 0.00375183 0)
(0.996208 0.00476147 0)
(0.995434 0.00587186 0)
(0.994773 0.0070579 0)
(0.99426 0.00828057 0)
(0.993909 0.00949323 0)
(0.993715 0.0106507 0)
(0.993655 0.0117171 0)
(0.993699 0.012671 0)
(0.993814 0.0135044 0)
(0.993968 0.0142215 0)
(0.999856 0.000746236 0)
(0.999431 0.00145897 0)
(0.998787 0.00221889 0)
(0.99804 0.00306179 0)
(0.997268 0.00400146 0)
(0.996526 0.00503752 0)
(0.995865 0.00615445 0)
(0.995324 0.00732205 0)
(0.994928 0.00849978 0)
(0.99468 0.00964422 0)
(0.994569 0.0107173 0)
(0.994568 0.0116923 0)
(0.99465 0.0125556 0)
(0.994784 0.0133051 0)
(0.994944 0.0139479 0)
(0.999865 0.000803076 0)
(0.999467 0.00156686 0)
(0.998869 0.00237379 0)
(0.998185 0.00325814 0)
(0.997494 0.00422955 0)
(0.996848 0.00528213 0)
(0.996293 0.00639514 0)
(0.99586 0.00753536 0)
(0.995565 0.00866294 0)
(0.995403 0.00973912 0)
(0.995358 0.0107331 0)
(0.995404 0.0116257 0)
(0.995513 0.0124097 0)
(0.995661 0.0130868 0)
(0.995824 0.0136659 0)
(0.999874 0.000857858 0)
(0.999504 0.00167006 0)
(0.998954 0.00251996 0)
(0.998335 0.00343984 0)
(0.997724 0.00443522 0)
(0.99717 0.00549537 0)
(0.996713 0.00659575 0)
(0.996377 0.00770197 0)
(0.996169 0.00877651 0)
(0.996079 0.00978598 0)
(0.996087 0.0107064 0)
(0.996169 0.0115249 0)
(0.996298 0.0122389 0)
(0.996456 0.0128531 0)
(0.996621 0.0133771 0)
(0.999883 0.000910218 0)
(0.999543 0.00176789 0)
(0.999042 0.00265645 0)
(0.998488 0.00360593 0)
(0.997955 0.00461793 0)
(0.997489 0.00567774 0)
(0.997122 0.00675841 0)
(0.996871 0.00782594 0)
(0.996737 0.00884627 0)
(0.996706 0.00979158 0)
(0.996758 0.0106439 0)
(0.996867 0.0113958 0)
(0.997012 0.0120479 0)
(0.997175 0.0126068 0)
(0.99734 0.0130828 0)
(0.999893 0.000959806 0)
(0.999583 0.0018597 0)
(0.999131 0.00278246 0)
(0.998642 0.00375568 0)
(0.998185 0.00477746 0)
(0.9978 0.00583007 0)
(0.997516 0.00688543 0)
(0.99734 0.00791121 0)
(0.997269 0.00887742 0)
(0.997287 0.00976169 0)
(0.997373 0.0105514 0)
(0.997503 0.0112431 0)
(0.997659 0.0118402 0)
(0.997827 0.0123504 0)
(0.997991 0.0127841 0)
(0.999903 0.00100629 0)
(0.999623 0.0019449 0)
(0.999222 0.00289728 0)
(0.998796 0.00388857 0)
(0.998411 0.00491389 0)
(0.998103 0.00595344 0)
(0.997892 0.00697923 0)
(0.997782 0.00796145 0)
(0.997765 0.00887455 0)
(0.997823 0.00970121 0)
(0.997935 0.0104333 0)
(0.998082 0.0110707 0)
(0.998246 0.0116187 0)
(0.998415 0.0120858 0)
(0.998577 0.0124821 0)
(0.999913 0.00104936 0)
(0.999664 0.00202298 0)
(0.999312 0.00300037 0)
(0.998948 0.0040043 0)
(0.998632 0.00502752 0)
(0.998394 0.00604914 0)
(0.998249 0.00704223 0)
(0.998196 0.00798011 0)
(0.998223 0.00884173 0)
(0.998314 0.00961434 0)
(0.998448 0.0102936 0)
(0.998606 0.0108819 0)
(0.998776 0.0113859 0)
(0.998945 0.0118145 0)
(0.999105 0.0121777 0)
(0.999923 0.00108874 0)
(0.999705 0.00209347 0)
(0.999402 0.00309128 0)
(0.999097 0.00410273 0)
(0.998845 0.00511887 0)
(0.998671 0.00611862 0)
(0.998584 0.00707684 0)
(0.99858 0.0079704 0)
(0.998646 0.00878257 0)
(0.998763 0.00950468 0)
(0.998913 0.0101355 0)
(0.99908 0.0106794 0)
(0.999253 0.0111438 0)
(0.999422 0.011538 0)
(0.999579 0.0118716 0)
(0.999933 0.00112419 0)
(0.999746 0.00215601 0)
(0.99949 0.00316973 0)
(0.999242 0.00418393 0)
(0.99905 0.00518866 0)
(0.998934 0.00616339 0)
(0.998898 0.0070854 0)
(0.998936 0.00793526 0)
(0.999033 0.00870028 0)
(0.999171 0.00937533 0)
(0.999334 0.00996175 0)
(0.999507 0.0104653 0)
(0.999681 0.0108942 0)
(0.999848 0.0112574 0)
(1 0.0115646 0)
(0.999943 0.0011555 0)
(0.999786 0.00221032 0)
(0.999575 0.00323555 0)
(0.999381 0.00424813 0)
(0.999244 0.00523773 0)
(0.99918 0.00618505 0)
(0.999189 0.00707017 0)
(0.999263 0.00787737 0)
(0.999385 0.00859768 0)
(0.99954 0.00922901 0)
(0.999712 0.0097747 0)
(0.999889 0.0102416 0)
(1.00006 0.0106383 0)
(1.00023 0.0109739 0)
(1.00038 0.0112573 0)
(0.999953 0.00118252 0)
(0.999824 0.00225619 0)
(0.999657 0.00328872 0)
(0.999513 0.00429571 0)
(0.999427 0.00526705 0)
(0.999409 0.00618521 0)
(0.999457 0.0070333 0)
(0.99956 0.00779922 0)
(0.999703 0.00847732 0)
(0.999871 0.00906807 0)
(1.00005 0.00957643 0)
(1.00023 0.01001 0)
(1.0004 0.0103776 0)
(1.00056 0.0106881 0)
(1.00071 0.0109501 0)
(0.999962 0.00120514 0)
(0.999861 0.00229351 0)
(0.999736 0.00332932 0)
(0.999638 0.00432717 0)
(0.999597 0.00527767 0)
(0.99962 0.00616547 0)
(0.999702 0.00697683 0)
(0.99983 0.00770305 0)
(0.99999 0.00834145 0)
(1.00017 0.00889459 0)
(1.00035 0.0093687 0)
(1.00053 0.00977196 0)
(1.0007 0.0101132 0)
(1.00086 0.010401 0)
(1.001 0.0106438 0)
(0.999971 0.00122328 0)
(0.999896 0.00232227 0)
(0.999809 0.00335758 0)
(0.999755 0.00434313 0)
(0.999755 0.00527071 0)
(0.999813 0.00612743 0)
(0.999923 0.0069027 0)
(1.00007 0.00759095 0)
(1.00024 0.00819208 0)
(1.00043 0.00871039 0)
(1.00061 0.00915308 0)
(1.00079 0.00952868 0)
(1.00096 0.00984597 0)
(1.00112 0.0101133 0)
(1.00125 0.0103386 0)
(0.99998 0.00123692 0)
(0.999929 0.00234252 0)
(0.999879 0.00337381 0)
(0.999863 0.0043443 0)
(0.999899 0.00524735 0)
(0.999989 0.00607266 0)
(1.00012 0.00681271 0)
(1.00029 0.00746481 0)
(1.00047 0.00803103 0)
(1.00066 0.00851711 0)
(1.00085 0.00893096 0)
(1.00102 0.0092813 0)
(1.00119 0.0095768 0)
(1.00134 0.00982551 0)
(1.00147 0.010035 0)
(0.999988 0.0012461 0)
(0.99996 0.00235442 0)
(0.999942 0.00337841 0)
(0.999962 0.00433147 0)
(1.00003 0.00520876 0)
(1.00015 0.00600266 0)
(1.0003 0.00670858 0)
(1.00048 0.00732635 0)
(1.00067 0.00785993 0)
(1.00086 0.00831619 0)
(1.00105 0.00870354 0)
(1.00122 0.0090308 0)
(1.00138 0.00930645 0)
(1.00153 0.00953825 0)
(1.00166 0.00973333 0)
(0.999995 0.00125088 0)
(0.999989 0.00235817 0)
(1 0.00337188 0)
(1.00005 0.0043055 0)
(1.00015 0.00515615 0)
(1.00029 0.00591892 0)
(1.00046 0.00659189 0)
(1.00064 0.00717717 0)
(1.00084 0.00768027 0)
(1.00103 0.00810893 0)
(1.00122 0.00847193 0)
(1.00139 0.00877806 0)
(1.00155 0.00903561 0)
(1.00169 0.009252 0)
(1.00181 0.00943403 0)
(1 0.00125137 0)
(1.00001 0.00235408 0)
(1.00005 0.00335479 0)
(1.00013 0.00426727 0)
(1.00025 0.00509072 0)
(1.00041 0.00582282 0)
(1.00059 0.00646414 0)
(1.00079 0.00701872 0)
(1.00099 0.00749337 0)
(1.00118 0.0078965 0)
(1.00136 0.00823709 0)
(1.00153 0.00852387 0)
(1.00168 0.00876487 0)
(1.00182 0.00896723 0)
(1.00194 0.00913736 0)
(1.00001 0.00124773 0)
(1.00004 0.00234249 0)
(1.0001 0.00332776 0)
(1.0002 0.00421772 0)
(1.00035 0.00501365 0)
(1.00052 0.00571572 0)
(1.00071 0.00632671 0)
(1.00091 0.00685234 0)
(1.00111 0.00730045 0)
(1.0013 0.00767995 0)
(1.00148 0.00799992 0)
(1.00164 0.00826895 0)
(1.00179 0.00849481 0)
(1.00192 0.00868434 0)
(1.00204 0.00884363 0)
(1.00001 0.00124014 0)
(1.00006 0.0023238 0)
(1.00014 0.00329146 0)
(1.00027 0.00415778 0)
(1.00042 0.00492611 0)
(1.00061 0.0055989 0)
(1.00081 0.00618091 0)
(1.00101 0.00667927 0)
(1.00121 0.00710262 0)
(1.0014 0.00746023 0)
(1.00158 0.00776119 0)
(1.00174 0.00801392 0)
(1.00188 0.00822592 0)
(1.00201 0.00840371 0)
(1.00212 0.00855309 0)
(1.00002 0.00122881 0)
(1.00008 0.00229847 0)
(1.00018 0.0032466 0)
(1.00032 0.00408842 0)
(1.00049 0.00482922 0)
(1.00069 0.00547358 0)
(1.00089 0.00602796 0)
(1.00109 0.00650063 0)
(1.00129 0.00690089 0)
(1.00148 0.00723822 0)
(1.00165 0.00752164 0)
(1.0018 0.00775938 0)
(1.00194 0.00795865 0)
(1.00207 0.00812569 0)
(1.00217 0.008266 0)
(1.00002 0.001214 0)
(1.00009 0.00226697 0)
(1.00021 0.00319391 0)
(1.00037 0.00401057 0)
(1.00055 0.00472409 0)
(1.00075 0.00534091 0)
(1.00095 0.00586897 0)
(1.00116 0.00631748 0)
(1.00135 0.00669619 0)
(1.00154 0.0070147 0)
(1.0017 0.00728193 0)
(1.00185 0.00750586 0)
(1.00199 0.00769344 0)
(1.00211 0.00785061 0)
(1.00221 0.0079826 0)
(1.00003 0.00119595 0)
(1.00011 0.00222982 0)
(1.00024 0.00313413 0)
(1.0004 0.00392518 0)
(1.00059 0.00461176 0)
(1.0008 0.00520198 0)
(1.00101 0.005705 0)
(1.00121 0.00613077 0)
(1.0014 0.00648937 0)
(1.00158 0.0067904 0)
(1.00174 0.00704265 0)
(1.00189 0.00725384 0)
(1.00202 0.00743066 0)
(1.00213 0.00757876 0)
(1.00223 0.0077031 0)
(1.00003 0.00117495 0)
(1.00012 0.00218753 0)
(1.00026 0.00306803 0)
(1.00043 0.00383317 0)
(1.00063 0.00449326 0)
(1.00084 0.00505782 0)
(1.00104 0.00553703 0)
(1.00124 0.0059414 0)
(1.00143 0.00628119 0)
(1.00161 0.00656598 0)
(1.00176 0.00680435 0)
(1.0019 0.00700378 0)
(1.00203 0.00717066 0)
(1.00214 0.00731041 0)
(1.00223 0.00742772 0)
(1.00003 0.00115128 0)
(1.00013 0.00214066 0)
(1.00028 0.00299633 0)
(1.00046 0.00373542 0)
(1.00066 0.00436953 0)
(1.00087 0.00490939 0)
(1.00107 0.00536597 0)
(1.00127 0.00575018 0)
(1.00145 0.00607238 0)
(1.00162 0.00634205 0)
(1.00177 0.00656755 0)
(1.00191 0.00675608 0)
(1.00203 0.00691379 0)
(1.00213 0.00704582 0)
(1.00222 0.00715664 0)
(1.00003 0.00112523 0)
(1.00013 0.00208974 0)
(1.00029 0.00291978 0)
(1.00048 0.0036328 0)
(1.00068 0.0042415 0)
(1.00088 0.00475759 0)
(1.00109 0.00519265 0)
(1.00128 0.00555786 0)
(1.00146 0.00586359 0)
(1.00162 0.00611916 0)
(1.00177 0.00633269 0)
(1.0019 0.00651112 0)
(1.00201 0.00666034 0)
(1.00211 0.00678523 0)
(1.00219 0.00689006 0)
(1.00004 0.0010971 0)
(1.00014 0.0020353 0)
(1.0003 0.00283908 0)
(1.00049 0.00352612 0)
(1.00069 0.00411001 0)
(1.00089 0.00460325 0)
(1.00109 0.00501785 0)
(1.00128 0.00536514 0)
(1.00145 0.00565543 0)
(1.00161 0.00589783 0)
(1.00175 0.00610021 0)
(1.00187 0.00626925 0)
(1.00198 0.00641058 0)
(1.00208 0.00652887 0)
(1.00216 0.00662814 0)
(1.00004 0.00106718 0)
(1.00014 0.00197786 0)
(1.0003 0.00275493 0)
(1.00049 0.00341617 0)
(1.00069 0.00397588 0)
(1.00089 0.00444715 0)
(1.00109 0.00484229 0)
(1.00127 0.00517265 0)
(1.00144 0.00544843 0)
(1.00159 0.00567851 0)
(1.00172 0.00587049 0)
(1.00184 0.00603079 0)
(1.00195 0.00616479 0)
(1.00204 0.00627692 0)
(1.00212 0.00637104 0)
(1.00004 0.00103575 0)
(1.00014 0.00191794 0)
(1.00031 0.00266798 0)
(1.00049 0.00330368 0)
(1.00069 0.00383986 0)
(1.00089 0.00429002 0)
(1.00108 0.00466662 0)
(1.00126 0.00498098 0)
(1.00142 0.00524311 0)
(1.00156 0.00546163 0)
(1.00169 0.00564388 0)
(1.00181 0.00579603 0)
(1.0019 0.00592318 0)
(1.00199 0.0060296 0)
(1.00207 0.00611891 0)
(1.00004 0.00100309 0)
(1.00014 0.00185602 0)
(1.00031 0.00257886 0)
(1.00049 0.00318934 0)
(1.00069 0.00370264 0)
(1.00088 0.00413251 0)
(1.00106 0.00449145 0)
(1.00123 0.00479066 0)
(1.00139 0.00503992 0)
(1.00153 0.00524758 0)
(1.00165 0.00542072 0)
(1.00176 0.00556523 0)
(1.00185 0.00568599 0)
(1.00194 0.00578706 0)
(1.00201 0.00587189 0)
(1.00004 0.000969449 0)
(1.00014 0.00179255 0)
(1.0003 0.00248815 0)
(1.00049 0.00307379 0)
(1.00068 0.00356487 0)
(1.00086 0.00397523 0)
(1.00104 0.00431732 0)
(1.0012 0.00460217 0)
(1.00135 0.00483927 0)
(1.00149 0.00503671 0)
(1.0016 0.00520129 0)
(1.00171 0.00533863 0)
(1.0018 0.00545341 0)
(1.00188 0.00554947 0)
(1.00194 0.00563011 0)
(1.00004 0.000935081 0)
(1.00014 0.00172797 0)
(1.0003 0.00239639 0)
(1.00048 0.00295763 0)
(1.00066 0.00342713 0)
(1.00084 0.00381873 0)
(1.00101 0.00414474 0)
(1.00117 0.00441594 0)
(1.00131 0.00464154 0)
(1.00144 0.00482934 0)
(1.00155 0.00498585 0)
(1.00165 0.00511646 0)
(1.00174 0.00522561 0)
(1.00181 0.00531697 0)
(1.00188 0.00539367 0)
(1.00004 0.000900216 0)
(1.00014 0.00166268 0)
(1.00029 0.00230408 0)
(1.00047 0.00284138 0)
(1.00065 0.00328995 0)
(1.00082 0.00366351 0)
(1.00098 0.00397415 0)
(1.00113 0.00423236 0)
(1.00127 0.00444706 0)
(1.00139 0.00462575 0)
(1.0015 0.00477464 0)
(1.00159 0.0048989 0)
(1.00167 0.00500275 0)
(1.00175 0.00508968 0)
(1.00181 0.00516268 0)
(1.00003 0.000865065 0)
(1.00014 0.00159705 0)
(1.00029 0.00221169 0)
(1.00045 0.00272555 0)
(1.00063 0.00315382 0)
(1.00079 0.00351001 0)
(1.00095 0.00380595 0)
(1.00109 0.00405179 0)
(1.00122 0.00425614 0)
(1.00134 0.00442618 0)
(1.00144 0.00456787 0)
(1.00153 0.00468612 0)
(1.00161 0.00478497 0)
(1.00168 0.00486772 0)
(1.00173 0.00493723 0)
(1.00003 0.000829823 0)
(1.00013 0.00153141 0)
(1.00028 0.00211962 0)
(1.00044 0.00261056 0)
(1.00061 0.00301916 0)
(1.00076 0.00335864 0)
(1.00091 0.00364049 0)
(1.00105 0.00387453 0)
(1.00118 0.00406903 0)
(1.00129 0.00423086 0)
(1.00138 0.00436571 0)
(1.00147 0.00447827 0)
(1.00154 0.00457238 0)
(1.0016 0.00465118 0)
(1.00166 0.00471738 0)
(1.00003 0.000794664 0)
(1.00013 0.00146607 0)
(1.00027 0.00202825 0)
(1.00042 0.00249682 0)
(1.00058 0.00288636 0)
(1.00073 0.00320975 0)
(1.00088 0.00347809 0)
(1.00101 0.00370085 0)
(1.00113 0.00388595 0)
(1.00123 0.00403997 0)
(1.00132 0.00416833 0)
(1.0014 0.00427548 0)
(1.00147 0.00436509 0)
(1.00153 0.00444013 0)
(1.00158 0.00450319 0)
(1.00003 0.000759747 0)
(1.00012 0.00140129 0)
(1.00026 0.0019379 0)
(1.00041 0.00238467 0)
(1.00056 0.00275576 0)
(1.0007 0.00306363 0)
(1.00084 0.00331901 0)
(1.00096 0.00353097 0)
(1.00107 0.0037071 0)
(1.00117 0.00385366 0)
(1.00126 0.00397583 0)
(1.00134 0.00407784 0)
(1.0014 0.00416316 0)
(1.00146 0.00423464 0)
(1.00151 0.0042947 0)
(1.00003 0.000725207 0)
(1.00012 0.00133731 0)
(1.00025 0.00184886 0)
(1.00039 0.00227441 0)
(1.00053 0.00262763 0)
(1.00067 0.00292054 0)
(1.0008 0.00316347 0)
(1.00092 0.00336509 0)
(1.00102 0.00353263 0)
(1.00112 0.00367208 0)
(1.0012 0.00378834 0)
(1.00127 0.00388544 0)
(1.00133 0.00396667 0)
(1.00139 0.00403474 0)
(1.00143 0.00409195 0)
(1.00003 0.000691166 0)
(1.00011 0.00127433 0)
(1.00023 0.00176139 0)
(1.00037 0.00216629 0)
(1.00051 0.00250222 0)
(1.00064 0.00278072 0)
(1.00076 0.00301167 0)
(1.00087 0.00320336 0)
(1.00097 0.00336268 0)
(1.00106 0.00349531 0)
(1.00114 0.00360591 0)
(1.00121 0.00369832 0)
(1.00127 0.00377564 0)
(1.00132 0.00384045 0)
(1.00136 0.00389494 0)
(1.00003 0.000657726 0)
(1.00011 0.00121253 0)
(1.00022 0.00167568 0)
(1.00035 0.00206054 0)
(1.00048 0.00237973 0)
(1.00061 0.00264433 0)
(1.00072 0.00286375 0)
(1.00083 0.00304591 0)
(1.00092 0.00319733 0)
(1.00101 0.00332343 0)
(1.00108 0.00342861 0)
(1.00114 0.00351651 0)
(1.0012 0.00359009 0)
(1.00125 0.00365178 0)
(1.00129 0.00370366 0)
(1.00003 0.000624972 0)
(1.0001 0.00115205 0)
(1.00021 0.00159191 0)
(1.00033 0.00195731 0)
(1.00046 0.00226032 0)
(1.00058 0.00251151 0)
(1.00068 0.00271984 0)
(1.00078 0.00289282 0)
(1.00087 0.00303666 0)
(1.00095 0.00315648 0)
(1.00102 0.00325647 0)
(1.00108 0.00334005 0)
(1.00113 0.00341003 0)
(1.00118 0.00346872 0)
(1.00122 0.00351809 0)
(1.00002 0.000592976 0)
(1.0001 0.00109301 0)
(1.0002 0.00151022 0)
(1.00032 0.00185676 0)
(1.00043 0.00214412 0)
(1.00054 0.00238237 0)
(1.00065 0.00258001 0)
(1.00074 0.00274416 0)
(1.00083 0.00288071 0)
(1.0009 0.00299449 0)
(1.00096 0.00308947 0)
(1.00102 0.0031689 0)
(1.00107 0.00323542 0)
(1.00111 0.00329123 0)
(1.00115 0.00333819 0)
(1.00002 0.000561791 0)
(1.00009 0.0010355 0)
(1.00019 0.00143072 0)
(1.0003 0.00175899 0)
(1.00041 0.00203123 0)
(1.00051 0.00225698 0)
(1.00061 0.00244432 0)
(1.0007 0.00259996 0)
(1.00078 0.00272949 0)
(1.00085 0.00283746 0)
(1.00091 0.00292762 0)
(1.00096 0.00300304 0)
(1.00101 0.00306624 0)
(1.00105 0.00311927 0)
(1.00108 0.0031639 0)
(1.00002 0.000531462 0)
(1.00009 0.000979591 0)
(1.00018 0.00135348 0)
(1.00028 0.00166406 0)
(1.00039 0.00192169 0)
(1.00048 0.00213539 0)
(1.00058 0.00231278 0)
(1.00066 0.00246023 0)
(1.00073 0.00258298 0)
(1.0008 0.00268534 0)
(1.00086 0.00277086 0)
(1.00091 0.00284242 0)
(1.00095 0.00290241 0)
(1.00099 0.00295276 0)
(1.00102 0.00299514 0)
(1.00002 0.000502017 0)
(1.00008 0.000925335 0)
(1.00017 0.00127856 0)
(1.00027 0.00157204 0)
(1.00036 0.00181554 0)
(1.00046 0.0020176 0)
(1.00054 0.0021854 0)
(1.00062 0.00232494 0)
(1.00069 0.00244115 0)
(1.00075 0.00253811 0)
(1.00081 0.00261914 0)
(1.00085 0.00268698 0)
(1.00089 0.00274385 0)
(1.00093 0.00279161 0)
(1.00096 0.00283183 0)
(1.00002 0.000473476 0)
(1.00008 0.000872757 0)
(1.00016 0.00120599 0)
(1.00025 0.00148292 0)
(1.00034 0.00171279 0)
(1.00043 0.00190361 0)
(1.00051 0.00206215 0)
(1.00058 0.00219405 0)
(1.00065 0.00230395 0)
(1.00071 0.00239568 0)
(1.00076 0.00247238 0)
(1.0008 0.00253661 0)
(1.00084 0.00259049 0)
(1.00087 0.00263574 0)
(1.0009 0.00267386 0)
(1.00002 0.000445848 0)
(1.00007 0.000821869 0)
(1.00015 0.00113576 0)
(1.00023 0.00139672 0)
(1.00032 0.00161341 0)
(1.0004 0.00179337 0)
(1.00048 0.00194297 0)
(1.00055 0.00206749 0)
(1.00061 0.00217129 0)
(1.00066 0.00225797 0)
(1.00071 0.00233048 0)
(1.00075 0.00239122 0)
(1.00079 0.00244219 0)
(1.00082 0.00248501 0)
(1.00085 0.00252109 0)
(1.00002 0.000419131 0)
(1.00007 0.000772667 0)
(1.00014 0.00106787 0)
(1.00022 0.00131339 0)
(1.0003 0.00151735 0)
(1.00038 0.00168683 0)
(1.00045 0.00182779 0)
(1.00051 0.00194517 0)
(1.00057 0.00204308 0)
(1.00062 0.00212487 0)
(1.00067 0.00219332 0)
(1.00071 0.00225069 0)
(1.00074 0.00229883 0)
(1.00077 0.0023393 0)
(1.00079 0.00237341 0)
(1.00002 0.000393319 0)
(1.00006 0.000725131 0)
(1.00013 0.00100229 0)
(1.00021 0.00123289 0)
(1.00028 0.00142457 0)
(1.00035 0.00158392 0)
(1.00042 0.00171652 0)
(1.00048 0.001827 0)
(1.00054 0.0019192 0)
(1.00058 0.00199626 0)
(1.00063 0.00206077 0)
(1.00066 0.00211486 0)
(1.00069 0.00216028 0)
(1.00072 0.00219846 0)
(1.00075 0.00223065 0)
(1.00002 0.000368395 0)
(1.00006 0.000679232 0)
(1.00012 0.00093896 0)
(1.00019 0.00115517 0)
(1.00027 0.00133496 0)
(1.00033 0.00148452 0)
(1.0004 0.00160904 0)
(1.00045 0.00171285 0)
(1.0005 0.00179952 0)
(1.00055 0.00187199 0)
(1.00059 0.00193269 0)
(1.00062 0.0019836 0)
(1.00065 0.00202636 0)
(1.00068 0.00206232 0)
(1.0007 0.00209264 0)
(1.00001 0.000344337 0)
(1.00006 0.000634926 0)
(1.00012 0.000877827 0)
(1.00018 0.00108012 0)
(1.00025 0.00124844 0)
(1.00031 0.00138853 0)
(1.00037 0.00150523 0)
(1.00042 0.00160257 0)
(1.00047 0.00168388 0)
(1.00051 0.0017519 0)
(1.00055 0.0018089 0)
(1.00058 0.00185672 0)
(1.00061 0.0018969 0)
(1.00064 0.0019307 0)
(1.00066 0.00195921 0)
(1.00001 0.000321117 0)
(1.00005 0.000592162 0)
(1.00011 0.000818813 0)
(1.00017 0.00100767 0)
(1.00023 0.00116489 0)
(1.00029 0.00129582 0)
(1.00035 0.00140495 0)
(1.0004 0.00149602 0)
(1.00044 0.00157213 0)
(1.00048 0.00163584 0)
(1.00052 0.00168923 0)
(1.00055 0.00173405 0)
(1.00057 0.00177172 0)
(1.0006 0.00180342 0)
(1.00062 0.00183016 0)
(1.00001 0.000298704 0)
(1.00005 0.000550878 0)
(1.0001 0.000761834 0)
(1.00016 0.000937701 0)
(1.00022 0.00108419 0)
(1.00027 0.00120625 0)
(1.00033 0.00130804 0)
(1.00037 0.00139303 0)
(1.00042 0.00146409 0)
(1.00045 0.0015236 0)
(1.00049 0.0015735 0)
(1.00051 0.00161539 0)
(1.00054 0.00165062 0)
(1.00056 0.00168026 0)
(1.00058 0.00170528 0)
(1.00001 0.00027706 0)
(1.00005 0.000511008 0)
(1.0001 0.000706793 0)
(1.00015 0.000870095 0)
(1.00021 0.00100619 0)
(1.00026 0.00111966 0)
(1.00031 0.00121433 0)
(1.00035 0.00129342 0)
(1.00039 0.00135958 0)
(1.00042 0.001415 0)
(1.00046 0.00146149 0)
(1.00048 0.00150054 0)
(1.00051 0.00153338 0)
(1.00053 0.00156103 0)
(1.00054 0.00158437 0)
(1.00001 0.000256146 0)
(1.00004 0.000472474 0)
(1.00009 0.000653585 0)
(1.00014 0.000804725 0)
(1.00019 0.000930753 0)
(1.00024 0.00103588 0)
(1.00029 0.00112364 0)
(1.00033 0.00119699 0)
(1.00037 0.00125838 0)
(1.0004 0.00130982 0)
(1.00043 0.00135299 0)
(1.00045 0.00138927 0)
(1.00048 0.00141978 0)
(1.00049 0.00144548 0)
(1.00051 0.00146717 0)
(1.00001 0.000235915 0)
(1.00004 0.000435195 0)
(1.00008 0.000602098 0)
(1.00013 0.000741449 0)
(1.00018 0.000857709 0)
(1.00023 0.000954735 0)
(1.00027 0.00103578 0)
(1.00031 0.00110354 0)
(1.00034 0.00116028 0)
(1.00038 0.00120785 0)
(1.0004 0.00124778 0)
(1.00043 0.00128134 0)
(1.00045 0.00130959 0)
(1.00047 0.00133337 0)
(1.00048 0.00135346 0)
(1.00001 0.000216322 0)
(1.00004 0.000399084 0)
(1.00008 0.000552211 0)
(1.00012 0.000680121 0)
(1.00017 0.000786889 0)
(1.00021 0.000876038 0)
(1.00025 0.000950537 0)
(1.00029 0.00101286 0)
(1.00033 0.00106506 0)
(1.00035 0.00110885 0)
(1.00038 0.00114561 0)
(1.0004 0.00117652 0)
(1.00042 0.00120254 0)
(1.00044 0.00122446 0)
(1.00045 0.00124297 0)
(1.00001 0.000197314 0)
(1.00004 0.000364048 0)
(1.00007 0.000503795 0)
(1.00012 0.000620582 0)
(1.00016 0.000718113 0)
(1.0002 0.000799588 0)
(1.00024 0.000867705 0)
(1.00028 0.000924715 0)
(1.00031 0.000972486 0)
(1.00033 0.00101257 0)
(1.00036 0.00104623 0)
(1.00038 0.00107455 0)
(1.0004 0.00109838 0)
(1.00041 0.00111847 0)
(1.00043 0.00113544 0)
(1.00001 0.000178839 0)
(1.00003 0.000329986 0)
(1.00007 0.000456714 0)
(1.00011 0.000562666 0)
(1.00015 0.000651189 0)
(1.00019 0.000725174 0)
(1.00023 0.000787055 0)
(1.00026 0.000838866 0)
(1.00029 0.000882297 0)
(1.00032 0.000918748 0)
(1.00034 0.000949376 0)
(1.00036 0.000975141 0)
(1.00038 0.000996837 0)
(1.00039 0.00101512 0)
(1.00041 0.00103057 0)
(1.00001 0.00016084 0)
(1.00003 0.000296796 0)
(1.00007 0.000410824 0)
(1.00011 0.000506198 0)
(1.00014 0.000585917 0)
(1.00018 0.000652571 0)
(1.00022 0.000708344 0)
(1.00025 0.000755058 0)
(1.00028 0.000794231 0)
(1.0003 0.000827118 0)
(1.00032 0.00085476 0)
(1.00034 0.000878018 0)
(1.00036 0.000897608 0)
(1.00037 0.000914122 0)
(1.00038 0.000928077 0)
(1.00001 0.000143255 0)
(1.00003 0.000264365 0)
(1.00006 0.000365973 0)
(1.0001 0.00045099 0)
(1.00014 0.00052208 0)
(1.00017 0.000581544 0)
(1.00021 0.000631318 0)
(1.00024 0.000673024 0)
(1.00026 0.000708007 0)
(1.00029 0.000737385 0)
(1.00031 0.000762085 0)
(1.00032 0.000782872 0)
(1.00034 0.000800383 0)
(1.00035 0.000815148 0)
(1.00037 0.000827627 0)
(1.00001 0.000126021 0)
(1.00003 0.000232576 0)
(1.00006 0.000321998 0)
(1.0001 0.000396844 0)
(1.00013 0.000459453 0)
(1.00016 0.000511841 0)
(1.0002 0.000555708 0)
(1.00022 0.000592475 0)
(1.00025 0.000623325 0)
(1.00027 0.000649239 0)
(1.00029 0.000671031 0)
(1.00031 0.000689375 0)
(1.00033 0.000704831 0)
(1.00034 0.000717866 0)
(1.00035 0.000728883 0)
(1.00001 0.00010907 0)
(1.00003 0.000201303 0)
(1.00006 0.000278725 0)
(1.00009 0.000343548 0)
(1.00013 0.00039779 0)
(1.00016 0.000443193 0)
(1.00019 0.000481222 0)
(1.00022 0.000513105 0)
(1.00024 0.000539865 0)
(1.00026 0.000562348 0)
(1.00028 0.000581259 0)
(1.0003 0.00059718 0)
(1.00031 0.000610598 0)
(1.00032 0.000621914 0)
(1.00033 0.000631481 0)
(1.00001 9.23271e-05 0)
(1.00003 0.00017041 0)
(1.00006 0.000235969 0)
(1.00009 0.000290875 0)
(1.00012 0.000336832 0)
(1.00015 0.00037531 0)
(1.00018 0.000407549 0)
(1.00021 0.000434584 0)
(1.00023 0.00045728 0)
(1.00025 0.000476353 0)
(1.00027 0.000492398 0)
(1.00029 0.000505909 0)
(1.0003 0.000517297 0)
(1.00031 0.000526903 0)
(1.00032 0.000535024 0)
(1.00001 7.57127e-05 0)
(1.00003 0.000139751 0)
(1.00005 0.000193527 0)
(1.00009 0.000238575 0)
(1.00012 0.000276292 0)
(1.00015 0.000307878 0)
(1.00017 0.000334348 0)
(1.0002 0.000356551 0)
(1.00022 0.000375194 0)
(1.00024 0.000390864 0)
(1.00026 0.000404048 0)
(1.00028 0.000415152 0)
(1.00029 0.000424511 0)
(1.0003 0.000432407 0)
(1.00031 0.000439084 0)
(1.00001 5.91396e-05 0)
(1.00003 0.000109164 0)
(1.00005 0.000151178 0)
(1.00008 0.000186381 0)
(1.00011 0.000215859 0)
(1.00014 0.000240552 0)
(1.00017 0.000261249 0)
(1.00019 0.000278613 0)
(1.00022 0.000293194 0)
(1.00024 0.000305452 0)
(1.00025 0.000315768 0)
(1.00027 0.000324456 0)
(1.00028 0.000331781 0)
(1.00029 0.00033796 0)
(1.0003 0.000343186 0)
(1.00001 4.25103e-05 0)
(1.00002 7.84692e-05 0)
(1.00005 0.000108674 0)
(1.00008 0.000133985 0)
(1.00011 0.000155185 0)
(1.00014 0.000172945 0)
(1.00017 0.000187835 0)
(1.00019 0.000200327 0)
(1.00021 0.00021082 0)
(1.00023 0.000219642 0)
(1.00025 0.000227066 0)
(1.00026 0.00023332 0)
(1.00028 0.000238592 0)
(1.00029 0.000243041 0)
(1.0003 0.000246803 0)
(1.00001 2.57225e-05 0)
(1.00002 4.74759e-05 0)
(1.00005 6.57484e-05 0)
(1.00008 8.10618e-05 0)
(1.00011 9.38888e-05 0)
(1.00014 0.000104636 0)
(1.00016 0.000113647 0)
(1.00019 0.000121208 0)
(1.00021 0.000127559 0)
(1.00023 0.000132899 0)
(1.00024 0.000137394 0)
(1.00026 0.00014118 0)
(1.00027 0.000144372 0)
(1.00028 0.000147066 0)
(1.00029 0.000149344 0)
(1.00001 8.63828e-06 0)
(1.00002 1.59409e-05 0)
(1.00005 2.20744e-05 0)
(1.00008 2.72147e-05 0)
(1.00011 3.15204e-05 0)
(1.00014 3.5128e-05 0)
(1.00016 3.81528e-05 0)
(1.00019 4.06911e-05 0)
(1.00021 4.28234e-05 0)
(1.00023 4.46163e-05 0)
(1.00024 4.61253e-05 0)
(1.00026 4.73967e-05 0)
(1.00027 4.84686e-05 0)
(1.00028 4.93732e-05 0)
(1.00029 5.01382e-05 0)
(0.937889 0.0236516 0)
(0.917067 0.0243637 0)
(0.894533 0.0241323 0)
(0.87008 0.0234936 0)
(0.844772 0.0226739 0)
(0.819072 0.0217432 0)
(0.793054 0.0207454 0)
(0.766768 0.0197166 0)
(0.740298 0.0186801 0)
(0.713728 0.0176488 0)
(0.687131 0.0166301 0)
(0.660575 0.015628 0)
(0.634129 0.0146451 0)
(0.607863 0.0136824 0)
(0.581852 0.0127408 0)
(0.556168 0.0118205 0)
(0.53089 0.010922 0)
(0.506097 0.010046 0)
(0.481869 0.00919345 0)
(0.458286 0.00836584 0)
(0.435428 0.00756503 0)
(0.413372 0.00679334 0)
(0.392189 0.00605351 0)
(0.371948 0.00534859 0)
(0.352706 0.00468178 0)
(0.334513 0.00405631 0)
(0.317408 0.0034752 0)
(0.301415 0.00294108 0)
(0.286546 0.00245597 0)
(0.272798 0.00202114 0)
(0.260152 0.00163693 0)
(0.248576 0.00130272 0)
(0.238025 0.00101691 0)
(0.228443 0.000776971 0)
(0.219762 0.000579587 0)
(0.211909 0.000420807 0)
(0.204808 0.000296254 0)
(0.198379 0.000201333 0)
(0.192543 0.000131433 0)
(0.187226 8.21062e-05 0)
(0.182355 4.92131e-05 0)
(0.177866 2.9031e-05 0)
(0.173702 1.83185e-05 0)
(0.169812 1.43444e-05 0)
(0.166153 1.48836e-05 0)
(0.16269 1.81874e-05 0)
(0.159392 2.29357e-05 0)
(0.156237 2.81782e-05 0)
(0.153205 3.32717e-05 0)
(0.150283 3.78164e-05 0)
(0.14746 4.15987e-05 0)
(0.144726 4.45389e-05 0)
(0.142077 4.66487e-05 0)
(0.139506 4.79961e-05 0)
(0.137009 4.86795e-05 0)
(0.134584 4.88088e-05 0)
(0.132228 4.84925e-05 0)
(0.129936 4.78301e-05 0)
(0.127708 4.69084e-05 0)
(0.12554 4.57997e-05 0)
(0.12343 4.45626e-05 0)
(0.121376 4.3243e-05 0)
(0.119375 4.18762e-05 0)
(0.117425 4.04888e-05 0)
(0.115524 3.91001e-05 0)
(0.11367 3.77243e-05 0)
(0.111861 3.63713e-05 0)
(0.110094 3.50481e-05 0)
(0.108369 3.37593e-05 0)
(0.106683 3.2508e-05 0)
(0.105035 3.12961e-05 0)
(0.103423 3.01246e-05 0)
(0.101845 2.89941e-05 0)
(0.100302 2.79045e-05 0)
(0.0987902 2.68557e-05 0)
(0.0973096 2.58472e-05 0)
(0.0958586 2.48782e-05 0)
(0.0944361 2.39481e-05 0)
(0.0930411 2.30558e-05 0)
(0.0916724 2.22001e-05 0)
(0.0903291 2.13793e-05 0)
(0.0890101 2.05912e-05 0)
(0.0877146 1.98329e-05 0)
(0.0864417 1.91001e-05 0)
(0.0851908 1.83868e-05 0)
(0.0839609 1.7679e-05 0)
(0.0827601 1.68616e-05 0)
(0.0814982 1.88463e-05 0)
(0.0808493 -1.16907e-05 0)
(0.0776181 0.000180412 0)
(0.970032 0.0207524 0)
(0.971966 0.0245159 0)
(0.972508 0.0265798 0)
(0.971285 0.0278771 0)
(0.968766 0.0287748 0)
(0.965185 0.02937 0)
(0.960574 0.0297253 0)
(0.954944 0.0298963 0)
(0.948338 0.0299199 0)
(0.940801 0.0298168 0)
(0.932376 0.0295998 0)
(0.923104 0.0292778 0)
(0.913026 0.0288573 0)
(0.902187 0.0283433 0)
(0.890634 0.0277403 0)
(0.878416 0.0270524 0)
(0.865587 0.0262839 0)
(0.852204 0.0254396 0)
(0.838328 0.0245246 0)
(0.824021 0.023545 0)
(0.80935 0.0225076 0)
(0.794384 0.0214202 0)
(0.779193 0.0202914 0)
(0.763848 0.0191309 0)
(0.748419 0.0179491 0)
(0.732973 0.0167572 0)
(0.717577 0.0155667 0)
(0.702293 0.0143893 0)
(0.687177 0.0132367 0)
(0.67228 0.0121197 0)
(0.657646 0.0110487 0)
(0.643313 0.0100324 0)
(0.629311 0.00907821 0)
(0.615664 0.00819163 0)
(0.602389 0.00737632 0)
(0.589495 0.00663394 0)
(0.576988 0.00596431 0)
(0.564868 0.00536555 0)
(0.55313 0.0048343 0)
(0.541769 0.00436608 0)
(0.530774 0.00395557 0)
(0.520133 0.00359699 0)
(0.509836 0.00328435 0)
(0.499868 0.00301177 0)
(0.490215 0.00277365 0)
(0.480865 0.00256485 0)
(0.471804 0.00238078 0)
(0.463019 0.00221743 0)
(0.454498 0.00207141 0)
(0.44623 0.00193988 0)
(0.438202 0.00182053 0)
(0.430405 0.00171151 0)
(0.422828 0.00161132 0)
(0.415462 0.00151881 0)
(0.408298 0.00143304 0)
(0.401328 0.0013533 0)
(0.394543 0.00127898 0)
(0.387935 0.00120961 0)
(0.381498 0.00114478 0)
(0.375225 0.00108413 0)
(0.369108 0.00102734 0)
(0.363141 0.000974145 0)
(0.357319 0.000924266 0)
(0.351635 0.000877466 0)
(0.346084 0.000833521 0)
(0.340661 0.000792223 0)
(0.335361 0.00075338 0)
(0.33018 0.000716815 0)
(0.325112 0.000682365 0)
(0.320153 0.000649881 0)
(0.3153 0.000619228 0)
(0.310549 0.000590281 0)
(0.305895 0.000562927 0)
(0.301336 0.000537063 0)
(0.296868 0.000512596 0)
(0.292489 0.000489439 0)
(0.288194 0.000467513 0)
(0.28398 0.000446746 0)
(0.279846 0.000427069 0)
(0.275788 0.000408419 0)
(0.271803 0.000390736 0)
(0.26789 0.000373957 0)
(0.264044 0.000358021 0)
(0.260265 0.00034286 0)
(0.25655 0.0003284 0)
(0.252897 0.000314386 0)
(0.249311 0.000302702 0)
(0.245708 0.000280555 0)
(0.242843 0.000273687 0)
(0.23634 0.000694153 0)
(0.976315 0.0203564 0)
(0.978065 0.0235536 0)
(0.98001 0.0257143 0)
(0.98169 0.0273512 0)
(0.983085 0.0286853 0)
(0.984214 0.029763 0)
(0.985037 0.0306151 0)
(0.985503 0.0312791 0)
(0.98558 0.0317837 0)
(0.985244 0.0321462 0)
(0.984472 0.0323774 0)
(0.983244 0.0324849 0)
(0.981538 0.0324736 0)
(0.979339 0.0323472 0)
(0.976631 0.0321084 0)
(0.973405 0.0317594 0)
(0.969654 0.0313026 0)
(0.965376 0.0307409 0)
(0.960576 0.0300779 0)
(0.955259 0.0293184 0)
(0.94944 0.0284683 0)
(0.943136 0.027535 0)
(0.936371 0.0265272 0)
(0.929169 0.0254553 0)
(0.921564 0.0243309 0)
(0.913588 0.0231666 0)
(0.905278 0.0219762 0)
(0.896671 0.0207737 0)
(0.887807 0.019573 0)
(0.878723 0.0183879 0)
(0.869457 0.0172309 0)
(0.860044 0.0161134 0)
(0.850516 0.0150447 0)
(0.840903 0.0140324 0)
(0.831232 0.0130818 0)
(0.821524 0.0121959 0)
(0.811798 0.0113759 0)
(0.802071 0.0106209 0)
(0.792354 0.00992862 0)
(0.782658 0.00929547 0)
(0.77299 0.00871712 0)
(0.763358 0.00818872 0)
(0.753764 0.00770526 0)
(0.744215 0.0072618 0)
(0.734713 0.00685369 0)
(0.725262 0.00647667 0)
(0.715865 0.00612696 0)
(0.706526 0.00580129 0)
(0.697249 0.00549691 0)
(0.688038 0.0052115 0)
(0.678896 0.00494315 0)
(0.669829 0.00469032 0)
(0.660839 0.00445172 0)
(0.651931 0.00422633 0)
(0.64311 0.00401325 0)
(0.634378 0.00381174 0)
(0.625739 0.00362114 0)
(0.617197 0.00344087 0)
(0.608753 0.00327038 0)
(0.600411 0.00310915 0)
(0.592173 0.00295669 0)
(0.584039 0.00281253 0)
(0.576011 0.00267622 0)
(0.568091 0.00254732 0)
(0.560279 0.00242541 0)
(0.552575 0.00231009 0)
(0.544979 0.00220098 0)
(0.537491 0.00209771 0)
(0.53011 0.00199993 0)
(0.522837 0.00190733 0)
(0.51567 0.00181961 0)
(0.508607 0.00173647 0)
(0.501649 0.00165766 0)
(0.494793 0.00158292 0)
(0.488038 0.00151203 0)
(0.481383 0.00144477 0)
(0.474826 0.00138094 0)
(0.468365 0.00132035 0)
(0.461999 0.00126283 0)
(0.455725 0.00120821 0)
(0.449542 0.00115632 0)
(0.443447 0.00110702 0)
(0.437439 0.00106014 0)
(0.431517 0.00101551 0)
(0.425677 0.000972929 0)
(0.41992 0.000932113 0)
(0.414245 0.00089465 0)
(0.408614 0.000843861 0)
(0.403482 0.000861765 0)
(0.395248 0.00132553 0)
(0.979863 0.018578 0)
(0.980938 0.0211131 0)
(0.982423 0.0231771 0)
(0.984009 0.0248891 0)
(0.985593 0.0263472 0)
(0.987161 0.0275884 0)
(0.988694 0.0286379 0)
(0.990166 0.0295235 0)
(0.991555 0.0302693 0)
(0.992843 0.0308912 0)
(0.994015 0.0313988 0)
(0.995053 0.031798 0)
(0.995937 0.0320917 0)
(0.996647 0.0322808 0)
(0.997162 0.0323649 0)
(0.997459 0.0323429 0)
(0.997516 0.0322135 0)
(0.997313 0.0319759 0)
(0.996829 0.0316301 0)
(0.996046 0.0311769 0)
(0.994948 0.0306189 0)
(0.993522 0.0299601 0)
(0.991758 0.0292066 0)
(0.989651 0.0283659 0)
(0.987196 0.0274478 0)
(0.984398 0.0264635 0)
(0.98126 0.0254258 0)
(0.977793 0.0243485 0)
(0.974008 0.0232461 0)
(0.969921 0.0221331 0)
(0.96555 0.0210237 0)
(0.960914 0.0199313 0)
(0.956031 0.0188677 0)
(0.950923 0.0178431 0)
(0.945609 0.0168657 0)
(0.940105 0.0159413 0)
(0.93443 0.0150737 0)
(0.928597 0.0142646 0)
(0.922619 0.0135137 0)
(0.916507 0.0128194 0)
(0.91027 0.0121787 0)
(0.903914 0.0115876 0)
(0.897446 0.0110419 0)
(0.890869 0.0105369 0)
(0.884188 0.0100679 0)
(0.877406 0.00963071 0)
(0.870526 0.00922123 0)
(0.863551 0.00883589 0)
(0.856485 0.00847164 0)
(0.84933 0.00812587 0)
(0.842092 0.00779647 0)
(0.834774 0.00748172 0)
(0.827381 0.00718025 0)
(0.819919 0.006891 0)
(0.812392 0.00661314 0)
(0.804806 0.00634602 0)
(0.797167 0.00608912 0)
(0.789481 0.00584202 0)
(0.781754 0.00560438 0)
(0.773992 0.00537586 0)
(0.766201 0.00515619 0)
(0.758387 0.0049451 0)
(0.750555 0.00474232 0)
(0.742712 0.0045476 0)
(0.734863 0.00436067 0)
(0.727014 0.00418129 0)
(0.719169 0.00400919 0)
(0.711334 0.00384414 0)
(0.703514 0.00368589 0)
(0.695712 0.00353419 0)
(0.687934 0.00338882 0)
(0.680184 0.00324953 0)
(0.672464 0.00311612 0)
(0.66478 0.00298836 0)
(0.657133 0.00286605 0)
(0.649527 0.00274897 0)
(0.641965 0.00263694 0)
(0.634449 0.00252976 0)
(0.626982 0.00242724 0)
(0.619564 0.0023292 0)
(0.612199 0.00223546 0)
(0.604886 0.00214582 0)
(0.597628 0.00206007 0)
(0.590425 0.001978 0)
(0.58328 0.00189931 0)
(0.576192 0.00182375 0)
(0.569165 0.00175195 0)
(0.56218 0.00167106 0)
(0.555486 0.00170228 0)
(0.546513 0.0020484 0)
(0.982852 0.0179068 0)
(0.983579 0.0200413 0)
(0.984634 0.0219304 0)
(0.985862 0.0235659 0)
(0.98718 0.0249874 0)
(0.988557 0.0262229 0)
(0.989974 0.0272909 0)
(0.991412 0.0282094 0)
(0.992856 0.0289957 0)
(0.994295 0.0296632 0)
(0.995721 0.0302213 0)
(0.997127 0.0306765 0)
(0.998504 0.031033 0)
(0.999843 0.0312931 0)
(1.00113 0.0314579 0)
(1.00236 0.0315272 0)
(1.00351 0.0315007 0)
(1.00457 0.0313778 0)
(1.00553 0.0311581 0)
(1.00636 0.0308418 0)
(1.00704 0.0304302 0)
(1.00757 0.0299257 0)
(1.00792 0.0293322 0)
(1.00808 0.0286552 0)
(1.00803 0.0279019 0)
(1.00777 0.027081 0)
(1.00728 0.0262029 0)
(1.00655 0.0252793 0)
(1.00559 0.0243226 0)
(1.0044 0.0233458 0)
(1.00297 0.0223619 0)
(1.00132 0.0213833 0)
(0.999448 0.0204217 0)
(0.997365 0.0194871 0)
(0.995082 0.018588 0)
(0.992609 0.0177309 0)
(0.989956 0.0169204 0)
(0.987135 0.016159 0)
(0.984153 0.0154476 0)
(0.981018 0.0147853 0)
(0.977737 0.0141702 0)
(0.974315 0.0135993 0)
(0.970755 0.0130689 0)
(0.967059 0.012575 0)
(0.96323 0.0121137 0)
(0.959268 0.0116809 0)
(0.955174 0.0112731 0)
(0.950946 0.0108869 0)
(0.946585 0.0105194 0)
(0.94209 0.0101682 0)
(0.937462 0.00983136 0)
(0.932701 0.00950717 0)
(0.927806 0.00919435 0)
(0.922781 0.0088919 0)
(0.917624 0.00859902 0)
(0.912339 0.00831513 0)
(0.906927 0.00803976 0)
(0.90139 0.00777253 0)
(0.895732 0.00751315 0)
(0.889955 0.00726136 0)
(0.884063 0.00701696 0)
(0.878059 0.00677973 0)
(0.871948 0.00654951 0)
(0.865732 0.00632611 0)
(0.859417 0.00610936 0)
(0.853006 0.00589912 0)
(0.846505 0.00569522 0)
(0.839917 0.00549752 0)
(0.833248 0.00530587 0)
(0.826502 0.00512015 0)
(0.819684 0.00494022 0)
(0.8128 0.00476597 0)
(0.805853 0.00459726 0)
(0.798849 0.00443399 0)
(0.791794 0.00427604 0)
(0.78469 0.00412332 0)
(0.777544 0.00397571 0)
(0.77036 0.00383312 0)
(0.763143 0.00369542 0)
(0.755896 0.00356253 0)
(0.748624 0.0034343 0)
(0.741331 0.00331063 0)
(0.734021 0.00319133 0)
(0.726699 0.0030762 0)
(0.719367 0.00296497 0)
(0.71203 0.0028574 0)
(0.704693 0.00275351 0)
(0.697344 0.00264764 0)
(0.690161 0.00266782 0)
(0.681379 0.00279536 0)
(0.985241 0.017311 0)
(0.985771 0.0190495 0)
(0.986552 0.0206676 0)
(0.987515 0.0221341 0)
(0.988602 0.0234528 0)
(0.989778 0.0246322 0)
(0.991021 0.0256789 0)
(0.992313 0.0266007 0)
(0.993638 0.0274064 0)
(0.994987 0.0281042 0)
(0.996351 0.0287009 0)
(0.997726 0.0292012 0)
(0.999105 0.0296085 0)
(1.00048 0.0299251 0)
(1.00186 0.030152 0)
(1.00322 0.0302896 0)
(1.00456 0.0303377 0)
(1.00587 0.030296 0)
(1.00714 0.0301644 0)
(1.00836 0.0299431 0)
(1.00952 0.0296332 0)
(1.01061 0.0292366 0)
(1.01161 0.0287563 0)
(1.01251 0.0281969 0)
(1.0133 0.0275642 0)
(1.01396 0.0268656 0)
(1.0145 0.0261097 0)
(1.01489 0.0253066 0)
(1.01513 0.0244669 0)
(1.01522 0.0236022 0)
(1.01515 0.0227241 0)
(1.01492 0.021844 0)
(1.01454 0.0209725 0)
(1.01401 0.0201195 0)
(1.01334 0.0192933 0)
(1.01252 0.0185006 0)
(1.01157 0.0177465 0)
(1.0105 0.0170343 0)
(1.0093 0.0163656 0)
(1.00799 0.0157408 0)
(1.00657 0.0151585 0)
(1.00505 0.0146168 0)
(1.00341 0.0141127 0)
(1.00168 0.0136431 0)
(0.99984 0.0132043 0)
(0.997897 0.0127929 0)
(0.995849 0.0124054 0)
(0.993693 0.0120388 0)
(0.991427 0.0116901 0)
(0.989048 0.0113569 0)
(0.986554 0.0110373 0)
(0.983942 0.0107294 0)
(0.981209 0.0104318 0)
(0.978352 0.0101435 0)
(0.975371 0.00986356 0)
(0.972261 0.00959129 0)
(0.969023 0.00932616 0)
(0.965653 0.00906773 0)
(0.962152 0.00881567 0)
(0.958519 0.00856971 0)
(0.954752 0.0083296 0)
(0.950852 0.00809516 0)
(0.946818 0.00786621 0)
(0.942651 0.00764258 0)
(0.938351 0.00742415 0)
(0.933919 0.00721077 0)
(0.929356 0.00700232 0)
(0.924662 0.00679871 0)
(0.919841 0.00659982 0)
(0.914893 0.00640557 0)
(0.90982 0.00621589 0)
(0.904625 0.0060307 0)
(0.89931 0.00584994 0)
(0.893878 0.00567355 0)
(0.88833 0.00550149 0)
(0.882672 0.00533372 0)
(0.876904 0.0051702 0)
(0.871031 0.00501089 0)
(0.865057 0.00485576 0)
(0.858984 0.00470477 0)
(0.852816 0.00455786 0)
(0.846556 0.00441497 0)
(0.840209 0.00427599 0)
(0.833778 0.00414075 0)
(0.827268 0.00400901 0)
(0.820683 0.00388053 0)
(0.814028 0.00375523 0)
(0.807294 0.00363303 0)
(0.800652 0.00362433 0)
(0.79287 0.0035055 0)
(0.98727 0.0168477 0)
(0.987697 0.0183139 0)
(0.988316 0.0197262 0)
(0.989094 0.0210512 0)
(0.989998 0.022275 0)
(0.991 0.0233932 0)
(0.992079 0.0244041 0)
(0.993219 0.025309 0)
(0.994407 0.0261112 0)
(0.995632 0.0268146 0)
(0.996886 0.0274232 0)
(0.998162 0.0279401 0)
(0.999454 0.0283679 0)
(1.00076 0.0287082 0)
(1.00207 0.0289623 0)
(1.00338 0.0291306 0)
(1.00469 0.0292136 0)
(1.00598 0.0292112 0)
(1.00726 0.029124 0)
(1.00852 0.0289524 0)
(1.00974 0.0286977 0)
(1.01092 0.0283619 0)
(1.01205 0.0279479 0)
(1.01312 0.0274598 0)
(1.01412 0.0269028 0)
(1.01504 0.0262835 0)
(1.01587 0.0256094 0)
(1.01661 0.0248892 0)
(1.01725 0.0241327 0)
(1.01779 0.02335 0)
(1.01822 0.0225514 0)
(1.01854 0.0217474 0)
(1.01876 0.0209477 0)
(1.01887 0.0201616 0)
(1.01889 0.0193968 0)
(1.0188 0.0186601 0)
(1.01863 0.0179565 0)
(1.01838 0.0172897 0)
(1.01804 0.0166617 0)
(1.01763 0.0160733 0)
(1.01715 0.0155239 0)
(1.01661 0.0150121 0)
(1.016 0.0145355 0)
(1.01533 0.0140914 0)
(1.0146 0.0136768 0)
(1.0138 0.0132885 0)
(1.01295 0.0129234 0)
(1.01202 0.0125786 0)
(1.01103 0.0122513 0)
(1.00997 0.0119394 0)
(1.00883 0.0116406 0)
(1.00762 0.0113533 0)
(1.00632 0.0110761 0)
(1.00494 0.0108079 0)
(1.00347 0.0105476 0)
(1.00191 0.0102945 0)
(1.00025 0.0100481 0)
(0.998495 0.0098078 0)
(0.996637 0.00957324 0)
(0.994674 0.00934409 0)
(0.992603 0.00912007 0)
(0.99042 0.00890092 0)
(0.988124 0.00868644 0)
(0.985712 0.00847641 0)
(0.983182 0.00827068 0)
(0.98053 0.00806906 0)
(0.977756 0.00787142 0)
(0.974857 0.00767762 0)
(0.971832 0.00748755 0)
(0.96868 0.0073011 0)
(0.965398 0.00711818 0)
(0.961986 0.00693872 0)
(0.958444 0.00676265 0)
(0.954769 0.00658992 0)
(0.950964 0.0064205 0)
(0.947025 0.00625434 0)
(0.942955 0.00609144 0)
(0.938753 0.00593177 0)
(0.93442 0.00577531 0)
(0.929956 0.00562207 0)
(0.925362 0.005472 0)
(0.920639 0.00532507 0)
(0.915788 0.0051812 0)
(0.910811 0.00504023 0)
(0.90571 0.00490192 0)
(0.900488 0.00476598 0)
(0.895147 0.00463241 0)
(0.889681 0.00450327 0)
(0.884266 0.00445978 0)
(0.877972 0.00412707 0)
(0.989013 0.0164297 0)
(0.989376 0.0176813 0)
(0.989887 0.0189088 0)
(0.990533 0.0200856 0)
(0.991294 0.0211948 0)
(0.992153 0.022227 0)
(0.993093 0.0231767 0)
(0.9941 0.0240409 0)
(0.995163 0.024819 0)
(0.996272 0.0255115 0)
(0.997417 0.0261194 0)
(0.998592 0.0266441 0)
(0.999791 0.0270865 0)
(1.00101 0.0274473 0)
(1.00224 0.0277271 0)
(1.00347 0.0279261 0)
(1.00471 0.0280443 0)
(1.00594 0.0280819 0)
(1.00717 0.028039 0)
(1.00838 0.0279164 0)
(1.00956 0.0277151 0)
(1.01071 0.0274368 0)
(1.01183 0.0270843 0)
(1.0129 0.0266612 0)
(1.01392 0.0261721 0)
(1.01487 0.0256228 0)
(1.01577 0.0250201 0)
(1.01658 0.0243718 0)
(1.01733 0.0236865 0)
(1.01799 0.0229733 0)
(1.01857 0.0222416 0)
(1.01906 0.021501 0)
(1.01948 0.0207606 0)
(1.01982 0.0200288 0)
(1.02008 0.0193133 0)
(1.02028 0.0186206 0)
(1.0204 0.0179558 0)
(1.02047 0.0173227 0)
(1.02048 0.0167239 0)
(1.02045 0.0161607 0)
(1.02037 0.015633 0)
(1.02025 0.01514 0)
(1.0201 0.0146802 0)
(1.01991 0.0142512 0)
(1.01969 0.0138505 0)
(1.01943 0.0134755 0)
(1.01915 0.0131234 0)
(1.01883 0.0127915 0)
(1.01848 0.0124775 0)
(1.0181 0.0121789 0)
(1.01767 0.011894 0)
(1.01721 0.011621 0)
(1.0167 0.0113585 0)
(1.01614 0.0111053 0)
(1.01554 0.0108604 0)
(1.01488 0.010623 0)
(1.01417 0.0103924 0)
(1.01339 0.0101681 0)
(1.01255 0.00994967 0)
(1.01165 0.00973665 0)
(1.01068 0.00952873 0)
(1.00963 0.0093256 0)
(1.00851 0.00912699 0)
(1.0073 0.00893265 0)
(1.00602 0.00874237 0)
(1.00464 0.00855594 0)
(1.00318 0.00837316 0)
(1.00162 0.00819387 0)
(0.999967 0.0080179 0)
(0.998214 0.00784511 0)
(0.996357 0.00767539 0)
(0.994394 0.00750861 0)
(0.992322 0.00734468 0)
(0.990138 0.00718353 0)
(0.987839 0.00702508 0)
(0.985424 0.00686928 0)
(0.982888 0.00671609 0)
(0.98023 0.00656547 0)
(0.977448 0.0064174 0)
(0.97454 0.00627184 0)
(0.971503 0.00612876 0)
(0.968337 0.0059881 0)
(0.965038 0.00584977 0)
(0.961607 0.0057136 0)
(0.958042 0.0055793 0)
(0.954343 0.00544652 0)
(0.950511 0.00531514 0)
(0.94654 0.0051866 0)
(0.942598 0.0051119 0)
(0.937916 0.00463253 0)
(0.990539 0.0160426 0)
(0.990862 0.0171275 0)
(0.991301 0.0182041 0)
(0.991852 0.0192525 0)
(0.992506 0.0202574 0)
(0.99325 0.0212077 0)
(0.994074 0.0220955 0)
(0.994966 0.0229153 0)
(0.995917 0.0236636 0)
(0.996917 0.0243384 0)
(0.99796 0.0249385 0)
(0.999037 0.0254634 0)
(1.00014 0.0259128 0)
(1.00127 0.0262864 0)
(1.00242 0.026584 0)
(1.00357 0.0268056 0)
(1.00473 0.0269508 0)
(1.0059 0.0270197 0)
(1.00706 0.0270125 0)
(1.0082 0.0269296 0)
(1.00933 0.0267721 0)
(1.01043 0.0265416 0)
(1.01151 0.0262405 0)
(1.01254 0.0258721 0)
(1.01353 0.0254404 0)
(1.01447 0.0249507 0)
(1.01535 0.0244089 0)
(1.01618 0.0238222 0)
(1.01693 0.023198 0)
(1.01762 0.0225448 0)
(1.01824 0.0218711 0)
(1.01878 0.0211854 0)
(1.01926 0.0204964 0)
(1.01967 0.0198119 0)
(1.02002 0.0191391 0)
(1.02031 0.0184843 0)
(1.02054 0.0178528 0)
(1.02073 0.0172484 0)
(1.02087 0.0166741 0)
(1.02098 0.0161314 0)
(1.02105 0.015621 0)
(1.02109 0.0151425 0)
(1.02112 0.0146947 0)
(1.02112 0.014276 0)
(1.0211 0.0138844 0)
(1.02107 0.0135175 0)
(1.02102 0.013173 0)
(1.02096 0.0128485 0)
(1.02088 0.0125417 0)
(1.02079 0.0122507 0)
(1.02068 0.0119734 0)
(1.02056 0.0117085 0)
(1.02041 0.0114544 0)
(1.02025 0.01121 0)
(1.02006 0.0109743 0)
(1.01985 0.0107465 0)
(1.01961 0.0105259 0)
(1.01934 0.010312 0)
(1.01904 0.0101042 0)
(1.0187 0.00990216 0)
(1.01833 0.0097055 0)
(1.01791 0.00951388 0)
(1.01746 0.00932703 0)
(1.01695 0.00914465 0)
(1.0164 0.00896651 0)
(1.0158 0.00879237 0)
(1.01514 0.00862201 0)
(1.01443 0.00845523 0)
(1.01365 0.00829185 0)
(1.01281 0.00813169 0)
(1.0119 0.00797459 0)
(1.01092 0.00782041 0)
(1.00987 0.00766902 0)
(1.00873 0.00752032 0)
(1.00752 0.0073742 0)
(1.00622 0.00723058 0)
(1.00483 0.00708938 0)
(1.00334 0.00695053 0)
(1.00176 0.00681398 0)
(1.00009 0.00667968 0)
(0.998303 0.00654756 0)
(0.996414 0.00641753 0)
(0.994415 0.00628946 0)
(0.992303 0.00616315 0)
(0.990074 0.00603827 0)
(0.987726 0.00591434 0)
(0.985259 0.00579095 0)
(0.982666 0.00566741 0)
(0.980095 0.00556984 0)
(0.976869 0.00501931 0)
(0.991888 0.0156717 0)
(0.992183 0.016622 0)
(0.992571 0.0175718 0)
(0.993052 0.0185064 0)
(0.993623 0.0194129 0)
(0.994274 0.0202808 0)
(0.995 0.0211017 0)
(0.995793 0.0218692 0)
(0.996645 0.0225782 0)
(0.997548 0.0232254 0)
(0.998495 0.023808 0)
(0.999481 0.0243242 0)
(1.0005 0.0247726 0)
(1.00154 0.0251521 0)
(1.00261 0.0254618 0)
(1.00368 0.0257011 0)
(1.00477 0.0258693 0)
(1.00587 0.0259662 0)
(1.00696 0.0259916 0)
(1.00804 0.0259459 0)
(1.00911 0.0258299 0)
(1.01016 0.025645 0)
(1.01119 0.025393 0)
(1.01218 0.025077 0)
(1.01314 0.0247004 0)
(1.01405 0.0242678 0)
(1.01491 0.0237846 0)
(1.01571 0.0232569 0)
(1.01646 0.0226916 0)
(1.01715 0.022096 0)
(1.01777 0.0214779 0)
(1.01833 0.0208453 0)
(1.01883 0.0202057 0)
(1.01927 0.0195667 0)
(1.01965 0.0189351 0)
(1.01998 0.0183169 0)
(1.02026 0.0177173 0)
(1.02049 0.0171404 0)
(1.02068 0.0165891 0)
(1.02084 0.0160656 0)
(1.02098 0.0155707 0)
(1.02108 0.0151046 0)
(1.02117 0.0146668 0)
(1.02124 0.014256 0)
(1.0213 0.0138706 0)
(1.02135 0.0135087 0)
(1.0214 0.0131684 0)
(1.02143 0.0128475 0)
(1.02146 0.0125441 0)
(1.02148 0.0122564 0)
(1.0215 0.0119825 0)
(1.02151 0.0117211 0)
(1.02151 0.0114707 0)
(1.0215 0.0112304 0)
(1.02149 0.010999 0)
(1.02147 0.0107759 0)
(1.02143 0.0105603 0)
(1.02138 0.0103517 0)
(1.02132 0.0101496 0)
(1.02125 0.00995353 0)
(1.02116 0.00976314 0)
(1.02104 0.00957811 0)
(1.02091 0.00939814 0)
(1.02076 0.00922294 0)
(1.02058 0.00905226 0)
(1.02038 0.00888587 0)
(1.02015 0.00872353 0)
(1.01989 0.00856505 0)
(1.0196 0.00841021 0)
(1.01927 0.00825884 0)
(1.0189 0.00811077 0)
(1.01849 0.00796584 0)
(1.01804 0.00782391 0)
(1.01754 0.00768486 0)
(1.017 0.00754855 0)
(1.0164 0.0074149 0)
(1.01574 0.0072838 0)
(1.01502 0.00715517 0)
(1.01424 0.00702893 0)
(1.0134 0.006905 0)
(1.01248 0.00678329 0)
(1.01149 0.0066637 0)
(1.01041 0.00654607 0)
(1.00926 0.00643015 0)
(1.00802 0.00631556 0)
(1.00669 0.00620169 0)
(1.00528 0.00608775 0)
(1.00376 0.00597064 0)
(1.00226 0.00585895 0)
(1.00019 0.00530187 0)
(0.993092 0.0153109 0)
(0.993366 0.0161509 0)
(0.993716 0.0169943 0)
(0.994144 0.0178303 0)
(0.994649 0.0186486 0)
(0.995227 0.0194399 0)
(0.995872 0.0201962 0)
(0.99658 0.020911 0)
(0.997344 0.0215787 0)
(0.99816 0.0221948 0)
(0.999021 0.0227559 0)
(0.999922 0.023259 0)
(1.00086 0.0237019 0)
(1.00182 0.0240828 0)
(1.00281 0.0244 0)
(1.00381 0.0246525 0)
(1.00483 0.0248392 0)
(1.00585 0.0249595 0)
(1.00688 0.0250132 0)
(1.0079 0.0250001 0)
(1.00892 0.0249209 0)
(1.00991 0.0247767 0)
(1.01089 0.0245691 0)
(1.01184 0.0243006 0)
(1.01276 0.0239743 0)
(1.01363 0.0235941 0)
(1.01447 0.0231647 0)
(1.01525 0.0226915 0)
(1.01599 0.0221808 0)
(1.01667 0.021639 0)
(1.01729 0.0210731 0)
(1.01786 0.0204903 0)
(1.01837 0.0198977 0)
(1.01882 0.0193022 0)
(1.01922 0.0187102 0)
(1.01957 0.0181275 0)
(1.01987 0.0175591 0)
(1.02013 0.0170091 0)
(1.02035 0.0164807 0)
(1.02054 0.0159763 0)
(1.0207 0.015497 0)
(1.02084 0.0150435 0)
(1.02096 0.0146156 0)
(1.02107 0.0142126 0)
(1.02116 0.0138333 0)
(1.02124 0.0134761 0)
(1.02132 0.0131394 0)
(1.02139 0.0128214 0)
(1.02146 0.0125204 0)
(1.02152 0.0122347 0)
(1.02158 0.0119627 0)
(1.02164 0.0117032 0)
(1.0217 0.0114548 0)
(1.02175 0.0112164 0)
(1.0218 0.0109872 0)
(1.02185 0.0107663 0)
(1.0219 0.0105531 0)
(1.02194 0.0103471 0)
(1.02197 0.0101477 0)
(1.022 0.00995462 0)
(1.02202 0.00976736 0)
(1.02204 0.00958565 0)
(1.02205 0.00940919 0)
(1.02205 0.00923772 0)
(1.02203 0.00907099 0)
(1.02201 0.00890875 0)
(1.02198 0.0087508 0)
(1.02193 0.00859693 0)
(1.02187 0.00844695 0)
(1.02179 0.00830069 0)
(1.02169 0.00815797 0)
(1.02157 0.00801865 0)
(1.02144 0.00788257 0)
(1.02127 0.00774962 0)
(1.02108 0.00761968 0)
(1.02087 0.00749263 0)
(1.02062 0.00736839 0)
(1.02034 0.00724686 0)
(1.02002 0.00712795 0)
(1.01967 0.00701158 0)
(1.01927 0.00689766 0)
(1.01883 0.00678607 0)
(1.01834 0.00667663 0)
(1.01779 0.00656908 0)
(1.01719 0.006463 0)
(1.01654 0.00635768 0)
(1.01582 0.0062519 0)
(1.01503 0.00614062 0)
(1.01427 0.00602164 0)
(1.01301 0.00550245 0)
(0.994171 0.0149562 0)
(0.994429 0.0157039 0)
(0.994749 0.016457 0)
(0.995136 0.0172073 0)
(0.995589 0.0179466 0)
(0.996106 0.018667 0)
(0.996683 0.0193615 0)
(0.997319 0.0200238 0)
(0.998008 0.0206482 0)
(0.998746 0.0212301 0)
(0.999529 0.0217653 0)
(1.00035 0.0222505 0)
(1.00121 0.0226829 0)
(1.0021 0.0230599 0)
(1.00301 0.0233798 0)
(1.00394 0.0236407 0)
(1.00489 0.0238413 0)
(1.00585 0.0239808 0)
(1.00681 0.0240585 0)
(1.00778 0.0240742 0)
(1.00873 0.024028 0)
(1.00968 0.0239209 0)
(1.01061 0.0237541 0)
(1.01152 0.0235297 0)
(1.01239 0.0232502 0)
(1.01324 0.0229191 0)
(1.01405 0.0225405 0)
(1.01481 0.0221191 0)
(1.01553 0.0216603 0)
(1.0162 0.02117 0)
(1.01682 0.0206544 0)
(1.01738 0.0201199 0)
(1.0179 0.0195731 0)
(1.01836 0.0190204 0)
(1.01877 0.0184676 0)
(1.01914 0.0179203 0)
(1.01946 0.0173834 0)
(1.01974 0.0168609 0)
(1.01998 0.0163562 0)
(1.02019 0.0158716 0)
(1.02037 0.0154089 0)
(1.02053 0.014969 0)
(1.02068 0.0145519 0)
(1.0208 0.0141575 0)
(1.02091 0.0137848 0)
(1.02102 0.0134327 0)
(1.02111 0.0131 0)
(1.0212 0.0127851 0)
(1.02129 0.0124864 0)
(1.02137 0.0122026 0)
(1.02145 0.0119323 0)
(1.02153 0.0116741 0)
(1.02161 0.0114269 0)
(1.02168 0.0111898 0)
(1.02176 0.0109618 0)
(1.02183 0.0107422 0)
(1.02191 0.0105303 0)
(1.02198 0.0103256 0)
(1.02205 0.0101277 0)
(1.02211 0.00993602 0)
(1.02218 0.00975032 0)
(1.02224 0.00957026 0)
(1.0223 0.00939554 0)
(1.02236 0.00922591 0)
(1.02242 0.00906112 0)
(1.02247 0.00890095 0)
(1.02251 0.0087452 0)
(1.02255 0.00859366 0)
(1.02259 0.00844617 0)
(1.02262 0.00830255 0)
(1.02264 0.00816264 0)
(1.02265 0.00802631 0)
(1.02266 0.00789341 0)
(1.02265 0.00776384 0)
(1.02263 0.00763747 0)
(1.0226 0.00751422 0)
(1.02255 0.00739399 0)
(1.02249 0.00727669 0)
(1.02241 0.00716225 0)
(1.02231 0.00705059 0)
(1.02219 0.00694162 0)
(1.02204 0.00683523 0)
(1.02187 0.00673123 0)
(1.02167 0.00662938 0)
(1.02143 0.00652922 0)
(1.02117 0.00642996 0)
(1.02086 0.00633005 0)
(1.02052 0.00622319 0)
(1.0202 0.00610149 0)
(1.01946 0.00564389 0)
(0.995143 0.0146056 0)
(0.995387 0.0152751 0)
(0.995684 0.0159509 0)
(0.996038 0.0166266 0)
(0.996448 0.0172957 0)
(0.996914 0.0179518 0)
(0.997435 0.0185887 0)
(0.998009 0.0192006 0)
(0.998632 0.0197823 0)
(0.999302 0.020329 0)
(1.00002 0.0208367 0)
(1.00077 0.0213015 0)
(1.00155 0.0217203 0)
(1.00237 0.0220903 0)
(1.00322 0.0224092 0)
(1.00408 0.022675 0)
(1.00496 0.0228859 0)
(1.00586 0.0230409 0)
(1.00676 0.0231389 0)
(1.00767 0.0231795 0)
(1.00857 0.0231626 0)
(1.00946 0.0230887 0)
(1.01035 0.0229589 0)
(1.01121 0.0227746 0)
(1.01205 0.0225382 0)
(1.01286 0.0222525 0)
(1.01364 0.0219209 0)
(1.01438 0.0215478 0)
(1.01508 0.0211377 0)
(1.01574 0.0206958 0)
(1.01635 0.0202278 0)
(1.01692 0.0197394 0)
(1.01743 0.0192366 0)
(1.0179 0.0187251 0)
(1.01832 0.0182105 0)
(1.0187 0.017698 0)
(1.01904 0.0171923 0)
(1.01933 0.0166975 0)
(1.01959 0.0162167 0)
(1.01982 0.0157527 0)
(1.02003 0.0153073 0)
(1.02021 0.0148817 0)
(1.02036 0.0144764 0)
(1.02051 0.0140914 0)
(1.02064 0.0137262 0)
(1.02075 0.0133801 0)
(1.02086 0.013052 0)
(1.02097 0.0127407 0)
(1.02106 0.012445 0)
(1.02116 0.0121635 0)
(1.02125 0.011895 0)
(1.02134 0.0116385 0)
(1.02143 0.0113927 0)
(1.02152 0.0111568 0)
(1.0216 0.0109299 0)
(1.02169 0.0107114 0)
(1.02177 0.0105006 0)
(1.02186 0.0102969 0)
(1.02194 0.0101 0)
(1.02202 0.00990939 0)
(1.0221 0.00972472 0)
(1.02218 0.00954569 0)
(1.02227 0.00937202 0)
(1.02234 0.00920346 0)
(1.02242 0.00903977 0)
(1.0225 0.00888075 0)
(1.02258 0.00872618 0)
(1.02265 0.00857589 0)
(1.02272 0.0084297 0)
(1.02279 0.00828745 0)
(1.02286 0.00814901 0)
(1.02293 0.00801423 0)
(1.02299 0.00788299 0)
(1.02304 0.00775519 0)
(1.0231 0.00763072 0)
(1.02315 0.00750949 0)
(1.02319 0.00739143 0)
(1.02322 0.00727646 0)
(1.02325 0.00716451 0)
(1.02327 0.00705552 0)
(1.02328 0.0069494 0)
(1.02327 0.00684605 0)
(1.02326 0.00674532 0)
(1.02322 0.00664694 0)
(1.02318 0.00655047 0)
(1.02311 0.00645505 0)
(1.02303 0.00635892 0)
(1.02292 0.00625518 0)
(1.02282 0.0061337 0)
(1.02239 0.00574513 0)
(0.99602 0.0142577 0)
(0.996252 0.0148603 0)
(0.996529 0.0154693 0)
(0.996856 0.0160798 0)
(0.997231 0.0166866 0)
(0.997655 0.0172845 0)
(0.998128 0.0178682 0)
(0.998649 0.0184326 0)
(0.999215 0.0189729 0)
(0.999824 0.0194845 0)
(1.00047 0.0199635 0)
(1.00116 0.020406 0)
(1.00188 0.0208087 0)
(1.00264 0.0211687 0)
(1.00342 0.0214834 0)
(1.00422 0.0217505 0)
(1.00504 0.0219682 0)
(1.00587 0.0221349 0)
(1.00672 0.0222495 0)
(1.00757 0.0223113 0)
(1.00842 0.02232 0)
(1.00926 0.0222756 0)
(1.0101 0.022179 0)
(1.01092 0.0220313 0)
(1.01172 0.0218343 0)
(1.0125 0.0215904 0)
(1.01325 0.0213026 0)
(1.01397 0.0209745 0)
(1.01465 0.0206102 0)
(1.01529 0.0202142 0)
(1.0159 0.0197914 0)
(1.01646 0.0193471 0)
(1.01697 0.0188866 0)
(1.01745 0.0184152 0)
(1.01788 0.0179381 0)
(1.01826 0.01746 0)
(1.01861 0.0169855 0)
(1.01892 0.0165185 0)
(1.0192 0.0160623 0)
(1.01945 0.0156195 0)
(1.01967 0.0151923 0)
(1.01986 0.014782 0)
(1.02004 0.0143894 0)
(1.0202 0.0140149 0)
(1.02034 0.0136582 0)
(1.02047 0.013319 0)
(1.02059 0.0129964 0)
(1.02071 0.0126896 0)
(1.02082 0.0123974 0)
(1.02092 0.0121188 0)
(1.02102 0.0118527 0)
(1.02112 0.0115981 0)
(1.02122 0.011354 0)
(1.02131 0.0111196 0)
(1.02141 0.0108941 0)
(1.0215 0.0106768 0)
(1.02159 0.0104671 0)
(1.02168 0.0102645 0)
(1.02177 0.0100686 0)
(1.02186 0.00987891 0)
(1.02195 0.00969516 0)
(1.02204 0.00951702 0)
(1.02213 0.00934421 0)
(1.02222 0.00917649 0)
(1.0223 0.00901364 0)
(1.02239 0.00885543 0)
(1.02248 0.00870168 0)
(1.02256 0.00855221 0)
(1.02265 0.00840685 0)
(1.02274 0.00826546 0)
(1.02282 0.0081279 0)
(1.02291 0.00799404 0)
(1.02299 0.00786376 0)
(1.02307 0.00773696 0)
(1.02315 0.00761356 0)
(1.02323 0.00749347 0)
(1.02331 0.00737662 0)
(1.02338 0.00726295 0)
(1.02345 0.0071524 0)
(1.02352 0.00704492 0)
(1.02358 0.00694042 0)
(1.02364 0.00683883 0)
(1.02369 0.00674 0)
(1.02374 0.00664368 0)
(1.02378 0.00654943 0)
(1.0238 0.00645638 0)
(1.02382 0.00636262 0)
(1.02382 0.00626127 0)
(1.02384 0.00614204 0)
(1.02357 0.00581974 0)
(0.996812 0.013912 0)
(0.997033 0.0144566 0)
(0.997294 0.0150075 0)
(0.997597 0.0155608 0)
(0.997943 0.0161125 0)
(0.998332 0.016658 0)
(0.998764 0.017193 0)
(0.999238 0.0177131 0)
(0.999754 0.018214 0)
(1.00031 0.0186915 0)
(1.0009 0.0191418 0)
(1.00153 0.0195612 0)
(1.0022 0.0199464 0)
(1.00289 0.0202943 0)
(1.00361 0.0206024 0)
(1.00435 0.0208682 0)
(1.00511 0.0210897 0)
(1.00589 0.0212651 0)
(1.00668 0.0213931 0)
(1.00748 0.0214727 0)
(1.00828 0.0215035 0)
(1.00907 0.0214852 0)
(1.00986 0.0214183 0)
(1.01064 0.0213036 0)
(1.01141 0.0211425 0)
(1.01215 0.0209371 0)
(1.01287 0.0206897 0)
(1.01357 0.0204034 0)
(1.01423 0.0200818 0)
(1.01486 0.0197288 0)
(1.01545 0.0193488 0)
(1.01601 0.0189465 0)
(1.01652 0.0185265 0)
(1.01699 0.0180937 0)
(1.01743 0.0176529 0)
(1.01782 0.0172085 0)
(1.01818 0.0167648 0)
(1.01851 0.0163256 0)
(1.0188 0.0158941 0)
(1.01906 0.015473 0)
(1.0193 0.0150646 0)
(1.01951 0.0146703 0)
(1.0197 0.0142913 0)
(1.01987 0.0139281 0)
(1.02003 0.0135809 0)
(1.02017 0.0132494 0)
(1.02031 0.0129331 0)
(1.02043 0.0126314 0)
(1.02055 0.0123434 0)
(1.02067 0.0120683 0)
(1.02078 0.0118051 0)
(1.02089 0.0115529 0)
(1.02099 0.0113109 0)
(1.02109 0.0110784 0)
(1.02119 0.0108545 0)
(1.02129 0.0106386 0)
(1.02139 0.0104303 0)
(1.02148 0.0102289 0)
(1.02158 0.0100342 0)
(1.02167 0.00984556 0)
(1.02177 0.00966282 0)
(1.02186 0.00948563 0)
(1.02195 0.00931372 0)
(1.02205 0.00914685 0)
(1.02214 0.0089848 0)
(1.02223 0.00882737 0)
(1.02232 0.00867437 0)
(1.02242 0.00852563 0)
(1.02251 0.00838099 0)
(1.0226 0.0082403 0)
(1.02269 0.00810344 0)
(1.02278 0.00797028 0)
(1.02288 0.00784071 0)
(1.02297 0.00771464 0)
(1.02306 0.00759199 0)
(1.02315 0.00747267 0)
(1.02324 0.00735664 0)
(1.02333 0.00724382 0)
(1.02342 0.00713417 0)
(1.0235 0.00702765 0)
(1.02359 0.0069242 0)
(1.02367 0.00682372 0)
(1.02375 0.0067261 0)
(1.02382 0.00663111 0)
(1.0239 0.00653831 0)
(1.02396 0.00644684 0)
(1.02402 0.00635475 0)
(1.02407 0.00625559 0)
(1.02412 0.00614018 0)
(1.02395 0.00587635 0)
(0.997527 0.0135681 0)
(0.997739 0.0140621 0)
(0.997985 0.0145622 0)
(0.998268 0.0150652 0)
(0.998589 0.0155677 0)
(0.998947 0.0160662 0)
(0.999344 0.016557 0)
(0.999778 0.0170361 0)
(1.00025 0.0175 0)
(1.00076 0.0179447 0)
(1.0013 0.0183669 0)
(1.00188 0.0187629 0)
(1.00249 0.0191297 0)
(1.00313 0.0194642 0)
(1.00379 0.0197638 0)
(1.00448 0.020026 0)
(1.00519 0.0202486 0)
(1.00591 0.0204299 0)
(1.00665 0.0205682 0)
(1.00739 0.0206626 0)
(1.00814 0.0207122 0)
(1.00889 0.0207166 0)
(1.00964 0.020676 0)
(1.01038 0.0205909 0)
(1.01111 0.0204624 0)
(1.01182 0.0202919 0)
(1.01251 0.0200817 0)
(1.01318 0.0198341 0)
(1.01382 0.0195523 0)
(1.01443 0.0192396 0)
(1.01501 0.0189 0)
(1.01556 0.0185373 0)
(1.01607 0.018156 0)
(1.01654 0.0177604 0)
(1.01698 0.0173548 0)
(1.01738 0.0169434 0)
(1.01775 0.0165301 0)
(1.01809 0.0161185 0)
(1.01839 0.0157119 0)
(1.01866 0.0153129 0)
(1.01891 0.0149238 0)
(1.01914 0.0145464 0)
(1.01934 0.0141817 0)
(1.01953 0.0138307 0)
(1.0197 0.0134937 0)
(1.01986 0.0131708 0)
(1.02001 0.0128617 0)
(1.02014 0.0125659 0)
(1.02027 0.0122828 0)
(1.0204 0.0120118 0)
(1.02052 0.0117521 0)
(1.02063 0.0115029 0)
(1.02074 0.0112634 0)
(1.02085 0.0110331 0)
(1.02096 0.0108111 0)
(1.02106 0.0105971 0)
(1.02116 0.0103903 0)
(1.02127 0.0101904 0)
(1.02137 0.00999696 0)
(1.02146 0.0098096 0)
(1.02156 0.009628 0)
(1.02166 0.00945187 0)
(1.02176 0.00928096 0)
(1.02185 0.00911503 0)
(1.02195 0.00895387 0)
(1.02205 0.00879727 0)
(1.02214 0.00864507 0)
(1.02224 0.00849708 0)
(1.02233 0.00835317 0)
(1.02243 0.00821318 0)
(1.02252 0.008077 0)
(1.02262 0.00794451 0)
(1.02272 0.00781561 0)
(1.02281 0.00769019 0)
(1.02291 0.0075682 0)
(1.023 0.00744955 0)
(1.0231 0.0073342 0)
(1.02319 0.00722208 0)
(1.02329 0.00711317 0)
(1.02338 0.00700741 0)
(1.02347 0.00690476 0)
(1.02357 0.00680515 0)
(1.02366 0.00670847 0)
(1.02374 0.00661449 0)
(1.02383 0.00652282 0)
(1.02391 0.0064326 0)
(1.02399 0.00634197 0)
(1.02405 0.00624517 0)
(1.02412 0.00613476 0)
(1.024 0.00592013 0)
(0.998172 0.013226 0)
(0.998376 0.0136756 0)
(0.998609 0.0141309 0)
(0.998875 0.0145893 0)
(0.999173 0.0150482 0)
(0.999505 0.0155045 0)
(0.99987 0.015955 0)
(1.00027 0.0163966 0)
(1.0007 0.0168259 0)
(1.00117 0.0172397 0)
(1.00167 0.0176347 0)
(1.0022 0.0180077 0)
(1.00276 0.0183557 0)
(1.00335 0.0186759 0)
(1.00396 0.0189657 0)
(1.0046 0.0192225 0)
(1.00526 0.0194442 0)
(1.00593 0.0196289 0)
(1.00662 0.0197751 0)
(1.00731 0.0198813 0)
(1.00802 0.0199468 0)
(1.00872 0.0199709 0)
(1.00943 0.0199534 0)
(1.01013 0.0198947 0)
(1.01082 0.0197955 0)
(1.0115 0.0196569 0)
(1.01216 0.0194806 0)
(1.0128 0.0192687 0)
(1.01342 0.0190238 0)
(1.01402 0.0187488 0)
(1.01459 0.0184469 0)
(1.01512 0.0181218 0)
(1.01563 0.0177773 0)
(1.0161 0.0174173 0)
(1.01654 0.0170457 0)
(1.01694 0.0166663 0)
(1.01732 0.0162828 0)
(1.01766 0.0158986 0)
(1.01797 0.0155168 0)
(1.01826 0.0151401 0)
(1.01852 0.0147708 0)
(1.01876 0.0144106 0)
(1.01898 0.014061 0)
(1.01918 0.0137229 0)
(1.01936 0.0133969 0)
(1.01953 0.0130833 0)
(1.01969 0.0127821 0)
(1.01984 0.0124929 0)
(1.01998 0.0122155 0)
(1.02011 0.0119492 0)
(1.02024 0.0116935 0)
(1.02036 0.0114477 0)
(1.02048 0.0112113 0)
(1.02059 0.0109835 0)
(1.02071 0.0107639 0)
(1.02082 0.0105519 0)
(1.02093 0.010347 0)
(1.02103 0.0101488 0)
(1.02114 0.00995685 0)
(1.02124 0.00977091 0)
(1.02134 0.00959063 0)
(1.02144 0.00941572 0)
(1.02154 0.00924594 0)
(1.02164 0.00908107 0)
(1.02174 0.0089209 0)
(1.02184 0.00876523 0)
(1.02194 0.0086139 0)
(1.02204 0.00846675 0)
(1.02214 0.00832362 0)
(1.02224 0.0081844 0)
(1.02234 0.00804895 0)
(1.02243 0.00791716 0)
(1.02253 0.00778894 0)
(1.02263 0.00766421 0)
(1.02273 0.00754288 0)
(1.02283 0.0074249 0)
(1.02293 0.00731022 0)
(1.02302 0.00719878 0)
(1.02312 0.00709057 0)
(1.02322 0.00698553 0)
(1.02332 0.00688363 0)
(1.02341 0.00678481 0)
(1.02351 0.00668898 0)
(1.0236 0.00659593 0)
(1.02369 0.00650529 0)
(1.02377 0.00641627 0)
(1.02386 0.00632715 0)
(1.02393 0.00623301 0)
(1.02399 0.00612847 0)
(1.02391 0.00595409 0)
(0.998754 0.0128856 0)
(0.99895 0.0132961 0)
(0.999171 0.0137118 0)
(0.999421 0.0141307 0)
(0.9997 0.0145505 0)
(1.00001 0.0149688 0)
(1.00035 0.015383 0)
(1.00072 0.0157902 0)
(1.00112 0.0161876 0)
(1.00155 0.0165723 0)
(1.00201 0.0169414 0)
(1.00249 0.0172921 0)
(1.00301 0.0176215 0)
(1.00355 0.0179269 0)
(1.00412 0.0182058 0)
(1.00471 0.0184559 0)
(1.00532 0.018675 0)
(1.00594 0.0188612 0)
(1.00658 0.0190128 0)
(1.00723 0.0191284 0)
(1.00789 0.019207 0)
(1.00856 0.0192479 0)
(1.00922 0.0192506 0)
(1.00988 0.0192152 0)
(1.01054 0.0191422 0)
(1.01119 0.0190324 0)
(1.01182 0.0188871 0)
(1.01244 0.0187079 0)
(1.01304 0.018497 0)
(1.01361 0.0182569 0)
(1.01416 0.0179905 0)
(1.01469 0.0177008 0)
(1.01519 0.0173911 0)
(1.01565 0.0170651 0)
(1.01609 0.0167261 0)
(1.0165 0.0163777 0)
(1.01688 0.0160233 0)
(1.01723 0.0156661 0)
(1.01755 0.015309 0)
(1.01785 0.0149547 0)
(1.01812 0.0146054 0)
(1.01837 0.014263 0)
(1.0186 0.013929 0)
(1.01881 0.0136045 0)
(1.01901 0.0132903 0)
(1.01919 0.0129867 0)
(1.01936 0.0126941 0)
(1.01952 0.0124123 0)
(1.01967 0.0121411 0)
(1.01981 0.0118801 0)
(1.01994 0.011629 0)
(1.02007 0.0113872 0)
(1.0202 0.0111542 0)
(1.02032 0.0109294 0)
(1.02044 0.0107125 0)
(1.02056 0.0105028 0)
(1.02067 0.0103001 0)
(1.02078 0.0101038 0)
(1.02089 0.0099137 0)
(1.021 0.00972938 0)
(1.0211 0.00955059 0)
(1.02121 0.00937707 0)
(1.02131 0.00920857 0)
(1.02142 0.00904489 0)
(1.02152 0.00888583 0)
(1.02162 0.0087312 0)
(1.02173 0.00858085 0)
(1.02183 0.00843462 0)
(1.02193 0.00829237 0)
(1.02203 0.00815397 0)
(1.02213 0.00801932 0)
(1.02223 0.0078883 0)
(1.02233 0.00776082 0)
(1.02243 0.00763681 0)
(1.02253 0.0075162 0)
(1.02263 0.00739892 0)
(1.02273 0.00728494 0)
(1.02283 0.00717421 0)
(1.02293 0.00706671 0)
(1.02303 0.00696241 0)
(1.02313 0.00686127 0)
(1.02323 0.00676326 0)
(1.02333 0.00666829 0)
(1.02342 0.00657618 0)
(1.02351 0.00648659 0)
(1.0236 0.00639882 0)
(1.02369 0.00631135 0)
(1.02376 0.00622021 0)
(1.02382 0.00612204 0)
(1.02377 0.00598013 0)
(0.999277 0.0125471 0)
(0.999465 0.0129228 0)
(0.999675 0.0133034 0)
(0.999911 0.0136871 0)
(1.00017 0.014072 0)
(1.00046 0.0144562 0)
(1.00077 0.0148375 0)
(1.00112 0.0152133 0)
(1.00149 0.0155813 0)
(1.00188 0.015939 0)
(1.00231 0.0162837 0)
(1.00276 0.0166128 0)
(1.00324 0.0169239 0)
(1.00374 0.0172145 0)
(1.00426 0.0174821 0)
(1.00481 0.0177245 0)
(1.00537 0.0179396 0)
(1.00595 0.0181255 0)
(1.00655 0.0182806 0)
(1.00716 0.0184034 0)
(1.00777 0.0184928 0)
(1.0084 0.0185478 0)
(1.00902 0.018568 0)
(1.00965 0.0185531 0)
(1.01027 0.0185034 0)
(1.01088 0.0184195 0)
(1.01149 0.0183022 0)
(1.01208 0.0181529 0)
(1.01266 0.0179733 0)
(1.01321 0.0177656 0)
(1.01375 0.0175321 0)
(1.01426 0.0172756 0)
(1.01475 0.0169989 0)
(1.01521 0.0167051 0)
(1.01565 0.0163973 0)
(1.01606 0.0160789 0)
(1.01644 0.0157528 0)
(1.01679 0.015422 0)
(1.01712 0.0150894 0)
(1.01743 0.0147574 0)
(1.01771 0.0144283 0)
(1.01797 0.014104 0)
(1.01821 0.0137861 0)
(1.01843 0.0134757 0)
(1.01864 0.0131738 0)
(1.01883 0.012881 0)
(1.01901 0.0125976 0)
(1.01918 0.0123238 0)
(1.01934 0.0120595 0)
(1.01949 0.0118045 0)
(1.01963 0.0115585 0)
(1.01977 0.0113211 0)
(1.0199 0.011092 0)
(1.02003 0.0108707 0)
(1.02016 0.0106568 0)
(1.02028 0.0104499 0)
(1.0204 0.0102495 0)
(1.02051 0.0100555 0)
(1.02063 0.00986735 0)
(1.02074 0.00968487 0)
(1.02085 0.00950777 0)
(1.02096 0.00933579 0)
(1.02107 0.00916873 0)
(1.02118 0.00900638 0)
(1.02128 0.00884856 0)
(1.02139 0.00869509 0)
(1.02149 0.00854583 0)
(1.0216 0.00840061 0)
(1.0217 0.00825933 0)
(1.0218 0.00812185 0)
(1.02191 0.00798807 0)
(1.02201 0.00785789 0)
(1.02211 0.00773122 0)
(1.02222 0.00760799 0)
(1.02232 0.00748815 0)
(1.02242 0.00737162 0)
(1.02252 0.00725839 0)
(1.02263 0.00714841 0)
(1.02273 0.00704167 0)
(1.02283 0.00693814 0)
(1.02293 0.00683781 0)
(1.02303 0.00674064 0)
(1.02313 0.00664656 0)
(1.02323 0.00655543 0)
(1.02332 0.00646696 0)
(1.02341 0.00638054 0)
(1.0235 0.00629489 0)
(1.02357 0.00620703 0)
(1.02363 0.00611544 0)
(1.0236 0.00599951 0)
(0.999745 0.0122107 0)
(0.999926 0.0125555 0)
(1.00013 0.0129047 0)
(1.00035 0.0132569 0)
(1.00059 0.0136106 0)
(1.00086 0.0139642 0)
(1.00116 0.0143155 0)
(1.00147 0.0146628 0)
(1.00182 0.0150038 0)
(1.00219 0.0153364 0)
(1.00258 0.0156582 0)
(1.00299 0.0159669 0)
(1.00344 0.0162604 0)
(1.0039 0.0165362 0)
(1.00438 0.0167922 0)
(1.00489 0.0170262 0)
(1.00541 0.0172363 0)
(1.00595 0.0174207 0)
(1.00651 0.0175776 0)
(1.00708 0.0177056 0)
(1.00765 0.0178036 0)
(1.00824 0.0178704 0)
(1.00883 0.0179055 0)
(1.00942 0.0179086 0)
(1.01001 0.0178795 0)
(1.01059 0.0178186 0)
(1.01117 0.0177266 0)
(1.01173 0.0176045 0)
(1.01229 0.0174536 0)
(1.01282 0.0172758 0)
(1.01334 0.0170729 0)
(1.01384 0.0168473 0)
(1.01432 0.0166016 0)
(1.01478 0.0163383 0)
(1.01521 0.0160604 0)
(1.01562 0.0157707 0)
(1.016 0.015472 0)
(1.01636 0.015167 0)
(1.01669 0.0148585 0)
(1.017 0.0145487 0)
(1.01729 0.0142399 0)
(1.01756 0.0139339 0)
(1.01781 0.0136323 0)
(1.01804 0.0133366 0)
(1.01826 0.0130475 0)
(1.01846 0.012766 0)
(1.01865 0.0124926 0)
(1.01883 0.0122273 0)
(1.01899 0.0119705 0)
(1.01915 0.011722 0)
(1.01931 0.0114817 0)
(1.01945 0.0112493 0)
(1.01959 0.0110245 0)
(1.01973 0.010807 0)
(1.01986 0.0105965 0)
(1.01998 0.0103927 0)
(1.02011 0.0101951 0)
(1.02023 0.0100035 0)
(1.02035 0.00981763 0)
(1.02047 0.00963721 0)
(1.02058 0.00946199 0)
(1.02069 0.00929176 0)
(1.02081 0.0091263 0)
(1.02092 0.00896543 0)
(1.02103 0.00880898 0)
(1.02114 0.0086568 0)
(1.02124 0.00850873 0)
(1.02135 0.00836465 0)
(1.02146 0.00822442 0)
(1.02156 0.00808795 0)
(1.02167 0.00795512 0)
(1.02178 0.00782585 0)
(1.02188 0.00770006 0)
(1.02199 0.00757769 0)
(1.02209 0.00745867 0)
(1.0222 0.00734296 0)
(1.0223 0.00723053 0)
(1.0224 0.00712135 0)
(1.02251 0.00701542 0)
(1.02261 0.00691271 0)
(1.02271 0.00681322 0)
(1.02281 0.00671694 0)
(1.02291 0.00662381 0)
(1.02301 0.00653372 0)
(1.02311 0.00644644 0)
(1.0232 0.00636147 0)
(1.02329 0.00627783 0)
(1.02336 0.00619343 0)
(1.02342 0.00610842 0)
(1.02341 0.0060132 0)
(1.00016 0.0118766 0)
(1.00034 0.0121937 0)
(1.00053 0.0125148 0)
(1.00074 0.0128389 0)
(1.00097 0.0131646 0)
(1.00122 0.0134904 0)
(1.0015 0.0138149 0)
(1.00179 0.0141361 0)
(1.00211 0.0144524 0)
(1.00245 0.0147617 0)
(1.00282 0.0150622 0)
(1.0032 0.0153517 0)
(1.00361 0.0156282 0)
(1.00404 0.0158897 0)
(1.00449 0.016134 0)
(1.00496 0.0163593 0)
(1.00544 0.0165637 0)
(1.00595 0.0167453 0)
(1.00646 0.0169027 0)
(1.00699 0.0170343 0)
(1.00753 0.0171389 0)
(1.00808 0.0172155 0)
(1.00863 0.0172633 0)
(1.00919 0.0172818 0)
(1.00975 0.0172708 0)
(1.0103 0.0172305 0)
(1.01085 0.0171612 0)
(1.01139 0.0170636 0)
(1.01192 0.0169389 0)
(1.01244 0.0167885 0)
(1.01294 0.0166139 0)
(1.01343 0.0164172 0)
(1.0139 0.0162005 0)
(1.01434 0.0159661 0)
(1.01477 0.0157165 0)
(1.01517 0.0154542 0)
(1.01556 0.0151819 0)
(1.01592 0.0149021 0)
(1.01625 0.014617 0)
(1.01657 0.0143292 0)
(1.01686 0.0140405 0)
(1.01714 0.013753 0)
(1.0174 0.0134681 0)
(1.01764 0.0131873 0)
(1.01786 0.0129116 0)
(1.01807 0.0126419 0)
(1.01827 0.0123789 0)
(1.01846 0.0121228 0)
(1.01864 0.011874 0)
(1.0188 0.0116326 0)
(1.01896 0.0113985 0)
(1.01912 0.0111715 0)
(1.01926 0.0109515 0)
(1.0194 0.0107383 0)
(1.01954 0.0105316 0)
(1.01967 0.0103311 0)
(1.0198 0.0101366 0)
(1.01993 0.00994777 0)
(1.02005 0.00976441 0)
(1.02018 0.00958627 0)
(1.0203 0.00941314 0)
(1.02041 0.00924483 0)
(1.02053 0.00908114 0)
(1.02064 0.00892192 0)
(1.02076 0.00876699 0)
(1.02087 0.00861622 0)
(1.02098 0.00846947 0)
(1.02109 0.00832663 0)
(1.0212 0.00818756 0)
(1.02131 0.00805219 0)
(1.02142 0.0079204 0)
(1.02152 0.00779213 0)
(1.02163 0.00766729 0)
(1.02174 0.00754584 0)
(1.02185 0.00742771 0)
(1.02195 0.00731287 0)
(1.02206 0.0072013 0)
(1.02216 0.00709298 0)
(1.02227 0.00698791 0)
(1.02237 0.00688607 0)
(1.02248 0.00678748 0)
(1.02258 0.00669214 0)
(1.02268 0.00660001 0)
(1.02278 0.00651103 0)
(1.02288 0.00642501 0)
(1.02297 0.0063416 0)
(1.02306 0.0062601 0)
(1.02314 0.0061793 0)
(1.0232 0.00610067 0)
(1.0232 0.00602192 0)
(1.00053 0.0115449 0)
(1.0007 0.0118372 0)
(1.00088 0.0121332 0)
(1.00108 0.012432 0)
(1.0013 0.0127325 0)
(1.00154 0.0130334 0)
(1.0018 0.0133333 0)
(1.00207 0.0136309 0)
(1.00237 0.0139246 0)
(1.00269 0.0142126 0)
(1.00302 0.0144932 0)
(1.00338 0.0147646 0)
(1.00376 0.0150251 0)
(1.00416 0.0152726 0)
(1.00457 0.0155055 0)
(1.00501 0.0157218 0)
(1.00546 0.0159199 0)
(1.00593 0.016098 0)
(1.00641 0.0162547 0)
(1.00691 0.0163885 0)
(1.00741 0.0164981 0)
(1.00792 0.0165826 0)
(1.00844 0.016641 0)
(1.00897 0.0166728 0)
(1.00949 0.0166777 0)
(1.01002 0.0166555 0)
(1.01054 0.0166064 0)
(1.01106 0.016531 0)
(1.01157 0.0164301 0)
(1.01206 0.0163047 0)
(1.01255 0.0161562 0)
(1.01302 0.0159862 0)
(1.01348 0.0157966 0)
(1.01391 0.0155893 0)
(1.01433 0.0153665 0)
(1.01473 0.0151305 0)
(1.01511 0.0148835 0)
(1.01547 0.0146279 0)
(1.01581 0.0143658 0)
(1.01613 0.0140995 0)
(1.01643 0.0138309 0)
(1.01671 0.0135617 0)
(1.01698 0.0132937 0)
(1.01723 0.0130281 0)
(1.01746 0.0127661 0)
(1.01768 0.0125087 0)
(1.01788 0.0122565 0)
(1.01808 0.0120102 0)
(1.01826 0.01177 0)
(1.01844 0.0115361 0)
(1.01861 0.0113086 0)
(1.01877 0.0110876 0)
(1.01892 0.0108729 0)
(1.01907 0.0106643 0)
(1.01921 0.0104618 0)
(1.01935 0.010265 0)
(1.01948 0.0100739 0)
(1.01962 0.00988809 0)
(1.01974 0.00970749 0)
(1.01987 0.00953188 0)
(1.01999 0.00936106 0)
(1.02011 0.00919487 0)
(1.02023 0.00903314 0)
(1.02035 0.00887571 0)
(1.02047 0.00872246 0)
(1.02058 0.00857324 0)
(1.0207 0.00842794 0)
(1.02081 0.00828645 0)
(1.02092 0.00814866 0)
(1.02103 0.00801448 0)
(1.02115 0.00788383 0)
(1.02126 0.00775663 0)
(1.02137 0.00763283 0)
(1.02148 0.00751236 0)
(1.02158 0.0073952 0)
(1.02169 0.0072813 0)
(1.0218 0.00717065 0)
(1.02191 0.00706324 0)
(1.02202 0.00695908 0)
(1.02212 0.00685817 0)
(1.02223 0.00676053 0)
(1.02233 0.00666618 0)
(1.02244 0.00657511 0)
(1.02254 0.0064873 0)
(1.02264 0.00640263 0)
(1.02273 0.00632087 0)
(1.02282 0.00624164 0)
(1.0229 0.00616447 0)
(1.02296 0.00609191 0)
(1.02298 0.00602628 0)
(1.00086 0.0112159 0)
(1.00102 0.0114859 0)
(1.00119 0.0117593 0)
(1.00138 0.0120354 0)
(1.00159 0.0123131 0)
(1.00181 0.0125915 0)
(1.00206 0.0128693 0)
(1.00231 0.0131454 0)
(1.00259 0.0134183 0)
(1.00289 0.0136867 0)
(1.0032 0.0139489 0)
(1.00353 0.0142035 0)
(1.00388 0.0144488 0)
(1.00425 0.014683 0)
(1.00464 0.0149047 0)
(1.00505 0.015112 0)
(1.00547 0.0153035 0)
(1.0059 0.0154774 0)
(1.00635 0.0156325 0)
(1.00681 0.0157673 0)
(1.00728 0.0158805 0)
(1.00777 0.0159712 0)
(1.00825 0.0160385 0)
(1.00875 0.0160816 0)
(1.00924 0.0161002 0)
(1.00974 0.0160939 0)
(1.01024 0.0160628 0)
(1.01073 0.0160073 0)
(1.01121 0.0159278 0)
(1.01169 0.0158253 0)
(1.01216 0.0157007 0)
(1.01262 0.0155554 0)
(1.01306 0.015391 0)
(1.01349 0.015209 0)
(1.0139 0.0150115 0)
(1.01429 0.0148004 0)
(1.01467 0.0145776 0)
(1.01503 0.0143454 0)
(1.01537 0.0141056 0)
(1.01569 0.0138604 0)
(1.01599 0.0136115 0)
(1.01628 0.0133606 0)
(1.01655 0.0131094 0)
(1.0168 0.0128593 0)
(1.01704 0.0126113 0)
(1.01727 0.0123665 0)
(1.01748 0.0121256 0)
(1.01768 0.0118894 0)
(1.01788 0.0116582 0)
(1.01806 0.0114324 0)
(1.01823 0.0112121 0)
(1.0184 0.0109974 0)
(1.01856 0.0107883 0)
(1.01871 0.0105849 0)
(1.01886 0.0103869 0)
(1.01901 0.0101942 0)
(1.01915 0.0100067 0)
(1.01928 0.00982431 0)
(1.01942 0.00964675 0)
(1.01955 0.00947391 0)
(1.01968 0.00930562 0)
(1.0198 0.00914175 0)
(1.01992 0.00898216 0)
(1.02005 0.00882671 0)
(1.02017 0.00867528 0)
(1.02028 0.00852776 0)
(1.0204 0.00838403 0)
(1.02052 0.00824401 0)
(1.02063 0.00810761 0)
(1.02075 0.00797473 0)
(1.02086 0.00784531 0)
(1.02097 0.00771928 0)
(1.02108 0.00759659 0)
(1.0212 0.0074772 0)
(1.02131 0.00736106 0)
(1.02142 0.00724817 0)
(1.02153 0.00713851 0)
(1.02164 0.00703207 0)
(1.02175 0.00692888 0)
(1.02186 0.00682895 0)
(1.02196 0.00673232 0)
(1.02207 0.00663902 0)
(1.02218 0.00654907 0)
(1.02228 0.00646249 0)
(1.02238 0.00637923 0)
(1.02248 0.00629922 0)
(1.02257 0.00622235 0)
(1.02265 0.00614881 0)
(1.02271 0.00608193 0)
(1.02274 0.00602674 0)
(1.00115 0.0108898 0)
(1.0013 0.0111397 0)
(1.00147 0.0113928 0)
(1.00165 0.0116483 0)
(1.00184 0.0119055 0)
(1.00205 0.0121635 0)
(1.00228 0.0124213 0)
(1.00252 0.0126778 0)
(1.00278 0.0129318 0)
(1.00306 0.0131821 0)
(1.00335 0.0134274 0)
(1.00366 0.0136663 0)
(1.00399 0.0138973 0)
(1.00433 0.0141189 0)
(1.00469 0.0143297 0)
(1.00507 0.0145281 0)
(1.00546 0.0147127 0)
(1.00586 0.0148821 0)
(1.00628 0.0150348 0)
(1.00671 0.0151696 0)
(1.00715 0.0152853 0)
(1.0076 0.0153809 0)
(1.00806 0.0154553 0)
(1.00853 0.015508 0)
(1.009 0.0155383 0)
(1.00947 0.0155459 0)
(1.00994 0.0155308 0)
(1.0104 0.015493 0)
(1.01087 0.0154329 0)
(1.01133 0.015351 0)
(1.01178 0.0152483 0)
(1.01222 0.0151258 0)
(1.01265 0.0149846 0)
(1.01306 0.0148264 0)
(1.01347 0.0146526 0)
(1.01385 0.0144649 0)
(1.01423 0.0142653 0)
(1.01458 0.0140554 0)
(1.01492 0.0138372 0)
(1.01524 0.0136125 0)
(1.01555 0.0133829 0)
(1.01584 0.0131502 0)
(1.01611 0.0129158 0)
(1.01637 0.0126811 0)
(1.01662 0.0124473 0)
(1.01685 0.0122154 0)
(1.01707 0.0119862 0)
(1.01728 0.0117605 0)
(1.01748 0.0115388 0)
(1.01767 0.0113214 0)
(1.01785 0.0111087 0)
(1.01802 0.0109008 0)
(1.01819 0.0106979 0)
(1.01835 0.0104999 0)
(1.0185 0.0103068 0)
(1.01865 0.0101185 0)
(1.0188 0.00993508 0)
(1.01894 0.00975628 0)
(1.01908 0.00958202 0)
(1.01921 0.00941219 0)
(1.01934 0.00924667 0)
(1.01947 0.00908533 0)
(1.0196 0.00892807 0)
(1.01972 0.00877477 0)
(1.01985 0.00862533 0)
(1.01997 0.00847965 0)
(1.02009 0.00833764 0)
(1.02021 0.00819923 0)
(1.02033 0.00806432 0)
(1.02044 0.00793285 0)
(1.02056 0.00780476 0)
(1.02067 0.00767999 0)
(1.02079 0.0075585 0)
(1.0209 0.00744026 0)
(1.02102 0.00732524 0)
(1.02113 0.00721342 0)
(1.02124 0.0071048 0)
(1.02135 0.00699941 0)
(1.02146 0.00689725 0)
(1.02157 0.00679836 0)
(1.02168 0.00670279 0)
(1.02179 0.00661059 0)
(1.0219 0.00652182 0)
(1.022 0.00643653 0)
(1.02211 0.00635477 0)
(1.0222 0.00627657 0)
(1.0223 0.00620213 0)
(1.02238 0.00613215 0)
(1.02244 0.00607052 0)
(1.02249 0.0060237 0)
(1.00139 0.0105668 0)
(1.00154 0.0107986 0)
(1.0017 0.0110332 0)
(1.00187 0.0112702 0)
(1.00206 0.0115089 0)
(1.00226 0.0117484 0)
(1.00247 0.011988 0)
(1.0027 0.0122267 0)
(1.00294 0.0124634 0)
(1.0032 0.0126972 0)
(1.00347 0.0129268 0)
(1.00376 0.0131511 0)
(1.00406 0.0133687 0)
(1.00438 0.0135784 0)
(1.00472 0.0137788 0)
(1.00507 0.0139685 0)
(1.00543 0.0141462 0)
(1.00581 0.0143107 0)
(1.0062 0.0144605 0)
(1.00661 0.0145945 0)
(1.00702 0.0147116 0)
(1.00744 0.0148108 0)
(1.00787 0.014891 0)
(1.00831 0.0149516 0)
(1.00875 0.014992 0)
(1.00919 0.0150117 0)
(1.00964 0.0150106 0)
(1.01008 0.0149885 0)
(1.01053 0.0149457 0)
(1.01097 0.0148826 0)
(1.0114 0.0147998 0)
(1.01182 0.0146981 0)
(1.01224 0.0145785 0)
(1.01264 0.0144422 0)
(1.01304 0.0142906 0)
(1.01342 0.0141251 0)
(1.01378 0.0139473 0)
(1.01413 0.0137589 0)
(1.01447 0.0135614 0)
(1.01479 0.0133565 0)
(1.0151 0.0131458 0)
(1.01539 0.012931 0)
(1.01567 0.0127132 0)
(1.01593 0.012494 0)
(1.01618 0.0122745 0)
(1.01642 0.0120557 0)
(1.01665 0.0118385 0)
(1.01686 0.0116236 0)
(1.01707 0.0114117 0)
(1.01726 0.0112032 0)
(1.01745 0.0109985 0)
(1.01763 0.0107978 0)
(1.0178 0.0106013 0)
(1.01797 0.0104091 0)
(1.01813 0.0102213 0)
(1.01828 0.0100379 0)
(1.01843 0.00985872 0)
(1.01858 0.00968385 0)
(1.01872 0.00951317 0)
(1.01886 0.0093466 0)
(1.01899 0.00918407 0)
(1.01913 0.00902548 0)
(1.01926 0.00887074 0)
(1.01939 0.00871977 0)
(1.01951 0.00857249 0)
(1.01964 0.00842881 0)
(1.01976 0.00828867 0)
(1.01988 0.00815198 0)
(1.02 0.0080187 0)
(1.02012 0.00788875 0)
(1.02024 0.0077621 0)
(1.02036 0.00763869 0)
(1.02048 0.00751849 0)
(1.02059 0.00740148 0)
(1.02071 0.00728764 0)
(1.02082 0.00717697 0)
(1.02094 0.00706948 0)
(1.02105 0.00696518 0)
(1.02117 0.00686412 0)
(1.02128 0.00676633 0)
(1.02139 0.00667188 0)
(1.0215 0.00658085 0)
(1.02161 0.00649331 0)
(1.02171 0.00640938 0)
(1.02182 0.00632916 0)
(1.02192 0.00625285 0)
(1.02201 0.00618087 0)
(1.0221 0.00611437 0)
(1.02216 0.00605755 0)
(1.02222 0.00601743 0)
(1.00161 0.0102471 0)
(1.00175 0.0104624 0)
(1.0019 0.0106805 0)
(1.00206 0.0109007 0)
(1.00224 0.0111225 0)
(1.00243 0.0113453 0)
(1.00263 0.0115684 0)
(1.00284 0.0117908 0)
(1.00307 0.0120118 0)
(1.00331 0.0122304 0)
(1.00357 0.0124456 0)
(1.00384 0.0126564 0)
(1.00412 0.0128615 0)
(1.00442 0.0130599 0)
(1.00473 0.0132503 0)
(1.00506 0.0134316 0)
(1.0054 0.0136025 0)
(1.00575 0.0137618 0)
(1.00611 0.0139084 0)
(1.00649 0.014041 0)
(1.00688 0.0141586 0)
(1.00727 0.0142603 0)
(1.00768 0.0143451 0)
(1.00809 0.0144123 0)
(1.0085 0.0144612 0)
(1.00892 0.0144914 0)
(1.00935 0.0145024 0)
(1.00977 0.0144943 0)
(1.01019 0.0144669 0)
(1.01061 0.0144206 0)
(1.01102 0.0143558 0)
(1.01143 0.0142732 0)
(1.01183 0.0141734 0)
(1.01223 0.0140574 0)
(1.01261 0.0139265 0)
(1.01298 0.0137818 0)
(1.01334 0.0136247 0)
(1.01369 0.0134566 0)
(1.01402 0.0132789 0)
(1.01434 0.0130932 0)
(1.01465 0.0129009 0)
(1.01494 0.0127035 0)
(1.01522 0.0125022 0)
(1.01549 0.0122984 0)
(1.01574 0.0120932 0)
(1.01599 0.0118876 0)
(1.01622 0.0116825 0)
(1.01644 0.0114788 0)
(1.01665 0.011277 0)
(1.01685 0.0110777 0)
(1.01704 0.0108813 0)
(1.01722 0.0106882 0)
(1.0174 0.0104986 0)
(1.01757 0.0103126 0)
(1.01774 0.0101304 0)
(1.0179 0.00995203 0)
(1.01805 0.00977753 0)
(1.0182 0.00960687 0)
(1.01835 0.00944004 0)
(1.01849 0.009277 0)
(1.01863 0.00911769 0)
(1.01877 0.00896206 0)
(1.0189 0.00881006 0)
(1.01904 0.0086616 0)
(1.01917 0.00851665 0)
(1.01929 0.00837513 0)
(1.01942 0.00823699 0)
(1.01955 0.00810218 0)
(1.01967 0.00797064 0)
(1.01979 0.00784233 0)
(1.01991 0.00771722 0)
(1.02003 0.00759527 0)
(1.02015 0.00747646 0)
(1.02027 0.00736077 0)
(1.02039 0.0072482 0)
(1.02051 0.00713876 0)
(1.02062 0.00703246 0)
(1.02074 0.00692933 0)
(1.02085 0.00682942 0)
(1.02097 0.0067328 0)
(1.02108 0.00663953 0)
(1.02119 0.00654972 0)
(1.0213 0.00646348 0)
(1.02141 0.00638096 0)
(1.02152 0.00630236 0)
(1.02162 0.00622798 0)
(1.02171 0.00615847 0)
(1.0218 0.00609532 0)
(1.02187 0.00604289 0)
(1.02194 0.00600817 0)
(1.00179 0.00993088 0)
(1.00192 0.0101313 0)
(1.00207 0.0103343 0)
(1.00222 0.0105393 0)
(1.00239 0.0107459 0)
(1.00257 0.0109535 0)
(1.00276 0.0111615 0)
(1.00296 0.0113691 0)
(1.00317 0.0115757 0)
(1.0034 0.0117804 0)
(1.00364 0.0119824 0)
(1.00389 0.0121806 0)
(1.00415 0.0123741 0)
(1.00443 0.0125619 0)
(1.00472 0.0127429 0)
(1.00503 0.012916 0)
(1.00535 0.0130802 0)
(1.00568 0.0132343 0)
(1.00602 0.0133772 0)
(1.00637 0.0135079 0)
(1.00673 0.0136254 0)
(1.0071 0.0137288 0)
(1.00748 0.0138171 0)
(1.00787 0.0138896 0)
(1.00826 0.0139456 0)
(1.00866 0.0139847 0)
(1.00905 0.0140064 0)
(1.00946 0.0140104 0)
(1.00986 0.0139968 0)
(1.01026 0.0139656 0)
(1.01065 0.0139171 0)
(1.01105 0.0138517 0)
(1.01143 0.0137701 0)
(1.01181 0.0136729 0)
(1.01219 0.0135612 0)
(1.01255 0.0134359 0)
(1.0129 0.0132983 0)
(1.01324 0.0131494 0)
(1.01357 0.0129907 0)
(1.01389 0.0128234 0)
(1.0142 0.0126489 0)
(1.01449 0.0124684 0)
(1.01477 0.0122833 0)
(1.01504 0.0120947 0)
(1.0153 0.0119037 0)
(1.01554 0.0117114 0)
(1.01578 0.0115186 0)
(1.016 0.0113262 0)
(1.01622 0.0111348 0)
(1.01642 0.010945 0)
(1.01662 0.0107573 0)
(1.01681 0.010572 0)
(1.01699 0.0103896 0)
(1.01717 0.0102102 0)
(1.01734 0.0100339 0)
(1.0175 0.00986095 0)
(1.01766 0.00969138 0)
(1.01782 0.00952523 0)
(1.01797 0.00936252 0)
(1.01811 0.00920325 0)
(1.01826 0.0090474 0)
(1.0184 0.00889496 0)
(1.01854 0.00874588 0)
(1.01867 0.00860014 0)
(1.01881 0.00845769 0)
(1.01894 0.00831849 0)
(1.01907 0.00818251 0)
(1.01919 0.00804971 0)
(1.01932 0.00792005 0)
(1.01945 0.0077935 0)
(1.01957 0.00767005 0)
(1.01969 0.00754966 0)
(1.01981 0.00743233 0)
(1.01993 0.00731806 0)
(1.02005 0.00720684 0)
(1.02017 0.0070987 0)
(1.02029 0.00699366 0)
(1.02041 0.00689178 0)
(1.02053 0.0067931 0)
(1.02064 0.0066977 0)
(1.02076 0.00660567 0)
(1.02087 0.00651714 0)
(1.02098 0.00643226 0)
(1.02109 0.00635121 0)
(1.0212 0.00627428 0)
(1.0213 0.00620188 0)
(1.0214 0.00613483 0)
(1.02149 0.0060749 0)
(1.02157 0.00602643 0)
(1.02165 0.0059961 0)
(1.00194 0.00961829 0)
(1.00207 0.00980522 0)
(1.0022 0.00999449 0)
(1.00235 0.0101857 0)
(1.00251 0.0103785 0)
(1.00268 0.0105723 0)
(1.00286 0.0107666 0)
(1.00305 0.0109607 0)
(1.00325 0.0111541 0)
(1.00346 0.0113461 0)
(1.00369 0.0115358 0)
(1.00392 0.0117224 0)
(1.00417 0.0119051 0)
(1.00443 0.012083 0)
(1.0047 0.0122551 0)
(1.00499 0.0124204 0)
(1.00528 0.012578 0)
(1.00559 0.0127268 0)
(1.00591 0.012866 0)
(1.00624 0.0129944 0)
(1.00658 0.0131112 0)
(1.00693 0.0132154 0)
(1.00728 0.0133063 0)
(1.00764 0.013383 0)
(1.00801 0.013445 0)
(1.00839 0.0134916 0)
(1.00877 0.0135225 0)
(1.00915 0.0135373 0)
(1.00953 0.0135358 0)
(1.00991 0.013518 0)
(1.01029 0.0134842 0)
(1.01067 0.0134345 0)
(1.01104 0.0133694 0)
(1.01141 0.0132895 0)
(1.01177 0.0131955 0)
(1.01212 0.0130883 0)
(1.01246 0.0129688 0)
(1.0128 0.0128382 0)
(1.01312 0.0126974 0)
(1.01344 0.0125478 0)
(1.01374 0.0123904 0)
(1.01403 0.0122264 0)
(1.01431 0.012057 0)
(1.01458 0.0118834 0)
(1.01484 0.0117066 0)
(1.01509 0.0115275 0)
(1.01533 0.011347 0)
(1.01556 0.011166 0)
(1.01578 0.0109852 0)
(1.01599 0.0108051 0)
(1.01619 0.0106263 0)
(1.01638 0.0104493 0)
(1.01657 0.0102743 0)
(1.01675 0.0101017 0)
(1.01693 0.00993175 0)
(1.01709 0.00976451 0)
(1.01726 0.00960016 0)
(1.01742 0.0094388 0)
(1.01757 0.00928047 0)
(1.01772 0.00912522 0)
(1.01787 0.00897307 0)
(1.01802 0.00882403 0)
(1.01816 0.0086781 0)
(1.0183 0.00853525 0)
(1.01843 0.00839549 0)
(1.01857 0.00825878 0)
(1.0187 0.00812511 0)
(1.01883 0.00799446 0)
(1.01896 0.00786682 0)
(1.01909 0.00774216 0)
(1.01921 0.00762048 0)
(1.01934 0.00750176 0)
(1.01946 0.00738602 0)
(1.01959 0.00727325 0)
(1.01971 0.00716347 0)
(1.01983 0.00705672 0)
(1.01995 0.00695303 0)
(1.02007 0.00685245 0)
(1.02019 0.00675507 0)
(1.02031 0.00666096 0)
(1.02042 0.00657024 0)
(1.02054 0.00648305 0)
(1.02065 0.00639958 0)
(1.02077 0.00632006 0)
(1.02087 0.00624484 0)
(1.02098 0.00617444 0)
(1.02108 0.00610984 0)
(1.02117 0.00605297 0)
(1.02125 0.00600809 0)
(1.02134 0.00598133 0)
(1.00206 0.00930954 0)
(1.00218 0.00948418 0)
(1.00231 0.00966101 0)
(1.00246 0.0098397 0)
(1.00261 0.0100199 0)
(1.00277 0.0102011 0)
(1.00293 0.0103829 0)
(1.00311 0.0105647 0)
(1.0033 0.0107461 0)
(1.0035 0.0109263 0)
(1.00371 0.0111048 0)
(1.00393 0.0112807 0)
(1.00417 0.0114534 0)
(1.00441 0.0116219 0)
(1.00466 0.0117856 0)
(1.00493 0.0119435 0)
(1.00521 0.0120947 0)
(1.0055 0.0122383 0)
(1.00579 0.0123735 0)
(1.0061 0.0124994 0)
(1.00642 0.0126149 0)
(1.00675 0.0127195 0)
(1.00708 0.0128121 0)
(1.00742 0.0128922 0)
(1.00777 0.012959 0)
(1.00812 0.013012 0)
(1.00848 0.0130508 0)
(1.00884 0.0130748 0)
(1.0092 0.013084 0)
(1.00957 0.0130782 0)
(1.00993 0.0130575 0)
(1.01029 0.0130219 0)
(1.01065 0.0129719 0)
(1.011 0.0129077 0)
(1.01135 0.0128301 0)
(1.01169 0.0127397 0)
(1.01203 0.0126372 0)
(1.01236 0.0125237 0)
(1.01268 0.0123999 0)
(1.01299 0.012267 0)
(1.01329 0.012126 0)
(1.01358 0.011978 0)
(1.01386 0.011824 0)
(1.01413 0.011665 0)
(1.01439 0.0115021 0)
(1.01464 0.0113361 0)
(1.01488 0.011168 0)
(1.01511 0.0109985 0)
(1.01533 0.0108284 0)
(1.01554 0.0106582 0)
(1.01575 0.0104886 0)
(1.01595 0.01032 0)
(1.01614 0.0101528 0)
(1.01632 0.00998734 0)
(1.0165 0.00982388 0)
(1.01668 0.00966264 0)
(1.01684 0.0095038 0)
(1.01701 0.00934748 0)
(1.01717 0.00919379 0)
(1.01732 0.00904281 0)
(1.01747 0.0088946 0)
(1.01762 0.00874918 0)
(1.01777 0.00860659 0)
(1.01791 0.00846683 0)
(1.01805 0.00832993 0)
(1.01819 0.00819588 0)
(1.01832 0.00806469 0)
(1.01845 0.00793634 0)
(1.01859 0.00781085 0)
(1.01872 0.00768821 0)
(1.01884 0.00756841 0)
(1.01897 0.00745148 0)
(1.0191 0.00733743 0)
(1.01922 0.00722626 0)
(1.01935 0.00711802 0)
(1.01947 0.00701274 0)
(1.0196 0.00691047 0)
(1.01972 0.00681128 0)
(1.01984 0.00671526 0)
(1.01996 0.00662251 0)
(1.02008 0.00653316 0)
(1.02019 0.00644738 0)
(1.02031 0.00636537 0)
(1.02042 0.00628744 0)
(1.02054 0.00621396 0)
(1.02064 0.00614559 0)
(1.02075 0.0060834 0)
(1.02084 0.00602942 0)
(1.02093 0.00598777 0)
(1.02102 0.00596396 0)
(1.00215 0.00900479 0)
(1.00227 0.00916823 0)
(1.0024 0.00933373 0)
(1.00253 0.00950098 0)
(1.00268 0.00966966 0)
(1.00283 0.00983941 0)
(1.00299 0.0100098 0)
(1.00316 0.0101804 0)
(1.00333 0.0103508 0)
(1.00352 0.0105202 0)
(1.00372 0.0106883 0)
(1.00393 0.0108544 0)
(1.00415 0.0110177 0)
(1.00437 0.0111776 0)
(1.00461 0.0113333 0)
(1.00486 0.0114841 0)
(1.00512 0.0116292 0)
(1.00539 0.0117677 0)
(1.00567 0.0118989 0)
(1.00596 0.0120219 0)
(1.00625 0.012136 0)
(1.00656 0.0122402 0)
(1.00687 0.012334 0)
(1.0072 0.0124166 0)
(1.00752 0.0124873 0)
(1.00786 0.0125457 0)
(1.00819 0.0125911 0)
(1.00854 0.0126232 0)
(1.00888 0.0126418 0)
(1.00923 0.0126465 0)
(1.00957 0.0126374 0)
(1.00992 0.0126146 0)
(1.01026 0.0125782 0)
(1.0106 0.0125284 0)
(1.01094 0.0124658 0)
(1.01127 0.0123909 0)
(1.0116 0.0123043 0)
(1.01192 0.0122067 0)
(1.01223 0.012099 0)
(1.01253 0.011982 0)
(1.01283 0.0118566 0)
(1.01312 0.0117239 0)
(1.0134 0.0115847 0)
(1.01367 0.01144 0)
(1.01393 0.0112907 0)
(1.01418 0.0111377 0)
(1.01442 0.0109819 0)
(1.01465 0.0108239 0)
(1.01488 0.0106646 0)
(1.0151 0.0105045 0)
(1.0153 0.0103442 0)
(1.01551 0.0101842 0)
(1.0157 0.010025 0)
(1.01589 0.00986692 0)
(1.01607 0.00971026 0)
(1.01625 0.00955528 0)
(1.01642 0.00940219 0)
(1.01659 0.00925119 0)
(1.01675 0.00910239 0)
(1.01691 0.00895592 0)
(1.01706 0.00881186 0)
(1.01722 0.00867028 0)
(1.01736 0.00853123 0)
(1.01751 0.00839477 0)
(1.01765 0.00826091 0)
(1.01779 0.0081297 0)
(1.01793 0.00800113 0)
(1.01807 0.00787524 0)
(1.0182 0.00775204 0)
(1.01833 0.00763154 0)
(1.01847 0.00751376 0)
(1.0186 0.00739873 0)
(1.01873 0.00728647 0)
(1.01885 0.00717701 0)
(1.01898 0.00707039 0)
(1.01911 0.00696667 0)
(1.01923 0.00686591 0)
(1.01935 0.00676819 0)
(1.01948 0.0066736 0)
(1.0196 0.00658228 0)
(1.01972 0.00649436 0)
(1.01984 0.00641004 0)
(1.01996 0.00632956 0)
(1.02007 0.00625325 0)
(1.02019 0.00618157 0)
(1.0203 0.00611522 0)
(1.0204 0.00605539 0)
(1.0205 0.00600416 0)
(1.02059 0.00596541 0)
(1.0207 0.00594405 0)
(1.00223 0.00870419 0)
(1.00234 0.00885741 0)
(1.00246 0.00901257 0)
(1.00259 0.0091694 0)
(1.00272 0.00932761 0)
(1.00287 0.00948688 0)
(1.00302 0.00964688 0)
(1.00318 0.00980719 0)
(1.00335 0.0099674 0)
(1.00352 0.010127 0)
(1.00371 0.0102856 0)
(1.0039 0.0104424 0)
(1.00411 0.0105971 0)
(1.00432 0.0107489 0)
(1.00455 0.0108972 0)
(1.00478 0.0110413 0)
(1.00502 0.0111805 0)
(1.00527 0.011314 0)
(1.00554 0.0114412 0)
(1.00581 0.0115612 0)
(1.00609 0.0116734 0)
(1.00637 0.011777 0)
(1.00667 0.0118713 0)
(1.00697 0.0119557 0)
(1.00728 0.0120295 0)
(1.00759 0.0120922 0)
(1.00791 0.0121433 0)
(1.00824 0.0121824 0)
(1.00856 0.012209 0)
(1.00889 0.0122231 0)
(1.00922 0.0122244 0)
(1.00955 0.0122129 0)
(1.00988 0.0121888 0)
(1.01021 0.0121521 0)
(1.01053 0.0121032 0)
(1.01085 0.0120426 0)
(1.01117 0.0119706 0)
(1.01148 0.0118879 0)
(1.01179 0.0117953 0)
(1.01209 0.0116933 0)
(1.01238 0.0115829 0)
(1.01266 0.0114648 0)
(1.01294 0.0113398 0)
(1.01321 0.011209 0)
(1.01347 0.011073 0)
(1.01372 0.0109328 0)
(1.01396 0.010789 0)
(1.01419 0.0106425 0)
(1.01442 0.010494 0)
(1.01464 0.010344 0)
(1.01485 0.0101932 0)
(1.01506 0.010042 0)
(1.01526 0.00989101 0)
(1.01545 0.00974051 0)
(1.01563 0.00959087 0)
(1.01581 0.00944238 0)
(1.01599 0.00929531 0)
(1.01616 0.00914984 0)
(1.01633 0.00900617 0)
(1.01649 0.00886443 0)
(1.01665 0.00872475 0)
(1.0168 0.00858723 0)
(1.01695 0.00845194 0)
(1.0171 0.00831895 0)
(1.01725 0.00818833 0)
(1.01739 0.00806011 0)
(1.01753 0.00793434 0)
(1.01767 0.00781105 0)
(1.01781 0.00769028 0)
(1.01794 0.00757206 0)
(1.01808 0.00745643 0)
(1.01821 0.00734341 0)
(1.01834 0.00723306 0)
(1.01847 0.0071254 0)
(1.0186 0.00702051 0)
(1.01873 0.00691844 0)
(1.01885 0.00681926 0)
(1.01898 0.00672309 0)
(1.01911 0.00663001 0)
(1.01923 0.00654018 0)
(1.01935 0.00645376 0)
(1.01947 0.00637096 0)
(1.01959 0.00629206 0)
(1.01971 0.00621742 0)
(1.01983 0.00614756 0)
(1.01994 0.00608324 0)
(1.02005 0.00602572 0)
(1.02015 0.00597707 0)
(1.02024 0.00594094 0)
(1.02036 0.00592163 0)
(1.00228 0.0084079 0)
(1.00239 0.00855178 0)
(1.0025 0.00869749 0)
(1.00262 0.00884478 0)
(1.00275 0.00899342 0)
(1.00289 0.00914312 0)
(1.00303 0.00929359 0)
(1.00318 0.00944447 0)
(1.00334 0.00959539 0)
(1.00351 0.00974594 0)
(1.00368 0.00989568 0)
(1.00386 0.0100441 0)
(1.00406 0.0101907 0)
(1.00426 0.010335 0)
(1.00447 0.0104762 0)
(1.00469 0.010614 0)
(1.00491 0.0107475 0)
(1.00515 0.0108762 0)
(1.0054 0.0109994 0)
(1.00565 0.0111163 0)
(1.00591 0.0112265 0)
(1.00618 0.011329 0)
(1.00646 0.0114235 0)
(1.00674 0.0115091 0)
(1.00703 0.0115853 0)
(1.00733 0.0116515 0)
(1.00763 0.0117073 0)
(1.00794 0.0117523 0)
(1.00825 0.011786 0)
(1.00856 0.0118081 0)
(1.00887 0.0118186 0)
(1.00919 0.0118173 0)
(1.0095 0.0118042 0)
(1.00982 0.0117793 0)
(1.01013 0.011743 0)
(1.01044 0.0116954 0)
(1.01075 0.0116369 0)
(1.01105 0.0115681 0)
(1.01135 0.0114895 0)
(1.01164 0.0114017 0)
(1.01193 0.0113053 0)
(1.01221 0.0112012 0)
(1.01248 0.01109 0)
(1.01275 0.0109725 0)
(1.013 0.0108495 0)
(1.01326 0.0107217 0)
(1.0135 0.0105898 0)
(1.01373 0.0104547 0)
(1.01396 0.0103169 0)
(1.01418 0.0101771 0)
(1.0144 0.0100358 0)
(1.0146 0.00989357 0)
(1.01481 0.00975088 0)
(1.015 0.00960814 0)
(1.01519 0.00946573 0)
(1.01537 0.00932395 0)
(1.01555 0.00918309 0)
(1.01573 0.0090434 0)
(1.01589 0.00890507 0)
(1.01606 0.00876829 0)
(1.01622 0.0086332 0)
(1.01638 0.00849993 0)
(1.01653 0.00836859 0)
(1.01669 0.00823928 0)
(1.01683 0.00811206 0)
(1.01698 0.00798701 0)
(1.01712 0.0078642 0)
(1.01727 0.00774367 0)
(1.01741 0.00762548 0)
(1.01754 0.00750968 0)
(1.01768 0.00739631 0)
(1.01781 0.00728543 0)
(1.01795 0.00717709 0)
(1.01808 0.00707135 0)
(1.01821 0.00696827 0)
(1.01834 0.00686794 0)
(1.01847 0.00677045 0)
(1.0186 0.00667589 0)
(1.01873 0.00658441 0)
(1.01885 0.00649614 0)
(1.01898 0.00641128 0)
(1.0191 0.00633007 0)
(1.01922 0.0062528 0)
(1.01934 0.00617987 0)
(1.01946 0.00611185 0)
(1.01957 0.00604955 0)
(1.01968 0.00599427 0)
(1.01979 0.00594805 0)
(1.01989 0.00591428 0)
(1.02001 0.00589671 0)
(1.00231 0.00811606 0)
(1.00241 0.0082514 0)
(1.00252 0.00838844 0)
(1.00264 0.00852701 0)
(1.00276 0.00866689 0)
(1.00289 0.00880782 0)
(1.00302 0.00894955 0)
(1.00317 0.00909177 0)
(1.00332 0.00923416 0)
(1.00347 0.00937636 0)
(1.00364 0.00951797 0)
(1.00381 0.00965858 0)
(1.00399 0.00979772 0)
(1.00418 0.0099349 0)
(1.00438 0.0100696 0)
(1.00458 0.0102013 0)
(1.0048 0.0103295 0)
(1.00502 0.0104535 0)
(1.00525 0.0105727 0)
(1.00549 0.0106866 0)
(1.00573 0.0107944 0)
(1.00599 0.0108957 0)
(1.00625 0.0109898 0)
(1.00651 0.0110761 0)
(1.00679 0.0111541 0)
(1.00707 0.0112231 0)
(1.00735 0.0112829 0)
(1.00764 0.0113328 0)
(1.00794 0.0113725 0)
(1.00823 0.0114018 0)
(1.00853 0.0114203 0)
(1.00883 0.011428 0)
(1.00913 0.0114247 0)
(1.00944 0.0114106 0)
(1.00974 0.0113855 0)
(1.01004 0.0113499 0)
(1.01033 0.0113039 0)
(1.01063 0.0112479 0)
(1.01092 0.0111824 0)
(1.0112 0.0111078 0)
(1.01148 0.0110248 0)
(1.01176 0.0109339 0)
(1.01203 0.0108357 0)
(1.01229 0.0107311 0)
(1.01254 0.0106206 0)
(1.01279 0.0105049 0)
(1.01304 0.0103847 0)
(1.01327 0.0102608 0)
(1.0135 0.0101336 0)
(1.01372 0.0100039 0)
(1.01394 0.00987219 0)
(1.01415 0.00973897 0)
(1.01435 0.00960473 0)
(1.01455 0.0094699 0)
(1.01474 0.00933487 0)
(1.01493 0.00919998 0)
(1.01511 0.00906554 0)
(1.01528 0.00893182 0)
(1.01546 0.00879904 0)
(1.01562 0.00866742 0)
(1.01579 0.00853712 0)
(1.01595 0.00840831 0)
(1.01611 0.00828111 0)
(1.01626 0.00815565 0)
(1.01641 0.00803202 0)
(1.01656 0.00791031 0)
(1.01671 0.00779062 0)
(1.01685 0.007673 0)
(1.01699 0.00755753 0)
(1.01714 0.00744428 0)
(1.01727 0.00733331 0)
(1.01741 0.00722469 0)
(1.01755 0.00711848 0)
(1.01768 0.00701475 0)
(1.01781 0.0069136 0)
(1.01795 0.00681511 0)
(1.01808 0.00671937 0)
(1.01821 0.00662652 0)
(1.01834 0.0065367 0)
(1.01846 0.00645007 0)
(1.01859 0.00636684 0)
(1.01872 0.00628726 0)
(1.01884 0.00621167 0)
(1.01896 0.0061405 0)
(1.01908 0.00607434 0)
(1.0192 0.00601405 0)
(1.01931 0.00596094 0)
(1.01942 0.00591701 0)
(1.01952 0.00588537 0)
(1.01965 0.00586928 0)
(1.00232 0.00782883 0)
(1.00242 0.00795631 0)
(1.00253 0.00808542 0)
(1.00264 0.00821599 0)
(1.00275 0.00834782 0)
(1.00288 0.0084807 0)
(1.003 0.0086144 0)
(1.00314 0.00874867 0)
(1.00328 0.00888321 0)
(1.00343 0.00901771 0)
(1.00358 0.00915182 0)
(1.00375 0.00928517 0)
(1.00392 0.00941736 0)
(1.00409 0.00954796 0)
(1.00428 0.00967652 0)
(1.00447 0.00980256 0)
(1.00467 0.00992556 0)
(1.00488 0.010045 0)
(1.0051 0.0101604 0)
(1.00532 0.0102711 0)
(1.00555 0.0103766 0)
(1.00579 0.0104764 0)
(1.00603 0.0105698 0)
(1.00628 0.0106564 0)
(1.00654 0.0107355 0)
(1.00681 0.0108068 0)
(1.00708 0.0108697 0)
(1.00735 0.0109238 0)
(1.00763 0.0109687 0)
(1.00791 0.0110041 0)
(1.00819 0.0110297 0)
(1.00848 0.0110453 0)
(1.00877 0.0110508 0)
(1.00906 0.0110462 0)
(1.00935 0.0110315 0)
(1.00964 0.0110067 0)
(1.00992 0.0109721 0)
(1.01021 0.0109279 0)
(1.01049 0.0108745 0)
(1.01077 0.0108123 0)
(1.01104 0.0107418 0)
(1.01131 0.0106634 0)
(1.01157 0.0105777 0)
(1.01183 0.0104853 0)
(1.01209 0.0103868 0)
(1.01233 0.0102829 0)
(1.01257 0.0101741 0)
(1.01281 0.0100611 0)
(1.01304 0.0099445 0)
(1.01326 0.00982481 0)
(1.01348 0.00970261 0)
(1.01369 0.00957841 0)
(1.01389 0.00945269 0)
(1.01409 0.00932587 0)
(1.01429 0.00919836 0)
(1.01447 0.00907051 0)
(1.01466 0.00894266 0)
(1.01484 0.00881508 0)
(1.01501 0.00868804 0)
(1.01518 0.00856177 0)
(1.01535 0.00843645 0)
(1.01551 0.00831228 0)
(1.01567 0.00818941 0)
(1.01583 0.00806798 0)
(1.01599 0.00794811 0)
(1.01614 0.00782991 0)
(1.01629 0.00771349 0)
(1.01643 0.00759894 0)
(1.01658 0.00748634 0)
(1.01672 0.00737577 0)
(1.01686 0.00726733 0)
(1.017 0.00716108 0)
(1.01714 0.00705712 0)
(1.01728 0.00695552 0)
(1.01741 0.00685639 0)
(1.01755 0.00675983 0)
(1.01768 0.00666595 0)
(1.01781 0.00657489 0)
(1.01794 0.0064868 0)
(1.01807 0.00640188 0)
(1.0182 0.00632034 0)
(1.01833 0.00624247 0)
(1.01845 0.0061686 0)
(1.01858 0.00609921 0)
(1.0187 0.00603493 0)
(1.01882 0.00597663 0)
(1.01894 0.00592563 0)
(1.01905 0.00588384 0)
(1.01915 0.00585413 0)
(1.01929 0.00583932 0)
(1.00232 0.00754633 0)
(1.00242 0.00766659 0)
(1.00252 0.00778841 0)
(1.00262 0.00791161 0)
(1.00273 0.00803605 0)
(1.00285 0.00816153 0)
(1.00297 0.00828786 0)
(1.0031 0.0084148 0)
(1.00323 0.0085421 0)
(1.00337 0.00866948 0)
(1.00352 0.00879665 0)
(1.00367 0.00892328 0)
(1.00383 0.00904901 0)
(1.00399 0.00917346 0)
(1.00417 0.00929623 0)
(1.00435 0.0094169 0)
(1.00454 0.00953502 0)
(1.00473 0.00965011 0)
(1.00494 0.00976169 0)
(1.00515 0.00986928 0)
(1.00536 0.00997235 0)
(1.00559 0.0100704 0)
(1.00582 0.0101629 0)
(1.00606 0.0102494 0)
(1.0063 0.0103293 0)
(1.00655 0.0104022 0)
(1.0068 0.0104676 0)
(1.00706 0.0105252 0)
(1.00732 0.0105744 0)
(1.00759 0.0106151 0)
(1.00786 0.0106468 0)
(1.00814 0.0106694 0)
(1.00841 0.0106828 0)
(1.00869 0.0106867 0)
(1.00896 0.0106811 0)
(1.00924 0.0106662 0)
(1.00952 0.010642 0)
(1.00979 0.0106087 0)
(1.01007 0.0105665 0)
(1.01034 0.0105158 0)
(1.0106 0.0104569 0)
(1.01087 0.0103903 0)
(1.01113 0.0103164 0)
(1.01138 0.0102357 0)
(1.01163 0.0101488 0)
(1.01187 0.0100562 0)
(1.01211 0.00995846 0)
(1.01235 0.00985616 0)
(1.01258 0.00974984 0)
(1.0128 0.00964005 0)
(1.01302 0.00952731 0)
(1.01323 0.00941211 0)
(1.01343 0.00929493 0)
(1.01363 0.00917618 0)
(1.01383 0.00905628 0)
(1.01402 0.0089356 0)
(1.01421 0.00881447 0)
(1.01439 0.00869319 0)
(1.01457 0.00857206 0)
(1.01474 0.0084513 0)
(1.01491 0.00833114 0)
(1.01507 0.00821179 0)
(1.01524 0.00809342 0)
(1.0154 0.00797619 0)
(1.01555 0.00786024 0)
(1.01571 0.00774572 0)
(1.01586 0.00763273 0)
(1.01601 0.00752139 0)
(1.01615 0.0074118 0)
(1.0163 0.00730406 0)
(1.01644 0.00719827 0)
(1.01659 0.00709452 0)
(1.01673 0.00699292 0)
(1.01686 0.00689356 0)
(1.017 0.00679656 0)
(1.01714 0.00670202 0)
(1.01727 0.00661008 0)
(1.01741 0.0065209 0)
(1.01754 0.00643463 0)
(1.01767 0.00635148 0)
(1.0178 0.0062717 0)
(1.01793 0.00619558 0)
(1.01806 0.00612349 0)
(1.01819 0.00605591 0)
(1.01831 0.00599351 0)
(1.01843 0.00593718 0)
(1.01855 0.00588821 0)
(1.01867 0.00584845 0)
(1.01878 0.00582049 0)
(1.01892 0.00580679 0)
(1.00231 0.00726869 0)
(1.0024 0.00738231 0)
(1.00249 0.0074974 0)
(1.00259 0.00761383 0)
(1.0027 0.00773146 0)
(1.00281 0.00785012 0)
(1.00292 0.00796964 0)
(1.00304 0.00808982 0)
(1.00317 0.00821043 0)
(1.0033 0.00833124 0)
(1.00344 0.00845198 0)
(1.00358 0.00857236 0)
(1.00373 0.00869207 0)
(1.00389 0.00881077 0)
(1.00405 0.00892811 0)
(1.00422 0.00904371 0)
(1.0044 0.00915717 0)
(1.00458 0.00926807 0)
(1.00477 0.00937598 0)
(1.00497 0.00948044 0)
(1.00518 0.00958101 0)
(1.00539 0.00967721 0)
(1.0056 0.00976857 0)
(1.00583 0.00985462 0)
(1.00606 0.0099349 0)
(1.00629 0.010009 0)
(1.00653 0.0100764 0)
(1.00678 0.0101367 0)
(1.00703 0.0101896 0)
(1.00728 0.0102348 0)
(1.00754 0.0102718 0)
(1.0078 0.0103005 0)
(1.00806 0.0103207 0)
(1.00832 0.0103322 0)
(1.00859 0.010335 0)
(1.00885 0.010329 0)
(1.00912 0.0103142 0)
(1.00939 0.0102908 0)
(1.00965 0.010259 0)
(1.00991 0.0102189 0)
(1.01017 0.0101709 0)
(1.01043 0.0101153 0)
(1.01068 0.0100525 0)
(1.01093 0.00998292 0)
(1.01118 0.00990701 0)
(1.01142 0.00982527 0)
(1.01166 0.00973819 0)
(1.01189 0.00964627 0)
(1.01212 0.00955003 0)
(1.01234 0.00944996 0)
(1.01255 0.00934656 0)
(1.01277 0.0092403 0)
(1.01297 0.00913163 0)
(1.01318 0.00902099 0)
(1.01337 0.00890876 0)
(1.01356 0.00879532 0)
(1.01375 0.00868102 0)
(1.01394 0.00856618 0)
(1.01412 0.00845108 0)
(1.01429 0.008336 0)
(1.01446 0.00822116 0)
(1.01463 0.00810678 0)
(1.0148 0.00799307 0)
(1.01496 0.00788021 0)
(1.01512 0.00776835 0)
(1.01527 0.00765765 0)
(1.01543 0.00754824 0)
(1.01558 0.00744026 0)
(1.01573 0.00733382 0)
(1.01588 0.00722904 0)
(1.01602 0.00712603 0)
(1.01616 0.00702491 0)
(1.01631 0.00692579 0)
(1.01645 0.00682877 0)
(1.01659 0.006734 0)
(1.01673 0.00664158 0)
(1.01686 0.00655168 0)
(1.017 0.00646445 0)
(1.01714 0.00638008 0)
(1.01727 0.00629878 0)
(1.0174 0.00622082 0)
(1.01753 0.0061465 0)
(1.01766 0.00607623 0)
(1.01779 0.0060105 0)
(1.01792 0.00594999 0)
(1.01804 0.0058956 0)
(1.01817 0.0058486 0)
(1.01829 0.00581073 0)
(1.0184 0.00578438 0)
(1.01855 0.00577166 0)
(1.00228 0.00699605 0)
(1.00237 0.00710352 0)
(1.00246 0.00721241 0)
(1.00255 0.00732259 0)
(1.00265 0.00743393 0)
(1.00275 0.00754629 0)
(1.00286 0.00765953 0)
(1.00298 0.00777345 0)
(1.0031 0.00788788 0)
(1.00322 0.00800259 0)
(1.00335 0.00811736 0)
(1.00349 0.00823192 0)
(1.00363 0.00834601 0)
(1.00378 0.00845933 0)
(1.00393 0.00857156 0)
(1.00409 0.00868237 0)
(1.00426 0.0087914 0)
(1.00443 0.00889828 0)
(1.00461 0.00900261 0)
(1.00479 0.009104 0)
(1.00499 0.00920203 0)
(1.00518 0.00929627 0)
(1.00539 0.0093863 0)
(1.0056 0.00947167 0)
(1.00581 0.00955197 0)
(1.00604 0.00962677 0)
(1.00626 0.00969567 0)
(1.00649 0.00975826 0)
(1.00673 0.00981418 0)
(1.00697 0.0098631 0)
(1.00722 0.0099047 0)
(1.00746 0.00993872 0)
(1.00771 0.00996494 0)
(1.00797 0.00998318 0)
(1.00822 0.00999331 0)
(1.00848 0.00999528 0)
(1.00873 0.00998906 0)
(1.00899 0.00997471 0)
(1.00924 0.00995233 0)
(1.0095 0.00992208 0)
(1.00975 0.00988417 0)
(1.01 0.00983888 0)
(1.01025 0.0097865 0)
(1.01049 0.00972741 0)
(1.01073 0.00966197 0)
(1.01097 0.00959061 0)
(1.0112 0.00951377 0)
(1.01143 0.00943189 0)
(1.01166 0.00934544 0)
(1.01188 0.00925488 0)
(1.0121 0.00916066 0)
(1.01231 0.00906323 0)
(1.01251 0.00896303 0)
(1.01272 0.00886046 0)
(1.01291 0.00875592 0)
(1.01311 0.00864979 0)
(1.0133 0.0085424 0)
(1.01348 0.00843409 0)
(1.01366 0.00832515 0)
(1.01384 0.00821586 0)
(1.01401 0.00810647 0)
(1.01419 0.00799723 0)
(1.01435 0.00788833 0)
(1.01452 0.00777998 0)
(1.01468 0.00767235 0)
(1.01484 0.00756562 0)
(1.01499 0.00745995 0)
(1.01515 0.00735546 0)
(1.0153 0.00725231 0)
(1.01545 0.00715062 0)
(1.0156 0.00705053 0)
(1.01574 0.00695215 0)
(1.01589 0.00685562 0)
(1.01603 0.00676106 0)
(1.01617 0.00666861 0)
(1.01631 0.00657842 0)
(1.01645 0.00649064 0)
(1.01659 0.00640545 0)
(1.01673 0.00632305 0)
(1.01686 0.00624367 0)
(1.017 0.00616759 0)
(1.01713 0.00609514 0)
(1.01726 0.00602672 0)
(1.01739 0.00596286 0)
(1.01752 0.00590424 0)
(1.01765 0.00585177 0)
(1.01778 0.00580668 0)
(1.0179 0.0057706 0)
(1.01802 0.00574572 0)
(1.01818 0.00573387 0)
(1.00224 0.00672851 0)
(1.00232 0.00683031 0)
(1.00241 0.00693345 0)
(1.0025 0.00703784 0)
(1.00259 0.00714337 0)
(1.00269 0.0072499 0)
(1.00279 0.00735731 0)
(1.0029 0.00746545 0)
(1.00301 0.00757413 0)
(1.00313 0.00768319 0)
(1.00326 0.00779239 0)
(1.00338 0.00790154 0)
(1.00352 0.00801038 0)
(1.00366 0.00811865 0)
(1.0038 0.00822607 0)
(1.00395 0.00833235 0)
(1.00411 0.00843716 0)
(1.00427 0.00854017 0)
(1.00444 0.00864104 0)
(1.00461 0.0087394 0)
(1.0048 0.00883488 0)
(1.00498 0.00892708 0)
(1.00517 0.00901562 0)
(1.00537 0.0091001 0)
(1.00558 0.00918013 0)
(1.00579 0.0092553 0)
(1.006 0.00932525 0)
(1.00622 0.00938958 0)
(1.00644 0.00944795 0)
(1.00667 0.00950002 0)
(1.0069 0.00954549 0)
(1.00714 0.00958409 0)
(1.00738 0.00961556 0)
(1.00762 0.00963972 0)
(1.00786 0.00965642 0)
(1.0081 0.00966553 0)
(1.00835 0.00966702 0)
(1.0086 0.00966086 0)
(1.00884 0.00964712 0)
(1.00909 0.00962588 0)
(1.00933 0.00959731 0)
(1.00958 0.00956158 0)
(1.00982 0.00951896 0)
(1.01006 0.00946972 0)
(1.01029 0.00941419 0)
(1.01053 0.00935271 0)
(1.01076 0.00928567 0)
(1.01098 0.00921345 0)
(1.01121 0.00913648 0)
(1.01143 0.00905517 0)
(1.01164 0.00896993 0)
(1.01185 0.00888119 0)
(1.01206 0.00878934 0)
(1.01226 0.0086948 0)
(1.01246 0.00859794 0)
(1.01265 0.00849912 0)
(1.01284 0.00839869 0)
(1.01303 0.00829698 0)
(1.01321 0.00819429 0)
(1.01339 0.00809091 0)
(1.01357 0.00798709 0)
(1.01374 0.0078831 0)
(1.01391 0.00777914 0)
(1.01407 0.00767544 0)
(1.01424 0.0075722 0)
(1.0144 0.00746958 0)
(1.01456 0.00736777 0)
(1.01471 0.00726692 0)
(1.01487 0.00716719 0)
(1.01502 0.00706872 0)
(1.01517 0.00697166 0)
(1.01532 0.00687614 0)
(1.01546 0.00678232 0)
(1.01561 0.00669032 0)
(1.01575 0.00660031 0)
(1.01589 0.00651243 0)
(1.01603 0.00642686 0)
(1.01618 0.0063438 0)
(1.01631 0.00626345 0)
(1.01645 0.00618606 0)
(1.01659 0.00611193 0)
(1.01673 0.00604138 0)
(1.01686 0.00597486 0)
(1.01699 0.0059129 0)
(1.01712 0.00585617 0)
(1.01726 0.00580559 0)
(1.01738 0.00576233 0)
(1.01751 0.00572795 0)
(1.01763 0.00570442 0)
(1.0178 0.00569334 0)
(1.00219 0.0064662 0)
(1.00227 0.00656272 0)
(1.00235 0.00666054 0)
(1.00244 0.00675956 0)
(1.00253 0.00685969 0)
(1.00262 0.00696082 0)
(1.00272 0.00706283 0)
(1.00282 0.00716558 0)
(1.00293 0.00726893 0)
(1.00304 0.00737271 0)
(1.00315 0.00747674 0)
(1.00327 0.00758082 0)
(1.0034 0.00768474 0)
(1.00353 0.00778827 0)
(1.00367 0.00789116 0)
(1.00381 0.00799314 0)
(1.00396 0.00809393 0)
(1.00411 0.00819324 0)
(1.00427 0.00829075 0)
(1.00443 0.00838613 0)
(1.0046 0.00847905 0)
(1.00478 0.00856916 0)
(1.00496 0.0086561 0)
(1.00515 0.0087395 0)
(1.00534 0.008819 0)
(1.00554 0.00889424 0)
(1.00574 0.00896485 0)
(1.00595 0.00903048 0)
(1.00616 0.00909079 0)
(1.00637 0.00914546 0)
(1.00659 0.00919418 0)
(1.00682 0.00923669 0)
(1.00705 0.00927271 0)
(1.00728 0.00930206 0)
(1.00751 0.00932454 0)
(1.00774 0.00934002 0)
(1.00798 0.00934841 0)
(1.00821 0.00934966 0)
(1.00845 0.00934377 0)
(1.00869 0.00933078 0)
(1.00893 0.00931079 0)
(1.00916 0.00928393 0)
(1.0094 0.00925038 0)
(1.00963 0.00921038 0)
(1.00986 0.00916417 0)
(1.01009 0.00911206 0)
(1.01032 0.00905435 0)
(1.01054 0.00899139 0)
(1.01076 0.00892355 0)
(1.01098 0.00885119 0)
(1.01119 0.00877469 0)
(1.0114 0.00869445 0)
(1.01161 0.00861084 0)
(1.01181 0.00852423 0)
(1.01201 0.00843499 0)
(1.0122 0.00834347 0)
(1.01239 0.00825002 0)
(1.01258 0.00815495 0)
(1.01276 0.00805857 0)
(1.01294 0.00796117 0)
(1.01312 0.00786303 0)
(1.01329 0.00776439 0)
(1.01346 0.0076655 0)
(1.01363 0.00756658 0)
(1.0138 0.00746783 0)
(1.01396 0.00736945 0)
(1.01412 0.00727164 0)
(1.01428 0.00717455 0)
(1.01443 0.00707837 0)
(1.01459 0.00698324 0)
(1.01474 0.00688934 0)
(1.01489 0.0067968 0)
(1.01504 0.00670579 0)
(1.01518 0.00661646 0)
(1.01533 0.00652898 0)
(1.01547 0.00644352 0)
(1.01562 0.00636025 0)
(1.01576 0.0062794 0)
(1.0159 0.00620118 0)
(1.01604 0.00612585 0)
(1.01618 0.00605371 0)
(1.01632 0.00598513 0)
(1.01646 0.00592054 0)
(1.01659 0.00586048 0)
(1.01673 0.00580565 0)
(1.01686 0.00575693 0)
(1.01699 0.00571545 0)
(1.01712 0.00568267 0)
(1.01725 0.0056604 0)
(1.01742 0.00565002 0)
(1.00214 0.00620923 0)
(1.00221 0.00630085 0)
(1.00229 0.00639371 0)
(1.00237 0.00648774 0)
(1.00246 0.00658285 0)
(1.00254 0.00667894 0)
(1.00264 0.00677592 0)
(1.00273 0.00687366 0)
(1.00283 0.00697203 0)
(1.00294 0.00707089 0)
(1.00305 0.00717008 0)
(1.00316 0.00726942 0)
(1.00328 0.00736872 0)
(1.0034 0.00746779 0)
(1.00353 0.00756639 0)
(1.00367 0.0076643 0)
(1.00381 0.00776126 0)
(1.00395 0.007857 0)
(1.0041 0.00795126 0)
(1.00425 0.00804373 0)
(1.00441 0.0081341 0)
(1.00458 0.00822207 0)
(1.00475 0.0083073 0)
(1.00493 0.00838947 0)
(1.00511 0.00846823 0)
(1.00529 0.00854326 0)
(1.00548 0.0086142 0)
(1.00568 0.00868074 0)
(1.00588 0.00874255 0)
(1.00609 0.00879931 0)
(1.00629 0.00885074 0)
(1.00651 0.00889655 0)
(1.00672 0.00893649 0)
(1.00694 0.00897034 0)
(1.00716 0.0089979 0)
(1.00739 0.00901902 0)
(1.00761 0.00903357 0)
(1.00784 0.00904147 0)
(1.00807 0.00904268 0)
(1.0083 0.0090372 0)
(1.00853 0.00902507 0)
(1.00876 0.00900638 0)
(1.00898 0.00898126 0)
(1.00921 0.00894987 0)
(1.00944 0.00891241 0)
(1.00966 0.00886912 0)
(1.00988 0.00882026 0)
(1.0101 0.00876613 0)
(1.01032 0.00870704 0)
(1.01053 0.00864332 0)
(1.01074 0.0085753 0)
(1.01095 0.00850334 0)
(1.01116 0.00842778 0)
(1.01136 0.00834898 0)
(1.01156 0.00826728 0)
(1.01175 0.00818301 0)
(1.01194 0.00809651 0)
(1.01213 0.00800809 0)
(1.01231 0.00791807 0)
(1.01249 0.00782671 0)
(1.01267 0.00773431 0)
(1.01285 0.00764112 0)
(1.01302 0.00754739 0)
(1.01319 0.00745335 0)
(1.01336 0.00735921 0)
(1.01352 0.0072652 0)
(1.01368 0.0071715 0)
(1.01384 0.0070783 0)
(1.014 0.00698578 0)
(1.01415 0.00689411 0)
(1.01431 0.00680347 0)
(1.01446 0.00671403 0)
(1.01461 0.00662594 0)
(1.01476 0.00653939 0)
(1.01491 0.00645454 0)
(1.01505 0.00637158 0)
(1.0152 0.00629071 0)
(1.01534 0.00621214 0)
(1.01549 0.00613612 0)
(1.01563 0.00606291 0)
(1.01577 0.00599284 0)
(1.01591 0.00592626 0)
(1.01605 0.00586364 0)
(1.01619 0.00580551 0)
(1.01633 0.00575257 0)
(1.01646 0.00570568 0)
(1.0166 0.00566592 0)
(1.01673 0.00563467 0)
(1.01686 0.00561356 0)
(1.01704 0.00560381 0)
(1.00208 0.00595769 0)
(1.00215 0.00604473 0)
(1.00222 0.00613297 0)
(1.0023 0.00622234 0)
(1.00238 0.00631277 0)
(1.00246 0.00640417 0)
(1.00255 0.00649646 0)
(1.00264 0.00658951 0)
(1.00274 0.00668324 0)
(1.00283 0.00677749 0)
(1.00294 0.00687214 0)
(1.00305 0.00696703 0)
(1.00316 0.00706199 0)
(1.00327 0.00715684 0)
(1.0034 0.00725139 0)
(1.00352 0.00734542 0)
(1.00365 0.00743872 0)
(1.00379 0.00753105 0)
(1.00393 0.00762214 0)
(1.00407 0.00771175 0)
(1.00422 0.0077996 0)
(1.00438 0.0078854 0)
(1.00454 0.00796885 0)
(1.00471 0.00804965 0)
(1.00488 0.0081275 0)
(1.00505 0.00820207 0)
(1.00523 0.00827307 0)
(1.00542 0.00834017 0)
(1.00561 0.00840307 0)
(1.0058 0.00846148 0)
(1.006 0.0085151 0)
(1.0062 0.00856368 0)
(1.00641 0.00860694 0)
(1.00662 0.00864468 0)
(1.00683 0.00867667 0)
(1.00704 0.00870275 0)
(1.00726 0.00872277 0)
(1.00748 0.00873662 0)
(1.0077 0.00874423 0)
(1.00792 0.00874555 0)
(1.00814 0.0087406 0)
(1.00836 0.0087294 0)
(1.00858 0.00871205 0)
(1.0088 0.00868865 0)
(1.00902 0.00865936 0)
(1.00924 0.00862436 0)
(1.00946 0.00858387 0)
(1.00967 0.00853812 0)
(1.00989 0.00848739 0)
(1.0101 0.00843195 0)
(1.01031 0.00837211 0)
(1.01051 0.00830818 0)
(1.01071 0.00824047 0)
(1.01091 0.00816931 0)
(1.01111 0.00809502 0)
(1.0113 0.00801793 0)
(1.0115 0.00793833 0)
(1.01168 0.00785655 0)
(1.01187 0.00777288 0)
(1.01205 0.0076876 0)
(1.01223 0.00760099 0)
(1.0124 0.00751331 0)
(1.01258 0.00742482 0)
(1.01275 0.00733575 0)
(1.01292 0.00724633 0)
(1.01308 0.00715677 0)
(1.01325 0.00706729 0)
(1.01341 0.00697808 0)
(1.01357 0.00688934 0)
(1.01372 0.00680125 0)
(1.01388 0.00671399 0)
(1.01403 0.00662774 0)
(1.01419 0.00654268 0)
(1.01434 0.00645899 0)
(1.01449 0.00637687 0)
(1.01463 0.00629651 0)
(1.01478 0.00621811 0)
(1.01493 0.00614192 0)
(1.01507 0.00606817 0)
(1.01522 0.00599715 0)
(1.01536 0.00592919 0)
(1.0155 0.00586467 0)
(1.01565 0.00580404 0)
(1.01579 0.00574786 0)
(1.01593 0.00569681 0)
(1.01606 0.00565172 0)
(1.0162 0.00561364 0)
(1.01634 0.00558383 0)
(1.01647 0.00556381 0)
(1.01665 0.00555465 0)
(1.00201 0.00571167 0)
(1.00208 0.00579443 0)
(1.00215 0.00587835 0)
(1.00222 0.00596337 0)
(1.0023 0.00604942 0)
(1.00237 0.00613643 0)
(1.00246 0.00622432 0)
(1.00254 0.00631299 0)
(1.00263 0.00640235 0)
(1.00273 0.00649229 0)
(1.00282 0.00658267 0)
(1.00293 0.00667337 0)
(1.00303 0.00676423 0)
(1.00314 0.0068551 0)
(1.00326 0.0069458 0)
(1.00337 0.00703615 0)
(1.0035 0.00712594 0)
(1.00363 0.00721497 0)
(1.00376 0.00730301 0)
(1.0039 0.00738982 0)
(1.00404 0.00747516 0)
(1.00418 0.00755877 0)
(1.00434 0.00764037 0)
(1.00449 0.0077197 0)
(1.00465 0.00779647 0)
(1.00482 0.00787039 0)
(1.00499 0.00794118 0)
(1.00516 0.00800854 0)
(1.00534 0.00807218 0)
(1.00553 0.00813183 0)
(1.00572 0.00818721 0)
(1.00591 0.00823806 0)
(1.0061 0.00828412 0)
(1.0063 0.00832517 0)
(1.0065 0.008361 0)
(1.00671 0.00839141 0)
(1.00691 0.00841626 0)
(1.00712 0.00843539 0)
(1.00733 0.00844873 0)
(1.00755 0.00845619 0)
(1.00776 0.00845775 0)
(1.00797 0.00845341 0)
(1.00819 0.00844319 0)
(1.0084 0.00842719 0)
(1.00862 0.00840549 0)
(1.00883 0.00837824 0)
(1.00904 0.0083456 0)
(1.00925 0.00830778 0)
(1.00946 0.00826498 0)
(1.00967 0.00821746 0)
(1.00987 0.00816547 0)
(1.01008 0.00810929 0)
(1.01028 0.0080492 0)
(1.01048 0.00798549 0)
(1.01067 0.00791847 0)
(1.01086 0.00784843 0)
(1.01106 0.00777566 0)
(1.01124 0.00770046 0)
(1.01143 0.00762312 0)
(1.01161 0.00754392 0)
(1.01179 0.00746312 0)
(1.01197 0.007381 0)
(1.01214 0.00729781 0)
(1.01231 0.00721378 0)
(1.01248 0.00712915 0)
(1.01265 0.00704415 0)
(1.01281 0.00695898 0)
(1.01298 0.00687387 0)
(1.01314 0.006789 0)
(1.0133 0.00670458 0)
(1.01345 0.0066208 0)
(1.01361 0.00653785 0)
(1.01376 0.00645591 0)
(1.01392 0.0063752 0)
(1.01407 0.00629589 0)
(1.01422 0.00621821 0)
(1.01437 0.00614238 0)
(1.01451 0.00606862 0)
(1.01466 0.00599722 0)
(1.01481 0.00592845 0)
(1.01495 0.00586266 0)
(1.0151 0.00580024 0)
(1.01524 0.00574164 0)
(1.01539 0.00568741 0)
(1.01553 0.00563824 0)
(1.01567 0.00559493 0)
(1.01581 0.00555847 0)
(1.01595 0.00553005 0)
(1.01609 0.00551105 0)
(1.01628 0.00550243 0)
(1.00194 0.00547126 0)
(1.002 0.00555001 0)
(1.00207 0.00562988 0)
(1.00214 0.00571081 0)
(1.00221 0.00579275 0)
(1.00228 0.00587564 0)
(1.00236 0.0059594 0)
(1.00244 0.00604396 0)
(1.00253 0.00612922 0)
(1.00262 0.00621509 0)
(1.00271 0.00630145 0)
(1.00281 0.00638819 0)
(1.0029 0.00647518 0)
(1.00301 0.00656227 0)
(1.00312 0.00664932 0)
(1.00323 0.00673614 0)
(1.00334 0.00682258 0)
(1.00346 0.00690843 0)
(1.00359 0.0069935 0)
(1.00372 0.00707757 0)
(1.00385 0.00716043 0)
(1.00399 0.00724183 0)
(1.00413 0.00732154 0)
(1.00428 0.0073993 0)
(1.00443 0.00747486 0)
(1.00459 0.00754795 0)
(1.00475 0.0076183 0)
(1.00492 0.00768565 0)
(1.00509 0.00774973 0)
(1.00526 0.00781026 0)
(1.00544 0.00786699 0)
(1.00562 0.00791967 0)
(1.00581 0.00796804 0)
(1.00599 0.00801189 0)
(1.00619 0.008051 0)
(1.00638 0.00808517 0)
(1.00658 0.00811424 0)
(1.00678 0.00813805 0)
(1.00698 0.00815649 0)
(1.00719 0.00816946 0)
(1.00739 0.0081769 0)
(1.0076 0.00817877 0)
(1.0078 0.00817509 0)
(1.00801 0.00816588 0)
(1.00822 0.00815121 0)
(1.00843 0.00813117 0)
(1.00863 0.00810589 0)
(1.00884 0.00807552 0)
(1.00904 0.00804024 0)
(1.00925 0.00800025 0)
(1.00945 0.00795576 0)
(1.00965 0.00790703 0)
(1.00985 0.00785429 0)
(1.01005 0.00779781 0)
(1.01024 0.00773787 0)
(1.01043 0.00767473 0)
(1.01062 0.00760868 0)
(1.01081 0.00753999 0)
(1.01099 0.00746893 0)
(1.01117 0.00739578 0)
(1.01135 0.00732081 0)
(1.01153 0.00724426 0)
(1.01171 0.0071664 0)
(1.01188 0.00708746 0)
(1.01205 0.00700769 0)
(1.01222 0.00692731 0)
(1.01238 0.00684654 0)
(1.01255 0.0067656 0)
(1.01271 0.0066847 0)
(1.01287 0.00660405 0)
(1.01303 0.00652384 0)
(1.01319 0.00644427 0)
(1.01334 0.00636556 0)
(1.0135 0.0062879 0)
(1.01365 0.0062115 0)
(1.0138 0.00613659 0)
(1.01395 0.00606339 0)
(1.0141 0.00599215 0)
(1.01425 0.00592316 0)
(1.0144 0.0058567 0)
(1.01455 0.00579313 0)
(1.0147 0.00573284 0)
(1.01484 0.0056763 0)
(1.01499 0.00562404 0)
(1.01513 0.00557674 0)
(1.01528 0.00553518 0)
(1.01542 0.00550031 0)
(1.01557 0.00547322 0)
(1.01571 0.00545519 0)
(1.0159 0.00544706 0)
(1.00187 0.00523654 0)
(1.00193 0.00531151 0)
(1.00199 0.00538756 0)
(1.00205 0.00546465 0)
(1.00212 0.00554273 0)
(1.00219 0.00562174 0)
(1.00227 0.00570161 0)
(1.00234 0.00578229 0)
(1.00242 0.00586369 0)
(1.00251 0.00594572 0)
(1.00259 0.00602828 0)
(1.00268 0.00611128 0)
(1.00278 0.00619459 0)
(1.00288 0.00627809 0)
(1.00298 0.00636165 0)
(1.00308 0.0064451 0)
(1.00319 0.00652831 0)
(1.0033 0.0066111 0)
(1.00342 0.00669328 0)
(1.00354 0.00677467 0)
(1.00367 0.00685507 0)
(1.0038 0.00693426 0)
(1.00394 0.00701203 0)
(1.00407 0.00708815 0)
(1.00422 0.00716238 0)
(1.00437 0.00723448 0)
(1.00452 0.00730421 0)
(1.00467 0.00737131 0)
(1.00483 0.00743553 0)
(1.005 0.00749663 0)
(1.00517 0.00755435 0)
(1.00534 0.00760845 0)
(1.00552 0.0076587 0)
(1.0057 0.00770488 0)
(1.00588 0.00774676 0)
(1.00607 0.00778416 0)
(1.00625 0.0078169 0)
(1.00645 0.00784481 0)
(1.00664 0.00786776 0)
(1.00684 0.00788564 0)
(1.00703 0.00789836 0)
(1.00723 0.00790587 0)
(1.00743 0.00790813 0)
(1.00763 0.00790514 0)
(1.00783 0.00789694 0)
(1.00804 0.00788358 0)
(1.00824 0.00786515 0)
(1.00844 0.00784176 0)
(1.00864 0.00781355 0)
(1.00884 0.00778068 0)
(1.00904 0.00774334 0)
(1.00923 0.00770172 0)
(1.00943 0.00765605 0)
(1.00962 0.00760656 0)
(1.00982 0.00755349 0)
(1.01001 0.00749708 0)
(1.01019 0.0074376 0)
(1.01038 0.00737531 0)
(1.01056 0.00731046 0)
(1.01074 0.00724332 0)
(1.01092 0.00717413 0)
(1.0111 0.00710315 0)
(1.01128 0.00703064 0)
(1.01145 0.00695682 0)
(1.01162 0.00688195 0)
(1.01179 0.00680625 0)
(1.01196 0.00672994 0)
(1.01212 0.00665325 0)
(1.01229 0.0065764 0)
(1.01245 0.00649959 0)
(1.01261 0.00642303 0)
(1.01277 0.00634695 0)
(1.01292 0.00627153 0)
(1.01308 0.00619701 0)
(1.01324 0.0061236 0)
(1.01339 0.00605153 0)
(1.01354 0.00598105 0)
(1.01369 0.0059124 0)
(1.01385 0.00584587 0)
(1.014 0.00578178 0)
(1.01415 0.00572048 0)
(1.01429 0.00566236 0)
(1.01444 0.0056079 0)
(1.01459 0.00555762 0)
(1.01474 0.00551219 0)
(1.01489 0.00547236 0)
(1.01503 0.00543902 0)
(1.01518 0.00541322 0)
(1.01533 0.0053961 0)
(1.01552 0.00538845 0)
(1.00179 0.00500756 0)
(1.00185 0.00507896 0)
(1.0019 0.00515142 0)
(1.00197 0.00522488 0)
(1.00203 0.00529931 0)
(1.0021 0.00537466 0)
(1.00217 0.00545087 0)
(1.00224 0.00552788 0)
(1.00232 0.00560562 0)
(1.00239 0.00568401 0)
(1.00248 0.00576298 0)
(1.00256 0.00584242 0)
(1.00265 0.00592223 0)
(1.00274 0.00600231 0)
(1.00284 0.00608253 0)
(1.00294 0.00616276 0)
(1.00304 0.00624286 0)
(1.00315 0.00632267 0)
(1.00326 0.00640205 0)
(1.00337 0.00648081 0)
(1.00349 0.00655877 0)
(1.00361 0.00663576 0)
(1.00374 0.00671155 0)
(1.00387 0.00678596 0)
(1.00401 0.00685877 0)
(1.00415 0.00692974 0)
(1.00429 0.00699867 0)
(1.00444 0.00706531 0)
(1.00459 0.00712943 0)
(1.00475 0.0071908 0)
(1.00491 0.00724919 0)
(1.00507 0.00730436 0)
(1.00524 0.00735609 0)
(1.00541 0.00740416 0)
(1.00558 0.00744836 0)
(1.00576 0.0074885 0)
(1.00594 0.00752439 0)
(1.00612 0.00755587 0)
(1.00631 0.00758278 0)
(1.0065 0.00760501 0)
(1.00669 0.00762245 0)
(1.00688 0.00763501 0)
(1.00707 0.00764265 0)
(1.00726 0.00764533 0)
(1.00746 0.00764306 0)
(1.00766 0.00763586 0)
(1.00785 0.00762377 0)
(1.00805 0.00760689 0)
(1.00824 0.0075853 0)
(1.00844 0.00755914 0)
(1.00863 0.00752856 0)
(1.00883 0.00749372 0)
(1.00902 0.00745481 0)
(1.00921 0.00741203 0)
(1.0094 0.00736559 0)
(1.00959 0.00731572 0)
(1.00977 0.00726266 0)
(1.00996 0.00720663 0)
(1.01014 0.00714788 0)
(1.01032 0.00708666 0)
(1.0105 0.00702321 0)
(1.01068 0.00695777 0)
(1.01085 0.0068906 0)
(1.01103 0.00682192 0)
(1.0112 0.00675197 0)
(1.01137 0.00668098 0)
(1.01154 0.00660918 0)
(1.0117 0.0065368 0)
(1.01187 0.00646405 0)
(1.01203 0.00639115 0)
(1.01219 0.00631833 0)
(1.01235 0.00624579 0)
(1.01251 0.00617376 0)
(1.01267 0.00610245 0)
(1.01283 0.00603211 0)
(1.01298 0.00596295 0)
(1.01314 0.00589525 0)
(1.01329 0.00582925 0)
(1.01344 0.00576526 0)
(1.0136 0.00570358 0)
(1.01375 0.00564459 0)
(1.0139 0.00558868 0)
(1.01405 0.00553631 0)
(1.0142 0.00548803 0)
(1.01435 0.00544446 0)
(1.0145 0.00540633 0)
(1.01465 0.0053745 0)
(1.0148 0.00534993 0)
(1.01495 0.00533369 0)
(1.01515 0.00532647 0)
(1.00171 0.00478437 0)
(1.00177 0.0048524 0)
(1.00182 0.00492146 0)
(1.00188 0.00499149 0)
(1.00194 0.00506247 0)
(1.002 0.00513435 0)
(1.00207 0.00520708 0)
(1.00214 0.00528061 0)
(1.00221 0.00535488 0)
(1.00228 0.00542983 0)
(1.00236 0.00550537 0)
(1.00244 0.00558142 0)
(1.00252 0.0056579 0)
(1.00261 0.00573471 0)
(1.0027 0.00581173 0)
(1.0028 0.00588885 0)
(1.00289 0.00596595 0)
(1.00299 0.00604289 0)
(1.0031 0.00611953 0)
(1.00321 0.0061957 0)
(1.00332 0.00627127 0)
(1.00343 0.00634604 0)
(1.00355 0.00641984 0)
(1.00368 0.00649248 0)
(1.0038 0.00656377 0)
(1.00394 0.0066335 0)
(1.00407 0.00670147 0)
(1.00421 0.00676747 0)
(1.00436 0.00683127 0)
(1.0045 0.00689266 0)
(1.00465 0.00695142 0)
(1.00481 0.00700733 0)
(1.00497 0.00706018 0)
(1.00513 0.00710975 0)
(1.0053 0.00715585 0)
(1.00546 0.00719827 0)
(1.00564 0.00723685 0)
(1.00581 0.00727139 0)
(1.00599 0.00730176 0)
(1.00617 0.00732781 0)
(1.00635 0.00734942 0)
(1.00654 0.00736651 0)
(1.00672 0.00737898 0)
(1.00691 0.0073868 0)
(1.0071 0.00738993 0)
(1.00729 0.00738836 0)
(1.00748 0.00738213 0)
(1.00767 0.00737128 0)
(1.00786 0.00735587 0)
(1.00805 0.007336 0)
(1.00824 0.00731179 0)
(1.00843 0.00728337 0)
(1.00862 0.00725089 0)
(1.00881 0.00721453 0)
(1.00899 0.00717447 0)
(1.00918 0.00713092 0)
(1.00936 0.00708406 0)
(1.00955 0.00703414 0)
(1.00973 0.00698136 0)
(1.00991 0.00692596 0)
(1.01009 0.00686817 0)
(1.01026 0.00680823 0)
(1.01044 0.00674636 0)
(1.01061 0.00668279 0)
(1.01078 0.00661777 0)
(1.01095 0.00655152 0)
(1.01112 0.00648426 0)
(1.01129 0.00641622 0)
(1.01145 0.00634763 0)
(1.01162 0.00627871 0)
(1.01178 0.00620967 0)
(1.01194 0.00614075 0)
(1.0121 0.00607216 0)
(1.01226 0.00600414 0)
(1.01242 0.00593692 0)
(1.01258 0.00587075 0)
(1.01273 0.00580589 0)
(1.01289 0.0057426 0)
(1.01305 0.00568119 0)
(1.0132 0.00562199 0)
(1.01335 0.00556534 0)
(1.01351 0.00551167 0)
(1.01366 0.00546142 0)
(1.01381 0.00541513 0)
(1.01397 0.00537342 0)
(1.01412 0.00533698 0)
(1.01427 0.00530661 0)
(1.01443 0.00528324 0)
(1.01458 0.00526783 0)
(1.01479 0.00526104 0)
(1.00163 0.00456702 0)
(1.00168 0.00463185 0)
(1.00174 0.00469767 0)
(1.00179 0.00476445 0)
(1.00185 0.00483215 0)
(1.00191 0.00490074 0)
(1.00197 0.00497017 0)
(1.00204 0.00504039 0)
(1.0021 0.00511136 0)
(1.00217 0.00518302 0)
(1.00225 0.0052553 0)
(1.00232 0.00532812 0)
(1.0024 0.00540141 0)
(1.00248 0.00547507 0)
(1.00257 0.00554902 0)
(1.00266 0.00562315 0)
(1.00275 0.00569735 0)
(1.00284 0.00577149 0)
(1.00294 0.00584546 0)
(1.00304 0.0059191 0)
(1.00315 0.00599228 0)
(1.00326 0.00606484 0)
(1.00337 0.00613662 0)
(1.00349 0.00620745 0)
(1.00361 0.00627715 0)
(1.00373 0.00634553 0)
(1.00386 0.00641242 0)
(1.00399 0.0064776 0)
(1.00413 0.00654088 0)
(1.00427 0.00660206 0)
(1.00441 0.00666093 0)
(1.00456 0.00671728 0)
(1.00471 0.00677092 0)
(1.00486 0.00682164 0)
(1.00502 0.00686925 0)
(1.00518 0.00691355 0)
(1.00534 0.00695436 0)
(1.00551 0.00699152 0)
(1.00568 0.00702486 0)
(1.00585 0.00705424 0)
(1.00603 0.00707953 0)
(1.0062 0.00710062 0)
(1.00638 0.00711741 0)
(1.00656 0.00712985 0)
(1.00675 0.00713787 0)
(1.00693 0.00714145 0)
(1.00711 0.00714059 0)
(1.0073 0.00713529 0)
(1.00748 0.00712562 0)
(1.00767 0.00711162 0)
(1.00786 0.00709338 0)
(1.00804 0.007071 0)
(1.00823 0.00704462 0)
(1.00841 0.00701437 0)
(1.0086 0.00698041 0)
(1.00878 0.00694292 0)
(1.00896 0.00690207 0)
(1.00914 0.00685806 0)
(1.00932 0.0068111 0)
(1.0095 0.0067614 0)
(1.00968 0.00670917 0)
(1.00986 0.00665463 0)
(1.01003 0.00659801 0)
(1.0102 0.00653953 0)
(1.01038 0.00647942 0)
(1.01055 0.0064179 0)
(1.01071 0.00635519 0)
(1.01088 0.00629152 0)
(1.01105 0.00622712 0)
(1.01121 0.00616221 0)
(1.01138 0.00609701 0)
(1.01154 0.00603176 0)
(1.0117 0.00596667 0)
(1.01186 0.00590199 0)
(1.01202 0.00583796 0)
(1.01218 0.00577483 0)
(1.01234 0.00571287 0)
(1.0125 0.00565234 0)
(1.01265 0.00559357 0)
(1.01281 0.00553687 0)
(1.01296 0.00548261 0)
(1.01312 0.0054312 0)
(1.01328 0.00538309 0)
(1.01343 0.00533881 0)
(1.01359 0.00529894 0)
(1.01374 0.00526416 0)
(1.0139 0.00523524 0)
(1.01406 0.00521302 0)
(1.01422 0.00519842 0)
(1.01443 0.00519202 0)
(1.00156 0.00435552 0)
(1.0016 0.00441731 0)
(1.00165 0.00448006 0)
(1.00171 0.00454374 0)
(1.00176 0.00460832 0)
(1.00182 0.00467377 0)
(1.00187 0.00474005 0)
(1.00194 0.00480713 0)
(1.002 0.00487495 0)
(1.00207 0.00494346 0)
(1.00213 0.00501262 0)
(1.00221 0.00508234 0)
(1.00228 0.00515257 0)
(1.00236 0.00522322 0)
(1.00244 0.00529421 0)
(1.00252 0.00536544 0)
(1.00261 0.00543683 0)
(1.0027 0.00550825 0)
(1.00279 0.0055796 0)
(1.00288 0.00565075 0)
(1.00298 0.00572157 0)
(1.00309 0.00579193 0)
(1.00319 0.00586167 0)
(1.0033 0.00593064 0)
(1.00342 0.00599868 0)
(1.00353 0.00606563 0)
(1.00365 0.0061313 0)
(1.00378 0.00619552 0)
(1.00391 0.0062581 0)
(1.00404 0.00631886 0)
(1.00418 0.00637761 0)
(1.00431 0.00643414 0)
(1.00446 0.00648827 0)
(1.0046 0.00653982 0)
(1.00475 0.00658858 0)
(1.00491 0.00663438 0)
(1.00506 0.00667703 0)
(1.00522 0.00671637 0)
(1.00538 0.00675224 0)
(1.00555 0.00678449 0)
(1.00572 0.00681298 0)
(1.00589 0.00683759 0)
(1.00606 0.00685822 0)
(1.00623 0.00687478 0)
(1.00641 0.0068872 0)
(1.00658 0.00689544 0)
(1.00676 0.00689947 0)
(1.00694 0.00689928 0)
(1.00712 0.00689489 0)
(1.0073 0.00688633 0)
(1.00748 0.00687366 0)
(1.00767 0.00685696 0)
(1.00785 0.00683632 0)
(1.00803 0.00681186 0)
(1.00821 0.0067837 0)
(1.00839 0.006752 0)
(1.00857 0.00671692 0)
(1.00875 0.00667863 0)
(1.00893 0.00663731 0)
(1.00911 0.00659315 0)
(1.00928 0.00654635 0)
(1.00946 0.00649712 0)
(1.00963 0.00644567 0)
(1.0098 0.00639222 0)
(1.00997 0.00633698 0)
(1.01015 0.00628016 0)
(1.01031 0.006222 0)
(1.01048 0.00616271 0)
(1.01065 0.00610252 0)
(1.01081 0.00604164 0)
(1.01098 0.00598032 0)
(1.01114 0.00591877 0)
(1.01131 0.00585723 0)
(1.01147 0.00579594 0)
(1.01163 0.00573515 0)
(1.01179 0.00567511 0)
(1.01195 0.00561609 0)
(1.01211 0.00555838 0)
(1.01227 0.00550228 0)
(1.01242 0.00544813 0)
(1.01258 0.00539628 0)
(1.01274 0.00534716 0)
(1.0129 0.0053012 0)
(1.01306 0.00525892 0)
(1.01321 0.00522088 0)
(1.01337 0.00518775 0)
(1.01353 0.00516025 0)
(1.01369 0.00513915 0)
(1.01385 0.00512534 0)
(1.01407 0.00511931 0)
(1.00148 0.0041499 0)
(1.00152 0.00420879 0)
(1.00157 0.0042686 0)
(1.00162 0.00432932 0)
(1.00167 0.00439092 0)
(1.00172 0.00445337 0)
(1.00178 0.00451665 0)
(1.00184 0.00458071 0)
(1.0019 0.00464552 0)
(1.00196 0.00471103 0)
(1.00202 0.00477718 0)
(1.00209 0.00484393 0)
(1.00216 0.00491121 0)
(1.00223 0.00497896 0)
(1.00231 0.00504708 0)
(1.00239 0.00511552 0)
(1.00247 0.00518417 0)
(1.00255 0.00525294 0)
(1.00264 0.00532173 0)
(1.00273 0.00539043 0)
(1.00282 0.00545892 0)
(1.00292 0.00552707 0)
(1.00302 0.00559475 0)
(1.00312 0.00566183 0)
(1.00323 0.00572816 0)
(1.00334 0.00579358 0)
(1.00346 0.00585794 0)
(1.00357 0.00592106 0)
(1.0037 0.00598279 0)
(1.00382 0.00604294 0)
(1.00395 0.00610134 0)
(1.00408 0.00615781 0)
(1.00422 0.00621217 0)
(1.00436 0.00626424 0)
(1.0045 0.00631384 0)
(1.00464 0.00636078 0)
(1.00479 0.0064049 0)
(1.00494 0.00644604 0)
(1.0051 0.00648402 0)
(1.00526 0.00651871 0)
(1.00542 0.00654995 0)
(1.00558 0.00657763 0)
(1.00574 0.00660163 0)
(1.00591 0.00662185 0)
(1.00608 0.0066382 0)
(1.00625 0.00665063 0)
(1.00642 0.00665909 0)
(1.0066 0.00666355 0)
(1.00677 0.00666401 0)
(1.00695 0.00666046 0)
(1.00712 0.00665296 0)
(1.0073 0.00664155 0)
(1.00748 0.00662629 0)
(1.00766 0.00660728 0)
(1.00783 0.00658462 0)
(1.00801 0.00655844 0)
(1.00819 0.00652887 0)
(1.00837 0.00649606 0)
(1.00854 0.00646018 0)
(1.00872 0.00642139 0)
(1.00889 0.00637988 0)
(1.00907 0.00633584 0)
(1.00924 0.00628946 0)
(1.00941 0.00624095 0)
(1.00958 0.00619052 0)
(1.00975 0.00613837 0)
(1.00992 0.00608473 0)
(1.01009 0.0060298 0)
(1.01026 0.00597382 0)
(1.01042 0.00591699 0)
(1.01059 0.00585956 0)
(1.01075 0.00580174 0)
(1.01092 0.00574378 0)
(1.01108 0.00568592 0)
(1.01124 0.0056284 0)
(1.0114 0.00557149 0)
(1.01156 0.00551546 0)
(1.01173 0.0054606 0)
(1.01189 0.00540721 0)
(1.01205 0.00535563 0)
(1.01221 0.00530623 0)
(1.01237 0.00525941 0)
(1.01253 0.00521561 0)
(1.01269 0.00517533 0)
(1.01285 0.00513913 0)
(1.01301 0.00510763 0)
(1.01317 0.00508151 0)
(1.01334 0.00506152 0)
(1.0135 0.00504845 0)
(1.01372 0.00504279 0)
(1.0014 0.00395014 0)
(1.00144 0.00400625 0)
(1.00149 0.00406326 0)
(1.00154 0.00412115 0)
(1.00158 0.0041799 0)
(1.00163 0.00423948 0)
(1.00169 0.00429988 0)
(1.00174 0.00436105 0)
(1.0018 0.00442296 0)
(1.00185 0.00448558 0)
(1.00192 0.00454886 0)
(1.00198 0.00461274 0)
(1.00204 0.00467718 0)
(1.00211 0.00474211 0)
(1.00218 0.00480747 0)
(1.00226 0.00487319 0)
(1.00233 0.00493918 0)
(1.00241 0.00500536 0)
(1.0025 0.00507164 0)
(1.00258 0.00513791 0)
(1.00267 0.00520409 0)
(1.00276 0.00527004 0)
(1.00286 0.00533566 0)
(1.00295 0.00540081 0)
(1.00305 0.00546537 0)
(1.00316 0.00552919 0)
(1.00327 0.00559214 0)
(1.00338 0.00565405 0)
(1.00349 0.00571478 0)
(1.00361 0.00577416 0)
(1.00373 0.00583202 0)
(1.00386 0.00588821 0)
(1.00399 0.00594255 0)
(1.00412 0.00599488 0)
(1.00425 0.00604501 0)
(1.00439 0.00609278 0)
(1.00453 0.00613803 0)
(1.00468 0.00618059 0)
(1.00482 0.00622031 0)
(1.00497 0.00625703 0)
(1.00513 0.00629062 0)
(1.00528 0.00632093 0)
(1.00544 0.00634786 0)
(1.0056 0.00637129 0)
(1.00577 0.00639113 0)
(1.00593 0.0064073 0)
(1.0061 0.00641975 0)
(1.00627 0.00642842 0)
(1.00643 0.00643328 0)
(1.00661 0.00643434 0)
(1.00678 0.0064316 0)
(1.00695 0.00642508 0)
(1.00712 0.00641485 0)
(1.0073 0.00640094 0)
(1.00747 0.00638347 0)
(1.00765 0.0063625 0)
(1.00782 0.00633818 0)
(1.00799 0.00631061 0)
(1.00817 0.00627994 0)
(1.00834 0.00624633 0)
(1.00851 0.00620993 0)
(1.00869 0.00617093 0)
(1.00886 0.0061295 0)
(1.00903 0.00608584 0)
(1.0092 0.00604013 0)
(1.00937 0.00599259 0)
(1.00954 0.00594342 0)
(1.00971 0.00589283 0)
(1.00987 0.00584103 0)
(1.01004 0.00578825 0)
(1.01021 0.00573471 0)
(1.01037 0.00568065 0)
(1.01054 0.00562628 0)
(1.0107 0.00557187 0)
(1.01086 0.00551766 0)
(1.01103 0.00546391 0)
(1.01119 0.00541089 0)
(1.01135 0.00535891 0)
(1.01151 0.00530826 0)
(1.01167 0.00525928 0)
(1.01184 0.00521234 0)
(1.012 0.00516784 0)
(1.01216 0.00512621 0)
(1.01232 0.00508793 0)
(1.01249 0.00505355 0)
(1.01265 0.00502365 0)
(1.01282 0.0049989 0)
(1.01299 0.00497998 0)
(1.01315 0.00496765 0)
(1.01338 0.00496234 0)
(1.00133 0.00375623 0)
(1.00137 0.00380968 0)
(1.00141 0.003864 0)
(1.00145 0.00391917 0)
(1.0015 0.00397518 0)
(1.00155 0.00403202 0)
(1.00159 0.00408964 0)
(1.00165 0.00414803 0)
(1.0017 0.00420717 0)
(1.00175 0.004267 0)
(1.00181 0.0043275 0)
(1.00187 0.00438862 0)
(1.00193 0.00445031 0)
(1.002 0.00451252 0)
(1.00206 0.0045752 0)
(1.00213 0.00463826 0)
(1.00221 0.00470166 0)
(1.00228 0.0047653 0)
(1.00236 0.00482911 0)
(1.00244 0.004893 0)
(1.00252 0.00495688 0)
(1.00261 0.00502064 0)
(1.0027 0.00508417 0)
(1.00279 0.00514737 0)
(1.00288 0.00521012 0)
(1.00298 0.00527228 0)
(1.00308 0.00533372 0)
(1.00319 0.00539432 0)
(1.0033 0.00545391 0)
(1.00341 0.00551237 0)
(1.00352 0.00556953 0)
(1.00364 0.00562524 0)
(1.00376 0.00567934 0)
(1.00389 0.00573167 0)
(1.00402 0.00578207 0)
(1.00415 0.00583038 0)
(1.00428 0.00587644 0)
(1.00442 0.0059201 0)
(1.00456 0.00596119 0)
(1.00471 0.00599957 0)
(1.00485 0.00603511 0)
(1.005 0.00606766 0)
(1.00515 0.0060971 0)
(1.00531 0.00612332 0)
(1.00546 0.00614622 0)
(1.00562 0.0061657 0)
(1.00578 0.0061817 0)
(1.00595 0.00619415 0)
(1.00611 0.00620301 0)
(1.00628 0.00620825 0)
(1.00644 0.00620987 0)
(1.00661 0.00620787 0)
(1.00678 0.00620228 0)
(1.00695 0.00619314 0)
(1.00712 0.0061805 0)
(1.00729 0.00616446 0)
(1.00746 0.00614508 0)
(1.00763 0.00612249 0)
(1.0078 0.00609681 0)
(1.00798 0.00606816 0)
(1.00815 0.00603669 0)
(1.00832 0.00600256 0)
(1.00849 0.00596594 0)
(1.00866 0.005927 0)
(1.00883 0.00588592 0)
(1.009 0.0058429 0)
(1.00916 0.00579814 0)
(1.00933 0.00575183 0)
(1.0095 0.00570419 0)
(1.00967 0.00565543 0)
(1.00983 0.00560577 0)
(1.01 0.00555545 0)
(1.01016 0.00550469 0)
(1.01033 0.00545373 0)
(1.01049 0.00540284 0)
(1.01066 0.00535227 0)
(1.01082 0.00530229 0)
(1.01098 0.00525321 0)
(1.01115 0.00520532 0)
(1.01131 0.00515896 0)
(1.01147 0.0051145 0)
(1.01164 0.00507232 0)
(1.0118 0.00503285 0)
(1.01197 0.00499657 0)
(1.01213 0.004964 0)
(1.0123 0.0049357 0)
(1.01247 0.00491229 0)
(1.01264 0.00489442 0)
(1.01281 0.0048828 0)
(1.01304 0.00487783 0)
(1.00125 0.00356813 0)
(1.00129 0.00361902 0)
(1.00133 0.00367076 0)
(1.00137 0.00372332 0)
(1.00142 0.0037767 0)
(1.00146 0.00383088 0)
(1.00151 0.00388584 0)
(1.00155 0.00394156 0)
(1.0016 0.00399801 0)
(1.00166 0.00405516 0)
(1.00171 0.00411298 0)
(1.00177 0.00417142 0)
(1.00182 0.00423045 0)
(1.00189 0.00429002 0)
(1.00195 0.00435008 0)
(1.00201 0.00441056 0)
(1.00208 0.00447142 0)
(1.00215 0.00453257 0)
(1.00222 0.00459396 0)
(1.0023 0.00465549 0)
(1.00238 0.00471709 0)
(1.00246 0.00477866 0)
(1.00254 0.0048401 0)
(1.00263 0.00490132 0)
(1.00272 0.00496221 0)
(1.00281 0.00502265 0)
(1.00291 0.00508252 0)
(1.00301 0.0051417 0)
(1.00311 0.00520005 0)
(1.00322 0.00525744 0)
(1.00333 0.00531373 0)
(1.00344 0.00536878 0)
(1.00355 0.00542244 0)
(1.00367 0.00547456 0)
(1.00379 0.00552498 0)
(1.00392 0.00557356 0)
(1.00405 0.00562014 0)
(1.00418 0.00566458 0)
(1.00431 0.00570672 0)
(1.00445 0.00574642 0)
(1.00459 0.00578354 0)
(1.00473 0.00581795 0)
(1.00488 0.00584951 0)
(1.00502 0.00587812 0)
(1.00517 0.00590367 0)
(1.00533 0.00592605 0)
(1.00548 0.00594518 0)
(1.00564 0.005961 0)
(1.0058 0.00597345 0)
(1.00596 0.00598247 0)
(1.00612 0.00598806 0)
(1.00628 0.00599019 0)
(1.00645 0.00598887 0)
(1.00661 0.00598414 0)
(1.00678 0.00597601 0)
(1.00695 0.00596456 0)
(1.00711 0.00594985 0)
(1.00728 0.00593196 0)
(1.00745 0.005911 0)
(1.00762 0.00588709 0)
(1.00779 0.00586034 0)
(1.00796 0.0058309 0)
(1.00813 0.00579892 0)
(1.0083 0.00576456 0)
(1.00846 0.00572799 0)
(1.00863 0.00568939 0)
(1.0088 0.00564894 0)
(1.00897 0.00560685 0)
(1.00913 0.00556331 0)
(1.0093 0.00551853 0)
(1.00947 0.00547273 0)
(1.00963 0.00542613 0)
(1.0098 0.00537896 0)
(1.00996 0.00533147 0)
(1.01013 0.0052839 0)
(1.01029 0.00523651 0)
(1.01046 0.00518959 0)
(1.01062 0.00514341 0)
(1.01079 0.00509829 0)
(1.01095 0.00505457 0)
(1.01112 0.00501258 0)
(1.01129 0.00497273 0)
(1.01145 0.00493543 0)
(1.01162 0.00490114 0)
(1.01179 0.00487036 0)
(1.01196 0.00484363 0)
(1.01213 0.00482154 0)
(1.0123 0.0048047 0)
(1.01248 0.00479377 0)
(1.01271 0.00478913 0)
(1.00118 0.0033858 0)
(1.00122 0.00343422 0)
(1.00126 0.00348347 0)
(1.0013 0.00353352 0)
(1.00134 0.00358437 0)
(1.00138 0.00363599 0)
(1.00142 0.00368838 0)
(1.00147 0.00374152 0)
(1.00151 0.00379537 0)
(1.00156 0.00384992 0)
(1.00161 0.00390514 0)
(1.00167 0.00396099 0)
(1.00172 0.00401743 0)
(1.00178 0.00407443 0)
(1.00184 0.00413194 0)
(1.0019 0.00418991 0)
(1.00196 0.00424828 0)
(1.00203 0.00430699 0)
(1.0021 0.00436598 0)
(1.00217 0.00442518 0)
(1.00224 0.00448452 0)
(1.00232 0.0045439 0)
(1.0024 0.00460325 0)
(1.00248 0.00466247 0)
(1.00256 0.00472146 0)
(1.00265 0.00478013 0)
(1.00274 0.00483835 0)
(1.00284 0.00489603 0)
(1.00293 0.00495303 0)
(1.00303 0.00500924 0)
(1.00314 0.00506452 0)
(1.00324 0.00511874 0)
(1.00335 0.00517177 0)
(1.00346 0.00522346 0)
(1.00358 0.00527368 0)
(1.0037 0.00532229 0)
(1.00382 0.00536912 0)
(1.00394 0.00541406 0)
(1.00407 0.00545694 0)
(1.0042 0.00549763 0)
(1.00434 0.005536 0)
(1.00447 0.00557191 0)
(1.00461 0.00560524 0)
(1.00475 0.00563586 0)
(1.0049 0.00566366 0)
(1.00504 0.00568855 0)
(1.00519 0.00571043 0)
(1.00534 0.00572921 0)
(1.0055 0.00574484 0)
(1.00565 0.00575726 0)
(1.00581 0.00576642 0)
(1.00597 0.0057723 0)
(1.00613 0.0057749 0)
(1.00629 0.00577421 0)
(1.00645 0.00577025 0)
(1.00662 0.00576307 0)
(1.00678 0.00575271 0)
(1.00695 0.00573925 0)
(1.00711 0.00572275 0)
(1.00728 0.00570332 0)
(1.00744 0.00568107 0)
(1.00761 0.00565612 0)
(1.00778 0.0056286 0)
(1.00794 0.00559866 0)
(1.00811 0.00556645 0)
(1.00828 0.00553215 0)
(1.00845 0.00549592 0)
(1.00861 0.00545795 0)
(1.00878 0.00541844 0)
(1.00895 0.00537758 0)
(1.00911 0.00533559 0)
(1.00928 0.00529268 0)
(1.00944 0.00524908 0)
(1.00961 0.00520503 0)
(1.00978 0.00516077 0)
(1.00994 0.00511657 0)
(1.01011 0.00507269 0)
(1.01027 0.00502943 0)
(1.01044 0.00498708 0)
(1.01061 0.00494598 0)
(1.01077 0.00490648 0)
(1.01094 0.00486896 0)
(1.01111 0.00483382 0)
(1.01128 0.00480151 0)
(1.01145 0.0047725 0)
(1.01162 0.00474733 0)
(1.0118 0.00472654 0)
(1.01198 0.00471071 0)
(1.01215 0.00470045 0)
(1.01239 0.00469613 0)
(1.00112 0.00320916 0)
(1.00115 0.00325521 0)
(1.00118 0.00330206 0)
(1.00122 0.00334968 0)
(1.00126 0.00339808 0)
(1.0013 0.00344724 0)
(1.00134 0.00349714 0)
(1.00138 0.00354777 0)
(1.00143 0.00359912 0)
(1.00147 0.00365115 0)
(1.00152 0.00370384 0)
(1.00157 0.00375717 0)
(1.00162 0.0038111 0)
(1.00167 0.0038656 0)
(1.00173 0.00392062 0)
(1.00179 0.00397612 0)
(1.00185 0.00403205 0)
(1.00191 0.00408836 0)
(1.00197 0.004145 0)
(1.00204 0.00420189 0)
(1.00211 0.00425897 0)
(1.00218 0.00431617 0)
(1.00226 0.00437342 0)
(1.00234 0.00443061 0)
(1.00242 0.00448768 0)
(1.0025 0.00454453 0)
(1.00258 0.00460105 0)
(1.00267 0.00465714 0)
(1.00276 0.0047127 0)
(1.00286 0.0047676 0)
(1.00296 0.00482174 0)
(1.00306 0.00487499 0)
(1.00316 0.00492723 0)
(1.00327 0.00497831 0)
(1.00337 0.00502812 0)
(1.00349 0.00507652 0)
(1.0036 0.00512337 0)
(1.00372 0.00516853 0)
(1.00384 0.00521188 0)
(1.00397 0.00525327 0)
(1.0041 0.00529257 0)
(1.00423 0.00532965 0)
(1.00436 0.00536439 0)
(1.00449 0.00539666 0)
(1.00463 0.00542636 0)
(1.00477 0.00545338 0)
(1.00492 0.00547762 0)
(1.00506 0.00549899 0)
(1.00521 0.00551742 0)
(1.00536 0.00553284 0)
(1.00551 0.0055452 0)
(1.00567 0.00555446 0)
(1.00582 0.0055606 0)
(1.00598 0.0055636 0)
(1.00614 0.00556347 0)
(1.0063 0.00556024 0)
(1.00646 0.00555392 0)
(1.00662 0.00554458 0)
(1.00678 0.00553227 0)
(1.00695 0.00551707 0)
(1.00711 0.00549908 0)
(1.00727 0.00547839 0)
(1.00744 0.00545513 0)
(1.0076 0.00542943 0)
(1.00777 0.00540143 0)
(1.00794 0.00537128 0)
(1.0081 0.00533915 0)
(1.00827 0.0053052 0)
(1.00843 0.00526962 0)
(1.0086 0.00523261 0)
(1.00877 0.00519436 0)
(1.00893 0.0051551 0)
(1.0091 0.00511503 0)
(1.00927 0.00507439 0)
(1.00943 0.00503342 0)
(1.0096 0.00499238 0)
(1.00977 0.00495154 0)
(1.00993 0.00491118 0)
(1.0101 0.0048716 0)
(1.01027 0.00483312 0)
(1.01044 0.00479609 0)
(1.01061 0.00476088 0)
(1.01078 0.00472789 0)
(1.01095 0.00469754 0)
(1.01112 0.0046703 0)
(1.0113 0.00464666 0)
(1.01147 0.00462714 0)
(1.01165 0.0046123 0)
(1.01183 0.00460271 0)
(1.01208 0.00459869 0)
(1.00105 0.00303814 0)
(1.00108 0.0030819 0)
(1.00112 0.00312642 0)
(1.00115 0.0031717 0)
(1.00118 0.00321773 0)
(1.00122 0.0032645 0)
(1.00126 0.00331199 0)
(1.0013 0.0033602 0)
(1.00134 0.00340911 0)
(1.00139 0.0034587 0)
(1.00143 0.00350894 0)
(1.00148 0.00355981 0)
(1.00153 0.00361129 0)
(1.00158 0.00366334 0)
(1.00163 0.00371593 0)
(1.00168 0.00376902 0)
(1.00174 0.00382256 0)
(1.0018 0.00387651 0)
(1.00186 0.00393081 0)
(1.00192 0.00398542 0)
(1.00199 0.00404026 0)
(1.00205 0.00409529 0)
(1.00213 0.00415042 0)
(1.0022 0.00420558 0)
(1.00227 0.00426069 0)
(1.00235 0.00431567 0)
(1.00243 0.00437042 0)
(1.00252 0.00442487 0)
(1.0026 0.00447889 0)
(1.00269 0.0045324 0)
(1.00278 0.00458528 0)
(1.00288 0.00463742 0)
(1.00298 0.0046887 0)
(1.00308 0.00473901 0)
(1.00318 0.00478822 0)
(1.00329 0.00483621 0)
(1.0034 0.00488284 0)
(1.00351 0.00492799 0)
(1.00363 0.00497154 0)
(1.00375 0.00501334 0)
(1.00387 0.00505328 0)
(1.00399 0.00509123 0)
(1.00412 0.00512706 0)
(1.00425 0.00516065 0)
(1.00438 0.0051919 0)
(1.00452 0.00522069 0)
(1.00465 0.00524693 0)
(1.0048 0.00527052 0)
(1.00494 0.00529138 0)
(1.00508 0.00530943 0)
(1.00523 0.00532462 0)
(1.00538 0.00533689 0)
(1.00553 0.00534621 0)
(1.00568 0.00535256 0)
(1.00584 0.00535591 0)
(1.00599 0.00535629 0)
(1.00615 0.0053537 0)
(1.00631 0.00534817 0)
(1.00647 0.00533976 0)
(1.00663 0.00532853 0)
(1.00679 0.00531454 0)
(1.00695 0.00529789 0)
(1.00711 0.00527868 0)
(1.00728 0.00525703 0)
(1.00744 0.00523305 0)
(1.0076 0.0052069 0)
(1.00777 0.00517871 0)
(1.00793 0.00514866 0)
(1.0081 0.00511692 0)
(1.00826 0.00508366 0)
(1.00843 0.00504908 0)
(1.0086 0.00501338 0)
(1.00876 0.00497678 0)
(1.00893 0.00493951 0)
(1.0091 0.00490179 0)
(1.00926 0.00486389 0)
(1.00943 0.00482606 0)
(1.0096 0.00478858 0)
(1.00977 0.00475174 0)
(1.00994 0.00471587 0)
(1.01011 0.0046813 0)
(1.01028 0.0046484 0)
(1.01045 0.00461753 0)
(1.01063 0.00458913 0)
(1.0108 0.00456362 0)
(1.01098 0.00454149 0)
(1.01116 0.00452323 0)
(1.01134 0.00450936 0)
(1.01152 0.00450041 0)
(1.01177 0.0044967 0)
(1.00099 0.00287264 0)
(1.00102 0.00291418 0)
(1.00105 0.00295645 0)
(1.00108 0.00299946 0)
(1.00111 0.0030432 0)
(1.00115 0.00308765 0)
(1.00119 0.00313281 0)
(1.00122 0.00317866 0)
(1.00126 0.0032252 0)
(1.0013 0.00327241 0)
(1.00134 0.00332027 0)
(1.00139 0.00336875 0)
(1.00143 0.00341784 0)
(1.00148 0.0034675 0)
(1.00153 0.0035177 0)
(1.00158 0.00356842 0)
(1.00164 0.00361961 0)
(1.00169 0.00367123 0)
(1.00175 0.00372323 0)
(1.00181 0.00377557 0)
(1.00187 0.0038282 0)
(1.00193 0.00388104 0)
(1.002 0.00393405 0)
(1.00207 0.00398716 0)
(1.00214 0.00404029 0)
(1.00221 0.00409337 0)
(1.00229 0.00414631 0)
(1.00237 0.00419904 0)
(1.00245 0.00425145 0)
(1.00253 0.00430347 0)
(1.00262 0.00435498 0)
(1.00271 0.00440589 0)
(1.0028 0.00445608 0)
(1.0029 0.00450545 0)
(1.003 0.00455389 0)
(1.0031 0.00460127 0)
(1.0032 0.00464748 0)
(1.00331 0.0046924 0)
(1.00342 0.0047359 0)
(1.00353 0.00477787 0)
(1.00365 0.00481817 0)
(1.00377 0.00485669 0)
(1.00389 0.00489331 0)
(1.00401 0.00492791 0)
(1.00414 0.00496038 0)
(1.00427 0.00499061 0)
(1.0044 0.0050185 0)
(1.00454 0.00504396 0)
(1.00468 0.00506689 0)
(1.00482 0.00508722 0)
(1.00496 0.00510488 0)
(1.0051 0.0051198 0)
(1.00525 0.00513195 0)
(1.0054 0.00514129 0)
(1.00555 0.00514779 0)
(1.0057 0.00515145 0)
(1.00585 0.00515226 0)
(1.00601 0.00515025 0)
(1.00616 0.00514544 0)
(1.00632 0.00513789 0)
(1.00648 0.00512765 0)
(1.00664 0.00511479 0)
(1.0068 0.0050994 0)
(1.00696 0.00508158 0)
(1.00712 0.00506144 0)
(1.00728 0.00503911 0)
(1.00745 0.00501472 0)
(1.00761 0.00498843 0)
(1.00778 0.00496038 0)
(1.00794 0.00493076 0)
(1.00811 0.00489976 0)
(1.00827 0.00486755 0)
(1.00844 0.00483435 0)
(1.0086 0.00480038 0)
(1.00877 0.00476586 0)
(1.00894 0.00473105 0)
(1.00911 0.00469619 0)
(1.00928 0.00466156 0)
(1.00945 0.00462744 0)
(1.00962 0.00459415 0)
(1.00979 0.00456202 0)
(1.00996 0.00453138 0)
(1.01014 0.00450263 0)
(1.01031 0.00447614 0)
(1.01049 0.00445235 0)
(1.01067 0.00443171 0)
(1.01085 0.00441468 0)
(1.01104 0.00440176 0)
(1.01122 0.00439343 0)
(1.01147 0.00439001 0)
(1.00093 0.00271254 0)
(1.00096 0.00275193 0)
(1.00099 0.00279203 0)
(1.00102 0.00283284 0)
(1.00105 0.00287434 0)
(1.00108 0.00291655 0)
(1.00111 0.00295944 0)
(1.00115 0.00300301 0)
(1.00119 0.00304724 0)
(1.00122 0.00309213 0)
(1.00126 0.00313766 0)
(1.00131 0.00318381 0)
(1.00135 0.00323056 0)
(1.00139 0.00327788 0)
(1.00144 0.00332575 0)
(1.00149 0.00337414 0)
(1.00154 0.00342301 0)
(1.00159 0.00347233 0)
(1.00164 0.00352206 0)
(1.0017 0.00357216 0)
(1.00176 0.00362257 0)
(1.00182 0.00367325 0)
(1.00188 0.00372414 0)
(1.00194 0.00377517 0)
(1.00201 0.0038263 0)
(1.00208 0.00387744 0)
(1.00215 0.00392852 0)
(1.00223 0.00397947 0)
(1.0023 0.00403021 0)
(1.00238 0.00408065 0)
(1.00247 0.00413069 0)
(1.00255 0.00418026 0)
(1.00264 0.00422923 0)
(1.00273 0.00427753 0)
(1.00282 0.00432503 0)
(1.00292 0.00437164 0)
(1.00302 0.00441724 0)
(1.00312 0.00446171 0)
(1.00322 0.00450495 0)
(1.00333 0.00454683 0)
(1.00344 0.00458724 0)
(1.00356 0.00462607 0)
(1.00367 0.00466319 0)
(1.00379 0.0046985 0)
(1.00391 0.00473189 0)
(1.00404 0.00476324 0)
(1.00417 0.00479246 0)
(1.0043 0.00481945 0)
(1.00443 0.00484411 0)
(1.00456 0.00486637 0)
(1.0047 0.00488615 0)
(1.00484 0.00490338 0)
(1.00498 0.00491801 0)
(1.00512 0.00493 0)
(1.00527 0.00493931 0)
(1.00542 0.00494592 0)
(1.00557 0.00494981 0)
(1.00572 0.004951 0)
(1.00587 0.00494951 0)
(1.00602 0.00494535 0)
(1.00618 0.00493858 0)
(1.00634 0.00492926 0)
(1.00649 0.00491745 0)
(1.00665 0.00490324 0)
(1.00681 0.00488673 0)
(1.00697 0.00486803 0)
(1.00714 0.00484726 0)
(1.0073 0.00482456 0)
(1.00746 0.00480008 0)
(1.00763 0.00477398 0)
(1.00779 0.00474643 0)
(1.00796 0.00471761 0)
(1.00812 0.00468773 0)
(1.00829 0.00465698 0)
(1.00846 0.0046256 0)
(1.00863 0.00459381 0)
(1.0088 0.00456188 0)
(1.00897 0.00453005 0)
(1.00914 0.00449861 0)
(1.00931 0.00446787 0)
(1.00948 0.00443814 0)
(1.00966 0.00440975 0)
(1.00983 0.00438307 0)
(1.01001 0.00435847 0)
(1.01019 0.00433637 0)
(1.01037 0.00431718 0)
(1.01056 0.00430136 0)
(1.01074 0.00428936 0)
(1.01093 0.00428166 0)
(1.01118 0.00427852 0)
(1.00087 0.00255772 0)
(1.0009 0.00259503 0)
(1.00093 0.00263301 0)
(1.00095 0.00267168 0)
(1.00098 0.00271103 0)
(1.00101 0.00275104 0)
(1.00105 0.00279173 0)
(1.00108 0.00283307 0)
(1.00111 0.00287506 0)
(1.00115 0.00291769 0)
(1.00119 0.00296095 0)
(1.00123 0.00300481 0)
(1.00127 0.00304927 0)
(1.00131 0.0030943 0)
(1.00135 0.00313988 0)
(1.0014 0.00318598 0)
(1.00144 0.00323258 0)
(1.00149 0.00327963 0)
(1.00154 0.00332711 0)
(1.0016 0.00337498 0)
(1.00165 0.00342319 0)
(1.00171 0.0034717 0)
(1.00177 0.00352046 0)
(1.00183 0.00356942 0)
(1.00189 0.00361851 0)
(1.00196 0.00366769 0)
(1.00202 0.00371687 0)
(1.00209 0.003766 0)
(1.00217 0.00381499 0)
(1.00224 0.00386377 0)
(1.00232 0.00391227 0)
(1.0024 0.00396038 0)
(1.00248 0.00400803 0)
(1.00257 0.00405511 0)
(1.00266 0.00410154 0)
(1.00275 0.00414721 0)
(1.00284 0.00419201 0)
(1.00294 0.00423585 0)
(1.00304 0.00427862 0)
(1.00314 0.0043202 0)
(1.00325 0.00436049 0)
(1.00336 0.00439937 0)
(1.00347 0.00443673 0)
(1.00358 0.00447248 0)
(1.0037 0.00450649 0)
(1.00382 0.00453866 0)
(1.00394 0.00456889 0)
(1.00406 0.00459709 0)
(1.00419 0.00462316 0)
(1.00432 0.00464702 0)
(1.00445 0.00466859 0)
(1.00459 0.00468779 0)
(1.00473 0.00470457 0)
(1.00487 0.00471887 0)
(1.00501 0.00473065 0)
(1.00515 0.00473988 0)
(1.0053 0.00474654 0)
(1.00544 0.00475062 0)
(1.00559 0.00475213 0)
(1.00574 0.00475108 0)
(1.0059 0.00474751 0)
(1.00605 0.00474146 0)
(1.0062 0.00473298 0)
(1.00636 0.00472215 0)
(1.00652 0.00470905 0)
(1.00668 0.00469377 0)
(1.00684 0.00467644 0)
(1.007 0.00465716 0)
(1.00716 0.00463609 0)
(1.00732 0.00461336 0)
(1.00749 0.00458913 0)
(1.00765 0.00456359 0)
(1.00782 0.00453691 0)
(1.00799 0.0045093 0)
(1.00815 0.00448097 0)
(1.00832 0.00445215 0)
(1.00849 0.00442307 0)
(1.00866 0.00439399 0)
(1.00883 0.00436519 0)
(1.00901 0.00433694 0)
(1.00918 0.00430957 0)
(1.00936 0.00428338 0)
(1.00954 0.00425874 0)
(1.00971 0.004236 0)
(1.0099 0.00421555 0)
(1.01008 0.0041978 0)
(1.01027 0.00418316 0)
(1.01046 0.00417206 0)
(1.01065 0.00416495 0)
(1.0109 0.00416209 0)
(1.00082 0.00240804 0)
(1.00084 0.00244332 0)
(1.00087 0.00247926 0)
(1.0009 0.00251585 0)
(1.00092 0.00255309 0)
(1.00095 0.00259097 0)
(1.00098 0.00262951 0)
(1.00101 0.00266868 0)
(1.00105 0.00270848 0)
(1.00108 0.00274891 0)
(1.00111 0.00278994 0)
(1.00115 0.00283158 0)
(1.00119 0.00287379 0)
(1.00123 0.00291657 0)
(1.00127 0.0029599 0)
(1.00131 0.00300375 0)
(1.00136 0.0030481 0)
(1.0014 0.00309291 0)
(1.00145 0.00313816 0)
(1.0015 0.00318382 0)
(1.00155 0.00322985 0)
(1.0016 0.0032762 0)
(1.00166 0.00332283 0)
(1.00172 0.00336969 0)
(1.00178 0.00341674 0)
(1.00184 0.00346392 0)
(1.0019 0.00351117 0)
(1.00197 0.00355842 0)
(1.00204 0.00360561 0)
(1.00211 0.00365267 0)
(1.00218 0.00369953 0)
(1.00226 0.0037461 0)
(1.00234 0.00379231 0)
(1.00242 0.00383807 0)
(1.0025 0.00388328 0)
(1.00259 0.00392786 0)
(1.00268 0.00397172 0)
(1.00277 0.00401475 0)
(1.00287 0.00405685 0)
(1.00296 0.00409793 0)
(1.00306 0.00413787 0)
(1.00317 0.00417657 0)
(1.00327 0.00421393 0)
(1.00338 0.00424984 0)
(1.00349 0.00428421 0)
(1.00361 0.00431692 0)
(1.00373 0.00434787 0)
(1.00385 0.00437698 0)
(1.00397 0.00440415 0)
(1.00409 0.00442929 0)
(1.00422 0.00445232 0)
(1.00435 0.00447317 0)
(1.00448 0.00449177 0)
(1.00462 0.00450805 0)
(1.00476 0.00452198 0)
(1.00489 0.00453352 0)
(1.00504 0.00454262 0)
(1.00518 0.00454928 0)
(1.00533 0.00455349 0)
(1.00547 0.00455526 0)
(1.00562 0.0045546 0)
(1.00577 0.00455154 0)
(1.00593 0.00454613 0)
(1.00608 0.00453843 0)
(1.00624 0.00452851 0)
(1.00639 0.00451645 0)
(1.00655 0.00450234 0)
(1.00671 0.00448631 0)
(1.00687 0.00446846 0)
(1.00703 0.00444895 0)
(1.0072 0.00442791 0)
(1.00736 0.00440551 0)
(1.00753 0.00438192 0)
(1.00769 0.00435734 0)
(1.00786 0.00433197 0)
(1.00803 0.00430602 0)
(1.0082 0.00427972 0)
(1.00837 0.00425332 0)
(1.00854 0.00422709 0)
(1.00872 0.00420129 0)
(1.00889 0.00417622 0)
(1.00907 0.00415219 0)
(1.00925 0.00412955 0)
(1.00943 0.00410862 0)
(1.00961 0.00408979 0)
(1.0098 0.00407344 0)
(1.00999 0.00405995 0)
(1.01018 0.00404973 0)
(1.01037 0.0040432 0)
(1.01063 0.0040406 0)
(1.00077 0.00226334 0)
(1.00079 0.00229665 0)
(1.00082 0.00233059 0)
(1.00084 0.00236516 0)
(1.00087 0.00240035 0)
(1.00089 0.00243616 0)
(1.00092 0.0024726 0)
(1.00095 0.00250966 0)
(1.00098 0.00254732 0)
(1.00101 0.00258559 0)
(1.00105 0.00262445 0)
(1.00108 0.0026639 0)
(1.00112 0.00270392 0)
(1.00115 0.00274449 0)
(1.00119 0.0027856 0)
(1.00123 0.00282723 0)
(1.00127 0.00286936 0)
(1.00132 0.00291196 0)
(1.00136 0.00295501 0)
(1.00141 0.00299848 0)
(1.00146 0.00304232 0)
(1.00151 0.00308652 0)
(1.00156 0.00313102 0)
(1.00161 0.00317579 0)
(1.00167 0.00322077 0)
(1.00173 0.00326593 0)
(1.00179 0.00331121 0)
(1.00185 0.00335654 0)
(1.00192 0.00340188 0)
(1.00198 0.00344716 0)
(1.00205 0.0034923 0)
(1.00213 0.00353725 0)
(1.0022 0.00358192 0)
(1.00228 0.00362624 0)
(1.00236 0.00367012 0)
(1.00244 0.00371349 0)
(1.00252 0.00375624 0)
(1.00261 0.0037983 0)
(1.0027 0.00383956 0)
(1.00279 0.00387994 0)
(1.00289 0.00391933 0)
(1.00299 0.00395764 0)
(1.00309 0.00399476 0)
(1.00319 0.0040306 0)
(1.0033 0.00406506 0)
(1.00341 0.00409804 0)
(1.00352 0.00412945 0)
(1.00364 0.00415918 0)
(1.00376 0.00418715 0)
(1.00388 0.00421327 0)
(1.004 0.00423745 0)
(1.00412 0.00425963 0)
(1.00425 0.00427973 0)
(1.00438 0.00429768 0)
(1.00452 0.00431344 0)
(1.00465 0.00432696 0)
(1.00479 0.0043382 0)
(1.00493 0.00434713 0)
(1.00507 0.00435374 0)
(1.00522 0.00435802 0)
(1.00536 0.00435999 0)
(1.00551 0.00435965 0)
(1.00566 0.00435705 0)
(1.00581 0.00435223 0)
(1.00596 0.00434525 0)
(1.00612 0.00433617 0)
(1.00628 0.00432508 0)
(1.00643 0.00431208 0)
(1.00659 0.00429728 0)
(1.00675 0.00428081 0)
(1.00692 0.0042628 0)
(1.00708 0.0042434 0)
(1.00724 0.00422277 0)
(1.00741 0.0042011 0)
(1.00758 0.00417858 0)
(1.00775 0.0041554 0)
(1.00792 0.0041318 0)
(1.00809 0.004108 0)
(1.00826 0.00408425 0)
(1.00844 0.00406083 0)
(1.00861 0.00403801 0)
(1.00879 0.00401609 0)
(1.00897 0.00399539 0)
(1.00915 0.00397623 0)
(1.00934 0.00395898 0)
(1.00953 0.00394398 0)
(1.00972 0.00393161 0)
(1.00991 0.00392225 0)
(1.01011 0.00391629 0)
(1.01037 0.00391394 0)
(1.00072 0.00212344 0)
(1.00074 0.00215484 0)
(1.00076 0.00218684 0)
(1.00079 0.00221943 0)
(1.00081 0.00225263 0)
(1.00084 0.00228643 0)
(1.00086 0.00232082 0)
(1.00089 0.0023558 0)
(1.00092 0.00239138 0)
(1.00095 0.00242754 0)
(1.00098 0.00246427 0)
(1.00101 0.00250157 0)
(1.00105 0.00253943 0)
(1.00108 0.00257784 0)
(1.00112 0.00261677 0)
(1.00116 0.00265622 0)
(1.0012 0.00269616 0)
(1.00124 0.00273657 0)
(1.00128 0.00277744 0)
(1.00132 0.00281872 0)
(1.00137 0.0028604 0)
(1.00142 0.00290245 0)
(1.00146 0.00294482 0)
(1.00152 0.00298748 0)
(1.00157 0.00303039 0)
(1.00162 0.0030735 0)
(1.00168 0.00311678 0)
(1.00174 0.00316016 0)
(1.0018 0.0032036 0)
(1.00187 0.00324703 0)
(1.00193 0.0032904 0)
(1.002 0.00333365 0)
(1.00207 0.00337669 0)
(1.00214 0.00341947 0)
(1.00222 0.00346191 0)
(1.0023 0.00350393 0)
(1.00238 0.00354544 0)
(1.00246 0.00358638 0)
(1.00255 0.00362664 0)
(1.00264 0.00366614 0)
(1.00273 0.0037048 0)
(1.00282 0.00374251 0)
(1.00292 0.00377918 0)
(1.00302 0.00381473 0)
(1.00312 0.00384904 0)
(1.00322 0.00388204 0)
(1.00333 0.00391363 0)
(1.00344 0.00394371 0)
(1.00356 0.0039722 0)
(1.00367 0.00399901 0)
(1.00379 0.00402406 0)
(1.00391 0.00404726 0)
(1.00404 0.00406856 0)
(1.00416 0.00408787 0)
(1.00429 0.00410515 0)
(1.00442 0.00412034 0)
(1.00456 0.0041334 0)
(1.00469 0.0041443 0)
(1.00483 0.00415301 0)
(1.00497 0.00415951 0)
(1.00511 0.00416382 0)
(1.00526 0.00416592 0)
(1.00541 0.00416586 0)
(1.00556 0.00416366 0)
(1.00571 0.00415936 0)
(1.00586 0.00415303 0)
(1.00601 0.00414473 0)
(1.00617 0.00413456 0)
(1.00633 0.00412261 0)
(1.00649 0.004109 0)
(1.00665 0.00409384 0)
(1.00681 0.00407728 0)
(1.00697 0.00405947 0)
(1.00714 0.00404057 0)
(1.00731 0.00402077 0)
(1.00747 0.00400026 0)
(1.00765 0.00397925 0)
(1.00782 0.00395796 0)
(1.00799 0.00393662 0)
(1.00817 0.0039155 0)
(1.00834 0.00389486 0)
(1.00852 0.00387498 0)
(1.00871 0.00385616 0)
(1.00889 0.00383873 0)
(1.00908 0.003823 0)
(1.00927 0.00380932 0)
(1.00946 0.00379804 0)
(1.00966 0.00378951 0)
(1.00985 0.00378409 0)
(1.01012 0.00378199 0)
(1.00068 0.00198817 0)
(1.0007 0.00201771 0)
(1.00072 0.00204781 0)
(1.00074 0.00207849 0)
(1.00076 0.00210974 0)
(1.00079 0.00214156 0)
(1.00081 0.00217395 0)
(1.00084 0.00220691 0)
(1.00086 0.00224044 0)
(1.00089 0.00227454 0)
(1.00092 0.00230919 0)
(1.00095 0.00234439 0)
(1.00098 0.00238013 0)
(1.00102 0.0024164 0)
(1.00105 0.00245319 0)
(1.00109 0.00249048 0)
(1.00112 0.00252826 0)
(1.00116 0.00256651 0)
(1.0012 0.00260521 0)
(1.00124 0.00264433 0)
(1.00129 0.00268385 0)
(1.00133 0.00272375 0)
(1.00138 0.00276399 0)
(1.00142 0.00280454 0)
(1.00147 0.00284536 0)
(1.00153 0.00288642 0)
(1.00158 0.00292767 0)
(1.00164 0.00296906 0)
(1.00169 0.00301055 0)
(1.00176 0.00305209 0)
(1.00182 0.00309363 0)
(1.00188 0.0031351 0)
(1.00195 0.00317644 0)
(1.00202 0.00321758 0)
(1.00209 0.00325847 0)
(1.00216 0.00329903 0)
(1.00224 0.00333919 0)
(1.00232 0.00337886 0)
(1.0024 0.00341797 0)
(1.00249 0.00345644 0)
(1.00257 0.00349417 0)
(1.00266 0.0035311 0)
(1.00275 0.00356712 0)
(1.00285 0.00360216 0)
(1.00295 0.00363611 0)
(1.00305 0.00366889 0)
(1.00315 0.00370042 0)
(1.00326 0.00373059 0)
(1.00337 0.00375933 0)
(1.00348 0.00378656 0)
(1.00359 0.00381218 0)
(1.00371 0.00383613 0)
(1.00383 0.00385832 0)
(1.00395 0.0038787 0)
(1.00408 0.0038972 0)
(1.0042 0.00391376 0)
(1.00433 0.00392834 0)
(1.00447 0.0039409 0)
(1.0046 0.00395141 0)
(1.00474 0.00395985 0)
(1.00488 0.0039662 0)
(1.00502 0.00397047 0)
(1.00516 0.00397266 0)
(1.00531 0.00397281 0)
(1.00546 0.00397095 0)
(1.00561 0.00396712 0)
(1.00576 0.00396139 0)
(1.00592 0.00395382 0)
(1.00607 0.00394452 0)
(1.00623 0.00393356 0)
(1.00639 0.00392108 0)
(1.00655 0.00390719 0)
(1.00671 0.00389203 0)
(1.00688 0.00387576 0)
(1.00705 0.00385855 0)
(1.00721 0.00384058 0)
(1.00738 0.00382205 0)
(1.00756 0.00380316 0)
(1.00773 0.00378414 0)
(1.00791 0.00376523 0)
(1.00809 0.00374669 0)
(1.00827 0.00372878 0)
(1.00845 0.00371179 0)
(1.00863 0.00369601 0)
(1.00882 0.00368176 0)
(1.00901 0.00366936 0)
(1.00921 0.00365912 0)
(1.00941 0.00365139 0)
(1.00961 0.00364649 0)
(1.00988 0.00364463 0)
(1.00063 0.00185734 0)
(1.00065 0.00188505 0)
(1.00067 0.00191331 0)
(1.00069 0.00194211 0)
(1.00072 0.00197146 0)
(1.00074 0.00200135 0)
(1.00076 0.00203179 0)
(1.00079 0.00206277 0)
(1.00081 0.0020943 0)
(1.00084 0.00212637 0)
(1.00087 0.00215897 0)
(1.00089 0.00219211 0)
(1.00092 0.00222576 0)
(1.00095 0.00225993 0)
(1.00099 0.00229461 0)
(1.00102 0.00232978 0)
(1.00105 0.00236542 0)
(1.00109 0.00240153 0)
(1.00113 0.00243808 0)
(1.00117 0.00247506 0)
(1.00121 0.00251244 0)
(1.00125 0.00255019 0)
(1.00129 0.0025883 0)
(1.00134 0.00262674 0)
(1.00139 0.00266546 0)
(1.00144 0.00270444 0)
(1.00149 0.00274363 0)
(1.00154 0.00278301 0)
(1.0016 0.00282252 0)
(1.00165 0.00286212 0)
(1.00171 0.00290176 0)
(1.00177 0.00294139 0)
(1.00184 0.00298095 0)
(1.0019 0.00302038 0)
(1.00197 0.00305963 0)
(1.00204 0.00309862 0)
(1.00211 0.0031373 0)
(1.00219 0.00317558 0)
(1.00227 0.0032134 0)
(1.00235 0.00325068 0)
(1.00243 0.00328734 0)
(1.00251 0.00332331 0)
(1.0026 0.00335849 0)
(1.00269 0.00339282 0)
(1.00279 0.00342619 0)
(1.00288 0.00345854 0)
(1.00298 0.00348977 0)
(1.00308 0.0035198 0)
(1.00319 0.00354854 0)
(1.0033 0.00357592 0)
(1.00341 0.00360185 0)
(1.00352 0.00362626 0)
(1.00364 0.00364908 0)
(1.00375 0.00367023 0)
(1.00388 0.00368965 0)
(1.004 0.00370729 0)
(1.00413 0.0037231 0)
(1.00425 0.00373703 0)
(1.00439 0.00374904 0)
(1.00452 0.00375911 0)
(1.00466 0.00376723 0)
(1.00479 0.00377337 0)
(1.00494 0.00377756 0)
(1.00508 0.00377979 0)
(1.00523 0.00378011 0)
(1.00537 0.00377853 0)
(1.00552 0.00377512 0)
(1.00568 0.00376993 0)
(1.00583 0.00376305 0)
(1.00599 0.00375455 0)
(1.00614 0.00374454 0)
(1.0063 0.00373314 0)
(1.00647 0.00372047 0)
(1.00663 0.00370667 0)
(1.0068 0.0036919 0)
(1.00697 0.00367634 0)
(1.00714 0.00366016 0)
(1.00731 0.00364355 0)
(1.00748 0.00362674 0)
(1.00766 0.00360995 0)
(1.00784 0.00359342 0)
(1.00802 0.0035774 0)
(1.0082 0.00356217 0)
(1.00839 0.00354799 0)
(1.00858 0.00353516 0)
(1.00877 0.00352398 0)
(1.00897 0.00351475 0)
(1.00917 0.00350779 0)
(1.00937 0.00350339 0)
(1.00964 0.00350175 0)
(1.0006 0.00173072 0)
(1.00061 0.00175666 0)
(1.00063 0.00178311 0)
(1.00065 0.00181008 0)
(1.00067 0.00183757 0)
(1.00069 0.00186558 0)
(1.00072 0.0018941 0)
(1.00074 0.00192315 0)
(1.00076 0.00195271 0)
(1.00079 0.0019828 0)
(1.00081 0.00201339 0)
(1.00084 0.0020445 0)
(1.00087 0.0020761 0)
(1.0009 0.00210821 0)
(1.00093 0.0021408 0)
(1.00096 0.00217387 0)
(1.00099 0.0022074 0)
(1.00103 0.00224139 0)
(1.00106 0.00227581 0)
(1.0011 0.00231065 0)
(1.00114 0.0023459 0)
(1.00118 0.00238152 0)
(1.00122 0.0024175 0)
(1.00126 0.00245382 0)
(1.00131 0.00249043 0)
(1.00135 0.00252732 0)
(1.0014 0.00256444 0)
(1.00145 0.00260177 0)
(1.0015 0.00263926 0)
(1.00156 0.00267688 0)
(1.00161 0.00271458 0)
(1.00167 0.00275231 0)
(1.00173 0.00279002 0)
(1.00179 0.00282766 0)
(1.00186 0.00286518 0)
(1.00192 0.00290251 0)
(1.00199 0.0029396 0)
(1.00206 0.00297637 0)
(1.00214 0.00301277 0)
(1.00222 0.00304872 0)
(1.00229 0.00308416 0)
(1.00238 0.003119 0)
(1.00246 0.00315318 0)
(1.00255 0.00318661 0)
(1.00264 0.00321921 0)
(1.00273 0.00325091 0)
(1.00282 0.00328163 0)
(1.00292 0.00331128 0)
(1.00302 0.00333978 0)
(1.00313 0.00336707 0)
(1.00323 0.00339305 0)
(1.00334 0.00341766 0)
(1.00345 0.00344083 0)
(1.00357 0.00346248 0)
(1.00369 0.00348255 0)
(1.00381 0.00350098 0)
(1.00393 0.00351773 0)
(1.00405 0.00353274 0)
(1.00418 0.00354597 0)
(1.00431 0.00355739 0)
(1.00445 0.00356698 0)
(1.00458 0.00357473 0)
(1.00472 0.00358062 0)
(1.00486 0.00358467 0)
(1.005 0.0035869 0)
(1.00515 0.00358732 0)
(1.0053 0.00358598 0)
(1.00545 0.00358294 0)
(1.0056 0.00357825 0)
(1.00575 0.003572 0)
(1.00591 0.00356426 0)
(1.00607 0.00355516 0)
(1.00623 0.00354479 0)
(1.00639 0.0035333 0)
(1.00656 0.00352082 0)
(1.00673 0.00350751 0)
(1.0069 0.00349354 0)
(1.00707 0.0034791 0)
(1.00724 0.00346439 0)
(1.00742 0.00344961 0)
(1.0076 0.003435 0)
(1.00778 0.00342078 0)
(1.00797 0.00340721 0)
(1.00816 0.00339456 0)
(1.00835 0.00338309 0)
(1.00854 0.00337308 0)
(1.00874 0.00336482 0)
(1.00894 0.00335859 0)
(1.00915 0.00335467 0)
(1.00942 0.00335324 0)
(1.00056 0.00160809 0)
(1.00058 0.0016323 0)
(1.00059 0.00165699 0)
(1.00061 0.00168217 0)
(1.00063 0.00170784 0)
(1.00065 0.001734 0)
(1.00067 0.00176066 0)
(1.00069 0.0017878 0)
(1.00072 0.00181544 0)
(1.00074 0.00184357 0)
(1.00076 0.0018722 0)
(1.00079 0.0019013 0)
(1.00082 0.00193089 0)
(1.00084 0.00196096 0)
(1.00087 0.00199149 0)
(1.0009 0.00202249 0)
(1.00093 0.00205393 0)
(1.00096 0.00208582 0)
(1.001 0.00211813 0)
(1.00103 0.00215086 0)
(1.00107 0.00218398 0)
(1.00111 0.00221747 0)
(1.00115 0.00225133 0)
(1.00119 0.00228551 0)
(1.00123 0.00232001 0)
(1.00127 0.00235479 0)
(1.00132 0.00238983 0)
(1.00137 0.00242508 0)
(1.00142 0.00246053 0)
(1.00147 0.00249612 0)
(1.00152 0.00253183 0)
(1.00157 0.0025676 0)
(1.00163 0.00260341 0)
(1.00169 0.00263918 0)
(1.00175 0.00267489 0)
(1.00182 0.00271047 0)
(1.00188 0.00274587 0)
(1.00195 0.00278104 0)
(1.00202 0.0028159 0)
(1.00209 0.00285039 0)
(1.00217 0.00288446 0)
(1.00225 0.00291803 0)
(1.00233 0.00295103 0)
(1.00241 0.00298339 0)
(1.0025 0.00301504 0)
(1.00259 0.0030459 0)
(1.00268 0.0030759 0)
(1.00277 0.00310495 0)
(1.00287 0.003133 0)
(1.00297 0.00315996 0)
(1.00307 0.00318575 0)
(1.00317 0.00321031 0)
(1.00328 0.00323356 0)
(1.00339 0.00325545 0)
(1.00351 0.00327589 0)
(1.00362 0.00329485 0)
(1.00374 0.00331225 0)
(1.00386 0.00332806 0)
(1.00399 0.00334223 0)
(1.00412 0.00335472 0)
(1.00425 0.00336551 0)
(1.00438 0.00337457 0)
(1.00451 0.00338191 0)
(1.00465 0.0033875 0)
(1.00479 0.00339138 0)
(1.00494 0.00339354 0)
(1.00508 0.00339403 0)
(1.00523 0.00339289 0)
(1.00538 0.00339017 0)
(1.00553 0.00338593 0)
(1.00569 0.00338027 0)
(1.00585 0.00337325 0)
(1.00601 0.003365 0)
(1.00617 0.00335563 0)
(1.00633 0.00334527 0)
(1.0065 0.00333407 0)
(1.00667 0.00332217 0)
(1.00684 0.00330976 0)
(1.00702 0.00329702 0)
(1.0072 0.00328414 0)
(1.00738 0.00327134 0)
(1.00756 0.00325883 0)
(1.00774 0.00324685 0)
(1.00793 0.00323565 0)
(1.00813 0.00322547 0)
(1.00832 0.00321658 0)
(1.00852 0.00320923 0)
(1.00873 0.0032037 0)
(1.00893 0.00320023 0)
(1.00921 0.003199 0)
(1.00053 0.00148923 0)
(1.00054 0.00151175 0)
(1.00056 0.00153472 0)
(1.00058 0.00155814 0)
(1.00059 0.00158203 0)
(1.00061 0.00160638 0)
(1.00063 0.0016312 0)
(1.00065 0.00165648 0)
(1.00067 0.00168223 0)
(1.0007 0.00170844 0)
(1.00072 0.00173512 0)
(1.00074 0.00176226 0)
(1.00077 0.00178986 0)
(1.00079 0.00181792 0)
(1.00082 0.00184642 0)
(1.00085 0.00187537 0)
(1.00088 0.00190475 0)
(1.00091 0.00193455 0)
(1.00094 0.00196477 0)
(1.00097 0.00199539 0)
(1.00101 0.00202639 0)
(1.00104 0.00205777 0)
(1.00108 0.0020895 0)
(1.00112 0.00212156 0)
(1.00116 0.00215393 0)
(1.0012 0.00218659 0)
(1.00124 0.00221952 0)
(1.00129 0.00225268 0)
(1.00133 0.00228604 0)
(1.00138 0.00231958 0)
(1.00143 0.00235325 0)
(1.00149 0.00238703 0)
(1.00154 0.00242086 0)
(1.0016 0.00245471 0)
(1.00166 0.00248854 0)
(1.00172 0.00252229 0)
(1.00178 0.00255591 0)
(1.00184 0.00258935 0)
(1.00191 0.00262256 0)
(1.00198 0.00265548 0)
(1.00205 0.00268805 0)
(1.00213 0.00272021 0)
(1.0022 0.00275188 0)
(1.00228 0.00278301 0)
(1.00237 0.00281353 0)
(1.00245 0.00284337 0)
(1.00254 0.00287246 0)
(1.00263 0.00290072 0)
(1.00272 0.00292809 0)
(1.00282 0.0029545 0)
(1.00292 0.00297987 0)
(1.00302 0.00300414 0)
(1.00312 0.00302724 0)
(1.00323 0.0030491 0)
(1.00334 0.00306967 0)
(1.00345 0.00308887 0)
(1.00357 0.00310667 0)
(1.00369 0.003123 0)
(1.00381 0.00313783 0)
(1.00393 0.00315112 0)
(1.00406 0.00316283 0)
(1.00419 0.00317294 0)
(1.00432 0.00318144 0)
(1.00446 0.00318832 0)
(1.0046 0.00319358 0)
(1.00474 0.00319723 0)
(1.00488 0.00319929 0)
(1.00503 0.00319981 0)
(1.00517 0.00319882 0)
(1.00533 0.00319638 0)
(1.00548 0.00319256 0)
(1.00564 0.00318743 0)
(1.0058 0.0031811 0)
(1.00596 0.00317367 0)
(1.00612 0.00316526 0)
(1.00629 0.00315599 0)
(1.00646 0.00314601 0)
(1.00663 0.00313549 0)
(1.0068 0.00312458 0)
(1.00698 0.00311348 0)
(1.00716 0.00310238 0)
(1.00734 0.00309147 0)
(1.00753 0.00308099 0)
(1.00772 0.00307116 0)
(1.00791 0.0030622 0)
(1.00811 0.00305436 0)
(1.00831 0.00304789 0)
(1.00852 0.00304301 0)
(1.00872 0.00303997 0)
(1.009 0.00303893 0)
(1.0005 0.00137389 0)
(1.00051 0.00139475 0)
(1.00053 0.00141603 0)
(1.00054 0.00143773 0)
(1.00056 0.00145987 0)
(1.00058 0.00148245 0)
(1.0006 0.00150546 0)
(1.00061 0.00152891 0)
(1.00063 0.0015528 0)
(1.00066 0.00157713 0)
(1.00068 0.0016019 0)
(1.0007 0.0016271 0)
(1.00072 0.00165274 0)
(1.00075 0.00167881 0)
(1.00077 0.00170531 0)
(1.0008 0.00173222 0)
(1.00083 0.00175956 0)
(1.00086 0.0017873 0)
(1.00089 0.00181543 0)
(1.00092 0.00184396 0)
(1.00095 0.00187285 0)
(1.00098 0.00190211 0)
(1.00102 0.00193172 0)
(1.00106 0.00196165 0)
(1.00109 0.00199189 0)
(1.00113 0.00202242 0)
(1.00117 0.00205322 0)
(1.00122 0.00208427 0)
(1.00126 0.00211553 0)
(1.00131 0.00214697 0)
(1.00135 0.00217857 0)
(1.0014 0.0022103 0)
(1.00146 0.00224211 0)
(1.00151 0.00227397 0)
(1.00157 0.00230585 0)
(1.00162 0.00233769 0)
(1.00168 0.00236945 0)
(1.00175 0.00240108 0)
(1.00181 0.00243254 0)
(1.00188 0.00246377 0)
(1.00195 0.00249472 0)
(1.00202 0.00252533 0)
(1.00209 0.00255554 0)
(1.00217 0.00258529 0)
(1.00225 0.00261452 0)
(1.00233 0.00264316 0)
(1.00241 0.00267116 0)
(1.0025 0.00269844 0)
(1.00259 0.00272493 0)
(1.00268 0.00275058 0)
(1.00278 0.00277531 0)
(1.00287 0.00279907 0)
(1.00297 0.00282177 0)
(1.00308 0.00284337 0)
(1.00319 0.0028638 0)
(1.00329 0.00288301 0)
(1.00341 0.00290094 0)
(1.00352 0.00291754 0)
(1.00364 0.00293277 0)
(1.00376 0.00294658 0)
(1.00389 0.00295894 0)
(1.00401 0.00296983 0)
(1.00414 0.00297923 0)
(1.00428 0.00298712 0)
(1.00441 0.0029935 0)
(1.00455 0.00299838 0)
(1.00469 0.00300177 0)
(1.00483 0.0030037 0)
(1.00498 0.0030042 0)
(1.00513 0.00300333 0)
(1.00528 0.00300113 0)
(1.00544 0.00299769 0)
(1.0056 0.00299307 0)
(1.00576 0.00298739 0)
(1.00592 0.00298073 0)
(1.00608 0.00297323 0)
(1.00625 0.00296502 0)
(1.00643 0.00295623 0)
(1.0066 0.00294702 0)
(1.00678 0.00293757 0)
(1.00696 0.00292804 0)
(1.00714 0.00291864 0)
(1.00733 0.00290956 0)
(1.00752 0.002901 0)
(1.00771 0.00289319 0)
(1.00791 0.00288635 0)
(1.00811 0.00288068 0)
(1.00832 0.00287643 0)
(1.00853 0.00287379 0)
(1.00881 0.00287292 0)
(1.00047 0.00126181 0)
(1.00048 0.00128103 0)
(1.0005 0.00130066 0)
(1.00051 0.00132068 0)
(1.00053 0.0013411 0)
(1.00054 0.00136193 0)
(1.00056 0.00138317 0)
(1.00058 0.00140482 0)
(1.0006 0.00142688 0)
(1.00062 0.00144935 0)
(1.00064 0.00147223 0)
(1.00066 0.00149552 0)
(1.00068 0.00151923 0)
(1.00071 0.00154333 0)
(1.00073 0.00156785 0)
(1.00076 0.00159276 0)
(1.00078 0.00161806 0)
(1.00081 0.00164375 0)
(1.00084 0.00166982 0)
(1.00087 0.00169626 0)
(1.0009 0.00172305 0)
(1.00093 0.0017502 0)
(1.00096 0.00177768 0)
(1.001 0.00180548 0)
(1.00103 0.00183359 0)
(1.00107 0.00186198 0)
(1.00111 0.00189064 0)
(1.00115 0.00191954 0)
(1.00119 0.00194867 0)
(1.00124 0.00197799 0)
(1.00128 0.00200749 0)
(1.00133 0.00203712 0)
(1.00138 0.00206686 0)
(1.00143 0.00209668 0)
(1.00148 0.00212654 0)
(1.00154 0.0021564 0)
(1.0016 0.00218622 0)
(1.00165 0.00221596 0)
(1.00172 0.00224557 0)
(1.00178 0.002275 0)
(1.00185 0.00230422 0)
(1.00191 0.00233316 0)
(1.00198 0.00236177 0)
(1.00206 0.00239 0)
(1.00213 0.00241779 0)
(1.00221 0.00244508 0)
(1.00229 0.00247181 0)
(1.00238 0.00249793 0)
(1.00246 0.00252336 0)
(1.00255 0.00254805 0)
(1.00264 0.00257194 0)
(1.00274 0.00259496 0)
(1.00284 0.00261705 0)
(1.00294 0.00263816 0)
(1.00304 0.00265822 0)
(1.00315 0.00267718 0)
(1.00326 0.002695 0)
(1.00337 0.00271161 0)
(1.00348 0.00272697 0)
(1.0036 0.00274105 0)
(1.00372 0.00275381 0)
(1.00385 0.00276522 0)
(1.00397 0.00277525 0)
(1.0041 0.00278389 0)
(1.00424 0.00279114 0)
(1.00437 0.00279699 0)
(1.00451 0.00280146 0)
(1.00465 0.00280456 0)
(1.0048 0.00280631 0)
(1.00495 0.00280677 0)
(1.0051 0.00280598 0)
(1.00525 0.00280399 0)
(1.00541 0.00280089 0)
(1.00557 0.00279675 0)
(1.00573 0.00279167 0)
(1.00589 0.00278576 0)
(1.00606 0.00277914 0)
(1.00623 0.00277193 0)
(1.00641 0.00276427 0)
(1.00659 0.00275633 0)
(1.00677 0.00274827 0)
(1.00695 0.00274025 0)
(1.00714 0.00273247 0)
(1.00733 0.0027251 0)
(1.00752 0.00271836 0)
(1.00772 0.00271244 0)
(1.00793 0.00270753 0)
(1.00814 0.00270385 0)
(1.00834 0.00270159 0)
(1.00863 0.00270087 0)
(1.00044 0.00115271 0)
(1.00045 0.00117033 0)
(1.00047 0.00118833 0)
(1.00048 0.00120669 0)
(1.0005 0.00122543 0)
(1.00051 0.00124454 0)
(1.00053 0.00126404 0)
(1.00055 0.00128391 0)
(1.00057 0.00130416 0)
(1.00058 0.0013248 0)
(1.0006 0.00134582 0)
(1.00062 0.00136723 0)
(1.00065 0.00138901 0)
(1.00067 0.00141118 0)
(1.00069 0.00143372 0)
(1.00071 0.00145664 0)
(1.00074 0.00147993 0)
(1.00076 0.00150359 0)
(1.00079 0.0015276 0)
(1.00082 0.00155196 0)
(1.00085 0.00157666 0)
(1.00088 0.0016017 0)
(1.00091 0.00162706 0)
(1.00094 0.00165273 0)
(1.00098 0.00167869 0)
(1.00101 0.00170493 0)
(1.00105 0.00173143 0)
(1.00109 0.00175818 0)
(1.00113 0.00178515 0)
(1.00117 0.00181232 0)
(1.00122 0.00183967 0)
(1.00126 0.00186717 0)
(1.00131 0.0018948 0)
(1.00136 0.00192252 0)
(1.00141 0.0019503 0)
(1.00146 0.00197811 0)
(1.00151 0.00200592 0)
(1.00157 0.00203368 0)
(1.00163 0.00206135 0)
(1.00169 0.0020889 0)
(1.00175 0.00211627 0)
(1.00182 0.00214343 0)
(1.00189 0.00217032 0)
(1.00196 0.0021969 0)
(1.00203 0.0022231 0)
(1.00211 0.00224889 0)
(1.00218 0.0022742 0)
(1.00227 0.00229898 0)
(1.00235 0.00232317 0)
(1.00243 0.00234672 0)
(1.00252 0.00236956 0)
(1.00262 0.00239165 0)
(1.00271 0.00241291 0)
(1.00281 0.00243331 0)
(1.00291 0.00245278 0)
(1.00301 0.00247127 0)
(1.00312 0.00248872 0)
(1.00323 0.0025051 0)
(1.00334 0.00252036 0)
(1.00345 0.00253446 0)
(1.00357 0.00254735 0)
(1.00369 0.00255902 0)
(1.00382 0.00256944 0)
(1.00395 0.00257858 0)
(1.00408 0.00258644 0)
(1.00421 0.00259301 0)
(1.00435 0.00259831 0)
(1.00449 0.00260233 0)
(1.00463 0.0026051 0)
(1.00478 0.00260666 0)
(1.00492 0.00260704 0)
(1.00508 0.0026063 0)
(1.00523 0.0026045 0)
(1.00539 0.00260171 0)
(1.00555 0.00259802 0)
(1.00572 0.00259352 0)
(1.00588 0.00258831 0)
(1.00605 0.00258252 0)
(1.00623 0.00257627 0)
(1.00641 0.00256971 0)
(1.00659 0.00256297 0)
(1.00677 0.00255622 0)
(1.00696 0.00254963 0)
(1.00715 0.00254336 0)
(1.00735 0.0025376 0)
(1.00755 0.00253253 0)
(1.00775 0.00252834 0)
(1.00796 0.00252519 0)
(1.00817 0.00252327 0)
(1.00845 0.00252269 0)
(1.00042 0.0010463 0)
(1.00043 0.00106235 0)
(1.00044 0.00107875 0)
(1.00046 0.00109548 0)
(1.00047 0.00111255 0)
(1.00049 0.00112998 0)
(1.0005 0.00114775 0)
(1.00052 0.00116587 0)
(1.00054 0.00118434 0)
(1.00055 0.00120317 0)
(1.00057 0.00122235 0)
(1.00059 0.00124188 0)
(1.00061 0.00126177 0)
(1.00063 0.00128202 0)
(1.00065 0.00130261 0)
(1.00068 0.00132355 0)
(1.0007 0.00134484 0)
(1.00073 0.00136647 0)
(1.00075 0.00138843 0)
(1.00078 0.00141073 0)
(1.00081 0.00143334 0)
(1.00083 0.00145627 0)
(1.00086 0.00147951 0)
(1.0009 0.00150303 0)
(1.00093 0.00152684 0)
(1.00096 0.00155092 0)
(1.001 0.00157525 0)
(1.00103 0.00159982 0)
(1.00107 0.00162461 0)
(1.00111 0.0016496 0)
(1.00115 0.00167478 0)
(1.0012 0.00170011 0)
(1.00124 0.00172557 0)
(1.00129 0.00175114 0)
(1.00134 0.00177679 0)
(1.00139 0.00180249 0)
(1.00144 0.00182821 0)
(1.00149 0.00185392 0)
(1.00155 0.00187957 0)
(1.00161 0.00190514 0)
(1.00167 0.00193057 0)
(1.00173 0.00195584 0)
(1.0018 0.00198089 0)
(1.00187 0.00200569 0)
(1.00194 0.00203018 0)
(1.00201 0.00205432 0)
(1.00208 0.00207806 0)
(1.00216 0.00210135 0)
(1.00224 0.00212413 0)
(1.00233 0.00214636 0)
(1.00241 0.00216798 0)
(1.0025 0.00218893 0)
(1.00259 0.00220918 0)
(1.00269 0.00222865 0)
(1.00278 0.00224731 0)
(1.00289 0.0022651 0)
(1.00299 0.00228198 0)
(1.0031 0.00229789 0)
(1.0032 0.00231281 0)
(1.00332 0.00232668 0)
(1.00343 0.00233947 0)
(1.00355 0.00235115 0)
(1.00367 0.0023617 0)
(1.0038 0.0023711 0)
(1.00393 0.00237932 0)
(1.00406 0.00238637 0)
(1.00419 0.00239225 0)
(1.00433 0.00239696 0)
(1.00447 0.00240051 0)
(1.00462 0.00240294 0)
(1.00476 0.00240428 0)
(1.00492 0.00240456 0)
(1.00507 0.00240385 0)
(1.00523 0.00240221 0)
(1.00539 0.00239971 0)
(1.00555 0.00239644 0)
(1.00572 0.00239248 0)
(1.00589 0.00238794 0)
(1.00606 0.00238295 0)
(1.00624 0.00237761 0)
(1.00642 0.00237208 0)
(1.0066 0.00236648 0)
(1.00679 0.00236097 0)
(1.00698 0.0023557 0)
(1.00718 0.00235085 0)
(1.00738 0.00234656 0)
(1.00759 0.002343 0)
(1.0078 0.00234034 0)
(1.00801 0.00233873 0)
(1.00829 0.00233828 0)
(1.0004 0.000942281 0)
(1.00041 0.000956787 0)
(1.00042 0.000971599 0)
(1.00043 0.000986722 0)
(1.00045 0.00100216 0)
(1.00046 0.00101791 0)
(1.00048 0.00103397 0)
(1.00049 0.00105036 0)
(1.00051 0.00106707 0)
(1.00053 0.00108411 0)
(1.00054 0.00110147 0)
(1.00056 0.00111915 0)
(1.00058 0.00113716 0)
(1.0006 0.0011555 0)
(1.00062 0.00117415 0)
(1.00064 0.00119313 0)
(1.00067 0.00121243 0)
(1.00069 0.00123204 0)
(1.00071 0.00125196 0)
(1.00074 0.00127219 0)
(1.00077 0.00129272 0)
(1.00079 0.00131354 0)
(1.00082 0.00133464 0)
(1.00085 0.00135602 0)
(1.00088 0.00137767 0)
(1.00092 0.00139958 0)
(1.00095 0.00142172 0)
(1.00098 0.00144409 0)
(1.00102 0.00146668 0)
(1.00106 0.00148946 0)
(1.0011 0.00151242 0)
(1.00114 0.00153555 0)
(1.00118 0.0015588 0)
(1.00123 0.00158218 0)
(1.00127 0.00160565 0)
(1.00132 0.00162918 0)
(1.00137 0.00165275 0)
(1.00143 0.00167632 0)
(1.00148 0.00169987 0)
(1.00154 0.00172337 0)
(1.00159 0.00174677 0)
(1.00166 0.00177005 0)
(1.00172 0.00179316 0)
(1.00178 0.00181606 0)
(1.00185 0.00183871 0)
(1.00192 0.00186107 0)
(1.00199 0.0018831 0)
(1.00207 0.00190474 0)
(1.00215 0.00192596 0)
(1.00223 0.0019467 0)
(1.00231 0.00196692 0)
(1.0024 0.00198656 0)
(1.00249 0.00200559 0)
(1.00258 0.00202395 0)
(1.00267 0.0020416 0)
(1.00277 0.00205848 0)
(1.00287 0.00207456 0)
(1.00298 0.00208979 0)
(1.00308 0.00210413 0)
(1.00319 0.00211754 0)
(1.00331 0.00212999 0)
(1.00342 0.00214146 0)
(1.00354 0.0021519 0)
(1.00366 0.00216131 0)
(1.00379 0.00216966 0)
(1.00392 0.00217695 0)
(1.00405 0.00218317 0)
(1.00419 0.00218833 0)
(1.00433 0.00219244 0)
(1.00447 0.00219551 0)
(1.00462 0.00219758 0)
(1.00477 0.00219868 0)
(1.00492 0.00219886 0)
(1.00507 0.00219816 0)
(1.00523 0.00219666 0)
(1.0054 0.00219443 0)
(1.00556 0.00219154 0)
(1.00573 0.0021881 0)
(1.00591 0.0021842 0)
(1.00608 0.00217996 0)
(1.00626 0.00217549 0)
(1.00645 0.00217092 0)
(1.00664 0.00216638 0)
(1.00683 0.00216202 0)
(1.00703 0.00215797 0)
(1.00723 0.00215439 0)
(1.00743 0.00215142 0)
(1.00765 0.0021492 0)
(1.00786 0.00214787 0)
(1.00814 0.00214753 0)
(1.00038 0.00084033 0)
(1.00039 0.000853305 0)
(1.0004 0.000866556 0)
(1.00041 0.000880086 0)
(1.00043 0.000893897 0)
(1.00044 0.000907994 0)
(1.00045 0.000922377 0)
(1.00047 0.00093705 0)
(1.00048 0.000952014 0)
(1.0005 0.000967271 0)
(1.00052 0.000982822 0)
(1.00054 0.000998668 0)
(1.00055 0.00101481 0)
(1.00057 0.00103124 0)
(1.00059 0.00104797 0)
(1.00061 0.00106499 0)
(1.00063 0.00108231 0)
(1.00066 0.00109991 0)
(1.00068 0.00111779 0)
(1.0007 0.00113595 0)
(1.00073 0.00115439 0)
(1.00076 0.0011731 0)
(1.00078 0.00119208 0)
(1.00081 0.0012113 0)
(1.00084 0.00123078 0)
(1.00087 0.00125049 0)
(1.00091 0.00127043 0)
(1.00094 0.00129059 0)
(1.00097 0.00131094 0)
(1.00101 0.00133149 0)
(1.00105 0.00135221 0)
(1.00109 0.00137308 0)
(1.00113 0.0013941 0)
(1.00117 0.00141523 0)
(1.00122 0.00143646 0)
(1.00126 0.00145776 0)
(1.00131 0.00147911 0)
(1.00136 0.00150049 0)
(1.00142 0.00152187 0)
(1.00147 0.00154321 0)
(1.00153 0.00156449 0)
(1.00158 0.00158568 0)
(1.00165 0.00160674 0)
(1.00171 0.00162764 0)
(1.00177 0.00164833 0)
(1.00184 0.00166879 0)
(1.00191 0.00168897 0)
(1.00199 0.00170883 0)
(1.00206 0.00172833 0)
(1.00214 0.00174743 0)
(1.00222 0.00176608 0)
(1.0023 0.00178425 0)
(1.00239 0.00180188 0)
(1.00248 0.00181894 0)
(1.00257 0.00183538 0)
(1.00267 0.00185115 0)
(1.00277 0.00186623 0)
(1.00287 0.00188056 0)
(1.00297 0.00189412 0)
(1.00308 0.00190685 0)
(1.00319 0.00191875 0)
(1.0033 0.00192976 0)
(1.00342 0.00193987 0)
(1.00354 0.00194906 0)
(1.00367 0.00195731 0)
(1.00379 0.00196461 0)
(1.00392 0.00197095 0)
(1.00406 0.00197633 0)
(1.0042 0.00198076 0)
(1.00434 0.00198426 0)
(1.00448 0.00198685 0)
(1.00463 0.00198855 0)
(1.00478 0.00198941 0)
(1.00494 0.00198947 0)
(1.00509 0.00198878 0)
(1.00526 0.00198741 0)
(1.00542 0.00198542 0)
(1.00559 0.00198291 0)
(1.00576 0.00197996 0)
(1.00594 0.00197666 0)
(1.00612 0.00197312 0)
(1.00631 0.00196946 0)
(1.0065 0.00196578 0)
(1.00669 0.00196223 0)
(1.00689 0.00195891 0)
(1.00709 0.00195596 0)
(1.00729 0.00195352 0)
(1.00751 0.0019517 0)
(1.00772 0.00195062 0)
(1.008 0.00195037 0)
(1.00036 0.0007401 0)
(1.00037 0.000751558 0)
(1.00038 0.000763262 0)
(1.00039 0.000775213 0)
(1.00041 0.000787415 0)
(1.00042 0.000799871 0)
(1.00043 0.000812582 0)
(1.00045 0.000825551 0)
(1.00046 0.00083878 0)
(1.00048 0.00085227 0)
(1.00049 0.000866022 0)
(1.00051 0.000880038 0)
(1.00053 0.000894318 0)
(1.00055 0.000908861 0)
(1.00057 0.000923668 0)
(1.00059 0.000938737 0)
(1.00061 0.000954067 0)
(1.00063 0.000969656 0)
(1.00065 0.000985502 0)
(1.00067 0.0010016 0)
(1.0007 0.00101795 0)
(1.00072 0.00103454 0)
(1.00075 0.00105137 0)
(1.00078 0.00106843 0)
(1.00081 0.00108572 0)
(1.00084 0.00110323 0)
(1.00087 0.00112094 0)
(1.0009 0.00113886 0)
(1.00093 0.00115696 0)
(1.00097 0.00117524 0)
(1.00101 0.00119368 0)
(1.00104 0.00121227 0)
(1.00108 0.001231 0)
(1.00112 0.00124984 0)
(1.00117 0.00126878 0)
(1.00121 0.00128779 0)
(1.00126 0.00130687 0)
(1.00131 0.00132598 0)
(1.00136 0.00134511 0)
(1.00141 0.00136422 0)
(1.00147 0.0013833 0)
(1.00152 0.00140231 0)
(1.00158 0.00142122 0)
(1.00164 0.00144 0)
(1.0017 0.00145863 0)
(1.00177 0.00147706 0)
(1.00184 0.00149527 0)
(1.00191 0.00151322 0)
(1.00198 0.00153086 0)
(1.00206 0.00154817 0)
(1.00214 0.00156511 0)
(1.00222 0.00158163 0)
(1.0023 0.0015977 0)
(1.00239 0.00161328 0)
(1.00248 0.00162833 0)
(1.00257 0.00164281 0)
(1.00267 0.00165669 0)
(1.00277 0.00166992 0)
(1.00287 0.00168249 0)
(1.00298 0.00169434 0)
(1.00309 0.00170546 0)
(1.0032 0.00171581 0)
(1.00331 0.00172537 0)
(1.00343 0.00173412 0)
(1.00355 0.00174205 0)
(1.00368 0.00174913 0)
(1.00381 0.00175537 0)
(1.00394 0.00176076 0)
(1.00408 0.00176531 0)
(1.00422 0.00176902 0)
(1.00436 0.00177191 0)
(1.00451 0.00177402 0)
(1.00466 0.00177536 0)
(1.00481 0.00177597 0)
(1.00497 0.00177591 0)
(1.00513 0.00177522 0)
(1.00529 0.00177397 0)
(1.00546 0.00177223 0)
(1.00564 0.00177007 0)
(1.00581 0.00176757 0)
(1.00599 0.00176484 0)
(1.00618 0.00176196 0)
(1.00637 0.00175904 0)
(1.00656 0.00175619 0)
(1.00676 0.00175352 0)
(1.00696 0.00175113 0)
(1.00717 0.00174915 0)
(1.00738 0.00174768 0)
(1.00759 0.00174682 0)
(1.00788 0.00174666 0)
(1.00035 0.000641221 0)
(1.00036 0.000651173 0)
(1.00037 0.000661339 0)
(1.00038 0.000671721 0)
(1.00039 0.000682323 0)
(1.0004 0.000693146 0)
(1.00042 0.000704192 0)
(1.00043 0.000715465 0)
(1.00044 0.000726965 0)
(1.00046 0.000738694 0)
(1.00047 0.000750653 0)
(1.00049 0.000762843 0)
(1.00051 0.000775266 0)
(1.00052 0.00078792 0)
(1.00054 0.000800805 0)
(1.00056 0.000813922 0)
(1.00058 0.000827269 0)
(1.0006 0.000840844 0)
(1.00062 0.000854646 0)
(1.00065 0.000868672 0)
(1.00067 0.000882919 0)
(1.00069 0.000897382 0)
(1.00072 0.000912059 0)
(1.00075 0.000926943 0)
(1.00077 0.000942028 0)
(1.0008 0.000957309 0)
(1.00083 0.000972778 0)
(1.00086 0.000988427 0)
(1.0009 0.00100425 0)
(1.00093 0.00102023 0)
(1.00097 0.00103636 0)
(1.001 0.00105262 0)
(1.00104 0.00106902 0)
(1.00108 0.00108552 0)
(1.00112 0.00110212 0)
(1.00117 0.0011188 0)
(1.00121 0.00113554 0)
(1.00126 0.00115232 0)
(1.00131 0.00116913 0)
(1.00136 0.00118593 0)
(1.00141 0.00120272 0)
(1.00147 0.00121946 0)
(1.00152 0.00123613 0)
(1.00158 0.0012527 0)
(1.00164 0.00126916 0)
(1.00171 0.00128545 0)
(1.00177 0.00130157 0)
(1.00184 0.00131747 0)
(1.00191 0.00133313 0)
(1.00199 0.00134851 0)
(1.00206 0.00136358 0)
(1.00214 0.00137831 0)
(1.00223 0.00139266 0)
(1.00231 0.00140659 0)
(1.0024 0.00142009 0)
(1.00249 0.0014331 0)
(1.00259 0.0014456 0)
(1.00268 0.00145755 0)
(1.00278 0.00146893 0)
(1.00289 0.00147971 0)
(1.00299 0.00148985 0)
(1.0031 0.00149934 0)
(1.00322 0.00150814 0)
(1.00333 0.00151625 0)
(1.00345 0.00152364 0)
(1.00358 0.00153031 0)
(1.00371 0.00153624 0)
(1.00384 0.00154143 0)
(1.00397 0.00154588 0)
(1.00411 0.0015496 0)
(1.00425 0.00155261 0)
(1.0044 0.00155492 0)
(1.00455 0.00155655 0)
(1.0047 0.00155754 0)
(1.00486 0.00155793 0)
(1.00502 0.00155776 0)
(1.00518 0.00155708 0)
(1.00535 0.00155595 0)
(1.00552 0.00155444 0)
(1.0057 0.00155261 0)
(1.00588 0.00155056 0)
(1.00606 0.00154835 0)
(1.00625 0.00154608 0)
(1.00644 0.00154385 0)
(1.00664 0.00154173 0)
(1.00684 0.00153984 0)
(1.00705 0.00153827 0)
(1.00726 0.0015371 0)
(1.00748 0.00153644 0)
(1.00777 0.00153634 0)
(1.00033 0.000543294 0)
(1.00034 0.000551744 0)
(1.00035 0.000560377 0)
(1.00036 0.000569194 0)
(1.00038 0.000578199 0)
(1.00039 0.000587392 0)
(1.0004 0.000596777 0)
(1.00041 0.000606355 0)
(1.00043 0.000616128 0)
(1.00044 0.000626096 0)
(1.00046 0.000636262 0)
(1.00047 0.000646626 0)
(1.00049 0.000657188 0)
(1.00051 0.00066795 0)
(1.00052 0.00067891 0)
(1.00054 0.000690069 0)
(1.00056 0.000701426 0)
(1.00058 0.00071298 0)
(1.0006 0.00072473 0)
(1.00062 0.000736672 0)
(1.00065 0.000748805 0)
(1.00067 0.000761127 0)
(1.00069 0.000773632 0)
(1.00072 0.000786318 0)
(1.00075 0.00079918 0)
(1.00077 0.000812212 0)
(1.0008 0.000825408 0)
(1.00083 0.000838763 0)
(1.00087 0.000852267 0)
(1.0009 0.000865914 0)
(1.00093 0.000879695 0)
(1.00097 0.000893598 0)
(1.00101 0.000907615 0)
(1.00104 0.000921733 0)
(1.00108 0.000935939 0)
(1.00113 0.00095022 0)
(1.00117 0.000964562 0)
(1.00122 0.000978949 0)
(1.00126 0.000993363 0)
(1.00131 0.00100779 0)
(1.00136 0.00102221 0)
(1.00142 0.00103659 0)
(1.00147 0.00105093 0)
(1.00153 0.0010652 0)
(1.00159 0.00107937 0)
(1.00165 0.00109343 0)
(1.00172 0.00110734 0)
(1.00179 0.00112108 0)
(1.00185 0.00113463 0)
(1.00193 0.00114795 0)
(1.002 0.00116102 0)
(1.00208 0.0011738 0)
(1.00216 0.00118628 0)
(1.00224 0.00119842 0)
(1.00233 0.00121019 0)
(1.00242 0.00122157 0)
(1.00251 0.00123252 0)
(1.00261 0.00124302 0)
(1.00271 0.00125303 0)
(1.00281 0.00126255 0)
(1.00291 0.00127153 0)
(1.00302 0.00127996 0)
(1.00313 0.00128782 0)
(1.00325 0.00129509 0)
(1.00337 0.00130175 0)
(1.00349 0.0013078 0)
(1.00362 0.00131322 0)
(1.00375 0.00131802 0)
(1.00388 0.00132219 0)
(1.00402 0.00132573 0)
(1.00416 0.00132866 0)
(1.0043 0.00133099 0)
(1.00445 0.00133274 0)
(1.0046 0.00133393 0)
(1.00476 0.0013346 0)
(1.00492 0.00133478 0)
(1.00508 0.00133452 0)
(1.00525 0.00133386 0)
(1.00542 0.00133286 0)
(1.0056 0.00133157 0)
(1.00578 0.00133007 0)
(1.00596 0.00132843 0)
(1.00615 0.00132671 0)
(1.00634 0.00132499 0)
(1.00654 0.00132336 0)
(1.00674 0.00132189 0)
(1.00695 0.00132067 0)
(1.00716 0.00131977 0)
(1.00738 0.00131927 0)
(1.00767 0.00131922 0)
(1.00032 0.000445883 0)
(1.00033 0.000452831 0)
(1.00034 0.000459929 0)
(1.00035 0.00046718 0)
(1.00036 0.000474586 0)
(1.00038 0.000482148 0)
(1.00039 0.000489868 0)
(1.0004 0.000497747 0)
(1.00041 0.000505788 0)
(1.00043 0.000513991 0)
(1.00044 0.000522358 0)
(1.00046 0.000530888 0)
(1.00047 0.000539583 0)
(1.00049 0.000548444 0)
(1.00051 0.000557469 0)
(1.00052 0.00056666 0)
(1.00054 0.000576015 0)
(1.00056 0.000585534 0)
(1.00058 0.000595215 0)
(1.0006 0.000605058 0)
(1.00063 0.00061506 0)
(1.00065 0.000625219 0)
(1.00067 0.000635533 0)
(1.0007 0.000645997 0)
(1.00072 0.000656609 0)
(1.00075 0.000667365 0)
(1.00078 0.000678259 0)
(1.00081 0.000689286 0)
(1.00084 0.000700441 0)
(1.00087 0.000711717 0)
(1.0009 0.000723107 0)
(1.00094 0.000734604 0)
(1.00098 0.000746197 0)
(1.00101 0.000757879 0)
(1.00105 0.000769639 0)
(1.00109 0.000781466 0)
(1.00114 0.000793349 0)
(1.00118 0.000805274 0)
(1.00123 0.000817229 0)
(1.00127 0.000829199 0)
(1.00132 0.000841169 0)
(1.00138 0.000853123 0)
(1.00143 0.000865043 0)
(1.00149 0.000876912 0)
(1.00155 0.000888711 0)
(1.00161 0.00090042 0)
(1.00167 0.00091202 0)
(1.00174 0.000923487 0)
(1.0018 0.000934801 0)
(1.00188 0.00094594 0)
(1.00195 0.000956879 0)
(1.00202 0.000967596 0)
(1.0021 0.000978066 0)
(1.00219 0.000988266 0)
(1.00227 0.000998171 0)
(1.00236 0.00100776 0)
(1.00245 0.001017 0)
(1.00254 0.00102588 0)
(1.00264 0.00103437 0)
(1.00274 0.00104245 0)
(1.00284 0.0010501 0)
(1.00295 0.0010573 0)
(1.00306 0.00106404 0)
(1.00318 0.00107029 0)
(1.00329 0.00107605 0)
(1.00341 0.00108131 0)
(1.00354 0.00108605 0)
(1.00367 0.00109027 0)
(1.0038 0.00109398 0)
(1.00393 0.00109717 0)
(1.00407 0.00109985 0)
(1.00422 0.00110203 0)
(1.00436 0.00110373 0)
(1.00452 0.00110497 0)
(1.00467 0.00110577 0)
(1.00483 0.00110616 0)
(1.00499 0.00110617 0)
(1.00516 0.00110585 0)
(1.00533 0.00110523 0)
(1.00551 0.00110437 0)
(1.00569 0.00110332 0)
(1.00587 0.00110213 0)
(1.00606 0.00110087 0)
(1.00625 0.0010996 0)
(1.00645 0.00109838 0)
(1.00666 0.00109728 0)
(1.00686 0.00109636 0)
(1.00708 0.00109569 0)
(1.00729 0.00109532 0)
(1.00758 0.00109531 0)
(1.00031 0.000348507 0)
(1.00032 0.000353946 0)
(1.00033 0.000359503 0)
(1.00034 0.00036518 0)
(1.00035 0.000370978 0)
(1.00037 0.000376899 0)
(1.00038 0.000382945 0)
(1.00039 0.000389116 0)
(1.0004 0.000395414 0)
(1.00042 0.000401839 0)
(1.00043 0.000408393 0)
(1.00044 0.000415077 0)
(1.00046 0.00042189 0)
(1.00048 0.000428833 0)
(1.00049 0.000435907 0)
(1.00051 0.000443111 0)
(1.00053 0.000450446 0)
(1.00055 0.000457909 0)
(1.00057 0.000465501 0)
(1.00059 0.000473221 0)
(1.00061 0.000481067 0)
(1.00063 0.000489038 0)
(1.00065 0.000497131 0)
(1.00068 0.000505345 0)
(1.0007 0.000513675 0)
(1.00073 0.00052212 0)
(1.00076 0.000530676 0)
(1.00079 0.000539339 0)
(1.00082 0.000548104 0)
(1.00085 0.000556966 0)
(1.00088 0.000565921 0)
(1.00092 0.000574961 0)
(1.00095 0.000584081 0)
(1.00099 0.000593273 0)
(1.00103 0.000602529 0)
(1.00107 0.000611842 0)
(1.00111 0.000621202 0)
(1.00115 0.000630599 0)
(1.0012 0.000640024 0)
(1.00124 0.000649464 0)
(1.00129 0.000658909 0)
(1.00134 0.000668346 0)
(1.0014 0.000677761 0)
(1.00145 0.000687141 0)
(1.00151 0.000696471 0)
(1.00157 0.000705735 0)
(1.00163 0.000714919 0)
(1.0017 0.000724005 0)
(1.00176 0.000732976 0)
(1.00183 0.000741815 0)
(1.0019 0.000750503 0)
(1.00198 0.000759023 0)
(1.00206 0.000767355 0)
(1.00214 0.00077548 0)
(1.00222 0.00078338 0)
(1.00231 0.000791036 0)
(1.0024 0.000798428 0)
(1.00249 0.000805538 0)
(1.00259 0.000812349 0)
(1.00269 0.000818843 0)
(1.00279 0.000825004 0)
(1.00289 0.000830817 0)
(1.003 0.000836267 0)
(1.00312 0.000841343 0)
(1.00323 0.000846032 0)
(1.00335 0.000850328 0)
(1.00348 0.000854223 0)
(1.0036 0.000857712 0)
(1.00373 0.000860796 0)
(1.00387 0.000863474 0)
(1.00401 0.000865751 0)
(1.00415 0.000867635 0)
(1.0043 0.000869138 0)
(1.00445 0.000870273 0)
(1.0046 0.00087106 0)
(1.00476 0.000871521 0)
(1.00492 0.000871681 0)
(1.00509 0.000871572 0)
(1.00526 0.000871225 0)
(1.00544 0.000870679 0)
(1.00562 0.000869974 0)
(1.0058 0.000869155 0)
(1.00599 0.000868267 0)
(1.00618 0.00086736 0)
(1.00638 0.000866483 0)
(1.00658 0.000865687 0)
(1.00679 0.000865023 0)
(1.00701 0.00086454 0)
(1.00722 0.000864281 0)
(1.00751 0.000864292 0)
(1.00031 0.000250635 0)
(1.00032 0.000254551 0)
(1.00033 0.000258552 0)
(1.00034 0.00026264 0)
(1.00035 0.000266815 0)
(1.00036 0.00027108 0)
(1.00037 0.000275434 0)
(1.00038 0.000279879 0)
(1.00039 0.000284416 0)
(1.00041 0.000289045 0)
(1.00042 0.000293766 0)
(1.00044 0.000298582 0)
(1.00045 0.000303492 0)
(1.00047 0.000308495 0)
(1.00048 0.000313594 0)
(1.0005 0.000318786 0)
(1.00052 0.000324073 0)
(1.00054 0.000329454 0)
(1.00056 0.000334928 0)
(1.00058 0.000340495 0)
(1.0006 0.000346154 0)
(1.00062 0.000351903 0)
(1.00064 0.000357742 0)
(1.00066 0.000363668 0)
(1.00069 0.00036968 0)
(1.00072 0.000375775 0)
(1.00074 0.000381952 0)
(1.00077 0.000388206 0)
(1.0008 0.000394536 0)
(1.00083 0.000400937 0)
(1.00086 0.000407406 0)
(1.0009 0.000413938 0)
(1.00093 0.00042053 0)
(1.00097 0.000427175 0)
(1.00101 0.000433869 0)
(1.00104 0.000440605 0)
(1.00109 0.000447378 0)
(1.00113 0.000454179 0)
(1.00117 0.000461003 0)
(1.00122 0.00046784 0)
(1.00127 0.000474683 0)
(1.00132 0.000481522 0)
(1.00137 0.000488349 0)
(1.00143 0.000495153 0)
(1.00148 0.000501924 0)
(1.00154 0.000508651 0)
(1.0016 0.000515322 0)
(1.00167 0.000521927 0)
(1.00173 0.000528451 0)
(1.0018 0.000534884 0)
(1.00187 0.000541211 0)
(1.00195 0.000547419 0)
(1.00202 0.000553496 0)
(1.0021 0.000559427 0)
(1.00218 0.000565199 0)
(1.00227 0.000570797 0)
(1.00236 0.000576209 0)
(1.00245 0.00058142 0)
(1.00254 0.000586418 0)
(1.00264 0.000591191 0)
(1.00274 0.000595726 0)
(1.00285 0.000600012 0)
(1.00296 0.000604038 0)
(1.00307 0.000607797 0)
(1.00318 0.000611278 0)
(1.0033 0.000614477 0)
(1.00343 0.000617387 0)
(1.00355 0.000620006 0)
(1.00368 0.000622331 0)
(1.00382 0.000624364 0)
(1.00396 0.000626108 0)
(1.0041 0.000627567 0)
(1.00424 0.000628749 0)
(1.00439 0.000629665 0)
(1.00455 0.000630327 0)
(1.00471 0.000630751 0)
(1.00487 0.000630955 0)
(1.00503 0.000630961 0)
(1.00521 0.000630792 0)
(1.00538 0.000630475 0)
(1.00556 0.000630038 0)
(1.00574 0.000629514 0)
(1.00593 0.000628935 0)
(1.00613 0.000628337 0)
(1.00632 0.000627754 0)
(1.00653 0.000627223 0)
(1.00674 0.00062678 0)
(1.00695 0.000626461 0)
(1.00717 0.000626296 0)
(1.00746 0.000626318 0)
(1.0003 0.000151664 0)
(1.00031 0.000154036 0)
(1.00032 0.000156459 0)
(1.00033 0.000158934 0)
(1.00034 0.000161463 0)
(1.00035 0.000164046 0)
(1.00036 0.000166684 0)
(1.00038 0.000169376 0)
(1.00039 0.000172124 0)
(1.0004 0.000174928 0)
(1.00041 0.000177789 0)
(1.00043 0.000180707 0)
(1.00044 0.000183681 0)
(1.00046 0.000186713 0)
(1.00048 0.000189803 0)
(1.00049 0.000192949 0)
(1.00051 0.000196153 0)
(1.00053 0.000199415 0)
(1.00055 0.000202733 0)
(1.00057 0.000206108 0)
(1.00059 0.000209538 0)
(1.00061 0.000213024 0)
(1.00063 0.000216564 0)
(1.00066 0.000220158 0)
(1.00068 0.000223804 0)
(1.00071 0.000227501 0)
(1.00073 0.000231247 0)
(1.00076 0.000235042 0)
(1.00079 0.000238882 0)
(1.00082 0.000242767 0)
(1.00085 0.000246693 0)
(1.00088 0.000250658 0)
(1.00092 0.00025466 0)
(1.00095 0.000258695 0)
(1.00099 0.00026276 0)
(1.00103 0.000266852 0)
(1.00107 0.000270966 0)
(1.00111 0.000275099 0)
(1.00116 0.000279246 0)
(1.0012 0.000283403 0)
(1.00125 0.000287564 0)
(1.0013 0.000291724 0)
(1.00135 0.000295877 0)
(1.00141 0.000300018 0)
(1.00146 0.00030414 0)
(1.00152 0.000308236 0)
(1.00158 0.0003123 0)
(1.00164 0.000316324 0)
(1.00171 0.000320301 0)
(1.00178 0.000324224 0)
(1.00185 0.000328084 0)
(1.00192 0.000331874 0)
(1.002 0.000335585 0)
(1.00208 0.000339209 0)
(1.00216 0.000342738 0)
(1.00224 0.000346162 0)
(1.00233 0.000349475 0)
(1.00242 0.000352668 0)
(1.00252 0.000355733 0)
(1.00261 0.000358661 0)
(1.00271 0.000361447 0)
(1.00282 0.000364083 0)
(1.00293 0.000366562 0)
(1.00304 0.000368879 0)
(1.00315 0.00037103 0)
(1.00327 0.000373009 0)
(1.00339 0.000374813 0)
(1.00352 0.000376441 0)
(1.00365 0.000377891 0)
(1.00378 0.000379164 0)
(1.00392 0.000380261 0)
(1.00406 0.000381185 0)
(1.00421 0.00038194 0)
(1.00436 0.000382533 0)
(1.00451 0.000382971 0)
(1.00467 0.000383263 0)
(1.00483 0.000383421 0)
(1.005 0.000383457 0)
(1.00517 0.000383385 0)
(1.00534 0.000383222 0)
(1.00552 0.000382984 0)
(1.00571 0.000382691 0)
(1.00589 0.000382363 0)
(1.00609 0.000382019 0)
(1.00629 0.000381683 0)
(1.00649 0.000381376 0)
(1.0067 0.000381119 0)
(1.00691 0.000380935 0)
(1.00713 0.000380845 0)
(1.00742 0.000380847 0)
(1.0003 5.09174e-05 0)
(1.00031 5.17138e-05 0)
(1.00032 5.25277e-05 0)
(1.00033 5.33592e-05 0)
(1.00034 5.42086e-05 0)
(1.00035 5.50762e-05 0)
(1.00036 5.5962e-05 0)
(1.00037 5.68664e-05 0)
(1.00039 5.77896e-05 0)
(1.0004 5.87316e-05 0)
(1.00041 5.96926e-05 0)
(1.00043 6.06727e-05 0)
(1.00044 6.1672e-05 0)
(1.00046 6.26907e-05 0)
(1.00047 6.37287e-05 0)
(1.00049 6.4786e-05 0)
(1.00051 6.58626e-05 0)
(1.00052 6.69584e-05 0)
(1.00054 6.80735e-05 0)
(1.00056 6.92075e-05 0)
(1.00058 7.03605e-05 0)
(1.0006 7.1532e-05 0)
(1.00063 7.27219e-05 0)
(1.00065 7.39299e-05 0)
(1.00067 7.51555e-05 0)
(1.0007 7.63984e-05 0)
(1.00073 7.7658e-05 0)
(1.00075 7.89339e-05 0)
(1.00078 8.02253e-05 0)
(1.00081 8.15317e-05 0)
(1.00084 8.28522e-05 0)
(1.00088 8.4186e-05 0)
(1.00091 8.55321e-05 0)
(1.00095 8.68897e-05 0)
(1.00098 8.82576e-05 0)
(1.00102 8.96345e-05 0)
(1.00106 9.10193e-05 0)
(1.00111 9.24105e-05 0)
(1.00115 9.38067e-05 0)
(1.00119 9.52062e-05 0)
(1.00124 9.66075e-05 0)
(1.00129 9.80087e-05 0)
(1.00134 9.94079e-05 0)
(1.0014 0.000100803 0)
(1.00145 0.000102192 0)
(1.00151 0.000103573 0)
(1.00157 0.000104943 0)
(1.00163 0.0001063 0)
(1.0017 0.000107642 0)
(1.00177 0.000108966 0)
(1.00184 0.000110269 0)
(1.00191 0.000111548 0)
(1.00199 0.000112802 0)
(1.00206 0.000114026 0)
(1.00215 0.000115219 0)
(1.00223 0.000116377 0)
(1.00232 0.000117498 0)
(1.00241 0.000118579 0)
(1.0025 0.000119617 0)
(1.0026 0.00012061 0)
(1.0027 0.000121555 0)
(1.0028 0.00012245 0)
(1.00291 0.000123292 0)
(1.00302 0.000124081 0)
(1.00314 0.000124813 0)
(1.00325 0.000125488 0)
(1.00338 0.000126104 0)
(1.0035 0.000126661 0)
(1.00363 0.000127159 0)
(1.00376 0.000127597 0)
(1.0039 0.000127976 0)
(1.00404 0.000128297 0)
(1.00419 0.000128561 0)
(1.00434 0.00012877 0)
(1.00449 0.000128928 0)
(1.00465 0.000129036 0)
(1.00481 0.000129099 0)
(1.00498 0.00012912 0)
(1.00515 0.000129106 0)
(1.00532 0.00012906 0)
(1.0055 0.000128989 0)
(1.00569 0.000128898 0)
(1.00587 0.000128796 0)
(1.00607 0.000128688 0)
(1.00627 0.000128583 0)
(1.00647 0.000128487 0)
(1.00668 0.000128407 0)
(1.00689 0.000128352 0)
(1.00711 0.000128331 0)
(1.0074 0.00012833 0)
)
;

boundaryField
{
    inlet
    {
        type            fixedValue;
        value           uniform (1 0 0);
    }
    outlet
    {
        type            zeroGradient;
    }
    topWall
    {
        type            slip;
    }
    symmetry
    {
        type            slip;
    }
    bottomWall
    {
        type            noSlip;
    }
    frontAndBack
    {
        type            empty;
    }
}


// ************************************************************************* //
