/*--------------------------------*- C++ -*----------------------------------*\
| =========                 |                                                 |
| \\      /  F ield         | OpenFOAM: The Open Source CFD Toolbox           |
|  \\    /   O peration     | Version:  2312                                  |
|   \\  /    A nd           | Website:  www.openfoam.com                      |
|    \\/     M anipulation  |                                                 |
\*---------------------------------------------------------------------------*/
FoamFile
{
    version     2.0;
    format      ascii;
    arch        "LSB;label=32;scalar=64";
    class       surfaceScalarField;
    location    "190";
    object      phi;
}
// * * * * * * * * * * * * * * * * * * * * * * * * * * * * * * * * * * * * * //

dimensions      [0 3 -1 0 0 0 0];

oriented        oriented;

internalField   nonuniform List<scalar> 
16615
(
0.000636016
3.08106e-07
0.000635504
5.11586e-07
0.000634825
6.79315e-07
0.000634001
8.23801e-07
0.000633042
9.58861e-07
0.000631948
1.09427e-06
0.00063071
1.23859e-06
0.000629307
1.40207e-06
0.000627708
1.59939e-06
0.000625854
1.85379e-06
0.000623651
2.20371e-06
0.000620939
2.71124e-06
0.000617466
3.47359e-06
0.000612844
4.62209e-06
8.41756e-06
0.000604426
0.00065483
6.22032e-07
0.000654303
1.03887e-06
0.000653607
1.37514e-06
0.000652764
1.66665e-06
0.000651784
1.9383e-06
0.00065067
2.20854e-06
0.000649415
2.49336e-06
0.000648007
2.81033e-06
0.000646425
3.18185e-06
0.00064464
3.63808e-06
0.000642625
4.21865e-06
0.000640367
4.96957e-06
0.000637907
5.93377e-06
0.000635412
7.11658e-06
8.63148e-06
0.000635198
0.000674199
9.43259e-07
0.00067366
1.57804e-06
0.000672949
2.08545e-06
0.000672091
2.52468e-06
0.000671098
2.93134e-06
0.000669975
3.33121e-06
0.000668724
3.74515e-06
0.000667341
4.19294e-06
0.000665828
4.69483e-06
0.000664196
5.2698e-06
0.000662486
5.92888e-06
0.000660794
6.662e-06
0.000659305
7.42268e-06
0.000658307
8.11484e-06
8.63436e-06
0.000658304
0.000694142
1.27087e-06
0.000693592
2.12726e-06
0.000692871
2.8071e-06
0.000692003
3.39277e-06
0.000691004
3.92981e-06
0.000689886
4.44946e-06
0.000688657
4.97413e-06
0.000687329
5.52045e-06
0.000685926
6.09851e-06
0.000684489
6.70703e-06
0.000683092
7.32532e-06
0.000681848
7.90572e-06
0.000680897
8.37435e-06
0.000680367
8.64453e-06
8.64947e-06
0.000680352
0.000714676
1.6038e-06
0.000714119
2.6844e-06
0.000713389
3.53652e-06
0.000712517
4.26526e-06
0.000711521
4.92501e-06
0.000710421
5.5503e-06
0.000709233
6.16195e-06
0.000707984
6.76926e-06
0.000706714
7.36832e-06
0.000705483
7.93786e-06
0.000704373
8.43608e-06
0.000703474
8.80399e-06
0.00070287
8.97899e-06
0.000702599
8.91545e-06
8.60543e-06
0.000702643
0.000735818
1.94079e-06
0.000735256
3.24703e-06
0.000734523
4.26974e-06
0.000733652
5.13606e-06
0.000732669
5.90797e-06
0.000731598
6.62128e-06
0.000730467
7.29277e-06
0.000729314
7.92238e-06
0.000728189
8.49287e-06
0.000727158
8.96945e-06
0.00072629
9.30405e-06
0.000725647
9.44694e-06
0.000725262
9.36357e-06
0.000725129
9.04898e-06
8.53325e-06
0.000725201
0.000757588
2.28046e-06
0.000757023
3.81245e-06
0.00075629
5.00247e-06
0.000755427
5.99881e-06
0.000754465
6.86983e-06
0.000753435
7.65102e-06
0.000752374
8.35382e-06
0.000751328
8.96923e-06
0.00075035
9.47057e-06
0.000749501
9.81857e-06
0.000748833
9.97159e-06
0.00074838
9.90011e-06
0.000748144
9.5997e-06
0.000748097
9.09563e-06
8.43798e-06
0.000748192
0.000780003
2.62123e-06
0.000779438
4.37775e-06
0.00077871
5.73016e-06
0.000777862
6.84705e-06
0.000776929
7.80209e-06
0.000775951
8.62954e-06
0.000774969
9.33558e-06
0.000774034
9.90465e-06
0.000773198
1.03064e-05
0.000772511
1.05058e-05
0.000772006
1.04759e-05
0.000771695
1.02111e-05
0.000771562
9.73258e-06
0.000771573
9.08501e-06
8.32673e-06
0.000771684
0.000803083
2.96145e-06
0.000802521
4.93979e-06
0.000801803
6.44812e-06
0.000800975
7.67435e-06
0.000800081
8.69685e-06
0.000799162
9.54852e-06
0.000798266
1.02316e-05
0.000797442
1.07279e-05
0.000796739
1.10093e-05
0.000796193
1.10519e-05
0.000795821
1.08478e-05
0.000795619
1.0414e-05
0.00079556
9.79077e-06
0.000795612
9.03382e-06
8.20296e-06
0.000795735
0.000826847
3.29929e-06
0.000826291
5.4953e-06
0.000825588
7.15153e-06
0.000824788
8.4745e-06
0.000823937
9.54703e-06
0.000823085
1.04014e-05
0.000822278
1.10384e-05
0.000821564
1.14413e-05
0.000820984
1.15902e-05
0.000820559
1.14764e-05
0.000820295
1.11121e-05
0.000820176
1.05332e-05
0.000820173
9.7933e-06
0.000820254
8.95281e-06
8.06939e-06
0.000820388
0.000851315
3.63286e-06
0.00085077
6.04085e-06
0.000850086
7.83562e-06
0.000849319
9.24161e-06
0.000848519
1.03465e-05
0.000847737
1.11833e-05
0.000847021
1.17546e-05
0.000846413
1.20495e-05
0.000845942
1.20606e-05
0.000845622
1.17966e-05
0.000845446
1.12884e-05
0.000845392
1.05868e-05
0.000845432
9.75324e-06
0.000845536
8.84906e-06
7.9279e-06
0.000845678
0.00087651
3.96017e-06
0.000875978
6.573e-06
0.000875317
8.49569e-06
0.000874589
9.97027e-06
0.000873845
1.10901e-05
0.000873137
1.18911e-05
0.000872511
1.23809e-05
0.000872002
1.25587e-05
0.000871631
1.2432e-05
0.0008714
1.20276e-05
0.000871296
1.13925e-05
0.000871294
1.05881e-05
0.000871368
9.67989e-06
0.000871489
8.72758e-06
7.77999e-06
0.000871637
0.000902451
4.27918e-06
0.000901936
7.08827e-06
0.000901304
9.12724e-06
0.000900619
1.06556e-05
0.000899935
1.17737e-05
0.000899303
1.2523e-05
0.000898765
1.29196e-05
0.000898348
1.29755e-05
0.000898064
1.27152e-05
0.00089791
1.21822e-05
0.000897865
1.14367e-05
0.000897906
1.05472e-05
0.000898006
9.58006e-06
0.000898142
8.59202e-06
7.62682e-06
0.000898295
0.000929161
4.58786e-06
0.000928666
7.58325e-06
0.000928067
9.72604e-06
0.00092743
1.12934e-05
0.000926809
1.23944e-05
0.000926253
1.30787e-05
0.000925799
1.33738e-05
0.000925467
1.33072e-05
0.000925262
1.29203e-05
0.000925173
1.22715e-05
0.000925178
1.14312e-05
0.000925254
1.04718e-05
0.000925375
9.4589e-06
0.000925522
8.44514e-06
7.46937e-06
0.000925679
0.000956663
4.88417e-06
0.000956192
8.05465e-06
0.00095563
1.02882e-05
0.000955043
1.18802e-05
0.000954487
1.29501e-05
0.000954007
1.35589e-05
0.000953633
1.37478e-05
0.000953379
1.3561e-05
0.000953243
1.30562e-05
0.00095321
1.23047e-05
0.000953257
1.1384e-05
0.000953361
1.03681e-05
0.0009535
9.32036e-06
0.000953656
8.28911e-06
7.30847e-06
0.000953816
0.00098498
5.16614e-06
0.000984535
8.49935e-06
0.000984013
1.08103e-05
0.000983481
1.2413e-05
0.000982991
1.34399e-05
0.000982585
1.39651e-05
0.000982286
1.4046e-05
0.000982104
1.37438e-05
0.000982029
1.31311e-05
0.000982044
1.22897e-05
0.000982126
1.13016e-05
0.000982253
1.02409e-05
0.000982406
9.16757e-06
0.000982569
8.12563e-06
7.14481e-06
0.000982733
0.00101414
5.43185e-06
0.00101372
8.91446e-06
0.00101324
1.12893e-05
0.00101277
1.28898e-05
0.00101234
1.38634e-05
0.00101201
1.42997e-05
0.00101178
1.42734e-05
0.00101166
1.38622e-05
0.00101164
1.31523e-05
0.0010117
1.22331e-05
0.00101181
1.11896e-05
0.00101196
1.00942e-05
0.00101212
9.00307e-06
0.00101229
7.95613e-06
6.97902e-06
0.00101246
0.00104416
5.67955e-06
0.00104377
9.29737e-06
0.00104334
1.17228e-05
0.00104292
1.33092e-05
0.00104256
1.42212e-05
0.0010423
1.45656e-05
0.00104213
1.44349e-05
0.00104207
1.39225e-05
0.0010421
1.3126e-05
0.00104219
1.21407e-05
0.00104233
1.10524e-05
0.00104249
9.931e-06
0.00104267
8.82891e-06
0.00104284
7.78177e-06
6.81161e-06
0.00104301
0.00107506
5.90761e-06
0.00107472
9.64579e-06
0.00107433
1.21086e-05
0.00107397
1.36705e-05
0.00107368
1.45145e-05
0.00107347
1.47661e-05
0.00107337
1.45354e-05
0.00107337
1.39305e-05
0.00107343
1.30581e-05
0.00107356
1.20174e-05
0.00107372
1.08938e-05
0.00107389
9.75413e-06
0.00107407
8.64679e-06
0.00107425
7.60353e-06
6.64305e-06
0.00107442
0.00110689
6.11459e-06
0.00110658
9.9578e-06
0.00110624
1.24455e-05
0.00110594
1.39736e-05
0.0011057
1.47451e-05
0.00110557
1.49048e-05
0.00110552
1.458e-05
0.00110556
1.38915e-05
0.00110567
1.29534e-05
0.00110582
1.18674e-05
0.00110599
1.0717e-05
0.00110618
9.5658e-06
0.00110637
8.45817e-06
0.00110655
7.42224e-06
6.47376e-06
0.00110672
0.00113965
6.29925e-06
0.00113938
1.02318e-05
0.00113909
1.27324e-05
0.00113885
1.42189e-05
0.00113868
1.49152e-05
0.0011386
1.49856e-05
0.0011386
1.45732e-05
0.00113868
1.38104e-05
0.00113882
1.28167e-05
0.00113899
1.16943e-05
0.00113919
1.05248e-05
0.00113938
9.3679e-06
0.00113958
8.26426e-06
0.00113976
7.23863e-06
6.30411e-06
0.00113993
0.00117339
6.4606e-06
0.00117315
1.04668e-05
0.00117292
1.29691e-05
0.00117273
1.44075e-05
0.00117261
1.50274e-05
0.00117259
1.50121e-05
0.00117264
1.45197e-05
0.00117276
1.36918e-05
0.00117293
1.26516e-05
0.00117312
1.15014e-05
0.00117332
1.03194e-05
0.00117353
9.16206e-06
0.00117373
8.06612e-06
0.00117391
7.05333e-06
6.13443e-06
0.00117408
0.00120812
6.59788e-06
0.00120792
1.06619e-05
0.00120774
1.31557e-05
0.0012076
1.45409e-05
0.00120755
1.50847e-05
0.00120757
1.49885e-05
0.00120767
1.44238e-05
0.00120782
1.35397e-05
0.00120801
1.2462e-05
0.00120822
1.12913e-05
0.00120844
1.01031e-05
0.00120865
8.9497e-06
0.00120885
7.86466e-06
0.00120904
6.86688e-06
5.965e-06
0.00120921
0.00124388
6.71059e-06
0.00124372
1.08169e-05
0.00124359
1.32927e-05
0.00124351
1.4621e-05
0.0012435
1.509e-05
0.00124357
1.49185e-05
0.00124371
1.42895e-05
0.00124389
1.3358e-05
0.0012441
1.22508e-05
0.00124432
1.10666e-05
0.00124455
9.87744e-06
0.00124477
8.73203e-06
0.00124497
7.66067e-06
0.00124516
6.67977e-06
5.7961e-06
0.00124533
0.0012807
6.79847e-06
0.00128058
1.09319e-05
0.00128049
1.33813e-05
0.00128046
1.46499e-05
0.00128051
1.50467e-05
0.00128062
1.4806e-05
0.00128079
1.41207e-05
0.001281
1.315e-05
0.00128123
1.20209e-05
0.00128146
1.08295e-05
0.0012817
9.64411e-06
0.00128192
8.51013e-06
0.00128212
7.45485e-06
0.00128231
6.49242e-06
5.62797e-06
0.00128248
0.0013186
6.86156e-06
0.00131853
1.10074e-05
0.00131848
1.34228e-05
0.0013185
1.46304e-05
0.00131859
1.49582e-05
0.00131874
1.46547e-05
0.00131894
1.3921e-05
0.00131917
1.29191e-05
0.00131942
1.1775e-05
0.00131967
1.05818e-05
0.00131991
9.40448e-06
0.00132013
8.28496e-06
0.00132034
7.24784e-06
0.00132053
6.30522e-06
5.46081e-06
0.00132069
0.00135763
6.90012e-06
0.00135759
1.10441e-05
0.00135759
1.3419e-05
0.00135766
1.45651e-05
0.00135779
1.48279e-05
0.00135797
1.44683e-05
0.0013582
1.36938e-05
0.00135845
1.2668e-05
0.00135871
1.15152e-05
0.00135897
1.03253e-05
0.00135921
9.15977e-06
0.00135944
8.05735e-06
0.00135965
7.04017e-06
0.00135984
6.11852e-06
5.29485e-06
0.00136
0.0013978
6.91465e-06
0.0013978
1.10434e-05
0.00139785
1.33722e-05
0.00139796
1.44569e-05
0.00139813
1.46591e-05
0.00139835
1.42502e-05
0.0013986
1.34423e-05
0.00139887
1.23995e-05
0.00139914
1.12437e-05
0.0013994
1.00616e-05
0.00139965
8.9111e-06
0.00139988
7.82807e-06
0.00140009
6.83235e-06
0.00140027
5.93262e-06
5.13025e-06
0.00140044
0.00143917
6.90588e-06
0.0014392
1.10067e-05
0.00143929
1.32845e-05
0.00143944
1.4309e-05
0.00143964
1.44554e-05
0.00143989
1.40037e-05
0.00144016
1.31694e-05
0.00144045
1.21159e-05
0.00144073
1.09624e-05
0.001441
9.79204e-06
0.00144125
8.65945e-06
0.00144148
7.59778e-06
0.00144169
6.62483e-06
0.00144187
5.74781e-06
4.96718e-06
0.00144203
0.00148175
6.87476e-06
0.00148182
1.09358e-05
0.00148195
1.31587e-05
0.00148214
1.41244e-05
0.00148237
1.422e-05
0.00148264
1.37321e-05
0.00148293
1.2878e-05
0.00148323
1.18195e-05
0.00148352
1.0673e-05
0.00148379
9.51788e-06
0.00148405
8.40572e-06
0.00148428
7.36712e-06
0.00148448
6.418e-06
0.00148467
5.56435e-06
4.8058e-06
0.00148483
0.0015256
6.82238e-06
0.0015257
1.08326e-05
0.00152586
1.29974e-05
0.00152608
1.39065e-05
0.00152634
1.39563e-05
0.00152664
1.34383e-05
0.00152695
1.25705e-05
0.00152725
1.15124e-05
0.00152755
1.0377e-05
0.00152783
9.24027e-06
0.00152808
8.15072e-06
0.00152831
7.13662e-06
0.00152852
6.21225e-06
0.0015287
5.38247e-06
4.64626e-06
0.00152886
0.00157074
6.75003e-06
0.00157087
1.06994e-05
0.00157106
1.28036e-05
0.00157131
1.36583e-05
0.0015716
1.36674e-05
0.00157191
1.31254e-05
0.00157223
1.22494e-05
0.00157255
1.11965e-05
0.00157285
1.00759e-05
0.00157313
8.96027e-06
0.00157339
7.89518e-06
0.00157362
6.9068e-06
0.00157382
6.0079e-06
0.001574
5.20239e-06
4.48868e-06
0.00157416
0.00161721
6.65908e-06
0.00161737
1.05385e-05
0.00161759
1.25801e-05
0.00161787
1.33831e-05
0.00161818
1.33565e-05
0.00161851
1.27959e-05
0.00161884
1.19171e-05
0.00161916
1.08736e-05
0.00161947
9.77105e-06
0.00161975
8.67882e-06
0.00162001
7.63977e-06
0.00162023
6.67811e-06
0.00162044
5.80527e-06
0.00162062
5.02432e-06
4.3332e-06
0.00162077
0.00166505
6.55102e-06
0.00166524
1.03523e-05
0.00166549
1.23299e-05
0.00166579
1.30841e-05
0.00166612
1.30263e-05
0.00166646
1.24524e-05
0.0016668
1.15754e-05
0.00166713
1.05452e-05
0.00166744
9.4636e-06
0.00166772
8.39679e-06
0.00166798
7.38512e-06
0.0016682
6.45098e-06
0.0016684
5.60464e-06
0.00166858
4.84844e-06
4.17994e-06
0.00166873
0.00171431
6.42742e-06
0.00171452
1.01434e-05
0.00171479
1.2056e-05
0.00171511
1.27641e-05
0.00171546
1.26799e-05
0.00171581
1.20974e-05
0.00171616
1.12264e-05
0.0017165
1.02128e-05
0.0017168
9.15468e-06
0.00171709
8.11499e-06
0.00171734
7.13178e-06
0.00171757
6.22581e-06
0.00171776
5.40627e-06
0.00171794
4.67492e-06
4.029e-06
0.00171809
0.00176502
6.28989e-06
0.00176525
9.91415e-06
0.00176555
1.17613e-05
0.00176588
1.24263e-05
0.00176624
1.23198e-05
0.00176661
1.17331e-05
0.00176696
1.08719e-05
0.0017673
9.87788e-06
0.00176761
8.84529e-06
0.00176789
7.83415e-06
0.00176814
6.88027e-06
0.00176836
6.00294e-06
0.00176856
5.21042e-06
0.00176873
4.50393e-06
3.88049e-06
0.00176888
0.00181723
6.14003e-06
0.00181748
9.66718e-06
0.00181779
1.14487e-05
0.00181814
1.20734e-05
0.00181852
1.19486e-05
0.00181889
1.13617e-05
0.00181925
1.05136e-05
0.00181958
9.54163e-06
0.00181989
8.53637e-06
0.00182017
7.55492e-06
0.00182042
6.63106e-06
0.00182064
5.7827e-06
0.00182083
5.01729e-06
0.001821
4.33561e-06
3.7345e-06
0.00182115
0.00187098
5.97947e-06
0.00187125
9.40495e-06
0.00187157
1.1121e-05
0.00187194
1.17082e-05
0.00187232
1.15687e-05
0.0018727
1.0985e-05
0.00187306
1.01529e-05
0.00187339
9.20522e-06
0.0018737
8.22877e-06
0.00187398
7.27794e-06
0.00187422
6.38459e-06
0.00187444
5.5654e-06
0.00187463
4.8271e-06
0.0018748
4.17011e-06
3.59114e-06
0.00187494
0.00192632
5.80979e-06
0.0019266
9.12988e-06
0.00192694
1.07809e-05
0.00192731
1.13331e-05
0.0019277
1.11823e-05
0.00192808
1.06049e-05
0.00192844
9.79135e-06
0.00192878
8.86972e-06
0.00192908
7.92327e-06
0.00192936
7.00376e-06
0.0019296
6.14125e-06
0.00192981
5.35131e-06
0.00193
4.64003e-06
0.00193016
4.00755e-06
3.45048e-06
0.0019303
0.0019833
5.63254e-06
0.00198358
8.84428e-06
0.00198393
1.04309e-05
0.00198432
1.09506e-05
0.00198471
1.07915e-05
0.00198509
1.02231e-05
0.00198545
9.43017e-06
0.00198578
8.5361e-06
0.00198609
7.62059e-06
0.00198636
6.73288e-06
0.0019866
5.9014e-06
0.00198681
5.14068e-06
0.00198699
4.45627e-06
0.00198715
3.84804e-06
3.3126e-06
0.00198729
0.00204196
5.44919e-06
0.00204225
8.55038e-06
0.00204261
1.00734e-05
0.002043
1.0563e-05
0.00204339
1.03981e-05
0.00204377
9.84108e-06
0.00204413
9.07057e-06
0.00204446
8.20524e-06
0.00204476
7.32136e-06
0.00204503
6.46578e-06
0.00204526
5.66537e-06
0.00204547
4.93375e-06
0.00204565
4.27596e-06
0.00204581
3.69171e-06
3.17758e-06
0.00204594
0.00210235
5.26115e-06
0.00210265
8.25026e-06
0.00210301
9.71071e-06
0.0021034
1.01723e-05
0.0021038
1.0004e-05
0.00210418
9.4603e-06
0.00210453
8.71363e-06
0.00210486
7.87795e-06
0.00210516
7.02618e-06
0.00210542
6.20287e-06
0.00210565
5.43346e-06
0.00210585
4.73072e-06
0.00210603
4.09926e-06
0.00210618
3.53864e-06
3.04548e-06
0.00210632
0.00216452
5.06973e-06
0.00216483
7.94587e-06
0.00216519
9.34479e-06
0.00216559
9.78035e-06
0.00216598
9.61071e-06
0.00216636
9.082e-06
0.00216671
8.36032e-06
0.00216703
7.55496e-06
0.00216732
6.73556e-06
0.00216758
5.94453e-06
0.00216781
5.20593e-06
0.00216801
4.53177e-06
0.00216818
3.92629e-06
0.00216833
3.38893e-06
2.91636e-06
0.00216846
0.00222854
4.87617e-06
0.00222884
7.63902e-06
0.00222921
8.97762e-06
0.0022296
9.38899e-06
0.00222999
9.21973e-06
0.00223037
8.70735e-06
0.00223072
8.01151e-06
0.00223104
7.2369e-06
0.00223132
6.44998e-06
0.00223157
5.69109e-06
0.0022318
4.98302e-06
0.00223199
4.33707e-06
0.00223216
3.75716e-06
0.00223231
3.24265e-06
2.79027e-06
0.00223243
0.00229444
4.68158e-06
0.00229475
7.33135e-06
0.00229512
8.61091e-06
0.00229551
8.99975e-06
0.00229589
8.83235e-06
0.00229626
8.33736e-06
0.00229661
7.66798e-06
0.00229692
6.92435e-06
0.0022972
6.16986e-06
0.00229745
5.44285e-06
0.00229767
4.76494e-06
0.00229786
4.14677e-06
0.00229802
3.59198e-06
0.00229816
3.09987e-06
2.66726e-06
0.00229829
0.0023623
4.48698e-06
0.0023626
7.02436e-06
0.00236297
8.24623e-06
0.00236335
8.61404e-06
0.00236374
8.44973e-06
0.0023641
7.97295e-06
0.00236444
7.33042e-06
0.00236474
6.61781e-06
0.00236502
5.89554e-06
0.00236526
5.20006e-06
0.00236548
4.55185e-06
0.00236566
3.96098e-06
0.00236582
3.43082e-06
0.00236596
2.96063e-06
2.54736e-06
0.00236608
0.00243216
4.29329e-06
0.00243246
6.71938e-06
0.00243282
7.88498e-06
0.0024332
8.2331e-06
0.00243358
8.0729e-06
0.00243394
7.6149e-06
0.00243427
6.99941e-06
0.00243457
6.31772e-06
0.00243484
5.62734e-06
0.00243507
4.96293e-06
0.00243528
4.34392e-06
0.00243546
3.77981e-06
0.00243562
3.27375e-06
0.00243576
2.825e-06
2.4306e-06
0.00243587
0.00250408
4.10133e-06
0.00250438
6.4176e-06
0.00250474
7.52837e-06
0.00250511
7.85802e-06
0.00250548
7.70274e-06
0.00250584
7.2639e-06
0.00250616
6.67547e-06
0.00250645
6.02444e-06
0.00250671
5.36552e-06
0.00250695
4.73166e-06
0.00250715
4.14127e-06
0.00250733
3.60333e-06
0.00250748
3.12082e-06
0.00250761
2.69299e-06
2.317e-06
0.00250772
0.00257813
3.91181e-06
0.00257843
6.12004e-06
0.00257878
7.17746e-06
0.00257915
7.48974e-06
0.00257951
7.34001e-06
0.00257986
6.92054e-06
0.00258017
6.35902e-06
0.00258046
5.73827e-06
0.00258071
5.1103e-06
0.00258094
4.50637e-06
0.00258114
3.94398e-06
0.00258131
3.43162e-06
0.00258146
2.97208e-06
0.00258158
2.56463e-06
2.20657e-06
0.0025817
0.00265437
3.72534e-06
0.00265467
5.8276e-06
0.00265501
6.83316e-06
0.00265537
7.12905e-06
0.00265573
6.98534e-06
0.00265606
6.58529e-06
0.00265637
6.05042e-06
0.00265665
5.45946e-06
0.0026569
4.86182e-06
0.00265712
4.28719e-06
0.00265731
3.75213e-06
0.00265747
3.2647e-06
0.00265762
2.82753e-06
0.00265774
2.43993e-06
2.0993e-06
0.00265785
0.00273287
3.54243e-06
0.00273316
5.54102e-06
0.00273349
6.49624e-06
0.00273385
6.7766e-06
0.00273419
6.63926e-06
0.00273452
6.25854e-06
0.00273482
5.74993e-06
0.00273509
5.1882e-06
0.00273533
4.62023e-06
0.00273554
4.07418e-06
0.00273573
3.56576e-06
0.00273589
3.1026e-06
0.00273603
2.6872e-06
0.00273615
2.31889e-06
1.9952e-06
0.00273626
0.00281369
3.36353e-06
0.00281397
5.26091e-06
0.00281429
6.16731e-06
0.00281464
6.43294e-06
0.00281498
6.30218e-06
0.00281529
5.94059e-06
0.00281559
5.45777e-06
0.00281585
4.92462e-06
0.00281608
4.3856e-06
0.00281629
3.86738e-06
0.00281647
3.38488e-06
0.00281663
2.94532e-06
0.00281677
2.55106e-06
0.00281688
2.20148e-06
1.89424e-06
0.00281698
0.00289689
3.18897e-06
0.00289717
4.98778e-06
0.00289749
5.84685e-06
0.00289782
6.09846e-06
0.00289815
5.97441e-06
0.00289846
5.63166e-06
0.00289874
5.17407e-06
0.002899
4.6688e-06
0.00289922
4.15796e-06
0.00289943
3.66682e-06
0.0028996
3.20949e-06
0.00289975
2.79284e-06
0.00289988
2.4191e-06
0.0029
2.08769e-06
1.79639e-06
0.0029001
0.00298256
3.01903e-06
0.00298283
4.72199e-06
0.00298314
5.53525e-06
0.00298346
5.77348e-06
0.00298378
5.65617e-06
0.00298408
5.33188e-06
0.00298436
4.89891e-06
0.0029846
4.42077e-06
0.00298482
3.93732e-06
0.00298502
3.47246e-06
0.00298519
3.03956e-06
0.00298534
2.64512e-06
0.00298546
2.29127e-06
0.00298557
1.97747e-06
1.70163e-06
0.00298567
0.00307076
2.85391e-06
0.00307102
4.46383e-06
0.00307132
5.23276e-06
0.00307164
5.45819e-06
0.00307195
5.34758e-06
0.00307224
5.04133e-06
0.0030725
4.6323e-06
0.00307274
4.18053e-06
0.00307296
3.72365e-06
0.00307314
3.28427e-06
0.00307331
2.87504e-06
0.00307345
2.50211e-06
0.00307358
2.16753e-06
0.00307368
1.87077e-06
1.60989e-06
0.00307377
0.00316157
2.69373e-06
0.00316182
4.21347e-06
0.00316211
4.93954e-06
0.00316242
5.15269e-06
0.00316272
5.0487e-06
0.003163
4.76e-06
0.00316326
4.37423e-06
0.00316349
3.948e-06
0.0031637
3.51687e-06
0.00316388
3.10216e-06
0.00316404
2.71585e-06
0.00316418
2.36375e-06
0.0031643
2.0478e-06
0.0031644
1.76754e-06
1.52114e-06
0.00316449
0.00325507
2.53858e-06
0.00325531
3.97101e-06
0.00325559
4.65565e-06
0.00325589
4.85701e-06
0.00325618
4.75949e-06
0.00325645
4.48784e-06
0.0032567
4.1246e-06
0.00325692
3.72311e-06
0.00325712
3.31688e-06
0.0032573
2.92605e-06
0.00325745
2.56189e-06
0.00325759
2.22993e-06
0.0032577
1.93201e-06
0.0032578
1.6677e-06
1.4353e-06
0.00325789
0.00335133
2.38848e-06
0.00335156
3.73647e-06
0.00335184
4.38109e-06
0.00335212
4.5711e-06
0.0033524
4.47988e-06
0.00335266
4.22473e-06
0.00335291
3.88327e-06
0.00335312
3.50571e-06
0.00335332
3.12356e-06
0.00335349
2.75579e-06
0.00335364
2.41306e-06
0.00335377
2.10056e-06
0.00335388
1.82006e-06
0.00335397
1.57117e-06
1.3523e-06
0.00335406
0.00345044
2.2434e-06
0.00345066
3.50978e-06
0.00345093
4.11575e-06
0.0034512
4.29481e-06
0.00345147
4.20969e-06
0.00345173
3.9705e-06
0.00345196
3.6501e-06
0.00345217
3.29563e-06
0.00345236
2.93674e-06
0.00345252
2.59126e-06
0.00345267
2.26921e-06
0.00345279
1.97552e-06
0.0034529
1.71185e-06
0.00345299
1.47786e-06
1.27206e-06
0.00345307
0.00355247
2.10327e-06
0.00355269
3.29084e-06
0.00355295
3.85948e-06
0.00355322
4.02797e-06
0.00355348
3.94874e-06
0.00355372
3.72494e-06
0.00355395
3.42485e-06
0.00355415
3.09269e-06
0.00355433
2.75624e-06
0.00355449
2.43227e-06
0.00355463
2.1302e-06
0.00355475
1.85467e-06
0.00355486
1.60726e-06
0.00355495
1.38767e-06
1.1945e-06
0.00355502
0.00365753
1.968e-06
0.00365774
3.07947e-06
0.00365799
3.61206e-06
0.00365825
3.77032e-06
0.0036585
3.69675e-06
0.00365874
3.48779e-06
0.00365895
3.20729e-06
0.00365915
2.89664e-06
0.00365933
2.58186e-06
0.00365948
2.27865e-06
0.00365961
1.99587e-06
0.00365973
1.73787e-06
0.00365983
1.50616e-06
0.00365992
1.30048e-06
1.11952e-06
0.00365999
0.0037657
1.83744e-06
0.0037659
2.87546e-06
0.00376614
3.37322e-06
0.00376639
3.52157e-06
0.00376663
3.45343e-06
0.00376686
3.25875e-06
0.00376707
2.99714e-06
0.00376726
2.70724e-06
0.00376743
2.41336e-06
0.00376758
2.13019e-06
0.00376771
1.86603e-06
0.00376782
1.62497e-06
0.00376792
1.40843e-06
0.003768
1.21617e-06
1.04701e-06
0.00376807
0.00387706
1.71144e-06
0.00387726
2.67852e-06
0.00387749
3.14264e-06
0.00387773
3.28139e-06
0.00387796
3.21844e-06
0.00387818
3.03751e-06
0.00387839
2.7941e-06
0.00387857
2.5242e-06
0.00387873
2.25048e-06
0.00387888
1.98666e-06
0.003879
1.74048e-06
0.00387911
1.51578e-06
0.00387921
1.3139e-06
0.00387929
1.13462e-06
9.76862e-07
0.00387936
0.00399172
1.58978e-06
0.00399191
2.48838e-06
0.00399213
2.91996e-06
0.00399236
3.04938e-06
0.00399259
2.99139e-06
0.0039928
2.82369e-06
0.003993
2.59782e-06
0.00399318
2.34722e-06
0.00399334
2.09297e-06
0.00399347
1.84783e-06
0.0039936
1.61902e-06
0.0039937
1.41013e-06
0.00399379
1.22241e-06
0.00399387
1.0557e-06
9.08964e-07
0.00399394
0.00410977
1.47227e-06
0.00410995
2.30467e-06
0.00411017
2.70478e-06
0.00411039
2.82513e-06
0.00411061
2.77187e-06
0.00411082
2.61691e-06
0.00411101
2.40795e-06
0.00411118
2.17597e-06
0.00411133
1.94052e-06
0.00411147
1.71344e-06
0.00411158
1.50142e-06
0.00411169
1.30782e-06
0.00411177
1.13381e-06
0.00411185
9.79247e-07
8.43189e-07
0.00411192
0.00423131
1.35867e-06
0.00423149
2.12705e-06
0.0042317
2.49667e-06
0.00423191
2.60818e-06
0.00423213
2.55944e-06
0.00423233
2.41674e-06
0.00423251
2.22411e-06
0.00423267
2.01012e-06
0.00423282
1.79284e-06
0.00423295
1.58322e-06
0.00423307
1.38745e-06
0.00423317
1.20865e-06
0.00423325
1.04792e-06
0.00423333
9.05119e-07
7.79406e-07
0.00423339
0.00435645
1.24871e-06
0.00435662
1.95511e-06
0.00435682
2.29516e-06
0.00435703
2.39805e-06
0.00435724
2.35362e-06
0.00435743
2.22275e-06
0.00435761
2.04588e-06
0.00435777
1.84929e-06
0.00435791
1.64959e-06
0.00435804
1.45687e-06
0.00435815
1.27685e-06
0.00435825
1.1124e-06
0.00435833
9.64536e-07
0.0043584
8.33154e-07
7.17476e-07
0.00435846
0.00448528
1.14214e-06
0.00448545
1.78842e-06
0.00448565
2.09977e-06
0.00448585
2.19423e-06
0.00448605
2.15391e-06
0.00448624
2.03445e-06
0.00448641
1.87283e-06
0.00448657
1.69309e-06
0.00448671
1.51044e-06
0.00448683
1.33412e-06
0.00448694
1.16937e-06
0.00448703
1.01884e-06
0.00448711
8.83476e-07
0.00448718
7.63182e-07
6.57253e-07
0.00448724
0.00461793
1.03867e-06
0.00461809
1.62654e-06
0.00461828
1.90995e-06
0.00461848
1.99617e-06
0.00461868
1.95978e-06
0.00461886
1.85136e-06
0.00461903
1.70451e-06
0.00461918
1.54111e-06
0.00461932
1.37501e-06
0.00461943
1.21462e-06
0.00461954
1.06472e-06
0.00461963
9.27734e-07
0.00461971
8.04528e-07
0.00461978
6.95023e-07
5.98585e-07
0.00461984
0.0047545
9.37976e-07
0.00475466
1.46899e-06
0.00475485
1.72516e-06
0.00475504
1.80329e-06
0.00475523
1.77067e-06
0.00475541
1.67294e-06
0.00475557
1.54044e-06
0.00475572
1.39293e-06
0.00475585
1.24293e-06
0.00475597
1.09805e-06
0.00475607
9.62617e-07
0.00475616
8.38826e-07
0.00475624
7.27472e-07
0.0047563
6.2849e-07
5.41309e-07
0.00475636
0.00489512
8.39749e-07
0.00489527
1.31527e-06
0.00489545
1.54481e-06
0.00489564
1.61498e-06
0.00489582
1.58598e-06
0.004896
1.49863e-06
0.00489616
1.3801e-06
0.0048963
1.24809e-06
0.00489643
1.11379e-06
0.00489655
9.84047e-07
0.00489665
8.62744e-07
0.00489673
7.51846e-07
0.00489681
6.52077e-07
0.00489687
5.63382e-07
4.85253e-07
0.00489693
0.00503989
7.43642e-07
0.00504004
1.16484e-06
0.00504021
1.36827e-06
0.0050404
1.4306e-06
0.00504058
1.40508e-06
0.00504075
1.32785e-06
0.00504091
1.22296e-06
0.00504105
1.10609e-06
0.00504118
9.87164e-07
0.00504129
8.7224e-07
0.00504139
7.64773e-07
0.00504147
6.6651e-07
0.00504155
5.78096e-07
0.00504161
4.99487e-07
4.30236e-07
0.00504166
0.00518894
6.49289e-07
0.00518909
1.01712e-06
0.00518926
1.19488e-06
0.00518944
1.24944e-06
0.00518962
1.22729e-06
0.00518979
1.15996e-06
0.00518994
1.06844e-06
0.00519008
9.66425e-07
0.00519021
8.62587e-07
0.00519032
7.62222e-07
0.00519041
6.68353e-07
0.0051905
5.82512e-07
0.00519057
5.05265e-07
0.00519063
4.36578e-07
3.76063e-07
0.00519069
0.0053424
5.56297e-07
0.00534255
8.71514e-07
0.00534272
1.02391e-06
0.0053429
1.07078e-06
0.00534307
1.0519e-06
0.00534324
9.94289e-07
0.00534339
9.15925e-07
0.00534353
8.28537e-07
0.00534365
7.39569e-07
0.00534376
6.5356e-07
0.00534386
5.73106e-07
0.00534394
4.99523e-07
0.00534401
4.333e-07
0.00534407
3.7441e-07
3.22523e-07
0.00534413
0.0055004
4.64244e-07
0.00550055
7.2735e-07
0.00550072
8.54608e-07
0.00550089
8.93802e-07
0.00550107
8.78122e-07
0.00550123
8.30099e-07
0.00550138
7.64735e-07
0.00550152
6.91822e-07
0.00550164
6.17574e-07
0.00550175
5.45784e-07
0.00550184
4.78621e-07
0.00550193
4.17188e-07
0.005502
3.61894e-07
0.00550206
3.12719e-07
2.69389e-07
0.00550211
0.00566308
3.72668e-07
0.00566322
5.83912e-07
0.00566339
6.86121e-07
0.00566357
7.17641e-07
0.00566374
7.05105e-07
0.0056639
6.66591e-07
0.00566405
6.14143e-07
0.00566419
5.55622e-07
0.00566431
4.96018e-07
0.00566442
4.38379e-07
0.00566451
3.8445e-07
0.00566459
3.35116e-07
0.00566467
2.9071e-07
0.00566473
2.51215e-07
2.16412e-07
0.00566478
0.00583056
2.81064e-07
0.00583071
4.40407e-07
0.00583088
5.17524e-07
0.00583105
5.41331e-07
0.00583122
5.31906e-07
0.00583139
5.02881e-07
0.00583154
4.63339e-07
0.00583168
4.19208e-07
0.0058318
3.74254e-07
0.00583191
3.30778e-07
0.005832
2.90095e-07
0.00583208
2.52877e-07
0.00583215
2.19374e-07
0.00583221
1.89574e-07
1.63314e-07
0.00583227
0.006003
1.88863e-07
0.00600315
2.95952e-07
0.00600332
3.47786e-07
0.0060035
3.638e-07
0.00600367
3.57481e-07
0.00600383
3.37988e-07
0.00600399
3.11424e-07
0.00600412
2.81772e-07
0.00600425
2.51564e-07
0.00600435
2.22346e-07
0.00600445
1.95005e-07
0.00600453
1.6999e-07
0.0060046
1.47471e-07
0.00600467
1.27441e-07
1.09789e-07
0.00600472
0.00618054
9.54466e-08
0.00618069
1.49543e-07
0.00618086
1.75734e-07
0.00618104
1.83829e-07
0.00618122
1.80639e-07
0.00618139
1.70793e-07
0.00618154
1.57373e-07
0.00618168
1.42391e-07
0.0061818
1.27128e-07
0.00618191
1.12365e-07
0.00618201
9.85494e-08
0.0061821
8.59088e-08
0.00618217
7.45292e-08
0.00618223
6.4407e-08
5.54865e-08
0.00618229
0.00636334
0.00636349
0.00636366
0.00636385
0.00636403
0.0063642
0.00636435
0.0063645
0.00636462
0.00636474
0.00636483
0.00636492
0.006365
0.00636506
0.00636512
0.000591211
1.32154e-05
0.00057665
1.45602e-05
0.000561386
1.52643e-05
0.00054562
1.57659e-05
0.000529465
1.61552e-05
0.000513023
1.64416e-05
0.000496379
1.66448e-05
0.000479594
1.67847e-05
0.000462721
1.68727e-05
0.000445807
1.6914e-05
0.000428897
1.69106e-05
0.000412033
1.68631e-05
0.000395262
1.6771e-05
0.000378629
1.66332e-05
0.000362181
1.64485e-05
0.000345966
1.62152e-05
0.000330033
1.59323e-05
0.000314435
1.55986e-05
0.000299221
1.52139e-05
0.000284442
1.47785e-05
0.000270149
1.42933e-05
0.000256388
1.37606e-05
0.000243205
1.31836e-05
0.000230638
1.25665e-05
0.000218723
1.19149e-05
0.000207488
1.12354e-05
0.000196952
1.05358e-05
0.000187128
9.82444e-06
0.000178017
9.11046e-06
0.000169614
8.40314e-06
0.000161902
7.71169e-06
0.000154858
7.04479e-06
0.000148447
6.4103e-06
0.000142632
5.81488e-06
0.000137369
5.26377e-06
0.000132608
4.76058e-06
0.000128301
4.30728e-06
0.000124397
3.90421e-06
0.000120846
3.55021e-06
0.000117604
3.24285e-06
0.000114625
2.97871e-06
0.000111871
2.75364e-06
0.000109308
2.56305e-06
0.000106906
2.40222e-06
0.000104639
2.26654e-06
0.000102488
2.15162e-06
0.000100434
2.05353e-06
9.84654e-05
1.96882e-06
9.65708e-05
1.89456e-06
9.47425e-05
1.82836e-06
9.29741e-05
1.76833e-06
9.12611e-05
1.71301e-06
8.95998e-05
1.66134e-06
8.79872e-05
1.61255e-06
8.64211e-05
1.56613e-06
8.48993e-05
1.52173e-06
8.34202e-05
1.47914e-06
8.19819e-05
1.43825e-06
8.0583e-05
1.39897e-06
7.92217e-05
1.36127e-06
7.78966e-05
1.32509e-06
7.66062e-05
1.29042e-06
7.5349e-05
1.2572e-06
7.41235e-05
1.22539e-06
7.29286e-05
1.19495e-06
7.17628e-05
1.1658e-06
7.06249e-05
1.13789e-06
6.95137e-05
1.11115e-06
6.84282e-05
1.08554e-06
6.73672e-05
1.06097e-06
6.63298e-05
1.03741e-06
6.5315e-05
1.01478e-06
6.43219e-05
9.93062e-07
6.33497e-05
9.72193e-07
6.23976e-05
9.52138e-07
6.14647e-05
9.32863e-07
6.05504e-05
9.14335e-07
5.96539e-05
8.96526e-07
5.87744e-05
8.79408e-07
5.79115e-05
8.62956e-07
5.70643e-05
8.4714e-07
5.62324e-05
8.31924e-07
5.54151e-05
8.17259e-07
5.46121e-05
8.03073e-07
5.38228e-05
7.89289e-07
5.30476e-05
7.75143e-07
5.22817e-05
7.65966e-07
5.15442e-05
7.3745e-07
5.09217e-05
6.22492e-07
2.32489e-06
0.00063661
1.18043e-05
0.000637083
1.40867e-05
0.000636675
1.56724e-05
0.000635472
1.69689e-05
0.000633517
1.81097e-05
0.000630846
1.91133e-05
0.000627492
1.9999e-05
0.000623486
2.07899e-05
0.000618858
2.15008e-05
0.000613634
2.21379e-05
0.000607841
2.27036e-05
0.000601507
2.31978e-05
0.000594658
2.36192e-05
0.000587327
2.3965e-05
0.000579543
2.42322e-05
0.000571341
2.4417e-05
0.000562757
2.4516e-05
0.00055383
2.45259e-05
0.0005446
2.44442e-05
0.000535109
2.42691e-05
0.000525403
2.40001e-05
0.000515525
2.36381e-05
0.000505523
2.31857e-05
0.000495442
2.26472e-05
0.000485328
2.20288e-05
0.000475225
2.13386e-05
0.000465174
2.05866e-05
0.000455215
1.97839e-05
0.000445382
1.89434e-05
0.000435707
1.80782e-05
0.000426216
1.7202e-05
0.000416933
1.63281e-05
0.000407875
1.54689e-05
0.000399054
1.46356e-05
0.00039048
1.38378e-05
0.000382158
1.30828e-05
0.000374089
1.2376e-05
0.000366272
1.17207e-05
0.000358704
1.11181e-05
0.00035138
1.05675e-05
0.000344291
1.0067e-05
0.000337432
9.61341e-06
0.000330792
9.2027e-06
0.000324364
8.83053e-06
0.000318138
8.49233e-06
0.000312106
8.18367e-06
0.000306259
7.90038e-06
0.000300589
7.63871e-06
0.000295088
7.39538e-06
0.000289749
7.16761e-06
0.000284564
6.95312e-06
0.000279527
6.75009e-06
0.000274631
6.55707e-06
0.000269871
6.37298e-06
0.00026524
6.19698e-06
0.000260733
6.02844e-06
0.000256346
5.86688e-06
0.000252072
5.71195e-06
0.000247908
5.56332e-06
0.000243848
5.42074e-06
0.000239889
5.28396e-06
0.000236027
5.15274e-06
0.000232257
5.02685e-06
0.000228577
4.90606e-06
0.000224981
4.79013e-06
0.000221468
4.67882e-06
0.000218034
4.57191e-06
0.000214676
4.46918e-06
0.000211391
4.37041e-06
0.000208177
4.27541e-06
0.00020503
4.18398e-06
0.000201949
4.09595e-06
0.000198931
4.01116e-06
0.000195974
3.92947e-06
0.000193075
3.85074e-06
0.000190233
3.77486e-06
0.000187446
3.70173e-06
0.000184711
3.63124e-06
0.000182027
3.5633e-06
0.000179392
3.49783e-06
0.000176805
3.43474e-06
0.000174263
3.3739e-06
0.000171765
3.31518e-06
0.00016931
3.25834e-06
0.000166896
3.20306e-06
0.000164523
3.14819e-06
0.000162185
3.10389e-06
0.000159934
2.98822e-06
0.000157494
3.06256e-06
5.79052e-06
0.000659252
1.08556e-05
0.000660456
1.28826e-05
0.0006616
1.45284e-05
0.000662621
1.59481e-05
0.000663484
1.72473e-05
0.000664147
1.84495e-05
0.000664582
1.95645e-05
0.000664765
2.06065e-05
0.00066468
2.15864e-05
0.000664309
2.25091e-05
0.000663636
2.33758e-05
0.000662649
2.4185e-05
0.000661335
2.49339e-05
0.000659682
2.56177e-05
0.000657683
2.6231e-05
0.000655332
2.67676e-05
0.000652627
2.72211e-05
0.000649568
2.75852e-05
0.000646158
2.7854e-05
0.000642405
2.80223e-05
0.000638319
2.80865e-05
0.000633913
2.8044e-05
0.000629204
2.78944e-05
0.000624212
2.76393e-05
0.000618958
2.72824e-05
0.000613467
2.68301e-05
0.000607763
2.62909e-05
0.000601871
2.56753e-05
0.000595819
2.49959e-05
0.000589631
2.42664e-05
0.000583331
2.35014e-05
0.000576943
2.27158e-05
0.000570488
2.1924e-05
0.000563985
2.11393e-05
0.000557449
2.03737e-05
0.000550895
1.96369e-05
0.000544334
1.89366e-05
0.000537776
1.82783e-05
0.000531229
1.76651e-05
0.000524699
1.7098e-05
0.00051819
1.65762e-05
0.000511706
1.60975e-05
0.00050525
1.56588e-05
0.000498824
1.52559e-05
0.000492432
1.48846e-05
0.000486075
1.45405e-05
0.000479756
1.42193e-05
0.000473478
1.39173e-05
0.000467242
1.3631e-05
0.000461052
1.33576e-05
0.00045491
1.30947e-05
0.00044882
1.28404e-05
0.000442784
1.25934e-05
0.000436804
1.23527e-05
0.000430884
1.21174e-05
0.000425025
1.18872e-05
0.00041923
1.16618e-05
0.000413501
1.14411e-05
0.000407839
1.12249e-05
0.000402247
1.10133e-05
0.000396724
1.08062e-05
0.000391273
1.06037e-05
0.000385894
1.04058e-05
0.000380588
1.02125e-05
0.000375354
1.00237e-05
0.000370194
9.8394e-06
0.000365106
9.65956e-06
0.000360091
9.48413e-06
0.000355149
9.31302e-06
0.000350278
9.14619e-06
0.000345478
8.98356e-06
0.000340749
8.82506e-06
0.00033609
8.67064e-06
0.000331499
8.52023e-06
0.000326976
8.37378e-06
0.000322519
8.23125e-06
0.000318129
8.0926e-06
0.000313802
7.95778e-06
0.000309539
7.82675e-06
0.000305337
7.69948e-06
0.000301196
7.57589e-06
0.000297114
7.45587e-06
0.00029309
7.33924e-06
0.000289122
7.22567e-06
0.000285211
7.11459e-06
0.000281354
7.0052e-06
0.000277554
6.90411e-06
0.000273817
6.72526e-06
0.000269826
7.05285e-06
9.67779e-06
0.000680888
1.03192e-05
0.00068179
1.19813e-05
0.000682827
1.34912e-05
0.000683908
1.48669e-05
0.000685001
1.61542e-05
0.00068608
1.73705e-05
0.000687123
1.85213e-05
0.000688116
1.96142e-05
0.000689045
2.06569e-05
0.0006899
2.16541e-05
0.000690668
2.26076e-05
0.000691337
2.35168e-05
0.000691891
2.43793e-05
0.000692317
2.51915e-05
0.0006926
2.59482e-05
0.000692724
2.66434e-05
0.000692675
2.72704e-05
0.000692438
2.78224e-05
0.000691999
2.82924e-05
0.000691348
2.8674e-05
0.000690473
2.89614e-05
0.000689367
2.91501e-05
0.000688024
2.92373e-05
0.000686441
2.92219e-05
0.000684619
2.9105e-05
0.000682559
2.88901e-05
0.000680266
2.85832e-05
0.000677749
2.81923e-05
0.000675017
2.7728e-05
0.000672081
2.72021e-05
0.000668955
2.66282e-05
0.00066565
2.60201e-05
0.000662182
2.53921e-05
0.000658564
2.47577e-05
0.000654808
2.41293e-05
0.000650927
2.35177e-05
0.000646932
2.29319e-05
0.000642832
2.23786e-05
0.000638635
2.18622e-05
0.000634347
2.13853e-05
0.000629975
2.09482e-05
0.000625523
2.05498e-05
0.000620994
2.01878e-05
0.000616391
1.98588e-05
0.000611717
1.95589e-05
0.000606973
1.92839e-05
0.000602163
1.90297e-05
0.000597288
1.87925e-05
0.00059235
1.85685e-05
0.000587353
1.83548e-05
0.000582299
1.81487e-05
0.000577191
1.79481e-05
0.000572033
1.77514e-05
0.000566829
1.75573e-05
0.000561581
1.73649e-05
0.000556295
1.71735e-05
0.000550974
1.69829e-05
0.000545622
1.67928e-05
0.000540244
1.66031e-05
0.000534843
1.64138e-05
0.000529425
1.62249e-05
0.000523992
1.60364e-05
0.000518549
1.58485e-05
0.000513101
1.56612e-05
0.00050765
1.54747e-05
0.0005022
1.5289e-05
0.000496755
1.51042e-05
0.000491319
1.49203e-05
0.000485895
1.47376e-05
0.000480485
1.4556e-05
0.000475093
1.43758e-05
0.000469721
1.41969e-05
0.000464372
1.40196e-05
0.000459048
1.38439e-05
0.000453752
1.36701e-05
0.000448485
1.34982e-05
0.000443249
1.33284e-05
0.000438046
1.31608e-05
0.000432877
1.29956e-05
0.000427744
1.2833e-05
0.000422647
1.26729e-05
0.000417587
1.25155e-05
0.000412565
1.23607e-05
0.000407583
1.22082e-05
0.00040264
1.20572e-05
0.000397738
1.19072e-05
0.000392882
1.17602e-05
0.000388042
1.15656e-05
0.000383055
1.20397e-05
1.37827e-05
0.000703016
9.94549e-06
0.000703663
1.1335e-05
0.000704471
1.26832e-05
0.00070537
1.39671e-05
0.00070633
1.51944e-05
0.000707329
1.63718e-05
0.000708349
1.75011e-05
0.000709379
1.85849e-05
0.000710408
1.9627e-05
0.000711433
2.063e-05
0.000712445
2.1595e-05
0.00071344
2.25217e-05
0.000714411
2.34081e-05
0.000715351
2.42515e-05
0.000716252
2.50478e-05
0.000717103
2.5792e-05
0.000717895
2.64786e-05
0.000718616
2.71015e-05
0.000719254
2.76545e-05
0.000719796
2.81314e-05
0.000720231
2.85267e-05
0.000720546
2.88356e-05
0.000720728
2.90545e-05
0.000720769
2.91813e-05
0.000720658
2.92156e-05
0.000720389
2.91593e-05
0.000719956
2.90163e-05
0.000719356
2.87927e-05
0.000718587
2.84966e-05
0.000717651
2.8138e-05
0.000716551
2.77283e-05
0.000715291
2.72799e-05
0.000713878
2.68056e-05
0.000712317
2.6318e-05
0.000710618
2.5829e-05
0.000708786
2.53493e-05
0.00070683
2.4888e-05
0.000704756
2.44526e-05
0.00070257
2.40481e-05
0.000700277
2.3678e-05
0.000697882
2.33438e-05
0.000695386
2.30452e-05
0.000692793
2.27808e-05
0.000690104
2.2548e-05
0.00068732
2.23435e-05
0.00068444
2.21636e-05
0.000681465
2.20045e-05
0.000678395
2.18624e-05
0.00067523
2.17338e-05
0.000671969
2.16156e-05
0.000668613
2.15049e-05
0.000665162
2.13994e-05
0.000661616
2.12973e-05
0.000657976
2.11969e-05
0.000654244
2.10973e-05
0.00065042
2.09973e-05
0.000646507
2.08965e-05
0.000642505
2.07944e-05
0.000638417
2.06906e-05
0.000634246
2.05849e-05
0.000629994
2.04771e-05
0.000625663
2.03672e-05
0.000621257
2.02551e-05
0.000616777
2.01406e-05
0.000612228
2.00238e-05
0.000607612
1.99047e-05
0.000602933
1.97832e-05
0.000598194
1.96594e-05
0.000593399
1.95332e-05
0.00058855
1.94047e-05
0.000583652
1.92741e-05
0.000578707
1.91413e-05
0.00057372
1.90066e-05
0.000568694
1.887e-05
0.000563632
1.87318e-05
0.000558538
1.85921e-05
0.000553416
1.84512e-05
0.000548267
1.83093e-05
0.000543096
1.81666e-05
0.000537906
1.80233e-05
0.000532699
1.78797e-05
0.000527479
1.77359e-05
0.000522247
1.75919e-05
0.000517008
1.74472e-05
0.000511764
1.73014e-05
0.000506518
1.71535e-05
0.000501274
1.70037e-05
0.000496001
1.6839e-05
0.000490704
1.73367e-05
1.78332e-05
0.000725487
9.65915e-06
0.000725974
1.08479e-05
0.000726615
1.20423e-05
0.000727365
1.3217e-05
0.000728195
1.43643e-05
0.000729085
1.54823e-05
0.000730017
1.65688e-05
0.00073098
1.76225e-05
0.000731963
1.86435e-05
0.000732961
1.96318e-05
0.000733969
2.05871e-05
0.000734983
2.15081e-05
0.000735998
2.2393e-05
0.000737011
2.32388e-05
0.000738016
2.40421e-05
0.00073901
2.47985e-05
0.000739985
2.55032e-05
0.000740936
2.6151e-05
0.000741854
2.67364e-05
0.000742731
2.7254e-05
0.000743559
2.7699e-05
0.000744328
2.80668e-05
0.000745028
2.8354e-05
0.000745651
2.85585e-05
0.000746187
2.86793e-05
0.000746629
2.87176e-05
0.000746969
2.86762e-05
0.000747202
2.85599e-05
0.000747323
2.83752e-05
0.000747331
2.81307e-05
0.000747223
2.78359e-05
0.000747001
2.75018e-05
0.000746667
2.71397e-05
0.000746224
2.67611e-05
0.000745676
2.6377e-05
0.000745028
2.59976e-05
0.000744284
2.56319e-05
0.000743449
2.52873e-05
0.000742528
2.49695e-05
0.000741523
2.46824e-05
0.000740439
2.44281e-05
0.000739277
2.42075e-05
0.000738038
2.40197e-05
0.000736723
2.3863e-05
0.000735332
2.37348e-05
0.000733863
2.36321e-05
0.000732316
2.35514e-05
0.000730689
2.34894e-05
0.00072898
2.34428e-05
0.000727187
2.34086e-05
0.000725308
2.33839e-05
0.000723341
2.33664e-05
0.000721284
2.33541e-05
0.000719136
2.33453e-05
0.000716895
2.33387e-05
0.000714559
2.33333e-05
0.000712127
2.33281e-05
0.000709599
2.33225e-05
0.000706973
2.3316e-05
0.00070425
2.33082e-05
0.000701429
2.32986e-05
0.000698509
2.3287e-05
0.000695491
2.3273e-05
0.000692375
2.32566e-05
0.000689162
2.32373e-05
0.000685851
2.3215e-05
0.000682445
2.31896e-05
0.000678943
2.31608e-05
0.000675348
2.31285e-05
0.00067166
2.30925e-05
0.000667882
2.30528e-05
0.000664014
2.30093e-05
0.000660058
2.2962e-05
0.000656017
2.29109e-05
0.000651893
2.2856e-05
0.000647688
2.27974e-05
0.000643404
2.27352e-05
0.000639044
2.26696e-05
0.00063461
2.26006e-05
0.000630104
2.25286e-05
0.00062553
2.24536e-05
0.000620891
2.23757e-05
0.000616188
2.22947e-05
0.000611425
2.22102e-05
0.000606605
2.21213e-05
0.000601732
2.20269e-05
0.000596808
2.19269e-05
0.000591818
2.18295e-05
0.000586884
2.22711e-05
2.15427e-05
0.00074844
9.4117e-06
0.000748839
1.04492e-05
0.000749369
1.15122e-05
0.000750005
1.2581e-05
0.000750725
1.36441e-05
0.000751512
1.46949e-05
0.000752353
1.57283e-05
0.000753234
1.67408e-05
0.000754148
1.77296e-05
0.000755087
1.86929e-05
0.000756045
1.96288e-05
0.000757018
2.0535e-05
0.000758002
2.14092e-05
0.000758993
2.22482e-05
0.000759987
2.30484e-05
0.000760979
2.38059e-05
0.000761966
2.45161e-05
0.000762943
2.51744e-05
0.000763903
2.57757e-05
0.000764842
2.63154e-05
0.000765752
2.67887e-05
0.000766627
2.71917e-05
0.00076746
2.75212e-05
0.000768244
2.77749e-05
0.000768971
2.79519e-05
0.000769636
2.80528e-05
0.000770233
2.80797e-05
0.000770756
2.80366e-05
0.000771202
2.7929e-05
0.000771569
2.77639e-05
0.000771855
2.755e-05
0.00077206
2.72966e-05
0.000772186
2.70139e-05
0.000772235
2.67124e-05
0.000772209
2.64022e-05
0.000772114
2.6093e-05
0.000771952
2.57934e-05
0.000771729
2.55107e-05
0.000771448
2.52508e-05
0.000771112
2.50181e-05
0.000770725
2.48154e-05
0.000770288
2.46439e-05
0.000769804
2.45039e-05
0.000769273
2.43942e-05
0.000768695
2.4313e-05
0.000768069
2.42579e-05
0.000767394
2.42262e-05
0.000766669
2.42148e-05
0.000765891
2.42209e-05
0.000765057
2.42417e-05
0.000764167
2.42746e-05
0.000763216
2.43174e-05
0.000762202
2.43681e-05
0.000761122
2.44251e-05
0.000759974
2.4487e-05
0.000758754
2.45526e-05
0.000757461
2.46211e-05
0.000756092
2.46916e-05
0.000754644
2.47637e-05
0.000753116
2.48366e-05
0.000751505
2.49101e-05
0.000749808
2.49835e-05
0.000748024
2.50567e-05
0.000746152
2.51291e-05
0.000744188
2.52005e-05
0.000742133
2.52705e-05
0.000739984
2.53388e-05
0.00073774
2.54051e-05
0.000735399
2.5469e-05
0.000732961
2.55303e-05
0.000730425
2.55887e-05
0.000727791
2.56441e-05
0.000725056
2.56962e-05
0.000722222
2.57449e-05
0.000719288
2.579e-05
0.000716254
2.58315e-05
0.00071312
2.58694e-05
0.000709886
2.59035e-05
0.000706553
2.5934e-05
0.000703121
2.59607e-05
0.00069959
2.59838e-05
0.000695963
2.60031e-05
0.000692239
2.60183e-05
0.000688421
2.60287e-05
0.000684509
2.6033e-05
0.000680506
2.60297e-05
0.000676415
2.60184e-05
0.000672234
2.601e-05
0.000668137
2.63685e-05
2.47036e-05
0.00077191
9.18624e-06
0.000772252
1.01067e-05
0.000772704
1.10601e-05
0.000773253
1.20325e-05
0.000773884
1.30131e-05
0.000774585
1.39941e-05
0.000775344
1.49692e-05
0.000776151
1.59335e-05
0.000776998
1.68829e-05
0.000777877
1.7814e-05
0.000778782
1.87238e-05
0.000779708
1.96092e-05
0.00078065
2.04672e-05
0.000781604
2.12943e-05
0.000782565
2.20868e-05
0.00078353
2.28407e-05
0.000784495
2.35517e-05
0.000785454
2.42152e-05
0.000786403
2.48268e-05
0.000787336
2.53819e-05
0.000788249
2.58762e-05
0.000789135
2.6306e-05
0.000789988
2.6668e-05
0.000790802
2.69602e-05
0.000791573
2.71813e-05
0.000792294
2.73316e-05
0.000792961
2.74127e-05
0.00079357
2.74276e-05
0.000794118
2.73811e-05
0.000794603
2.72792e-05
0.000795023
2.71292e-05
0.00079538
2.69395e-05
0.000795675
2.67192e-05
0.00079591
2.64776e-05
0.000796088
2.62242e-05
0.000796213
2.59679e-05
0.00079629
2.5717e-05
0.000796322
2.54787e-05
0.000796314
2.52589e-05
0.000796269
2.50623e-05
0.000796192
2.48922e-05
0.000796086
2.47504e-05
0.000795952
2.46377e-05
0.000795792
2.45538e-05
0.000795608
2.44975e-05
0.000795399
2.44671e-05
0.000795165
2.44604e-05
0.000794905
2.44748e-05
0.000794617
2.45081e-05
0.000794301
2.45577e-05
0.000793955
2.46213e-05
0.000793575
2.4697e-05
0.00079316
2.47829e-05
0.000792708
2.48775e-05
0.000792215
2.49795e-05
0.00079168
2.50878e-05
0.000791099
2.52016e-05
0.000790471
2.53201e-05
0.000789792
2.54426e-05
0.00078906
2.55687e-05
0.000788272
2.5698e-05
0.000787426
2.58299e-05
0.000786518
2.59642e-05
0.000785547
2.61004e-05
0.000784509
2.62382e-05
0.000783403
2.63772e-05
0.000782224
2.65171e-05
0.000780972
2.66575e-05
0.000779643
2.67981e-05
0.000778234
2.69386e-05
0.000776745
2.70786e-05
0.000775171
2.72179e-05
0.000773511
2.73562e-05
0.000771763
2.74932e-05
0.000769924
2.76288e-05
0.000767992
2.77628e-05
0.000765967
2.7895e-05
0.000763845
2.80253e-05
0.000761626
2.81535e-05
0.000759307
2.82797e-05
0.000756887
2.84036e-05
0.000754365
2.85249e-05
0.00075174
2.86433e-05
0.000749011
2.87577e-05
0.000746177
2.88667e-05
0.000743239
2.8968e-05
0.000740197
2.906e-05
0.000737062
2.91449e-05
0.000734001
2.94301e-05
2.72294e-05
0.000795949
8.97279e-06
0.000796256
9.79973e-06
0.000796654
1.06615e-05
0.000797138
1.15485e-05
0.000797699
1.24521e-05
0.000798328
1.33649e-05
0.000799017
1.42806e-05
0.000799757
1.51937e-05
0.00080054
1.60994e-05
0.000801361
1.69937e-05
0.000802212
1.78727e-05
0.000803088
1.87327e-05
0.000803985
1.95702e-05
0.000804898
2.03814e-05
0.000805823
2.11623e-05
0.000806754
2.19091e-05
0.000807688
2.26174e-05
0.000808621
2.32829e-05
0.000809546
2.39012e-05
0.00081046
2.4468e-05
0.000811357
2.49793e-05
0.000812232
2.54314e-05
0.000813079
2.58212e-05
0.000813892
2.61465e-05
0.000814668
2.64059e-05
0.0008154
2.65993e-05
0.000816085
2.67278e-05
0.000816719
2.67938e-05
0.000817299
2.6801e-05
0.000817823
2.67546e-05
0.000818292
2.6661e-05
0.000818704
2.65273e-05
0.000819061
2.63617e-05
0.000819366
2.61725e-05
0.000819622
2.59684e-05
0.000819832
2.57577e-05
0.000820001
2.55481e-05
0.000820133
2.53467e-05
0.000820233
2.51594e-05
0.000820304
2.49909e-05
0.000820351
2.48449e-05
0.000820378
2.47238e-05
0.000820387
2.46287e-05
0.000820381
2.45601e-05
0.000820361
2.45173e-05
0.000820329
2.44992e-05
0.000820285
2.45041e-05
0.00082023
2.45301e-05
0.000820163
2.45752e-05
0.000820083
2.46373e-05
0.00081999
2.47144e-05
0.000819882
2.48048e-05
0.000819758
2.49068e-05
0.000819617
2.5019e-05
0.000819456
2.51403e-05
0.000819275
2.52696e-05
0.00081907
2.54063e-05
0.00081884
2.55495e-05
0.000818584
2.56989e-05
0.000818299
2.58539e-05
0.000817983
2.60142e-05
0.000817633
2.61793e-05
0.000817248
2.63491e-05
0.000816826
2.65231e-05
0.000816363
2.67012e-05
0.000815857
2.68829e-05
0.000815306
2.7068e-05
0.000814707
2.72563e-05
0.000814058
2.74474e-05
0.000813355
2.76411e-05
0.000812597
2.78371e-05
0.000811779
2.80352e-05
0.000810901
2.82351e-05
0.000809957
2.84365e-05
0.000808947
2.86394e-05
0.000807866
2.88435e-05
0.000806712
2.90487e-05
0.000805483
2.92548e-05
0.000804174
2.94618e-05
0.000802785
2.96695e-05
0.00080131
2.98777e-05
0.000799749
3.00861e-05
0.000798098
3.02942e-05
0.000796355
3.0501e-05
0.000794517
3.07046e-05
0.000792583
3.09022e-05
0.000790553
3.10904e-05
0.000788439
3.12581e-05
0.000786375
3.14947e-05
2.9142e-05
0.000820594
8.7665e-06
0.000820877
9.51674e-06
0.000821237
1.03013e-05
0.000821672
1.11137e-05
0.000822177
1.19471e-05
0.000822746
1.27955e-05
0.000823374
1.36529e-05
0.000824054
1.45141e-05
0.000824779
1.53742e-05
0.000825544
1.62287e-05
0.000826343
1.70735e-05
0.000827171
1.79046e-05
0.000828023
1.8718e-05
0.000828895
1.95098e-05
0.000829781
2.0276e-05
0.000830678
2.10124e-05
0.00083158
2.1715e-05
0.000832484
2.23793e-05
0.000833384
2.30013e-05
0.000834275
2.35767e-05
0.000835153
2.41017e-05
0.000836011
2.45726e-05
0.000836846
2.49865e-05
0.000837651
2.53411e-05
0.000838423
2.56347e-05
0.000839155
2.58669e-05
0.000839845
2.60383e-05
0.000840488
2.61507e-05
0.000841082
2.62072e-05
0.000841624
2.62119e-05
0.000842115
2.61702e-05
0.000842554
2.60885e-05
0.000842942
2.59737e-05
0.000843281
2.58335e-05
0.000843574
2.56756e-05
0.000843824
2.55076e-05
0.000844035
2.53368e-05
0.000844212
2.51699e-05
0.000844359
2.50127e-05
0.00084448
2.487e-05
0.000844579
2.47457e-05
0.00084466
2.46425e-05
0.000844727
2.4562e-05
0.000844782
2.45052e-05
0.000844827
2.44719e-05
0.000844865
2.44614e-05
0.000844896
2.44727e-05
0.000844922
2.45042e-05
0.000844943
2.45544e-05
0.000844959
2.46214e-05
0.00084497
2.47037e-05
0.000844975
2.47996e-05
0.000844974
2.49077e-05
0.000844966
2.50267e-05
0.000844951
2.51557e-05
0.000844927
2.52937e-05
0.000844893
2.544e-05
0.000844849
2.5594e-05
0.000844792
2.57553e-05
0.000844723
2.59234e-05
0.000844639
2.60982e-05
0.000844539
2.62792e-05
0.000844422
2.64663e-05
0.000844286
2.66592e-05
0.000844129
2.68578e-05
0.00084395
2.70618e-05
0.000843747
2.72711e-05
0.000843518
2.74855e-05
0.00084326
2.77047e-05
0.000842973
2.79287e-05
0.000842653
2.81573e-05
0.000842298
2.83902e-05
0.000841905
2.86274e-05
0.000841473
2.88687e-05
0.000840999
2.9114e-05
0.000840479
2.93633e-05
0.000839911
2.96165e-05
0.000839292
2.98736e-05
0.00083862
3.01344e-05
0.00083789
3.0399e-05
0.000837101
3.06672e-05
0.000836248
3.09388e-05
0.000835329
3.12133e-05
0.00083434
3.14896e-05
0.000833279
3.1766e-05
0.000832142
3.20389e-05
0.00083093
3.23029e-05
0.000829653
3.2535e-05
0.000828401
3.27463e-05
3.05329e-05
0.00084588
8.56453e-06
0.000846146
9.25049e-06
0.000846478
9.96926e-06
0.000846875
1.07163e-05
0.000847336
1.14866e-05
0.000847856
1.22752e-05
0.000848432
1.3077e-05
0.000849059
1.38873e-05
0.000849731
1.47014e-05
0.000850445
1.5515e-05
0.000851195
1.63237e-05
0.000851976
1.71234e-05
0.000852784
1.79101e-05
0.000853614
1.86798e-05
0.000854462
1.94284e-05
0.000855323
2.01517e-05
0.000856192
2.08456e-05
0.000857065
2.15059e-05
0.000857938
2.21286e-05
0.000858805
2.27096e-05
0.000859662
2.32451e-05
0.000860503
2.37317e-05
0.000861323
2.41662e-05
0.000862118
2.45464e-05
0.000862882
2.48704e-05
0.000863611
2.51376e-05
0.000864302
2.5348e-05
0.000864949
2.55029e-05
0.000865552
2.56047e-05
0.000866107
2.56568e-05
0.000866613
2.56638e-05
0.000867071
2.56309e-05
0.00086748
2.55643e-05
0.000867843
2.54707e-05
0.000868162
2.53571e-05
0.000868439
2.52304e-05
0.000868678
2.50974e-05
0.000868884
2.49644e-05
0.000869059
2.4837e-05
0.000869209
2.47201e-05
0.000869337
2.46175e-05
0.000869448
2.45322e-05
0.000869543
2.44663e-05
0.000869628
2.4421e-05
0.000869703
2.43966e-05
0.000869771
2.43931e-05
0.000869834
2.44096e-05
0.000869893
2.44451e-05
0.00086995
2.44983e-05
0.000870003
2.45679e-05
0.000870055
2.46523e-05
0.000870104
2.47503e-05
0.000870151
2.48605e-05
0.000870196
2.49819e-05
0.000870238
2.51135e-05
0.000870277
2.52545e-05
0.000870313
2.54042e-05
0.000870345
2.55622e-05
0.000870372
2.57279e-05
0.000870394
2.59012e-05
0.000870411
2.60816e-05
0.000870421
2.6269e-05
0.000870424
2.64633e-05
0.000870419
2.66642e-05
0.000870405
2.68717e-05
0.000870382
2.70856e-05
0.000870347
2.73059e-05
0.0008703
2.75323e-05
0.00087024
2.7765e-05
0.000870165
2.80037e-05
0.000870074
2.82484e-05
0.000869965
2.8499e-05
0.000869837
2.87556e-05
0.000869687
2.90181e-05
0.000869515
2.92865e-05
0.000869317
2.95609e-05
0.000869092
2.98414e-05
0.000868838
3.01279e-05
0.000868552
3.04206e-05
0.000868231
3.07196e-05
0.000867873
3.10249e-05
0.000867476
3.13363e-05
0.000867036
3.16535e-05
0.00086655
3.19755e-05
0.000866015
3.23006e-05
0.000865429
3.26249e-05
0.000864791
3.29411e-05
0.000864109
3.32174e-05
0.000863435
3.34202e-05
3.15214e-05
0.000871836
8.36529e-06
0.00087209
8.99646e-06
0.000872401
9.65849e-06
0.000872769
1.03482e-05
0.000873194
1.10619e-05
0.000873673
1.17957e-05
0.000874205
1.25454e-05
0.000874785
1.33069e-05
0.000875411
1.40759e-05
0.000876077
1.48483e-05
0.000876781
1.562e-05
0.000877518
1.63869e-05
0.000878283
1.71452e-05
0.000879072
1.78906e-05
0.000879881
1.86192e-05
0.000880706
1.93269e-05
0.000881542
2.00096e-05
0.000882384
2.06633e-05
0.000883229
2.1284e-05
0.000884071
2.18677e-05
0.000884906
2.24107e-05
0.000885728
2.29097e-05
0.000886532
2.33615e-05
0.000887315
2.37638e-05
0.000888071
2.41146e-05
0.000888795
2.4413e-05
0.000889484
2.46587e-05
0.000890135
2.48524e-05
0.000890744
2.49959e-05
0.000891309
2.5092e-05
0.000891828
2.51442e-05
0.000892302
2.51573e-05
0.00089273
2.51364e-05
0.000893113
2.50874e-05
0.000893454
2.50165e-05
0.000893754
2.493e-05
0.000894017
2.48342e-05
0.000894247
2.47349e-05
0.000894446
2.46374e-05
0.00089462
2.45466e-05
0.000894771
2.44664e-05
0.000894903
2.43999e-05
0.00089502
2.43495e-05
0.000895124
2.43166e-05
0.000895219
2.4302e-05
0.000895306
2.43061e-05
0.000895387
2.43283e-05
0.000895464
2.43681e-05
0.000895538
2.44244e-05
0.00089561
2.44963e-05
0.000895679
2.45824e-05
0.000895748
2.46817e-05
0.000895815
2.4793e-05
0.000895882
2.49154e-05
0.000895947
2.5048e-05
0.000896012
2.51901e-05
0.000896075
2.5341e-05
0.000896137
2.55002e-05
0.000896197
2.56675e-05
0.000896256
2.58424e-05
0.000896313
2.60248e-05
0.000896367
2.62144e-05
0.00089642
2.64112e-05
0.000896469
2.6615e-05
0.000896515
2.68257e-05
0.000896557
2.70434e-05
0.000896595
2.72678e-05
0.000896628
2.7499e-05
0.000896656
2.77371e-05
0.000896678
2.79818e-05
0.000896693
2.82334e-05
0.0008967
2.84918e-05
0.000896699
2.8757e-05
0.000896688
2.90293e-05
0.000896666
2.93085e-05
0.000896631
2.9595e-05
0.000896584
2.98889e-05
0.000896521
3.01904e-05
0.000896442
3.04996e-05
0.000896345
3.08169e-05
0.000896228
3.11423e-05
0.000896088
3.14758e-05
0.000895924
3.18173e-05
0.000895734
3.21659e-05
0.000895515
3.25199e-05
0.000895264
3.28754e-05
0.000894982
3.32234e-05
0.000894672
3.35275e-05
0.000894359
3.37328e-05
3.22224e-05
0.000898492
8.16788e-06
0.000898737
8.75166e-06
0.000899031
9.36424e-06
0.000899376
1.00034e-05
0.000899772
1.06664e-05
0.000900217
1.13503e-05
0.000900711
1.20516e-05
0.000901251
1.27668e-05
0.000901834
1.34923e-05
0.000902458
1.42243e-05
0.000903119
1.4959e-05
0.000903814
1.56926e-05
0.000904538
1.64212e-05
0.000905287
1.71409e-05
0.000906059
1.78477e-05
0.000906848
1.85378e-05
0.00090765
1.92072e-05
0.000908462
1.98519e-05
0.000909278
2.04679e-05
0.000910094
2.10516e-05
0.000910905
2.15993e-05
0.000911707
2.21076e-05
0.000912495
2.25736e-05
0.000913264
2.29946e-05
0.00091401
2.33688e-05
0.000914728
2.36948e-05
0.000915415
2.3972e-05
0.000916067
2.42009e-05
0.00091668
2.43825e-05
0.000917253
2.45191e-05
0.000917784
2.46135e-05
0.000918271
2.46696e-05
0.000918716
2.46918e-05
0.000919118
2.46853e-05
0.000919479
2.46555e-05
0.000919801
2.4608e-05
0.000920087
2.45486e-05
0.000920339
2.44827e-05
0.000920561
2.44154e-05
0.000920756
2.43512e-05
0.000920929
2.42941e-05
0.000921081
2.42473e-05
0.000921217
2.42134e-05
0.00092134
2.41941e-05
0.000921451
2.41905e-05
0.000921554
2.42032e-05
0.00092165
2.42322e-05
0.000921741
2.42771e-05
0.000921828
2.43374e-05
0.000921913
2.44122e-05
0.000921995
2.45005e-05
0.000922075
2.46014e-05
0.000922154
2.47139e-05
0.000922232
2.48373e-05
0.00092231
2.49707e-05
0.000922386
2.51134e-05
0.000922462
2.52649e-05
0.000922538
2.54248e-05
0.000922613
2.55926e-05
0.000922687
2.57681e-05
0.00092276
2.59512e-05
0.000922833
2.61415e-05
0.000922906
2.63391e-05
0.000922977
2.65437e-05
0.000923047
2.67555e-05
0.000923116
2.69743e-05
0.000923184
2.72e-05
0.00092325
2.74328e-05
0.000923315
2.76726e-05
0.000923377
2.79195e-05
0.000923437
2.81735e-05
0.000923494
2.84347e-05
0.000923548
2.87033e-05
0.000923598
2.89793e-05
0.000923643
2.9263e-05
0.000923684
2.95546e-05
0.000923718
2.98543e-05
0.000923746
3.01624e-05
0.000923767
3.04792e-05
0.000923779
3.08051e-05
0.000923781
3.11402e-05
0.000923772
3.14848e-05
0.00092375
3.18388e-05
0.000923715
3.22014e-05
0.000923663
3.25711e-05
0.000923595
3.29438e-05
0.000923509
3.33098e-05
0.000923405
3.36311e-05
0.000923291
3.38469e-05
3.27281e-05
0.000925875
7.9718e-06
0.000926113
8.51411e-06
0.000926394
9.0832e-06
0.00092672
9.67751e-06
0.000927091
1.02951e-05
0.000927508
1.09335e-05
0.000927969
1.15902e-05
0.000928474
1.22621e-05
0.00092902
1.29462e-05
0.000929605
1.36391e-05
0.000930227
1.43375e-05
0.000930882
1.50377e-05
0.000931567
1.57362e-05
0.000932279
1.64292e-05
0.000933013
1.7113e-05
0.000933767
1.77839e-05
0.000934536
1.8438e-05
0.000935317
1.90716e-05
0.000936104
1.96808e-05
0.000936894
2.02619e-05
0.000937681
2.08115e-05
0.000938463
2.13263e-05
0.000939233
2.18033e-05
0.000939988
2.22399e-05
0.000940722
2.2634e-05
0.000941433
2.29841e-05
0.000942116
2.32894e-05
0.000942767
2.35499e-05
0.000943383
2.37661e-05
0.000943962
2.39398e-05
0.000944503
2.40732e-05
0.000945003
2.41694e-05
0.000945462
2.42322e-05
0.000945882
2.42659e-05
0.000946262
2.42754e-05
0.000946604
2.42657e-05
0.000946911
2.42418e-05
0.000947185
2.42089e-05
0.000947429
2.41716e-05
0.000947646
2.41343e-05
0.000947839
2.4101e-05
0.000948011
2.40747e-05
0.000948166
2.40583e-05
0.000948307
2.40537e-05
0.000948435
2.40622e-05
0.000948553
2.40847e-05
0.000948664
2.41216e-05
0.000948768
2.41728e-05
0.000948868
2.42379e-05
0.000948963
2.43165e-05
0.000949056
2.44077e-05
0.000949147
2.45109e-05
0.000949235
2.46252e-05
0.000949323
2.47499e-05
0.000949409
2.48843e-05
0.000949495
2.5028e-05
0.000949579
2.51802e-05
0.000949663
2.53407e-05
0.000949747
2.55091e-05
0.00094983
2.56851e-05
0.000949913
2.58685e-05
0.000949995
2.60592e-05
0.000950077
2.62571e-05
0.000950159
2.6462e-05
0.00095024
2.66741e-05
0.000950321
2.68931e-05
0.000950402
2.71192e-05
0.000950482
2.73524e-05
0.000950562
2.75926e-05
0.000950642
2.784e-05
0.000950721
2.80947e-05
0.000950799
2.83567e-05
0.000950876
2.86263e-05
0.000950951
2.89036e-05
0.000951026
2.91888e-05
0.000951098
2.94822e-05
0.000951168
2.97841e-05
0.000951236
3.00949e-05
0.0009513
3.04148e-05
0.000951361
3.07444e-05
0.000951417
3.1084e-05
0.000951468
3.14338e-05
0.000951513
3.17938e-05
0.000951551
3.21635e-05
0.000951581
3.25413e-05
0.000951601
3.29233e-05
0.000951612
3.32994e-05
0.00095161
3.36329e-05
0.000951591
3.38662e-05
3.3103e-05
0.000954011
7.7768e-06
0.000954243
8.28245e-06
0.000954513
8.81296e-06
0.000954824
9.36725e-06
0.000955175
9.94388e-06
0.000955567
1.05411e-05
0.000956001
1.11567e-05
0.000956475
1.17883e-05
0.000956988
1.24333e-05
0.000957538
1.30889e-05
0.000958123
1.37519e-05
0.000958742
1.44193e-05
0.00095939
1.50877e-05
0.000960066
1.57536e-05
0.000960765
1.64137e-05
0.000961485
1.70642e-05
0.000962221
1.77016e-05
0.000962971
1.83222e-05
0.000963729
1.89225e-05
0.000964492
1.94988e-05
0.000965256
2.00479e-05
0.000966015
2.05665e-05
0.000966767
2.10516e-05
0.000967506
2.15006e-05
0.000968229
2.19114e-05
0.000968931
2.22823e-05
0.000969608
2.26122e-05
0.000970257
2.29008e-05
0.000970875
2.31483e-05
0.000971459
2.33557e-05
0.000972007
2.35249e-05
0.000972518
2.36583e-05
0.000972991
2.3759e-05
0.000973426
2.38308e-05
0.000973824
2.38777e-05
0.000974186
2.39042e-05
0.000974512
2.39148e-05
0.000974807
2.39142e-05
0.000975072
2.39067e-05
0.00097531
2.38965e-05
0.000975523
2.38873e-05
0.000975716
2.38823e-05
0.00097589
2.38843e-05
0.000976048
2.38953e-05
0.000976194
2.3917e-05
0.000976328
2.39505e-05
0.000976453
2.39964e-05
0.000976571
2.40548e-05
0.000976683
2.41258e-05
0.000976791
2.42091e-05
0.000976894
2.4304e-05
0.000976995
2.44102e-05
0.000977093
2.45269e-05
0.00097719
2.46535e-05
0.000977284
2.47895e-05
0.000977378
2.49344e-05
0.00097747
2.50878e-05
0.000977562
2.52491e-05
0.000977653
2.54182e-05
0.000977743
2.55949e-05
0.000977833
2.57788e-05
0.000977922
2.59699e-05
0.000978011
2.61681e-05
0.0009781
2.63733e-05
0.000978188
2.65855e-05
0.000978277
2.68047e-05
0.000978365
2.70309e-05
0.000978453
2.72641e-05
0.000978541
2.75044e-05
0.000978629
2.77519e-05
0.000978717
2.80066e-05
0.000978805
2.82688e-05
0.000978893
2.85386e-05
0.000978981
2.88161e-05
0.000979068
2.91018e-05
0.000979154
2.93957e-05
0.00097924
2.96984e-05
0.000979324
3.00102e-05
0.000979408
3.03314e-05
0.00097949
3.06626e-05
0.000979569
3.10042e-05
0.000979647
3.13564e-05
0.000979721
3.17195e-05
0.000979792
3.20929e-05
0.000979858
3.24753e-05
0.000979918
3.28628e-05
0.000979972
3.32456e-05
0.000980015
3.359e-05
0.000980034
3.38469e-05
3.33879e-05
0.000982927
7.58278e-06
0.000983154
8.05574e-06
0.000983415
8.55178e-06
0.000983712
9.07017e-06
0.000984046
9.60985e-06
0.000984418
1.01695e-05
0.000984827
1.07474e-05
0.000985274
1.13416e-05
0.000985757
1.195e-05
0.000986276
1.25701e-05
0.000986828
1.31993e-05
0.000987413
1.38347e-05
0.000988027
1.44734e-05
0.000988669
1.51123e-05
0.000989334
1.5748e-05
0.000990021
1.63774e-05
0.000990726
1.69969e-05
0.000991445
1.76032e-05
0.000992174
1.81928e-05
0.000992911
1.87624e-05
0.00099365
1.93087e-05
0.000994388
1.98285e-05
0.00099512
2.03191e-05
0.000995843
2.07776e-05
0.000996553
2.12021e-05
0.000997245
2.15906e-05
0.000997915
2.19418e-05
0.000998561
2.22552e-05
0.000999178
2.25305e-05
0.000999766
2.27685e-05
0.00100032
2.29704e-05
0.00100084
2.3138e-05
0.00100133
2.3274e-05
0.00100177
2.33815e-05
0.00100219
2.34638e-05
0.00100257
2.35249e-05
0.00100291
2.35688e-05
0.00100323
2.35997e-05
0.00100351
2.36216e-05
0.00100377
2.36383e-05
0.00100401
2.36535e-05
0.00100422
2.36702e-05
0.00100441
2.36913e-05
0.00100459
2.37188e-05
0.00100475
2.37547e-05
0.0010049
2.38002e-05
0.00100504
2.3856e-05
0.00100517
2.39228e-05
0.0010053
2.40006e-05
0.00100542
2.40894e-05
0.00100553
2.4189e-05
0.00100564
2.42989e-05
0.00100575
2.44186e-05
0.00100586
2.45478e-05
0.00100596
2.46859e-05
0.00100606
2.48326e-05
0.00100616
2.49874e-05
0.00100626
2.515e-05
0.00100636
2.53202e-05
0.00100646
2.54977e-05
0.00100655
2.56824e-05
0.00100665
2.58741e-05
0.00100675
2.60728e-05
0.00100684
2.62784e-05
0.00100693
2.64909e-05
0.00100703
2.67102e-05
0.00100712
2.69366e-05
0.00100722
2.71698e-05
0.00100731
2.74102e-05
0.00100741
2.76576e-05
0.0010075
2.79124e-05
0.00100759
2.81745e-05
0.00100769
2.84443e-05
0.00100778
2.87218e-05
0.00100788
2.90075e-05
0.00100797
2.93017e-05
0.00100807
2.96046e-05
0.00100816
2.99168e-05
0.00100825
3.02386e-05
0.00100834
3.05706e-05
0.00100843
3.09133e-05
0.00100852
3.1267e-05
0.00100861
3.16319e-05
0.0010087
3.20078e-05
0.00100878
3.23933e-05
0.00100886
3.27849e-05
0.00100893
3.31734e-05
0.00100899
3.35295e-05
0.00100902
3.38151e-05
3.36075e-05
0.00101265
7.38973e-06
0.00101287
7.83334e-06
0.00101312
8.29839e-06
0.00101341
8.78439e-06
0.00101373
9.29059e-06
0.00101408
9.81598e-06
0.00101447
1.03593e-05
0.00101489
1.09189e-05
0.00101535
1.14931e-05
0.00101584
1.20797e-05
0.00101636
1.26766e-05
0.00101692
1.32813e-05
0.0010175
1.3891e-05
0.00101811
1.45031e-05
0.00101874
1.51145e-05
0.0010194
1.57222e-05
0.00102007
1.6323e-05
0.00102076
1.69138e-05
0.00102146
1.74913e-05
0.00102217
1.80524e-05
0.00102289
1.85939e-05
0.0010236
1.91127e-05
0.00102432
1.96062e-05
0.00102502
2.00716e-05
0.00102572
2.05068e-05
0.0010264
2.09098e-05
0.00102706
2.12793e-05
0.0010277
2.16142e-05
0.00102832
2.19142e-05
0.00102891
2.21796e-05
0.00102947
2.24111e-05
0.00102999
2.26101e-05
0.00103049
2.27787e-05
0.00103095
2.29194e-05
0.00103138
2.30351e-05
0.00103178
2.31291e-05
0.00103214
2.32049e-05
0.00103247
2.32664e-05
0.00103278
2.3317e-05
0.00103305
2.33604e-05
0.00103331
2.34e-05
0.00103354
2.34388e-05
0.00103375
2.34795e-05
0.00103395
2.35243e-05
0.00103413
2.35751e-05
0.00103429
2.36335e-05
0.00103445
2.37003e-05
0.00103459
2.37763e-05
0.00103473
2.38619e-05
0.00103487
2.39572e-05
0.00103499
2.40621e-05
0.00103512
2.41765e-05
0.00103523
2.43e-05
0.00103535
2.44324e-05
0.00103546
2.45731e-05
0.00103557
2.47221e-05
0.00103568
2.48788e-05
0.00103579
2.5043e-05
0.00103589
2.52146e-05
0.001036
2.53933e-05
0.0010361
2.5579e-05
0.0010362
2.57715e-05
0.00103631
2.59709e-05
0.00103641
2.61771e-05
0.00103651
2.63901e-05
0.00103661
2.66098e-05
0.00103671
2.68364e-05
0.00103681
2.70698e-05
0.00103691
2.73103e-05
0.00103701
2.75578e-05
0.00103711
2.78125e-05
0.00103721
2.80747e-05
0.00103731
2.83444e-05
0.00103741
2.8622e-05
0.00103751
2.89078e-05
0.00103761
2.9202e-05
0.00103771
2.95051e-05
0.00103781
2.98175e-05
0.0010379
3.01398e-05
0.001038
3.04723e-05
0.0010381
3.08158e-05
0.0010382
3.11706e-05
0.00103829
3.15371e-05
0.00103838
3.1915e-05
0.00103847
3.23033e-05
0.00103856
3.26988e-05
0.00103864
3.30933e-05
0.00103871
3.34626e-05
0.00103874
3.37804e-05
3.37765e-05
0.0010432
7.1977e-06
0.00104342
7.61478e-06
0.00104367
8.0518e-06
0.00104394
8.50846e-06
0.00104425
8.98423e-06
0.00104459
9.47836e-06
0.00104496
9.98985e-06
0.00104536
1.05175e-05
0.00104579
1.10597e-05
0.00104626
1.1615e-05
0.00104675
1.21812e-05
0.00104728
1.27564e-05
0.00104783
1.33381e-05
0.00104841
1.39239e-05
0.00104901
1.45111e-05
0.00104964
1.5097e-05
0.00105028
1.56787e-05
0.00105094
1.62531e-05
0.00105162
1.68174e-05
0.0010523
1.73685e-05
0.00105299
1.79034e-05
0.00105368
1.84192e-05
0.00105438
1.89133e-05
0.00105506
1.93832e-05
0.00105574
1.98264e-05
0.00105641
2.02411e-05
0.00105707
2.06258e-05
0.0010577
2.09792e-05
0.00105832
2.13008e-05
0.0010589
2.15905e-05
0.00105947
2.18486e-05
0.00106
2.20761e-05
0.00106051
2.22747e-05
0.00106098
2.24462e-05
0.00106142
2.2593e-05
0.00106183
2.27181e-05
0.00106221
2.28244e-05
0.00106256
2.29153e-05
0.00106289
2.29939e-05
0.00106318
2.30636e-05
0.00106346
2.31274e-05
0.00106371
2.31884e-05
0.00106394
2.3249e-05
0.00106415
2.33117e-05
0.00106435
2.33782e-05
0.00106453
2.34502e-05
0.0010647
2.35288e-05
0.00106486
2.3615e-05
0.00106501
2.37092e-05
0.00106516
2.38118e-05
0.0010653
2.3923e-05
0.00106543
2.40426e-05
0.00106556
2.41705e-05
0.00106569
2.43067e-05
0.00106581
2.44507e-05
0.00106593
2.46024e-05
0.00106605
2.47614e-05
0.00106616
2.49277e-05
0.00106628
2.51011e-05
0.00106639
2.52813e-05
0.0010665
2.54683e-05
0.00106661
2.5662e-05
0.00106672
2.58623e-05
0.00106683
2.60693e-05
0.00106693
2.62829e-05
0.00106704
2.65032e-05
0.00106715
2.67302e-05
0.00106725
2.69639e-05
0.00106736
2.72046e-05
0.00106746
2.74523e-05
0.00106757
2.77072e-05
0.00106767
2.79694e-05
0.00106778
2.82392e-05
0.00106788
2.85169e-05
0.00106799
2.88027e-05
0.00106809
2.90971e-05
0.0010682
2.94003e-05
0.0010683
2.9713e-05
0.00106841
3.00357e-05
0.00106851
3.03689e-05
0.00106861
3.07131e-05
0.00106871
3.1069e-05
0.00106881
3.14369e-05
0.00106891
3.18169e-05
0.00106901
3.2208e-05
0.0010691
3.26077e-05
0.00106918
3.30089e-05
0.00106925
3.33929e-05
0.00106929
3.37448e-05
3.39041e-05
0.00107461
7.00678e-06
0.00107483
7.39976e-06
0.00107507
7.81131e-06
0.00107534
8.24126e-06
0.00107563
8.68925e-06
0.00107595
9.15475e-06
0.00107631
9.637e-06
0.00107669
1.0135e-05
0.0010771
1.06476e-05
0.00107754
1.11734e-05
0.00107801
1.17107e-05
0.00107851
1.22577e-05
0.00107904
1.28125e-05
0.00107959
1.33728e-05
0.00108016
1.39363e-05
0.00108076
1.45004e-05
0.00108138
1.50626e-05
0.00108201
1.56201e-05
0.00108266
1.61701e-05
0.00108332
1.671e-05
0.00108398
1.72368e-05
0.00108465
1.77479e-05
0.00108533
1.82407e-05
0.001086
1.87126e-05
0.00108666
1.91614e-05
0.00108732
1.95851e-05
0.00108796
1.99822e-05
0.00108859
2.03513e-05
0.0010892
2.06915e-05
0.00108979
2.10025e-05
0.00109035
2.12843e-05
0.00109089
2.15376e-05
0.0010914
2.17634e-05
0.00109188
2.19633e-05
0.00109234
2.21392e-05
0.00109276
2.22934e-05
0.00109316
2.24286e-05
0.00109353
2.25476e-05
0.00109387
2.26533e-05
0.00109418
2.27486e-05
0.00109447
2.28364e-05
0.00109474
2.29195e-05
0.00109499
2.30004e-05
0.00109522
2.30812e-05
0.00109543
2.3164e-05
0.00109563
2.32503e-05
0.00109582
2.33415e-05
0.001096
2.34386e-05
0.00109616
2.35422e-05
0.00109632
2.3653e-05
0.00109648
2.37711e-05
0.00109662
2.38967e-05
0.00109676
2.40298e-05
0.0010969
2.41703e-05
0.00109703
2.43181e-05
0.00109716
2.4473e-05
0.00109729
2.4635e-05
0.00109741
2.48038e-05
0.00109753
2.49792e-05
0.00109765
2.51613e-05
0.00109777
2.53499e-05
0.00109789
2.5545e-05
0.001098
2.57466e-05
0.00109812
2.59546e-05
0.00109823
2.6169e-05
0.00109835
2.639e-05
0.00109846
2.66176e-05
0.00109857
2.68519e-05
0.00109868
2.7093e-05
0.00109879
2.7341e-05
0.0010989
2.75961e-05
0.00109901
2.78585e-05
0.00109913
2.81285e-05
0.00109924
2.84063e-05
0.00109935
2.86923e-05
0.00109946
2.89868e-05
0.00109957
2.92904e-05
0.00109968
2.96034e-05
0.00109979
2.99265e-05
0.00109989
3.02603e-05
0.0011
3.06054e-05
0.00110011
3.09625e-05
0.00110021
3.1332e-05
0.00110032
3.17141e-05
0.00110042
3.21082e-05
0.00110051
3.25124e-05
0.0011006
3.29211e-05
0.00110067
3.3321e-05
0.00110071
3.37074e-05
3.39968e-05
0.00110691
6.81707e-06
0.00110712
7.18804e-06
0.00110736
7.57633e-06
0.00110762
7.98187e-06
0.0011079
8.40445e-06
0.00110821
8.84367e-06
0.00110855
9.29897e-06
0.00110891
9.76959e-06
0.00110931
1.02546e-05
0.00110973
1.07528e-05
0.00111018
1.12628e-05
0.00111065
1.17832e-05
0.00111115
1.23122e-05
0.00111168
1.28478e-05
0.00111222
1.33881e-05
0.00111279
1.39307e-05
0.00111338
1.44733e-05
0.00111399
1.50135e-05
0.00111461
1.55487e-05
0.00111524
1.60764e-05
0.00111589
1.65939e-05
0.00111654
1.70986e-05
0.00111719
1.75882e-05
0.00111784
1.80601e-05
0.00111849
1.85122e-05
0.00111913
1.89426e-05
0.00111977
1.93494e-05
0.00112039
1.97314e-05
0.00112099
2.00874e-05
0.00112158
2.04169e-05
0.00112214
2.07196e-05
0.00112268
2.09959e-05
0.0011232
2.12464e-05
0.00112369
2.14722e-05
0.00112415
2.16749e-05
0.00112459
2.18563e-05
0.001125
2.20187e-05
0.00112538
2.21645e-05
0.00112574
2.22962e-05
0.00112607
2.24164e-05
0.00112638
2.25277e-05
0.00112667
2.26327e-05
0.00112694
2.27338e-05
0.00112718
2.28331e-05
0.00112742
2.29325e-05
0.00112763
2.30337e-05
0.00112784
2.31381e-05
0.00112803
2.32468e-05
0.00112821
2.33607e-05
0.00112838
2.34803e-05
0.00112855
2.36061e-05
0.0011287
2.37383e-05
0.00112886
2.38772e-05
0.001129
2.40228e-05
0.00112915
2.4175e-05
0.00112929
2.43337e-05
0.00112942
2.4499e-05
0.00112956
2.46706e-05
0.00112969
2.48487e-05
0.00112982
2.5033e-05
0.00112994
2.52235e-05
0.00113007
2.54203e-05
0.00113019
2.56234e-05
0.00113031
2.58326e-05
0.00113043
2.60482e-05
0.00113055
2.62701e-05
0.00113067
2.64985e-05
0.00113079
2.67334e-05
0.00113091
2.69751e-05
0.00113103
2.72235e-05
0.00113114
2.7479e-05
0.00113126
2.77418e-05
0.00113138
2.8012e-05
0.00113149
2.82901e-05
0.00113161
2.85763e-05
0.00113172
2.88711e-05
0.00113184
2.9175e-05
0.00113195
2.94885e-05
0.00113207
2.98121e-05
0.00113218
3.01466e-05
0.00113229
3.04926e-05
0.00113241
3.08509e-05
0.00113252
3.12221e-05
0.00113262
3.16065e-05
0.00113273
3.2004e-05
0.00113283
3.24131e-05
0.00113292
3.28301e-05
0.00113299
3.32466e-05
0.00113303
3.36669e-05
3.40595e-05
0.00114012
6.62869e-06
0.00114033
6.97948e-06
0.00114056
7.34644e-06
0.00114081
7.7296e-06
0.00114109
8.12883e-06
0.00114139
8.54387e-06
0.00114171
8.97431e-06
0.00114206
9.41955e-06
0.00114244
9.87886e-06
0.00114284
1.03513e-05
0.00114326
1.08357e-05
0.00114372
1.13309e-05
0.00114419
1.18352e-05
0.00114469
1.23472e-05
0.00114522
1.28649e-05
0.00114576
1.33864e-05
0.00114633
1.39096e-05
0.00114691
1.44323e-05
0.0011475
1.49521e-05
0.00114811
1.54668e-05
0.00114873
1.59739e-05
0.00114936
1.6471e-05
0.00114999
1.69558e-05
0.00115063
1.74259e-05
0.00115126
1.78793e-05
0.00115189
1.8314e-05
0.00115251
1.87282e-05
0.00115312
1.91204e-05
0.00115372
1.94896e-05
0.0011543
1.98349e-05
0.00115486
2.01559e-05
0.00115541
2.04525e-05
0.00115593
2.07251e-05
0.00115643
2.09744e-05
0.0011569
2.12017e-05
0.00115735
2.14083e-05
0.00115777
2.15962e-05
0.00115817
2.17672e-05
0.00115854
2.19237e-05
0.00115889
2.20679e-05
0.00115921
2.22021e-05
0.00115952
2.23287e-05
0.0011598
2.24499e-05
0.00116007
2.25677e-05
0.00116032
2.26841e-05
0.00116055
2.28006e-05
0.00116077
2.29187e-05
0.00116098
2.30396e-05
0.00116117
2.31643e-05
0.00116136
2.32934e-05
0.00116154
2.34276e-05
0.00116171
2.35672e-05
0.00116187
2.37125e-05
0.00116203
2.38637e-05
0.00116219
2.40208e-05
0.00116234
2.41839e-05
0.00116248
2.4353e-05
0.00116262
2.4528e-05
0.00116276
2.4709e-05
0.0011629
2.48959e-05
0.00116304
2.50887e-05
0.00116317
2.52875e-05
0.0011633
2.54923e-05
0.00116343
2.57031e-05
0.00116356
2.592e-05
0.00116369
2.61431e-05
0.00116381
2.63725e-05
0.00116394
2.66082e-05
0.00116406
2.68506e-05
0.00116418
2.70996e-05
0.00116431
2.73557e-05
0.00116443
2.76188e-05
0.00116455
2.78895e-05
0.00116468
2.81679e-05
0.0011648
2.84545e-05
0.00116492
2.87497e-05
0.00116504
2.9054e-05
0.00116516
2.9368e-05
0.00116528
2.96922e-05
0.0011654
3.00275e-05
0.00116552
3.03746e-05
0.00116563
3.07342e-05
0.00116575
3.11072e-05
0.00116586
3.14941e-05
0.00116597
3.18951e-05
0.00116607
3.23095e-05
0.00116617
3.27354e-05
0.00116625
3.31689e-05
0.00116629
3.36215e-05
3.4096e-05
0.00117427
6.44177e-06
0.00117448
6.77396e-06
0.0011747
7.12131e-06
0.00117495
7.48386e-06
0.00117521
7.86158e-06
0.0011755
8.25431e-06
0.00117582
8.66176e-06
0.00117615
9.08347e-06
0.00117651
9.51888e-06
0.0011769
9.96721e-06
0.0011773
1.04276e-05
0.00117774
1.08988e-05
0.00117819
1.13798e-05
0.00117867
1.1869e-05
0.00117917
1.2365e-05
0.00117969
1.28659e-05
0.00118023
1.33699e-05
0.00118079
1.38751e-05
0.00118136
1.43793e-05
0.00118195
1.48805e-05
0.00118254
1.53763e-05
0.00118315
1.58646e-05
0.00118376
1.63432e-05
0.00118438
1.681e-05
0.00118499
1.72627e-05
0.00118561
1.76997e-05
0.00118622
1.8119e-05
0.00118682
1.85193e-05
0.00118741
1.88991e-05
0.00118799
1.92577e-05
0.00118855
1.95943e-05
0.00118909
1.99086e-05
0.00118962
2.02008e-05
0.00119012
2.04714e-05
0.0011906
2.0721e-05
0.00119106
2.09508e-05
0.00119149
2.11623e-05
0.0011919
2.13571e-05
0.00119229
2.1537e-05
0.00119265
2.17041e-05
0.00119299
2.18605e-05
0.00119331
2.20082e-05
0.00119362
2.21492e-05
0.0011939
2.22855e-05
0.00119416
2.24189e-05
0.00119441
2.2551e-05
0.00119465
2.26833e-05
0.00119487
2.28169e-05
0.00119508
2.2953e-05
0.00119528
2.30923e-05
0.00119548
2.32354e-05
0.00119566
2.3383e-05
0.00119584
2.35354e-05
0.00119601
2.36927e-05
0.00119617
2.38553e-05
0.00119633
2.40233e-05
0.00119649
2.41966e-05
0.00119664
2.43754e-05
0.00119679
2.45598e-05
0.00119694
2.47496e-05
0.00119708
2.49451e-05
0.00119722
2.51462e-05
0.00119736
2.53531e-05
0.0011975
2.55657e-05
0.00119764
2.57841e-05
0.00119777
2.60086e-05
0.0011979
2.62392e-05
0.00119804
2.6476e-05
0.00119817
2.67192e-05
0.0011983
2.6969e-05
0.00119843
2.72257e-05
0.00119856
2.74895e-05
0.00119869
2.77607e-05
0.00119881
2.80396e-05
0.00119894
2.83266e-05
0.00119907
2.86223e-05
0.0011992
2.89271e-05
0.00119932
2.92416e-05
0.00119945
2.95666e-05
0.00119957
2.99027e-05
0.0011997
3.02509e-05
0.00119982
3.0612e-05
0.00119994
3.09869e-05
0.00120006
3.13765e-05
0.00120017
3.17813e-05
0.00120028
3.22015e-05
0.00120038
3.26366e-05
0.00120046
3.3087e-05
0.00120051
3.35699e-05
3.41092e-05
0.00120939
6.25641e-06
0.00120959
6.57143e-06
0.00120981
6.90065e-06
0.00121005
7.24418e-06
0.00121031
7.60204e-06
0.00121059
7.97413e-06
0.00121089
8.36027e-06
0.00121122
8.76014e-06
0.00121156
9.17327e-06
0.00121193
9.59908e-06
0.00121232
1.00368e-05
0.00121274
1.04856e-05
0.00121317
1.09443e-05
0.00121363
1.14119e-05
0.00121411
1.18869e-05
0.0012146
1.23678e-05
0.00121512
1.2853e-05
0.00121566
1.33407e-05
0.00121621
1.38292e-05
0.00121677
1.43164e-05
0.00121735
1.48003e-05
0.00121793
1.5279e-05
0.00121852
1.57502e-05
0.00121912
1.62121e-05
0.00121972
1.66627e-05
0.00122032
1.71e-05
0.00122092
1.75225e-05
0.00122151
1.79285e-05
0.00122209
1.83167e-05
0.00122266
1.86861e-05
0.00122322
1.90359e-05
0.00122376
1.93656e-05
0.00122429
1.9675e-05
0.0012248
1.99644e-05
0.00122528
2.02341e-05
0.00122575
2.04851e-05
0.00122619
2.07183e-05
0.00122662
2.09352e-05
0.00122702
2.11373e-05
0.00122739
2.13262e-05
0.00122775
2.15038e-05
0.00122809
2.16719e-05
0.0012284
2.18324e-05
0.0012287
2.1987e-05
0.00122898
2.21374e-05
0.00122925
2.22853e-05
0.0012295
2.2432e-05
0.00122974
2.25788e-05
0.00122996
2.27267e-05
0.00123018
2.28766e-05
0.00123039
2.30293e-05
0.00123058
2.31854e-05
0.00123077
2.33454e-05
0.00123096
2.35095e-05
0.00123113
2.36781e-05
0.00123131
2.38514e-05
0.00123147
2.40295e-05
0.00123164
2.42125e-05
0.0012318
2.44006e-05
0.00123195
2.45939e-05
0.0012321
2.47923e-05
0.00123225
2.49961e-05
0.0012324
2.52053e-05
0.00123255
2.54199e-05
0.00123269
2.56402e-05
0.00123283
2.58663e-05
0.00123298
2.60983e-05
0.00123311
2.63363e-05
0.00123325
2.65806e-05
0.00123339
2.68314e-05
0.00123353
2.70889e-05
0.00123366
2.73534e-05
0.0012338
2.76252e-05
0.00123393
2.79047e-05
0.00123407
2.81924e-05
0.0012342
2.84886e-05
0.00123434
2.8794e-05
0.00123447
2.91092e-05
0.0012346
2.9435e-05
0.00123473
2.97721e-05
0.00123486
3.01215e-05
0.00123499
3.04842e-05
0.00123511
3.08612e-05
0.00123524
3.12536e-05
0.00123535
3.16623e-05
0.00123547
3.20885e-05
0.00123557
3.25332e-05
0.00123566
3.30002e-05
0.00123572
3.35109e-05
3.41015e-05
0.00124551
6.07274e-06
0.00124571
6.37183e-06
0.00124593
6.68427e-06
0.00124616
7.01018e-06
0.00124641
7.34963e-06
0.00124668
7.70259e-06
0.00124698
8.06895e-06
0.00124729
8.44849e-06
0.00124762
8.84085e-06
0.00124797
9.24559e-06
0.00124835
9.66209e-06
0.00124874
1.00896e-05
0.00124916
1.05273e-05
0.0012496
1.09742e-05
0.00125006
1.1429e-05
0.00125053
1.18906e-05
0.00125103
1.23574e-05
0.00125154
1.2828e-05
0.00125207
1.33007e-05
0.00125261
1.37737e-05
0.00125317
1.42452e-05
0.00125373
1.47134e-05
0.00125431
1.51764e-05
0.00125489
1.56322e-05
0.00125547
1.60791e-05
0.00125606
1.65152e-05
0.00125664
1.69389e-05
0.00125722
1.73487e-05
0.00125779
1.77431e-05
0.00125836
1.81212e-05
0.00125891
1.84818e-05
0.00125945
1.88245e-05
0.00125998
1.91488e-05
0.00126049
1.94547e-05
0.00126098
1.97425e-05
0.00126145
2.00125e-05
0.00126191
2.02657e-05
0.00126234
2.0503e-05
0.00126275
2.07257e-05
0.00126314
2.09352e-05
0.00126351
2.11331e-05
0.00126386
2.13208e-05
0.00126419
2.15002e-05
0.00126451
2.16727e-05
0.00126481
2.18401e-05
0.00126509
2.20037e-05
0.00126535
2.2165e-05
0.00126561
2.23252e-05
0.00126585
2.24853e-05
0.00126608
2.26463e-05
0.0012663
2.28091e-05
0.00126651
2.29742e-05
0.00126671
2.31423e-05
0.00126691
2.33137e-05
0.0012671
2.34888e-05
0.00126728
2.36679e-05
0.00126746
2.38512e-05
0.00126764
2.40389e-05
0.0012678
2.42312e-05
0.00126797
2.44282e-05
0.00126813
2.463e-05
0.00126829
2.48367e-05
0.00126845
2.50485e-05
0.0012686
2.52656e-05
0.00126876
2.5488e-05
0.00126891
2.57159e-05
0.00126905
2.59495e-05
0.0012692
2.6189e-05
0.00126935
2.64345e-05
0.00126949
2.66864e-05
0.00126964
2.69449e-05
0.00126978
2.72103e-05
0.00126992
2.74829e-05
0.00127006
2.77631e-05
0.0012702
2.80515e-05
0.00127035
2.83484e-05
0.00127048
2.86545e-05
0.00127062
2.89705e-05
0.00127076
2.92972e-05
0.0012709
2.96353e-05
0.00127103
2.99861e-05
0.00127117
3.03504e-05
0.0012713
3.07296e-05
0.00127143
3.11249e-05
0.00127155
3.15379e-05
0.00127167
3.19702e-05
0.00127178
3.24247e-05
0.00127187
3.29078e-05
0.00127194
3.34438e-05
3.40749e-05
0.00128266
5.89087e-06
0.00128286
6.17516e-06
0.00128307
6.472e-06
0.0012833
6.78154e-06
0.00128354
7.10389e-06
0.00128381
7.43907e-06
0.00128409
7.78703e-06
0.00128439
8.14762e-06
0.00128471
8.52059e-06
0.00128505
8.90559e-06
0.00128541
9.30215e-06
0.00128579
9.70967e-06
0.00128619
1.01274e-05
0.00128661
1.05546e-05
0.00128705
1.09902e-05
0.00128751
1.14331e-05
0.00128798
1.1882e-05
0.00128847
1.23357e-05
0.00128898
1.27927e-05
0.0012895
1.32514e-05
0.00129004
1.37101e-05
0.00129059
1.41673e-05
0.00129114
1.46211e-05
0.0012917
1.50699e-05
0.00129227
1.55118e-05
0.00129284
1.59452e-05
0.00129341
1.63686e-05
0.00129398
1.67803e-05
0.00129454
1.7179e-05
0.0012951
1.75635e-05
0.00129565
1.79329e-05
0.00129619
1.82864e-05
0.00129671
1.86234e-05
0.00129722
1.89437e-05
0.00129772
1.92473e-05
0.0012982
1.95345e-05
0.00129866
1.98057e-05
0.0012991
2.00617e-05
0.00129952
2.03036e-05
0.00129992
2.05323e-05
0.00130031
2.07493e-05
0.00130067
2.09558e-05
0.00130102
2.11534e-05
0.00130135
2.13434e-05
0.00130166
2.15274e-05
0.00130196
2.17067e-05
0.00130224
2.18826e-05
0.00130251
2.20563e-05
0.00130277
2.2229e-05
0.00130301
2.24014e-05
0.00130325
2.25746e-05
0.00130347
2.27492e-05
0.00130369
2.29258e-05
0.0013039
2.3105e-05
0.0013041
2.32871e-05
0.00130429
2.34725e-05
0.00130448
2.36615e-05
0.00130467
2.38543e-05
0.00130485
2.40511e-05
0.00130502
2.42522e-05
0.0013052
2.44577e-05
0.00130536
2.46677e-05
0.00130553
2.48825e-05
0.00130569
2.51022e-05
0.00130586
2.5327e-05
0.00130601
2.5557e-05
0.00130617
2.57925e-05
0.00130633
2.60336e-05
0.00130648
2.62806e-05
0.00130663
2.65338e-05
0.00130678
2.67934e-05
0.00130693
2.70599e-05
0.00130708
2.73334e-05
0.00130723
2.76145e-05
0.00130738
2.79036e-05
0.00130753
2.82014e-05
0.00130767
2.85083e-05
0.00130782
2.88252e-05
0.00130796
2.91528e-05
0.00130811
2.94922e-05
0.00130825
2.98443e-05
0.00130839
3.02104e-05
0.00130853
3.05919e-05
0.00130866
3.09903e-05
0.00130879
3.14076e-05
0.00130892
3.18463e-05
0.00130903
3.23104e-05
0.00130913
3.28089e-05
0.0013092
3.33677e-05
3.40308e-05
0.00132087
5.71091e-06
0.00132107
5.98139e-06
0.00132128
6.2637e-06
0.0013215
6.558e-06
0.00132174
6.86443e-06
0.00132199
7.18304e-06
0.00132227
7.51384e-06
0.00132256
7.85674e-06
0.00132287
8.21158e-06
0.0013232
8.57809e-06
0.00132354
8.95589e-06
0.00132391
9.34453e-06
0.00132429
9.74342e-06
0.00132469
1.01518e-05
0.00132511
1.0569e-05
0.00132555
1.09939e-05
0.00132601
1.14255e-05
0.00132648
1.18627e-05
0.00132697
1.23042e-05
0.00132747
1.27485e-05
0.00132799
1.31943e-05
0.00132852
1.364e-05
0.00132905
1.4084e-05
0.0013296
1.45248e-05
0.00133015
1.49607e-05
0.00133071
1.53902e-05
0.00133126
1.58116e-05
0.00133182
1.62236e-05
0.00133237
1.66248e-05
0.00133292
1.7014e-05
0.00133347
1.73901e-05
0.001334
1.77523e-05
0.00133452
1.80999e-05
0.00133504
1.84325e-05
0.00133553
1.87499e-05
0.00133601
1.90522e-05
0.00133648
1.93396e-05
0.00133693
1.96126e-05
0.00133736
1.9872e-05
0.00133778
2.01186e-05
0.00133817
2.03535e-05
0.00133855
2.05779e-05
0.00133891
2.07929e-05
0.00133925
2.09998e-05
0.00133958
2.12e-05
0.00133989
2.13948e-05
0.00134019
2.15852e-05
0.00134047
2.17725e-05
0.00134074
2.19578e-05
0.001341
2.2142e-05
0.00134125
2.23259e-05
0.00134149
2.25103e-05
0.00134172
2.26959e-05
0.00134194
2.28832e-05
0.00134216
2.30728e-05
0.00134237
2.32649e-05
0.00134257
2.34599e-05
0.00134276
2.36582e-05
0.00134295
2.386e-05
0.00134314
2.40656e-05
0.00134332
2.42751e-05
0.0013435
2.44888e-05
0.00134368
2.47069e-05
0.00134385
2.49295e-05
0.00134402
2.51569e-05
0.00134419
2.53893e-05
0.00134435
2.56268e-05
0.00134452
2.58698e-05
0.00134468
2.61185e-05
0.00134484
2.63732e-05
0.001345
2.66342e-05
0.00134516
2.69018e-05
0.00134531
2.71764e-05
0.00134547
2.74585e-05
0.00134563
2.77486e-05
0.00134578
2.80472e-05
0.00134593
2.83551e-05
0.00134609
2.86729e-05
0.00134624
2.90017e-05
0.00134639
2.93423e-05
0.00134653
2.96959e-05
0.00134668
3.00639e-05
0.00134683
3.04478e-05
0.00134697
3.08495e-05
0.0013471
3.12712e-05
0.00134723
3.17163e-05
0.00134735
3.219e-05
0.00134746
3.27029e-05
0.00134755
3.32819e-05
3.39703e-05
0.00136018
5.53297e-06
0.00136037
5.79054e-06
0.00136057
6.05927e-06
0.00136079
6.33934e-06
0.00136103
6.6309e-06
0.00136128
6.93404e-06
0.00136154
7.24881e-06
0.00136182
7.57517e-06
0.00136212
7.91302e-06
0.00136244
8.26217e-06
0.00136277
8.62234e-06
0.00136312
8.99316e-06
0.00136349
9.37417e-06
0.00136388
9.76477e-06
0.00136428
1.01643e-05
0.0013647
1.0572e-05
0.00136514
1.09868e-05
0.0013656
1.14079e-05
0.00136607
1.18341e-05
0.00136655
1.22642e-05
0.00136705
1.26969e-05
0.00136756
1.31308e-05
0.00136808
1.35645e-05
0.00136861
1.39966e-05
0.00136914
1.44255e-05
0.00136968
1.48499e-05
0.00137023
1.52681e-05
0.00137077
1.5679e-05
0.00137131
1.6081e-05
0.00137186
1.6473e-05
0.00137239
1.6854e-05
0.00137292
1.72229e-05
0.00137344
1.75792e-05
0.00137395
1.79221e-05
0.00137445
1.82513e-05
0.00137494
1.85668e-05
0.00137541
1.88685e-05
0.00137586
1.91569e-05
0.0013763
1.94322e-05
0.00137673
1.96953e-05
0.00137713
1.99469e-05
0.00137752
2.0188e-05
0.0013779
2.04196e-05
0.00137825
2.06427e-05
0.00137859
2.08586e-05
0.00137892
2.10684e-05
0.00137923
2.12732e-05
0.00137953
2.14741e-05
0.00137982
2.16721e-05
0.00138009
2.18681e-05
0.00138035
2.2063e-05
0.00138061
2.22575e-05
0.00138085
2.24524e-05
0.00138108
2.26483e-05
0.00138131
2.28456e-05
0.00138153
2.30448e-05
0.00138175
2.32463e-05
0.00138195
2.34505e-05
0.00138216
2.36577e-05
0.00138235
2.38681e-05
0.00138255
2.4082e-05
0.00138274
2.42996e-05
0.00138292
2.45212e-05
0.0013831
2.47471e-05
0.00138328
2.49774e-05
0.00138346
2.52124e-05
0.00138363
2.54523e-05
0.00138381
2.56974e-05
0.00138398
2.5948e-05
0.00138415
2.62043e-05
0.00138431
2.64668e-05
0.00138448
2.67357e-05
0.00138465
2.70116e-05
0.00138481
2.72948e-05
0.00138497
2.7586e-05
0.00138513
2.78857e-05
0.00138529
2.81946e-05
0.00138545
2.85135e-05
0.00138561
2.88434e-05
0.00138577
2.91854e-05
0.00138592
2.95406e-05
0.00138608
2.99105e-05
0.00138623
3.0297e-05
0.00138637
3.0702e-05
0.00138652
3.11283e-05
0.00138665
3.15797e-05
0.00138678
3.20627e-05
0.0013869
3.25892e-05
0.00138699
3.3186e-05
3.38943e-05
0.00140061
5.35714e-06
0.0014008
5.60261e-06
0.001401
5.85862e-06
0.00140122
6.12537e-06
0.00140144
6.40302e-06
0.00140169
6.69169e-06
0.00140194
6.99145e-06
0.00140222
7.30231e-06
0.0014025
7.62422e-06
0.00140281
7.95705e-06
0.00140313
8.30061e-06
0.00140347
8.65461e-06
0.00140383
9.01868e-06
0.0014042
9.39235e-06
0.00140459
9.77506e-06
0.00140499
1.01661e-05
0.00140542
1.05648e-05
0.00140585
1.09703e-05
0.00140631
1.13815e-05
0.00140677
1.17974e-05
0.00140725
1.2217e-05
0.00140774
1.26389e-05
0.00140825
1.30619e-05
0.00140876
1.34847e-05
0.00140928
1.39059e-05
0.0014098
1.43242e-05
0.00141033
1.47382e-05
0.00141087
1.51465e-05
0.0014114
1.55479e-05
0.00141193
1.59412e-05
0.00141246
1.63253e-05
0.00141298
1.66992e-05
0.0014135
1.70622e-05
0.00141401
1.74135e-05
0.00141451
1.77527e-05
0.00141499
1.80795e-05
0.00141547
1.83938e-05
0.00141593
1.86957e-05
0.00141638
1.89855e-05
0.00141681
1.92636e-05
0.00141723
1.95306e-05
0.00141763
1.97872e-05
0.00141801
2.00344e-05
0.00141838
2.02729e-05
0.00141874
2.05039e-05
0.00141908
2.07283e-05
0.0014194
2.09471e-05
0.00141972
2.11614e-05
0.00142002
2.1372e-05
0.0014203
2.15799e-05
0.00142058
2.17859e-05
0.00142085
2.19908e-05
0.0014211
2.21953e-05
0.00142135
2.24e-05
0.00142159
2.26054e-05
0.00142183
2.28121e-05
0.00142205
2.30204e-05
0.00142227
2.32308e-05
0.00142248
2.34437e-05
0.00142269
2.36592e-05
0.0014229
2.38778e-05
0.0014231
2.40998e-05
0.00142329
2.43253e-05
0.00142349
2.45547e-05
0.00142368
2.47881e-05
0.00142386
2.5026e-05
0.00142405
2.52685e-05
0.00142423
2.55159e-05
0.00142441
2.57685e-05
0.00142458
2.60268e-05
0.00142476
2.62909e-05
0.00142493
2.65614e-05
0.00142511
2.68386e-05
0.00142528
2.71232e-05
0.00142545
2.74155e-05
0.00142562
2.77164e-05
0.00142579
2.80264e-05
0.00142595
2.83466e-05
0.00142612
2.86778e-05
0.00142628
2.90212e-05
0.00142645
2.93781e-05
0.00142661
2.97501e-05
0.00142676
3.01391e-05
0.00142692
3.05475e-05
0.00142707
3.09784e-05
0.00142721
3.14362e-05
0.00142735
3.19281e-05
0.00142747
3.2467e-05
0.00142758
3.30794e-05
3.38034e-05
0.00144221
5.18353e-06
0.00144239
5.41762e-06
0.00144259
5.6617e-06
0.0014428
5.91595e-06
0.00144302
6.18055e-06
0.00144326
6.45564e-06
0.00144351
6.74132e-06
0.00144377
7.03762e-06
0.00144405
7.34455e-06
0.00144435
7.66203e-06
0.00144466
7.98993e-06
0.00144499
8.32804e-06
0.00144533
8.67606e-06
0.00144569
9.03363e-06
0.00144606
9.40029e-06
0.00144645
9.77548e-06
0.00144686
1.01586e-05
0.00144728
1.05488e-05
0.00144772
1.09454e-05
0.00144817
1.13474e-05
0.00144863
1.17539e-05
0.0014491
1.21637e-05
0.00144959
1.25757e-05
0.00145009
1.29887e-05
0.00145059
1.34016e-05
0.0014511
1.38129e-05
0.00145162
1.42216e-05
0.00145214
1.46262e-05
0.00145266
1.50257e-05
0.00145318
1.54188e-05
0.0014537
1.58045e-05
0.00145422
1.61818e-05
0.00145473
1.65497e-05
0.00145524
1.69077e-05
0.00145574
1.72551e-05
0.00145623
1.75914e-05
0.0014567
1.79165e-05
0.00145717
1.82303e-05
0.00145762
1.85329e-05
0.00145806
1.88245e-05
0.00145848
1.91055e-05
0.0014589
1.93766e-05
0.00145929
1.96383e-05
0.00145967
1.98914e-05
0.00146004
2.01367e-05
0.00146039
2.03751e-05
0.00146073
2.06076e-05
0.00146106
2.08349e-05
0.00146137
2.10581e-05
0.00146168
2.12778e-05
0.00146197
2.1495e-05
0.00146225
2.17103e-05
0.00146252
2.19245e-05
0.00146278
2.21383e-05
0.00146303
2.23521e-05
0.00146328
2.25665e-05
0.00146352
2.2782e-05
0.00146375
2.29989e-05
0.00146397
2.32178e-05
0.00146419
2.34389e-05
0.00146441
2.36625e-05
0.00146462
2.3889e-05
0.00146483
2.41187e-05
0.00146503
2.43519e-05
0.00146523
2.45888e-05
0.00146543
2.48297e-05
0.00146562
2.5075e-05
0.00146581
2.5325e-05
0.001466
2.55799e-05
0.00146619
2.58402e-05
0.00146637
2.61063e-05
0.00146655
2.63784e-05
0.00146673
2.66573e-05
0.00146691
2.69432e-05
0.00146709
2.72369e-05
0.00146727
2.7539e-05
0.00146745
2.78504e-05
0.00146762
2.81718e-05
0.00146779
2.85044e-05
0.00146797
2.88493e-05
0.00146814
2.9208e-05
0.0014683
2.95821e-05
0.00146847
2.99738e-05
0.00146863
3.03857e-05
0.00146879
3.08211e-05
0.00146894
3.12851e-05
0.00146908
3.17856e-05
0.00146921
3.23359e-05
0.00146933
3.29618e-05
3.36979e-05
0.001485
5.01222e-06
0.00148518
5.2356e-06
0.00148538
5.46844e-06
0.00148558
5.71094e-06
0.0014858
5.96328e-06
0.00148603
6.22561e-06
0.00148627
6.49804e-06
0.00148653
6.78066e-06
0.0014868
7.07348e-06
0.00148709
7.3765e-06
0.00148739
7.68961e-06
0.0014877
8.01267e-06
0.00148803
8.34548e-06
0.00148838
8.68773e-06
0.00148874
9.03907e-06
0.00148912
9.39904e-06
0.00148951
9.7671e-06
0.00148991
1.01426e-05
0.00149033
1.0525e-05
0.00149077
1.09133e-05
0.00149121
1.13067e-05
0.00149167
1.17044e-05
0.00149214
1.21052e-05
0.00149262
1.25081e-05
0.00149311
1.2912e-05
0.00149361
1.33158e-05
0.00149411
1.37183e-05
0.00149462
1.41183e-05
0.00149513
1.45147e-05
0.00149565
1.49063e-05
0.00149616
1.52921e-05
0.00149667
1.56712e-05
0.00149718
1.60425e-05
0.00149768
1.64055e-05
0.00149817
1.67593e-05
0.00149866
1.71035e-05
0.00149914
1.74377e-05
0.00149961
1.77618e-05
0.00150007
1.80756e-05
0.00150051
1.83792e-05
0.00150095
1.86729e-05
0.00150136
1.89571e-05
0.00150177
1.92323e-05
0.00150216
1.94989e-05
0.00150254
1.97578e-05
0.00150291
2.00096e-05
0.00150326
2.02552e-05
0.0015036
2.04952e-05
0.00150393
2.07306e-05
0.00150424
2.0962e-05
0.00150455
2.11903e-05
0.00150484
2.14161e-05
0.00150513
2.16402e-05
0.0015054
2.18632e-05
0.00150567
2.20856e-05
0.00150593
2.2308e-05
0.00150618
2.25309e-05
0.00150642
2.27547e-05
0.00150666
2.29798e-05
0.00150689
2.32067e-05
0.00150712
2.34356e-05
0.00150734
2.3667e-05
0.00150756
2.39012e-05
0.00150777
2.41384e-05
0.00150798
2.4379e-05
0.00150819
2.46233e-05
0.00150839
2.48717e-05
0.00150859
2.51244e-05
0.00150879
2.53819e-05
0.00150899
2.56444e-05
0.00150918
2.59125e-05
0.00150937
2.61865e-05
0.00150956
2.64671e-05
0.00150975
2.67546e-05
0.00150994
2.70498e-05
0.00151012
2.73533e-05
0.00151031
2.76661e-05
0.00151049
2.79889e-05
0.00151067
2.8323e-05
0.00151085
2.86695e-05
0.00151103
2.903e-05
0.0015112
2.94064e-05
0.00151138
2.98008e-05
0.00151155
3.02161e-05
0.00151171
3.06561e-05
0.00151187
3.11261e-05
0.00151202
3.16346e-05
0.00151216
3.21953e-05
0.00151229
3.28327e-05
3.35781e-05
0.00152903
4.84331e-06
0.00152921
5.05658e-06
0.0015294
5.27883e-06
0.0015296
5.51025e-06
0.00152981
5.75103e-06
0.00153003
6.00134e-06
0.00153027
6.2613e-06
0.00153052
6.53101e-06
0.00153078
6.81054e-06
0.00153106
7.09989e-06
0.00153135
7.39902e-06
0.00153165
7.70785e-06
0.00153197
8.02621e-06
0.00153231
8.35389e-06
0.00153266
8.69059e-06
0.00153302
9.03597e-06
0.0015334
9.38957e-06
0.00153379
9.7509e-06
0.00153419
1.01193e-05
0.00153461
1.04942e-05
0.00153505
1.08748e-05
0.00153549
1.12603e-05
0.00153594
1.16498e-05
0.00153641
1.20424e-05
0.00153689
1.2437e-05
0.00153737
1.28326e-05
0.00153786
1.32282e-05
0.00153835
1.36226e-05
0.00153885
1.40148e-05
0.00153936
1.44038e-05
0.00153986
1.47885e-05
0.00154036
1.51679e-05
0.00154087
1.55412e-05
0.00154136
1.59076e-05
0.00154186
1.62663e-05
0.00154234
1.66167e-05
0.00154282
1.69584e-05
0.00154329
1.72911e-05
0.00154375
1.76146e-05
0.0015442
1.79288e-05
0.00154464
1.82339e-05
0.00154507
1.85299e-05
0.00154549
1.88173e-05
0.00154589
1.90966e-05
0.00154628
1.93681e-05
0.00154665
1.96326e-05
0.00154702
1.98906e-05
0.00154737
2.01429e-05
0.00154771
2.03901e-05
0.00154804
2.0633e-05
0.00154836
2.08723e-05
0.00154867
2.11085e-05
0.00154896
2.13425e-05
0.00154925
2.15748e-05
0.00154953
2.18059e-05
0.0015498
2.20365e-05
0.00155007
2.2267e-05
0.00155032
2.24978e-05
0.00155057
2.27295e-05
0.00155082
2.29625e-05
0.00155106
2.3197e-05
0.00155129
2.34335e-05
0.00155152
2.36724e-05
0.00155174
2.39139e-05
0.00155196
2.41585e-05
0.00155218
2.44064e-05
0.0015524
2.4658e-05
0.00155261
2.49137e-05
0.00155281
2.51739e-05
0.00155302
2.54389e-05
0.00155322
2.57093e-05
0.00155342
2.59854e-05
0.00155362
2.62677e-05
0.00155382
2.6557e-05
0.00155402
2.68538e-05
0.00155421
2.71589e-05
0.0015544
2.74731e-05
0.0015546
2.77975e-05
0.00155479
2.81331e-05
0.00155497
2.84814e-05
0.00155516
2.88439e-05
0.00155534
2.92225e-05
0.00155552
2.96196e-05
0.0015557
3.00384e-05
0.00155588
3.04828e-05
0.00155604
3.09586e-05
0.0015562
3.14746e-05
0.00155635
3.20446e-05
0.00155649
3.26917e-05
3.34441e-05
0.00157433
4.67687e-06
0.0015745
4.88059e-06
0.00157469
5.09282e-06
0.00157488
5.31378e-06
0.00157509
5.54365e-06
0.00157531
5.78261e-06
0.00157554
6.0308e-06
0.00157578
6.28834e-06
0.00157604
6.5553e-06
0.00157631
6.83173e-06
0.00157659
7.11763e-06
0.00157688
7.41295e-06
0.00157719
7.71758e-06
0.00157751
8.03138e-06
0.00157785
8.35412e-06
0.0015782
8.68551e-06
0.00157857
9.0252e-06
0.00157894
9.37277e-06
0.00157934
9.72773e-06
0.00157974
1.00895e-05
0.00158016
1.04574e-05
0.00158059
1.08309e-05
0.00158103
1.1209e-05
0.00158148
1.15909e-05
0.00158194
1.19759e-05
0.00158241
1.23629e-05
0.00158289
1.27509e-05
0.00158337
1.31391e-05
0.00158386
1.35263e-05
0.00158435
1.39116e-05
0.00158485
1.4294e-05
0.00158534
1.46725e-05
0.00158584
1.50464e-05
0.00158633
1.54147e-05
0.00158682
1.57768e-05
0.0015873
1.61319e-05
0.00158778
1.64796e-05
0.00158825
1.68194e-05
0.00158872
1.71511e-05
0.00158917
1.74744e-05
0.00158962
1.77894e-05
0.00159005
1.8096e-05
0.00159047
1.83945e-05
0.00159088
1.86853e-05
0.00159128
1.89685e-05
0.00159167
1.92448e-05
0.00159205
1.95146e-05
0.00159241
1.97786e-05
0.00159277
2.00372e-05
0.00159311
2.02912e-05
0.00159344
2.05412e-05
0.00159376
2.07878e-05
0.00159407
2.10316e-05
0.00159437
2.12732e-05
0.00159466
2.15131e-05
0.00159495
2.1752e-05
0.00159523
2.19902e-05
0.00159549
2.22284e-05
0.00159576
2.24668e-05
0.00159601
2.2706e-05
0.00159626
2.29464e-05
0.00159651
2.31883e-05
0.00159675
2.34321e-05
0.00159699
2.36782e-05
0.00159722
2.39269e-05
0.00159745
2.41787e-05
0.00159767
2.44338e-05
0.00159789
2.46927e-05
0.00159811
2.49558e-05
0.00159832
2.52235e-05
0.00159854
2.54962e-05
0.00159875
2.57745e-05
0.00159896
2.6059e-05
0.00159916
2.63501e-05
0.00159937
2.66487e-05
0.00159957
2.69554e-05
0.00159977
2.72713e-05
0.00159997
2.75972e-05
0.00160017
2.79345e-05
0.00160037
2.82846e-05
0.00160056
2.8649e-05
0.00160076
2.903e-05
0.00160095
2.94299e-05
0.00160113
2.98521e-05
0.00160132
3.03008e-05
0.00160149
3.07822e-05
0.00160166
3.13051e-05
0.00160182
3.18833e-05
0.00160198
3.25386e-05
3.3296e-05
0.00162093
4.513e-06
0.00162111
4.70765e-06
0.00162129
4.9104e-06
0.00162148
5.12146e-06
0.00162168
5.34102e-06
0.0016219
5.56925e-06
0.00162212
5.8063e-06
0.00162236
6.05231e-06
0.00162261
6.30738e-06
0.00162287
6.57158e-06
0.00162314
6.84493e-06
0.00162343
7.12743e-06
0.00162372
7.41901e-06
0.00162404
7.71958e-06
0.00162436
8.02896e-06
0.0016247
8.34695e-06
0.00162505
8.67326e-06
0.00162542
9.00755e-06
0.00162579
9.34941e-06
0.00162619
9.69837e-06
0.00162659
1.00539e-05
0.001627
1.04153e-05
0.00162743
1.07821e-05
0.00162787
1.11534e-05
0.00162832
1.15284e-05
0.00162877
1.19064e-05
0.00162924
1.22864e-05
0.00162971
1.26675e-05
0.00163019
1.30489e-05
0.00163067
1.34296e-05
0.00163115
1.38087e-05
0.00163164
1.41853e-05
0.00163213
1.45585e-05
0.00163262
1.49275e-05
0.0016331
1.52915e-05
0.00163358
1.56499e-05
0.00163406
1.60021e-05
0.00163453
1.63475e-05
0.001635
1.66859e-05
0.00163546
1.7017e-05
0.0016359
1.73405e-05
0.00163634
1.76564e-05
0.00163677
1.79649e-05
0.00163719
1.82659e-05
0.0016376
1.85599e-05
0.001638
1.88471e-05
0.00163839
1.9128e-05
0.00163876
1.94029e-05
0.00163913
1.96725e-05
0.00163948
1.99372e-05
0.00163982
2.01976e-05
0.00164016
2.04542e-05
0.00164048
2.07077e-05
0.0016408
2.09586e-05
0.0016411
2.12073e-05
0.0016414
2.14545e-05
0.00164169
2.17006e-05
0.00164197
2.19461e-05
0.00164225
2.21915e-05
0.00164252
2.24372e-05
0.00164278
2.26835e-05
0.00164304
2.2931e-05
0.00164329
2.318e-05
0.00164353
2.34309e-05
0.00164378
2.3684e-05
0.00164402
2.39398e-05
0.00164425
2.41987e-05
0.00164448
2.4461e-05
0.00164471
2.47272e-05
0.00164494
2.49977e-05
0.00164516
2.5273e-05
0.00164538
2.55537e-05
0.0016456
2.58403e-05
0.00164582
2.61335e-05
0.00164603
2.6434e-05
0.00164624
2.67425e-05
0.00164646
2.70601e-05
0.00164666
2.73878e-05
0.00164687
2.77268e-05
0.00164708
2.80787e-05
0.00164728
2.84452e-05
0.00164748
2.88285e-05
0.00164768
2.92312e-05
0.00164788
2.96567e-05
0.00164807
3.01096e-05
0.00164826
3.05962e-05
0.00164843
3.11254e-05
0.00164861
3.17108e-05
0.00164877
3.23728e-05
3.31337e-05
0.00166889
4.35176e-06
0.00166906
4.53781e-06
0.00166924
4.73157e-06
0.00166943
4.93325e-06
0.00166963
5.14302e-06
0.00166984
5.36108e-06
0.00167006
5.58759e-06
0.00167029
5.82268e-06
0.00167053
6.06647e-06
0.00167078
6.31906e-06
0.00167104
6.5805e-06
0.00167132
6.8508e-06
0.00167161
7.12996e-06
0.00167191
7.4179e-06
0.00167223
7.71452e-06
0.00167255
8.01966e-06
0.00167289
8.33309e-06
0.00167325
8.65456e-06
0.00167361
8.98372e-06
0.00167399
9.32018e-06
0.00167438
9.6635e-06
0.00167478
1.00131e-05
0.0016752
1.03685e-05
0.00167562
1.07291e-05
0.00167605
1.1094e-05
0.0016765
1.14627e-05
0.00167695
1.18342e-05
0.00167741
1.22079e-05
0.00167788
1.25828e-05
0.00167835
1.29581e-05
0.00167882
1.3333e-05
0.0016793
1.37065e-05
0.00167978
1.40779e-05
0.00168026
1.44463e-05
0.00168074
1.4811e-05
0.00168122
1.51714e-05
0.0016817
1.55267e-05
0.00168217
1.58764e-05
0.00168264
1.62201e-05
0.00168309
1.65575e-05
0.00168355
1.68882e-05
0.00168399
1.72122e-05
0.00168443
1.75293e-05
0.00168485
1.78396e-05
0.00168527
1.81433e-05
0.00168568
1.84405e-05
0.00168607
1.87315e-05
0.00168646
1.90168e-05
0.00168683
1.92966e-05
0.0016872
1.95715e-05
0.00168756
1.98419e-05
0.0016879
2.01083e-05
0.00168824
2.03712e-05
0.00168857
2.06312e-05
0.00168888
2.08887e-05
0.00168919
2.11442e-05
0.0016895
2.13982e-05
0.00168979
2.16512e-05
0.00169008
2.19036e-05
0.00169036
2.21559e-05
0.00169064
2.24084e-05
0.00169091
2.26616e-05
0.00169117
2.2916e-05
0.00169143
2.31718e-05
0.00169168
2.34295e-05
0.00169193
2.36896e-05
0.00169218
2.39523e-05
0.00169242
2.42182e-05
0.00169266
2.44877e-05
0.0016929
2.47613e-05
0.00169313
2.50394e-05
0.00169336
2.53226e-05
0.00169359
2.56116e-05
0.00169382
2.59069e-05
0.00169404
2.62094e-05
0.00169427
2.65198e-05
0.00169449
2.68392e-05
0.00169471
2.71687e-05
0.00169492
2.75096e-05
0.00169514
2.78634e-05
0.00169535
2.8232e-05
0.00169556
2.86176e-05
0.00169577
2.9023e-05
0.00169598
2.94518e-05
0.00169618
2.99087e-05
0.00169637
3.04001e-05
0.00169656
3.09351e-05
0.00169675
3.15267e-05
0.00169693
3.2194e-05
3.2957e-05
0.00171825
4.19324e-06
0.00171841
4.37111e-06
0.00171859
4.55632e-06
0.00171877
4.74908e-06
0.00171897
4.94957e-06
0.00171917
5.15797e-06
0.00171938
5.37446e-06
0.00171961
5.59919e-06
0.00171984
5.83228e-06
0.00172009
6.07384e-06
0.00172034
6.32394e-06
0.00172061
6.58264e-06
0.00172089
6.84994e-06
0.00172118
7.12583e-06
0.00172149
7.41023e-06
0.0017218
7.70304e-06
0.00172213
8.00408e-06
0.00172247
8.31317e-06
0.00172283
8.63002e-06
0.00172319
8.95432e-06
0.00172357
9.28569e-06
0.00172396
9.6237e-06
0.00172436
9.96786e-06
0.00172477
1.03176e-05
0.00172519
1.06724e-05
0.00172563
1.10315e-05
0.00172607
1.13943e-05
0.00172651
1.176e-05
0.00172697
1.21278e-05
0.00172743
1.2497e-05
0.0017279
1.28668e-05
0.00172837
1.32364e-05
0.00172884
1.3605e-05
0.00172931
1.39718e-05
0.00172979
1.4336e-05
0.00173026
1.4697e-05
0.00173073
1.50541e-05
0.0017312
1.54068e-05
0.00173167
1.57545e-05
0.00173213
1.60969e-05
0.00173259
1.64335e-05
0.00173303
1.67642e-05
0.00173347
1.70888e-05
0.00173391
1.74072e-05
0.00173433
1.77195e-05
0.00173474
1.80257e-05
0.00173515
1.83261e-05
0.00173555
1.86208e-05
0.00173593
1.89102e-05
0.00173631
1.91947e-05
0.00173668
1.94747e-05
0.00173703
1.97504e-05
0.00173738
2.00225e-05
0.00173772
2.02914e-05
0.00173805
2.05575e-05
0.00173838
2.08212e-05
0.00173869
2.10831e-05
0.001739
2.13435e-05
0.0017393
2.1603e-05
0.00173959
2.1862e-05
0.00173988
2.21208e-05
0.00174016
2.23799e-05
0.00174044
2.26398e-05
0.00174071
2.29007e-05
0.00174098
2.31632e-05
0.00174124
2.34277e-05
0.0017415
2.36945e-05
0.00174175
2.39642e-05
0.001742
2.42371e-05
0.00174225
2.45139e-05
0.00174249
2.47949e-05
0.00174274
2.50808e-05
0.00174297
2.53722e-05
0.00174321
2.56699e-05
0.00174345
2.59745e-05
0.00174368
2.62869e-05
0.00174391
2.66083e-05
0.00174414
2.69397e-05
0.00174437
2.72825e-05
0.00174459
2.76382e-05
0.00174481
2.80089e-05
0.00174504
2.83969e-05
0.00174525
2.8805e-05
0.00174547
2.9237e-05
0.00174568
2.96976e-05
0.00174589
3.01935e-05
0.00174609
3.07335e-05
0.00174628
3.13303e-05
0.00174648
3.20017e-05
3.27656e-05
0.00176903
4.03751e-06
0.0017692
4.20758e-06
0.00176937
4.38465e-06
0.00176955
4.56892e-06
0.00176974
4.76058e-06
0.00176994
4.9598e-06
0.00177014
5.16677e-06
0.00177036
5.38164e-06
0.00177059
5.60454e-06
0.00177083
5.8356e-06
0.00177108
6.07491e-06
0.00177134
6.32255e-06
0.00177161
6.57854e-06
0.00177189
6.8429e-06
0.00177219
7.1156e-06
0.00177249
7.39656e-06
0.00177281
7.68569e-06
0.00177314
7.98281e-06
0.00177348
8.28774e-06
0.00177384
8.6002e-06
0.0017742
8.91989e-06
0.00177458
9.24646e-06
0.00177497
9.57949e-06
0.00177537
9.91851e-06
0.00177578
1.0263e-05
0.0017762
1.06124e-05
0.00177662
1.09661e-05
0.00177706
1.13235e-05
0.0017775
1.16838e-05
0.00177796
1.20463e-05
0.00177841
1.24104e-05
0.00177887
1.27752e-05
0.00177934
1.31401e-05
0.00177981
1.35042e-05
0.00178027
1.38668e-05
0.00178074
1.42274e-05
0.00178121
1.45851e-05
0.00178168
1.49395e-05
0.00178214
1.529e-05
0.00178261
1.5636e-05
0.00178306
1.59773e-05
0.00178351
1.63135e-05
0.00178396
1.66443e-05
0.00178439
1.69697e-05
0.00178482
1.72895e-05
0.00178525
1.76037e-05
0.00178566
1.79124e-05
0.00178607
1.82159e-05
0.00178646
1.85142e-05
0.00178685
1.88076e-05
0.00178723
1.90965e-05
0.0017876
1.93812e-05
0.00178796
1.9662e-05
0.00178831
1.99395e-05
0.00178865
2.02139e-05
0.00178899
2.04857e-05
0.00178932
2.07554e-05
0.00178964
2.10233e-05
0.00178995
2.12898e-05
0.00179026
2.15555e-05
0.00179056
2.18207e-05
0.00179085
2.20858e-05
0.00179114
2.23512e-05
0.00179142
2.26175e-05
0.0017917
2.28849e-05
0.00179197
2.31539e-05
0.00179224
2.3425e-05
0.00179251
2.36985e-05
0.00179277
2.39751e-05
0.00179303
2.42552e-05
0.00179328
2.45393e-05
0.00179354
2.4828e-05
0.00179379
2.5122e-05
0.00179404
2.54221e-05
0.00179428
2.57289e-05
0.00179452
2.60435e-05
0.00179477
2.63669e-05
0.00179501
2.67003e-05
0.00179524
2.7045e-05
0.00179548
2.74028e-05
0.00179571
2.77756e-05
0.00179594
2.81659e-05
0.00179617
2.85766e-05
0.0017964
2.90116e-05
0.00179662
2.94757e-05
0.00179684
2.99756e-05
0.00179705
3.05201e-05
0.00179726
3.11213e-05
0.00179746
3.17956e-05
3.25593e-05
0.0018213
3.88464e-06
0.00182146
4.04726e-06
0.00182163
4.21657e-06
0.0018218
4.39275e-06
0.00182199
4.57599e-06
0.00182218
4.76647e-06
0.00182238
4.96437e-06
0.0018226
5.16985e-06
0.00182282
5.38305e-06
0.00182305
5.6041e-06
0.00182329
5.83311e-06
0.00182354
6.07018e-06
0.00182381
6.31536e-06
0.00182408
6.56869e-06
0.00182437
6.83017e-06
0.00182466
7.09976e-06
0.00182497
7.3774e-06
0.00182529
7.66298e-06
0.00182562
7.95634e-06
0.00182597
8.25729e-06
0.00182632
8.56558e-06
0.00182669
8.88092e-06
0.00182706
9.20296e-06
0.00182745
9.5313e-06
0.00182785
9.86552e-06
0.00182825
1.02051e-05
0.00182867
1.05495e-05
0.0018291
1.08982e-05
0.00182953
1.12506e-05
0.00182997
1.1606e-05
0.00183042
1.19637e-05
0.00183087
1.2323e-05
0.00183132
1.26833e-05
0.00183179
1.30439e-05
0.00183225
1.3404e-05
0.00183271
1.3763e-05
0.00183318
1.41203e-05
0.00183364
1.44752e-05
0.0018341
1.48272e-05
0.00183456
1.51757e-05
0.00183502
1.55204e-05
0.00183547
1.58609e-05
0.00183592
1.61968e-05
0.00183636
1.6528e-05
0.0018368
1.68542e-05
0.00183723
1.71754e-05
0.00183765
1.74915e-05
0.00183806
1.78027e-05
0.00183847
1.81091e-05
0.00183886
1.84108e-05
0.00183925
1.8708e-05
0.00183963
1.90011e-05
0.00184
1.92903e-05
0.00184037
1.95759e-05
0.00184072
1.98584e-05
0.00184107
2.0138e-05
0.00184141
2.04153e-05
0.00184174
2.06905e-05
0.00184207
2.09641e-05
0.00184239
2.12365e-05
0.0018427
2.1508e-05
0.00184301
2.17791e-05
0.00184331
2.20503e-05
0.0018436
2.23219e-05
0.00184389
2.25943e-05
0.00184418
2.2868e-05
0.00184446
2.31434e-05
0.00184474
2.3421e-05
0.00184501
2.37013e-05
0.00184528
2.39848e-05
0.00184555
2.42721e-05
0.00184581
2.45638e-05
0.00184608
2.48606e-05
0.00184633
2.51632e-05
0.00184659
2.54724e-05
0.00184685
2.57892e-05
0.0018471
2.61147e-05
0.00184735
2.64501e-05
0.0018476
2.67968e-05
0.00184784
2.71566e-05
0.00184809
2.75316e-05
0.00184833
2.79241e-05
0.00184857
2.83374e-05
0.0018488
2.87752e-05
0.00184904
2.92426e-05
0.00184927
2.9746e-05
0.00184949
3.02943e-05
0.00184971
3.08989e-05
0.00184994
3.15752e-05
3.23378e-05
0.00187509
3.73469e-06
0.00187525
3.8902e-06
0.00187541
4.05209e-06
0.00187558
4.22055e-06
0.00187576
4.39575e-06
0.00187595
4.57789e-06
0.00187615
4.76713e-06
0.00187636
4.96365e-06
0.00187657
5.16759e-06
0.0018768
5.37908e-06
0.00187703
5.59826e-06
0.00187728
5.82523e-06
0.00187753
6.06006e-06
0.0018778
6.30282e-06
0.00187807
6.55353e-06
0.00187836
6.81219e-06
0.00187866
7.07876e-06
0.00187897
7.35319e-06
0.00187929
7.63535e-06
0.00187962
7.92511e-06
0.00187997
8.22227e-06
0.00188032
8.52659e-06
0.00188069
8.8378e-06
0.00188106
9.15556e-06
0.00188145
9.47951e-06
0.00188184
9.80922e-06
0.00188225
1.01442e-05
0.00188266
1.0484e-05
0.00188309
1.08281e-05
0.00188352
1.11758e-05
0.00188395
1.15267e-05
0.0018844
1.18799e-05
0.00188484
1.2235e-05
0.0018853
1.25912e-05
0.00188575
1.29478e-05
0.00188621
1.33044e-05
0.00188667
1.36601e-05
0.00188713
1.40145e-05
0.00188759
1.43669e-05
0.00188805
1.47168e-05
0.00188851
1.50637e-05
0.00188896
1.54073e-05
0.00188941
1.57471e-05
0.00188986
1.60829e-05
0.0018903
1.64145e-05
0.00189073
1.67416e-05
0.00189116
1.70642e-05
0.00189158
1.73823e-05
0.00189199
1.76958e-05
0.0018924
1.8005e-05
0.0018928
1.83099e-05
0.00189319
1.86107e-05
0.00189357
1.89077e-05
0.00189394
1.92011e-05
0.00189431
1.94913e-05
0.00189467
1.97785e-05
0.00189502
2.00631e-05
0.00189537
2.03455e-05
0.00189571
2.06259e-05
0.00189604
2.09049e-05
0.00189636
2.11828e-05
0.00189668
2.146e-05
0.00189699
2.17368e-05
0.0018973
2.20138e-05
0.00189761
2.22913e-05
0.0018979
2.25697e-05
0.0018982
2.28496e-05
0.00189849
2.31314e-05
0.00189877
2.34155e-05
0.00189906
2.37026e-05
0.00189933
2.39932e-05
0.00189961
2.4288e-05
0.00189988
2.45876e-05
0.00190015
2.48928e-05
0.00190042
2.52044e-05
0.00190069
2.55235e-05
0.00190095
2.58512e-05
0.00190121
2.61886e-05
0.00190147
2.65374e-05
0.00190173
2.68993e-05
0.00190198
2.72763e-05
0.00190224
2.76711e-05
0.00190249
2.80868e-05
0.00190274
2.85272e-05
0.00190298
2.89975e-05
0.00190322
2.95041e-05
0.00190346
3.00555e-05
0.0019037
3.06627e-05
0.00190393
3.134e-05
3.21006e-05
0.00193045
3.58772e-06
0.00193061
3.73643e-06
0.00193077
3.89123e-06
0.00193093
4.0523e-06
0.00193111
4.21982e-06
0.00193129
4.39398e-06
0.00193149
4.57496e-06
0.00193169
4.76291e-06
0.0019319
4.95799e-06
0.00193212
5.16035e-06
0.00193234
5.37013e-06
0.00193258
5.58742e-06
0.00193283
5.81234e-06
0.00193309
6.04496e-06
0.00193336
6.28532e-06
0.00193363
6.53346e-06
0.00193392
6.78937e-06
0.00193422
7.05301e-06
0.00193454
7.32432e-06
0.00193486
7.6032e-06
0.00193519
7.8895e-06
0.00193553
8.18303e-06
0.00193589
8.48358e-06
0.00193625
8.79087e-06
0.00193663
9.1046e-06
0.00193701
9.4244e-06
0.00193741
9.74989e-06
0.00193781
1.00806e-05
0.00193822
1.04161e-05
0.00193864
1.07559e-05
0.00193907
1.10993e-05
0.0019395
1.1446e-05
0.00193994
1.17951e-05
0.00194039
1.21462e-05
0.00194084
1.24987e-05
0.00194129
1.28518e-05
0.00194174
1.32051e-05
0.0019422
1.35579e-05
0.00194266
1.39097e-05
0.00194311
1.42598e-05
0.00194357
1.46079e-05
0.00194402
1.49535e-05
0.00194448
1.52961e-05
0.00194492
1.56355e-05
0.00194537
1.59712e-05
0.0019458
1.63032e-05
0.00194624
1.66313e-05
0.00194666
1.69553e-05
0.00194709
1.72752e-05
0.0019475
1.7591e-05
0.00194791
1.79028e-05
0.00194831
1.82108e-05
0.0019487
1.8515e-05
0.00194908
1.88156e-05
0.00194946
1.9113e-05
0.00194983
1.94074e-05
0.0019502
1.96991e-05
0.00195055
1.99883e-05
0.00195091
2.02755e-05
0.00195125
2.0561e-05
0.00195159
2.08451e-05
0.00195192
2.11282e-05
0.00195224
2.14108e-05
0.00195257
2.16931e-05
0.00195288
2.19757e-05
0.00195319
2.2259e-05
0.0019535
2.25434e-05
0.0019538
2.28293e-05
0.0019541
2.31174e-05
0.00195439
2.34082e-05
0.00195468
2.37022e-05
0.00195497
2.40001e-05
0.00195526
2.43026e-05
0.00195554
2.46105e-05
0.00195582
2.49247e-05
0.0019561
2.52462e-05
0.00195637
2.5576e-05
0.00195664
2.59156e-05
0.00195691
2.62664e-05
0.00195718
2.66303e-05
0.00195745
2.70094e-05
0.00195772
2.74063e-05
0.00195798
2.78243e-05
0.00195824
2.82672e-05
0.0019585
2.874e-05
0.00195875
2.92493e-05
0.001959
2.98032e-05
0.00195925
3.04122e-05
0.0019595
3.10896e-05
3.18474e-05
0.00198743
3.44381e-06
0.00198758
3.58599e-06
0.00198774
3.73399e-06
0.00198791
3.88798e-06
0.00198808
4.04815e-06
0.00198826
4.21468e-06
0.00198844
4.38774e-06
0.00198864
4.5675e-06
0.00198884
4.75411e-06
0.00198906
4.94772e-06
0.00198928
5.14848e-06
0.00198951
5.35651e-06
0.00198975
5.57192e-06
0.00199
5.79479e-06
0.00199026
6.02521e-06
0.00199053
6.26321e-06
0.00199081
6.50883e-06
0.0019911
6.76205e-06
0.0019914
7.02284e-06
0.00199171
7.29115e-06
0.00199204
7.56686e-06
0.00199237
7.84983e-06
0.00199271
8.13991e-06
0.00199307
8.43686e-06
0.00199343
8.74043e-06
0.00199381
9.05033e-06
0.00199419
9.36623e-06
0.00199458
9.68774e-06
0.00199498
1.00145e-05
0.00199539
1.03459e-05
0.00199581
1.06817e-05
0.00199624
1.10212e-05
0.00199667
1.13639e-05
0.0019971
1.17093e-05
0.00199755
1.20568e-05
0.00199799
1.24058e-05
0.00199844
1.27557e-05
0.00199889
1.3106e-05
0.00199935
1.34562e-05
0.0019998
1.38056e-05
0.00200026
1.41537e-05
0.00200071
1.45002e-05
0.00200116
1.48445e-05
0.00200161
1.51864e-05
0.00200206
1.55253e-05
0.0020025
1.58612e-05
0.00200293
1.61937e-05
0.00200337
1.65226e-05
0.00200379
1.6848e-05
0.00200422
1.71696e-05
0.00200463
1.74876e-05
0.00200504
1.78019e-05
0.00200544
1.81127e-05
0.00200584
1.842e-05
0.00200623
1.87242e-05
0.00200661
1.90253e-05
0.00200698
1.93236e-05
0.00200735
1.96195e-05
0.00200772
1.99131e-05
0.00200807
2.02049e-05
0.00200842
2.0495e-05
0.00200877
2.0784e-05
0.00200911
2.10722e-05
0.00200944
2.13599e-05
0.00200977
2.16476e-05
0.00201009
2.19356e-05
0.00201041
2.22245e-05
0.00201072
2.25148e-05
0.00201103
2.28069e-05
0.00201134
2.31013e-05
0.00201164
2.33988e-05
0.00201194
2.36999e-05
0.00201224
2.40054e-05
0.00201254
2.43161e-05
0.00201283
2.46328e-05
0.00201312
2.49567e-05
0.0020134
2.52888e-05
0.00201369
2.56305e-05
0.00201397
2.59833e-05
0.00201425
2.63492e-05
0.00201453
2.67303e-05
0.00201481
2.71293e-05
0.00201508
2.75493e-05
0.00201536
2.79944e-05
0.00201563
2.84695e-05
0.0020159
2.89809e-05
0.00201616
2.95367e-05
0.00201643
3.01467e-05
0.00201669
3.08233e-05
3.15776e-05
0.00204608
3.30299e-06
0.00204623
3.43891e-06
0.00204638
3.58038e-06
0.00204654
3.7276e-06
0.00204671
3.88072e-06
0.00204689
4.03994e-06
0.00204707
4.20541e-06
0.00204726
4.37731e-06
0.00204746
4.5558e-06
0.00204766
4.74102e-06
0.00204788
4.93314e-06
0.0020481
5.13227e-06
0.00204834
5.33854e-06
0.00204858
5.55205e-06
0.00204883
5.77289e-06
0.00204909
6.00113e-06
0.00204937
6.2368e-06
0.00204965
6.47995e-06
0.00204994
6.73054e-06
0.00205024
6.98857e-06
0.00205056
7.25396e-06
0.00205088
7.52661e-06
0.00205121
7.80639e-06
0.00205156
8.09314e-06
0.00205191
8.38666e-06
0.00205227
8.6867e-06
0.00205265
8.99297e-06
0.00205303
9.30517e-06
0.00205342
9.62294e-06
0.00205382
9.94588e-06
0.00205423
1.02736e-05
0.00205464
1.06056e-05
0.00205507
1.09414e-05
0.0020555
1.12805e-05
0.00205593
1.16224e-05
0.00205637
1.19665e-05
0.00205681
1.23123e-05
0.00205726
1.26593e-05
0.00205771
1.30069e-05
0.00205816
1.33546e-05
0.00205861
1.37018e-05
0.00205906
1.40482e-05
0.00205952
1.43932e-05
0.00205997
1.47364e-05
0.00206041
1.50776e-05
0.00206086
1.54162e-05
0.0020613
1.57521e-05
0.00206174
1.60851e-05
0.00206217
1.64149e-05
0.0020626
1.67415e-05
0.00206302
1.70648e-05
0.00206344
1.73848e-05
0.00206385
1.77014e-05
0.00206425
1.80148e-05
0.00206465
1.83252e-05
0.00206505
1.86325e-05
0.00206543
1.89371e-05
0.00206581
1.92392e-05
0.00206619
1.9539e-05
0.00206656
1.98367e-05
0.00206692
2.01328e-05
0.00206727
2.04274e-05
0.00206763
2.07211e-05
0.00206797
2.1014e-05
0.00206831
2.13067e-05
0.00206865
2.15996e-05
0.00206898
2.1893e-05
0.00206931
2.21875e-05
0.00206963
2.24835e-05
0.00206995
2.27818e-05
0.00207027
2.30827e-05
0.00207058
2.33871e-05
0.00207089
2.36956e-05
0.0020712
2.4009e-05
0.0020715
2.43284e-05
0.0020718
2.46546e-05
0.0020721
2.4989e-05
0.0020724
2.53328e-05
0.0020727
2.56877e-05
0.00207299
2.60556e-05
0.00207328
2.64386e-05
0.00207357
2.68394e-05
0.00207386
2.72614e-05
0.00207414
2.77083e-05
0.00207443
2.81853e-05
0.00207471
2.86984e-05
0.00207499
2.92554e-05
0.00207527
2.98657e-05
0.00207556
3.05408e-05
3.12909e-05
0.00210645
3.16533e-06
0.0021066
3.29522e-06
0.00210675
3.43044e-06
0.0021069
3.57114e-06
0.00210707
3.7175e-06
0.00210724
3.86969e-06
0.00210741
4.02788e-06
0.0021076
4.19224e-06
0.00210779
4.36294e-06
0.00210799
4.54011e-06
0.0021082
4.72393e-06
0.00210842
4.91451e-06
0.00210865
5.11199e-06
0.00210888
5.31649e-06
0.00210913
5.5281e-06
0.00210938
5.74692e-06
0.00210964
5.97299e-06
0.00210992
6.20637e-06
0.0021102
6.44708e-06
0.0021105
6.69512e-06
0.0021108
6.95044e-06
0.00211111
7.213e-06
0.00211144
7.48269e-06
0.00211177
7.7594e-06
0.00211211
8.04296e-06
0.00211247
8.33319e-06
0.00211283
8.62985e-06
0.0021132
8.93267e-06
0.00211358
9.24136e-06
0.00211397
9.55557e-06
0.00211437
9.87495e-06
0.00211478
1.01991e-05
0.00211519
1.05275e-05
0.00211561
1.08599e-05
0.00211604
1.11956e-05
0.00211647
1.15342e-05
0.00211691
1.18752e-05
0.00211735
1.22181e-05
0.0021178
1.25623e-05
0.00211824
1.29074e-05
0.00211869
1.32528e-05
0.00211914
1.35981e-05
0.00211959
1.39428e-05
0.00212004
1.42864e-05
0.00212049
1.46287e-05
0.00212094
1.49691e-05
0.00212138
1.53075e-05
0.00212182
1.56435e-05
0.00212226
1.59769e-05
0.0021227
1.63076e-05
0.00212313
1.66353e-05
0.00212355
1.69601e-05
0.00212397
1.72819e-05
0.00212438
1.76007e-05
0.00212479
1.79166e-05
0.0021252
1.82296e-05
0.00212559
1.854e-05
0.00212598
1.88478e-05
0.00212637
1.91534e-05
0.00212675
1.94568e-05
0.00212712
1.97585e-05
0.00212749
2.00586e-05
0.00212786
2.03575e-05
0.00212822
2.06556e-05
0.00212857
2.09532e-05
0.00212892
2.12507e-05
0.00212926
2.15486e-05
0.0021296
2.18473e-05
0.00212994
2.21473e-05
0.00213027
2.24493e-05
0.0021306
2.27537e-05
0.00213093
2.30613e-05
0.00213125
2.33728e-05
0.00213157
2.36891e-05
0.00213189
2.4011e-05
0.0021322
2.43397e-05
0.00213251
2.46763e-05
0.00213282
2.50222e-05
0.00213313
2.53791e-05
0.00213344
2.57488e-05
0.00213374
2.61336e-05
0.00213405
2.65362e-05
0.00213435
2.69598e-05
0.00213465
2.74084e-05
0.00213495
2.78869e-05
0.00213524
2.84012e-05
0.00213554
2.89588e-05
0.00213584
2.95686e-05
0.00213614
3.02414e-05
3.09866e-05
0.0021686
3.03085e-06
0.00216874
3.15496e-06
0.00216888
3.28416e-06
0.00216903
3.4186e-06
0.00216919
3.55846e-06
0.00216936
3.7039e-06
0.00216953
3.8551e-06
0.00216971
4.01222e-06
0.0021699
4.17542e-06
0.00217009
4.34486e-06
0.0021703
4.52069e-06
0.00217051
4.70305e-06
0.00217073
4.89207e-06
0.00217096
5.08789e-06
0.0021712
5.2906e-06
0.00217144
5.50031e-06
0.0021717
5.7171e-06
0.00217196
5.94104e-06
0.00217224
6.17215e-06
0.00217252
6.41047e-06
0.00217282
6.65599e-06
0.00217312
6.90867e-06
0.00217344
7.16847e-06
0.00217376
7.4353e-06
0.00217409
7.70903e-06
0.00217444
7.98952e-06
0.00217479
8.27659e-06
0.00217515
8.57e-06
0.00217553
8.86953e-06
0.00217591
9.17487e-06
0.0021763
9.48571e-06
0.00217669
9.8017e-06
0.0021771
1.01225e-05
0.00217751
1.04476e-05
0.00217793
1.07766e-05
0.00217835
1.11092e-05
0.00217878
1.14447e-05
0.00217922
1.17827e-05
0.00217966
1.21228e-05
0.0021801
1.24645e-05
0.00218055
1.28072e-05
0.002181
1.31505e-05
0.00218144
1.34939e-05
0.00218189
1.38371e-05
0.00218234
1.41795e-05
0.00218279
1.45207e-05
0.00218324
1.48606e-05
0.00218368
1.51987e-05
0.00218413
1.55347e-05
0.00218456
1.58685e-05
0.002185
1.61999e-05
0.00218543
1.65287e-05
0.00218586
1.68548e-05
0.00218628
1.71783e-05
0.0021867
1.74991e-05
0.00218711
1.78172e-05
0.00218752
1.81328e-05
0.00218792
1.84459e-05
0.00218832
1.87567e-05
0.00218871
1.90655e-05
0.00218909
1.93724e-05
0.00218948
1.96777e-05
0.00218985
1.99816e-05
0.00219022
2.02846e-05
0.00219059
2.05869e-05
0.00219095
2.0889e-05
0.00219131
2.11912e-05
0.00219166
2.1494e-05
0.00219201
2.1798e-05
0.00219236
2.21036e-05
0.0021927
2.24115e-05
0.00219304
2.27223e-05
0.00219337
2.30369e-05
0.00219371
2.33559e-05
0.00219404
2.36804e-05
0.00219436
2.40115e-05
0.00219469
2.43503e-05
0.00219501
2.46983e-05
0.00219534
2.5057e-05
0.00219566
2.54285e-05
0.00219598
2.5815e-05
0.00219629
2.62191e-05
0.00219661
2.66442e-05
0.00219692
2.70941e-05
0.00219724
2.75736e-05
0.00219755
2.80886e-05
0.00219786
2.86461e-05
0.00219818
2.92547e-05
0.00219849
2.99245e-05
3.06641e-05
0.00223256
2.89962e-06
0.0022327
3.01815e-06
0.00223284
3.14155e-06
0.00223299
3.26997e-06
0.00223315
3.40357e-06
0.00223331
3.54253e-06
0.00223348
3.687e-06
0.00223365
3.83715e-06
0.00223383
3.99315e-06
0.00223402
4.15514e-06
0.00223422
4.32328e-06
0.00223443
4.49772e-06
0.00223464
4.67859e-06
0.00223486
4.86603e-06
0.00223509
5.06016e-06
0.00223533
5.26108e-06
0.00223558
5.46889e-06
0.00223584
5.68366e-06
0.0022361
5.90546e-06
0.00223638
6.13433e-06
0.00223667
6.37029e-06
0.00223696
6.61333e-06
0.00223727
6.86344e-06
0.00223758
7.12055e-06
0.00223791
7.38458e-06
0.00223824
7.65543e-06
0.00223858
7.93294e-06
0.00223894
8.21695e-06
0.0022393
8.50725e-06
0.00223967
8.8036e-06
0.00224005
9.10573e-06
0.00224044
9.41334e-06
0.00224083
9.72609e-06
0.00224124
1.00436e-05
0.00224165
1.03656e-05
0.00224207
1.06915e-05
0.00224249
1.1021e-05
0.00224292
1.13536e-05
0.00224335
1.16889e-05
0.00224379
1.20264e-05
0.00224423
1.23656e-05
0.00224468
1.2706e-05
0.00224512
1.30473e-05
0.00224557
1.3389e-05
0.00224602
1.37306e-05
0.00224647
1.40717e-05
0.00224692
1.44121e-05
0.00224737
1.47513e-05
0.00224781
1.5089e-05
0.00224826
1.54251e-05
0.0022487
1.57592e-05
0.00224913
1.60911e-05
0.00224957
1.64209e-05
0.00225
1.67482e-05
0.00225042
1.70732e-05
0.00225085
1.73957e-05
0.00225126
1.77159e-05
0.00225167
1.80338e-05
0.00225208
1.83494e-05
0.00225248
1.8663e-05
0.00225288
1.89748e-05
0.00225327
1.92849e-05
0.00225366
1.95936e-05
0.00225405
1.99012e-05
0.00225442
2.0208e-05
0.0022548
2.05145e-05
0.00225517
2.08209e-05
0.00225554
2.11277e-05
0.0022559
2.14354e-05
0.00225626
2.17446e-05
0.00225661
2.20559e-05
0.00225697
2.23699e-05
0.00225731
2.26873e-05
0.00225766
2.30091e-05
0.00225801
2.33362e-05
0.00225835
2.36695e-05
0.00225869
2.40105e-05
0.00225903
2.43604e-05
0.00225936
2.4721e-05
0.0022597
2.50941e-05
0.00226003
2.54821e-05
0.00226036
2.58876e-05
0.00226069
2.63138e-05
0.00226102
2.67647e-05
0.00226135
2.72448e-05
0.00226168
2.77599e-05
0.00226201
2.83168e-05
0.00226234
2.89236e-05
0.00226267
2.95896e-05
3.0323e-05
0.00229842
2.77164e-06
0.00229855
2.88481e-06
0.00229869
3.00263e-06
0.00229883
3.12524e-06
0.00229898
3.25283e-06
0.00229914
3.38553e-06
0.0022993
3.52353e-06
0.00229947
3.66697e-06
0.00229965
3.81603e-06
0.00229984
3.97084e-06
0.00230003
4.13158e-06
0.00230023
4.29838e-06
0.00230043
4.47139e-06
0.00230065
4.65075e-06
0.00230087
4.83658e-06
0.0023011
5.02899e-06
0.00230135
5.2281e-06
0.00230159
5.434e-06
0.00230185
5.64675e-06
0.00230212
5.86643e-06
0.0023024
6.09307e-06
0.00230269
6.32669e-06
0.00230298
6.5673e-06
0.00230329
6.81487e-06
0.0023036
7.06934e-06
0.00230393
7.33064e-06
0.00230426
7.59867e-06
0.00230461
7.87329e-06
0.00230496
8.15434e-06
0.00230532
8.44161e-06
0.00230569
8.7349e-06
0.00230607
9.03393e-06
0.00230646
9.33842e-06
0.00230685
9.64806e-06
0.00230726
9.96251e-06
0.00230767
1.02814e-05
0.00230808
1.06043e-05
0.00230851
1.09309e-05
0.00230893
1.12607e-05
0.00230937
1.15933e-05
0.0023098
1.19283e-05
0.00231025
1.22651e-05
0.00231069
1.26034e-05
0.00231114
1.29427e-05
0.00231158
1.32827e-05
0.00231203
1.36228e-05
0.00231248
1.39628e-05
0.00231293
1.43022e-05
0.00231338
1.46407e-05
0.00231383
1.4978e-05
0.00231427
1.5314e-05
0.00231471
1.56483e-05
0.00231515
1.59807e-05
0.00231559
1.63112e-05
0.00231602
1.66396e-05
0.00231645
1.69659e-05
0.00231688
1.729e-05
0.0023173
1.7612e-05
0.00231772
1.79319e-05
0.00231813
1.82499e-05
0.00231854
1.8566e-05
0.00231895
1.88806e-05
0.00231935
1.91937e-05
0.00231974
1.95056e-05
0.00232013
1.98166e-05
0.00232052
2.01272e-05
0.0023209
2.04375e-05
0.00232128
2.07482e-05
0.00232166
2.10595e-05
0.00232203
2.13722e-05
0.0023224
2.16867e-05
0.00232277
2.20037e-05
0.00232313
2.2324e-05
0.00232349
2.26484e-05
0.00232385
2.29779e-05
0.00232421
2.33135e-05
0.00232456
2.36565e-05
0.00232491
2.40083e-05
0.00232526
2.43705e-05
0.00232561
2.47451e-05
0.00232596
2.51344e-05
0.00232631
2.5541e-05
0.00232665
2.59681e-05
0.002327
2.64195e-05
0.00232734
2.68999e-05
0.00232769
2.74146e-05
0.00232803
2.79702e-05
0.00232838
2.85744e-05
0.00232874
2.92361e-05
2.99626e-05
0.00236621
2.64696e-06
0.00236634
2.75495e-06
0.00236647
2.86738e-06
0.00236661
2.98441e-06
0.00236676
3.10619e-06
0.00236691
3.23288e-06
0.00236707
3.36463e-06
0.00236724
3.50161e-06
0.00236741
3.64397e-06
0.00236759
3.79187e-06
0.00236777
3.94546e-06
0.00236797
4.10489e-06
0.00236817
4.27031e-06
0.00236838
4.44186e-06
0.00236859
4.61966e-06
0.00236882
4.80385e-06
0.00236905
4.99453e-06
0.00236929
5.19181e-06
0.00236954
5.39578e-06
0.0023698
5.60651e-06
0.00237007
5.82407e-06
0.00237035
6.04849e-06
0.00237064
6.27979e-06
0.00237094
6.51799e-06
0.00237124
6.76304e-06
0.00237156
7.01492e-06
0.00237188
7.27354e-06
0.00237222
7.53881e-06
0.00237256
7.8106e-06
0.00237291
8.08875e-06
0.00237328
8.37308e-06
0.00237365
8.66338e-06
0.00237403
8.9594e-06
0.00237441
9.26088e-06
0.00237481
9.5675e-06
0.00237521
9.87896e-06
0.00237562
1.01949e-05
0.00237604
1.05149e-05
0.00237646
1.08387e-05
0.00237689
1.11658e-05
0.00237732
1.14958e-05
0.00237775
1.18283e-05
0.0023782
1.21628e-05
0.00237864
1.2499e-05
0.00237909
1.28364e-05
0.00237953
1.31746e-05
0.00237998
1.35133e-05
0.00238043
1.3852e-05
0.00238088
1.41904e-05
0.00238133
1.45281e-05
0.00238178
1.4865e-05
0.00238223
1.52008e-05
0.00238268
1.55351e-05
0.00238312
1.58679e-05
0.00238356
1.61989e-05
0.002384
1.65282e-05
0.00238443
1.68556e-05
0.00238486
1.71811e-05
0.00238529
1.75047e-05
0.00238571
1.78264e-05
0.00238613
1.81465e-05
0.00238655
1.8465e-05
0.00238696
1.8782e-05
0.00238737
1.90979e-05
0.00238777
1.94128e-05
0.00238817
1.97272e-05
0.00238857
2.00412e-05
0.00238896
2.03554e-05
0.00238935
2.06702e-05
0.00238974
2.09862e-05
0.00239012
2.13037e-05
0.0023905
2.16237e-05
0.00239088
2.19467e-05
0.00239125
2.22736e-05
0.00239162
2.26053e-05
0.00239199
2.2943e-05
0.00239236
2.32879e-05
0.00239273
2.36414e-05
0.0023931
2.40051e-05
0.00239346
2.4381e-05
0.00239382
2.47714e-05
0.00239418
2.51788e-05
0.00239455
2.56065e-05
0.00239491
2.60581e-05
0.00239527
2.65382e-05
0.00239563
2.7052e-05
0.002396
2.76057e-05
0.00239636
2.82067e-05
0.00239674
2.88632e-05
2.95823e-05
0.00243599
2.52558e-06
0.00243612
2.62858e-06
0.00243625
2.73582e-06
0.00243639
2.84746e-06
0.00243653
2.96364e-06
0.00243668
3.08452e-06
0.00243683
3.21025e-06
0.002437
3.34099e-06
0.00243716
3.4769e-06
0.00243734
3.61812e-06
0.00243752
3.76482e-06
0.0024377
3.91713e-06
0.0024379
4.07522e-06
0.0024381
4.23921e-06
0.00243831
4.40925e-06
0.00243853
4.58547e-06
0.00243876
4.76798e-06
0.00243899
4.9569e-06
0.00243924
5.15232e-06
0.00243949
5.35435e-06
0.00243975
5.56305e-06
0.00244002
5.77847e-06
0.0024403
6.00067e-06
0.00244059
6.22967e-06
0.00244088
6.46546e-06
0.00244119
6.70803e-06
0.00244151
6.95733e-06
0.00244183
7.2133e-06
0.00244217
7.47585e-06
0.00244251
7.74485e-06
0.00244286
8.02016e-06
0.00244323
8.3016e-06
0.0024436
8.58898e-06
0.00244398
8.88205e-06
0.00244436
9.18057e-06
0.00244476
9.48424e-06
0.00244516
9.79277e-06
0.00244557
1.01058e-05
0.00244598
1.0423e-05
0.00244641
1.0744e-05
0.00244683
1.10685e-05
0.00244727
1.13959e-05
0.0024477
1.1726e-05
0.00244814
1.20582e-05
0.00244859
1.23923e-05
0.00244903
1.27278e-05
0.00244948
1.30642e-05
0.00244993
1.34014e-05
0.00245039
1.37388e-05
0.00245084
1.40761e-05
0.00245129
1.4413e-05
0.00245174
1.47493e-05
0.00245219
1.50847e-05
0.00245264
1.5419e-05
0.00245309
1.57519e-05
0.00245353
1.60834e-05
0.00245397
1.64133e-05
0.00245441
1.67415e-05
0.00245485
1.70682e-05
0.00245528
1.73931e-05
0.00245571
1.77165e-05
0.00245614
1.80384e-05
0.00245656
1.8359e-05
0.00245698
1.86783e-05
0.0024574
1.89968e-05
0.00245781
1.93146e-05
0.00245822
1.9632e-05
0.00245863
1.99495e-05
0.00245903
2.02675e-05
0.00245943
2.05864e-05
0.00245983
2.09069e-05
0.00246022
2.12295e-05
0.00246061
2.1555e-05
0.002461
2.18843e-05
0.00246139
2.22181e-05
0.00246177
2.25578e-05
0.00246216
2.29044e-05
0.00246254
2.32593e-05
0.00246292
2.36243e-05
0.0024633
2.40013e-05
0.00246368
2.43925e-05
0.00246406
2.48004e-05
0.00246443
2.52283e-05
0.00246481
2.56797e-05
0.00246519
2.6159e-05
0.00246557
2.66714e-05
0.00246596
2.72226e-05
0.00246634
2.78197e-05
0.00246674
2.84704e-05
2.91814e-05
0.00250784
2.40753e-06
0.00250796
2.5057e-06
0.00250809
2.60793e-06
0.00250823
2.71436e-06
0.00250836
2.82514e-06
0.00250851
2.94041e-06
0.00250866
3.06033e-06
0.00250881
3.18505e-06
0.00250898
3.31473e-06
0.00250914
3.4495e-06
0.00250932
3.58954e-06
0.0025095
3.73497e-06
0.00250969
3.88597e-06
0.00250989
4.04265e-06
0.00251009
4.20517e-06
0.0025103
4.37366e-06
0.00251052
4.54825e-06
0.00251075
4.72905e-06
0.00251099
4.91617e-06
0.00251123
5.10972e-06
0.00251149
5.30978e-06
0.00251175
5.51642e-06
0.00251202
5.7297e-06
0.0025123
5.94967e-06
0.00251259
6.17635e-06
0.00251289
6.40974e-06
0.00251319
6.64982e-06
0.00251351
6.89656e-06
0.00251384
7.1499e-06
0.00251417
7.40975e-06
0.00251452
7.67599e-06
0.00251487
7.94849e-06
0.00251523
8.22707e-06
0.0025156
8.51156e-06
0.00251598
8.80172e-06
0.00251637
9.09732e-06
0.00251676
9.39809e-06
0.00251716
9.70372e-06
0.00251757
1.00139e-05
0.00251799
1.03283e-05
0.00251841
1.06466e-05
0.00251884
1.09684e-05
0.00251927
1.12933e-05
0.00251971
1.16209e-05
0.00252015
1.19509e-05
0.00252059
1.22828e-05
0.00252104
1.26163e-05
0.00252149
1.2951e-05
0.00252194
1.32865e-05
0.0025224
1.36225e-05
0.00252285
1.39587e-05
0.00252331
1.42947e-05
0.00252376
1.46302e-05
0.00252422
1.49651e-05
0.00252467
1.52991e-05
0.00252512
1.5632e-05
0.00252557
1.59637e-05
0.00252602
1.6294e-05
0.00252646
1.66229e-05
0.0025269
1.69505e-05
0.00252734
1.72766e-05
0.00252778
1.76013e-05
0.00252822
1.79248e-05
0.00252865
1.82472e-05
0.00252907
1.85687e-05
0.0025295
1.88896e-05
0.00252992
1.921e-05
0.00253034
1.95305e-05
0.00253076
1.98513e-05
0.00253117
2.01729e-05
0.00253158
2.0496e-05
0.00253199
2.08211e-05
0.0025324
2.11489e-05
0.0025328
2.14802e-05
0.0025332
2.1816e-05
0.0025336
2.21573e-05
0.002534
2.25054e-05
0.0025344
2.28617e-05
0.0025348
2.32277e-05
0.00253519
2.36055e-05
0.00253559
2.39971e-05
0.00253598
2.44053e-05
0.00253638
2.4833e-05
0.00253677
2.52838e-05
0.00253717
2.57618e-05
0.00253757
2.62721e-05
0.00253797
2.68202e-05
0.00253838
2.74127e-05
0.00253879
2.8057e-05
2.87593e-05
0.00258181
2.29279e-06
0.00258193
2.38631e-06
0.00258205
2.4837e-06
0.00258218
2.5851e-06
0.00258232
2.69066e-06
0.00258246
2.80052e-06
0.0025826
2.91483e-06
0.00258275
3.03373e-06
0.00258291
3.15738e-06
0.00258307
3.28593e-06
0.00258324
3.41952e-06
0.00258342
3.5583e-06
0.0025836
3.70243e-06
0.0025838
3.85204e-06
0.00258399
4.00728e-06
0.0025842
4.16828e-06
0.00258441
4.33517e-06
0.00258463
4.50808e-06
0.00258486
4.68713e-06
0.0025851
4.87242e-06
0.00258534
5.06405e-06
0.0025856
5.2621e-06
0.00258586
5.46666e-06
0.00258613
5.67777e-06
0.00258642
5.89549e-06
0.0025867
6.11983e-06
0.002587
6.35081e-06
0.00258731
6.5884e-06
0.00258763
6.83258e-06
0.00258796
7.08328e-06
0.00258829
7.34043e-06
0.00258864
7.60392e-06
0.00258899
7.87361e-06
0.00258935
8.14935e-06
0.00258972
8.43096e-06
0.0025901
8.71823e-06
0.00259049
9.01092e-06
0.00259088
9.30879e-06
0.00259129
9.61154e-06
0.0025917
9.91888e-06
0.00259211
1.02305e-05
0.00259253
1.0546e-05
0.00259296
1.08651e-05
0.0025934
1.11875e-05
0.00259383
1.15126e-05
0.00259428
1.18403e-05
0.00259472
1.217e-05
0.00259517
1.25015e-05
0.00259562
1.28343e-05
0.00259608
1.31681e-05
0.00259653
1.35026e-05
0.00259699
1.38375e-05
0.00259745
1.41723e-05
0.00259791
1.4507e-05
0.00259837
1.48412e-05
0.00259882
1.51747e-05
0.00259928
1.55073e-05
0.00259973
1.5839e-05
0.00260019
1.61695e-05
0.00260064
1.64989e-05
0.00260109
1.68271e-05
0.00260154
1.71541e-05
0.00260198
1.748e-05
0.00260242
1.78049e-05
0.00260286
1.81289e-05
0.0026033
1.84523e-05
0.00260374
1.87754e-05
0.00260417
1.90983e-05
0.0026046
1.94216e-05
0.00260502
1.97457e-05
0.00260545
2.0071e-05
0.00260587
2.03982e-05
0.00260629
2.0728e-05
0.00260671
2.10612e-05
0.00260713
2.13986e-05
0.00260755
2.17414e-05
0.00260796
2.20907e-05
0.00260837
2.2448e-05
0.00260879
2.28148e-05
0.0026092
2.31931e-05
0.00260961
2.35849e-05
0.00261002
2.39929e-05
0.00261044
2.442e-05
0.00261085
2.48696e-05
0.00261127
2.53459e-05
0.00261169
2.58535e-05
0.00261211
2.63979e-05
0.00261254
2.69852e-05
0.00261297
2.76224e-05
2.83153e-05
0.00265796
2.18137e-06
0.00265808
2.27039e-06
0.0026582
2.3631e-06
0.00265832
2.45965e-06
0.00265846
2.56016e-06
0.00265859
2.66479e-06
0.00265873
2.77367e-06
0.00265888
2.88695e-06
0.00265903
3.00478e-06
0.00265919
3.1273e-06
0.00265935
3.25466e-06
0.00265953
3.38701e-06
0.0026597
3.52449e-06
0.00265989
3.66724e-06
0.00266008
3.81542e-06
0.00266028
3.96915e-06
0.00266049
4.12857e-06
0.0026607
4.29381e-06
0.00266092
4.465e-06
0.00266115
4.64224e-06
0.00266139
4.82565e-06
0.00266164
5.01532e-06
0.00266189
5.21133e-06
0.00266216
5.41377e-06
0.00266243
5.62268e-06
0.00266271
5.83811e-06
0.002663
6.06009e-06
0.0026633
6.28862e-06
0.00266361
6.5237e-06
0.00266393
6.76529e-06
0.00266426
7.01334e-06
0.00266459
7.26777e-06
0.00266494
7.52849e-06
0.00266529
7.79536e-06
0.00266565
8.06824e-06
0.00266603
8.34696e-06
0.00266641
8.63132e-06
0.00266679
8.9211e-06
0.00266719
9.21605e-06
0.00266759
9.5159e-06
0.002668
9.82036e-06
0.00266842
1.01291e-05
0.00266884
1.04419e-05
0.00266927
1.07583e-05
0.00266971
1.1078e-05
0.00267015
1.14007e-05
0.00267059
1.17259e-05
0.00267104
1.20534e-05
0.00267149
1.23827e-05
0.00267194
1.27135e-05
0.0026724
1.30455e-05
0.00267286
1.33783e-05
0.00267332
1.37117e-05
0.00267378
1.40453e-05
0.00267424
1.43788e-05
0.00267471
1.47121e-05
0.00267517
1.5045e-05
0.00267563
1.53771e-05
0.00267609
1.57085e-05
0.00267655
1.6039e-05
0.00267701
1.63686e-05
0.00267747
1.66972e-05
0.00267792
1.70248e-05
0.00267838
1.73516e-05
0.00267883
1.76776e-05
0.00267928
1.80031e-05
0.00267972
1.83282e-05
0.00268017
1.86532e-05
0.00268061
1.89786e-05
0.00268105
1.93046e-05
0.00268149
1.96318e-05
0.00268193
1.99609e-05
0.00268237
2.02923e-05
0.0026828
2.0627e-05
0.00268323
2.09658e-05
0.00268366
2.13097e-05
0.0026841
2.16599e-05
0.00268453
2.20179e-05
0.00268495
2.23851e-05
0.00268538
2.27635e-05
0.00268581
2.31552e-05
0.00268624
2.35626e-05
0.00268668
2.39886e-05
0.00268711
2.44367e-05
0.00268754
2.49106e-05
0.00268798
2.5415e-05
0.00268843
2.59549e-05
0.00268887
2.65363e-05
0.00268933
2.71657e-05
2.78486e-05
0.00273637
2.07325e-06
0.00273648
2.15792e-06
0.0027366
2.24611e-06
0.00273672
2.33796e-06
0.00273684
2.4336e-06
0.00273698
2.53317e-06
0.00273711
2.63681e-06
0.00273725
2.74465e-06
0.0027374
2.85684e-06
0.00273756
2.97353e-06
0.00273772
3.09486e-06
0.00273788
3.22097e-06
0.00273805
3.35201e-06
0.00273823
3.48812e-06
0.00273842
3.62945e-06
0.00273861
3.77612e-06
0.00273881
3.92829e-06
0.00273902
4.08607e-06
0.00273924
4.24961e-06
0.00273946
4.41901e-06
0.00273969
4.5944e-06
0.00273993
4.77587e-06
0.00274018
4.96352e-06
0.00274043
5.15744e-06
0.0027407
5.3577e-06
0.00274097
5.56436e-06
0.00274126
5.77746e-06
0.00274155
5.99703e-06
0.00274185
6.22308e-06
0.00274216
6.4556e-06
0.00274248
6.69457e-06
0.0027428
6.93992e-06
0.00274314
7.1916e-06
0.00274349
7.44951e-06
0.00274384
7.71353e-06
0.00274421
7.98352e-06
0.00274458
8.25932e-06
0.00274496
8.54073e-06
0.00274535
8.82754e-06
0.00274574
9.11952e-06
0.00274615
9.41642e-06
0.00274656
9.71796e-06
0.00274698
1.00238e-05
0.0027474
1.03338e-05
0.00274783
1.06474e-05
0.00274827
1.09644e-05
0.00274871
1.12844e-05
0.00274915
1.16071e-05
0.00274961
1.19322e-05
0.00275006
1.22592e-05
0.00275052
1.25879e-05
0.00275098
1.29179e-05
0.00275144
1.32489e-05
0.00275191
1.35806e-05
0.00275237
1.39127e-05
0.00275284
1.42449e-05
0.00275331
1.45771e-05
0.00275377
1.4909e-05
0.00275424
1.52404e-05
0.00275471
1.55713e-05
0.00275518
1.59015e-05
0.00275564
1.62309e-05
0.00275611
1.65597e-05
0.00275657
1.68877e-05
0.00275704
1.72151e-05
0.0027575
1.7542e-05
0.00275796
1.78687e-05
0.00275841
1.81953e-05
0.00275887
1.85222e-05
0.00275932
1.88498e-05
0.00275978
1.91785e-05
0.00276023
1.95089e-05
0.00276068
1.98416e-05
0.00276113
2.01774e-05
0.00276158
2.05172e-05
0.00276203
2.08619e-05
0.00276247
2.12127e-05
0.00276292
2.1571e-05
0.00276337
2.19383e-05
0.00276381
2.23164e-05
0.00276426
2.27075e-05
0.00276471
2.31138e-05
0.00276516
2.35383e-05
0.00276561
2.39843e-05
0.00276607
2.44553e-05
0.00276653
2.49558e-05
0.00276699
2.54907e-05
0.00276746
2.60655e-05
0.00276794
2.66864e-05
2.73587e-05
0.00281709
1.96841e-06
0.0028172
2.04887e-06
0.00281731
2.13269e-06
0.00281743
2.22e-06
0.00281755
2.31093e-06
0.00281768
2.4056e-06
0.00281781
2.50416e-06
0.00281795
2.60675e-06
0.00281809
2.71349e-06
0.00281824
2.82453e-06
0.0028184
2.94002e-06
0.00281856
3.06009e-06
0.00281872
3.18488e-06
0.0028189
3.31455e-06
0.00281908
3.44923e-06
0.00281927
3.58905e-06
0.00281946
3.73416e-06
0.00281966
3.8847e-06
0.00281987
4.04078e-06
0.00282009
4.20254e-06
0.00282031
4.37009e-06
0.00282054
4.54355e-06
0.00282078
4.72302e-06
0.00282103
4.9086e-06
0.00282129
5.10036e-06
0.00282156
5.29839e-06
0.00282183
5.50273e-06
0.00282211
5.71344e-06
0.00282241
5.93055e-06
0.00282271
6.15405e-06
0.00282302
6.38396e-06
0.00282334
6.62024e-06
0.00282367
6.86285e-06
0.002824
7.11172e-06
0.00282435
7.36676e-06
0.00282471
7.62787e-06
0.00282507
7.8949e-06
0.00282544
8.16771e-06
0.00282583
8.4461e-06
0.00282622
8.72988e-06
0.00282661
9.01883e-06
0.00282702
9.3127e-06
0.00282743
9.61122e-06
0.00282785
9.91411e-06
0.00282828
1.02211e-05
0.00282871
1.05318e-05
0.00282915
1.0846e-05
0.00282959
1.11633e-05
0.00283004
1.14833e-05
0.00283049
1.18058e-05
0.00283095
1.21304e-05
0.00283141
1.24567e-05
0.00283188
1.27845e-05
0.00283234
1.31135e-05
0.00283281
1.34433e-05
0.00283329
1.37737e-05
0.00283376
1.41043e-05
0.00283423
1.44351e-05
0.00283471
1.47658e-05
0.00283518
1.50963e-05
0.00283566
1.54263e-05
0.00283613
1.57559e-05
0.00283661
1.6085e-05
0.00283708
1.64136e-05
0.00283755
1.67417e-05
0.00283803
1.70695e-05
0.0028385
1.73971e-05
0.00283897
1.77247e-05
0.00283944
1.80527e-05
0.00283991
1.83813e-05
0.00284037
1.8711e-05
0.00284084
1.90423e-05
0.00284131
1.93758e-05
0.00284177
1.97123e-05
0.00284224
2.00526e-05
0.0028427
2.03977e-05
0.00284316
2.07487e-05
0.00284363
2.11069e-05
0.00284409
2.14738e-05
0.00284456
2.18513e-05
0.00284502
2.22412e-05
0.00284549
2.26461e-05
0.00284596
2.30686e-05
0.00284643
2.35118e-05
0.00284691
2.39793e-05
0.00284739
2.44753e-05
0.00284788
2.50045e-05
0.00284837
2.5572e-05
0.00284887
2.61838e-05
2.68447e-05
0.0029002
1.86681e-06
0.0029003
1.9432e-06
0.00290041
2.02279e-06
0.00290053
2.10571e-06
0.00290065
2.19208e-06
0.00290077
2.28202e-06
0.0029009
2.37567e-06
0.00290103
2.47316e-06
0.00290117
2.57462e-06
0.00290132
2.6802e-06
0.00290147
2.79002e-06
0.00290162
2.90424e-06
0.00290178
3.02298e-06
0.00290195
3.14639e-06
0.00290213
3.27461e-06
0.00290231
3.40778e-06
0.0029025
3.54604e-06
0.00290269
3.68951e-06
0.00290289
3.83834e-06
0.0029031
3.99264e-06
0.00290332
4.15255e-06
0.00290355
4.31819e-06
0.00290378
4.48965e-06
0.00290402
4.66704e-06
0.00290427
4.85047e-06
0.00290453
5.04e-06
0.0029048
5.23572e-06
0.00290507
5.43767e-06
0.00290536
5.64591e-06
0.00290565
5.86047e-06
0.00290595
6.08136e-06
0.00290626
6.30858e-06
0.00290659
6.5421e-06
0.00290692
6.78188e-06
0.00290725
7.02786e-06
0.0029076
7.27996e-06
0.00290796
7.53807e-06
0.00290832
7.80206e-06
0.0029087
8.07178e-06
0.00290908
8.34706e-06
0.00290947
8.62772e-06
0.00290987
8.91352e-06
0.00291028
9.20424e-06
0.00291069
9.49963e-06
0.00291111
9.79941e-06
0.00291154
1.01033e-05
0.00291198
1.0411e-05
0.00291242
1.07222e-05
0.00291287
1.10365e-05
0.00291332
1.13537e-05
0.00291378
1.16735e-05
0.00291424
1.19954e-05
0.0029147
1.23192e-05
0.00291517
1.26446e-05
0.00291564
1.29713e-05
0.00291612
1.32989e-05
0.00291659
1.36273e-05
0.00291707
1.39562e-05
0.00291755
1.42853e-05
0.00291804
1.46145e-05
0.00291852
1.49436e-05
0.002919
1.52726e-05
0.00291949
1.56013e-05
0.00291997
1.59297e-05
0.00292045
1.62579e-05
0.00292094
1.65858e-05
0.00292142
1.69137e-05
0.0029219
1.72417e-05
0.00292239
1.75701e-05
0.00292287
1.78991e-05
0.00292335
1.82293e-05
0.00292383
1.8561e-05
0.00292431
1.88949e-05
0.00292479
1.92316e-05
0.00292527
1.95719e-05
0.00292575
1.99169e-05
0.00292624
2.02676e-05
0.00292672
2.06252e-05
0.0029272
2.09913e-05
0.00292768
2.13676e-05
0.00292817
2.1756e-05
0.00292866
2.21589e-05
0.00292915
2.25787e-05
0.00292964
2.30186e-05
0.00293014
2.3482e-05
0.00293064
2.39729e-05
0.00293115
2.44956e-05
0.00293166
2.50552e-05
0.00293219
2.56571e-05
2.6306e-05
0.00298577
1.76841e-06
0.00298587
1.84086e-06
0.00298598
1.91637e-06
0.00298609
1.99504e-06
0.0029862
2.07699e-06
0.00298632
2.16235e-06
0.00298645
2.25125e-06
0.00298658
2.3438e-06
0.00298671
2.44015e-06
0.00298685
2.54043e-06
0.00298699
2.64477e-06
0.00298715
2.75331e-06
0.0029873
2.86618e-06
0.00298747
2.98352e-06
0.00298763
3.10547e-06
0.00298781
3.23217e-06
0.00298799
3.36375e-06
0.00298818
3.50036e-06
0.00298838
3.64211e-06
0.00298858
3.78915e-06
0.00298879
3.9416e-06
0.00298901
4.09958e-06
0.00298924
4.2632e-06
0.00298947
4.43258e-06
0.00298971
4.60781e-06
0.00298997
4.78899e-06
0.00299023
4.97621e-06
0.00299049
5.16952e-06
0.00299077
5.369e-06
0.00299106
5.57469e-06
0.00299135
5.78661e-06
0.00299165
6.00479e-06
0.00299197
6.22922e-06
0.00299229
6.45988e-06
0.00299262
6.69673e-06
0.00299296
6.93972e-06
0.00299331
7.18876e-06
0.00299367
7.44376e-06
0.00299404
7.7046e-06
0.00299441
7.97112e-06
0.0029948
8.24317e-06
0.00299519
8.52057e-06
0.00299559
8.80309e-06
0.002996
9.09053e-06
0.00299642
9.38263e-06
0.00299684
9.67914e-06
0.00299727
9.97978e-06
0.00299771
1.02843e-05
0.00299815
1.05923e-05
0.0029986
1.09035e-05
0.00299906
1.12177e-05
0.00299952
1.15344e-05
0.00299999
1.18535e-05
0.00300046
1.21745e-05
0.00300093
1.24972e-05
0.00300141
1.28213e-05
0.00300189
1.31466e-05
0.00300237
1.34726e-05
0.00300286
1.37994e-05
0.00300335
1.41265e-05
0.00300384
1.44539e-05
0.00300433
1.47814e-05
0.00300482
1.51089e-05
0.00300531
1.54364e-05
0.00300581
1.57639e-05
0.0030063
1.60913e-05
0.0030068
1.64188e-05
0.00300729
1.67465e-05
0.00300779
1.70746e-05
0.00300828
1.74035e-05
0.00300878
1.77335e-05
0.00300927
1.8065e-05
0.00300977
1.83986e-05
0.00301027
1.8735e-05
0.00301076
1.90749e-05
0.00301126
1.94193e-05
0.00301176
1.97691e-05
0.00301226
2.01257e-05
0.00301276
2.04905e-05
0.00301326
2.0865e-05
0.00301377
2.12513e-05
0.00301428
2.16516e-05
0.00301479
2.20682e-05
0.0030153
2.25042e-05
0.00301582
2.29629e-05
0.00301634
2.34479e-05
0.00301688
2.39635e-05
0.00301742
2.45144e-05
0.00301797
2.51057e-05
2.57418e-05
0.00307387
1.67316e-06
0.00307397
1.74181e-06
0.00307407
1.81335e-06
0.00307418
1.88791e-06
0.00307429
1.96559e-06
0.00307441
2.04652e-06
0.00307453
2.13081e-06
0.00307465
2.21859e-06
0.00307478
2.30998e-06
0.00307492
2.40513e-06
0.00307506
2.50414e-06
0.0030752
2.60717e-06
0.00307536
2.71434e-06
0.00307551
2.82579e-06
0.00307568
2.94165e-06
0.00307585
3.06206e-06
0.00307602
3.18715e-06
0.00307621
3.31707e-06
0.0030764
3.45193e-06
0.00307659
3.59188e-06
0.0030768
3.73704e-06
0.00307701
3.88754e-06
0.00307723
4.04349e-06
0.00307746
4.20501e-06
0.00307769
4.3722e-06
0.00307794
4.54518e-06
0.00307819
4.72402e-06
0.00307845
4.90881e-06
0.00307872
5.09962e-06
0.003079
5.29651e-06
0.00307929
5.49953e-06
0.00307958
5.7087e-06
0.00307989
5.92405e-06
0.0030802
6.14558e-06
0.00308052
6.37326e-06
0.00308086
6.60706e-06
0.0030812
6.84693e-06
0.00308155
7.09279e-06
0.00308191
7.34454e-06
0.00308228
7.60208e-06
0.00308266
7.86526e-06
0.00308304
8.13393e-06
0.00308344
8.4079e-06
0.00308384
8.68699e-06
0.00308425
8.97097e-06
0.00308467
9.2596e-06
0.0030851
9.55264e-06
0.00308554
9.84983e-06
0.00308598
1.01509e-05
0.00308642
1.04555e-05
0.00308688
1.07634e-05
0.00308734
1.10742e-05
0.00308781
1.13878e-05
0.00308828
1.17037e-05
0.00308875
1.20216e-05
0.00308923
1.23414e-05
0.00308972
1.26626e-05
0.0030902
1.29851e-05
0.00309069
1.33085e-05
0.00309119
1.36328e-05
0.00309168
1.39576e-05
0.00309218
1.42829e-05
0.00309268
1.46084e-05
0.00309319
1.49342e-05
0.00309369
1.52601e-05
0.00309419
1.55862e-05
0.0030947
1.59125e-05
0.00309521
1.62392e-05
0.00309572
1.65665e-05
0.00309622
1.68945e-05
0.00309673
1.72237e-05
0.00309725
1.75544e-05
0.00309776
1.78872e-05
0.00309827
1.82226e-05
0.00309878
1.85615e-05
0.0030993
1.89046e-05
0.00309981
1.92531e-05
0.00310033
1.9608e-05
0.00310085
1.99709e-05
0.00310137
2.03431e-05
0.0031019
2.07267e-05
0.00310242
2.11237e-05
0.00310296
2.15365e-05
0.00310349
2.1968e-05
0.00310403
2.24211e-05
0.00310458
2.28996e-05
0.00310514
2.34073e-05
0.0031057
2.39488e-05
0.00310628
2.45288e-05
2.51515e-05
0.00316458
1.581e-06
0.00316468
1.64597e-06
0.00316478
1.71368e-06
0.00316488
1.78426e-06
0.00316499
1.8578e-06
0.0031651
1.93443e-06
0.00316522
2.01426e-06
0.00316534
2.09741e-06
0.00316546
2.18401e-06
0.00316559
2.27417e-06
0.00316573
2.36803e-06
0.00316587
2.46571e-06
0.00316602
2.56734e-06
0.00316617
2.67307e-06
0.00316633
2.78301e-06
0.0031665
2.8973e-06
0.00316667
3.01608e-06
0.00316684
3.13947e-06
0.00316703
3.26762e-06
0.00316722
3.40065e-06
0.00316742
3.5387e-06
0.00316762
3.68188e-06
0.00316784
3.83032e-06
0.00316806
3.98414e-06
0.00316829
4.14344e-06
0.00316852
4.30835e-06
0.00316877
4.47894e-06
0.00316902
4.65533e-06
0.00316928
4.83757e-06
0.00316955
5.02576e-06
0.00316983
5.21994e-06
0.00317012
5.42016e-06
0.00317042
5.62646e-06
0.00317073
5.83884e-06
0.00317104
6.05732e-06
0.00317137
6.28188e-06
0.0031717
6.51248e-06
0.00317205
6.74908e-06
0.0031724
6.99159e-06
0.00317276
7.23994e-06
0.00317313
7.49401e-06
0.00317351
7.75367e-06
0.0031739
8.01877e-06
0.0031743
8.28913e-06
0.00317471
8.56457e-06
0.00317512
8.84488e-06
0.00317554
9.12983e-06
0.00317597
9.41918e-06
0.00317641
9.71267e-06
0.00317686
1.001e-05
0.00317731
1.0311e-05
0.00317777
1.06153e-05
0.00317823
1.09225e-05
0.00317871
1.12325e-05
0.00317918
1.1545e-05
0.00317966
1.18595e-05
0.00318015
1.2176e-05
0.00318064
1.2494e-05
0.00318114
1.28134e-05
0.00318164
1.31339e-05
0.00318214
1.34553e-05
0.00318264
1.37774e-05
0.00318315
1.41001e-05
0.00318366
1.44233e-05
0.00318418
1.47469e-05
0.00318469
1.50709e-05
0.00318521
1.53953e-05
0.00318573
1.57202e-05
0.00318625
1.60458e-05
0.00318677
1.63723e-05
0.00318729
1.66999e-05
0.00318782
1.70291e-05
0.00318835
1.73604e-05
0.00318887
1.76943e-05
0.0031894
1.80314e-05
0.00318994
1.83727e-05
0.00319047
1.87192e-05
0.00319101
1.90719e-05
0.00319155
1.94321e-05
0.00319209
1.98015e-05
0.00319263
2.01817e-05
0.00319318
2.05748e-05
0.00319373
2.09831e-05
0.00319429
2.14093e-05
0.00319486
2.18563e-05
0.00319543
2.23274e-05
0.00319601
2.28266e-05
0.0031966
2.33578e-05
0.0031972
2.39258e-05
2.45343e-05
0.00325798
1.49187e-06
0.00325807
1.55327e-06
0.00325817
1.61728e-06
0.00325827
1.684e-06
0.00325837
1.75353e-06
0.00325848
1.826e-06
0.00325859
1.90151e-06
0.00325871
1.98017e-06
0.00325883
2.06211e-06
0.00325896
2.14744e-06
0.00325909
2.23629e-06
0.00325923
2.32879e-06
0.00325937
2.42505e-06
0.00325952
2.5252e-06
0.00325967
2.62939e-06
0.00325983
2.73773e-06
0.00326
2.85036e-06
0.00326017
2.96741e-06
0.00326035
3.08901e-06
0.00326053
3.21529e-06
0.00326073
3.34638e-06
0.00326092
3.48241e-06
0.00326113
3.62349e-06
0.00326135
3.76976e-06
0.00326157
3.92133e-06
0.0032618
4.0783e-06
0.00326204
4.24078e-06
0.00326228
4.40888e-06
0.00326254
4.58267e-06
0.0032628
4.76224e-06
0.00326307
4.94765e-06
0.00326335
5.13897e-06
0.00326364
5.33625e-06
0.00326394
5.53951e-06
0.00326425
5.74878e-06
0.00326457
5.96405e-06
0.0032649
6.18531e-06
0.00326523
6.41254e-06
0.00326558
6.64568e-06
0.00326594
6.88467e-06
0.0032663
7.12941e-06
0.00326667
7.37981e-06
0.00326706
7.63574e-06
0.00326745
7.89705e-06
0.00326785
8.16358e-06
0.00326826
8.43514e-06
0.00326868
8.71154e-06
0.0032691
8.99254e-06
0.00326954
9.27793e-06
0.00326998
9.56746e-06
0.00327043
9.86085e-06
0.00327089
1.01579e-05
0.00327135
1.04582e-05
0.00327182
1.07615e-05
0.0032723
1.10677e-05
0.00327279
1.13763e-05
0.00327327
1.16871e-05
0.00327377
1.19999e-05
0.00327427
1.23143e-05
0.00327477
1.26302e-05
0.00327528
1.29473e-05
0.00327579
1.32655e-05
0.00327631
1.35845e-05
0.00327683
1.39043e-05
0.00327735
1.42247e-05
0.00327787
1.45458e-05
0.0032784
1.48674e-05
0.00327893
1.51898e-05
0.00327946
1.55129e-05
0.00328
1.5837e-05
0.00328054
1.61624e-05
0.00328108
1.64894e-05
0.00328162
1.68184e-05
0.00328216
1.71499e-05
0.00328271
1.74847e-05
0.00328326
1.78235e-05
0.00328381
1.81672e-05
0.00328437
1.85169e-05
0.00328492
1.8874e-05
0.00328549
1.92397e-05
0.00328605
1.96159e-05
0.00328662
2.00044e-05
0.0032872
2.04075e-05
0.00328778
2.08276e-05
0.00328837
2.12677e-05
0.00328896
2.17308e-05
0.00328957
2.22205e-05
0.00329019
2.27408e-05
0.00329082
2.3296e-05
2.38895e-05
0.00335414
1.40569e-06
0.00335423
1.46363e-06
0.00335433
1.52405e-06
0.00335442
1.58703e-06
0.00335452
1.65269e-06
0.00335463
1.72112e-06
0.00335474
1.79244e-06
0.00335485
1.86676e-06
0.00335497
1.94418e-06
0.00335509
2.02483e-06
0.00335522
2.10881e-06
0.00335535
2.19627e-06
0.00335549
2.2873e-06
0.00335563
2.38205e-06
0.00335578
2.48064e-06
0.00335594
2.58318e-06
0.0033561
2.68982e-06
0.00335626
2.80069e-06
0.00335644
2.9159e-06
0.00335662
3.03559e-06
0.0033568
3.15989e-06
0.003357
3.28892e-06
0.0033572
3.42281e-06
0.0033574
3.56168e-06
0.00335762
3.70565e-06
0.00335784
3.85483e-06
0.00335808
4.00933e-06
0.00335831
4.16925e-06
0.00335856
4.33469e-06
0.00335882
4.50574e-06
0.00335908
4.68247e-06
0.00335936
4.86495e-06
0.00335964
5.05325e-06
0.00335993
5.24741e-06
0.00336023
5.44746e-06
0.00336055
5.65342e-06
0.00336087
5.86529e-06
0.00336119
6.08307e-06
0.00336153
6.30672e-06
0.00336188
6.53619e-06
0.00336224
6.77143e-06
0.00336261
7.01235e-06
0.00336298
7.25885e-06
0.00336337
7.5108e-06
0.00336377
7.76808e-06
0.00336417
8.03051e-06
0.00336458
8.29792e-06
0.00336501
8.57012e-06
0.00336544
8.84689e-06
0.00336588
9.12802e-06
0.00336633
9.41325e-06
0.00336678
9.70235e-06
0.00336724
9.99505e-06
0.00336771
1.02911e-05
0.00336819
1.05902e-05
0.00336868
1.08921e-05
0.00336917
1.11965e-05
0.00336966
1.15032e-05
0.00337017
1.18118e-05
0.00337067
1.21223e-05
0.00337119
1.24343e-05
0.0033717
1.27476e-05
0.00337223
1.3062e-05
0.00337275
1.33775e-05
0.00337328
1.36939e-05
0.00337382
1.40112e-05
0.00337436
1.43292e-05
0.0033749
1.46481e-05
0.00337544
1.4968e-05
0.00337599
1.52889e-05
0.00337654
1.56112e-05
0.0033771
1.59351e-05
0.00337766
1.62611e-05
0.00337822
1.65896e-05
0.00337878
1.69212e-05
0.00337935
1.72567e-05
0.00337992
1.7597e-05
0.00338049
1.7943e-05
0.00338107
1.82961e-05
0.00338165
1.86575e-05
0.00338224
1.90288e-05
0.00338283
1.9412e-05
0.00338343
1.98091e-05
0.00338403
2.02224e-05
0.00338465
2.06548e-05
0.00338527
2.1109e-05
0.0033859
2.15886e-05
0.00338654
2.20971e-05
0.0033872
2.26386e-05
2.32165e-05
0.00345316
1.32237e-06
0.00345324
1.37697e-06
0.00345333
1.4339e-06
0.00345343
1.49327e-06
0.00345352
1.55517e-06
0.00345363
1.61969e-06
0.00345373
1.68695e-06
0.00345384
1.75704e-06
0.00345396
1.83008e-06
0.00345407
1.90618e-06
0.0034542
1.98545e-06
0.00345433
2.068e-06
0.00345446
2.15396e-06
0.0034546
2.24345e-06
0.00345474
2.33659e-06
0.00345489
2.4335e-06
0.00345505
2.5343e-06
0.00345521
2.63913e-06
0.00345538
2.74811e-06
0.00345555
2.86137e-06
0.00345573
2.97903e-06
0.00345592
3.10122e-06
0.00345611
3.22806e-06
0.00345632
3.35968e-06
0.00345652
3.49619e-06
0.00345674
3.63771e-06
0.00345697
3.78435e-06
0.0034572
3.93622e-06
0.00345744
4.09342e-06
0.00345769
4.25604e-06
0.00345795
4.42418e-06
0.00345822
4.59789e-06
0.00345849
4.77727e-06
0.00345878
4.96235e-06
0.00345907
5.1532e-06
0.00345938
5.34983e-06
0.00345969
5.55227e-06
0.00346001
5.76053e-06
0.00346034
5.97459e-06
0.00346068
6.19443e-06
0.00346104
6.42e-06
0.0034614
6.65124e-06
0.00346177
6.88808e-06
0.00346215
7.1304e-06
0.00346254
7.3781e-06
0.00346294
7.63105e-06
0.00346335
7.88908e-06
0.00346376
8.15203e-06
0.00346419
8.41971e-06
0.00346463
8.69191e-06
0.00346507
8.96843e-06
0.00346553
9.24903e-06
0.00346599
9.53346e-06
0.00346646
9.82148e-06
0.00346693
1.01128e-05
0.00346742
1.04072e-05
0.00346791
1.07045e-05
0.00346841
1.10043e-05
0.00346892
1.13063e-05
0.00346943
1.16105e-05
0.00346995
1.19164e-05
0.00347047
1.2224e-05
0.003471
1.25331e-05
0.00347153
1.28434e-05
0.00347207
1.31548e-05
0.00347262
1.34674e-05
0.00347316
1.37809e-05
0.00347372
1.40955e-05
0.00347427
1.44112e-05
0.00347483
1.47281e-05
0.0034754
1.50465e-05
0.00347597
1.53665e-05
0.00347654
1.56886e-05
0.00347712
1.60132e-05
0.0034777
1.63408e-05
0.00347828
1.66723e-05
0.00347887
1.70083e-05
0.00347946
1.73499e-05
0.00348006
1.76981e-05
0.00348066
1.80544e-05
0.00348127
1.84202e-05
0.00348189
1.87972e-05
0.00348251
1.91875e-05
0.00348314
1.95932e-05
0.00348378
2.0017e-05
0.00348442
2.04616e-05
0.00348508
2.09301e-05
0.00348575
2.14261e-05
0.00348644
2.19532e-05
2.25145e-05
0.0035551
1.24182e-06
0.00355519
1.29318e-06
0.00355527
1.34674e-06
0.00355536
1.40261e-06
0.00355546
1.46086e-06
0.00355556
1.52159e-06
0.00355566
1.5849e-06
0.00355577
1.6509e-06
0.00355588
1.71969e-06
0.00355599
1.79137e-06
0.00355611
1.86605e-06
0.00355623
1.94385e-06
0.00355636
2.02487e-06
0.0035565
2.10924e-06
0.00355664
2.19708e-06
0.00355678
2.28849e-06
0.00355693
2.38361e-06
0.00355709
2.48256e-06
0.00355725
2.58546e-06
0.00355742
2.69243e-06
0.0035576
2.8036e-06
0.00355778
2.91909e-06
0.00355797
3.03903e-06
0.00355816
3.16354e-06
0.00355837
3.29273e-06
0.00355858
3.42672e-06
0.0035588
3.56563e-06
0.00355902
3.70957e-06
0.00355926
3.85864e-06
0.0035595
4.01293e-06
0.00355975
4.17255e-06
0.00356001
4.33757e-06
0.00356028
4.50807e-06
0.00356056
4.68413e-06
0.00356085
4.86578e-06
0.00356114
5.05309e-06
0.00356145
5.24608e-06
0.00356177
5.44477e-06
0.00356209
5.64916e-06
0.00356243
5.85925e-06
0.00356277
6.07501e-06
0.00356313
6.2964e-06
0.00356349
6.52336e-06
0.00356387
6.75581e-06
0.00356425
6.99366e-06
0.00356465
7.23679e-06
0.00356505
7.48508e-06
0.00356546
7.73837e-06
0.00356589
7.99651e-06
0.00356632
8.25931e-06
0.00356676
8.52657e-06
0.00356721
8.79808e-06
0.00356767
9.07363e-06
0.00356814
9.35298e-06
0.00356862
9.63589e-06
0.0035691
9.92211e-06
0.0035696
1.02114e-05
0.0035701
1.05035e-05
0.0035706
1.07982e-05
0.00357112
1.10952e-05
0.00357164
1.13943e-05
0.00357217
1.16953e-05
0.00357271
1.1998e-05
0.00357325
1.23022e-05
0.00357379
1.26078e-05
0.00357435
1.29147e-05
0.0035749
1.32229e-05
0.00357547
1.35323e-05
0.00357604
1.38429e-05
0.00357661
1.41549e-05
0.00357719
1.44684e-05
0.00357777
1.47836e-05
0.00357836
1.51009e-05
0.00357895
1.54208e-05
0.00357955
1.57436e-05
0.00358015
1.60701e-05
0.00358076
1.6401e-05
0.00358137
1.67373e-05
0.00358199
1.70799e-05
0.00358261
1.74302e-05
0.00358324
1.77896e-05
0.00358388
1.81596e-05
0.00358453
1.85422e-05
0.00358518
1.89395e-05
0.00358584
1.93539e-05
0.00358652
1.97879e-05
0.0035872
2.02446e-05
0.0035879
2.07271e-05
0.00358861
2.12389e-05
2.17829e-05
0.00366007
1.16394e-06
0.00366015
1.21216e-06
0.00366024
1.26246e-06
0.00366032
1.31492e-06
0.00366042
1.36963e-06
0.00366051
1.42669e-06
0.00366061
1.48618e-06
0.00366071
1.5482e-06
0.00366082
1.61286e-06
0.00366093
1.68024e-06
0.00366105
1.75047e-06
0.00366117
1.82364e-06
0.00366129
1.89986e-06
0.00366142
1.97925e-06
0.00366156
2.06192e-06
0.0036617
2.14798e-06
0.00366184
2.23756e-06
0.00366199
2.33077e-06
0.00366215
2.42772e-06
0.00366232
2.52855e-06
0.00366249
2.63338e-06
0.00366266
2.74232e-06
0.00366285
2.85549e-06
0.00366304
2.97302e-06
0.00366323
3.09503e-06
0.00366344
3.22163e-06
0.00366365
3.35293e-06
0.00366387
3.48905e-06
0.0036641
3.63009e-06
0.00366434
3.77616e-06
0.00366458
3.92735e-06
0.00366484
4.08375e-06
0.0036651
4.24544e-06
0.00366537
4.41251e-06
0.00366565
4.585e-06
0.00366594
4.76299e-06
0.00366624
4.94651e-06
0.00366655
5.13559e-06
0.00366687
5.33025e-06
0.0036672
5.5305e-06
0.00366754
5.73633e-06
0.00366789
5.94772e-06
0.00366824
6.16461e-06
0.00366861
6.38696e-06
0.00366899
6.6147e-06
0.00366938
6.84772e-06
0.00366978
7.08593e-06
0.00367019
7.32919e-06
0.00367061
7.57736e-06
0.00367104
7.83029e-06
0.00367148
8.08779e-06
0.00367193
8.34969e-06
0.00367238
8.61577e-06
0.00367285
8.88582e-06
0.00367333
9.15963e-06
0.00367381
9.43695e-06
0.00367431
9.71755e-06
0.00367481
1.00012e-05
0.00367532
1.02877e-05
0.00367584
1.05767e-05
0.00367636
1.08681e-05
0.0036769
1.11616e-05
0.00367744
1.14571e-05
0.00367799
1.17543e-05
0.00367854
1.20532e-05
0.0036791
1.23536e-05
0.00367967
1.26554e-05
0.00368024
1.29586e-05
0.00368082
1.32632e-05
0.00368141
1.35693e-05
0.003682
1.3877e-05
0.0036826
1.41865e-05
0.0036832
1.44982e-05
0.00368381
1.48123e-05
0.00368442
1.51294e-05
0.00368504
1.54501e-05
0.00368567
1.5775e-05
0.0036863
1.61051e-05
0.00368694
1.64412e-05
0.00368758
1.67846e-05
0.00368824
1.71366e-05
0.0036889
1.74988e-05
0.00368957
1.78728e-05
0.00369025
1.82608e-05
0.00369094
1.86648e-05
0.00369164
1.90874e-05
0.00369235
1.95313e-05
0.00369308
1.99994e-05
0.00369382
2.04951e-05
2.10211e-05
0.00376815
1.08862e-06
0.00376823
1.1338e-06
0.00376831
1.18093e-06
0.00376839
1.23009e-06
0.00376848
1.28137e-06
0.00376857
1.33486e-06
0.00376867
1.39063e-06
0.00376877
1.44879e-06
0.00376887
1.50943e-06
0.00376898
1.57265e-06
0.00376909
1.63854e-06
0.00376921
1.70721e-06
0.00376933
1.77876e-06
0.00376946
1.85329e-06
0.00376959
1.93093e-06
0.00376972
2.01178e-06
0.00376986
2.09594e-06
0.00377001
2.18355e-06
0.00377017
2.2747e-06
0.00377032
2.36953e-06
0.00377049
2.46815e-06
0.00377066
2.57067e-06
0.00377084
2.67721e-06
0.00377102
2.7879e-06
0.00377122
2.90285e-06
0.00377142
3.02218e-06
0.00377162
3.14599e-06
0.00377184
3.27441e-06
0.00377206
3.40753e-06
0.00377229
3.54547e-06
0.00377253
3.68832e-06
0.00377278
3.83618e-06
0.00377303
3.98913e-06
0.0037733
4.14725e-06
0.00377357
4.31062e-06
0.00377386
4.47929e-06
0.00377415
4.65333e-06
0.00377445
4.83278e-06
0.00377477
5.01766e-06
0.00377509
5.20799e-06
0.00377542
5.40379e-06
0.00377576
5.60503e-06
0.00377612
5.8117e-06
0.00377648
6.02375e-06
0.00377685
6.24113e-06
0.00377724
6.46378e-06
0.00377763
6.69159e-06
0.00377804
6.92446e-06
0.00377845
7.16228e-06
0.00377888
7.40491e-06
0.00377931
7.65218e-06
0.00377976
7.90394e-06
0.00378021
8.15999e-06
0.00378068
8.42015e-06
0.00378115
8.68421e-06
0.00378164
8.95196e-06
0.00378213
9.22316e-06
0.00378264
9.49761e-06
0.00378315
9.77507e-06
0.00378367
1.00553e-05
0.0037842
1.03381e-05
0.00378474
1.06233e-05
0.00378529
1.09107e-05
0.00378584
1.12e-05
0.0037864
1.14912e-05
0.00378697
1.17841e-05
0.00378755
1.20786e-05
0.00378813
1.23747e-05
0.00378872
1.26723e-05
0.00378932
1.29715e-05
0.00378993
1.32725e-05
0.00379054
1.35754e-05
0.00379115
1.38804e-05
0.00379178
1.41879e-05
0.00379241
1.44983e-05
0.00379305
1.48122e-05
0.00379369
1.51301e-05
0.00379435
1.5453e-05
0.003795
1.57817e-05
0.00379567
1.61173e-05
0.00379635
1.6461e-05
0.00379703
1.68143e-05
0.00379773
1.71789e-05
0.00379843
1.75565e-05
0.00379915
1.79493e-05
0.00379987
1.83595e-05
0.00380062
1.87897e-05
0.00380137
1.92427e-05
0.00380215
1.97213e-05
2.02283e-05
0.00387943
1.01575e-06
0.00387951
1.05798e-06
0.00387959
1.10203e-06
0.00387967
1.14799e-06
0.00387975
1.19594e-06
0.00387984
1.24596e-06
0.00387993
1.29812e-06
0.00388003
1.35253e-06
0.00388013
1.40927e-06
0.00388024
1.46842e-06
0.00388034
1.5301e-06
0.00388046
1.59438e-06
0.00388057
1.66138e-06
0.0038807
1.73119e-06
0.00388082
1.80392e-06
0.00388096
1.87967e-06
0.00388109
1.95856e-06
0.00388124
2.04069e-06
0.00388138
2.12618e-06
0.00388154
2.21513e-06
0.0038817
2.30767e-06
0.00388187
2.4039e-06
0.00388204
2.50395e-06
0.00388222
2.60792e-06
0.00388241
2.71594e-06
0.0038826
2.82811e-06
0.0038828
2.94456e-06
0.00388301
3.06538e-06
0.00388323
3.19069e-06
0.00388345
3.3206e-06
0.00388369
3.45519e-06
0.00388393
3.59458e-06
0.00388418
3.73885e-06
0.00388444
3.88808e-06
0.0038847
4.04236e-06
0.00388498
4.20175e-06
0.00388527
4.36631e-06
0.00388557
4.5361e-06
0.00388587
4.71115e-06
0.00388619
4.8915e-06
0.00388652
5.07717e-06
0.00388685
5.26815e-06
0.0038872
5.46444e-06
0.00388756
5.66601e-06
0.00388793
5.87283e-06
0.0038883
6.08484e-06
0.00388869
6.30197e-06
0.00388909
6.52413e-06
0.00388951
6.75123e-06
0.00388993
6.98315e-06
0.00389036
7.21974e-06
0.0038908
7.46087e-06
0.00389126
7.70637e-06
0.00389172
7.95607e-06
0.00389219
8.20977e-06
0.00389268
8.46728e-06
0.00389317
8.7284e-06
0.00389368
8.99291e-06
0.00389419
9.26061e-06
0.00389472
9.53127e-06
0.00389525
9.80469e-06
0.00389579
1.00807e-05
0.00389635
1.0359e-05
0.00389691
1.06395e-05
0.00389747
1.09221e-05
0.00389805
1.12065e-05
0.00389864
1.14928e-05
0.00389923
1.17807e-05
0.00389983
1.20704e-05
0.00390044
1.23618e-05
0.00390106
1.2655e-05
0.00390169
1.29502e-05
0.00390232
1.32476e-05
0.00390296
1.35474e-05
0.00390361
1.38501e-05
0.00390426
1.41562e-05
0.00390493
1.44662e-05
0.0039056
1.47809e-05
0.00390628
1.51011e-05
0.00390697
1.54279e-05
0.00390767
1.57624e-05
0.00390838
1.61059e-05
0.0039091
1.646e-05
0.00390983
1.68263e-05
0.00391057
1.72069e-05
0.00391132
1.76038e-05
0.00391209
1.80193e-05
0.00391288
1.84561e-05
0.00391369
1.89169e-05
1.9404e-05
0.00399401
9.45211e-07
0.00399408
9.84566e-07
0.00399416
1.02563e-06
0.00399424
1.06848e-06
0.00399432
1.11319e-06
0.00399441
1.15984e-06
0.0039945
1.2085e-06
0.00399459
1.25925e-06
0.00399469
1.31219e-06
0.00399479
1.3674e-06
0.00399489
1.42496e-06
0.003995
1.48497e-06
0.00399512
1.54753e-06
0.00399524
1.61273e-06
0.00399536
1.68067e-06
0.00399549
1.75146e-06
0.00399562
1.82519e-06
0.00399576
1.90197e-06
0.0039959
1.98191e-06
0.00399605
2.06511e-06
0.00399621
2.1517e-06
0.00399637
2.24177e-06
0.00399654
2.33544e-06
0.00399672
2.43282e-06
0.0039969
2.53402e-06
0.00399709
2.63916e-06
0.00399728
2.74835e-06
0.00399749
2.86168e-06
0.0039977
2.97928e-06
0.00399792
3.10124e-06
0.00399814
3.22768e-06
0.00399838
3.35867e-06
0.00399863
3.49432e-06
0.00399888
3.63472e-06
0.00399914
3.77994e-06
0.00399941
3.93006e-06
0.00399969
4.08516e-06
0.00399998
4.24527e-06
0.00400029
4.41047e-06
0.0040006
4.58078e-06
0.00400092
4.75623e-06
0.00400125
4.93684e-06
0.00400159
5.12261e-06
0.00400194
5.31354e-06
0.00400231
5.50959e-06
0.00400268
5.71074e-06
0.00400307
5.91692e-06
0.00400346
6.12807e-06
0.00400387
6.34411e-06
0.00400429
6.56493e-06
0.00400472
6.79043e-06
0.00400516
7.02047e-06
0.00400561
7.25491e-06
0.00400607
7.49359e-06
0.00400654
7.73634e-06
0.00400703
7.98299e-06
0.00400752
8.23335e-06
0.00400803
8.48722e-06
0.00400854
8.7444e-06
0.00400907
9.00469e-06
0.00400961
9.26789e-06
0.00401016
9.53381e-06
0.00401071
9.80225e-06
0.00401128
1.0073e-05
0.00401185
1.0346e-05
0.00401244
1.06211e-05
0.00401303
1.08981e-05
0.00401364
1.11769e-05
0.00401425
1.14576e-05
0.00401487
1.17402e-05
0.0040155
1.20246e-05
0.00401614
1.23111e-05
0.00401679
1.25998e-05
0.00401745
1.28909e-05
0.00401811
1.31849e-05
0.00401879
1.34821e-05
0.00401947
1.37831e-05
0.00402016
1.40886e-05
0.00402086
1.43994e-05
0.00402157
1.47163e-05
0.0040223
1.50405e-05
0.00402303
1.53731e-05
0.00402377
1.57157e-05
0.00402453
1.60698e-05
0.0040253
1.64371e-05
0.00402608
1.68196e-05
0.00402688
1.72196e-05
0.0040277
1.76392e-05
0.00402854
1.80812e-05
1.85475e-05
0.00411199
8.76867e-07
0.00411206
9.13434e-07
0.00411213
9.51597e-07
0.00411221
9.91423e-07
0.00411229
1.03298e-06
0.00411237
1.07635e-06
0.00411246
1.12159e-06
0.00411255
1.16879e-06
0.00411264
1.21803e-06
0.00411274
1.26938e-06
0.00411284
1.32294e-06
0.00411295
1.37879e-06
0.00411306
1.43702e-06
0.00411317
1.49772e-06
0.00411329
1.56098e-06
0.00411342
1.62691e-06
0.00411355
1.6956e-06
0.00411368
1.76715e-06
0.00411382
1.84166e-06
0.00411397
1.91923e-06
0.00411412
1.99998e-06
0.00411428
2.08401e-06
0.00411444
2.17142e-06
0.00411461
2.26232e-06
0.00411479
2.35682e-06
0.00411497
2.45503e-06
0.00411517
2.55706e-06
0.00411536
2.66302e-06
0.00411557
2.773e-06
0.00411578
2.88711e-06
0.00411601
3.00545e-06
0.00411624
3.12813e-06
0.00411648
3.25523e-06
0.00411672
3.38684e-06
0.00411698
3.52305e-06
0.00411725
3.66393e-06
0.00411752
3.80956e-06
0.00411781
3.96e-06
0.0041181
4.11531e-06
0.00411841
4.27553e-06
0.00411872
4.44069e-06
0.00411905
4.61084e-06
0.00411939
4.78597e-06
0.00411973
4.9661e-06
0.00412009
5.15121e-06
0.00412046
5.34127e-06
0.00412084
5.53626e-06
0.00412123
5.73611e-06
0.00412164
5.94076e-06
0.00412205
6.15013e-06
0.00412248
6.36413e-06
0.00412292
6.58264e-06
0.00412337
6.80553e-06
0.00412383
7.03268e-06
0.0041243
7.26392e-06
0.00412478
7.4991e-06
0.00412528
7.73805e-06
0.00412579
7.98059e-06
0.0041263
8.22652e-06
0.00412683
8.47567e-06
0.00412737
8.72785e-06
0.00412792
8.98286e-06
0.00412849
9.24053e-06
0.00412906
9.50069e-06
0.00412964
9.76318e-06
0.00413023
1.00279e-05
0.00413084
1.02946e-05
0.00413145
1.05634e-05
0.00413207
1.08341e-05
0.00413271
1.11067e-05
0.00413335
1.13813e-05
0.004134
1.1658e-05
0.00413467
1.1937e-05
0.00413534
1.22183e-05
0.00413602
1.25025e-05
0.00413671
1.27898e-05
0.00413742
1.30807e-05
0.00413813
1.33759e-05
0.00413885
1.36761e-05
0.00413959
1.39821e-05
0.00414033
1.42949e-05
0.00414109
1.46157e-05
0.00414186
1.49457e-05
0.00414264
1.52864e-05
0.00414344
1.56394e-05
0.00414425
1.60066e-05
0.00414508
1.63899e-05
0.00414593
1.67915e-05
0.0041468
1.72136e-05
1.76583e-05
0.00423346
8.10584e-07
0.00423353
8.44439e-07
0.0042336
8.79776e-07
0.00423367
9.16657e-07
0.00423375
9.55148e-07
0.00423383
9.95316e-07
0.00423391
1.03723e-06
0.004234
1.08097e-06
0.00423409
1.1266e-06
0.00423419
1.1742e-06
0.00423429
1.22385e-06
0.00423439
1.27563e-06
0.0042345
1.32963e-06
0.00423461
1.38593e-06
0.00423473
1.44463e-06
0.00423485
1.5058e-06
0.00423497
1.56956e-06
0.00423511
1.63598e-06
0.00423524
1.70517e-06
0.00423538
1.77722e-06
0.00423553
1.85225e-06
0.00423569
1.93033e-06
0.00423585
2.01159e-06
0.00423601
2.09612e-06
0.00423618
2.18403e-06
0.00423636
2.27542e-06
0.00423655
2.3704e-06
0.00423674
2.46906e-06
0.00423695
2.57152e-06
0.00423716
2.67786e-06
0.00423737
2.7882e-06
0.0042376
2.90262e-06
0.00423783
3.02123e-06
0.00423807
3.14411e-06
0.00423833
3.27134e-06
0.00423859
3.403e-06
0.00423886
3.53918e-06
0.00423914
3.67994e-06
0.00423943
3.82533e-06
0.00423973
3.97541e-06
0.00424004
4.13023e-06
0.00424036
4.28982e-06
0.00424069
4.4542e-06
0.00424103
4.62339e-06
0.00424139
4.79738e-06
0.00424175
4.97616e-06
0.00424213
5.15972e-06
0.00424252
5.348e-06
0.00424292
5.54097e-06
0.00424333
5.73855e-06
0.00424375
5.94066e-06
0.00424419
6.14722e-06
0.00424463
6.35811e-06
0.00424509
6.57322e-06
0.00424557
6.79241e-06
0.00424605
7.01554e-06
0.00424655
7.24245e-06
0.00424705
7.47298e-06
0.00424757
7.70696e-06
0.0042481
7.94422e-06
0.00424865
8.18458e-06
0.0042492
8.42786e-06
0.00424977
8.6739e-06
0.00425035
8.92252e-06
0.00425094
9.17358e-06
0.00425154
9.42695e-06
0.00425215
9.68249e-06
0.00425277
9.94013e-06
0.00425341
1.01998e-05
0.00425405
1.04615e-05
0.00425471
1.07252e-05
0.00425538
1.09911e-05
0.00425605
1.12591e-05
0.00425674
1.15296e-05
0.00425744
1.18028e-05
0.00425815
1.20791e-05
0.00425887
1.23589e-05
0.00425961
1.26427e-05
0.00426035
1.29312e-05
0.00426111
1.32251e-05
0.00426188
1.35255e-05
0.00426266
1.38332e-05
0.00426346
1.41495e-05
0.00426427
1.44758e-05
0.00426509
1.48135e-05
0.00426594
1.51642e-05
0.0042668
1.55299e-05
0.00426768
1.59123e-05
0.00426858
1.63137e-05
1.67358e-05
0.00435853
7.46219e-07
0.00435859
7.77431e-07
0.00435866
8.10014e-07
0.00435874
8.44025e-07
0.00435881
8.79525e-07
0.00435889
9.16577e-07
0.00435897
9.55245e-07
0.00435906
9.95598e-07
0.00435915
1.0377e-06
0.00435924
1.08164e-06
0.00435934
1.12747e-06
0.00435944
1.17528e-06
0.00435954
1.22514e-06
0.00435965
1.27714e-06
0.00435976
1.33136e-06
0.00435988
1.38789e-06
0.00436
1.4468e-06
0.00436013
1.5082e-06
0.00436026
1.57217e-06
0.0043604
1.63881e-06
0.00436055
1.70821e-06
0.0043607
1.78046e-06
0.00436085
1.85567e-06
0.00436101
1.93393e-06
0.00436118
2.01534e-06
0.00436136
2.1e-06
0.00436154
2.18802e-06
0.00436173
2.27948e-06
0.00436193
2.37449e-06
0.00436213
2.47315e-06
0.00436235
2.57555e-06
0.00436257
2.68179e-06
0.0043628
2.79196e-06
0.00436303
2.90615e-06
0.00436328
3.02444e-06
0.00436354
3.14691e-06
0.0043638
3.27364e-06
0.00436408
3.40471e-06
0.00436436
3.54016e-06
0.00436466
3.68007e-06
0.00436496
3.82448e-06
0.00436528
3.97343e-06
0.00436561
4.12695e-06
0.00436595
4.28506e-06
0.00436629
4.44777e-06
0.00436666
4.61508e-06
0.00436703
4.78698e-06
0.00436741
4.96345e-06
0.00436781
5.14444e-06
0.00436822
5.3299e-06
0.00436864
5.51978e-06
0.00436907
5.71399e-06
0.00436952
5.91244e-06
0.00436998
6.11503e-06
0.00437045
6.32164e-06
0.00437093
6.53214e-06
0.00437143
6.74641e-06
0.00437194
6.96429e-06
0.00437246
7.18562e-06
0.00437299
7.41025e-06
0.00437354
7.63802e-06
0.0043741
7.86876e-06
0.00437467
8.10231e-06
0.00437525
8.33852e-06
0.00437585
8.57723e-06
0.00437646
8.81832e-06
0.00437708
9.06166e-06
0.00437771
9.30717e-06
0.00437836
9.55478e-06
0.00437901
9.80445e-06
0.00437968
1.00562e-05
0.00438036
1.03101e-05
0.00438106
1.05662e-05
0.00438176
1.08247e-05
0.00438248
1.10859e-05
0.00438321
1.13499e-05
0.00438395
1.16174e-05
0.0043847
1.18886e-05
0.00438547
1.21643e-05
0.00438625
1.24451e-05
0.00438704
1.27318e-05
0.00438785
1.30253e-05
0.00438867
1.33269e-05
0.00438951
1.36376e-05
0.00439037
1.39588e-05
0.00439124
1.4292e-05
0.00439213
1.46389e-05
0.00439304
1.50012e-05
0.00439397
1.53809e-05
1.57795e-05
0.0044873
6.83621e-07
0.00448737
7.12255e-07
0.00448744
7.4215e-07
0.00448751
7.73359e-07
0.00448758
8.05938e-07
0.00448766
8.39945e-07
0.00448774
8.75441e-07
0.00448782
9.12488e-07
0.00448791
9.5115e-07
0.004488
9.91495e-07
0.00448809
1.03359e-06
0.00448819
1.07751e-06
0.00448829
1.12333e-06
0.0044884
1.17111e-06
0.00448851
1.22095e-06
0.00448862
1.27291e-06
0.00448874
1.32708e-06
0.00448887
1.38355e-06
0.004489
1.44239e-06
0.00448913
1.5037e-06
0.00448927
1.56757e-06
0.00448942
1.63408e-06
0.00448957
1.70333e-06
0.00448973
1.77541e-06
0.00448989
1.85041e-06
0.00449007
1.92843e-06
0.00449024
2.00957e-06
0.00449043
2.09391e-06
0.00449062
2.18156e-06
0.00449082
2.2726e-06
0.00449103
2.36713e-06
0.00449125
2.46524e-06
0.00449147
2.56702e-06
0.00449171
2.67256e-06
0.00449195
2.78194e-06
0.0044922
2.89524e-06
0.00449246
3.01253e-06
0.00449273
3.1339e-06
0.00449301
3.25939e-06
0.0044933
3.38908e-06
0.00449361
3.52302e-06
0.00449392
3.66125e-06
0.00449424
3.8038e-06
0.00449458
3.95071e-06
0.00449492
4.10199e-06
0.00449528
4.25765e-06
0.00449565
4.41769e-06
0.00449603
4.58209e-06
0.00449642
4.75083e-06
0.00449683
4.92387e-06
0.00449725
5.10115e-06
0.00449768
5.28263e-06
0.00449812
5.46821e-06
0.00449858
5.65782e-06
0.00449905
5.85134e-06
0.00449953
6.04869e-06
0.00450003
6.24972e-06
0.00450054
6.45431e-06
0.00450106
6.66232e-06
0.0045016
6.87362e-06
0.00450215
7.08804e-06
0.00450271
7.30543e-06
0.00450329
7.52566e-06
0.00450388
7.74857e-06
0.00450448
7.97402e-06
0.0045051
8.20188e-06
0.00450573
8.43204e-06
0.00450637
8.6644e-06
0.00450703
8.89891e-06
0.0045077
9.1355e-06
0.00450838
9.37419e-06
0.00450908
9.61501e-06
0.00450978
9.85803e-06
0.0045105
1.01034e-05
0.00451124
1.03513e-05
0.00451199
1.06021e-05
0.00451275
1.0856e-05
0.00451352
1.11135e-05
0.00451431
1.13752e-05
0.00451512
1.16416e-05
0.00451593
1.19135e-05
0.00451677
1.21917e-05
0.00451762
1.24773e-05
0.00451848
1.27713e-05
0.00451937
1.30749e-05
0.00452027
1.33895e-05
0.00452119
1.37166e-05
0.00452214
1.40577e-05
0.0045231
1.44146e-05
1.47887e-05
0.0046199
6.22631e-07
0.00461996
6.48746e-07
0.00462003
6.76013e-07
0.0046201
7.04481e-07
0.00462017
7.34203e-07
0.00462024
7.65231e-07
0.00462032
7.97621e-07
0.0046204
8.31431e-07
0.00462049
8.6672e-07
0.00462057
9.0355e-07
0.00462067
9.41985e-07
0.00462076
9.82089e-07
0.00462086
1.02393e-06
0.00462096
1.06758e-06
0.00462107
1.11311e-06
0.00462118
1.16059e-06
0.0046213
1.2101e-06
0.00462142
1.26172e-06
0.00462155
1.31552e-06
0.00462168
1.37159e-06
0.00462182
1.43001e-06
0.00462196
1.49086e-06
0.00462211
1.55423e-06
0.00462227
1.62021e-06
0.00462243
1.68889e-06
0.0046226
1.76034e-06
0.00462277
1.83467e-06
0.00462295
1.91197e-06
0.00462314
1.99231e-06
0.00462334
2.0758e-06
0.00462354
2.16251e-06
0.00462376
2.25255e-06
0.00462398
2.34598e-06
0.00462421
2.44291e-06
0.00462445
2.5434e-06
0.00462469
2.64754e-06
0.00462495
2.7554e-06
0.00462522
2.86705e-06
0.00462549
2.98256e-06
0.00462578
3.10199e-06
0.00462608
3.22539e-06
0.00462639
3.35281e-06
0.00462671
3.4843e-06
0.00462704
3.61987e-06
0.00462738
3.75957e-06
0.00462773
3.9034e-06
0.0046281
4.05137e-06
0.00462848
4.20348e-06
0.00462887
4.3597e-06
0.00462927
4.52001e-06
0.00462969
4.68438e-06
0.00463012
4.85275e-06
0.00463056
5.02505e-06
0.00463102
5.20123e-06
0.00463149
5.38119e-06
0.00463197
5.56483e-06
0.00463247
5.75206e-06
0.00463298
5.94275e-06
0.00463351
6.13679e-06
0.00463405
6.33404e-06
0.0046346
6.53437e-06
0.00463517
6.73765e-06
0.00463575
6.94372e-06
0.00463635
7.15247e-06
0.00463696
7.36375e-06
0.00463758
7.57745e-06
0.00463822
7.79345e-06
0.00463887
8.01167e-06
0.00463954
8.23202e-06
0.00464022
8.45448e-06
0.00464092
8.67901e-06
0.00464163
8.90564e-06
0.00464235
9.13445e-06
0.00464309
9.36553e-06
0.00464384
9.59907e-06
0.00464461
9.8353e-06
0.00464539
1.00745e-05
0.00464619
1.03171e-05
0.004647
1.05636e-05
0.00464782
1.08144e-05
0.00464867
1.10703e-05
0.00464953
1.1332e-05
0.0046504
1.16004e-05
0.0046513
1.18765e-05
0.00465221
1.21613e-05
0.00465315
1.24561e-05
0.0046541
1.27623e-05
0.00465508
1.30811e-05
0.00465608
1.34142e-05
1.37629e-05
0.00475642
5.63081e-07
0.00475648
5.86728e-07
0.00475655
6.1142e-07
0.00475661
6.37204e-07
0.00475668
6.64124e-07
0.00475676
6.92232e-07
0.00475683
7.21576e-07
0.00475691
7.52211e-07
0.00475699
7.84189e-07
0.00475708
8.17569e-07
0.00475717
8.52407e-07
0.00475726
8.88763e-07
0.00475736
9.26701e-07
0.00475746
9.66283e-07
0.00475757
1.00758e-06
0.00475768
1.05065e-06
0.00475779
1.09557e-06
0.00475791
1.14241e-06
0.00475804
1.19124e-06
0.00475817
1.24214e-06
0.0047583
1.29518e-06
0.00475844
1.35045e-06
0.00475859
1.40802e-06
0.00475874
1.46796e-06
0.0047589
1.53038e-06
0.00475906
1.59534e-06
0.00475923
1.66293e-06
0.00475941
1.73323e-06
0.0047596
1.80633e-06
0.00475979
1.88232e-06
0.00475999
1.96127e-06
0.0047602
2.04326e-06
0.00476042
2.12838e-06
0.00476065
2.21672e-06
0.00476088
2.30834e-06
0.00476113
2.40332e-06
0.00476138
2.50174e-06
0.00476164
2.60366e-06
0.00476192
2.70914e-06
0.0047622
2.81826e-06
0.00476249
2.93106e-06
0.0047628
3.0476e-06
0.00476312
3.16791e-06
0.00476344
3.29204e-06
0.00476378
3.42e-06
0.00476413
3.55183e-06
0.0047645
3.68753e-06
0.00476488
3.82711e-06
0.00476526
3.97055e-06
0.00476567
4.11785e-06
0.00476608
4.26897e-06
0.00476651
4.42387e-06
0.00476695
4.5825e-06
0.00476741
4.74481e-06
0.00476788
4.91072e-06
0.00476836
5.08016e-06
0.00476886
5.25303e-06
0.00476938
5.42922e-06
0.00476991
5.60864e-06
0.00477045
5.79117e-06
0.00477101
5.97669e-06
0.00477158
6.16507e-06
0.00477217
6.35618e-06
0.00477277
6.54992e-06
0.00477339
6.74614e-06
0.00477402
6.94475e-06
0.00477467
7.14562e-06
0.00477533
7.34869e-06
0.00477601
7.55387e-06
0.0047767
7.76111e-06
0.00477741
7.97039e-06
0.00477813
8.18173e-06
0.00477887
8.39517e-06
0.00477963
8.61081e-06
0.0047804
8.82878e-06
0.00478118
9.0493e-06
0.00478199
9.27261e-06
0.0047828
9.49907e-06
0.00478364
9.72907e-06
0.00478449
9.96311e-06
0.00478536
1.02018e-05
0.00478624
1.04457e-05
0.00478715
1.06958e-05
0.00478807
1.09527e-05
0.00478902
1.12176e-05
0.00478998
1.14915e-05
0.00479097
1.17756e-05
0.00479198
1.20711e-05
0.00479301
1.23794e-05
1.27016e-05
0.00489699
5.04794e-07
0.00489705
5.26018e-07
0.00489711
5.48182e-07
0.00489718
5.71327e-07
0.00489725
5.95496e-07
0.00489732
6.20733e-07
0.00489739
6.47084e-07
0.00489747
6.74596e-07
0.00489755
7.03318e-07
0.00489764
7.33302e-07
0.00489772
7.646e-07
0.00489781
7.97267e-07
0.00489791
8.31359e-07
0.00489801
8.66934e-07
0.00489811
9.04052e-07
0.00489822
9.42774e-07
0.00489833
9.83165e-07
0.00489845
1.02529e-06
0.00489857
1.06921e-06
0.0048987
1.115e-06
0.00489883
1.16273e-06
0.00489897
1.21247e-06
0.00489911
1.26429e-06
0.00489926
1.31827e-06
0.00489942
1.37448e-06
0.00489958
1.433e-06
0.00489975
1.4939e-06
0.00489993
1.55726e-06
0.00490011
1.62316e-06
0.0049003
1.69168e-06
0.0049005
1.7629e-06
0.0049007
1.83688e-06
0.00490092
1.91372e-06
0.00490114
1.99347e-06
0.00490137
2.07622e-06
0.00490162
2.16204e-06
0.00490187
2.251e-06
0.00490213
2.34316e-06
0.0049024
2.43859e-06
0.00490268
2.53734e-06
0.00490297
2.63947e-06
0.00490327
2.74503e-06
0.00490359
2.85406e-06
0.00490391
2.9666e-06
0.00490425
3.08268e-06
0.0049046
3.20233e-06
0.00490496
3.32556e-06
0.00490534
3.45238e-06
0.00490572
3.58279e-06
0.00490612
3.71678e-06
0.00490654
3.85433e-06
0.00490697
3.99541e-06
0.00490741
4.13998e-06
0.00490787
4.288e-06
0.00490834
4.4394e-06
0.00490882
4.59413e-06
0.00490933
4.75209e-06
0.00490984
4.9132e-06
0.00491037
5.07738e-06
0.00491092
5.24451e-06
0.00491148
5.4145e-06
0.00491206
5.58724e-06
0.00491265
5.7626e-06
0.00491326
5.94048e-06
0.00491389
6.12078e-06
0.00491453
6.30337e-06
0.00491519
6.48817e-06
0.00491586
6.6751e-06
0.00491655
6.86407e-06
0.00491726
7.05504e-06
0.00491798
7.24799e-06
0.00491872
7.44292e-06
0.00491947
7.63985e-06
0.00492024
7.83887e-06
0.00492103
8.0401e-06
0.00492184
8.2437e-06
0.00492266
8.4499e-06
0.0049235
8.65899e-06
0.00492436
8.87132e-06
0.00492524
9.08733e-06
0.00492613
9.30753e-06
0.00492704
9.5325e-06
0.00492798
9.76293e-06
0.00492893
9.9996e-06
0.0049299
1.02434e-05
0.0049309
1.04951e-05
0.00493192
1.0756e-05
0.00493296
1.1027e-05
0.00493403
1.13094e-05
1.16042e-05
0.00504172
4.4758e-07
0.00504178
4.66419e-07
0.00504184
4.86094e-07
0.00504191
5.06641e-07
0.00504198
5.28099e-07
0.00504205
5.50508e-07
0.00504212
5.73907e-07
0.00504219
5.9834e-07
0.00504227
6.23851e-07
0.00504236
6.50486e-07
0.00504244
6.78291e-07
0.00504253
7.07315e-07
0.00504263
7.37609e-07
0.00504272
7.69226e-07
0.00504283
8.02218e-07
0.00504293
8.36641e-07
0.00504304
8.72552e-07
0.00504316
9.1001e-07
0.00504328
9.49075e-07
0.0050434
9.89808e-07
0.00504353
1.03227e-06
0.00504367
1.07653e-06
0.00504381
1.12266e-06
0.00504396
1.17071e-06
0.00504411
1.22075e-06
0.00504427
1.27287e-06
0.00504444
1.32712e-06
0.00504461
1.38357e-06
0.00504479
1.44231e-06
0.00504498
1.50339e-06
0.00504518
1.56689e-06
0.00504538
1.63288e-06
0.0050456
1.70142e-06
0.00504582
1.7726e-06
0.00504605
1.84648e-06
0.00504628
1.92312e-06
0.00504653
2.00259e-06
0.00504679
2.08495e-06
0.00504706
2.17026e-06
0.00504734
2.25858e-06
0.00504763
2.34996e-06
0.00504793
2.44444e-06
0.00504824
2.54207e-06
0.00504856
2.64289e-06
0.0050489
2.74693e-06
0.00504925
2.85422e-06
0.00504961
2.96478e-06
0.00504998
3.07861e-06
0.00505037
3.19573e-06
0.00505077
3.31612e-06
0.00505119
3.43978e-06
0.00505161
3.56669e-06
0.00505206
3.69682e-06
0.00505251
3.83013e-06
0.00505299
3.96656e-06
0.00505348
4.10608e-06
0.00505398
4.2486e-06
0.0050545
4.39406e-06
0.00505503
4.54238e-06
0.00505558
4.69347e-06
0.00505615
4.84723e-06
0.00505674
5.00358e-06
0.00505734
5.16241e-06
0.00505795
5.32362e-06
0.00505859
5.48712e-06
0.00505924
5.6528e-06
0.0050599
5.82058e-06
0.00506059
5.99039e-06
0.00506129
6.16214e-06
0.00506201
6.3358e-06
0.00506275
6.51133e-06
0.0050635
6.68874e-06
0.00506427
6.86803e-06
0.00506506
7.04928e-06
0.00506587
7.23258e-06
0.0050667
7.41806e-06
0.00506754
7.60593e-06
0.0050684
7.79643e-06
0.00506928
7.98986e-06
0.00507018
8.1866e-06
0.0050711
8.38708e-06
0.00507205
8.59183e-06
0.00507301
8.80143e-06
0.00507399
9.01656e-06
0.005075
9.23796e-06
0.00507602
9.46647e-06
0.00507708
9.70296e-06
0.00507816
9.9484e-06
0.00507926
1.02038e-05
1.04701e-05
0.00519074
3.91238e-07
0.0051908
4.07721e-07
0.00519086
4.24937e-07
0.00519093
4.42919e-07
0.00519099
4.61698e-07
0.00519106
4.81311e-07
0.00519113
5.01793e-07
0.00519121
5.23182e-07
0.00519129
5.45517e-07
0.00519137
5.68837e-07
0.00519146
5.93185e-07
0.00519154
6.18603e-07
0.00519164
6.45137e-07
0.00519173
6.72831e-07
0.00519183
7.01734e-07
0.00519194
7.31895e-07
0.00519205
7.63364e-07
0.00519216
7.96193e-07
0.00519228
8.30435e-07
0.0051924
8.66145e-07
0.00519253
9.03379e-07
0.00519267
9.42193e-07
0.00519281
9.82648e-07
0.00519295
1.0248e-06
0.0051931
1.06872e-06
0.00519326
1.11445e-06
0.00519343
1.16207e-06
0.0051936
1.21164e-06
0.00519378
1.26321e-06
0.00519397
1.31687e-06
0.00519416
1.37266e-06
0.00519436
1.43065e-06
0.00519457
1.49091e-06
0.00519479
1.55349e-06
0.00519502
1.61847e-06
0.00519526
1.6859e-06
0.0051955
1.75584e-06
0.00519576
1.82834e-06
0.00519603
1.90347e-06
0.0051963
1.98127e-06
0.00519659
2.0618e-06
0.00519689
2.1451e-06
0.0051972
2.2312e-06
0.00519753
2.32016e-06
0.00519786
2.41199e-06
0.00519821
2.50673e-06
0.00519857
2.6044e-06
0.00519894
2.70501e-06
0.00519933
2.80857e-06
0.00519973
2.91508e-06
0.00520015
3.02453e-06
0.00520058
3.13692e-06
0.00520102
3.25222e-06
0.00520148
3.37039e-06
0.00520195
3.49141e-06
0.00520245
3.61523e-06
0.00520295
3.74179e-06
0.00520348
3.87103e-06
0.00520401
4.00288e-06
0.00520457
4.13728e-06
0.00520514
4.27414e-06
0.00520573
4.41337e-06
0.00520634
4.5549e-06
0.00520697
4.69864e-06
0.00520761
4.84449e-06
0.00520827
4.99237e-06
0.00520895
5.14221e-06
0.00520964
5.29393e-06
0.00521036
5.44747e-06
0.00521109
5.60278e-06
0.00521184
5.75983e-06
0.00521261
5.91862e-06
0.0052134
6.07915e-06
0.00521421
6.24147e-06
0.00521504
6.40567e-06
0.00521588
6.57185e-06
0.00521675
6.74018e-06
0.00521764
6.91086e-06
0.00521854
7.08416e-06
0.00521947
7.26038e-06
0.00522041
7.43991e-06
0.00522138
7.62319e-06
0.00522237
7.81073e-06
0.00522339
8.00309e-06
0.00522442
8.20092e-06
0.00522549
8.40494e-06
0.00522657
8.6159e-06
0.00522769
8.83462e-06
0.00522883
9.06195e-06
9.2987e-06
0.00534418
3.35549e-07
0.00534424
3.49698e-07
0.0053443
3.64478e-07
0.00534436
3.79915e-07
0.00534443
3.96039e-07
0.0053445
4.1288e-07
0.00534457
4.30468e-07
0.00534464
4.48836e-07
0.00534472
4.68018e-07
0.0053448
4.88049e-07
0.00534489
5.08964e-07
0.00534497
5.30801e-07
0.00534507
5.53598e-07
0.00534516
5.77395e-07
0.00534526
6.02234e-07
0.00534536
6.28156e-07
0.00534547
6.55205e-07
0.00534558
6.83427e-07
0.0053457
7.12868e-07
0.00534582
7.43575e-07
0.00534595
7.75596e-07
0.00534609
8.08983e-07
0.00534622
8.43785e-07
0.00534637
8.80054e-07
0.00534652
9.17845e-07
0.00534668
9.57209e-07
0.00534684
9.98203e-07
0.00534701
1.04088e-06
0.00534719
1.0853e-06
0.00534738
1.13151e-06
0.00534757
1.17958e-06
0.00534777
1.22955e-06
0.00534798
1.28149e-06
0.0053482
1.33545e-06
0.00534842
1.39149e-06
0.00534866
1.44965e-06
0.00534891
1.51e-06
0.00534916
1.57258e-06
0.00534943
1.63744e-06
0.0053497
1.70463e-06
0.00534999
1.7742e-06
0.00535029
1.84618e-06
0.0053506
1.92061e-06
0.00535092
1.99754e-06
0.00535126
2.07698e-06
0.00535161
2.15897e-06
0.00535197
2.24353e-06
0.00535234
2.33067e-06
0.00535273
2.4204e-06
0.00535313
2.51273e-06
0.00535355
2.60765e-06
0.00535398
2.70516e-06
0.00535443
2.80525e-06
0.00535489
2.90788e-06
0.00535537
3.01302e-06
0.00535586
3.12066e-06
0.00535637
3.23073e-06
0.0053569
3.34319e-06
0.00535745
3.45799e-06
0.00535801
3.57505e-06
0.00535859
3.69433e-06
0.00535919
3.81574e-06
0.0053598
3.93921e-06
0.00536044
4.06467e-06
0.00536109
4.19205e-06
0.00536176
4.32126e-06
0.00536245
4.45225e-06
0.00536316
4.58494e-06
0.00536389
4.71928e-06
0.00536464
4.85522e-06
0.0053654
4.99275e-06
0.00536619
5.13184e-06
0.005367
5.2725e-06
0.00536782
5.41477e-06
0.00536867
5.5587e-06
0.00536954
5.7044e-06
0.00537042
5.852e-06
0.00537133
6.00166e-06
0.00537226
6.15359e-06
0.00537322
6.30808e-06
0.00537419
6.46542e-06
0.00537519
6.62599e-06
0.00537621
6.79023e-06
0.00537725
6.9586e-06
0.00537832
7.13165e-06
0.00537942
7.30998e-06
0.00538054
7.49424e-06
0.00538169
7.6851e-06
0.00538287
7.88327e-06
8.08945e-06
0.00550217
2.80278e-07
0.00550223
2.92105e-07
0.00550229
3.0446e-07
0.00550235
3.17366e-07
0.00550241
3.30846e-07
0.00550248
3.44927e-07
0.00550255
3.59634e-07
0.00550263
3.74994e-07
0.0055027
3.91036e-07
0.00550278
4.07789e-07
0.00550287
4.25283e-07
0.00550295
4.43549e-07
0.00550304
4.62621e-07
0.00550314
4.82531e-07
0.00550324
5.03314e-07
0.00550334
5.25005e-07
0.00550345
5.47643e-07
0.00550356
5.71264e-07
0.00550368
5.95908e-07
0.0055038
6.21615e-07
0.00550393
6.48426e-07
0.00550406
6.76383e-07
0.0055042
7.0553e-07
0.00550434
7.3591e-07
0.00550449
7.67568e-07
0.00550465
8.0055e-07
0.00550481
8.34903e-07
0.00550498
8.70672e-07
0.00550516
9.07907e-07
0.00550534
9.46654e-07
0.00550554
9.86961e-07
0.00550574
1.02888e-06
0.00550595
1.07245e-06
0.00550617
1.11773e-06
0.00550639
1.16476e-06
0.00550663
1.21358e-06
0.00550687
1.26425e-06
0.00550713
1.31681e-06
0.0055074
1.3713e-06
0.00550767
1.42776e-06
0.00550796
1.48623e-06
0.00550826
1.54676e-06
0.00550857
1.60936e-06
0.00550889
1.67407e-06
0.00550923
1.74093e-06
0.00550958
1.80995e-06
0.00550994
1.88116e-06
0.00551032
1.95457e-06
0.00551071
2.03019e-06
0.00551111
2.10803e-06
0.00551153
2.18808e-06
0.00551197
2.27035e-06
0.00551242
2.35483e-06
0.00551288
2.44148e-06
0.00551337
2.53031e-06
0.00551387
2.62127e-06
0.00551438
2.71433e-06
0.00551492
2.80946e-06
0.00551547
2.9066e-06
0.00551604
3.00572e-06
0.00551662
3.10674e-06
0.00551723
3.20963e-06
0.00551786
3.3143e-06
0.0055185
3.42071e-06
0.00551916
3.5288e-06
0.00551985
3.63848e-06
0.00552055
3.74972e-06
0.00552127
3.86246e-06
0.00552201
3.97664e-06
0.00552278
4.09223e-06
0.00552356
4.2092e-06
0.00552436
4.32753e-06
0.00552519
4.44724e-06
0.00552604
4.56834e-06
0.0055269
4.69089e-06
0.00552779
4.81495e-06
0.0055287
4.94064e-06
0.00552964
5.06808e-06
0.00553059
5.19746e-06
0.00553157
5.32899e-06
0.00553258
5.46293e-06
0.0055336
5.59957e-06
0.00553465
5.73928e-06
0.00553573
5.88245e-06
0.00553683
6.02952e-06
0.00553796
6.18098e-06
0.00553912
6.33736e-06
0.0055403
6.49922e-06
0.00554152
6.66713e-06
6.84169e-06
0.00566483
2.25164e-07
0.00566489
2.34672e-07
0.00566495
2.44605e-07
0.00566501
2.5498e-07
0.00566508
2.65818e-07
0.00566515
2.7714e-07
0.00566522
2.88966e-07
0.00566529
3.01317e-07
0.00566537
3.14218e-07
0.00566545
3.27691e-07
0.00566553
3.41762e-07
0.00566562
3.56454e-07
0.00566571
3.71795e-07
0.0056658
3.87812e-07
0.0056659
4.04533e-07
0.00566601
4.21986e-07
0.00566611
4.40202e-07
0.00566623
4.59211e-07
0.00566634
4.79045e-07
0.00566646
4.99736e-07
0.00566659
5.21318e-07
0.00566672
5.43826e-07
0.00566686
5.67293e-07
0.00566701
5.91757e-07
0.00566716
6.17253e-07
0.00566731
6.43818e-07
0.00566748
6.71491e-07
0.00566765
7.0031e-07
0.00566783
7.30313e-07
0.00566801
7.61539e-07
0.0056682
7.94028e-07
0.0056684
8.27819e-07
0.00566861
8.62952e-07
0.00566883
8.99465e-07
0.00566906
9.37398e-07
0.0056693
9.76789e-07
0.00566954
1.01768e-06
0.0056698
1.06009e-06
0.00567007
1.10408e-06
0.00567034
1.14967e-06
0.00567063
1.19689e-06
0.00567093
1.24578e-06
0.00567125
1.29637e-06
0.00567157
1.34867e-06
0.00567191
1.40272e-06
0.00567226
1.45854e-06
0.00567263
1.51614e-06
0.00567301
1.57554e-06
0.0056734
1.63674e-06
0.00567381
1.69976e-06
0.00567423
1.7646e-06
0.00567467
1.83125e-06
0.00567513
1.89971e-06
0.0056756
1.96997e-06
0.00567609
2.04201e-06
0.00567659
2.11581e-06
0.00567711
2.19134e-06
0.00567766
2.26857e-06
0.00567821
2.34747e-06
0.00567879
2.42801e-06
0.00567939
2.51013e-06
0.00568
2.59379e-06
0.00568064
2.67894e-06
0.0056813
2.76553e-06
0.00568197
2.85352e-06
0.00568267
2.94285e-06
0.00568338
3.03348e-06
0.00568412
3.12535e-06
0.00568488
3.21844e-06
0.00568566
3.3127e-06
0.00568646
3.40811e-06
0.00568728
3.50467e-06
0.00568813
3.60237e-06
0.00568899
3.70123e-06
0.00568988
3.80128e-06
0.0056908
3.90258e-06
0.00569173
4.00521e-06
0.00569269
4.10928e-06
0.00569367
4.21493e-06
0.00569468
4.32232e-06
0.00569571
4.43166e-06
0.00569677
4.54319e-06
0.00569785
4.65718e-06
0.00569896
4.77394e-06
0.00570009
4.89384e-06
0.00570126
5.01725e-06
0.00570245
5.14459e-06
0.00570367
5.27631e-06
0.00570493
5.41286e-06
5.5547e-06
0.00583232
1.69923e-07
0.00583238
1.77102e-07
0.00583244
1.84601e-07
0.0058325
1.92436e-07
0.00583257
2.00621e-07
0.00583264
2.0917e-07
0.00583271
2.18101e-07
0.00583278
2.2743e-07
0.00583286
2.37173e-07
0.00583294
2.4735e-07
0.00583302
2.57978e-07
0.00583311
2.69077e-07
0.0058332
2.80666e-07
0.0058333
2.92767e-07
0.0058334
3.054e-07
0.0058335
3.18588e-07
0.00583361
3.32352e-07
0.00583372
3.46717e-07
0.00583384
3.61707e-07
0.00583396
3.77346e-07
0.00583409
3.9366e-07
0.00583422
4.10674e-07
0.00583436
4.28416e-07
0.0058345
4.46912e-07
0.00583465
4.66191e-07
0.00583481
4.86281e-07
0.00583498
5.0721e-07
0.00583515
5.29009e-07
0.00583533
5.51705e-07
0.00583551
5.75331e-07
0.00583571
5.99914e-07
0.00583591
6.25486e-07
0.00583612
6.52077e-07
0.00583634
6.79717e-07
0.00583657
7.08436e-07
0.00583681
7.38263e-07
0.00583706
7.69228e-07
0.00583731
8.01358e-07
0.00583758
8.34682e-07
0.00583786
8.69225e-07
0.00583816
9.05014e-07
0.00583846
9.42073e-07
0.00583878
9.80425e-07
0.0058391
1.02009e-06
0.00583945
1.06109e-06
0.0058398
1.10343e-06
0.00584017
1.14714e-06
0.00584055
1.19222e-06
0.00584095
1.23869e-06
0.00584136
1.28655e-06
0.00584179
1.33579e-06
0.00584224
1.38644e-06
0.0058427
1.43847e-06
0.00584318
1.49188e-06
0.00584367
1.54666e-06
0.00584419
1.60279e-06
0.00584472
1.66026e-06
0.00584527
1.71904e-06
0.00584583
1.77911e-06
0.00584642
1.84045e-06
0.00584703
1.903e-06
0.00584766
1.96676e-06
0.0058483
2.03167e-06
0.00584897
2.0977e-06
0.00584966
2.16481e-06
0.00585037
2.23297e-06
0.0058511
2.30213e-06
0.00585185
2.37227e-06
0.00585263
2.44335e-06
0.00585343
2.51535e-06
0.00585425
2.58825e-06
0.00585509
2.66203e-06
0.00585595
2.7367e-06
0.00585684
2.81227e-06
0.00585776
2.88876e-06
0.00585869
2.96622e-06
0.00585965
3.0447e-06
0.00586064
3.12428e-06
0.00586165
3.20506e-06
0.00586268
3.28717e-06
0.00586374
3.37076e-06
0.00586483
3.45601e-06
0.00586595
3.54311e-06
0.00586709
3.63231e-06
0.00586826
3.72387e-06
0.00586946
3.81808e-06
0.00587069
3.91524e-06
0.00587195
4.01568e-06
0.00587324
4.11976e-06
4.22783e-06
0.00600478
1.14233e-07
0.00600483
1.19061e-07
0.00600489
1.24105e-07
0.00600496
1.29374e-07
0.00600502
1.34879e-07
0.00600509
1.40629e-07
0.00600516
1.46637e-07
0.00600524
1.52911e-07
0.00600532
1.59466e-07
0.0060054
1.66311e-07
0.00600548
1.73461e-07
0.00600557
1.80928e-07
0.00600566
1.88725e-07
0.00600576
1.96866e-07
0.00600586
2.05366e-07
0.00600596
2.1424e-07
0.00600607
2.23502e-07
0.00600618
2.33169e-07
0.0060063
2.43257e-07
0.00600643
2.53782e-07
0.00600655
2.64763e-07
0.00600669
2.76215e-07
0.00600683
2.88158e-07
0.00600698
3.0061e-07
0.00600713
3.13589e-07
0.00600729
3.27115e-07
0.00600745
3.41208e-07
0.00600763
3.55887e-07
0.00600781
3.71172e-07
0.006008
3.87084e-07
0.00600819
4.03644e-07
0.0060084
4.2087e-07
0.00600861
4.38785e-07
0.00600883
4.57408e-07
0.00600906
4.76761e-07
0.00600931
4.96862e-07
0.00600956
5.17733e-07
0.00600982
5.39392e-07
0.00601009
5.61858e-07
0.00601038
5.8515e-07
0.00601067
6.09285e-07
0.00601098
6.3428e-07
0.0060113
6.6015e-07
0.00601163
6.8691e-07
0.00601198
7.14573e-07
0.00601234
7.43151e-07
0.00601271
7.72654e-07
0.0060131
8.0309e-07
0.00601351
8.34467e-07
0.00601393
8.66787e-07
0.00601436
9.00055e-07
0.00601481
9.3427e-07
0.00601528
9.6943e-07
0.00601577
1.00553e-06
0.00601627
1.04256e-06
0.0060168
1.08052e-06
0.00601734
1.11939e-06
0.0060179
1.15916e-06
0.00601848
1.1998e-06
0.00601908
1.24131e-06
0.0060197
1.28366e-06
0.00602033
1.32683e-06
0.006021
1.37079e-06
0.00602168
1.41552e-06
0.00602238
1.461e-06
0.00602311
1.50719e-06
0.00602386
1.55407e-06
0.00602463
1.60163e-06
0.00602542
1.64983e-06
0.00602624
1.69867e-06
0.00602708
1.74812e-06
0.00602794
1.79818e-06
0.00602883
1.84886e-06
0.00602974
1.90015e-06
0.00603068
1.95207e-06
0.00603164
2.00465e-06
0.00603263
2.05792e-06
0.00603364
2.11194e-06
0.00603468
2.16678e-06
0.00603574
2.22252e-06
0.00603683
2.27926e-06
0.00603795
2.33711e-06
0.0060391
2.39621e-06
0.00604027
2.45673e-06
0.00604148
2.51882e-06
0.00604271
2.58269e-06
0.00604398
2.64854e-06
0.00604528
2.7166e-06
0.00604661
2.78708e-06
2.86021e-06
0.00618234
5.77331e-08
0.0061824
6.01736e-08
0.00618246
6.27232e-08
0.00618253
6.53869e-08
0.00618259
6.81697e-08
0.00618266
7.10767e-08
0.00618273
7.41136e-08
0.00618281
7.72859e-08
0.00618289
8.05995e-08
0.00618297
8.40605e-08
0.00618306
8.76754e-08
0.00618315
9.14506e-08
0.00618324
9.53929e-08
0.00618334
9.95094e-08
0.00618344
1.03807e-07
0.00618355
1.08294e-07
0.00618366
1.12978e-07
0.00618377
1.17867e-07
0.00618389
1.22968e-07
0.00618402
1.28291e-07
0.00618415
1.33844e-07
0.00618428
1.39637e-07
0.00618443
1.45677e-07
0.00618458
1.51975e-07
0.00618473
1.58541e-07
0.00618489
1.65383e-07
0.00618506
1.72512e-07
0.00618524
1.79939e-07
0.00618542
1.87672e-07
0.00618561
1.95723e-07
0.00618581
2.04102e-07
0.00618602
2.12819e-07
0.00618624
2.21885e-07
0.00618646
2.3131e-07
0.0061867
2.41104e-07
0.00618694
2.51279e-07
0.0061872
2.61843e-07
0.00618747
2.72807e-07
0.00618774
2.84181e-07
0.00618803
2.95974e-07
0.00618833
3.08195e-07
0.00618865
3.20852e-07
0.00618897
3.33954e-07
0.00618931
3.47508e-07
0.00618967
3.61521e-07
0.00619003
3.75998e-07
0.00619041
3.90946e-07
0.00619081
4.06368e-07
0.00619122
4.22268e-07
0.00619165
4.38649e-07
0.0061921
4.55512e-07
0.00619256
4.72857e-07
0.00619304
4.90683e-07
0.00619353
5.08988e-07
0.00619405
5.27769e-07
0.00619458
5.47022e-07
0.00619513
5.66739e-07
0.00619571
5.86914e-07
0.0061963
6.0754e-07
0.00619691
6.28605e-07
0.00619754
6.501e-07
0.0061982
6.72014e-07
0.00619888
6.94333e-07
0.00619957
7.17047e-07
0.0062003
7.40141e-07
0.00620104
7.63603e-07
0.00620181
7.8742e-07
0.0062026
8.11581e-07
0.00620341
8.36075e-07
0.00620425
8.60893e-07
0.00620511
8.86027e-07
0.006206
9.11475e-07
0.00620691
9.37234e-07
0.00620784
9.63309e-07
0.00620881
9.89706e-07
0.00620979
1.01644e-06
0.00621081
1.04353e-06
0.00621185
1.071e-06
0.00621292
1.09888e-06
0.00621401
1.12722e-06
0.00621514
1.15606e-06
0.00621629
1.18547e-06
0.00621747
1.21552e-06
0.00621868
1.24627e-06
0.00621992
1.27783e-06
0.00622119
1.31028e-06
0.0062225
1.34373e-06
0.00622384
1.3783e-06
0.00622521
1.41414e-06
1.45113e-06
0.00636517
0.00636523
0.0063653
0.00636536
0.00636543
0.0063655
0.00636557
0.00636565
0.00636573
0.00636582
0.0063659
0.006366
0.00636609
0.00636619
0.00636629
0.0063664
0.00636652
0.00636663
0.00636676
0.00636688
0.00636702
0.00636716
0.0063673
0.00636746
0.00636761
0.00636778
0.00636795
0.00636813
0.00636832
0.00636852
0.00636872
0.00636893
0.00636915
0.00636939
0.00636963
0.00636988
0.00637014
0.00637041
0.0063707
0.00637099
0.0063713
0.00637162
0.00637196
0.0063723
0.00637266
0.00637304
0.00637343
0.00637384
0.00637426
0.0063747
0.00637515
0.00637563
0.00637612
0.00637663
0.00637715
0.0063777
0.00637827
0.00637886
0.00637946
0.00638009
0.00638074
0.00638141
0.00638211
0.00638283
0.00638357
0.00638433
0.00638512
0.00638593
0.00638676
0.00638762
0.00638851
0.00638942
0.00639036
0.00639132
0.00639231
0.00639333
0.00639437
0.00639544
0.00639654
0.00639767
0.00639883
0.00640001
0.00640123
0.00640247
0.00640375
0.00640506
0.0064064
0.00640778
0.0064092
)
;

boundaryField
{
    inlet
    {
        type            calculated;
        value           nonuniform List<scalar> 
80
(
-0.000636324
-0.000655144
-0.00067452
-0.000694469
-0.000715009
-0.000736155
-0.000757928
-0.000780344
-0.000803423
-0.000827185
-0.000851649
-0.000876837
-0.00090277
-0.00092947
-0.00095696
-0.000985262
-0.0010144
-0.0010444
-0.00107529
-0.00110709
-0.00113984
-0.00117355
-0.00120826
-0.00124399
-0.00128078
-0.00131866
-0.00135766
-0.00139782
-0.00143916
-0.00148172
-0.00152555
-0.00157066
-0.00161712
-0.00166495
-0.00171419
-0.00176488
-0.00181708
-0.00187082
-0.00192615
-0.00198312
-0.00204177
-0.00210216
-0.00216433
-0.00222834
-0.00229425
-0.0023621
-0.00243196
-0.00250389
-0.00257794
-0.00265419
-0.00273269
-0.00281351
-0.00289672
-0.00298239
-0.0030706
-0.00316141
-0.00325491
-0.00335118
-0.00345029
-0.00355233
-0.0036574
-0.00376557
-0.00387693
-0.0039916
-0.00410965
-0.0042312
-0.00435634
-0.00448518
-0.00461783
-0.0047544
-0.00489502
-0.00503979
-0.00518885
-0.00534231
-0.00550031
-0.00566299
-0.00583047
-0.00600291
-0.00618045
-0.00636324
)
;
    }
    outlet
    {
        type            calculated;
        value           nonuniform List<scalar> 
80
(
4.85968e-05
0.000154028
0.000265939
0.00037895
0.000486653
0.000583174
0.000664976
0.000731475
0.000784462
0.00082701
0.000862446
0.000893658
0.000922785
0.000951216
0.000979749
0.0010088
0.00103857
0.00106916
0.00110062
0.00113297
0.00116626
0.0012005
0.00123572
0.00127196
0.00130925
0.00134761
0.00138707
0.00142767
0.00146944
0.00151241
0.00155663
0.00160212
0.00164894
0.0016971
0.00174667
0.00179767
0.00185016
0.00190417
0.00195976
0.00201696
0.00207584
0.00213644
0.00219881
0.00226301
0.0023291
0.00239712
0.00246714
0.00253921
0.00261341
0.0026898
0.00276843
0.00284939
0.00293273
0.00301853
0.00310687
0.00319782
0.00329146
0.00338787
0.00348714
0.00358935
0.00369458
0.00380294
0.00391451
0.00402939
0.00414769
0.0042695
0.00439493
0.00452409
0.0046571
0.00479407
0.00493513
0.0050804
0.00523
0.00538408
0.00554277
0.00570621
0.00587457
0.00604798
0.00622662
0.00641065
)
;
    }
    topWall
    {
        type            calculated;
        value           uniform 0;
    }
    symmetry
    {
        type            calculated;
        value           uniform 0;
    }
    bottomWall
    {
        type            calculated;
        value           uniform 0;
    }
    frontAndBack
    {
        type            empty;
        value           nonuniform List<scalar> 0();
    }
}


// ************************************************************************* //
