/*--------------------------------*- C++ -*----------------------------------*\
| =========                 |                                                 |
| \\      /  F ield         | OpenFOAM: The Open Source CFD Toolbox           |
|  \\    /   O peration     | Version:  2312                                  |
|   \\  /    A nd           | Website:  www.openfoam.com                      |
|    \\/     M anipulation  |                                                 |
\*---------------------------------------------------------------------------*/
FoamFile
{
    version     2.0;
    format      ascii;
    arch        "LSB;label=32;scalar=64";
    class       surfaceScalarField;
    location    "170";
    object      phi;
}
// * * * * * * * * * * * * * * * * * * * * * * * * * * * * * * * * * * * * * //

dimensions      [0 3 -1 0 0 0 0];

oriented        oriented;

internalField   nonuniform List<scalar> 
16615
(
0.000636016
3.08064e-07
0.000635504
5.11552e-07
0.000634825
6.79287e-07
0.000634001
8.23778e-07
0.000633042
9.58843e-07
0.000631948
1.09425e-06
0.000630709
1.23858e-06
0.000629307
1.40207e-06
0.000627708
1.59939e-06
0.000625854
1.85379e-06
0.00062365
2.20371e-06
0.000620939
2.71124e-06
0.000617466
3.47359e-06
0.000612844
4.62209e-06
8.41756e-06
0.000604426
0.00065483
6.21948e-07
0.000654302
1.0388e-06
0.000653607
1.37508e-06
0.000652764
1.66661e-06
0.000651784
1.93826e-06
0.00065067
2.20851e-06
0.000649415
2.49334e-06
0.000648007
2.81032e-06
0.000646425
3.18184e-06
0.00064464
3.63808e-06
0.000642625
4.21865e-06
0.000640367
4.96957e-06
0.000637907
5.93377e-06
0.000635412
7.11658e-06
8.63148e-06
0.000635198
0.000674199
9.43136e-07
0.00067366
1.57794e-06
0.000672949
2.08536e-06
0.000672091
2.52461e-06
0.000671098
2.93129e-06
0.000669975
3.33118e-06
0.000668724
3.74512e-06
0.000667341
4.19292e-06
0.000665828
4.69482e-06
0.000664196
5.2698e-06
0.000662486
5.92887e-06
0.000660794
6.662e-06
0.000659305
7.42268e-06
0.000658306
8.11484e-06
8.63436e-06
0.000658304
0.000694142
1.27072e-06
0.000693592
2.12713e-06
0.000692871
2.80699e-06
0.000692003
3.39268e-06
0.000691004
3.92974e-06
0.000689886
4.4494e-06
0.000688657
4.97409e-06
0.000687329
5.52043e-06
0.000685926
6.09849e-06
0.000684488
6.70702e-06
0.000683092
7.32531e-06
0.000681848
7.90572e-06
0.000680897
8.37434e-06
0.000680367
8.64453e-06
8.64947e-06
0.000680352
0.000714676
1.60361e-06
0.000714119
2.68423e-06
0.000713389
3.53638e-06
0.000712517
4.26515e-06
0.000711521
4.92492e-06
0.000710421
5.55023e-06
0.000709233
6.1619e-06
0.000707984
6.76922e-06
0.000706714
7.3683e-06
0.000705483
7.93785e-06
0.000704372
8.43607e-06
0.000703474
8.80399e-06
0.00070287
8.97899e-06
0.000702599
8.91545e-06
8.60543e-06
0.000702643
0.000735818
1.94057e-06
0.000735256
3.24683e-06
0.000734523
4.26956e-06
0.000733652
5.13592e-06
0.000732669
5.90786e-06
0.000731598
6.6212e-06
0.000730467
7.29271e-06
0.000729314
7.92234e-06
0.000728189
8.49284e-06
0.000727158
8.96943e-06
0.00072629
9.30404e-06
0.000725647
9.44694e-06
0.000725262
9.36357e-06
0.000725129
9.04898e-06
8.53325e-06
0.000725201
0.000757588
2.2802e-06
0.000757022
3.81222e-06
0.00075629
5.00226e-06
0.000755427
5.99864e-06
0.000754465
6.8697e-06
0.000753435
7.65093e-06
0.000752374
8.35375e-06
0.000751327
8.96918e-06
0.00075035
9.47054e-06
0.000749501
9.81855e-06
0.000748833
9.97158e-06
0.00074838
9.90011e-06
0.000748144
9.5997e-06
0.000748097
9.09563e-06
8.43798e-06
0.000748192
0.000780003
2.62096e-06
0.000779438
4.37749e-06
0.00077871
5.72993e-06
0.000777862
6.84685e-06
0.000776929
7.80193e-06
0.000775951
8.62943e-06
0.000774969
9.3355e-06
0.000774034
9.9046e-06
0.000773198
1.03064e-05
0.000772511
1.05057e-05
0.000772006
1.04759e-05
0.000771695
1.02111e-05
0.000771562
9.73258e-06
0.000771573
9.08501e-06
8.32673e-06
0.000771684
0.000803083
2.96115e-06
0.000802521
4.9395e-06
0.000801803
6.44786e-06
0.000800975
7.67413e-06
0.000800081
8.69668e-06
0.000799162
9.54839e-06
0.000798265
1.02315e-05
0.000797442
1.07278e-05
0.000796739
1.10093e-05
0.000796193
1.10518e-05
0.000795821
1.08478e-05
0.000795618
1.0414e-05
0.00079556
9.79077e-06
0.000795611
9.03383e-06
8.20296e-06
0.000795735
0.000826847
3.29897e-06
0.000826291
5.49498e-06
0.000825588
7.15124e-06
0.000824788
8.47425e-06
0.000823937
9.54683e-06
0.000823085
1.04012e-05
0.000822278
1.10383e-05
0.000821564
1.14412e-05
0.000820984
1.15902e-05
0.000820559
1.14763e-05
0.000820295
1.11121e-05
0.000820176
1.05332e-05
0.000820173
9.7933e-06
0.000820254
8.95281e-06
8.0694e-06
0.000820388
0.000851315
3.63252e-06
0.00085077
6.04051e-06
0.000850086
7.8353e-06
0.000849319
9.24134e-06
0.000848519
1.03463e-05
0.000847737
1.11831e-05
0.000847021
1.17545e-05
0.000846413
1.20494e-05
0.000845942
1.20606e-05
0.000845622
1.17965e-05
0.000845446
1.12884e-05
0.000845392
1.05868e-05
0.000845432
9.75324e-06
0.000845536
8.84907e-06
7.92791e-06
0.000845678
0.00087651
3.95981e-06
0.000875978
6.57263e-06
0.000875317
8.49534e-06
0.000874589
9.96997e-06
0.000873845
1.10898e-05
0.000873137
1.18909e-05
0.000872511
1.23808e-05
0.000872002
1.25586e-05
0.000871631
1.24319e-05
0.0008714
1.20275e-05
0.000871295
1.13924e-05
0.000871294
1.05881e-05
0.000871368
9.67989e-06
0.000871489
8.72759e-06
7.78e-06
0.000871637
0.000902451
4.27881e-06
0.000901936
7.08788e-06
0.000901304
9.12687e-06
0.000900619
1.06553e-05
0.000899935
1.17734e-05
0.000899303
1.25228e-05
0.000898764
1.29194e-05
0.000898348
1.29754e-05
0.000898064
1.27152e-05
0.00089791
1.21822e-05
0.000897865
1.14367e-05
0.000897906
1.05472e-05
0.000898006
9.58006e-06
0.000898142
8.59203e-06
7.62683e-06
0.000898295
0.000929161
4.58748e-06
0.000928666
7.58284e-06
0.000928067
9.72565e-06
0.00092743
1.12931e-05
0.000926809
1.23941e-05
0.000926253
1.30785e-05
0.000925799
1.33736e-05
0.000925467
1.33071e-05
0.000925262
1.29202e-05
0.000925173
1.22715e-05
0.000925178
1.14312e-05
0.000925254
1.04718e-05
0.000925375
9.4589e-06
0.000925522
8.44515e-06
7.46939e-06
0.000925679
0.000956663
4.88378e-06
0.000956192
8.05422e-06
0.00095563
1.02878e-05
0.000955043
1.18798e-05
0.000954487
1.29498e-05
0.000954007
1.35586e-05
0.000953633
1.37476e-05
0.000953379
1.35609e-05
0.000953243
1.30561e-05
0.00095321
1.23047e-05
0.000953257
1.1384e-05
0.000953361
1.03681e-05
0.0009535
9.32036e-06
0.000953656
8.28912e-06
7.30849e-06
0.000953816
0.00098498
5.16573e-06
0.000984535
8.4989e-06
0.000984013
1.08099e-05
0.00098348
1.24126e-05
0.000982991
1.34395e-05
0.000982585
1.39648e-05
0.000982286
1.40458e-05
0.000982104
1.37436e-05
0.000982029
1.3131e-05
0.000982044
1.22896e-05
0.000982126
1.13016e-05
0.000982253
1.02409e-05
0.000982406
9.16758e-06
0.000982569
8.12565e-06
7.14483e-06
0.000982733
0.00101414
5.43144e-06
0.00101372
8.91399e-06
0.00101324
1.12889e-05
0.00101277
1.28894e-05
0.00101234
1.3863e-05
0.00101201
1.42994e-05
0.00101178
1.42732e-05
0.00101166
1.38621e-05
0.00101164
1.31521e-05
0.0010117
1.22331e-05
0.00101181
1.11896e-05
0.00101196
1.00941e-05
0.00101212
9.00307e-06
0.00101229
7.95615e-06
6.97904e-06
0.00101246
0.00104416
5.67913e-06
0.00104377
9.29688e-06
0.00104334
1.17223e-05
0.00104292
1.33088e-05
0.00104256
1.42208e-05
0.0010423
1.45653e-05
0.00104213
1.44346e-05
0.00104207
1.39224e-05
0.0010421
1.31259e-05
0.00104219
1.21407e-05
0.00104233
1.10524e-05
0.00104249
9.93098e-06
0.00104267
8.82891e-06
0.00104284
7.78178e-06
6.81163e-06
0.00104301
0.00107506
5.90718e-06
0.00107472
9.64528e-06
0.00107433
1.21081e-05
0.00107397
1.36701e-05
0.00107368
1.45141e-05
0.00107347
1.47658e-05
0.00107337
1.45352e-05
0.00107337
1.39303e-05
0.00107343
1.30579e-05
0.00107356
1.20173e-05
0.00107372
1.08937e-05
0.00107389
9.75411e-06
0.00107407
8.64679e-06
0.00107425
7.60354e-06
6.64308e-06
0.00107442
0.00110689
6.11416e-06
0.00110658
9.95727e-06
0.00110624
1.2445e-05
0.00110594
1.39731e-05
0.0011057
1.47447e-05
0.00110557
1.49045e-05
0.00110552
1.45797e-05
0.00110556
1.38913e-05
0.00110567
1.29533e-05
0.00110582
1.18673e-05
0.00110599
1.0717e-05
0.00110618
9.56578e-06
0.00110637
8.45817e-06
0.00110655
7.42226e-06
6.47379e-06
0.00110672
0.00113965
6.29882e-06
0.00113938
1.02313e-05
0.00113909
1.27319e-05
0.00113885
1.42184e-05
0.00113868
1.49148e-05
0.0011386
1.49852e-05
0.0011386
1.4573e-05
0.00113868
1.38102e-05
0.00113882
1.28165e-05
0.00113899
1.16942e-05
0.00113919
1.05247e-05
0.00113938
9.36788e-06
0.00113958
8.26426e-06
0.00113976
7.23865e-06
6.30414e-06
0.00113993
0.00117339
6.46017e-06
0.00117315
1.04662e-05
0.00117292
1.29686e-05
0.00117273
1.4407e-05
0.00117261
1.5027e-05
0.00117259
1.50118e-05
0.00117264
1.45195e-05
0.00117276
1.36915e-05
0.00117293
1.26515e-05
0.00117312
1.15013e-05
0.00117332
1.03194e-05
0.00117353
9.16204e-06
0.00117373
8.06612e-06
0.00117391
7.05335e-06
6.13446e-06
0.00117408
0.00120812
6.59744e-06
0.00120792
1.06614e-05
0.00120774
1.31551e-05
0.0012076
1.45403e-05
0.00120755
1.50842e-05
0.00120757
1.49881e-05
0.00120767
1.44235e-05
0.00120782
1.35395e-05
0.00120801
1.24618e-05
0.00120822
1.12912e-05
0.00120844
1.0103e-05
0.00120865
8.94967e-06
0.00120885
7.86466e-06
0.00120904
6.8669e-06
5.96503e-06
0.0012092
0.00124388
6.71015e-06
0.00124372
1.08164e-05
0.00124359
1.32921e-05
0.00124351
1.46204e-05
0.0012435
1.50895e-05
0.00124357
1.49181e-05
0.00124371
1.42892e-05
0.00124389
1.33577e-05
0.0012441
1.22506e-05
0.00124432
1.10665e-05
0.00124455
9.87737e-06
0.00124477
8.732e-06
0.00124497
7.66067e-06
0.00124516
6.67978e-06
5.79613e-06
0.00124533
0.0012807
6.79804e-06
0.00128058
1.09313e-05
0.00128049
1.33807e-05
0.00128046
1.46494e-05
0.00128051
1.50462e-05
0.00128062
1.48056e-05
0.00128079
1.41204e-05
0.001281
1.31498e-05
0.00128123
1.20207e-05
0.00128146
1.08294e-05
0.0012817
9.64404e-06
0.00128192
8.5101e-06
0.00128212
7.45485e-06
0.00128231
6.49244e-06
5.628e-06
0.00128248
0.0013186
6.86113e-06
0.00131853
1.10068e-05
0.00131848
1.34221e-05
0.0013185
1.46298e-05
0.00131859
1.49577e-05
0.00131874
1.46543e-05
0.00131894
1.39207e-05
0.00131917
1.29188e-05
0.00131942
1.17748e-05
0.00131967
1.05817e-05
0.00131991
9.4044e-06
0.00132013
8.28492e-06
0.00132034
7.24783e-06
0.00132053
6.30524e-06
5.46085e-06
0.00132069
0.00135763
6.89968e-06
0.00135759
1.10435e-05
0.00135759
1.34184e-05
0.00135766
1.45645e-05
0.00135779
1.48273e-05
0.00135797
1.44678e-05
0.0013582
1.36935e-05
0.00135845
1.26677e-05
0.00135871
1.1515e-05
0.00135897
1.03252e-05
0.00135921
9.15969e-06
0.00135944
8.05731e-06
0.00135965
7.04017e-06
0.00135984
6.11853e-06
5.29488e-06
0.00136
0.0013978
6.91422e-06
0.0013978
1.10428e-05
0.00139785
1.33715e-05
0.00139796
1.44563e-05
0.00139813
1.46586e-05
0.00139835
1.42497e-05
0.0013986
1.34419e-05
0.00139887
1.23992e-05
0.00139914
1.12435e-05
0.0013994
1.00615e-05
0.00139965
8.91102e-06
0.00139988
7.82803e-06
0.00140009
6.83234e-06
0.00140027
5.93264e-06
5.13028e-06
0.00140044
0.00143917
6.90545e-06
0.0014392
1.10061e-05
0.00143929
1.32839e-05
0.00143944
1.43083e-05
0.00143964
1.44548e-05
0.00143989
1.40032e-05
0.00144016
1.3169e-05
0.00144045
1.21156e-05
0.00144073
1.09622e-05
0.001441
9.7919e-06
0.00144125
8.65936e-06
0.00144148
7.59774e-06
0.00144169
6.62482e-06
0.00144187
5.74783e-06
4.96721e-06
0.00144203
0.00148175
6.87433e-06
0.00148182
1.09352e-05
0.00148195
1.3158e-05
0.00148214
1.41238e-05
0.00148237
1.42195e-05
0.00148264
1.37316e-05
0.00148293
1.28776e-05
0.00148323
1.18192e-05
0.00148352
1.06727e-05
0.00148379
9.51773e-06
0.00148405
8.40563e-06
0.00148428
7.36707e-06
0.00148448
6.41799e-06
0.00148467
5.56436e-06
4.80583e-06
0.00148483
0.0015256
6.82196e-06
0.0015257
1.0832e-05
0.00152586
1.29968e-05
0.00152608
1.39058e-05
0.00152634
1.39557e-05
0.00152664
1.34378e-05
0.00152695
1.25701e-05
0.00152725
1.15121e-05
0.00152755
1.03768e-05
0.00152783
9.24012e-06
0.00152808
8.15062e-06
0.00152831
7.13657e-06
0.00152852
6.21224e-06
0.0015287
5.38249e-06
4.64629e-06
0.00152886
0.00157074
6.7496e-06
0.00157087
1.06988e-05
0.00157106
1.28029e-05
0.00157131
1.36577e-05
0.0015716
1.36668e-05
0.00157191
1.31249e-05
0.00157223
1.2249e-05
0.00157255
1.11962e-05
0.00157285
1.00757e-05
0.00157313
8.96011e-06
0.00157339
7.89508e-06
0.00157362
6.90674e-06
0.00157382
6.00789e-06
0.001574
5.20241e-06
4.48872e-06
0.00157416
0.00161721
6.65866e-06
0.00161737
1.05379e-05
0.00161759
1.25794e-05
0.00161787
1.33825e-05
0.00161818
1.33558e-05
0.00161851
1.27954e-05
0.00161884
1.19166e-05
0.00161916
1.08733e-05
0.00161947
9.77081e-06
0.00161975
8.67865e-06
0.00162001
7.63967e-06
0.00162023
6.67806e-06
0.00162044
5.80525e-06
0.00162062
5.02434e-06
4.33324e-06
0.00162077
0.00166505
6.55061e-06
0.00166524
1.03517e-05
0.00166549
1.23292e-05
0.00166579
1.30834e-05
0.00166612
1.30257e-05
0.00166646
1.24519e-05
0.0016668
1.1575e-05
0.00166713
1.05448e-05
0.00166744
9.46336e-06
0.00166772
8.39662e-06
0.00166798
7.38502e-06
0.0016682
6.45093e-06
0.0016684
5.60462e-06
0.00166858
4.84845e-06
4.17997e-06
0.00166873
0.00171431
6.42701e-06
0.00171452
1.01428e-05
0.00171479
1.20553e-05
0.00171511
1.27635e-05
0.00171546
1.26793e-05
0.00171581
1.20969e-05
0.00171616
1.1226e-05
0.0017165
1.02125e-05
0.0017168
9.15443e-06
0.00171709
8.11482e-06
0.00171734
7.13167e-06
0.00171756
6.22575e-06
0.00171776
5.40626e-06
0.00171794
4.67493e-06
4.02903e-06
0.00171809
0.00176502
6.28948e-06
0.00176525
9.91353e-06
0.00176555
1.17606e-05
0.00176588
1.24256e-05
0.00176624
1.23192e-05
0.00176661
1.17326e-05
0.00176696
1.08715e-05
0.0017673
9.87754e-06
0.00176761
8.84504e-06
0.00176789
7.83397e-06
0.00176814
6.88016e-06
0.00176836
6.00288e-06
0.00176856
5.2104e-06
0.00176873
4.50394e-06
3.88052e-06
0.00176888
0.00181723
6.13963e-06
0.00181748
9.66656e-06
0.00181779
1.1448e-05
0.00181814
1.20727e-05
0.00181852
1.1948e-05
0.00181889
1.13611e-05
0.00181925
1.05131e-05
0.00181958
9.54128e-06
0.00181989
8.53611e-06
0.00182017
7.55474e-06
0.00182042
6.63095e-06
0.00182064
5.78264e-06
0.00182083
5.01727e-06
0.001821
4.33562e-06
3.73453e-06
0.00182115
0.00187098
5.97907e-06
0.00187125
9.40434e-06
0.00187157
1.11203e-05
0.00187194
1.17075e-05
0.00187232
1.15681e-05
0.0018727
1.09844e-05
0.00187306
1.01525e-05
0.00187339
9.20487e-06
0.0018737
8.22851e-06
0.00187398
7.27776e-06
0.00187422
6.38447e-06
0.00187444
5.56534e-06
0.00187463
4.82707e-06
0.0018748
4.17011e-06
3.59117e-06
0.00187494
0.00192632
5.8094e-06
0.0019266
9.12927e-06
0.00192694
1.07802e-05
0.00192731
1.13324e-05
0.0019277
1.11817e-05
0.00192808
1.06044e-05
0.00192844
9.79089e-06
0.00192878
8.86936e-06
0.00192908
7.92301e-06
0.00192936
7.00357e-06
0.0019296
6.14113e-06
0.00192981
5.35124e-06
0.00193
4.64001e-06
0.00193016
4.00755e-06
3.45051e-06
0.0019303
0.0019833
5.63215e-06
0.00198358
8.84367e-06
0.00198393
1.04302e-05
0.00198432
1.09499e-05
0.00198471
1.07908e-05
0.00198509
1.02225e-05
0.00198545
9.42971e-06
0.00198578
8.53574e-06
0.00198609
7.62032e-06
0.00198636
6.73269e-06
0.0019866
5.90128e-06
0.00198681
5.14061e-06
0.00198699
4.45624e-06
0.00198715
3.84805e-06
3.31263e-06
0.00198729
0.00204196
5.44881e-06
0.00204225
8.54977e-06
0.00204261
1.00728e-05
0.002043
1.05623e-05
0.00204339
1.03975e-05
0.00204377
9.84053e-06
0.00204413
9.07011e-06
0.00204446
8.20488e-06
0.00204476
7.32109e-06
0.00204503
6.46559e-06
0.00204526
5.66525e-06
0.00204547
4.93368e-06
0.00204565
4.27594e-06
0.00204581
3.69171e-06
3.1776e-06
0.00204594
0.00210235
5.26077e-06
0.00210265
8.24966e-06
0.00210301
9.71002e-06
0.0021034
1.01716e-05
0.0021038
1.00033e-05
0.00210418
9.45974e-06
0.00210453
8.71317e-06
0.00210486
7.87759e-06
0.00210516
7.0259e-06
0.00210542
6.20267e-06
0.00210565
5.43333e-06
0.00210585
4.73064e-06
0.00210603
4.09923e-06
0.00210618
3.53865e-06
3.0455e-06
0.00210632
0.00216452
5.06936e-06
0.00216483
7.94527e-06
0.00216519
9.34411e-06
0.00216559
9.77967e-06
0.00216598
9.61007e-06
0.00216636
9.08145e-06
0.00216671
8.35986e-06
0.00216703
7.5546e-06
0.00216732
6.73529e-06
0.00216758
5.94433e-06
0.00216781
5.2058e-06
0.00216801
4.5317e-06
0.00216818
3.92626e-06
0.00216833
3.38893e-06
2.91638e-06
0.00216846
0.00222854
4.8758e-06
0.00222884
7.63842e-06
0.00222921
8.97693e-06
0.0022296
9.38831e-06
0.00222999
9.21909e-06
0.00223037
8.7068e-06
0.00223072
8.01105e-06
0.00223104
7.23654e-06
0.00223132
6.44971e-06
0.00223157
5.69089e-06
0.0022318
4.98289e-06
0.00223199
4.337e-06
0.00223216
3.75713e-06
0.00223231
3.24265e-06
2.79029e-06
0.00223243
0.00229444
4.68122e-06
0.00229475
7.33076e-06
0.00229512
8.61023e-06
0.00229551
8.99907e-06
0.00229589
8.83172e-06
0.00229626
8.33681e-06
0.00229661
7.66753e-06
0.00229692
6.92399e-06
0.0022972
6.16958e-06
0.00229745
5.44265e-06
0.00229767
4.7648e-06
0.00229786
4.14669e-06
0.00229802
3.59194e-06
0.00229816
3.09986e-06
2.66728e-06
0.00229829
0.0023623
4.48663e-06
0.0023626
7.02378e-06
0.00236297
8.24556e-06
0.00236335
8.61337e-06
0.00236374
8.44911e-06
0.0023641
7.9724e-06
0.00236444
7.32996e-06
0.00236474
6.61745e-06
0.00236502
5.89526e-06
0.00236526
5.19986e-06
0.00236548
4.55172e-06
0.00236566
3.9609e-06
0.00236582
3.43078e-06
0.00236596
2.96063e-06
2.54738e-06
0.00236608
0.00243216
4.29295e-06
0.00243246
6.71881e-06
0.00243282
7.88431e-06
0.0024332
8.23243e-06
0.00243358
8.07228e-06
0.00243394
7.61435e-06
0.00243427
6.99896e-06
0.00243457
6.31736e-06
0.00243484
5.62706e-06
0.00243507
4.96273e-06
0.00243528
4.34379e-06
0.00243546
3.77973e-06
0.00243562
3.27371e-06
0.00243576
2.82499e-06
2.43062e-06
0.00243587
0.00250408
4.101e-06
0.00250438
6.41704e-06
0.00250474
7.52771e-06
0.00250511
7.85736e-06
0.00250548
7.70212e-06
0.00250584
7.26336e-06
0.00250616
6.67502e-06
0.00250645
6.02407e-06
0.00250671
5.36525e-06
0.00250695
4.73146e-06
0.00250715
4.14113e-06
0.00250732
3.60325e-06
0.00250748
3.12078e-06
0.00250761
2.69298e-06
2.31702e-06
0.00250772
0.00257813
3.91148e-06
0.00257843
6.11949e-06
0.00257878
7.17681e-06
0.00257915
7.48909e-06
0.00257951
7.3394e-06
0.00257986
6.92e-06
0.00258017
6.35858e-06
0.00258046
5.73791e-06
0.00258071
5.11002e-06
0.00258094
4.50617e-06
0.00258114
3.94384e-06
0.00258131
3.43153e-06
0.00258146
2.97203e-06
0.00258158
2.56462e-06
2.20658e-06
0.00258169
0.00265437
3.72502e-06
0.00265467
5.82706e-06
0.00265501
6.83253e-06
0.00265537
7.1284e-06
0.00265573
6.98474e-06
0.00265606
6.58476e-06
0.00265637
6.04997e-06
0.00265665
5.4591e-06
0.0026569
4.86155e-06
0.00265712
4.28699e-06
0.00265731
3.75199e-06
0.00265747
3.26462e-06
0.00265762
2.82749e-06
0.00265774
2.43992e-06
2.09932e-06
0.00265785
0.00273287
3.54212e-06
0.00273316
5.54049e-06
0.00273349
6.49561e-06
0.00273384
6.77597e-06
0.00273419
6.63867e-06
0.00273452
6.25801e-06
0.00273482
5.74949e-06
0.00273509
5.18784e-06
0.00273533
4.61996e-06
0.00273554
4.07398e-06
0.00273573
3.56562e-06
0.00273589
3.10251e-06
0.00273603
2.68715e-06
0.00273615
2.31888e-06
1.99521e-06
0.00273626
0.00281369
3.36322e-06
0.00281397
5.26039e-06
0.00281429
6.16669e-06
0.00281464
6.43231e-06
0.00281498
6.3016e-06
0.00281529
5.94007e-06
0.00281559
5.45733e-06
0.00281585
4.92427e-06
0.00281608
4.38533e-06
0.00281629
3.86719e-06
0.00281647
3.38474e-06
0.00281663
2.94523e-06
0.00281676
2.55102e-06
0.00281688
2.20147e-06
1.89425e-06
0.00281698
0.00289689
3.18867e-06
0.00289717
4.98726e-06
0.00289749
5.84625e-06
0.00289782
6.09785e-06
0.00289815
5.97384e-06
0.00289846
5.63115e-06
0.00289874
5.17364e-06
0.002899
4.66845e-06
0.00289922
4.15769e-06
0.00289942
3.66662e-06
0.0028996
3.20936e-06
0.00289975
2.79275e-06
0.00289988
2.41905e-06
0.0029
2.08767e-06
1.7964e-06
0.0029001
0.00298256
3.01874e-06
0.00298283
4.72149e-06
0.00298314
5.53466e-06
0.00298346
5.77288e-06
0.00298378
5.6556e-06
0.00298408
5.33138e-06
0.00298436
4.89848e-06
0.0029846
4.42043e-06
0.00298482
3.93706e-06
0.00298502
3.47227e-06
0.00298519
3.03943e-06
0.00298534
2.64504e-06
0.00298546
2.29123e-06
0.00298557
1.97745e-06
1.70164e-06
0.00298567
0.00307076
2.85362e-06
0.00307102
4.46334e-06
0.00307132
5.23218e-06
0.00307164
5.4576e-06
0.00307195
5.34703e-06
0.00307224
5.04084e-06
0.0030725
4.63189e-06
0.00307274
4.18019e-06
0.00307296
3.72339e-06
0.00307314
3.28408e-06
0.00307331
2.87491e-06
0.00307345
2.50203e-06
0.00307358
2.16748e-06
0.00307368
1.87076e-06
1.6099e-06
0.00307377
0.00316157
2.69346e-06
0.00316182
4.21299e-06
0.00316211
4.93898e-06
0.00316242
5.15212e-06
0.00316272
5.04816e-06
0.003163
4.75952e-06
0.00316326
4.37382e-06
0.00316349
3.94768e-06
0.0031637
3.51661e-06
0.00316388
3.10198e-06
0.00316404
2.71572e-06
0.00316418
2.36366e-06
0.0031643
2.04775e-06
0.0031644
1.76753e-06
1.52114e-06
0.00316449
0.00325507
2.53832e-06
0.00325531
3.97055e-06
0.00325559
4.65511e-06
0.00325589
4.85645e-06
0.00325618
4.75896e-06
0.00325645
4.48737e-06
0.0032567
4.1242e-06
0.00325692
3.72279e-06
0.00325712
3.31663e-06
0.0032573
2.92586e-06
0.00325745
2.56176e-06
0.00325759
2.22985e-06
0.0032577
1.93196e-06
0.0032578
1.66769e-06
1.4353e-06
0.00325789
0.00335133
2.38822e-06
0.00335156
3.73602e-06
0.00335184
4.38056e-06
0.00335212
4.57055e-06
0.0033524
4.47936e-06
0.00335266
4.22427e-06
0.00335291
3.88289e-06
0.00335312
3.50539e-06
0.00335332
3.12331e-06
0.00335349
2.75561e-06
0.00335364
2.41293e-06
0.00335377
2.10048e-06
0.00335388
1.82001e-06
0.00335397
1.57116e-06
1.3523e-06
0.00335406
0.00345044
2.24315e-06
0.00345066
3.50935e-06
0.00345093
4.11523e-06
0.0034512
4.29428e-06
0.00345147
4.20919e-06
0.00345173
3.97006e-06
0.00345196
3.64972e-06
0.00345217
3.29533e-06
0.00345236
2.9365e-06
0.00345252
2.59108e-06
0.00345267
2.26908e-06
0.00345279
1.97544e-06
0.0034529
1.7118e-06
0.00345299
1.47784e-06
1.27206e-06
0.00345307
0.00355247
2.10304e-06
0.00355269
3.29043e-06
0.00355295
3.85898e-06
0.00355322
4.02746e-06
0.00355348
3.94825e-06
0.00355372
3.72451e-06
0.00355395
3.42448e-06
0.00355415
3.09239e-06
0.00355433
2.75601e-06
0.00355449
2.4321e-06
0.00355463
2.13008e-06
0.00355475
1.85459e-06
0.00355485
1.60721e-06
0.00355494
1.38765e-06
1.1945e-06
0.00355502
0.00365753
1.96778e-06
0.00365774
3.07907e-06
0.00365799
3.61158e-06
0.00365825
3.76983e-06
0.0036585
3.69628e-06
0.00365874
3.48737e-06
0.00365895
3.20694e-06
0.00365915
2.89635e-06
0.00365933
2.58163e-06
0.00365948
2.27848e-06
0.00365961
1.99575e-06
0.00365973
1.73779e-06
0.00365983
1.50612e-06
0.00365992
1.30046e-06
1.11952e-06
0.00365999
0.0037657
1.83723e-06
0.0037659
2.87507e-06
0.00376614
3.37276e-06
0.00376639
3.5211e-06
0.00376663
3.45298e-06
0.00376686
3.25835e-06
0.00376707
2.9968e-06
0.00376726
2.70696e-06
0.00376743
2.41313e-06
0.00376758
2.13003e-06
0.00376771
1.86591e-06
0.00376782
1.62489e-06
0.00376792
1.40838e-06
0.003768
1.21615e-06
1.04701e-06
0.00376807
0.00387706
1.71123e-06
0.00387726
2.67816e-06
0.00387749
3.1422e-06
0.00387773
3.28093e-06
0.00387796
3.218e-06
0.00387818
3.03712e-06
0.00387839
2.79377e-06
0.00387857
2.52393e-06
0.00387873
2.25027e-06
0.00387888
1.9865e-06
0.003879
1.74037e-06
0.00387911
1.5157e-06
0.00387921
1.31385e-06
0.00387929
1.1346e-06
9.76862e-07
0.00387936
0.00399172
1.58959e-06
0.00399191
2.48803e-06
0.00399213
2.91954e-06
0.00399236
3.04894e-06
0.00399259
2.99097e-06
0.0039928
2.82332e-06
0.003993
2.5975e-06
0.00399318
2.34696e-06
0.00399334
2.09276e-06
0.00399347
1.84768e-06
0.0039936
1.61891e-06
0.0039937
1.41006e-06
0.00399379
1.22237e-06
0.00399387
1.05568e-06
9.08963e-07
0.00399394
0.00410977
1.47209e-06
0.00410995
2.30434e-06
0.00411017
2.70438e-06
0.00411039
2.82471e-06
0.00411061
2.77147e-06
0.00411082
2.61655e-06
0.00411101
2.40765e-06
0.00411118
2.17573e-06
0.00411133
1.94033e-06
0.00411147
1.71329e-06
0.00411158
1.50132e-06
0.00411169
1.30775e-06
0.00411177
1.13377e-06
0.00411185
9.79228e-07
8.43188e-07
0.00411192
0.00423131
1.35849e-06
0.00423149
2.12674e-06
0.0042317
2.49629e-06
0.00423191
2.60779e-06
0.00423212
2.55906e-06
0.00423233
2.41641e-06
0.00423251
2.22382e-06
0.00423267
2.00988e-06
0.00423282
1.79265e-06
0.00423295
1.58307e-06
0.00423307
1.38735e-06
0.00423317
1.20858e-06
0.00423325
1.04788e-06
0.00423333
9.05101e-07
7.79404e-07
0.00423339
0.00435645
1.24855e-06
0.00435662
1.95481e-06
0.00435682
2.29481e-06
0.00435703
2.39768e-06
0.00435724
2.35327e-06
0.00435743
2.22243e-06
0.00435761
2.0456e-06
0.00435777
1.84906e-06
0.00435791
1.64942e-06
0.00435804
1.45674e-06
0.00435815
1.27676e-06
0.00435825
1.11233e-06
0.00435833
9.64498e-07
0.0043584
8.33137e-07
7.17473e-07
0.00435846
0.00448528
1.14199e-06
0.00448545
1.78815e-06
0.00448565
2.09943e-06
0.00448585
2.19389e-06
0.00448605
2.15358e-06
0.00448624
2.03416e-06
0.00448641
1.87257e-06
0.00448657
1.69288e-06
0.00448671
1.51027e-06
0.00448683
1.33399e-06
0.00448694
1.16928e-06
0.00448703
1.01878e-06
0.00448711
8.8344e-07
0.00448718
7.63165e-07
6.5725e-07
0.00448724
0.00461793
1.03853e-06
0.00461809
1.62629e-06
0.00461828
1.90964e-06
0.00461848
1.99585e-06
0.00461868
1.95947e-06
0.00461886
1.85108e-06
0.00461903
1.70427e-06
0.00461918
1.54092e-06
0.00461932
1.37486e-06
0.00461943
1.2145e-06
0.00461954
1.06464e-06
0.00461963
9.27677e-07
0.00461971
8.04493e-07
0.00461978
6.95007e-07
5.98582e-07
0.00461984
0.0047545
9.37847e-07
0.00475466
1.46876e-06
0.00475485
1.72488e-06
0.00475504
1.80299e-06
0.00475523
1.77039e-06
0.00475541
1.67268e-06
0.00475557
1.54022e-06
0.00475572
1.39275e-06
0.00475585
1.24279e-06
0.00475597
1.09794e-06
0.00475607
9.62538e-07
0.00475616
8.38773e-07
0.00475624
7.2744e-07
0.0047563
6.28474e-07
5.41305e-07
0.00475636
0.00489512
8.39632e-07
0.00489527
1.31506e-06
0.00489545
1.54455e-06
0.00489564
1.61471e-06
0.00489582
1.58572e-06
0.004896
1.4984e-06
0.00489616
1.3799e-06
0.0048963
1.24792e-06
0.00489643
1.11366e-06
0.00489655
9.83946e-07
0.00489665
8.62671e-07
0.00489673
7.51797e-07
0.00489681
6.52047e-07
0.00489687
5.63367e-07
4.8525e-07
0.00489693
0.00503989
7.43536e-07
0.00504004
1.16464e-06
0.00504021
1.36804e-06
0.0050404
1.43035e-06
0.00504058
1.40484e-06
0.00504075
1.32764e-06
0.00504091
1.22278e-06
0.00504105
1.10594e-06
0.00504118
9.87044e-07
0.00504129
8.72148e-07
0.00504139
7.64707e-07
0.00504147
6.66465e-07
0.00504154
5.78069e-07
0.00504161
4.99473e-07
4.30233e-07
0.00504166
0.00518894
6.49195e-07
0.00518909
1.01695e-06
0.00518926
1.19467e-06
0.00518944
1.24922e-06
0.00518962
1.22708e-06
0.00518979
1.15977e-06
0.00518994
1.06828e-06
0.00519008
9.66291e-07
0.00519021
8.6248e-07
0.00519032
7.6214e-07
0.00519041
6.68294e-07
0.0051905
5.82472e-07
0.00519057
5.0524e-07
0.00519063
4.36566e-07
3.7606e-07
0.00519069
0.0053424
5.56215e-07
0.00534255
8.71363e-07
0.00534272
1.02373e-06
0.0053429
1.07059e-06
0.00534307
1.05172e-06
0.00534324
9.94125e-07
0.00534339
9.15783e-07
0.00534353
8.2842e-07
0.00534365
7.39476e-07
0.00534376
6.53489e-07
0.00534386
5.73054e-07
0.00534394
4.99488e-07
0.00534401
4.33279e-07
0.00534407
3.744e-07
3.22521e-07
0.00534413
0.0055004
4.64174e-07
0.00550055
7.27222e-07
0.00550072
8.54453e-07
0.00550089
8.9364e-07
0.00550107
8.77968e-07
0.00550123
8.29959e-07
0.00550138
7.64615e-07
0.00550152
6.91722e-07
0.00550164
6.17494e-07
0.00550175
5.45723e-07
0.00550184
4.78577e-07
0.00550193
4.17158e-07
0.005502
3.61876e-07
0.00550206
3.1271e-07
2.69387e-07
0.00550211
0.00566308
3.72611e-07
0.00566322
5.83807e-07
0.00566339
6.85994e-07
0.00566357
7.17509e-07
0.00566374
7.04978e-07
0.0056639
6.66477e-07
0.00566405
6.14045e-07
0.00566419
5.5554e-07
0.00566431
4.95953e-07
0.00566442
4.3833e-07
0.00566451
3.84414e-07
0.00566459
3.35092e-07
0.00566466
2.90695e-07
0.00566473
2.51207e-07
2.1641e-07
0.00566478
0.00583056
2.8102e-07
0.00583071
4.40327e-07
0.00583088
5.17427e-07
0.00583105
5.41229e-07
0.00583122
5.31809e-07
0.00583139
5.02794e-07
0.00583154
4.63264e-07
0.00583168
4.19146e-07
0.0058318
3.74205e-07
0.0058319
3.3074e-07
0.005832
2.90068e-07
0.00583208
2.52858e-07
0.00583215
2.19362e-07
0.00583221
1.89569e-07
1.63313e-07
0.00583227
0.006003
1.88832e-07
0.00600315
2.95896e-07
0.00600332
3.47719e-07
0.00600349
3.63731e-07
0.00600367
3.57415e-07
0.00600383
3.37929e-07
0.00600399
3.11373e-07
0.00600412
2.8173e-07
0.00600425
2.5153e-07
0.00600435
2.22321e-07
0.00600445
1.94986e-07
0.00600453
1.69977e-07
0.0060046
1.47463e-07
0.00600467
1.27437e-07
1.09788e-07
0.00600472
0.00618054
9.54261e-08
0.00618069
1.49512e-07
0.00618086
1.75699e-07
0.00618104
1.83793e-07
0.00618122
1.80606e-07
0.00618139
1.70763e-07
0.00618154
1.57347e-07
0.00618168
1.4237e-07
0.0061818
1.27112e-07
0.00618191
1.12352e-07
0.00618201
9.85401e-08
0.00618209
8.59025e-08
0.00618217
7.45253e-08
0.00618223
6.4405e-08
5.5486e-08
0.00618228
0.00636334
0.00636349
0.00636366
0.00636385
0.00636403
0.0063642
0.00636435
0.0063645
0.00636462
0.00636474
0.00636483
0.00636492
0.00636499
0.00636506
0.00636511
0.000591211
1.32154e-05
0.00057665
1.45602e-05
0.000561386
1.52643e-05
0.00054562
1.57659e-05
0.000529465
1.61552e-05
0.000513023
1.64416e-05
0.000496379
1.66448e-05
0.000479594
1.67847e-05
0.000462721
1.68727e-05
0.000445807
1.6914e-05
0.000428896
1.69106e-05
0.000412033
1.68631e-05
0.000395262
1.6771e-05
0.000378629
1.66332e-05
0.000362181
1.64485e-05
0.000345965
1.62152e-05
0.000330033
1.59323e-05
0.000314435
1.55986e-05
0.000299221
1.52139e-05
0.000284442
1.47785e-05
0.000270149
1.42933e-05
0.000256388
1.37606e-05
0.000243205
1.31835e-05
0.000230638
1.25665e-05
0.000218723
1.19149e-05
0.000207488
1.12354e-05
0.000196952
1.05358e-05
0.000187128
9.82443e-06
0.000178017
9.11045e-06
0.000169614
8.40314e-06
0.000161902
7.71168e-06
0.000154858
7.04478e-06
0.000148447
6.41029e-06
0.000142632
5.81488e-06
0.000137369
5.26376e-06
0.000132608
4.76057e-06
0.000128301
4.30727e-06
0.000124396
3.9042e-06
0.000120846
3.55019e-06
0.000117603
3.24284e-06
0.000114625
2.9787e-06
0.000111871
2.75362e-06
0.000109308
2.56303e-06
0.000106906
2.40221e-06
0.000104639
2.26652e-06
0.000102488
2.15161e-06
0.000100434
2.05352e-06
9.84652e-05
1.96881e-06
9.65707e-05
1.89454e-06
9.47423e-05
1.82835e-06
9.2974e-05
1.76831e-06
9.12609e-05
1.71299e-06
8.95996e-05
1.66132e-06
8.7987e-05
1.61253e-06
8.64209e-05
1.5661e-06
8.48992e-05
1.5217e-06
8.342e-05
1.47912e-06
8.19818e-05
1.43823e-06
8.05828e-05
1.39895e-06
7.92215e-05
1.36124e-06
7.78964e-05
1.32507e-06
7.6606e-05
1.29039e-06
7.53488e-05
1.25717e-06
7.41234e-05
1.22537e-06
7.29284e-05
1.19492e-06
7.17626e-05
1.16577e-06
7.06247e-05
1.13786e-06
6.95136e-05
1.11113e-06
6.8428e-05
1.08551e-06
6.73671e-05
1.06094e-06
6.63296e-05
1.03738e-06
6.53148e-05
1.01476e-06
6.43218e-05
9.93032e-07
6.33496e-05
9.72163e-07
6.23974e-05
9.52108e-07
6.14646e-05
9.32833e-07
6.05502e-05
9.14305e-07
5.96537e-05
8.96497e-07
5.87743e-05
8.7938e-07
5.79113e-05
8.62928e-07
5.70642e-05
8.47113e-07
5.62323e-05
8.31898e-07
5.5415e-05
8.17234e-07
5.4612e-05
8.03049e-07
5.38227e-05
7.89267e-07
5.30475e-05
7.75122e-07
5.22816e-05
7.65947e-07
5.15441e-05
7.37434e-07
5.09216e-05
6.22479e-07
2.32487e-06
0.00063661
1.18043e-05
0.000637083
1.40867e-05
0.000636675
1.56724e-05
0.000635472
1.69689e-05
0.000633517
1.81097e-05
0.000630846
1.91133e-05
0.000627492
1.9999e-05
0.000623486
2.07899e-05
0.000618858
2.15008e-05
0.000613634
2.21379e-05
0.000607841
2.27036e-05
0.000601507
2.31978e-05
0.000594658
2.36192e-05
0.000587327
2.3965e-05
0.000579543
2.42322e-05
0.000571341
2.4417e-05
0.000562757
2.4516e-05
0.00055383
2.45259e-05
0.0005446
2.44442e-05
0.000535109
2.42691e-05
0.000525403
2.40001e-05
0.000515525
2.36381e-05
0.000505523
2.31857e-05
0.000495442
2.26472e-05
0.000485328
2.20288e-05
0.000475225
2.13386e-05
0.000465174
2.05866e-05
0.000455215
1.97839e-05
0.000445382
1.89434e-05
0.000435707
1.80782e-05
0.000426216
1.7202e-05
0.000416933
1.6328e-05
0.000407874
1.54689e-05
0.000399054
1.46356e-05
0.00039048
1.38378e-05
0.000382157
1.30828e-05
0.000374089
1.2376e-05
0.000366272
1.17207e-05
0.000358704
1.11181e-05
0.000351379
1.05675e-05
0.000344291
1.0067e-05
0.000337431
9.6134e-06
0.000330792
9.20269e-06
0.000324363
8.83051e-06
0.000318138
8.49231e-06
0.000312106
8.18365e-06
0.000306259
7.90036e-06
0.000300589
7.63869e-06
0.000295088
7.39535e-06
0.000289749
7.16758e-06
0.000284564
6.95309e-06
0.000279527
6.75006e-06
0.000274631
6.55704e-06
0.000269871
6.37295e-06
0.00026524
6.19694e-06
0.000260733
6.0284e-06
0.000256345
5.86685e-06
0.000252072
5.71191e-06
0.000247907
5.56329e-06
0.000243848
5.4207e-06
0.000239889
5.28392e-06
0.000236027
5.1527e-06
0.000232257
5.02681e-06
0.000228576
4.90602e-06
0.000224981
4.79008e-06
0.000221468
4.67878e-06
0.000218034
4.57187e-06
0.000214676
4.46914e-06
0.000211391
4.37037e-06
0.000208177
4.27536e-06
0.00020503
4.18393e-06
0.000201949
4.0959e-06
0.000198931
4.01111e-06
0.000195974
3.92942e-06
0.000193075
3.85069e-06
0.000190233
3.77481e-06
0.000187446
3.70168e-06
0.000184711
3.63118e-06
0.000182027
3.56325e-06
0.000179392
3.49778e-06
0.000176804
3.43468e-06
0.000174262
3.37385e-06
0.000171765
3.31513e-06
0.000169309
3.25829e-06
0.000166896
3.20302e-06
0.000164523
3.14814e-06
0.000162185
3.10385e-06
0.000159934
2.98819e-06
0.000157494
3.06253e-06
5.79047e-06
0.000659252
1.08556e-05
0.000660456
1.28826e-05
0.0006616
1.45284e-05
0.000662621
1.59481e-05
0.000663484
1.72473e-05
0.000664147
1.84495e-05
0.000664582
1.95645e-05
0.000664765
2.06065e-05
0.00066468
2.15863e-05
0.000664309
2.25091e-05
0.000663636
2.33758e-05
0.000662649
2.4185e-05
0.000661334
2.49338e-05
0.000659682
2.56177e-05
0.000657683
2.6231e-05
0.000655332
2.67676e-05
0.000652627
2.72211e-05
0.000649568
2.75852e-05
0.000646158
2.7854e-05
0.000642405
2.80223e-05
0.000638319
2.80865e-05
0.000633913
2.8044e-05
0.000629204
2.78944e-05
0.000624212
2.76393e-05
0.000618958
2.72824e-05
0.000613467
2.68301e-05
0.000607762
2.62909e-05
0.000601871
2.56753e-05
0.000595819
2.49959e-05
0.00058963
2.42664e-05
0.000583331
2.35014e-05
0.000576943
2.27158e-05
0.000570488
2.1924e-05
0.000563984
2.11393e-05
0.000557449
2.03737e-05
0.000550894
1.96369e-05
0.000544334
1.89366e-05
0.000537776
1.82783e-05
0.000531229
1.76651e-05
0.000524699
1.7098e-05
0.00051819
1.65762e-05
0.000511705
1.60975e-05
0.000505249
1.56588e-05
0.000498824
1.52559e-05
0.000492432
1.48846e-05
0.000486075
1.45404e-05
0.000479756
1.42193e-05
0.000473477
1.39173e-05
0.000467242
1.3631e-05
0.000461052
1.33576e-05
0.00045491
1.30947e-05
0.00044882
1.28404e-05
0.000442784
1.25934e-05
0.000436804
1.23526e-05
0.000430883
1.21174e-05
0.000425025
1.18872e-05
0.00041923
1.16618e-05
0.000413501
1.1441e-05
0.000407839
1.12249e-05
0.000402246
1.10132e-05
0.000396724
1.08062e-05
0.000391273
1.06037e-05
0.000385894
1.04058e-05
0.000380588
1.02124e-05
0.000375354
1.00236e-05
0.000370194
9.83934e-06
0.000365106
9.65951e-06
0.000360091
9.48407e-06
0.000355148
9.31296e-06
0.000350278
9.14613e-06
0.000345478
8.9835e-06
0.000340749
8.825e-06
0.000336089
8.67057e-06
0.000331499
8.52016e-06
0.000326976
8.37372e-06
0.000322519
8.23118e-06
0.000318128
8.09253e-06
0.000313802
7.9577e-06
0.000309538
7.82668e-06
0.000305337
7.6994e-06
0.000301196
7.57581e-06
0.000297114
7.45579e-06
0.000293089
7.33916e-06
0.000289122
7.2256e-06
0.000285211
7.11451e-06
0.000281354
7.00513e-06
0.000277553
6.90405e-06
0.000273816
6.72519e-06
0.000269826
7.05279e-06
9.67771e-06
0.000680888
1.03192e-05
0.00068179
1.19813e-05
0.000682827
1.34912e-05
0.000683908
1.48668e-05
0.000685001
1.61542e-05
0.00068608
1.73705e-05
0.000687123
1.85213e-05
0.000688116
1.96142e-05
0.000689045
2.06569e-05
0.0006899
2.16541e-05
0.000690668
2.26076e-05
0.000691337
2.35168e-05
0.000691891
2.43793e-05
0.000692317
2.51915e-05
0.0006926
2.59481e-05
0.000692724
2.66433e-05
0.000692675
2.72704e-05
0.000692438
2.78224e-05
0.000691999
2.82924e-05
0.000691348
2.8674e-05
0.000690473
2.89614e-05
0.000689367
2.91501e-05
0.000688024
2.92373e-05
0.000686441
2.92219e-05
0.000684619
2.9105e-05
0.000682559
2.88901e-05
0.000680266
2.85832e-05
0.000677749
2.81923e-05
0.000675017
2.7728e-05
0.000672081
2.72021e-05
0.000668955
2.66282e-05
0.00066565
2.60201e-05
0.000662182
2.53921e-05
0.000658564
2.47577e-05
0.000654808
2.41293e-05
0.000650927
2.35177e-05
0.000646932
2.29319e-05
0.000642832
2.23786e-05
0.000638635
2.18622e-05
0.000634347
2.13852e-05
0.000629975
2.09482e-05
0.000625523
2.05498e-05
0.000620994
2.01878e-05
0.000616391
1.98588e-05
0.000611717
1.95589e-05
0.000606973
1.92839e-05
0.000602163
1.90297e-05
0.000597288
1.87924e-05
0.00059235
1.85685e-05
0.000587353
1.83548e-05
0.000582299
1.81487e-05
0.000577191
1.79481e-05
0.000572033
1.77514e-05
0.000566828
1.75572e-05
0.000561581
1.73648e-05
0.000556295
1.71735e-05
0.000550974
1.69829e-05
0.000545622
1.67928e-05
0.000540244
1.66031e-05
0.000534843
1.64137e-05
0.000529424
1.62248e-05
0.000523992
1.60363e-05
0.000518549
1.58484e-05
0.0005131
1.56612e-05
0.000507649
1.54746e-05
0.0005022
1.52889e-05
0.000496755
1.51041e-05
0.000491319
1.49203e-05
0.000485894
1.47375e-05
0.000480485
1.4556e-05
0.000475092
1.43757e-05
0.00046972
1.41969e-05
0.000464371
1.40195e-05
0.000459048
1.38439e-05
0.000453751
1.367e-05
0.000448485
1.34981e-05
0.000443249
1.33283e-05
0.000438046
1.31607e-05
0.000432877
1.29955e-05
0.000427743
1.28329e-05
0.000422646
1.26728e-05
0.000417587
1.25155e-05
0.000412565
1.23606e-05
0.000407583
1.22081e-05
0.00040264
1.20571e-05
0.000397738
1.19071e-05
0.000392882
1.17601e-05
0.000388042
1.15655e-05
0.000383055
1.20396e-05
1.37826e-05
0.000703016
9.94549e-06
0.000703663
1.1335e-05
0.000704471
1.26832e-05
0.00070537
1.39671e-05
0.00070633
1.51944e-05
0.000707329
1.63718e-05
0.000708349
1.75011e-05
0.000709378
1.85849e-05
0.000710408
1.9627e-05
0.000711432
2.063e-05
0.000712445
2.1595e-05
0.00071344
2.25216e-05
0.000714411
2.34081e-05
0.000715351
2.42515e-05
0.000716252
2.50478e-05
0.000717103
2.5792e-05
0.000717895
2.64786e-05
0.000718616
2.71015e-05
0.000719254
2.76545e-05
0.000719796
2.81314e-05
0.000720231
2.85267e-05
0.000720545
2.88356e-05
0.000720728
2.90545e-05
0.000720769
2.91812e-05
0.000720658
2.92156e-05
0.000720389
2.91593e-05
0.000719956
2.90163e-05
0.000719356
2.87927e-05
0.000718587
2.84966e-05
0.000717651
2.8138e-05
0.000716551
2.77283e-05
0.000715291
2.72799e-05
0.000713878
2.68056e-05
0.000712317
2.6318e-05
0.000710618
2.58289e-05
0.000708786
2.53493e-05
0.00070683
2.4888e-05
0.000704756
2.44525e-05
0.00070257
2.40481e-05
0.000700277
2.3678e-05
0.000697882
2.33438e-05
0.000695386
2.30452e-05
0.000692793
2.27808e-05
0.000690104
2.2548e-05
0.00068732
2.23434e-05
0.00068444
2.21635e-05
0.000681465
2.20044e-05
0.000678395
2.18624e-05
0.00067523
2.17338e-05
0.000671969
2.16155e-05
0.000668613
2.15048e-05
0.000665162
2.13994e-05
0.000661616
2.12972e-05
0.000657976
2.11969e-05
0.000654244
2.10972e-05
0.00065042
2.09973e-05
0.000646506
2.08965e-05
0.000642505
2.07943e-05
0.000638417
2.06905e-05
0.000634246
2.05848e-05
0.000629994
2.04771e-05
0.000625663
2.03672e-05
0.000621256
2.0255e-05
0.000616777
2.01406e-05
0.000612228
2.00238e-05
0.000607612
1.99046e-05
0.000602933
1.97831e-05
0.000598194
1.96593e-05
0.000593399
1.95331e-05
0.00058855
1.94047e-05
0.000583652
1.9274e-05
0.000578707
1.91413e-05
0.00057372
1.90065e-05
0.000568694
1.887e-05
0.000563632
1.87317e-05
0.000558538
1.85921e-05
0.000553415
1.84511e-05
0.000548267
1.83092e-05
0.000543096
1.81665e-05
0.000537906
1.80232e-05
0.000532699
1.78796e-05
0.000527478
1.77358e-05
0.000522247
1.75917e-05
0.000517008
1.74471e-05
0.000511764
1.73012e-05
0.000506518
1.71533e-05
0.000501274
1.70035e-05
0.000496001
1.68389e-05
0.000490704
1.73366e-05
1.78331e-05
0.000725487
9.65915e-06
0.000725974
1.08479e-05
0.000726615
1.20423e-05
0.000727365
1.3217e-05
0.000728195
1.43644e-05
0.000729085
1.54823e-05
0.000730017
1.65688e-05
0.00073098
1.76225e-05
0.000731963
1.86435e-05
0.000732961
1.96318e-05
0.000733969
2.05871e-05
0.000734983
2.15081e-05
0.000735998
2.2393e-05
0.000737011
2.32388e-05
0.000738016
2.40421e-05
0.00073901
2.47985e-05
0.000739985
2.55032e-05
0.000740936
2.61509e-05
0.000741854
2.67363e-05
0.000742731
2.7254e-05
0.000743559
2.7699e-05
0.000744328
2.80668e-05
0.000745028
2.8354e-05
0.000745651
2.85584e-05
0.000746187
2.86793e-05
0.000746629
2.87176e-05
0.000746969
2.86762e-05
0.000747202
2.85599e-05
0.000747323
2.83752e-05
0.000747331
2.81307e-05
0.000747223
2.78359e-05
0.000747001
2.75018e-05
0.000746667
2.71397e-05
0.000746224
2.6761e-05
0.000745676
2.63769e-05
0.000745028
2.59976e-05
0.000744284
2.56319e-05
0.000743449
2.52873e-05
0.000742528
2.49695e-05
0.000741523
2.46824e-05
0.000740439
2.44281e-05
0.000739277
2.42075e-05
0.000738038
2.40197e-05
0.000736723
2.38629e-05
0.000735332
2.37348e-05
0.000733863
2.3632e-05
0.000732316
2.35514e-05
0.000730689
2.34894e-05
0.00072898
2.34428e-05
0.000727187
2.34085e-05
0.000725308
2.33838e-05
0.000723341
2.33663e-05
0.000721284
2.3354e-05
0.000719136
2.33453e-05
0.000716894
2.33387e-05
0.000714558
2.33332e-05
0.000712127
2.33281e-05
0.000709599
2.33225e-05
0.000706973
2.3316e-05
0.00070425
2.33081e-05
0.000701429
2.32985e-05
0.000698509
2.32869e-05
0.000695491
2.3273e-05
0.000692375
2.32565e-05
0.000689161
2.32372e-05
0.000685851
2.3215e-05
0.000682445
2.31895e-05
0.000678943
2.31607e-05
0.000675348
2.31284e-05
0.00067166
2.30924e-05
0.000667881
2.30527e-05
0.000664013
2.30093e-05
0.000660058
2.29619e-05
0.000656017
2.29108e-05
0.000651893
2.28559e-05
0.000647688
2.27973e-05
0.000643404
2.27351e-05
0.000639044
2.26694e-05
0.000634609
2.26005e-05
0.000630104
2.25285e-05
0.00062553
2.24535e-05
0.000620891
2.23755e-05
0.000616188
2.22945e-05
0.000611425
2.221e-05
0.000606605
2.21212e-05
0.000601732
2.20267e-05
0.000596808
2.19268e-05
0.000591818
2.18293e-05
0.000586884
2.22709e-05
2.15426e-05
0.00074844
9.4117e-06
0.000748839
1.04492e-05
0.000749369
1.15122e-05
0.000750005
1.2581e-05
0.000750725
1.36441e-05
0.000751512
1.46949e-05
0.000752353
1.57283e-05
0.000753234
1.67408e-05
0.000754148
1.77296e-05
0.000755087
1.86929e-05
0.000756045
1.96288e-05
0.000757018
2.0535e-05
0.000758002
2.14092e-05
0.000758993
2.22482e-05
0.000759986
2.30484e-05
0.000760979
2.38059e-05
0.000761966
2.45161e-05
0.000762943
2.51744e-05
0.000763903
2.57757e-05
0.000764842
2.63153e-05
0.000765752
2.67887e-05
0.000766627
2.71917e-05
0.00076746
2.75212e-05
0.000768244
2.77749e-05
0.000768971
2.79519e-05
0.000769636
2.80528e-05
0.000770233
2.80797e-05
0.000770756
2.80366e-05
0.000771202
2.79289e-05
0.000771569
2.77639e-05
0.000771855
2.75499e-05
0.00077206
2.72965e-05
0.000772186
2.70139e-05
0.000772235
2.67124e-05
0.000772209
2.64022e-05
0.000772114
2.6093e-05
0.000771952
2.57934e-05
0.000771729
2.55107e-05
0.000771448
2.52508e-05
0.000771112
2.50181e-05
0.000770725
2.48154e-05
0.000770288
2.46439e-05
0.000769804
2.45038e-05
0.000769273
2.43941e-05
0.000768695
2.4313e-05
0.000768069
2.42579e-05
0.000767394
2.42261e-05
0.000766668
2.42148e-05
0.00076589
2.42209e-05
0.000765057
2.42417e-05
0.000764166
2.42746e-05
0.000763215
2.43174e-05
0.000762201
2.43681e-05
0.000761122
2.4425e-05
0.000759973
2.44869e-05
0.000758754
2.45525e-05
0.000757461
2.4621e-05
0.000756092
2.46916e-05
0.000754644
2.47636e-05
0.000753116
2.48366e-05
0.000751504
2.491e-05
0.000749808
2.49835e-05
0.000748024
2.50566e-05
0.000746152
2.51291e-05
0.000744188
2.52004e-05
0.000742133
2.52704e-05
0.000739984
2.53387e-05
0.000737739
2.5405e-05
0.000735399
2.54689e-05
0.000732961
2.55302e-05
0.000730425
2.55886e-05
0.00072779
2.5644e-05
0.000725056
2.56961e-05
0.000722222
2.57448e-05
0.000719288
2.57899e-05
0.000716254
2.58314e-05
0.00071312
2.58693e-05
0.000709886
2.59034e-05
0.000706553
2.59338e-05
0.00070312
2.59606e-05
0.00069959
2.59837e-05
0.000695963
2.6003e-05
0.000692239
2.60181e-05
0.000688421
2.60285e-05
0.000684509
2.60329e-05
0.000680506
2.60295e-05
0.000676415
2.60182e-05
0.000672234
2.60098e-05
0.000668137
2.63683e-05
2.47034e-05
0.00077191
9.18625e-06
0.000772252
1.01068e-05
0.000772704
1.10601e-05
0.000773253
1.20325e-05
0.000773884
1.30131e-05
0.000774585
1.39941e-05
0.000775344
1.49692e-05
0.000776151
1.59335e-05
0.000776998
1.68829e-05
0.000777877
1.7814e-05
0.000778782
1.87238e-05
0.000779708
1.96092e-05
0.00078065
2.04672e-05
0.000781603
2.12943e-05
0.000782565
2.20868e-05
0.00078353
2.28407e-05
0.000784495
2.35517e-05
0.000785454
2.42152e-05
0.000786403
2.48268e-05
0.000787336
2.53819e-05
0.000788249
2.58762e-05
0.000789134
2.6306e-05
0.000789988
2.6668e-05
0.000790802
2.69602e-05
0.000791573
2.71813e-05
0.000792294
2.73316e-05
0.000792961
2.74127e-05
0.00079357
2.74276e-05
0.000794118
2.73811e-05
0.000794603
2.72792e-05
0.000795023
2.71292e-05
0.00079538
2.69395e-05
0.000795675
2.67191e-05
0.00079591
2.64776e-05
0.000796088
2.62242e-05
0.000796213
2.59679e-05
0.00079629
2.5717e-05
0.000796322
2.54787e-05
0.000796313
2.52589e-05
0.000796269
2.50623e-05
0.000796192
2.48922e-05
0.000796086
2.47504e-05
0.000795952
2.46377e-05
0.000795792
2.45538e-05
0.000795608
2.44975e-05
0.000795399
2.44671e-05
0.000795164
2.44603e-05
0.000794904
2.44748e-05
0.000794617
2.45081e-05
0.000794301
2.45576e-05
0.000793954
2.46213e-05
0.000793575
2.4697e-05
0.00079316
2.47829e-05
0.000792708
2.48775e-05
0.000792215
2.49795e-05
0.00079168
2.50878e-05
0.000791099
2.52015e-05
0.000790471
2.532e-05
0.000789792
2.54425e-05
0.00078906
2.55687e-05
0.000788272
2.56979e-05
0.000787426
2.58298e-05
0.000786518
2.59641e-05
0.000785547
2.61003e-05
0.000784509
2.62381e-05
0.000783402
2.63771e-05
0.000782224
2.6517e-05
0.000780972
2.66574e-05
0.000779643
2.6798e-05
0.000778234
2.69385e-05
0.000776744
2.70785e-05
0.000775171
2.72178e-05
0.000773511
2.73561e-05
0.000771762
2.74931e-05
0.000769924
2.76287e-05
0.000767992
2.77627e-05
0.000765967
2.78948e-05
0.000763845
2.80251e-05
0.000761625
2.81534e-05
0.000759306
2.82795e-05
0.000756887
2.84034e-05
0.000754365
2.85247e-05
0.00075174
2.86431e-05
0.000749011
2.87575e-05
0.000746177
2.88666e-05
0.000743239
2.89678e-05
0.000740197
2.90598e-05
0.000737062
2.91447e-05
0.000734001
2.94299e-05
2.72292e-05
0.000795949
8.9728e-06
0.000796256
9.79974e-06
0.000796654
1.06615e-05
0.000797138
1.15485e-05
0.000797699
1.24521e-05
0.000798328
1.33649e-05
0.000799017
1.42806e-05
0.000799757
1.51937e-05
0.00080054
1.60994e-05
0.000801361
1.69937e-05
0.000802212
1.78727e-05
0.000803088
1.87327e-05
0.000803985
1.95702e-05
0.000804898
2.03813e-05
0.000805822
2.11623e-05
0.000806754
2.19091e-05
0.000807688
2.26174e-05
0.000808621
2.32829e-05
0.000809546
2.39012e-05
0.00081046
2.4468e-05
0.000811357
2.49793e-05
0.000812232
2.54313e-05
0.000813079
2.58212e-05
0.000813892
2.61465e-05
0.000814668
2.64059e-05
0.0008154
2.65993e-05
0.000816085
2.67278e-05
0.000816719
2.67937e-05
0.000817299
2.6801e-05
0.000817823
2.67546e-05
0.000818292
2.6661e-05
0.000818704
2.65273e-05
0.000819061
2.63617e-05
0.000819366
2.61725e-05
0.000819622
2.59684e-05
0.000819832
2.57577e-05
0.000820001
2.55481e-05
0.000820133
2.53467e-05
0.000820233
2.51594e-05
0.000820304
2.49909e-05
0.000820351
2.48449e-05
0.000820378
2.47238e-05
0.000820387
2.46287e-05
0.000820381
2.45601e-05
0.000820361
2.45173e-05
0.000820329
2.44992e-05
0.000820285
2.45041e-05
0.00082023
2.45301e-05
0.000820163
2.45752e-05
0.000820083
2.46373e-05
0.00081999
2.47144e-05
0.000819882
2.48047e-05
0.000819758
2.49067e-05
0.000819617
2.50189e-05
0.000819456
2.51402e-05
0.000819274
2.52695e-05
0.00081907
2.54062e-05
0.00081884
2.55495e-05
0.000818584
2.56988e-05
0.000818299
2.58538e-05
0.000817983
2.60141e-05
0.000817633
2.61793e-05
0.000817248
2.6349e-05
0.000816825
2.6523e-05
0.000816362
2.67011e-05
0.000815857
2.68828e-05
0.000815306
2.70679e-05
0.000814707
2.72562e-05
0.000814058
2.74473e-05
0.000813355
2.7641e-05
0.000812597
2.7837e-05
0.000811779
2.80351e-05
0.0008109
2.82349e-05
0.000809957
2.84364e-05
0.000808947
2.86393e-05
0.000807866
2.88434e-05
0.000806712
2.90486e-05
0.000805483
2.92547e-05
0.000804174
2.94617e-05
0.000802784
2.96694e-05
0.00080131
2.98776e-05
0.000799749
3.0086e-05
0.000798098
3.0294e-05
0.000796355
3.05008e-05
0.000794517
3.07044e-05
0.000792583
3.0902e-05
0.000790552
3.10902e-05
0.000788439
3.12579e-05
0.000786375
3.14944e-05
2.91418e-05
0.000820594
8.76651e-06
0.000820877
9.51675e-06
0.000821237
1.03013e-05
0.000821672
1.11137e-05
0.000822177
1.19472e-05
0.000822746
1.27955e-05
0.000823374
1.36529e-05
0.000824054
1.45141e-05
0.000824779
1.53742e-05
0.000825544
1.62287e-05
0.000826343
1.70735e-05
0.000827171
1.79046e-05
0.000828023
1.8718e-05
0.000828895
1.95098e-05
0.000829781
2.0276e-05
0.000830678
2.10124e-05
0.00083158
2.17149e-05
0.000832484
2.23793e-05
0.000833384
2.30013e-05
0.000834275
2.35767e-05
0.000835153
2.41016e-05
0.000836011
2.45726e-05
0.000836846
2.49865e-05
0.000837651
2.5341e-05
0.000838423
2.56346e-05
0.000839155
2.58669e-05
0.000839845
2.60383e-05
0.000840488
2.61507e-05
0.000841082
2.62071e-05
0.000841624
2.62119e-05
0.000842115
2.61702e-05
0.000842554
2.60885e-05
0.000842942
2.59737e-05
0.000843281
2.58335e-05
0.000843574
2.56756e-05
0.000843824
2.55076e-05
0.000844035
2.53368e-05
0.000844212
2.51699e-05
0.000844359
2.50127e-05
0.00084448
2.487e-05
0.000844579
2.47457e-05
0.00084466
2.46425e-05
0.000844727
2.4562e-05
0.000844782
2.45052e-05
0.000844827
2.44718e-05
0.000844865
2.44614e-05
0.000844896
2.44727e-05
0.000844922
2.45042e-05
0.000844943
2.45544e-05
0.000844959
2.46214e-05
0.00084497
2.47036e-05
0.000844975
2.47995e-05
0.000844974
2.49076e-05
0.000844966
2.50266e-05
0.000844951
2.51556e-05
0.000844927
2.52936e-05
0.000844893
2.54399e-05
0.000844848
2.55939e-05
0.000844792
2.57552e-05
0.000844723
2.59233e-05
0.000844639
2.60981e-05
0.000844539
2.62791e-05
0.000844422
2.64662e-05
0.000844286
2.66591e-05
0.000844129
2.68577e-05
0.00084395
2.70617e-05
0.000843747
2.7271e-05
0.000843518
2.74854e-05
0.00084326
2.77046e-05
0.000842973
2.79286e-05
0.000842653
2.81571e-05
0.000842298
2.83901e-05
0.000841905
2.86273e-05
0.000841473
2.88686e-05
0.000840998
2.91139e-05
0.000840479
2.93632e-05
0.000839911
2.96164e-05
0.000839292
2.98734e-05
0.000838619
3.01343e-05
0.00083789
3.03988e-05
0.0008371
3.0667e-05
0.000836248
3.09386e-05
0.000835329
3.12131e-05
0.00083434
3.14894e-05
0.000833279
3.17657e-05
0.000832142
3.20387e-05
0.00083093
3.23027e-05
0.000829653
3.25348e-05
0.000828401
3.27461e-05
3.05326e-05
0.00084588
8.56454e-06
0.000846146
9.25051e-06
0.000846478
9.96927e-06
0.000846875
1.07163e-05
0.000847336
1.14866e-05
0.000847856
1.22752e-05
0.000848432
1.3077e-05
0.000849059
1.38873e-05
0.000849731
1.47014e-05
0.000850445
1.5515e-05
0.000851195
1.63237e-05
0.000851976
1.71234e-05
0.000852784
1.79101e-05
0.000853614
1.86798e-05
0.000854462
1.94283e-05
0.000855322
2.01516e-05
0.000856192
2.08455e-05
0.000857065
2.15059e-05
0.000857938
2.21286e-05
0.000858805
2.27096e-05
0.000859662
2.32451e-05
0.000860503
2.37316e-05
0.000861323
2.41662e-05
0.000862118
2.45463e-05
0.000862882
2.48704e-05
0.000863611
2.51375e-05
0.000864301
2.53479e-05
0.000864949
2.55029e-05
0.000865552
2.56047e-05
0.000866107
2.56568e-05
0.000866613
2.56637e-05
0.000867071
2.56308e-05
0.00086748
2.55643e-05
0.000867843
2.54707e-05
0.000868162
2.53571e-05
0.000868439
2.52304e-05
0.000868678
2.50974e-05
0.000868884
2.49644e-05
0.000869059
2.4837e-05
0.000869209
2.47201e-05
0.000869337
2.46175e-05
0.000869448
2.45322e-05
0.000869543
2.44663e-05
0.000869628
2.44209e-05
0.000869703
2.43966e-05
0.000869771
2.4393e-05
0.000869834
2.44095e-05
0.000869893
2.44451e-05
0.000869949
2.44983e-05
0.000870003
2.45678e-05
0.000870054
2.46522e-05
0.000870104
2.47502e-05
0.000870151
2.48604e-05
0.000870196
2.49818e-05
0.000870238
2.51134e-05
0.000870277
2.52544e-05
0.000870313
2.54041e-05
0.000870345
2.55621e-05
0.000870372
2.57278e-05
0.000870394
2.5901e-05
0.000870411
2.60815e-05
0.000870421
2.62689e-05
0.000870424
2.64632e-05
0.000870419
2.66641e-05
0.000870405
2.68716e-05
0.000870381
2.70855e-05
0.000870347
2.73058e-05
0.0008703
2.75322e-05
0.00087024
2.77649e-05
0.000870165
2.80035e-05
0.000870074
2.82482e-05
0.000869965
2.84989e-05
0.000869836
2.87555e-05
0.000869687
2.9018e-05
0.000869515
2.92864e-05
0.000869317
2.95608e-05
0.000869092
2.98412e-05
0.000868838
3.01277e-05
0.000868552
3.04205e-05
0.000868231
3.07194e-05
0.000867873
3.10247e-05
0.000867476
3.13361e-05
0.000867036
3.16533e-05
0.00086655
3.19753e-05
0.000866015
3.23004e-05
0.000865429
3.26247e-05
0.000864791
3.29408e-05
0.000864109
3.32171e-05
0.000863435
3.342e-05
3.15211e-05
0.000871836
8.36531e-06
0.00087209
8.99648e-06
0.000872401
9.65851e-06
0.000872769
1.03482e-05
0.000873194
1.1062e-05
0.000873673
1.17958e-05
0.000874205
1.25455e-05
0.000874785
1.33069e-05
0.000875411
1.40759e-05
0.000876077
1.48483e-05
0.000876781
1.562e-05
0.000877518
1.63869e-05
0.000878283
1.71451e-05
0.000879072
1.78906e-05
0.000879881
1.86191e-05
0.000880706
1.93268e-05
0.000881542
2.00096e-05
0.000882384
2.06633e-05
0.000883229
2.12839e-05
0.000884071
2.18676e-05
0.000884905
2.24107e-05
0.000885727
2.29096e-05
0.000886532
2.33615e-05
0.000887315
2.37637e-05
0.000888071
2.41146e-05
0.000888795
2.4413e-05
0.000889484
2.46586e-05
0.000890135
2.48524e-05
0.000890744
2.49959e-05
0.000891309
2.50919e-05
0.000891828
2.51442e-05
0.000892302
2.51572e-05
0.00089273
2.51363e-05
0.000893113
2.50874e-05
0.000893453
2.50165e-05
0.000893754
2.493e-05
0.000894017
2.48342e-05
0.000894247
2.47349e-05
0.000894446
2.46374e-05
0.00089462
2.45466e-05
0.000894771
2.44664e-05
0.000894903
2.43999e-05
0.00089502
2.43495e-05
0.000895124
2.43166e-05
0.000895219
2.4302e-05
0.000895306
2.4306e-05
0.000895387
2.43283e-05
0.000895464
2.4368e-05
0.000895538
2.44244e-05
0.000895609
2.44962e-05
0.000895679
2.45824e-05
0.000895748
2.46816e-05
0.000895815
2.4793e-05
0.000895882
2.49154e-05
0.000895947
2.50479e-05
0.000896011
2.519e-05
0.000896075
2.53409e-05
0.000896137
2.55001e-05
0.000896197
2.56674e-05
0.000896256
2.58423e-05
0.000896313
2.60247e-05
0.000896367
2.62143e-05
0.000896419
2.64111e-05
0.000896469
2.66149e-05
0.000896515
2.68256e-05
0.000896557
2.70432e-05
0.000896595
2.72677e-05
0.000896628
2.74989e-05
0.000896656
2.77369e-05
0.000896678
2.79817e-05
0.000896693
2.82333e-05
0.0008967
2.84917e-05
0.000896699
2.87569e-05
0.000896687
2.90291e-05
0.000896665
2.93084e-05
0.000896631
2.95949e-05
0.000896584
2.98888e-05
0.000896521
3.01902e-05
0.000896442
3.04995e-05
0.000896345
3.08167e-05
0.000896228
3.11421e-05
0.000896088
3.14756e-05
0.000895924
3.18171e-05
0.000895734
3.21657e-05
0.000895514
3.25197e-05
0.000895264
3.28751e-05
0.000894982
3.32232e-05
0.000894671
3.35273e-05
0.000894359
3.37326e-05
3.22222e-05
0.000898492
8.1679e-06
0.000898737
8.75169e-06
0.000899031
9.36427e-06
0.000899376
1.00034e-05
0.000899772
1.06665e-05
0.000900217
1.13503e-05
0.000900711
1.20516e-05
0.000901251
1.27669e-05
0.000901834
1.34924e-05
0.000902458
1.42243e-05
0.000903119
1.4959e-05
0.000903814
1.56926e-05
0.000904538
1.64212e-05
0.000905287
1.71409e-05
0.000906059
1.78477e-05
0.000906848
1.85378e-05
0.00090765
1.92072e-05
0.000908461
1.98518e-05
0.000909278
2.04679e-05
0.000910094
2.10516e-05
0.000910905
2.15992e-05
0.000911707
2.21075e-05
0.000912495
2.25735e-05
0.000913264
2.29945e-05
0.00091401
2.33687e-05
0.000914728
2.36947e-05
0.000915415
2.3972e-05
0.000916067
2.42008e-05
0.00091668
2.43825e-05
0.000917253
2.4519e-05
0.000917784
2.46134e-05
0.000918271
2.46695e-05
0.000918716
2.46918e-05
0.000919118
2.46853e-05
0.000919479
2.46555e-05
0.000919801
2.4608e-05
0.000920087
2.45486e-05
0.000920339
2.44827e-05
0.000920561
2.44154e-05
0.000920756
2.43512e-05
0.000920929
2.42941e-05
0.000921081
2.42473e-05
0.000921217
2.42134e-05
0.00092134
2.41941e-05
0.000921451
2.41905e-05
0.000921554
2.42032e-05
0.00092165
2.42321e-05
0.000921741
2.42771e-05
0.000921828
2.43374e-05
0.000921912
2.44121e-05
0.000921994
2.45004e-05
0.000922075
2.46013e-05
0.000922154
2.47139e-05
0.000922232
2.48372e-05
0.000922309
2.49706e-05
0.000922386
2.51133e-05
0.000922462
2.52648e-05
0.000922538
2.54246e-05
0.000922612
2.55925e-05
0.000922687
2.5768e-05
0.00092276
2.5951e-05
0.000922833
2.61414e-05
0.000922905
2.63389e-05
0.000922977
2.65436e-05
0.000923047
2.67554e-05
0.000923116
2.69741e-05
0.000923184
2.71999e-05
0.00092325
2.74327e-05
0.000923314
2.76725e-05
0.000923377
2.79194e-05
0.000923437
2.81734e-05
0.000923494
2.84346e-05
0.000923548
2.87031e-05
0.000923597
2.89792e-05
0.000923643
2.92629e-05
0.000923683
2.95544e-05
0.000923718
2.98541e-05
0.000923746
3.01622e-05
0.000923767
3.0479e-05
0.000923778
3.08049e-05
0.00092378
3.114e-05
0.000923771
3.14846e-05
0.00092375
3.18386e-05
0.000923714
3.22012e-05
0.000923663
3.25709e-05
0.000923595
3.29436e-05
0.000923508
3.33096e-05
0.000923405
3.36309e-05
0.000923291
3.38467e-05
3.27278e-05
0.000925875
7.97183e-06
0.000926113
8.51414e-06
0.000926394
9.08323e-06
0.00092672
9.67755e-06
0.000927091
1.02951e-05
0.000927508
1.09336e-05
0.000927969
1.15902e-05
0.000928474
1.22622e-05
0.00092902
1.29462e-05
0.000929605
1.36392e-05
0.000930227
1.43375e-05
0.000930882
1.50377e-05
0.000931567
1.57362e-05
0.000932279
1.64292e-05
0.000933013
1.7113e-05
0.000933767
1.77839e-05
0.000934536
1.8438e-05
0.000935317
1.90715e-05
0.000936104
1.96807e-05
0.000936893
2.02619e-05
0.000937681
2.08115e-05
0.000938462
2.13263e-05
0.000939233
2.18032e-05
0.000939987
2.22398e-05
0.000940722
2.26339e-05
0.000941433
2.2984e-05
0.000942115
2.32894e-05
0.000942767
2.35498e-05
0.000943383
2.37661e-05
0.000943962
2.39397e-05
0.000944503
2.40731e-05
0.000945003
2.41693e-05
0.000945462
2.42321e-05
0.000945882
2.42659e-05
0.000946262
2.42754e-05
0.000946604
2.42657e-05
0.000946911
2.42418e-05
0.000947185
2.42089e-05
0.000947429
2.41716e-05
0.000947645
2.41343e-05
0.000947839
2.4101e-05
0.000948011
2.40747e-05
0.000948166
2.40583e-05
0.000948307
2.40537e-05
0.000948435
2.40622e-05
0.000948553
2.40847e-05
0.000948664
2.41216e-05
0.000948768
2.41728e-05
0.000948868
2.42379e-05
0.000948963
2.43164e-05
0.000949056
2.44076e-05
0.000949147
2.45108e-05
0.000949235
2.46251e-05
0.000949323
2.47498e-05
0.000949409
2.48842e-05
0.000949494
2.50279e-05
0.000949579
2.51801e-05
0.000949663
2.53406e-05
0.000949747
2.55089e-05
0.00094983
2.56849e-05
0.000949912
2.58683e-05
0.000949995
2.60591e-05
0.000950077
2.62569e-05
0.000950159
2.64619e-05
0.00095024
2.66739e-05
0.000950321
2.6893e-05
0.000950402
2.71191e-05
0.000950482
2.73522e-05
0.000950562
2.75925e-05
0.000950642
2.78399e-05
0.000950721
2.80946e-05
0.000950799
2.83566e-05
0.000950875
2.86262e-05
0.000950951
2.89034e-05
0.000951025
2.91887e-05
0.000951098
2.94821e-05
0.000951168
2.9784e-05
0.000951235
3.00947e-05
0.0009513
3.04147e-05
0.00095136
3.07443e-05
0.000951417
3.10838e-05
0.000951468
3.14336e-05
0.000951513
3.17936e-05
0.000951551
3.21633e-05
0.00095158
3.25411e-05
0.000951601
3.29231e-05
0.000951611
3.32992e-05
0.00095161
3.36327e-05
0.00095159
3.38659e-05
3.31027e-05
0.000954011
7.77683e-06
0.000954243
8.28248e-06
0.000954513
8.81299e-06
0.000954824
9.36729e-06
0.000955175
9.94392e-06
0.000955567
1.05411e-05
0.000956001
1.11567e-05
0.000956475
1.17883e-05
0.000956987
1.24333e-05
0.000957538
1.30889e-05
0.000958123
1.3752e-05
0.000958742
1.44193e-05
0.00095939
1.50877e-05
0.000960066
1.57536e-05
0.000960765
1.64137e-05
0.000961485
1.70642e-05
0.000962221
1.77015e-05
0.000962971
1.83222e-05
0.000963729
1.89224e-05
0.000964492
1.94988e-05
0.000965255
2.00479e-05
0.000966015
2.05664e-05
0.000966767
2.10515e-05
0.000967506
2.15005e-05
0.000968229
2.19113e-05
0.000968931
2.22822e-05
0.000969608
2.26122e-05
0.000970257
2.29007e-05
0.000970875
2.31482e-05
0.000971459
2.33557e-05
0.000972007
2.35249e-05
0.000972518
2.36583e-05
0.000972991
2.3759e-05
0.000973426
2.38308e-05
0.000973824
2.38777e-05
0.000974185
2.39042e-05
0.000974512
2.39148e-05
0.000974807
2.39142e-05
0.000975072
2.39067e-05
0.00097531
2.38965e-05
0.000975523
2.38873e-05
0.000975716
2.38823e-05
0.00097589
2.38843e-05
0.000976048
2.38953e-05
0.000976193
2.3917e-05
0.000976328
2.39505e-05
0.000976453
2.39963e-05
0.000976571
2.40548e-05
0.000976683
2.41258e-05
0.00097679
2.4209e-05
0.000976894
2.4304e-05
0.000976995
2.44101e-05
0.000977093
2.45268e-05
0.000977189
2.46534e-05
0.000977284
2.47894e-05
0.000977378
2.49343e-05
0.00097747
2.50876e-05
0.000977562
2.5249e-05
0.000977653
2.54181e-05
0.000977743
2.55947e-05
0.000977832
2.57786e-05
0.000977922
2.59698e-05
0.000978011
2.61679e-05
0.000978099
2.63732e-05
0.000978188
2.65854e-05
0.000978276
2.68046e-05
0.000978365
2.70308e-05
0.000978453
2.7264e-05
0.000978541
2.75043e-05
0.000978629
2.77518e-05
0.000978717
2.80065e-05
0.000978805
2.82687e-05
0.000978893
2.85385e-05
0.00097898
2.8816e-05
0.000979067
2.91016e-05
0.000979154
2.93956e-05
0.000979239
2.96983e-05
0.000979324
3.001e-05
0.000979408
3.03313e-05
0.000979489
3.06624e-05
0.000979569
3.1004e-05
0.000979647
3.13562e-05
0.000979721
3.17193e-05
0.000979791
3.20927e-05
0.000979857
3.24751e-05
0.000979918
3.28626e-05
0.000979972
3.32453e-05
0.000980015
3.35898e-05
0.000980034
3.38467e-05
3.33877e-05
0.000982927
7.58281e-06
0.000983154
8.05578e-06
0.000983415
8.55182e-06
0.000983712
9.07021e-06
0.000984046
9.6099e-06
0.000984418
1.01695e-05
0.000984827
1.07474e-05
0.000985274
1.13417e-05
0.000985757
1.195e-05
0.000986276
1.25701e-05
0.000986828
1.31993e-05
0.000987413
1.38347e-05
0.000988027
1.44734e-05
0.000988668
1.51123e-05
0.000989334
1.5748e-05
0.000990021
1.63774e-05
0.000990726
1.69969e-05
0.000991445
1.76032e-05
0.000992174
1.81928e-05
0.000992911
1.87624e-05
0.00099365
1.93086e-05
0.000994388
1.98285e-05
0.00099512
2.0319e-05
0.000995843
2.07776e-05
0.000996553
2.1202e-05
0.000997244
2.15905e-05
0.000997915
2.19417e-05
0.000998561
2.22551e-05
0.000999178
2.25305e-05
0.000999766
2.27684e-05
0.00100032
2.29703e-05
0.00100084
2.3138e-05
0.00100133
2.3274e-05
0.00100177
2.33814e-05
0.00100219
2.34638e-05
0.00100257
2.35249e-05
0.00100291
2.35688e-05
0.00100323
2.35997e-05
0.00100351
2.36216e-05
0.00100377
2.36383e-05
0.00100401
2.36535e-05
0.00100422
2.36702e-05
0.00100441
2.36913e-05
0.00100459
2.37189e-05
0.00100475
2.37547e-05
0.0010049
2.38002e-05
0.00100504
2.3856e-05
0.00100517
2.39228e-05
0.0010053
2.40006e-05
0.00100542
2.40894e-05
0.00100553
2.41889e-05
0.00100564
2.42988e-05
0.00100575
2.44185e-05
0.00100586
2.45477e-05
0.00100596
2.46858e-05
0.00100606
2.48325e-05
0.00100616
2.49873e-05
0.00100626
2.51499e-05
0.00100636
2.532e-05
0.00100646
2.54975e-05
0.00100655
2.56822e-05
0.00100665
2.58739e-05
0.00100674
2.60726e-05
0.00100684
2.62782e-05
0.00100693
2.64907e-05
0.00100703
2.67101e-05
0.00100712
2.69364e-05
0.00100722
2.71697e-05
0.00100731
2.741e-05
0.00100741
2.76575e-05
0.0010075
2.79122e-05
0.00100759
2.81744e-05
0.00100769
2.84441e-05
0.00100778
2.87217e-05
0.00100788
2.90074e-05
0.00100797
2.93016e-05
0.00100807
2.96045e-05
0.00100816
2.99166e-05
0.00100825
3.02385e-05
0.00100834
3.05705e-05
0.00100843
3.09131e-05
0.00100852
3.12668e-05
0.00100861
3.16317e-05
0.0010087
3.20076e-05
0.00100878
3.23931e-05
0.00100886
3.27847e-05
0.00100893
3.31732e-05
0.00100899
3.35293e-05
0.00100902
3.38149e-05
3.36073e-05
0.00101265
7.38976e-06
0.00101287
7.83338e-06
0.00101312
8.29843e-06
0.00101341
8.78444e-06
0.00101373
9.29065e-06
0.00101408
9.81604e-06
0.00101447
1.03593e-05
0.00101489
1.0919e-05
0.00101535
1.14931e-05
0.00101584
1.20798e-05
0.00101636
1.26766e-05
0.00101692
1.32813e-05
0.0010175
1.3891e-05
0.00101811
1.45031e-05
0.00101874
1.51145e-05
0.0010194
1.57221e-05
0.00102007
1.6323e-05
0.00102076
1.69138e-05
0.00102146
1.74913e-05
0.00102217
1.80523e-05
0.00102289
1.85938e-05
0.0010236
1.91127e-05
0.00102432
1.96061e-05
0.00102502
2.00716e-05
0.00102572
2.05067e-05
0.0010264
2.09098e-05
0.00102706
2.12792e-05
0.0010277
2.16141e-05
0.00102832
2.19142e-05
0.00102891
2.21795e-05
0.00102947
2.2411e-05
0.00102999
2.26101e-05
0.00103049
2.27787e-05
0.00103095
2.29194e-05
0.00103138
2.3035e-05
0.00103178
2.31291e-05
0.00103214
2.32049e-05
0.00103247
2.32664e-05
0.00103278
2.3317e-05
0.00103305
2.33604e-05
0.00103331
2.34e-05
0.00103354
2.34388e-05
0.00103375
2.34795e-05
0.00103395
2.35243e-05
0.00103413
2.35751e-05
0.00103429
2.36334e-05
0.00103445
2.37003e-05
0.00103459
2.37763e-05
0.00103473
2.38618e-05
0.00103487
2.39571e-05
0.00103499
2.40621e-05
0.00103511
2.41764e-05
0.00103523
2.42999e-05
0.00103535
2.44322e-05
0.00103546
2.4573e-05
0.00103557
2.47219e-05
0.00103568
2.48786e-05
0.00103579
2.50429e-05
0.00103589
2.52144e-05
0.001036
2.53931e-05
0.0010361
2.55788e-05
0.0010362
2.57714e-05
0.00103631
2.59708e-05
0.00103641
2.61769e-05
0.00103651
2.63899e-05
0.00103661
2.66096e-05
0.00103671
2.68362e-05
0.00103681
2.70697e-05
0.00103691
2.73101e-05
0.00103701
2.75577e-05
0.00103711
2.78124e-05
0.00103721
2.80746e-05
0.00103731
2.83443e-05
0.00103741
2.86219e-05
0.00103751
2.89076e-05
0.00103761
2.92019e-05
0.00103771
2.95049e-05
0.00103781
2.98174e-05
0.0010379
3.01396e-05
0.001038
3.04722e-05
0.0010381
3.08157e-05
0.0010382
3.11705e-05
0.00103829
3.15369e-05
0.00103838
3.19148e-05
0.00103847
3.23031e-05
0.00103856
3.26986e-05
0.00103864
3.3093e-05
0.00103871
3.34624e-05
0.00103874
3.37802e-05
3.37762e-05
0.0010432
7.19773e-06
0.00104342
7.61482e-06
0.00104367
8.05185e-06
0.00104394
8.50852e-06
0.00104425
8.98429e-06
0.00104459
9.47842e-06
0.00104496
9.98991e-06
0.00104536
1.05175e-05
0.00104579
1.10598e-05
0.00104626
1.1615e-05
0.00104675
1.21813e-05
0.00104728
1.27564e-05
0.00104783
1.33381e-05
0.00104841
1.39239e-05
0.00104901
1.45111e-05
0.00104964
1.5097e-05
0.00105028
1.56786e-05
0.00105094
1.62531e-05
0.00105161
1.68173e-05
0.0010523
1.73684e-05
0.00105299
1.79033e-05
0.00105368
1.84191e-05
0.00105438
1.89133e-05
0.00105506
1.93831e-05
0.00105574
1.98263e-05
0.00105641
2.0241e-05
0.00105707
2.06257e-05
0.0010577
2.09791e-05
0.00105832
2.13007e-05
0.0010589
2.15904e-05
0.00105947
2.18485e-05
0.00106
2.20761e-05
0.00106051
2.22746e-05
0.00106098
2.24461e-05
0.00106142
2.2593e-05
0.00106183
2.27181e-05
0.00106221
2.28244e-05
0.00106256
2.29153e-05
0.00106289
2.29939e-05
0.00106318
2.30636e-05
0.00106346
2.31275e-05
0.00106371
2.31884e-05
0.00106394
2.32491e-05
0.00106415
2.33117e-05
0.00106435
2.33782e-05
0.00106453
2.34502e-05
0.0010647
2.35288e-05
0.00106486
2.36149e-05
0.00106501
2.37092e-05
0.00106516
2.38118e-05
0.0010653
2.39229e-05
0.00106543
2.40425e-05
0.00106556
2.41705e-05
0.00106569
2.43066e-05
0.00106581
2.44506e-05
0.00106593
2.46022e-05
0.00106605
2.47613e-05
0.00106616
2.49276e-05
0.00106628
2.51009e-05
0.00106639
2.52811e-05
0.0010665
2.54681e-05
0.00106661
2.56618e-05
0.00106672
2.58621e-05
0.00106683
2.60691e-05
0.00106693
2.62827e-05
0.00106704
2.6503e-05
0.00106715
2.673e-05
0.00106725
2.69638e-05
0.00106736
2.72045e-05
0.00106746
2.74522e-05
0.00106757
2.77071e-05
0.00106767
2.79693e-05
0.00106778
2.82391e-05
0.00106788
2.85168e-05
0.00106799
2.88026e-05
0.00106809
2.90969e-05
0.0010682
2.94002e-05
0.0010683
2.97129e-05
0.00106841
3.00356e-05
0.00106851
3.03687e-05
0.00106861
3.0713e-05
0.00106871
3.10689e-05
0.00106881
3.14368e-05
0.00106891
3.18167e-05
0.00106901
3.22078e-05
0.0010691
3.26074e-05
0.00106918
3.30086e-05
0.00106925
3.33926e-05
0.00106929
3.37445e-05
3.39038e-05
0.00107461
7.00681e-06
0.00107483
7.3998e-06
0.00107507
7.81136e-06
0.00107534
8.24132e-06
0.00107563
8.68932e-06
0.00107595
9.15482e-06
0.00107631
9.63706e-06
0.00107669
1.01351e-05
0.0010771
1.06477e-05
0.00107754
1.11734e-05
0.00107801
1.17107e-05
0.00107851
1.22578e-05
0.00107904
1.28125e-05
0.00107959
1.33728e-05
0.00108016
1.39363e-05
0.00108076
1.45004e-05
0.00108138
1.50625e-05
0.00108201
1.562e-05
0.00108266
1.61701e-05
0.00108332
1.67099e-05
0.00108398
1.72368e-05
0.00108465
1.77478e-05
0.00108533
1.82406e-05
0.001086
1.87125e-05
0.00108666
1.91613e-05
0.00108732
1.9585e-05
0.00108796
1.99821e-05
0.00108859
2.03512e-05
0.0010892
2.06914e-05
0.00108979
2.10024e-05
0.00109035
2.12842e-05
0.00109089
2.15375e-05
0.0010914
2.17633e-05
0.00109188
2.19632e-05
0.00109234
2.21391e-05
0.00109276
2.22934e-05
0.00109316
2.24286e-05
0.00109353
2.25476e-05
0.00109387
2.26533e-05
0.00109418
2.27486e-05
0.00109447
2.28365e-05
0.00109474
2.29195e-05
0.00109499
2.30004e-05
0.00109522
2.30812e-05
0.00109543
2.3164e-05
0.00109563
2.32503e-05
0.00109582
2.33415e-05
0.001096
2.34385e-05
0.00109616
2.35422e-05
0.00109632
2.36529e-05
0.00109648
2.3771e-05
0.00109662
2.38966e-05
0.00109676
2.40297e-05
0.0010969
2.41702e-05
0.00109703
2.4318e-05
0.00109716
2.44729e-05
0.00109729
2.46348e-05
0.00109741
2.48036e-05
0.00109753
2.49791e-05
0.00109765
2.51611e-05
0.00109777
2.53498e-05
0.00109789
2.55448e-05
0.001098
2.57464e-05
0.00109812
2.59544e-05
0.00109823
2.61689e-05
0.00109835
2.63899e-05
0.00109846
2.66175e-05
0.00109857
2.68518e-05
0.00109868
2.70928e-05
0.00109879
2.73408e-05
0.0010989
2.7596e-05
0.00109901
2.78584e-05
0.00109913
2.81284e-05
0.00109924
2.84062e-05
0.00109935
2.86922e-05
0.00109946
2.89867e-05
0.00109957
2.92903e-05
0.00109968
2.96033e-05
0.00109979
2.99264e-05
0.00109989
3.02602e-05
0.0011
3.06053e-05
0.00110011
3.09623e-05
0.00110021
3.13318e-05
0.00110032
3.17139e-05
0.00110042
3.2108e-05
0.00110051
3.25122e-05
0.0011006
3.29209e-05
0.00110067
3.33208e-05
0.00110071
3.37072e-05
3.39965e-05
0.00110691
6.81711e-06
0.00110712
7.18809e-06
0.00110736
7.57639e-06
0.00110762
7.98194e-06
0.0011079
8.40452e-06
0.00110821
8.84374e-06
0.00110855
9.29904e-06
0.00110891
9.76966e-06
0.00110931
1.02546e-05
0.00110973
1.07528e-05
0.00111018
1.12629e-05
0.00111065
1.17833e-05
0.00111115
1.23122e-05
0.00111168
1.28479e-05
0.00111222
1.33881e-05
0.00111279
1.39307e-05
0.00111338
1.44733e-05
0.00111399
1.50135e-05
0.00111461
1.55487e-05
0.00111524
1.60763e-05
0.00111589
1.65938e-05
0.00111654
1.70985e-05
0.00111719
1.75881e-05
0.00111784
1.806e-05
0.00111849
1.85121e-05
0.00111913
1.89425e-05
0.00111977
1.93493e-05
0.00112039
1.97313e-05
0.00112099
2.00873e-05
0.00112158
2.04168e-05
0.00112214
2.07196e-05
0.00112268
2.09958e-05
0.0011232
2.12463e-05
0.00112369
2.14722e-05
0.00112415
2.16749e-05
0.00112459
2.18563e-05
0.001125
2.20187e-05
0.00112538
2.21645e-05
0.00112574
2.22962e-05
0.00112607
2.24164e-05
0.00112638
2.25277e-05
0.00112667
2.26328e-05
0.00112694
2.27338e-05
0.00112718
2.28331e-05
0.00112742
2.29325e-05
0.00112763
2.30337e-05
0.00112784
2.31381e-05
0.00112803
2.32468e-05
0.00112821
2.33606e-05
0.00112838
2.34802e-05
0.00112855
2.3606e-05
0.0011287
2.37383e-05
0.00112886
2.38771e-05
0.001129
2.40227e-05
0.00112915
2.41748e-05
0.00112929
2.43336e-05
0.00112942
2.44988e-05
0.00112956
2.46705e-05
0.00112969
2.48485e-05
0.00112982
2.50328e-05
0.00112994
2.52234e-05
0.00113007
2.54201e-05
0.00113019
2.56232e-05
0.00113031
2.58324e-05
0.00113043
2.6048e-05
0.00113055
2.62699e-05
0.00113067
2.64983e-05
0.00113079
2.67333e-05
0.00113091
2.69749e-05
0.00113103
2.72234e-05
0.00113114
2.74789e-05
0.00113126
2.77416e-05
0.00113138
2.80119e-05
0.00113149
2.829e-05
0.00113161
2.85762e-05
0.00113172
2.8871e-05
0.00113184
2.91749e-05
0.00113195
2.94883e-05
0.00113207
2.9812e-05
0.00113218
3.01465e-05
0.00113229
3.04925e-05
0.00113241
3.08508e-05
0.00113252
3.12219e-05
0.00113262
3.16063e-05
0.00113273
3.20038e-05
0.00113283
3.24129e-05
0.00113292
3.28299e-05
0.00113299
3.32464e-05
0.00113303
3.36666e-05
3.40593e-05
0.00114012
6.62873e-06
0.00114033
6.97953e-06
0.00114056
7.3465e-06
0.00114081
7.72967e-06
0.00114109
8.12891e-06
0.00114139
8.54395e-06
0.00114171
8.97438e-06
0.00114206
9.41963e-06
0.00114244
9.87893e-06
0.00114284
1.03513e-05
0.00114326
1.08358e-05
0.00114372
1.13309e-05
0.00114419
1.18352e-05
0.00114469
1.23472e-05
0.00114522
1.28649e-05
0.00114576
1.33864e-05
0.00114633
1.39095e-05
0.00114691
1.44322e-05
0.0011475
1.49521e-05
0.00114811
1.54667e-05
0.00114873
1.59738e-05
0.00114936
1.64709e-05
0.00114999
1.69557e-05
0.00115063
1.74258e-05
0.00115126
1.78792e-05
0.00115189
1.83138e-05
0.00115251
1.87281e-05
0.00115312
1.91203e-05
0.00115372
1.94895e-05
0.0011543
1.98348e-05
0.00115486
2.01558e-05
0.00115541
2.04524e-05
0.00115593
2.0725e-05
0.00115643
2.09744e-05
0.0011569
2.12017e-05
0.00115735
2.14083e-05
0.00115777
2.15962e-05
0.00115817
2.17672e-05
0.00115854
2.19237e-05
0.00115889
2.20679e-05
0.00115921
2.22021e-05
0.00115952
2.23287e-05
0.0011598
2.24499e-05
0.00116007
2.25677e-05
0.00116032
2.26841e-05
0.00116055
2.28006e-05
0.00116077
2.29187e-05
0.00116098
2.30396e-05
0.00116117
2.31643e-05
0.00116136
2.32934e-05
0.00116154
2.34276e-05
0.00116171
2.35672e-05
0.00116187
2.37125e-05
0.00116203
2.38636e-05
0.00116219
2.40207e-05
0.00116234
2.41838e-05
0.00116248
2.43528e-05
0.00116262
2.45278e-05
0.00116276
2.47088e-05
0.0011629
2.48957e-05
0.00116304
2.50885e-05
0.00116317
2.52873e-05
0.0011633
2.54921e-05
0.00116343
2.57029e-05
0.00116356
2.59198e-05
0.00116368
2.61429e-05
0.00116381
2.63723e-05
0.00116394
2.66081e-05
0.00116406
2.68504e-05
0.00116418
2.70995e-05
0.00116431
2.73555e-05
0.00116443
2.76187e-05
0.00116455
2.78894e-05
0.00116468
2.81678e-05
0.0011648
2.84544e-05
0.00116492
2.87496e-05
0.00116504
2.90539e-05
0.00116516
2.93678e-05
0.00116528
2.96921e-05
0.0011654
3.00274e-05
0.00116552
3.03744e-05
0.00116563
3.0734e-05
0.00116575
3.1107e-05
0.00116586
3.14939e-05
0.00116597
3.18949e-05
0.00116607
3.23093e-05
0.00116617
3.27352e-05
0.00116625
3.31687e-05
0.00116629
3.36212e-05
3.40957e-05
0.00117427
6.44181e-06
0.00117448
6.77402e-06
0.0011747
7.12137e-06
0.00117495
7.48393e-06
0.00117521
7.86166e-06
0.0011755
8.2544e-06
0.00117582
8.66184e-06
0.00117615
9.08355e-06
0.00117651
9.51895e-06
0.0011769
9.96728e-06
0.0011773
1.04276e-05
0.00117774
1.08989e-05
0.00117819
1.13798e-05
0.00117867
1.18691e-05
0.00117917
1.2365e-05
0.00117969
1.28659e-05
0.00118023
1.33699e-05
0.00118079
1.3875e-05
0.00118136
1.43792e-05
0.00118195
1.48804e-05
0.00118254
1.53762e-05
0.00118315
1.58645e-05
0.00118376
1.63431e-05
0.00118438
1.68098e-05
0.00118499
1.72626e-05
0.00118561
1.76996e-05
0.00118622
1.81189e-05
0.00118682
1.85191e-05
0.00118741
1.8899e-05
0.00118799
1.92576e-05
0.00118855
1.95942e-05
0.00118909
1.99086e-05
0.00118962
2.02008e-05
0.00119012
2.04713e-05
0.0011906
2.07209e-05
0.00119106
2.09508e-05
0.00119149
2.11623e-05
0.0011919
2.13571e-05
0.00119229
2.1537e-05
0.00119265
2.17041e-05
0.00119299
2.18605e-05
0.00119331
2.20082e-05
0.00119362
2.21492e-05
0.0011939
2.22855e-05
0.00119416
2.24189e-05
0.00119441
2.25511e-05
0.00119465
2.26833e-05
0.00119487
2.28169e-05
0.00119508
2.2953e-05
0.00119528
2.30922e-05
0.00119547
2.32354e-05
0.00119566
2.33829e-05
0.00119584
2.35353e-05
0.00119601
2.36926e-05
0.00119617
2.38552e-05
0.00119633
2.40231e-05
0.00119649
2.41964e-05
0.00119664
2.43753e-05
0.00119679
2.45596e-05
0.00119694
2.47494e-05
0.00119708
2.49449e-05
0.00119722
2.5146e-05
0.00119736
2.53529e-05
0.0011975
2.55655e-05
0.00119764
2.57839e-05
0.00119777
2.60084e-05
0.0011979
2.6239e-05
0.00119804
2.64758e-05
0.00119817
2.6719e-05
0.0011983
2.69689e-05
0.00119843
2.72256e-05
0.00119856
2.74893e-05
0.00119869
2.77605e-05
0.00119881
2.80394e-05
0.00119894
2.83265e-05
0.00119907
2.86222e-05
0.0011992
2.8927e-05
0.00119932
2.92415e-05
0.00119945
2.95665e-05
0.00119957
2.99026e-05
0.0011997
3.02508e-05
0.00119982
3.06119e-05
0.00119994
3.09868e-05
0.00120006
3.13763e-05
0.00120017
3.17811e-05
0.00120028
3.22013e-05
0.00120038
3.26364e-05
0.00120046
3.30868e-05
0.00120051
3.35696e-05
3.41089e-05
0.00120939
6.25645e-06
0.00120959
6.57148e-06
0.00120981
6.90072e-06
0.00121005
7.24426e-06
0.00121031
7.60212e-06
0.00121059
7.97422e-06
0.00121089
8.36036e-06
0.00121122
8.76022e-06
0.00121156
9.17335e-06
0.00121193
9.59915e-06
0.00121232
1.00369e-05
0.00121274
1.04856e-05
0.00121317
1.09444e-05
0.00121363
1.14119e-05
0.00121411
1.18869e-05
0.0012146
1.23678e-05
0.00121512
1.28529e-05
0.00121566
1.33407e-05
0.00121621
1.38291e-05
0.00121677
1.43163e-05
0.00121735
1.48002e-05
0.00121793
1.52788e-05
0.00121852
1.57501e-05
0.00121912
1.6212e-05
0.00121972
1.66626e-05
0.00122032
1.70999e-05
0.00122092
1.75224e-05
0.00122151
1.79284e-05
0.00122209
1.83166e-05
0.00122266
1.8686e-05
0.00122322
1.90358e-05
0.00122376
1.93655e-05
0.00122429
1.9675e-05
0.0012248
1.99643e-05
0.00122528
2.02341e-05
0.00122575
2.04851e-05
0.00122619
2.07183e-05
0.00122662
2.09352e-05
0.00122702
2.11373e-05
0.00122739
2.13262e-05
0.00122775
2.15038e-05
0.00122809
2.16719e-05
0.0012284
2.18324e-05
0.0012287
2.1987e-05
0.00122898
2.21375e-05
0.00122925
2.22853e-05
0.0012295
2.2432e-05
0.00122974
2.25787e-05
0.00122996
2.27266e-05
0.00123018
2.28766e-05
0.00123039
2.30293e-05
0.00123058
2.31853e-05
0.00123077
2.33453e-05
0.00123096
2.35094e-05
0.00123113
2.3678e-05
0.00123131
2.38512e-05
0.00123147
2.40293e-05
0.00123164
2.42123e-05
0.0012318
2.44004e-05
0.00123195
2.45937e-05
0.0012321
2.47921e-05
0.00123225
2.49959e-05
0.0012324
2.5205e-05
0.00123255
2.54197e-05
0.00123269
2.564e-05
0.00123283
2.58661e-05
0.00123297
2.60981e-05
0.00123311
2.63361e-05
0.00123325
2.65804e-05
0.00123339
2.68312e-05
0.00123353
2.70887e-05
0.00123366
2.73533e-05
0.0012338
2.76251e-05
0.00123393
2.79046e-05
0.00123407
2.81922e-05
0.0012342
2.84885e-05
0.00123433
2.87939e-05
0.00123447
2.91091e-05
0.0012346
2.94349e-05
0.00123473
2.9772e-05
0.00123486
3.01214e-05
0.00123499
3.0484e-05
0.00123511
3.0861e-05
0.00123524
3.12534e-05
0.00123535
3.16622e-05
0.00123547
3.20883e-05
0.00123557
3.2533e-05
0.00123566
3.3e-05
0.00123572
3.35107e-05
3.41013e-05
0.00124551
6.07278e-06
0.00124571
6.37189e-06
0.00124593
6.68434e-06
0.00124616
7.01026e-06
0.00124641
7.34972e-06
0.00124668
7.70268e-06
0.00124698
8.06905e-06
0.00124729
8.44858e-06
0.00124762
8.84094e-06
0.00124797
9.24566e-06
0.00124835
9.66216e-06
0.00124874
1.00897e-05
0.00124916
1.05274e-05
0.0012496
1.09742e-05
0.00125006
1.1429e-05
0.00125053
1.18906e-05
0.00125103
1.23574e-05
0.00125154
1.2828e-05
0.00125207
1.33006e-05
0.00125261
1.37736e-05
0.00125317
1.42451e-05
0.00125373
1.47133e-05
0.00125431
1.51762e-05
0.00125489
1.56321e-05
0.00125547
1.60789e-05
0.00125606
1.65151e-05
0.00125664
1.69388e-05
0.00125722
1.73485e-05
0.00125779
1.7743e-05
0.00125836
1.8121e-05
0.00125891
1.84817e-05
0.00125945
1.88244e-05
0.00125998
1.91488e-05
0.00126049
1.94547e-05
0.00126098
1.97424e-05
0.00126145
2.00125e-05
0.00126191
2.02657e-05
0.00126234
2.0503e-05
0.00126275
2.07257e-05
0.00126314
2.09352e-05
0.00126351
2.11331e-05
0.00126386
2.13209e-05
0.00126419
2.15002e-05
0.00126451
2.16728e-05
0.00126481
2.18401e-05
0.00126509
2.20037e-05
0.00126535
2.2165e-05
0.00126561
2.23252e-05
0.00126585
2.24853e-05
0.00126608
2.26463e-05
0.0012663
2.2809e-05
0.00126651
2.29741e-05
0.00126671
2.31422e-05
0.00126691
2.33135e-05
0.0012671
2.34886e-05
0.00126728
2.36677e-05
0.00126746
2.3851e-05
0.00126764
2.40387e-05
0.0012678
2.4231e-05
0.00126797
2.4428e-05
0.00126813
2.46297e-05
0.00126829
2.48365e-05
0.00126845
2.50483e-05
0.0012686
2.52653e-05
0.00126876
2.54878e-05
0.00126891
2.57157e-05
0.00126905
2.59493e-05
0.0012692
2.61888e-05
0.00126935
2.64344e-05
0.00126949
2.66863e-05
0.00126964
2.69448e-05
0.00126978
2.72101e-05
0.00126992
2.74828e-05
0.00127006
2.7763e-05
0.0012702
2.80513e-05
0.00127034
2.83483e-05
0.00127048
2.86544e-05
0.00127062
2.89704e-05
0.00127076
2.92971e-05
0.0012709
2.96352e-05
0.00127103
2.99859e-05
0.00127117
3.03503e-05
0.0012713
3.07294e-05
0.00127143
3.11248e-05
0.00127155
3.15377e-05
0.00127167
3.197e-05
0.00127178
3.24245e-05
0.00127187
3.29076e-05
0.00127194
3.34436e-05
3.40747e-05
0.00128266
5.89091e-06
0.00128286
6.17522e-06
0.00128307
6.47207e-06
0.0012833
6.78163e-06
0.00128354
7.10398e-06
0.00128381
7.43917e-06
0.00128409
7.78713e-06
0.00128439
8.14771e-06
0.00128471
8.52068e-06
0.00128505
8.90568e-06
0.00128541
9.30222e-06
0.00128579
9.70973e-06
0.00128619
1.01275e-05
0.00128661
1.05546e-05
0.00128705
1.09902e-05
0.00128751
1.1433e-05
0.00128798
1.1882e-05
0.00128847
1.23357e-05
0.00128898
1.27926e-05
0.0012895
1.32513e-05
0.00129004
1.371e-05
0.00129059
1.41672e-05
0.00129114
1.4621e-05
0.0012917
1.50698e-05
0.00129227
1.55117e-05
0.00129284
1.59451e-05
0.00129341
1.63684e-05
0.00129398
1.67801e-05
0.00129454
1.71789e-05
0.0012951
1.75634e-05
0.00129565
1.79328e-05
0.00129619
1.82863e-05
0.00129671
1.86233e-05
0.00129722
1.89437e-05
0.00129772
1.92473e-05
0.0012982
1.95344e-05
0.00129866
1.98057e-05
0.0012991
2.00617e-05
0.00129952
2.03036e-05
0.00129992
2.05323e-05
0.00130031
2.07493e-05
0.00130067
2.09559e-05
0.00130102
2.11534e-05
0.00130135
2.13435e-05
0.00130166
2.15275e-05
0.00130196
2.17067e-05
0.00130224
2.18826e-05
0.00130251
2.20563e-05
0.00130277
2.22289e-05
0.00130301
2.24014e-05
0.00130325
2.25746e-05
0.00130347
2.27491e-05
0.00130369
2.29257e-05
0.0013039
2.31049e-05
0.0013041
2.32869e-05
0.00130429
2.34723e-05
0.00130448
2.36613e-05
0.00130467
2.38541e-05
0.00130485
2.40509e-05
0.00130502
2.4252e-05
0.0013052
2.44575e-05
0.00130536
2.46675e-05
0.00130553
2.48823e-05
0.00130569
2.5102e-05
0.00130585
2.53267e-05
0.00130601
2.55568e-05
0.00130617
2.57922e-05
0.00130633
2.60334e-05
0.00130648
2.62804e-05
0.00130663
2.65336e-05
0.00130678
2.67933e-05
0.00130693
2.70597e-05
0.00130708
2.73333e-05
0.00130723
2.76144e-05
0.00130738
2.79035e-05
0.00130753
2.82013e-05
0.00130767
2.85082e-05
0.00130782
2.88251e-05
0.00130796
2.91527e-05
0.00130811
2.9492e-05
0.00130825
2.98442e-05
0.00130839
3.02103e-05
0.00130853
3.05917e-05
0.00130866
3.09902e-05
0.00130879
3.14075e-05
0.00130891
3.18461e-05
0.00130903
3.23102e-05
0.00130913
3.28087e-05
0.0013092
3.33674e-05
3.40306e-05
0.00132087
5.71096e-06
0.00132107
5.98145e-06
0.00132128
6.26377e-06
0.0013215
6.55809e-06
0.00132174
6.86452e-06
0.00132199
7.18314e-06
0.00132227
7.51394e-06
0.00132256
7.85684e-06
0.00132287
8.21167e-06
0.0013232
8.57817e-06
0.00132354
8.95597e-06
0.00132391
9.34459e-06
0.00132429
9.74346e-06
0.00132469
1.01519e-05
0.00132511
1.0569e-05
0.00132555
1.09939e-05
0.00132601
1.14255e-05
0.00132648
1.18627e-05
0.00132697
1.23041e-05
0.00132747
1.27484e-05
0.00132799
1.31942e-05
0.00132852
1.36399e-05
0.00132905
1.40839e-05
0.0013296
1.45247e-05
0.00133015
1.49606e-05
0.00133071
1.539e-05
0.00133126
1.58115e-05
0.00133182
1.62235e-05
0.00133237
1.66247e-05
0.00133292
1.70139e-05
0.00133347
1.739e-05
0.001334
1.77522e-05
0.00133452
1.80998e-05
0.00133504
1.84324e-05
0.00133553
1.87498e-05
0.00133601
1.90521e-05
0.00133648
1.93395e-05
0.00133693
1.96126e-05
0.00133736
1.9872e-05
0.00133778
2.01187e-05
0.00133817
2.03536e-05
0.00133855
2.05779e-05
0.00133891
2.07929e-05
0.00133925
2.09999e-05
0.00133958
2.12001e-05
0.00133989
2.13948e-05
0.00134019
2.15852e-05
0.00134047
2.17725e-05
0.00134074
2.19578e-05
0.001341
2.21419e-05
0.00134125
2.23259e-05
0.00134149
2.25103e-05
0.00134172
2.26958e-05
0.00134194
2.28831e-05
0.00134216
2.30726e-05
0.00134237
2.32647e-05
0.00134257
2.34597e-05
0.00134276
2.3658e-05
0.00134295
2.38598e-05
0.00134314
2.40654e-05
0.00134332
2.42749e-05
0.0013435
2.44886e-05
0.00134368
2.47066e-05
0.00134385
2.49293e-05
0.00134402
2.51567e-05
0.00134419
2.5389e-05
0.00134435
2.56266e-05
0.00134452
2.58696e-05
0.00134468
2.61183e-05
0.00134484
2.6373e-05
0.001345
2.6634e-05
0.00134516
2.69016e-05
0.00134531
2.71763e-05
0.00134547
2.74584e-05
0.00134563
2.77485e-05
0.00134578
2.80471e-05
0.00134593
2.8355e-05
0.00134609
2.86728e-05
0.00134624
2.90016e-05
0.00134639
2.93422e-05
0.00134653
2.96958e-05
0.00134668
3.00638e-05
0.00134683
3.04477e-05
0.00134697
3.08493e-05
0.0013471
3.12711e-05
0.00134723
3.17161e-05
0.00134735
3.21898e-05
0.00134746
3.27027e-05
0.00134754
3.32817e-05
3.39701e-05
0.00136018
5.53302e-06
0.00136037
5.7906e-06
0.00136057
6.05935e-06
0.00136079
6.33943e-06
0.00136103
6.631e-06
0.00136128
6.93415e-06
0.00136154
7.24892e-06
0.00136182
7.57528e-06
0.00136212
7.91312e-06
0.00136244
8.26226e-06
0.00136277
8.62242e-06
0.00136312
8.99323e-06
0.00136349
9.37421e-06
0.00136388
9.7648e-06
0.00136428
1.01643e-05
0.0013647
1.05719e-05
0.00136514
1.09868e-05
0.0013656
1.14079e-05
0.00136607
1.1834e-05
0.00136655
1.22641e-05
0.00136705
1.26968e-05
0.00136756
1.31307e-05
0.00136808
1.35644e-05
0.00136861
1.39964e-05
0.00136914
1.44254e-05
0.00136968
1.48497e-05
0.00137023
1.5268e-05
0.00137077
1.56788e-05
0.00137131
1.60808e-05
0.00137186
1.64729e-05
0.00137239
1.68539e-05
0.00137292
1.72228e-05
0.00137344
1.75791e-05
0.00137395
1.7922e-05
0.00137445
1.82513e-05
0.00137494
1.85668e-05
0.00137541
1.88685e-05
0.00137586
1.91569e-05
0.0013763
1.94323e-05
0.00137673
1.96953e-05
0.00137713
1.9947e-05
0.00137752
2.0188e-05
0.0013779
2.04196e-05
0.00137825
2.06428e-05
0.00137859
2.08587e-05
0.00137892
2.10684e-05
0.00137923
2.12732e-05
0.00137953
2.14741e-05
0.00137982
2.16721e-05
0.00138009
2.1868e-05
0.00138035
2.20629e-05
0.00138061
2.22575e-05
0.00138085
2.24523e-05
0.00138108
2.26482e-05
0.00138131
2.28454e-05
0.00138153
2.30446e-05
0.00138175
2.32461e-05
0.00138195
2.34503e-05
0.00138216
2.36574e-05
0.00138235
2.38678e-05
0.00138255
2.40817e-05
0.00138274
2.42994e-05
0.00138292
2.4521e-05
0.0013831
2.47469e-05
0.00138328
2.49772e-05
0.00138346
2.52121e-05
0.00138363
2.54521e-05
0.00138381
2.56972e-05
0.00138398
2.59478e-05
0.00138415
2.62041e-05
0.00138431
2.64666e-05
0.00138448
2.67356e-05
0.00138464
2.70114e-05
0.00138481
2.72947e-05
0.00138497
2.75859e-05
0.00138513
2.78856e-05
0.00138529
2.81945e-05
0.00138545
2.85134e-05
0.00138561
2.88433e-05
0.00138577
2.91853e-05
0.00138592
2.95405e-05
0.00138608
2.99104e-05
0.00138623
3.02969e-05
0.00138637
3.07018e-05
0.00138652
3.11281e-05
0.00138665
3.15796e-05
0.00138678
3.20625e-05
0.0013869
3.2589e-05
0.00138699
3.31858e-05
3.38941e-05
0.00140061
5.35719e-06
0.0014008
5.60268e-06
0.001401
5.8587e-06
0.00140122
6.12546e-06
0.00140144
6.40312e-06
0.00140169
6.6918e-06
0.00140194
6.99156e-06
0.00140222
7.30241e-06
0.0014025
7.62432e-06
0.00140281
7.95714e-06
0.00140313
8.30069e-06
0.00140347
8.65468e-06
0.00140383
9.01873e-06
0.0014042
9.39239e-06
0.00140459
9.77508e-06
0.00140499
1.01661e-05
0.00140542
1.05648e-05
0.00140585
1.09702e-05
0.00140631
1.13814e-05
0.00140677
1.17974e-05
0.00140725
1.22169e-05
0.00140774
1.26388e-05
0.00140825
1.30618e-05
0.00140876
1.34846e-05
0.00140928
1.39058e-05
0.0014098
1.4324e-05
0.00141033
1.4738e-05
0.00141087
1.51463e-05
0.0014114
1.55477e-05
0.00141193
1.5941e-05
0.00141246
1.63252e-05
0.00141298
1.66991e-05
0.0014135
1.70621e-05
0.00141401
1.74134e-05
0.00141451
1.77527e-05
0.00141499
1.80795e-05
0.00141547
1.83938e-05
0.00141593
1.86957e-05
0.00141638
1.89855e-05
0.00141681
1.92636e-05
0.00141723
1.95306e-05
0.00141763
1.97873e-05
0.00141801
2.00344e-05
0.00141838
2.0273e-05
0.00141874
2.0504e-05
0.00141908
2.07284e-05
0.0014194
2.09472e-05
0.00141971
2.11614e-05
0.00142001
2.1372e-05
0.0014203
2.15799e-05
0.00142058
2.17859e-05
0.00142085
2.19908e-05
0.0014211
2.21952e-05
0.00142135
2.23999e-05
0.00142159
2.26052e-05
0.00142183
2.28119e-05
0.00142205
2.30202e-05
0.00142227
2.32306e-05
0.00142248
2.34434e-05
0.00142269
2.3659e-05
0.0014229
2.38776e-05
0.0014231
2.40995e-05
0.00142329
2.4325e-05
0.00142349
2.45544e-05
0.00142368
2.47879e-05
0.00142386
2.50257e-05
0.00142405
2.52682e-05
0.00142423
2.55157e-05
0.00142441
2.57683e-05
0.00142458
2.60266e-05
0.00142476
2.62907e-05
0.00142493
2.65612e-05
0.00142511
2.68385e-05
0.00142528
2.7123e-05
0.00142545
2.74154e-05
0.00142562
2.77163e-05
0.00142579
2.80263e-05
0.00142595
2.83465e-05
0.00142612
2.86777e-05
0.00142628
2.90211e-05
0.00142645
2.9378e-05
0.00142661
2.975e-05
0.00142676
3.0139e-05
0.00142692
3.05474e-05
0.00142707
3.09782e-05
0.00142721
3.1436e-05
0.00142735
3.19279e-05
0.00142747
3.24669e-05
0.00142758
3.30792e-05
3.38032e-05
0.00144221
5.18358e-06
0.00144239
5.41769e-06
0.00144259
5.66178e-06
0.0014428
5.91604e-06
0.00144302
6.18066e-06
0.00144326
6.45575e-06
0.00144351
6.74143e-06
0.00144377
7.03773e-06
0.00144405
7.34466e-06
0.00144435
7.66213e-06
0.00144466
7.99002e-06
0.00144498
8.32811e-06
0.00144533
8.67611e-06
0.00144569
9.03366e-06
0.00144606
9.4003e-06
0.00144645
9.77547e-06
0.00144686
1.01585e-05
0.00144728
1.05488e-05
0.00144772
1.09453e-05
0.00144817
1.13473e-05
0.00144863
1.17538e-05
0.0014491
1.21635e-05
0.00144959
1.25756e-05
0.00145009
1.29886e-05
0.00145059
1.34014e-05
0.0014511
1.38128e-05
0.00145162
1.42214e-05
0.00145214
1.46261e-05
0.00145266
1.50256e-05
0.00145318
1.54187e-05
0.0014537
1.58044e-05
0.00145422
1.61816e-05
0.00145473
1.65496e-05
0.00145524
1.69076e-05
0.00145574
1.7255e-05
0.00145623
1.75914e-05
0.0014567
1.79165e-05
0.00145717
1.82303e-05
0.00145762
1.85329e-05
0.00145806
1.88245e-05
0.00145848
1.91056e-05
0.0014589
1.93766e-05
0.00145929
1.96383e-05
0.00145967
1.98914e-05
0.00146004
2.01367e-05
0.00146039
2.03752e-05
0.00146073
2.06076e-05
0.00146106
2.08349e-05
0.00146137
2.1058e-05
0.00146168
2.12778e-05
0.00146197
2.14949e-05
0.00146225
2.17103e-05
0.00146252
2.19245e-05
0.00146278
2.21382e-05
0.00146303
2.23519e-05
0.00146328
2.25663e-05
0.00146352
2.27818e-05
0.00146375
2.29987e-05
0.00146397
2.32176e-05
0.00146419
2.34386e-05
0.00146441
2.36623e-05
0.00146462
2.38888e-05
0.00146483
2.41184e-05
0.00146503
2.43516e-05
0.00146523
2.45885e-05
0.00146543
2.48295e-05
0.00146562
2.50748e-05
0.00146581
2.53248e-05
0.001466
2.55797e-05
0.00146619
2.584e-05
0.00146637
2.61061e-05
0.00146655
2.63783e-05
0.00146673
2.66571e-05
0.00146691
2.69431e-05
0.00146709
2.72368e-05
0.00146727
2.75389e-05
0.00146745
2.78503e-05
0.00146762
2.81717e-05
0.00146779
2.85043e-05
0.00146797
2.88492e-05
0.00146814
2.92079e-05
0.0014683
2.95821e-05
0.00146847
2.99737e-05
0.00146863
3.03856e-05
0.00146879
3.0821e-05
0.00146894
3.1285e-05
0.00146908
3.17854e-05
0.00146921
3.23358e-05
0.00146933
3.29616e-05
3.36977e-05
0.001485
5.01227e-06
0.00148518
5.23567e-06
0.00148538
5.46853e-06
0.00148558
5.71104e-06
0.0014858
5.96339e-06
0.00148603
6.22572e-06
0.00148627
6.49816e-06
0.00148653
6.78077e-06
0.0014868
7.07359e-06
0.00148709
7.3766e-06
0.00148739
7.6897e-06
0.0014877
8.01275e-06
0.00148803
8.34554e-06
0.00148838
8.68777e-06
0.00148874
9.03909e-06
0.00148912
9.39903e-06
0.00148951
9.76707e-06
0.00148991
1.01426e-05
0.00149033
1.05249e-05
0.00149077
1.09132e-05
0.00149121
1.13066e-05
0.00149167
1.17043e-05
0.00149214
1.21051e-05
0.00149262
1.2508e-05
0.00149311
1.29119e-05
0.00149361
1.33157e-05
0.00149411
1.37181e-05
0.00149462
1.41181e-05
0.00149513
1.45145e-05
0.00149565
1.49061e-05
0.00149616
1.5292e-05
0.00149667
1.56711e-05
0.00149718
1.60424e-05
0.00149768
1.64054e-05
0.00149817
1.67592e-05
0.00149866
1.71035e-05
0.00149914
1.74377e-05
0.00149961
1.77618e-05
0.00150007
1.80756e-05
0.00150051
1.83792e-05
0.00150094
1.8673e-05
0.00150136
1.89572e-05
0.00150177
1.92323e-05
0.00150216
1.9499e-05
0.00150254
1.97579e-05
0.00150291
2.00097e-05
0.00150326
2.02552e-05
0.0015036
2.04952e-05
0.00150393
2.07306e-05
0.00150424
2.0962e-05
0.00150455
2.11903e-05
0.00150484
2.14161e-05
0.00150513
2.16401e-05
0.0015054
2.18631e-05
0.00150567
2.20855e-05
0.00150593
2.23078e-05
0.00150618
2.25307e-05
0.00150642
2.27545e-05
0.00150666
2.29796e-05
0.00150689
2.32064e-05
0.00150712
2.34354e-05
0.00150734
2.36668e-05
0.00150756
2.39009e-05
0.00150777
2.41381e-05
0.00150798
2.43787e-05
0.00150819
2.46231e-05
0.00150839
2.48714e-05
0.00150859
2.51242e-05
0.00150879
2.53816e-05
0.00150899
2.56442e-05
0.00150918
2.59123e-05
0.00150937
2.61864e-05
0.00150956
2.64669e-05
0.00150975
2.67545e-05
0.00150994
2.70497e-05
0.00151012
2.73532e-05
0.00151031
2.7666e-05
0.00151049
2.79888e-05
0.00151067
2.83229e-05
0.00151085
2.86694e-05
0.00151103
2.903e-05
0.0015112
2.94063e-05
0.00151138
2.98007e-05
0.00151155
3.0216e-05
0.00151171
3.0656e-05
0.00151187
3.1126e-05
0.00151202
3.16345e-05
0.00151216
3.21952e-05
0.00151229
3.28325e-05
3.35779e-05
0.00152903
4.84336e-06
0.00152921
5.05665e-06
0.0015294
5.27891e-06
0.0015296
5.51035e-06
0.00152981
5.75114e-06
0.00153003
6.00145e-06
0.00153027
6.26142e-06
0.00153052
6.53113e-06
0.00153078
6.81065e-06
0.00153106
7.09999e-06
0.00153135
7.39912e-06
0.00153165
7.70793e-06
0.00153197
8.02627e-06
0.00153231
8.35393e-06
0.00153266
8.69061e-06
0.00153302
9.03597e-06
0.0015334
9.38955e-06
0.00153379
9.75085e-06
0.00153419
1.01193e-05
0.00153461
1.04941e-05
0.00153505
1.08747e-05
0.00153549
1.12602e-05
0.00153594
1.16497e-05
0.00153641
1.20422e-05
0.00153689
1.24368e-05
0.00153737
1.28324e-05
0.00153786
1.3228e-05
0.00153835
1.36224e-05
0.00153885
1.40147e-05
0.00153936
1.44037e-05
0.00153986
1.47884e-05
0.00154036
1.51678e-05
0.00154086
1.55411e-05
0.00154136
1.59075e-05
0.00154186
1.62662e-05
0.00154234
1.66167e-05
0.00154282
1.69584e-05
0.00154329
1.72911e-05
0.00154375
1.76146e-05
0.0015442
1.79289e-05
0.00154464
1.82339e-05
0.00154507
1.853e-05
0.00154548
1.88174e-05
0.00154589
1.90966e-05
0.00154628
1.93682e-05
0.00154665
1.96326e-05
0.00154702
1.98906e-05
0.00154737
2.01429e-05
0.00154771
2.03901e-05
0.00154804
2.0633e-05
0.00154836
2.08722e-05
0.00154867
2.11085e-05
0.00154896
2.13424e-05
0.00154925
2.15747e-05
0.00154953
2.18058e-05
0.0015498
2.20363e-05
0.00155007
2.22668e-05
0.00155032
2.24976e-05
0.00155057
2.27293e-05
0.00155082
2.29622e-05
0.00155106
2.31967e-05
0.00155129
2.34332e-05
0.00155152
2.36721e-05
0.00155174
2.39136e-05
0.00155196
2.41582e-05
0.00155218
2.44061e-05
0.00155239
2.46578e-05
0.00155261
2.49135e-05
0.00155281
2.51737e-05
0.00155302
2.54387e-05
0.00155322
2.57091e-05
0.00155342
2.59852e-05
0.00155362
2.62676e-05
0.00155382
2.65569e-05
0.00155402
2.68537e-05
0.00155421
2.71588e-05
0.0015544
2.74731e-05
0.0015546
2.77974e-05
0.00155478
2.81331e-05
0.00155497
2.84813e-05
0.00155516
2.88438e-05
0.00155534
2.92224e-05
0.00155552
2.96196e-05
0.0015557
3.00383e-05
0.00155588
3.04827e-05
0.00155604
3.09585e-05
0.0015562
3.14745e-05
0.00155635
3.20445e-05
0.00155649
3.26916e-05
3.3444e-05
0.00157433
4.67692e-06
0.0015745
4.88066e-06
0.00157469
5.09291e-06
0.00157488
5.31388e-06
0.00157509
5.54377e-06
0.00157531
5.78273e-06
0.00157554
6.03092e-06
0.00157578
6.28846e-06
0.00157604
6.55541e-06
0.00157631
6.83184e-06
0.00157659
7.11772e-06
0.00157688
7.41303e-06
0.00157719
7.71765e-06
0.00157751
8.03142e-06
0.00157785
8.35414e-06
0.0015782
8.68551e-06
0.00157857
9.02518e-06
0.00157894
9.37273e-06
0.00157934
9.72766e-06
0.00157974
1.00894e-05
0.00158016
1.04573e-05
0.00158059
1.08307e-05
0.00158103
1.12088e-05
0.00158148
1.15908e-05
0.00158194
1.19757e-05
0.00158241
1.23627e-05
0.00158289
1.27508e-05
0.00158337
1.31389e-05
0.00158386
1.35261e-05
0.00158435
1.39114e-05
0.00158485
1.42938e-05
0.00158534
1.46724e-05
0.00158584
1.50463e-05
0.00158633
1.54146e-05
0.00158682
1.57767e-05
0.0015873
1.61319e-05
0.00158778
1.64796e-05
0.00158825
1.68194e-05
0.00158872
1.71511e-05
0.00158917
1.74744e-05
0.00158962
1.77894e-05
0.00159005
1.80961e-05
0.00159047
1.83946e-05
0.00159088
1.86853e-05
0.00159128
1.89686e-05
0.00159167
1.92448e-05
0.00159205
1.95147e-05
0.00159241
1.97786e-05
0.00159276
2.00372e-05
0.00159311
2.02912e-05
0.00159344
2.05412e-05
0.00159376
2.07877e-05
0.00159407
2.10315e-05
0.00159437
2.12731e-05
0.00159466
2.1513e-05
0.00159495
2.17518e-05
0.00159523
2.199e-05
0.00159549
2.22281e-05
0.00159576
2.24666e-05
0.00159601
2.27058e-05
0.00159626
2.29461e-05
0.00159651
2.3188e-05
0.00159675
2.34318e-05
0.00159699
2.36779e-05
0.00159722
2.39266e-05
0.00159744
2.41784e-05
0.00159767
2.44335e-05
0.00159789
2.46925e-05
0.00159811
2.49556e-05
0.00159832
2.52233e-05
0.00159854
2.5496e-05
0.00159875
2.57744e-05
0.00159896
2.60588e-05
0.00159916
2.635e-05
0.00159937
2.66486e-05
0.00159957
2.69553e-05
0.00159977
2.72712e-05
0.00159997
2.75972e-05
0.00160017
2.79345e-05
0.00160037
2.82845e-05
0.00160056
2.8649e-05
0.00160076
2.90299e-05
0.00160095
2.94298e-05
0.00160113
2.9852e-05
0.00160131
3.03007e-05
0.00160149
3.07821e-05
0.00160166
3.1305e-05
0.00160182
3.18832e-05
0.00160198
3.25384e-05
3.32959e-05
0.00162093
4.51305e-06
0.00162111
4.70772e-06
0.00162129
4.91049e-06
0.00162148
5.12157e-06
0.00162168
5.34113e-06
0.0016219
5.56937e-06
0.00162212
5.80643e-06
0.00162236
6.05244e-06
0.00162261
6.3075e-06
0.00162287
6.57169e-06
0.00162314
6.84503e-06
0.00162342
7.12751e-06
0.00162372
7.41908e-06
0.00162404
7.71962e-06
0.00162436
8.02899e-06
0.0016247
8.34695e-06
0.00162505
8.67324e-06
0.00162542
9.0075e-06
0.00162579
9.34934e-06
0.00162619
9.69828e-06
0.00162659
1.00538e-05
0.001627
1.04152e-05
0.00162743
1.07819e-05
0.00162787
1.11532e-05
0.00162832
1.15282e-05
0.00162877
1.19062e-05
0.00162924
1.22862e-05
0.00162971
1.26674e-05
0.00163019
1.30488e-05
0.00163067
1.34295e-05
0.00163115
1.38086e-05
0.00163164
1.41852e-05
0.00163213
1.45584e-05
0.00163262
1.49274e-05
0.0016331
1.52914e-05
0.00163358
1.56498e-05
0.00163406
1.6002e-05
0.00163453
1.63475e-05
0.001635
1.6686e-05
0.00163546
1.7017e-05
0.0016359
1.73405e-05
0.00163634
1.76565e-05
0.00163677
1.79649e-05
0.00163719
1.8266e-05
0.0016376
1.856e-05
0.001638
1.88472e-05
0.00163839
1.9128e-05
0.00163876
1.9403e-05
0.00163913
1.96725e-05
0.00163948
1.99372e-05
0.00163982
2.01976e-05
0.00164016
2.04542e-05
0.00164048
2.07076e-05
0.0016408
2.09585e-05
0.0016411
2.12072e-05
0.0016414
2.14544e-05
0.00164169
2.17004e-05
0.00164197
2.19459e-05
0.00164225
2.21913e-05
0.00164251
2.24369e-05
0.00164278
2.26833e-05
0.00164303
2.29308e-05
0.00164329
2.31797e-05
0.00164353
2.34306e-05
0.00164378
2.36837e-05
0.00164402
2.39395e-05
0.00164425
2.41984e-05
0.00164448
2.44607e-05
0.00164471
2.47269e-05
0.00164494
2.49975e-05
0.00164516
2.52729e-05
0.00164538
2.55536e-05
0.0016456
2.58402e-05
0.00164582
2.61334e-05
0.00164603
2.64338e-05
0.00164624
2.67424e-05
0.00164646
2.706e-05
0.00164666
2.73877e-05
0.00164687
2.77268e-05
0.00164708
2.80787e-05
0.00164728
2.84452e-05
0.00164748
2.88284e-05
0.00164768
2.92311e-05
0.00164788
2.96566e-05
0.00164807
3.01095e-05
0.00164825
3.05961e-05
0.00164843
3.11253e-05
0.00164861
3.17107e-05
0.00164877
3.23726e-05
3.31336e-05
0.00166889
4.35181e-06
0.00166906
4.53788e-06
0.00166924
4.73166e-06
0.00166943
4.93335e-06
0.00166963
5.14314e-06
0.00166984
5.3612e-06
0.00167006
5.58771e-06
0.00167029
5.8228e-06
0.00167053
6.0666e-06
0.00167078
6.31917e-06
0.00167104
6.5806e-06
0.00167132
6.85089e-06
0.00167161
7.13003e-06
0.00167191
7.41795e-06
0.00167223
7.71455e-06
0.00167255
8.01966e-06
0.00167289
8.33307e-06
0.00167325
8.65451e-06
0.00167361
8.98365e-06
0.00167399
9.32009e-06
0.00167438
9.66338e-06
0.00167478
1.0013e-05
0.0016752
1.03684e-05
0.00167562
1.07289e-05
0.00167605
1.10939e-05
0.0016765
1.14625e-05
0.00167695
1.18341e-05
0.00167741
1.22077e-05
0.00167788
1.25827e-05
0.00167835
1.2958e-05
0.00167882
1.33328e-05
0.0016793
1.37064e-05
0.00167978
1.40778e-05
0.00168026
1.44462e-05
0.00168074
1.4811e-05
0.00168122
1.51713e-05
0.0016817
1.55266e-05
0.00168217
1.58764e-05
0.00168263
1.62201e-05
0.00168309
1.65575e-05
0.00168355
1.68883e-05
0.00168399
1.72122e-05
0.00168443
1.75294e-05
0.00168485
1.78397e-05
0.00168527
1.81433e-05
0.00168568
1.84405e-05
0.00168607
1.87316e-05
0.00168646
1.90168e-05
0.00168683
1.92966e-05
0.0016872
1.95715e-05
0.00168756
1.98419e-05
0.0016879
2.01082e-05
0.00168824
2.03712e-05
0.00168857
2.06311e-05
0.00168888
2.08886e-05
0.00168919
2.1144e-05
0.0016895
2.1398e-05
0.00168979
2.1651e-05
0.00169008
2.19034e-05
0.00169036
2.21556e-05
0.00169064
2.24081e-05
0.00169091
2.26614e-05
0.00169117
2.29157e-05
0.00169143
2.31715e-05
0.00169168
2.34293e-05
0.00169193
2.36893e-05
0.00169218
2.39521e-05
0.00169242
2.4218e-05
0.00169266
2.44875e-05
0.0016929
2.47611e-05
0.00169313
2.50392e-05
0.00169336
2.53224e-05
0.00169359
2.56114e-05
0.00169382
2.59068e-05
0.00169404
2.62092e-05
0.00169427
2.65197e-05
0.00169449
2.68391e-05
0.00169471
2.71687e-05
0.00169492
2.75095e-05
0.00169514
2.78634e-05
0.00169535
2.8232e-05
0.00169556
2.86176e-05
0.00169577
2.9023e-05
0.00169598
2.94518e-05
0.00169618
2.99087e-05
0.00169637
3.04e-05
0.00169656
3.0935e-05
0.00169675
3.15266e-05
0.00169693
3.21938e-05
3.29568e-05
0.00171825
4.19329e-06
0.00171841
4.37118e-06
0.00171859
4.55641e-06
0.00171877
4.74918e-06
0.00171897
4.94968e-06
0.00171917
5.1581e-06
0.00171938
5.37459e-06
0.00171961
5.59932e-06
0.00171984
5.8324e-06
0.00172008
6.07395e-06
0.00172034
6.32404e-06
0.00172061
6.58273e-06
0.00172089
6.85001e-06
0.00172118
7.12588e-06
0.00172149
7.41026e-06
0.0017218
7.70304e-06
0.00172213
8.00406e-06
0.00172247
8.31312e-06
0.00172283
8.62995e-06
0.00172319
8.95422e-06
0.00172357
9.28557e-06
0.00172396
9.62357e-06
0.00172436
9.96771e-06
0.00172477
1.03175e-05
0.00172519
1.06722e-05
0.00172562
1.10313e-05
0.00172606
1.13941e-05
0.00172651
1.17598e-05
0.00172697
1.21276e-05
0.00172743
1.24969e-05
0.0017279
1.28667e-05
0.00172837
1.32363e-05
0.00172884
1.36049e-05
0.00172931
1.39717e-05
0.00172979
1.43359e-05
0.00173026
1.4697e-05
0.00173073
1.50541e-05
0.0017312
1.54068e-05
0.00173167
1.57546e-05
0.00173213
1.60969e-05
0.00173258
1.64336e-05
0.00173303
1.67643e-05
0.00173347
1.70889e-05
0.00173391
1.74073e-05
0.00173433
1.77195e-05
0.00173474
1.80258e-05
0.00173515
1.83261e-05
0.00173555
1.86208e-05
0.00173593
1.89103e-05
0.00173631
1.91947e-05
0.00173668
1.94746e-05
0.00173703
1.97504e-05
0.00173738
2.00225e-05
0.00173772
2.02913e-05
0.00173805
2.05573e-05
0.00173838
2.0821e-05
0.00173869
2.10829e-05
0.001739
2.13433e-05
0.0017393
2.16028e-05
0.00173959
2.18617e-05
0.00173988
2.21205e-05
0.00174016
2.23796e-05
0.00174044
2.26395e-05
0.00174071
2.29004e-05
0.00174098
2.31629e-05
0.00174124
2.34274e-05
0.0017415
2.36943e-05
0.00174175
2.39639e-05
0.001742
2.42369e-05
0.00174225
2.45136e-05
0.00174249
2.47947e-05
0.00174273
2.50806e-05
0.00174297
2.53721e-05
0.00174321
2.56697e-05
0.00174345
2.59744e-05
0.00174368
2.62869e-05
0.00174391
2.66082e-05
0.00174414
2.69396e-05
0.00174437
2.72824e-05
0.00174459
2.76382e-05
0.00174481
2.80089e-05
0.00174503
2.83969e-05
0.00174525
2.8805e-05
0.00174547
2.92369e-05
0.00174568
2.96976e-05
0.00174589
3.01934e-05
0.00174609
3.07334e-05
0.00174628
3.13303e-05
0.00174648
3.20016e-05
3.27655e-05
0.00176903
4.03756e-06
0.0017692
4.20765e-06
0.00176937
4.38474e-06
0.00176955
4.56902e-06
0.00176974
4.76069e-06
0.00176994
4.95993e-06
0.00177014
5.1669e-06
0.00177036
5.38177e-06
0.00177059
5.60467e-06
0.00177083
5.83572e-06
0.00177108
6.07502e-06
0.00177134
6.32264e-06
0.00177161
6.57861e-06
0.00177189
6.84295e-06
0.00177219
7.11563e-06
0.00177249
7.39657e-06
0.00177281
7.68567e-06
0.00177314
7.98277e-06
0.00177348
8.28767e-06
0.00177384
8.6001e-06
0.0017742
8.91978e-06
0.00177458
9.24633e-06
0.00177497
9.57934e-06
0.00177537
9.91835e-06
0.00177578
1.02628e-05
0.0017762
1.06122e-05
0.00177662
1.09659e-05
0.00177706
1.13233e-05
0.0017775
1.16836e-05
0.00177795
1.20462e-05
0.00177841
1.24102e-05
0.00177887
1.27751e-05
0.00177934
1.31399e-05
0.00177981
1.35041e-05
0.00178027
1.38668e-05
0.00178074
1.42273e-05
0.00178121
1.45851e-05
0.00178168
1.49395e-05
0.00178214
1.529e-05
0.00178261
1.56361e-05
0.00178306
1.59774e-05
0.00178351
1.63136e-05
0.00178396
1.66444e-05
0.00178439
1.69698e-05
0.00178482
1.72895e-05
0.00178525
1.76038e-05
0.00178566
1.79125e-05
0.00178607
1.82159e-05
0.00178646
1.85142e-05
0.00178685
1.88076e-05
0.00178723
1.90965e-05
0.0017876
1.93811e-05
0.00178796
1.9662e-05
0.00178831
1.99394e-05
0.00178865
2.02138e-05
0.00178899
2.04856e-05
0.00178931
2.07552e-05
0.00178964
2.10231e-05
0.00178995
2.12896e-05
0.00179025
2.15552e-05
0.00179055
2.18204e-05
0.00179085
2.20855e-05
0.00179114
2.2351e-05
0.00179142
2.26172e-05
0.0017917
2.28846e-05
0.00179197
2.31536e-05
0.00179224
2.34247e-05
0.00179251
2.36983e-05
0.00179277
2.39748e-05
0.00179303
2.42549e-05
0.00179328
2.45391e-05
0.00179354
2.48278e-05
0.00179379
2.51219e-05
0.00179404
2.5422e-05
0.00179428
2.57288e-05
0.00179452
2.60434e-05
0.00179477
2.63668e-05
0.00179501
2.67002e-05
0.00179524
2.7045e-05
0.00179548
2.74028e-05
0.00179571
2.77756e-05
0.00179594
2.81659e-05
0.00179617
2.85766e-05
0.0017964
2.90116e-05
0.00179662
2.94757e-05
0.00179684
2.99756e-05
0.00179705
3.052e-05
0.00179726
3.11212e-05
0.00179746
3.17955e-05
3.25592e-05
0.0018213
3.88469e-06
0.00182146
4.04734e-06
0.00182163
4.21666e-06
0.0018218
4.39286e-06
0.00182199
4.57611e-06
0.00182218
4.7666e-06
0.00182238
4.9645e-06
0.0018226
5.16998e-06
0.00182282
5.38317e-06
0.00182305
5.60422e-06
0.00182329
5.83322e-06
0.00182354
6.07027e-06
0.00182381
6.31543e-06
0.00182408
6.56874e-06
0.00182437
6.8302e-06
0.00182466
7.09977e-06
0.00182497
7.37738e-06
0.00182529
7.66294e-06
0.00182562
7.95627e-06
0.00182597
8.2572e-06
0.00182632
8.56547e-06
0.00182669
8.88078e-06
0.00182706
9.20281e-06
0.00182745
9.53114e-06
0.00182785
9.86534e-06
0.00182825
1.02049e-05
0.00182867
1.05494e-05
0.0018291
1.08981e-05
0.00182953
1.12504e-05
0.00182997
1.16058e-05
0.00183042
1.19635e-05
0.00183087
1.23229e-05
0.00183132
1.26832e-05
0.00183178
1.30438e-05
0.00183225
1.34039e-05
0.00183271
1.3763e-05
0.00183318
1.41202e-05
0.00183364
1.44752e-05
0.0018341
1.48272e-05
0.00183456
1.51758e-05
0.00183502
1.55205e-05
0.00183547
1.5861e-05
0.00183592
1.61969e-05
0.00183636
1.6528e-05
0.0018368
1.68542e-05
0.00183723
1.71754e-05
0.00183765
1.74916e-05
0.00183806
1.78028e-05
0.00183847
1.81091e-05
0.00183886
1.84108e-05
0.00183925
1.8708e-05
0.00183963
1.9001e-05
0.00184
1.92902e-05
0.00184037
1.95758e-05
0.00184072
1.98582e-05
0.00184107
2.01379e-05
0.00184141
2.04151e-05
0.00184174
2.06903e-05
0.00184207
2.09639e-05
0.00184239
2.12362e-05
0.0018427
2.15077e-05
0.00184301
2.17789e-05
0.00184331
2.205e-05
0.0018436
2.23216e-05
0.00184389
2.2594e-05
0.00184418
2.28677e-05
0.00184446
2.31431e-05
0.00184474
2.34207e-05
0.00184501
2.37011e-05
0.00184528
2.39846e-05
0.00184555
2.42719e-05
0.00184581
2.45637e-05
0.00184608
2.48605e-05
0.00184633
2.5163e-05
0.00184659
2.54723e-05
0.00184685
2.57891e-05
0.0018471
2.61146e-05
0.00184735
2.645e-05
0.0018476
2.67968e-05
0.00184784
2.71566e-05
0.00184809
2.75315e-05
0.00184833
2.79241e-05
0.00184857
2.83374e-05
0.0018488
2.87752e-05
0.00184904
2.92425e-05
0.00184927
2.9746e-05
0.00184949
3.02942e-05
0.00184971
3.08988e-05
0.00184993
3.15751e-05
3.23377e-05
0.00187509
3.73474e-06
0.00187525
3.89027e-06
0.00187541
4.05218e-06
0.00187558
4.22065e-06
0.00187576
4.39587e-06
0.00187595
4.57802e-06
0.00187615
4.76726e-06
0.00187636
4.96378e-06
0.00187657
5.16771e-06
0.0018768
5.3792e-06
0.00187703
5.59837e-06
0.00187728
5.82532e-06
0.00187753
6.06014e-06
0.0018778
6.30288e-06
0.00187807
6.55356e-06
0.00187836
6.8122e-06
0.00187866
7.07875e-06
0.00187897
7.35315e-06
0.00187929
7.63529e-06
0.00187962
7.92502e-06
0.00187997
8.22215e-06
0.00188032
8.52646e-06
0.00188069
8.83765e-06
0.00188106
9.1554e-06
0.00188145
9.47933e-06
0.00188184
9.80904e-06
0.00188225
1.0144e-05
0.00188266
1.04839e-05
0.00188309
1.08279e-05
0.00188352
1.11757e-05
0.00188395
1.15265e-05
0.0018844
1.18798e-05
0.00188484
1.22348e-05
0.0018853
1.25911e-05
0.00188575
1.29478e-05
0.00188621
1.33043e-05
0.00188667
1.36601e-05
0.00188713
1.40145e-05
0.00188759
1.43669e-05
0.00188805
1.47168e-05
0.00188851
1.50638e-05
0.00188896
1.54074e-05
0.00188941
1.57472e-05
0.00188986
1.6083e-05
0.0018903
1.64145e-05
0.00189073
1.67417e-05
0.00189116
1.70643e-05
0.00189158
1.73823e-05
0.00189199
1.76959e-05
0.0018924
1.8005e-05
0.0018928
1.83099e-05
0.00189319
1.86107e-05
0.00189357
1.89076e-05
0.00189394
1.9201e-05
0.00189431
1.94911e-05
0.00189467
1.97783e-05
0.00189502
2.00629e-05
0.00189537
2.03452e-05
0.00189571
2.06257e-05
0.00189604
2.09047e-05
0.00189636
2.11825e-05
0.00189668
2.14597e-05
0.00189699
2.17365e-05
0.0018973
2.20135e-05
0.00189761
2.2291e-05
0.0018979
2.25694e-05
0.0018982
2.28493e-05
0.00189849
2.31311e-05
0.00189877
2.34153e-05
0.00189906
2.37024e-05
0.00189933
2.3993e-05
0.00189961
2.42878e-05
0.00189988
2.45874e-05
0.00190015
2.48927e-05
0.00190042
2.52043e-05
0.00190069
2.55235e-05
0.00190095
2.58511e-05
0.00190121
2.61886e-05
0.00190147
2.65374e-05
0.00190173
2.68993e-05
0.00190198
2.72763e-05
0.00190224
2.76711e-05
0.00190249
2.80868e-05
0.00190274
2.85272e-05
0.00190298
2.89975e-05
0.00190322
2.95041e-05
0.00190346
3.00555e-05
0.0019037
3.06627e-05
0.00190393
3.134e-05
3.21006e-05
0.00193045
3.58777e-06
0.00193061
3.7365e-06
0.00193077
3.89131e-06
0.00193093
4.0524e-06
0.00193111
4.21994e-06
0.00193129
4.39411e-06
0.00193149
4.57509e-06
0.00193169
4.76304e-06
0.0019319
4.95812e-06
0.00193212
5.16047e-06
0.00193234
5.37024e-06
0.00193258
5.58752e-06
0.00193283
5.81242e-06
0.00193309
6.04501e-06
0.00193336
6.28535e-06
0.00193363
6.53347e-06
0.00193392
6.78935e-06
0.00193422
7.05297e-06
0.00193453
7.32426e-06
0.00193486
7.60311e-06
0.00193519
7.88939e-06
0.00193553
8.1829e-06
0.00193589
8.48343e-06
0.00193625
8.79071e-06
0.00193663
9.10442e-06
0.00193701
9.42422e-06
0.00193741
9.74971e-06
0.00193781
1.00804e-05
0.00193822
1.04159e-05
0.00193864
1.07557e-05
0.00193907
1.10992e-05
0.0019395
1.14458e-05
0.00193994
1.1795e-05
0.00194039
1.21461e-05
0.00194084
1.24986e-05
0.00194129
1.28518e-05
0.00194174
1.32051e-05
0.0019422
1.35579e-05
0.00194266
1.39097e-05
0.00194311
1.42599e-05
0.00194357
1.4608e-05
0.00194402
1.49535e-05
0.00194448
1.52962e-05
0.00194492
1.56355e-05
0.00194537
1.59713e-05
0.0019458
1.63033e-05
0.00194624
1.66314e-05
0.00194666
1.69553e-05
0.00194708
1.72752e-05
0.0019475
1.7591e-05
0.00194791
1.79028e-05
0.00194831
1.82107e-05
0.0019487
1.85149e-05
0.00194908
1.88155e-05
0.00194946
1.91129e-05
0.00194983
1.94073e-05
0.0019502
1.96989e-05
0.00195055
1.99881e-05
0.0019509
2.02753e-05
0.00195125
2.05607e-05
0.00195159
2.08448e-05
0.00195192
2.1128e-05
0.00195224
2.14105e-05
0.00195256
2.16928e-05
0.00195288
2.19754e-05
0.00195319
2.22587e-05
0.0019535
2.25431e-05
0.0019538
2.28291e-05
0.0019541
2.31172e-05
0.00195439
2.3408e-05
0.00195468
2.3702e-05
0.00195497
2.39999e-05
0.00195526
2.43025e-05
0.00195554
2.46104e-05
0.00195582
2.49246e-05
0.0019561
2.52461e-05
0.00195637
2.55759e-05
0.00195664
2.59155e-05
0.00195691
2.62664e-05
0.00195718
2.66303e-05
0.00195745
2.70094e-05
0.00195771
2.74063e-05
0.00195798
2.78243e-05
0.00195824
2.82672e-05
0.00195849
2.874e-05
0.00195875
2.92493e-05
0.001959
2.98031e-05
0.00195925
3.04121e-05
0.0019595
3.10895e-05
3.18473e-05
0.00198743
3.44386e-06
0.00198758
3.58606e-06
0.00198774
3.73407e-06
0.0019879
3.88808e-06
0.00198808
4.04827e-06
0.00198826
4.21481e-06
0.00198844
4.38787e-06
0.00198864
4.56763e-06
0.00198884
4.75423e-06
0.00198906
4.94784e-06
0.00198928
5.14859e-06
0.00198951
5.35661e-06
0.00198975
5.57199e-06
0.00199
5.79485e-06
0.00199026
6.02524e-06
0.00199053
6.26322e-06
0.00199081
6.50881e-06
0.0019911
6.76201e-06
0.0019914
7.02278e-06
0.00199171
7.29106e-06
0.00199204
7.56674e-06
0.00199237
7.8497e-06
0.00199271
8.13976e-06
0.00199307
8.43669e-06
0.00199343
8.74025e-06
0.00199381
9.05015e-06
0.00199419
9.36604e-06
0.00199458
9.68756e-06
0.00199498
1.00143e-05
0.00199539
1.03458e-05
0.00199581
1.06815e-05
0.00199624
1.1021e-05
0.00199667
1.13638e-05
0.0019971
1.17092e-05
0.00199755
1.20567e-05
0.00199799
1.24057e-05
0.00199844
1.27557e-05
0.00199889
1.3106e-05
0.00199935
1.34562e-05
0.0019998
1.38056e-05
0.00200026
1.41538e-05
0.00200071
1.45003e-05
0.00200116
1.48446e-05
0.00200161
1.51864e-05
0.00200205
1.55254e-05
0.0020025
1.58612e-05
0.00200293
1.61937e-05
0.00200337
1.65227e-05
0.00200379
1.6848e-05
0.00200422
1.71696e-05
0.00200463
1.74875e-05
0.00200504
1.78018e-05
0.00200544
1.81126e-05
0.00200584
1.84199e-05
0.00200623
1.8724e-05
0.00200661
1.90251e-05
0.00200698
1.93234e-05
0.00200735
1.96193e-05
0.00200772
1.99129e-05
0.00200807
2.02046e-05
0.00200842
2.04948e-05
0.00200877
2.07837e-05
0.0020091
2.10719e-05
0.00200944
2.13596e-05
0.00200977
2.16473e-05
0.00201009
2.19353e-05
0.00201041
2.22243e-05
0.00201072
2.25145e-05
0.00201103
2.28066e-05
0.00201134
2.31011e-05
0.00201164
2.33986e-05
0.00201194
2.36997e-05
0.00201224
2.40053e-05
0.00201254
2.43159e-05
0.00201283
2.46327e-05
0.00201312
2.49566e-05
0.0020134
2.52887e-05
0.00201369
2.56304e-05
0.00201397
2.59833e-05
0.00201425
2.63492e-05
0.00201453
2.67303e-05
0.00201481
2.71293e-05
0.00201508
2.75493e-05
0.00201536
2.79944e-05
0.00201563
2.84695e-05
0.0020159
2.89809e-05
0.00201616
2.95367e-05
0.00201643
3.01467e-05
0.00201669
3.08233e-05
3.15776e-05
0.00204608
3.30304e-06
0.00204623
3.43898e-06
0.00204638
3.58047e-06
0.00204654
3.7277e-06
0.00204671
3.88084e-06
0.00204689
4.04006e-06
0.00204707
4.20554e-06
0.00204726
4.37744e-06
0.00204746
4.55592e-06
0.00204766
4.74115e-06
0.00204788
4.93325e-06
0.0020481
5.13237e-06
0.00204834
5.33862e-06
0.00204858
5.55211e-06
0.00204883
5.77293e-06
0.00204909
6.00114e-06
0.00204937
6.23679e-06
0.00204965
6.47991e-06
0.00204994
6.73048e-06
0.00205024
6.98848e-06
0.00205056
7.25384e-06
0.00205088
7.52648e-06
0.00205121
7.80624e-06
0.00205156
8.09298e-06
0.00205191
8.38648e-06
0.00205227
8.68651e-06
0.00205265
8.99279e-06
0.00205303
9.30499e-06
0.00205342
9.62276e-06
0.00205382
9.94571e-06
0.00205423
1.02734e-05
0.00205464
1.06054e-05
0.00205507
1.09412e-05
0.0020555
1.12804e-05
0.00205593
1.16223e-05
0.00205637
1.19664e-05
0.00205681
1.23123e-05
0.00205726
1.26593e-05
0.00205771
1.30069e-05
0.00205816
1.33546e-05
0.00205861
1.37019e-05
0.00205906
1.40482e-05
0.00205952
1.43933e-05
0.00205997
1.47365e-05
0.00206041
1.50776e-05
0.00206086
1.54163e-05
0.0020613
1.57522e-05
0.00206174
1.60851e-05
0.00206217
1.6415e-05
0.0020626
1.67415e-05
0.00206302
1.70648e-05
0.00206344
1.73847e-05
0.00206385
1.77013e-05
0.00206425
1.80147e-05
0.00206465
1.8325e-05
0.00206505
1.86324e-05
0.00206543
1.89369e-05
0.00206581
1.9239e-05
0.00206619
1.95387e-05
0.00206656
1.98365e-05
0.00206692
2.01325e-05
0.00206727
2.04272e-05
0.00206763
2.07208e-05
0.00206797
2.10137e-05
0.00206831
2.13064e-05
0.00206865
2.15993e-05
0.00206898
2.18927e-05
0.00206931
2.21872e-05
0.00206963
2.24833e-05
0.00206995
2.27815e-05
0.00207027
2.30825e-05
0.00207058
2.33869e-05
0.00207089
2.36954e-05
0.0020712
2.40089e-05
0.0020715
2.43283e-05
0.0020718
2.46546e-05
0.0020721
2.49889e-05
0.0020724
2.53328e-05
0.00207269
2.56877e-05
0.00207299
2.60556e-05
0.00207328
2.64386e-05
0.00207357
2.68395e-05
0.00207386
2.72614e-05
0.00207414
2.77084e-05
0.00207443
2.81853e-05
0.00207471
2.86985e-05
0.00207499
2.92554e-05
0.00207527
2.98657e-05
0.00207556
3.05408e-05
3.12908e-05
0.00210645
3.16537e-06
0.0021066
3.29529e-06
0.00210675
3.43052e-06
0.0021069
3.57124e-06
0.00210707
3.71761e-06
0.00210724
3.86981e-06
0.00210741
4.02801e-06
0.0021076
4.19238e-06
0.00210779
4.36307e-06
0.00210799
4.54024e-06
0.0021082
4.72404e-06
0.00210842
4.91461e-06
0.00210865
5.11207e-06
0.00210888
5.31655e-06
0.00210913
5.52814e-06
0.00210938
5.74693e-06
0.00210964
5.97298e-06
0.00210992
6.20634e-06
0.0021102
6.44702e-06
0.0021105
6.69503e-06
0.0021108
6.95033e-06
0.00211111
7.21287e-06
0.00211144
7.48254e-06
0.00211177
7.75924e-06
0.00211211
8.04279e-06
0.00211247
8.33301e-06
0.00211283
8.62966e-06
0.0021132
8.93248e-06
0.00211358
9.24118e-06
0.00211397
9.5554e-06
0.00211437
9.87479e-06
0.00211478
1.01989e-05
0.00211519
1.05274e-05
0.00211561
1.08598e-05
0.00211604
1.11955e-05
0.00211647
1.15341e-05
0.00211691
1.18752e-05
0.00211735
1.22181e-05
0.0021178
1.25623e-05
0.00211824
1.29074e-05
0.00211869
1.32528e-05
0.00211914
1.35981e-05
0.00211959
1.39428e-05
0.00212004
1.42865e-05
0.00212049
1.46288e-05
0.00212094
1.49692e-05
0.00212138
1.53076e-05
0.00212182
1.56436e-05
0.00212226
1.5977e-05
0.0021227
1.63076e-05
0.00212313
1.66353e-05
0.00212355
1.69601e-05
0.00212397
1.72818e-05
0.00212438
1.76006e-05
0.00212479
1.79165e-05
0.0021252
1.82295e-05
0.00212559
1.85398e-05
0.00212598
1.88476e-05
0.00212637
1.91531e-05
0.00212675
1.94566e-05
0.00212712
1.97582e-05
0.00212749
2.00583e-05
0.00212786
2.03572e-05
0.00212821
2.06553e-05
0.00212857
2.09529e-05
0.00212892
2.12504e-05
0.00212926
2.15483e-05
0.0021296
2.1847e-05
0.00212994
2.21471e-05
0.00213027
2.2449e-05
0.0021306
2.27535e-05
0.00213093
2.30611e-05
0.00213125
2.33727e-05
0.00213157
2.3689e-05
0.00213189
2.40109e-05
0.0021322
2.43396e-05
0.00213251
2.46763e-05
0.00213282
2.50222e-05
0.00213313
2.53791e-05
0.00213344
2.57488e-05
0.00213374
2.61337e-05
0.00213405
2.65363e-05
0.00213435
2.69599e-05
0.00213465
2.74085e-05
0.00213495
2.78869e-05
0.00213524
2.84012e-05
0.00213554
2.89588e-05
0.00213584
2.95686e-05
0.00213614
3.02414e-05
3.09865e-05
0.0021686
3.0309e-06
0.00216874
3.15503e-06
0.00216888
3.28424e-06
0.00216903
3.4187e-06
0.00216919
3.55857e-06
0.00216936
3.70403e-06
0.00216953
3.85523e-06
0.00216971
4.01235e-06
0.0021699
4.17555e-06
0.00217009
4.34498e-06
0.0021703
4.5208e-06
0.00217051
4.70314e-06
0.00217073
4.89215e-06
0.00217096
5.08795e-06
0.0021712
5.29064e-06
0.00217144
5.50033e-06
0.0021717
5.71709e-06
0.00217196
5.941e-06
0.00217224
6.17209e-06
0.00217252
6.41038e-06
0.00217282
6.65588e-06
0.00217312
6.90854e-06
0.00217344
7.16833e-06
0.00217376
7.43514e-06
0.00217409
7.70886e-06
0.00217444
7.98934e-06
0.00217479
8.2764e-06
0.00217515
8.56982e-06
0.00217553
8.86934e-06
0.00217591
9.17469e-06
0.0021763
9.48554e-06
0.00217669
9.80155e-06
0.0021771
1.01223e-05
0.00217751
1.04475e-05
0.00217793
1.07765e-05
0.00217835
1.11091e-05
0.00217878
1.14446e-05
0.00217922
1.17827e-05
0.00217966
1.21228e-05
0.0021801
1.24645e-05
0.00218055
1.28072e-05
0.002181
1.31506e-05
0.00218144
1.3494e-05
0.00218189
1.38371e-05
0.00218234
1.41795e-05
0.00218279
1.45208e-05
0.00218324
1.48606e-05
0.00218368
1.51987e-05
0.00218413
1.55347e-05
0.00218456
1.58685e-05
0.002185
1.61999e-05
0.00218543
1.65286e-05
0.00218586
1.68548e-05
0.00218628
1.71782e-05
0.0021867
1.74989e-05
0.00218711
1.7817e-05
0.00218752
1.81326e-05
0.00218792
1.84457e-05
0.00218832
1.87565e-05
0.00218871
1.90652e-05
0.00218909
1.93721e-05
0.00218947
1.96774e-05
0.00218985
1.99813e-05
0.00219022
2.02843e-05
0.00219059
2.05866e-05
0.00219095
2.08887e-05
0.00219131
2.11909e-05
0.00219166
2.14938e-05
0.00219201
2.17977e-05
0.00219236
2.21034e-05
0.0021927
2.24113e-05
0.00219304
2.27221e-05
0.00219337
2.30367e-05
0.00219371
2.33558e-05
0.00219404
2.36803e-05
0.00219436
2.40114e-05
0.00219469
2.43502e-05
0.00219501
2.46982e-05
0.00219534
2.5057e-05
0.00219566
2.54285e-05
0.00219598
2.5815e-05
0.00219629
2.62192e-05
0.00219661
2.66442e-05
0.00219692
2.70941e-05
0.00219724
2.75736e-05
0.00219755
2.80886e-05
0.00219786
2.86461e-05
0.00219817
2.92548e-05
0.00219849
2.99245e-05
3.06641e-05
0.00223256
2.89966e-06
0.0022327
3.01822e-06
0.00223284
3.14163e-06
0.00223299
3.27007e-06
0.00223315
3.40369e-06
0.00223331
3.54265e-06
0.00223348
3.68713e-06
0.00223365
3.83729e-06
0.00223383
3.99328e-06
0.00223402
4.15526e-06
0.00223422
4.32339e-06
0.00223443
4.49782e-06
0.00223464
4.67868e-06
0.00223486
4.8661e-06
0.00223509
5.0602e-06
0.00223533
5.2611e-06
0.00223558
5.46888e-06
0.00223584
5.68363e-06
0.0022361
5.9054e-06
0.00223638
6.13425e-06
0.00223667
6.37018e-06
0.00223696
6.61321e-06
0.00223727
6.86329e-06
0.00223758
7.12039e-06
0.00223791
7.38441e-06
0.00223824
7.65525e-06
0.00223858
7.93276e-06
0.00223894
8.21677e-06
0.0022393
8.50707e-06
0.00223967
8.80342e-06
0.00224005
9.10557e-06
0.00224044
9.41319e-06
0.00224083
9.72596e-06
0.00224124
1.00435e-05
0.00224165
1.03655e-05
0.00224207
1.06914e-05
0.00224249
1.1021e-05
0.00224292
1.13536e-05
0.00224335
1.16889e-05
0.00224379
1.20264e-05
0.00224423
1.23656e-05
0.00224468
1.27061e-05
0.00224512
1.30474e-05
0.00224557
1.3389e-05
0.00224602
1.37306e-05
0.00224647
1.40718e-05
0.00224692
1.44121e-05
0.00224737
1.47513e-05
0.00224781
1.50891e-05
0.00224826
1.54251e-05
0.0022487
1.57592e-05
0.00224913
1.60911e-05
0.00224957
1.64208e-05
0.00225
1.67481e-05
0.00225042
1.70731e-05
0.00225084
1.73956e-05
0.00225126
1.77157e-05
0.00225167
1.80336e-05
0.00225208
1.83492e-05
0.00225248
1.86628e-05
0.00225288
1.89745e-05
0.00225327
1.92846e-05
0.00225366
1.95933e-05
0.00225405
1.99009e-05
0.00225442
2.02077e-05
0.0022548
2.05142e-05
0.00225517
2.08206e-05
0.00225554
2.11274e-05
0.0022559
2.14352e-05
0.00225626
2.17444e-05
0.00225661
2.20557e-05
0.00225696
2.23697e-05
0.00225731
2.26872e-05
0.00225766
2.3009e-05
0.00225801
2.33361e-05
0.00225835
2.36695e-05
0.00225869
2.40104e-05
0.00225903
2.43604e-05
0.00225936
2.4721e-05
0.0022597
2.50941e-05
0.00226003
2.54821e-05
0.00226036
2.58876e-05
0.00226069
2.63138e-05
0.00226102
2.67647e-05
0.00226135
2.72449e-05
0.00226168
2.776e-05
0.00226201
2.83169e-05
0.00226234
2.89236e-05
0.00226267
2.95897e-05
3.0323e-05
0.00229842
2.77169e-06
0.00229855
2.88487e-06
0.00229869
3.00271e-06
0.00229883
3.12534e-06
0.00229898
3.25294e-06
0.00229914
3.38566e-06
0.0022993
3.52366e-06
0.00229947
3.6671e-06
0.00229965
3.81615e-06
0.00229984
3.97097e-06
0.00230003
4.13169e-06
0.00230023
4.29848e-06
0.00230043
4.47148e-06
0.00230065
4.65081e-06
0.00230087
4.83662e-06
0.0023011
5.02901e-06
0.00230135
5.22809e-06
0.00230159
5.43396e-06
0.00230185
5.64669e-06
0.00230212
5.86635e-06
0.0023024
6.09296e-06
0.00230269
6.32657e-06
0.00230298
6.56716e-06
0.00230329
6.81471e-06
0.0023036
7.06917e-06
0.00230393
7.33046e-06
0.00230426
7.59849e-06
0.0023046
7.87311e-06
0.00230496
8.15416e-06
0.00230532
8.44144e-06
0.00230569
8.73473e-06
0.00230607
9.03378e-06
0.00230646
9.33829e-06
0.00230685
9.64795e-06
0.00230726
9.96242e-06
0.00230767
1.02813e-05
0.00230808
1.06043e-05
0.00230851
1.09309e-05
0.00230893
1.12607e-05
0.00230937
1.15934e-05
0.0023098
1.19283e-05
0.00231025
1.22652e-05
0.00231069
1.26035e-05
0.00231114
1.29428e-05
0.00231158
1.32827e-05
0.00231203
1.36229e-05
0.00231248
1.39628e-05
0.00231293
1.43022e-05
0.00231338
1.46407e-05
0.00231383
1.49781e-05
0.00231427
1.5314e-05
0.00231471
1.56482e-05
0.00231515
1.59807e-05
0.00231559
1.63111e-05
0.00231602
1.66395e-05
0.00231645
1.69657e-05
0.00231688
1.72898e-05
0.0023173
1.76118e-05
0.00231772
1.79317e-05
0.00231813
1.82496e-05
0.00231854
1.85658e-05
0.00231895
1.88803e-05
0.00231935
1.91934e-05
0.00231974
1.95053e-05
0.00232013
1.98163e-05
0.00232052
2.01269e-05
0.0023209
2.04372e-05
0.00232128
2.07479e-05
0.00232166
2.10593e-05
0.00232203
2.1372e-05
0.0023224
2.16865e-05
0.00232277
2.20035e-05
0.00232313
2.23239e-05
0.00232349
2.26483e-05
0.00232385
2.29778e-05
0.0023242
2.33134e-05
0.00232456
2.36564e-05
0.00232491
2.40082e-05
0.00232526
2.43705e-05
0.00232561
2.47451e-05
0.00232596
2.51344e-05
0.0023263
2.5541e-05
0.00232665
2.59681e-05
0.002327
2.64196e-05
0.00232734
2.68999e-05
0.00232769
2.74147e-05
0.00232803
2.79703e-05
0.00232838
2.85745e-05
0.00232874
2.92361e-05
2.99627e-05
0.00236621
2.647e-06
0.00236634
2.75501e-06
0.00236647
2.86747e-06
0.00236661
2.98451e-06
0.00236676
3.1063e-06
0.00236691
3.233e-06
0.00236707
3.36476e-06
0.00236724
3.50174e-06
0.00236741
3.6441e-06
0.00236759
3.79199e-06
0.00236777
3.94557e-06
0.00236797
4.10499e-06
0.00236817
4.2704e-06
0.00236838
4.44192e-06
0.00236859
4.61971e-06
0.00236882
4.80387e-06
0.00236905
4.99453e-06
0.00236929
5.19178e-06
0.00236954
5.39572e-06
0.0023698
5.60643e-06
0.00237007
5.82396e-06
0.00237035
6.04836e-06
0.00237064
6.27965e-06
0.00237094
6.51783e-06
0.00237124
6.76287e-06
0.00237156
7.01474e-06
0.00237188
7.27336e-06
0.00237222
7.53863e-06
0.00237256
7.81042e-06
0.00237291
8.08858e-06
0.00237328
8.37292e-06
0.00237365
8.66323e-06
0.00237403
8.95927e-06
0.00237441
9.26076e-06
0.00237481
9.56741e-06
0.00237521
9.87889e-06
0.00237562
1.01948e-05
0.00237604
1.05149e-05
0.00237646
1.08387e-05
0.00237689
1.11658e-05
0.00237732
1.14958e-05
0.00237775
1.18283e-05
0.0023782
1.21629e-05
0.00237864
1.24991e-05
0.00237909
1.28365e-05
0.00237953
1.31747e-05
0.00237998
1.35133e-05
0.00238043
1.3852e-05
0.00238088
1.41904e-05
0.00238133
1.45282e-05
0.00238178
1.4865e-05
0.00238223
1.52007e-05
0.00238268
1.5535e-05
0.00238312
1.58678e-05
0.00238356
1.61988e-05
0.002384
1.65281e-05
0.00238443
1.68554e-05
0.00238486
1.71809e-05
0.00238529
1.75044e-05
0.00238571
1.78262e-05
0.00238613
1.81462e-05
0.00238655
1.84647e-05
0.00238696
1.87817e-05
0.00238737
1.90976e-05
0.00238777
1.94125e-05
0.00238817
1.97269e-05
0.00238857
2.00409e-05
0.00238896
2.03552e-05
0.00238935
2.067e-05
0.00238974
2.09859e-05
0.00239012
2.13035e-05
0.0023905
2.16235e-05
0.00239088
2.19465e-05
0.00239125
2.22735e-05
0.00239162
2.26052e-05
0.00239199
2.2943e-05
0.00239236
2.32879e-05
0.00239273
2.36414e-05
0.00239309
2.40051e-05
0.00239346
2.4381e-05
0.00239382
2.47714e-05
0.00239418
2.51788e-05
0.00239455
2.56065e-05
0.00239491
2.60582e-05
0.00239527
2.65382e-05
0.00239563
2.7052e-05
0.002396
2.76058e-05
0.00239636
2.82068e-05
0.00239674
2.88633e-05
2.95824e-05
0.00243599
2.52562e-06
0.00243612
2.62864e-06
0.00243625
2.7359e-06
0.00243639
2.84755e-06
0.00243653
2.96375e-06
0.00243668
3.08464e-06
0.00243683
3.21037e-06
0.002437
3.34112e-06
0.00243716
3.47702e-06
0.00243734
3.61824e-06
0.00243752
3.76493e-06
0.0024377
3.91723e-06
0.0024379
4.0753e-06
0.0024381
4.23928e-06
0.00243831
4.40929e-06
0.00243853
4.58549e-06
0.00243876
4.76797e-06
0.00243899
4.95687e-06
0.00243924
5.15227e-06
0.00243949
5.35427e-06
0.00243975
5.56294e-06
0.00244002
5.77835e-06
0.0024403
6.00053e-06
0.00244059
6.22951e-06
0.00244088
6.46529e-06
0.00244119
6.70785e-06
0.00244151
6.95715e-06
0.00244183
7.21312e-06
0.00244217
7.47567e-06
0.00244251
7.74468e-06
0.00244286
8.02e-06
0.00244323
8.30145e-06
0.0024436
8.58885e-06
0.00244398
8.88194e-06
0.00244436
9.18048e-06
0.00244476
9.48417e-06
0.00244516
9.79272e-06
0.00244557
1.01058e-05
0.00244598
1.0423e-05
0.00244641
1.0744e-05
0.00244683
1.10685e-05
0.00244727
1.13959e-05
0.0024477
1.1726e-05
0.00244814
1.20583e-05
0.00244859
1.23924e-05
0.00244903
1.27278e-05
0.00244948
1.30643e-05
0.00244993
1.34014e-05
0.00245038
1.37388e-05
0.00245084
1.40761e-05
0.00245129
1.4413e-05
0.00245174
1.47493e-05
0.00245219
1.50847e-05
0.00245264
1.54189e-05
0.00245309
1.57518e-05
0.00245353
1.60832e-05
0.00245397
1.64131e-05
0.00245441
1.67414e-05
0.00245485
1.70679e-05
0.00245528
1.73929e-05
0.00245571
1.77163e-05
0.00245614
1.80381e-05
0.00245656
1.83587e-05
0.00245698
1.86781e-05
0.0024574
1.89965e-05
0.00245781
1.93143e-05
0.00245822
1.96318e-05
0.00245863
1.99493e-05
0.00245903
2.02672e-05
0.00245943
2.05862e-05
0.00245983
2.09067e-05
0.00246022
2.12293e-05
0.00246061
2.15549e-05
0.002461
2.18841e-05
0.00246139
2.2218e-05
0.00246177
2.25577e-05
0.00246216
2.29043e-05
0.00246254
2.32593e-05
0.00246292
2.36244e-05
0.0024633
2.40013e-05
0.00246368
2.43925e-05
0.00246406
2.48005e-05
0.00246443
2.52284e-05
0.00246481
2.56798e-05
0.00246519
2.61591e-05
0.00246557
2.66714e-05
0.00246596
2.72227e-05
0.00246634
2.78198e-05
0.00246674
2.84705e-05
2.91815e-05
0.00250784
2.40757e-06
0.00250796
2.50576e-06
0.00250809
2.60801e-06
0.00250823
2.71446e-06
0.00250836
2.82525e-06
0.00250851
2.94053e-06
0.00250866
3.06046e-06
0.00250881
3.18518e-06
0.00250898
3.31485e-06
0.00250914
3.44962e-06
0.00250932
3.58965e-06
0.0025095
3.73507e-06
0.00250969
3.88605e-06
0.00250989
4.04272e-06
0.00251009
4.20522e-06
0.0025103
4.37368e-06
0.00251052
4.54825e-06
0.00251075
4.72902e-06
0.00251099
4.91612e-06
0.00251123
5.10964e-06
0.00251149
5.30968e-06
0.00251175
5.5163e-06
0.00251202
5.72956e-06
0.0025123
5.94951e-06
0.00251259
6.17618e-06
0.00251289
6.40956e-06
0.00251319
6.64964e-06
0.00251351
6.89638e-06
0.00251384
7.14972e-06
0.00251417
7.40958e-06
0.00251452
7.67583e-06
0.00251487
7.94834e-06
0.00251523
8.22694e-06
0.0025156
8.51144e-06
0.00251598
8.80163e-06
0.00251637
9.09725e-06
0.00251676
9.39804e-06
0.00251716
9.70369e-06
0.00251757
1.00139e-05
0.00251799
1.03283e-05
0.00251841
1.06466e-05
0.00251884
1.09684e-05
0.00251927
1.12933e-05
0.00251971
1.1621e-05
0.00252015
1.19509e-05
0.00252059
1.22829e-05
0.00252104
1.26164e-05
0.00252149
1.29511e-05
0.00252194
1.32866e-05
0.0025224
1.36225e-05
0.00252285
1.39587e-05
0.00252331
1.42946e-05
0.00252376
1.46302e-05
0.00252422
1.4965e-05
0.00252467
1.5299e-05
0.00252512
1.56318e-05
0.00252557
1.59635e-05
0.00252602
1.62938e-05
0.00252646
1.66227e-05
0.0025269
1.69502e-05
0.00252734
1.72763e-05
0.00252778
1.76011e-05
0.00252822
1.79246e-05
0.00252865
1.8247e-05
0.00252907
1.85685e-05
0.0025295
1.88893e-05
0.00252992
1.92098e-05
0.00253034
1.95302e-05
0.00253076
1.9851e-05
0.00253117
2.01727e-05
0.00253158
2.04958e-05
0.00253199
2.08209e-05
0.0025324
2.11487e-05
0.0025328
2.14801e-05
0.0025332
2.18159e-05
0.0025336
2.21573e-05
0.002534
2.25054e-05
0.0025344
2.28617e-05
0.0025348
2.32277e-05
0.00253519
2.36055e-05
0.00253559
2.39972e-05
0.00253598
2.44054e-05
0.00253638
2.48331e-05
0.00253677
2.52839e-05
0.00253717
2.57619e-05
0.00253757
2.62722e-05
0.00253797
2.68203e-05
0.00253838
2.74128e-05
0.00253879
2.80571e-05
2.87594e-05
0.00258181
2.29283e-06
0.00258193
2.38637e-06
0.00258205
2.48378e-06
0.00258218
2.5852e-06
0.00258232
2.69077e-06
0.00258246
2.80064e-06
0.0025826
2.91495e-06
0.00258275
3.03386e-06
0.00258291
3.1575e-06
0.00258307
3.28605e-06
0.00258324
3.41963e-06
0.00258342
3.5584e-06
0.0025836
3.70251e-06
0.0025838
3.85211e-06
0.00258399
4.00732e-06
0.0025842
4.1683e-06
0.00258441
4.33517e-06
0.00258463
4.50805e-06
0.00258486
4.68707e-06
0.0025851
4.87234e-06
0.00258534
5.06395e-06
0.0025856
5.26198e-06
0.00258586
5.46652e-06
0.00258613
5.67762e-06
0.00258641
5.89532e-06
0.0025867
6.11966e-06
0.002587
6.35063e-06
0.00258731
6.58822e-06
0.00258763
6.8324e-06
0.00258796
7.08311e-06
0.00258829
7.34027e-06
0.00258864
7.60377e-06
0.00258899
7.87347e-06
0.00258935
8.14923e-06
0.00258972
8.43086e-06
0.0025901
8.71815e-06
0.00259049
9.01087e-06
0.00259088
9.30876e-06
0.00259129
9.61153e-06
0.0025917
9.91889e-06
0.00259211
1.02305e-05
0.00259253
1.05461e-05
0.00259296
1.08652e-05
0.0025934
1.11875e-05
0.00259383
1.15127e-05
0.00259428
1.18404e-05
0.00259472
1.21701e-05
0.00259517
1.25015e-05
0.00259562
1.28343e-05
0.00259608
1.31682e-05
0.00259653
1.35026e-05
0.00259699
1.38374e-05
0.00259745
1.41723e-05
0.00259791
1.45069e-05
0.00259837
1.48411e-05
0.00259882
1.51746e-05
0.00259928
1.55072e-05
0.00259973
1.58388e-05
0.00260019
1.61693e-05
0.00260064
1.64987e-05
0.00260109
1.68268e-05
0.00260154
1.71538e-05
0.00260198
1.74797e-05
0.00260242
1.78046e-05
0.00260286
1.81286e-05
0.0026033
1.8452e-05
0.00260373
1.87751e-05
0.00260417
1.90981e-05
0.0026046
1.94214e-05
0.00260502
1.97454e-05
0.00260545
2.00708e-05
0.00260587
2.0398e-05
0.00260629
2.07279e-05
0.00260671
2.1061e-05
0.00260713
2.13985e-05
0.00260754
2.17413e-05
0.00260796
2.20907e-05
0.00260837
2.2448e-05
0.00260879
2.28148e-05
0.0026092
2.31931e-05
0.00260961
2.3585e-05
0.00261002
2.39929e-05
0.00261044
2.44201e-05
0.00261085
2.48697e-05
0.00261127
2.5346e-05
0.00261168
2.58536e-05
0.00261211
2.6398e-05
0.00261253
2.69853e-05
0.00261297
2.76225e-05
2.83154e-05
0.00265796
2.18141e-06
0.00265808
2.27044e-06
0.0026582
2.36318e-06
0.00265832
2.45974e-06
0.00265846
2.56027e-06
0.00265859
2.6649e-06
0.00265873
2.77379e-06
0.00265888
2.88708e-06
0.00265903
3.0049e-06
0.00265919
3.12742e-06
0.00265935
3.25477e-06
0.00265953
3.3871e-06
0.0026597
3.52457e-06
0.00265989
3.66731e-06
0.00266008
3.81546e-06
0.00266028
3.96917e-06
0.00266049
4.12857e-06
0.0026607
4.29379e-06
0.00266092
4.46495e-06
0.00266115
4.64217e-06
0.00266139
4.82555e-06
0.00266164
5.0152e-06
0.00266189
5.2112e-06
0.00266216
5.41362e-06
0.00266243
5.62251e-06
0.00266271
5.83794e-06
0.002663
6.05991e-06
0.0026633
6.28844e-06
0.00266361
6.52352e-06
0.00266393
6.76512e-06
0.00266426
7.01318e-06
0.00266459
7.26762e-06
0.00266494
7.52835e-06
0.00266529
7.79524e-06
0.00266565
8.06815e-06
0.00266603
8.34689e-06
0.00266641
8.63127e-06
0.00266679
8.92107e-06
0.00266719
9.21603e-06
0.00266759
9.5159e-06
0.002668
9.82039e-06
0.00266842
1.01292e-05
0.00266884
1.04419e-05
0.00266927
1.07584e-05
0.00266971
1.10781e-05
0.00267014
1.14007e-05
0.00267059
1.1726e-05
0.00267104
1.20534e-05
0.00267149
1.23827e-05
0.00267194
1.27135e-05
0.0026724
1.30455e-05
0.00267286
1.33783e-05
0.00267332
1.37116e-05
0.00267378
1.40452e-05
0.00267424
1.43787e-05
0.00267471
1.4712e-05
0.00267517
1.50448e-05
0.00267563
1.53769e-05
0.00267609
1.57083e-05
0.00267655
1.60388e-05
0.00267701
1.63683e-05
0.00267747
1.66969e-05
0.00267792
1.70245e-05
0.00267838
1.73513e-05
0.00267883
1.76773e-05
0.00267928
1.80028e-05
0.00267972
1.83279e-05
0.00268017
1.8653e-05
0.00268061
1.89783e-05
0.00268105
1.93044e-05
0.00268149
1.96316e-05
0.00268193
1.99607e-05
0.00268237
2.02922e-05
0.0026828
2.06269e-05
0.00268323
2.09657e-05
0.00268366
2.13096e-05
0.00268409
2.16599e-05
0.00268452
2.20179e-05
0.00268495
2.23852e-05
0.00268538
2.27636e-05
0.00268581
2.31552e-05
0.00268624
2.35626e-05
0.00268668
2.39887e-05
0.00268711
2.44368e-05
0.00268754
2.49107e-05
0.00268798
2.54151e-05
0.00268843
2.5955e-05
0.00268887
2.65364e-05
0.00268933
2.71658e-05
2.78487e-05
0.00273637
2.07329e-06
0.00273648
2.15797e-06
0.0027366
2.24618e-06
0.00273672
2.33805e-06
0.00273684
2.4337e-06
0.00273698
2.53328e-06
0.00273711
2.63692e-06
0.00273725
2.74477e-06
0.0027374
2.85697e-06
0.00273756
2.97365e-06
0.00273772
3.09497e-06
0.00273788
3.22107e-06
0.00273805
3.35209e-06
0.00273823
3.48819e-06
0.00273842
3.62949e-06
0.00273861
3.77615e-06
0.00273881
3.92829e-06
0.00273902
4.08605e-06
0.00273924
4.24956e-06
0.00273946
4.41894e-06
0.00273969
4.5943e-06
0.00273993
4.77575e-06
0.00274018
4.96339e-06
0.00274043
5.15729e-06
0.0027407
5.35754e-06
0.00274097
5.56419e-06
0.00274126
5.77728e-06
0.00274155
5.99685e-06
0.00274185
6.22291e-06
0.00274216
6.45543e-06
0.00274248
6.69441e-06
0.0027428
6.93978e-06
0.00274314
7.19147e-06
0.00274349
7.4494e-06
0.00274384
7.71344e-06
0.0027442
7.98345e-06
0.00274458
8.25926e-06
0.00274496
8.54069e-06
0.00274535
8.82753e-06
0.00274574
9.11953e-06
0.00274615
9.41644e-06
0.00274656
9.71799e-06
0.00274698
1.00239e-05
0.0027474
1.03338e-05
0.00274783
1.06474e-05
0.00274827
1.09644e-05
0.00274871
1.12845e-05
0.00274915
1.16072e-05
0.0027496
1.19322e-05
0.00275006
1.22592e-05
0.00275052
1.25879e-05
0.00275098
1.29179e-05
0.00275144
1.32488e-05
0.0027519
1.35805e-05
0.00275237
1.39126e-05
0.00275284
1.42448e-05
0.00275331
1.45769e-05
0.00275377
1.49088e-05
0.00275424
1.52402e-05
0.00275471
1.55711e-05
0.00275518
1.59012e-05
0.00275564
1.62307e-05
0.00275611
1.65594e-05
0.00275657
1.68874e-05
0.00275703
1.72148e-05
0.0027575
1.75418e-05
0.00275796
1.78684e-05
0.00275841
1.8195e-05
0.00275887
1.8522e-05
0.00275932
1.88496e-05
0.00275978
1.91783e-05
0.00276023
1.95087e-05
0.00276068
1.98415e-05
0.00276113
2.01773e-05
0.00276158
2.05171e-05
0.00276203
2.08618e-05
0.00276247
2.12127e-05
0.00276292
2.1571e-05
0.00276337
2.19383e-05
0.00276381
2.23165e-05
0.00276426
2.27075e-05
0.00276471
2.31139e-05
0.00276516
2.35384e-05
0.00276561
2.39844e-05
0.00276607
2.44554e-05
0.00276653
2.49559e-05
0.00276699
2.54908e-05
0.00276746
2.60656e-05
0.00276794
2.66866e-05
2.73588e-05
0.00281709
1.96844e-06
0.0028172
2.04892e-06
0.00281731
2.13276e-06
0.00281743
2.22008e-06
0.00281755
2.31102e-06
0.00281768
2.40571e-06
0.00281781
2.50428e-06
0.00281795
2.60686e-06
0.00281809
2.71361e-06
0.00281824
2.82465e-06
0.0028184
2.94012e-06
0.00281856
3.06018e-06
0.00281872
3.18496e-06
0.0028189
3.31461e-06
0.00281908
3.44927e-06
0.00281927
3.58907e-06
0.00281946
3.73416e-06
0.00281966
3.88467e-06
0.00281987
4.04073e-06
0.00282009
4.20247e-06
0.00282031
4.37e-06
0.00282054
4.54344e-06
0.00282078
4.72289e-06
0.00282103
4.90845e-06
0.00282129
5.10021e-06
0.00282156
5.29822e-06
0.00282183
5.50256e-06
0.00282211
5.71327e-06
0.00282241
5.93037e-06
0.00282271
6.15389e-06
0.00282302
6.3838e-06
0.00282334
6.62009e-06
0.00282367
6.86272e-06
0.002824
7.11161e-06
0.00282435
7.36667e-06
0.00282471
7.62779e-06
0.00282507
7.89485e-06
0.00282544
8.16767e-06
0.00282583
8.44609e-06
0.00282622
8.72989e-06
0.00282661
9.01885e-06
0.00282702
9.31273e-06
0.00282743
9.61126e-06
0.00282785
9.91416e-06
0.00282828
1.02211e-05
0.00282871
1.05319e-05
0.00282915
1.0846e-05
0.00282959
1.11633e-05
0.00283004
1.14833e-05
0.00283049
1.18058e-05
0.00283095
1.21304e-05
0.00283141
1.24567e-05
0.00283188
1.27845e-05
0.00283234
1.31134e-05
0.00283281
1.34432e-05
0.00283328
1.37735e-05
0.00283376
1.41042e-05
0.00283423
1.4435e-05
0.00283471
1.47656e-05
0.00283518
1.50961e-05
0.00283566
1.54261e-05
0.00283613
1.57557e-05
0.00283661
1.60848e-05
0.00283708
1.64133e-05
0.00283755
1.67415e-05
0.00283803
1.70693e-05
0.0028385
1.73969e-05
0.00283897
1.77245e-05
0.00283944
1.80524e-05
0.00283991
1.8381e-05
0.00284037
1.87108e-05
0.00284084
1.90421e-05
0.00284131
1.93757e-05
0.00284177
1.97122e-05
0.00284224
2.00525e-05
0.0028427
2.03976e-05
0.00284316
2.07486e-05
0.00284363
2.11069e-05
0.00284409
2.14738e-05
0.00284456
2.18513e-05
0.00284502
2.22413e-05
0.00284549
2.26462e-05
0.00284596
2.30687e-05
0.00284643
2.35119e-05
0.00284691
2.39794e-05
0.00284739
2.44755e-05
0.00284788
2.50046e-05
0.00284837
2.55722e-05
0.00284887
2.61839e-05
2.68448e-05
0.0029002
1.86684e-06
0.0029003
1.94325e-06
0.00290041
2.02286e-06
0.00290053
2.10579e-06
0.00290065
2.19217e-06
0.00290077
2.28213e-06
0.0029009
2.37578e-06
0.00290103
2.47328e-06
0.00290117
2.57474e-06
0.00290132
2.68031e-06
0.00290147
2.79013e-06
0.00290162
2.90433e-06
0.00290178
3.02306e-06
0.00290195
3.14646e-06
0.00290213
3.27466e-06
0.00290231
3.40781e-06
0.0029025
3.54604e-06
0.00290269
3.68949e-06
0.00290289
3.83829e-06
0.0029031
3.99258e-06
0.00290332
4.15247e-06
0.00290355
4.31808e-06
0.00290378
4.48952e-06
0.00290402
4.6669e-06
0.00290427
4.85031e-06
0.00290453
5.03984e-06
0.0029048
5.23554e-06
0.00290507
5.4375e-06
0.00290536
5.64574e-06
0.00290565
5.86031e-06
0.00290595
6.08121e-06
0.00290626
6.30843e-06
0.00290658
6.54197e-06
0.00290691
6.78177e-06
0.00290725
7.02777e-06
0.0029076
7.27988e-06
0.00290796
7.53801e-06
0.00290832
7.80202e-06
0.0029087
8.07176e-06
0.00290908
8.34707e-06
0.00290947
8.62773e-06
0.00290987
8.91355e-06
0.00291028
9.20429e-06
0.00291069
9.49968e-06
0.00291111
9.79947e-06
0.00291154
1.01034e-05
0.00291198
1.0411e-05
0.00291242
1.07222e-05
0.00291287
1.10366e-05
0.00291332
1.13538e-05
0.00291377
1.16735e-05
0.00291424
1.19954e-05
0.0029147
1.23192e-05
0.00291517
1.26446e-05
0.00291564
1.29712e-05
0.00291612
1.32988e-05
0.00291659
1.36272e-05
0.00291707
1.3956e-05
0.00291755
1.42851e-05
0.00291804
1.46143e-05
0.00291852
1.49434e-05
0.002919
1.52724e-05
0.00291949
1.5601e-05
0.00291997
1.59295e-05
0.00292045
1.62576e-05
0.00292094
1.65856e-05
0.00292142
1.69135e-05
0.0029219
1.72415e-05
0.00292239
1.75698e-05
0.00292287
1.78989e-05
0.00292335
1.82291e-05
0.00292383
1.85608e-05
0.00292431
1.88947e-05
0.00292479
1.92314e-05
0.00292527
1.95718e-05
0.00292575
1.99169e-05
0.00292623
2.02676e-05
0.00292672
2.06252e-05
0.0029272
2.09914e-05
0.00292768
2.13677e-05
0.00292817
2.17561e-05
0.00292865
2.21589e-05
0.00292914
2.25788e-05
0.00292964
2.30187e-05
0.00293014
2.34822e-05
0.00293064
2.3973e-05
0.00293115
2.44958e-05
0.00293166
2.50553e-05
0.00293219
2.56573e-05
2.63061e-05
0.00298577
1.76844e-06
0.00298587
1.84091e-06
0.00298598
1.91643e-06
0.00298609
1.99512e-06
0.0029862
2.07708e-06
0.00298632
2.16245e-06
0.00298645
2.25136e-06
0.00298658
2.34392e-06
0.00298671
2.44027e-06
0.00298685
2.54054e-06
0.00298699
2.64487e-06
0.00298715
2.7534e-06
0.0029873
2.86625e-06
0.00298747
2.98358e-06
0.00298763
3.10551e-06
0.00298781
3.23219e-06
0.00298799
3.36375e-06
0.00298818
3.50034e-06
0.00298838
3.64207e-06
0.00298858
3.78909e-06
0.00298879
3.94151e-06
0.00298901
4.09947e-06
0.00298924
4.26308e-06
0.00298947
4.43244e-06
0.00298971
4.60766e-06
0.00298997
4.78883e-06
0.00299022
4.97604e-06
0.00299049
5.16935e-06
0.00299077
5.36883e-06
0.00299106
5.57452e-06
0.00299135
5.78646e-06
0.00299165
6.00464e-06
0.00299197
6.22909e-06
0.00299229
6.45976e-06
0.00299262
6.69663e-06
0.00299296
6.93964e-06
0.00299331
7.1887e-06
0.00299367
7.44372e-06
0.00299404
7.70458e-06
0.00299441
7.97112e-06
0.0029948
8.24319e-06
0.00299519
8.5206e-06
0.00299559
8.80314e-06
0.002996
9.09058e-06
0.00299642
9.38269e-06
0.00299684
9.6792e-06
0.00299727
9.97983e-06
0.00299771
1.02843e-05
0.00299815
1.05923e-05
0.0029986
1.09035e-05
0.00299906
1.12177e-05
0.00299952
1.15344e-05
0.00299999
1.18534e-05
0.00300046
1.21745e-05
0.00300093
1.24971e-05
0.00300141
1.28212e-05
0.00300189
1.31464e-05
0.00300237
1.34725e-05
0.00300286
1.37992e-05
0.00300335
1.41263e-05
0.00300384
1.44537e-05
0.00300433
1.47812e-05
0.00300482
1.51087e-05
0.00300531
1.54362e-05
0.00300581
1.57636e-05
0.0030063
1.6091e-05
0.0030068
1.64185e-05
0.00300729
1.67462e-05
0.00300779
1.70744e-05
0.00300828
1.74033e-05
0.00300878
1.77333e-05
0.00300927
1.80648e-05
0.00300977
1.83985e-05
0.00301027
1.87349e-05
0.00301076
1.90749e-05
0.00301126
1.94192e-05
0.00301176
1.97691e-05
0.00301226
2.01257e-05
0.00301276
2.04905e-05
0.00301326
2.08651e-05
0.00301377
2.12514e-05
0.00301427
2.16516e-05
0.00301479
2.20683e-05
0.0030153
2.25043e-05
0.00301582
2.2963e-05
0.00301634
2.3448e-05
0.00301688
2.39636e-05
0.00301742
2.45145e-05
0.00301797
2.51058e-05
2.5742e-05
0.00307387
1.67319e-06
0.00307397
1.74185e-06
0.00307407
1.81342e-06
0.00307418
1.88799e-06
0.00307429
1.96568e-06
0.00307441
2.04662e-06
0.00307453
2.13091e-06
0.00307465
2.2187e-06
0.00307478
2.3101e-06
0.00307492
2.40523e-06
0.00307506
2.50425e-06
0.0030752
2.60726e-06
0.00307536
2.71442e-06
0.00307551
2.82585e-06
0.00307568
2.94169e-06
0.00307585
3.06208e-06
0.00307602
3.18716e-06
0.00307621
3.31705e-06
0.0030764
3.45189e-06
0.00307659
3.59182e-06
0.0030768
3.73696e-06
0.00307701
3.88743e-06
0.00307723
4.04337e-06
0.00307746
4.20487e-06
0.00307769
4.37206e-06
0.00307794
4.54502e-06
0.00307819
4.72385e-06
0.00307845
4.90864e-06
0.00307872
5.09945e-06
0.003079
5.29635e-06
0.00307929
5.49938e-06
0.00307958
5.70856e-06
0.00307989
5.92392e-06
0.0030802
6.14546e-06
0.00308052
6.37316e-06
0.00308086
6.60698e-06
0.0030812
6.84687e-06
0.00308155
7.09275e-06
0.00308191
7.34453e-06
0.00308228
7.60208e-06
0.00308266
7.86528e-06
0.00308304
8.13396e-06
0.00308344
8.40794e-06
0.00308384
8.68704e-06
0.00308425
8.97102e-06
0.00308467
9.25966e-06
0.0030851
9.5527e-06
0.00308554
9.84987e-06
0.00308598
1.01509e-05
0.00308642
1.04555e-05
0.00308688
1.07634e-05
0.00308734
1.10742e-05
0.0030878
1.13877e-05
0.00308828
1.17036e-05
0.00308875
1.20215e-05
0.00308923
1.23413e-05
0.00308971
1.26625e-05
0.0030902
1.29849e-05
0.00309069
1.33084e-05
0.00309119
1.36326e-05
0.00309168
1.39574e-05
0.00309218
1.42826e-05
0.00309268
1.46082e-05
0.00309318
1.49339e-05
0.00309369
1.52598e-05
0.00309419
1.55859e-05
0.0030947
1.59123e-05
0.00309521
1.6239e-05
0.00309572
1.65662e-05
0.00309622
1.68943e-05
0.00309673
1.72235e-05
0.00309724
1.75542e-05
0.00309776
1.7887e-05
0.00309827
1.82225e-05
0.00309878
1.85614e-05
0.0030993
1.89046e-05
0.00309981
1.92531e-05
0.00310033
1.9608e-05
0.00310085
1.99709e-05
0.00310137
2.03432e-05
0.0031019
2.07268e-05
0.00310242
2.11238e-05
0.00310296
2.15366e-05
0.00310349
2.19681e-05
0.00310403
2.24213e-05
0.00310458
2.28997e-05
0.00310514
2.34075e-05
0.0031057
2.39489e-05
0.00310628
2.4529e-05
2.51517e-05
0.00316458
1.58103e-06
0.00316468
1.64601e-06
0.00316478
1.71374e-06
0.00316488
1.78433e-06
0.00316499
1.85789e-06
0.0031651
1.93453e-06
0.00316522
2.01437e-06
0.00316534
2.09752e-06
0.00316546
2.18412e-06
0.00316559
2.27428e-06
0.00316573
2.36813e-06
0.00316587
2.4658e-06
0.00316602
2.56742e-06
0.00316617
2.67313e-06
0.00316633
2.78305e-06
0.0031665
2.89732e-06
0.00316667
3.01608e-06
0.00316684
3.13946e-06
0.00316703
3.26758e-06
0.00316722
3.40059e-06
0.00316742
3.53862e-06
0.00316762
3.68178e-06
0.00316784
3.8302e-06
0.00316806
3.984e-06
0.00316829
4.1433e-06
0.00316852
4.30819e-06
0.00316877
4.47878e-06
0.00316902
4.65516e-06
0.00316928
4.83741e-06
0.00316955
5.0256e-06
0.00316983
5.21979e-06
0.00317012
5.42002e-06
0.00317042
5.62633e-06
0.00317073
5.83873e-06
0.00317104
6.05723e-06
0.00317137
6.2818e-06
0.0031717
6.51242e-06
0.00317205
6.74904e-06
0.0031724
6.99157e-06
0.00317276
7.23994e-06
0.00317313
7.49402e-06
0.00317351
7.7537e-06
0.0031739
8.0188e-06
0.0031743
8.28918e-06
0.00317471
8.56462e-06
0.00317512
8.84493e-06
0.00317554
9.12988e-06
0.00317597
9.41922e-06
0.00317641
9.71271e-06
0.00317686
1.00101e-05
0.00317731
1.0311e-05
0.00317777
1.06152e-05
0.00317823
1.09225e-05
0.00317871
1.12325e-05
0.00317918
1.15449e-05
0.00317966
1.18594e-05
0.00318015
1.21758e-05
0.00318064
1.24938e-05
0.00318114
1.28132e-05
0.00318164
1.31337e-05
0.00318214
1.34551e-05
0.00318264
1.37772e-05
0.00318315
1.40999e-05
0.00318366
1.44231e-05
0.00318418
1.47467e-05
0.00318469
1.50707e-05
0.00318521
1.53951e-05
0.00318573
1.572e-05
0.00318625
1.60456e-05
0.00318677
1.63721e-05
0.00318729
1.66998e-05
0.00318782
1.7029e-05
0.00318835
1.73603e-05
0.00318887
1.76941e-05
0.0031894
1.80313e-05
0.00318994
1.83727e-05
0.00319047
1.87192e-05
0.00319101
1.90719e-05
0.00319154
1.94322e-05
0.00319209
1.98015e-05
0.00319263
2.01818e-05
0.00319318
2.05749e-05
0.00319373
2.09832e-05
0.00319429
2.14094e-05
0.00319486
2.18564e-05
0.00319543
2.23276e-05
0.00319601
2.28267e-05
0.0031966
2.3358e-05
0.0031972
2.3926e-05
2.45345e-05
0.00325798
1.49189e-06
0.00325807
1.55331e-06
0.00325817
1.61733e-06
0.00325827
1.68407e-06
0.00325837
1.75362e-06
0.00325848
1.8261e-06
0.00325859
1.90161e-06
0.00325871
1.98028e-06
0.00325883
2.06222e-06
0.00325896
2.14755e-06
0.00325909
2.23639e-06
0.00325923
2.32887e-06
0.00325937
2.42512e-06
0.00325952
2.52526e-06
0.00325967
2.62943e-06
0.00325983
2.73775e-06
0.00326
2.85036e-06
0.00326017
2.96739e-06
0.00326035
3.08897e-06
0.00326053
3.21523e-06
0.00326073
3.3463e-06
0.00326092
3.48231e-06
0.00326113
3.62338e-06
0.00326135
3.76963e-06
0.00326157
3.92119e-06
0.0032618
4.07815e-06
0.00326204
4.24063e-06
0.00326228
4.40872e-06
0.00326254
4.58251e-06
0.0032628
4.76208e-06
0.00326307
4.9475e-06
0.00326335
5.13884e-06
0.00326364
5.33613e-06
0.00326394
5.5394e-06
0.00326425
5.74868e-06
0.00326457
5.96397e-06
0.0032649
6.18525e-06
0.00326523
6.4125e-06
0.00326558
6.64566e-06
0.00326594
6.88466e-06
0.0032663
7.12942e-06
0.00326667
7.37984e-06
0.00326706
7.63578e-06
0.00326745
7.8971e-06
0.00326785
8.16363e-06
0.00326826
8.43519e-06
0.00326868
8.71159e-06
0.0032691
8.99259e-06
0.00326954
9.27797e-06
0.00326998
9.56748e-06
0.00327043
9.86086e-06
0.00327089
1.01578e-05
0.00327135
1.04581e-05
0.00327182
1.07615e-05
0.0032723
1.10676e-05
0.00327278
1.13762e-05
0.00327327
1.1687e-05
0.00327377
1.19997e-05
0.00327427
1.23142e-05
0.00327477
1.263e-05
0.00327528
1.29471e-05
0.00327579
1.32653e-05
0.00327631
1.35843e-05
0.00327683
1.39041e-05
0.00327735
1.42245e-05
0.00327787
1.45455e-05
0.0032784
1.48672e-05
0.00327893
1.51896e-05
0.00327946
1.55127e-05
0.00328
1.58368e-05
0.00328054
1.61622e-05
0.00328108
1.64892e-05
0.00328162
1.68182e-05
0.00328216
1.71498e-05
0.00328271
1.74846e-05
0.00328326
1.78234e-05
0.00328381
1.81672e-05
0.00328437
1.8517e-05
0.00328492
1.8874e-05
0.00328549
1.92398e-05
0.00328605
1.9616e-05
0.00328662
2.00045e-05
0.0032872
2.04076e-05
0.00328778
2.08278e-05
0.00328837
2.12678e-05
0.00328896
2.17309e-05
0.00328957
2.22207e-05
0.00329019
2.2741e-05
0.00329082
2.32961e-05
2.38897e-05
0.00335414
1.40571e-06
0.00335423
1.46367e-06
0.00335433
1.5241e-06
0.00335442
1.5871e-06
0.00335452
1.65277e-06
0.00335463
1.72122e-06
0.00335474
1.79254e-06
0.00335485
1.86686e-06
0.00335497
1.94428e-06
0.00335509
2.02493e-06
0.00335522
2.10891e-06
0.00335535
2.19635e-06
0.00335549
2.28738e-06
0.00335563
2.38211e-06
0.00335578
2.48068e-06
0.00335594
2.58321e-06
0.0033561
2.68983e-06
0.00335626
2.80067e-06
0.00335644
2.91586e-06
0.00335662
3.03553e-06
0.0033568
3.15981e-06
0.003357
3.28883e-06
0.0033572
3.4227e-06
0.0033574
3.56156e-06
0.00335762
3.70551e-06
0.00335784
3.85468e-06
0.00335807
4.00917e-06
0.00335831
4.16909e-06
0.00335856
4.33453e-06
0.00335882
4.50558e-06
0.00335908
4.68232e-06
0.00335936
4.86482e-06
0.00335964
5.05313e-06
0.00335993
5.2473e-06
0.00336023
5.44737e-06
0.00336055
5.65334e-06
0.00336087
5.86523e-06
0.00336119
6.08303e-06
0.00336153
6.3067e-06
0.00336188
6.53619e-06
0.00336224
6.77144e-06
0.00336261
7.01238e-06
0.00336298
7.25888e-06
0.00336337
7.51085e-06
0.00336377
7.76812e-06
0.00336417
8.03056e-06
0.00336458
8.29797e-06
0.00336501
8.57016e-06
0.00336544
8.84693e-06
0.00336588
9.12804e-06
0.00336632
9.41326e-06
0.00336678
9.70235e-06
0.00336724
9.99503e-06
0.00336771
1.0291e-05
0.00336819
1.05901e-05
0.00336868
1.0892e-05
0.00336917
1.11964e-05
0.00336966
1.1503e-05
0.00337017
1.18117e-05
0.00337067
1.21221e-05
0.00337119
1.24341e-05
0.0033717
1.27473e-05
0.00337223
1.30618e-05
0.00337275
1.33773e-05
0.00337328
1.36937e-05
0.00337382
1.40109e-05
0.00337436
1.4329e-05
0.0033749
1.46479e-05
0.00337544
1.49678e-05
0.00337599
1.52887e-05
0.00337654
1.5611e-05
0.0033771
1.5935e-05
0.00337765
1.62609e-05
0.00337821
1.65895e-05
0.00337878
1.69211e-05
0.00337935
1.72567e-05
0.00337992
1.7597e-05
0.00338049
1.7943e-05
0.00338107
1.82961e-05
0.00338165
1.86575e-05
0.00338224
1.90289e-05
0.00338283
1.94121e-05
0.00338343
1.98092e-05
0.00338403
2.02226e-05
0.00338465
2.06549e-05
0.00338527
2.11092e-05
0.0033859
2.15888e-05
0.00338654
2.20973e-05
0.0033872
2.26388e-05
2.32167e-05
0.00345316
1.32239e-06
0.00345324
1.377e-06
0.00345333
1.43396e-06
0.00345343
1.49334e-06
0.00345352
1.55525e-06
0.00345363
1.61978e-06
0.00345373
1.68704e-06
0.00345384
1.75714e-06
0.00345395
1.83018e-06
0.00345407
1.90628e-06
0.0034542
1.98554e-06
0.00345433
2.06809e-06
0.00345446
2.15404e-06
0.0034546
2.24351e-06
0.00345474
2.33663e-06
0.00345489
2.43352e-06
0.00345505
2.53431e-06
0.00345521
2.63912e-06
0.00345538
2.74808e-06
0.00345555
2.86132e-06
0.00345573
2.97896e-06
0.00345592
3.10113e-06
0.00345611
3.22795e-06
0.00345632
3.35956e-06
0.00345652
3.49606e-06
0.00345674
3.63757e-06
0.00345697
3.7842e-06
0.0034572
3.93607e-06
0.00345744
4.09327e-06
0.00345769
4.2559e-06
0.00345795
4.42403e-06
0.00345822
4.59776e-06
0.00345849
4.77715e-06
0.00345878
4.96225e-06
0.00345907
5.1531e-06
0.00345937
5.34975e-06
0.00345969
5.55222e-06
0.00346001
5.76049e-06
0.00346034
5.97457e-06
0.00346068
6.19442e-06
0.00346104
6.42001e-06
0.0034614
6.65126e-06
0.00346177
6.88811e-06
0.00346215
7.13044e-06
0.00346254
7.37815e-06
0.00346294
7.63109e-06
0.00346335
7.88912e-06
0.00346376
8.15207e-06
0.00346419
8.41974e-06
0.00346463
8.69194e-06
0.00346507
8.96844e-06
0.00346553
9.24902e-06
0.00346599
9.53343e-06
0.00346646
9.82143e-06
0.00346693
1.01128e-05
0.00346742
1.04072e-05
0.00346791
1.07044e-05
0.00346841
1.10041e-05
0.00346892
1.13062e-05
0.00346943
1.16103e-05
0.00346995
1.19162e-05
0.00347047
1.22238e-05
0.003471
1.25328e-05
0.00347153
1.28431e-05
0.00347207
1.31546e-05
0.00347261
1.34671e-05
0.00347316
1.37807e-05
0.00347372
1.40953e-05
0.00347427
1.4411e-05
0.00347483
1.4728e-05
0.0034754
1.50463e-05
0.00347597
1.53664e-05
0.00347654
1.56885e-05
0.00347712
1.60131e-05
0.0034777
1.63408e-05
0.00347828
1.66722e-05
0.00347887
1.70083e-05
0.00347946
1.73499e-05
0.00348006
1.76982e-05
0.00348066
1.80545e-05
0.00348127
1.84203e-05
0.00348189
1.87973e-05
0.00348251
1.91876e-05
0.00348314
1.95934e-05
0.00348377
2.00172e-05
0.00348442
2.04618e-05
0.00348508
2.09303e-05
0.00348575
2.14263e-05
0.00348644
2.19533e-05
2.25147e-05
0.0035551
1.24184e-06
0.00355519
1.29321e-06
0.00355527
1.34679e-06
0.00355536
1.40267e-06
0.00355546
1.46093e-06
0.00355556
1.52167e-06
0.00355566
1.585e-06
0.00355577
1.651e-06
0.00355588
1.71978e-06
0.00355599
1.79146e-06
0.00355611
1.86614e-06
0.00355623
1.94393e-06
0.00355636
2.02494e-06
0.0035565
2.1093e-06
0.00355664
2.19712e-06
0.00355678
2.28852e-06
0.00355693
2.38362e-06
0.00355709
2.48255e-06
0.00355725
2.58542e-06
0.00355742
2.69238e-06
0.0035576
2.80353e-06
0.00355778
2.919e-06
0.00355797
3.03893e-06
0.00355816
3.16342e-06
0.00355837
3.2926e-06
0.00355858
3.42658e-06
0.0035588
3.56549e-06
0.00355902
3.70942e-06
0.00355926
3.85849e-06
0.0035595
4.01279e-06
0.00355975
4.17241e-06
0.00356001
4.33744e-06
0.00356028
4.50796e-06
0.00356056
4.68402e-06
0.00356085
4.86569e-06
0.00356114
5.05302e-06
0.00356145
5.24602e-06
0.00356177
5.44473e-06
0.00356209
5.64914e-06
0.00356243
5.85924e-06
0.00356277
6.07502e-06
0.00356313
6.29642e-06
0.00356349
6.52339e-06
0.00356387
6.75585e-06
0.00356425
6.9937e-06
0.00356464
7.23684e-06
0.00356505
7.48512e-06
0.00356546
7.73841e-06
0.00356589
7.99654e-06
0.00356632
8.25933e-06
0.00356676
8.52658e-06
0.00356721
8.79808e-06
0.00356767
9.07361e-06
0.00356814
9.35294e-06
0.00356862
9.63583e-06
0.0035691
9.92203e-06
0.00356959
1.02113e-05
0.0035701
1.05034e-05
0.0035706
1.0798e-05
0.00357112
1.1095e-05
0.00357164
1.13941e-05
0.00357217
1.16951e-05
0.0035727
1.19978e-05
0.00357325
1.2302e-05
0.00357379
1.26076e-05
0.00357435
1.29145e-05
0.0035749
1.32227e-05
0.00357547
1.35321e-05
0.00357604
1.38427e-05
0.00357661
1.41547e-05
0.00357719
1.44682e-05
0.00357777
1.47835e-05
0.00357836
1.51008e-05
0.00357895
1.54207e-05
0.00357955
1.57435e-05
0.00358015
1.60701e-05
0.00358076
1.6401e-05
0.00358137
1.67373e-05
0.00358199
1.708e-05
0.00358261
1.74303e-05
0.00358324
1.77897e-05
0.00358388
1.81597e-05
0.00358452
1.85423e-05
0.00358518
1.89397e-05
0.00358584
1.9354e-05
0.00358652
1.97881e-05
0.0035872
2.02447e-05
0.0035879
2.07272e-05
0.00358861
2.12391e-05
2.17831e-05
0.00366007
1.16395e-06
0.00366015
1.21219e-06
0.00366024
1.26251e-06
0.00366032
1.31498e-06
0.00366042
1.36971e-06
0.00366051
1.42677e-06
0.00366061
1.48627e-06
0.00366071
1.54829e-06
0.00366082
1.61295e-06
0.00366093
1.68033e-06
0.00366105
1.75055e-06
0.00366117
1.82372e-06
0.00366129
1.89993e-06
0.00366142
1.9793e-06
0.00366156
2.06196e-06
0.0036617
2.14801e-06
0.00366184
2.23756e-06
0.00366199
2.33075e-06
0.00366215
2.42769e-06
0.00366232
2.5285e-06
0.00366249
2.63331e-06
0.00366266
2.74223e-06
0.00366285
2.85539e-06
0.00366304
2.97291e-06
0.00366323
3.0949e-06
0.00366344
3.22149e-06
0.00366365
3.35279e-06
0.00366387
3.48891e-06
0.0036641
3.62995e-06
0.00366434
3.77602e-06
0.00366458
3.92721e-06
0.00366484
4.08362e-06
0.0036651
4.24533e-06
0.00366537
4.41241e-06
0.00366565
4.58492e-06
0.00366594
4.76292e-06
0.00366624
4.94645e-06
0.00366655
5.13555e-06
0.00366687
5.33023e-06
0.0036672
5.53049e-06
0.00366754
5.73634e-06
0.00366789
5.94773e-06
0.00366824
6.16464e-06
0.00366861
6.387e-06
0.00366899
6.61474e-06
0.00366938
6.84777e-06
0.00366978
7.08597e-06
0.00367019
7.32923e-06
0.00367061
7.57739e-06
0.00367104
7.83031e-06
0.00367148
8.0878e-06
0.00367192
8.34968e-06
0.00367238
8.61575e-06
0.00367285
8.88578e-06
0.00367333
9.15957e-06
0.00367381
9.43687e-06
0.0036743
9.71745e-06
0.00367481
1.00011e-05
0.00367532
1.02875e-05
0.00367584
1.05765e-05
0.00367636
1.08679e-05
0.0036769
1.11614e-05
0.00367744
1.14569e-05
0.00367798
1.17541e-05
0.00367854
1.2053e-05
0.0036791
1.23533e-05
0.00367967
1.26551e-05
0.00368024
1.29584e-05
0.00368082
1.3263e-05
0.00368141
1.35691e-05
0.003682
1.38768e-05
0.0036826
1.41864e-05
0.0036832
1.44981e-05
0.00368381
1.48122e-05
0.00368442
1.51294e-05
0.00368504
1.54501e-05
0.00368567
1.5775e-05
0.0036863
1.61051e-05
0.00368694
1.64412e-05
0.00368758
1.67847e-05
0.00368824
1.71367e-05
0.0036889
1.74989e-05
0.00368957
1.7873e-05
0.00369025
1.82609e-05
0.00369093
1.86649e-05
0.00369163
1.90876e-05
0.00369235
1.95315e-05
0.00369308
1.99996e-05
0.00369382
2.04953e-05
2.10213e-05
0.00376815
1.08864e-06
0.00376823
1.13383e-06
0.00376831
1.18097e-06
0.00376839
1.23015e-06
0.00376848
1.28144e-06
0.00376857
1.33494e-06
0.00376867
1.39072e-06
0.00376877
1.44888e-06
0.00376887
1.50952e-06
0.00376898
1.57274e-06
0.00376909
1.63862e-06
0.00376921
1.70728e-06
0.00376933
1.77882e-06
0.00376946
1.85335e-06
0.00376959
1.93097e-06
0.00376972
2.0118e-06
0.00376986
2.09595e-06
0.00377001
2.18354e-06
0.00377016
2.27467e-06
0.00377032
2.36948e-06
0.00377049
2.46808e-06
0.00377066
2.57059e-06
0.00377084
2.67712e-06
0.00377102
2.78779e-06
0.00377122
2.90273e-06
0.00377142
3.02205e-06
0.00377162
3.14586e-06
0.00377184
3.27427e-06
0.00377206
3.4074e-06
0.00377229
3.54534e-06
0.00377253
3.68819e-06
0.00377278
3.83606e-06
0.00377303
3.98901e-06
0.0037733
4.14715e-06
0.00377357
4.31053e-06
0.00377386
4.47922e-06
0.00377415
4.65328e-06
0.00377445
4.83274e-06
0.00377477
5.01763e-06
0.00377509
5.20798e-06
0.00377542
5.40379e-06
0.00377576
5.60504e-06
0.00377612
5.81172e-06
0.00377648
6.02378e-06
0.00377685
6.24117e-06
0.00377724
6.46382e-06
0.00377763
6.69163e-06
0.00377804
6.9245e-06
0.00377845
7.16231e-06
0.00377888
7.40493e-06
0.00377931
7.65219e-06
0.00377976
7.90393e-06
0.00378021
8.15997e-06
0.00378068
8.42011e-06
0.00378115
8.68415e-06
0.00378164
8.95188e-06
0.00378213
9.22307e-06
0.00378264
9.49749e-06
0.00378315
9.77493e-06
0.00378367
1.00552e-05
0.0037842
1.0338e-05
0.00378474
1.06231e-05
0.00378529
1.09105e-05
0.00378584
1.11998e-05
0.0037864
1.1491e-05
0.00378697
1.17839e-05
0.00378755
1.20784e-05
0.00378813
1.23745e-05
0.00378872
1.26721e-05
0.00378932
1.29714e-05
0.00378993
1.32724e-05
0.00379054
1.35752e-05
0.00379115
1.38803e-05
0.00379178
1.41878e-05
0.00379241
1.44982e-05
0.00379305
1.48121e-05
0.00379369
1.51301e-05
0.00379434
1.5453e-05
0.003795
1.57817e-05
0.00379567
1.61173e-05
0.00379635
1.64611e-05
0.00379703
1.68144e-05
0.00379773
1.7179e-05
0.00379843
1.75567e-05
0.00379915
1.79494e-05
0.00379987
1.83597e-05
0.00380061
1.87899e-05
0.00380137
1.92428e-05
0.00380215
1.97215e-05
2.02285e-05
0.00387943
1.01577e-06
0.00387951
1.058e-06
0.00387959
1.10207e-06
0.00387967
1.14805e-06
0.00387975
1.19601e-06
0.00387984
1.24603e-06
0.00387993
1.29821e-06
0.00388003
1.35262e-06
0.00388013
1.40935e-06
0.00388024
1.46851e-06
0.00388034
1.53018e-06
0.00388046
1.59445e-06
0.00388057
1.66144e-06
0.0038807
1.73124e-06
0.00388082
1.80395e-06
0.00388095
1.87969e-06
0.00388109
1.95856e-06
0.00388124
2.04068e-06
0.00388138
2.12615e-06
0.00388154
2.21508e-06
0.0038817
2.3076e-06
0.00388187
2.40382e-06
0.00388204
2.50386e-06
0.00388222
2.60782e-06
0.00388241
2.71582e-06
0.0038826
2.82799e-06
0.0038828
2.94443e-06
0.00388301
3.06525e-06
0.00388323
3.19056e-06
0.00388345
3.32047e-06
0.00388368
3.45507e-06
0.00388393
3.59446e-06
0.00388418
3.73874e-06
0.00388444
3.88799e-06
0.0038847
4.04227e-06
0.00388498
4.20168e-06
0.00388527
4.36626e-06
0.00388557
4.53606e-06
0.00388587
4.71113e-06
0.00388619
4.89149e-06
0.00388651
5.07717e-06
0.00388685
5.26816e-06
0.0038872
5.46446e-06
0.00388756
5.66604e-06
0.00388792
5.87286e-06
0.0038883
6.08488e-06
0.00388869
6.30201e-06
0.00388909
6.52417e-06
0.0038895
6.75126e-06
0.00388993
6.98317e-06
0.00389036
7.21975e-06
0.0038908
7.46087e-06
0.00389126
7.70635e-06
0.00389172
7.95603e-06
0.00389219
8.20971e-06
0.00389268
8.46721e-06
0.00389317
8.72831e-06
0.00389368
8.9928e-06
0.00389419
9.26048e-06
0.00389472
9.53112e-06
0.00389525
9.80453e-06
0.00389579
1.00805e-05
0.00389634
1.03588e-05
0.00389691
1.06393e-05
0.00389747
1.09219e-05
0.00389805
1.12063e-05
0.00389864
1.14926e-05
0.00389923
1.17805e-05
0.00389983
1.20702e-05
0.00390044
1.23616e-05
0.00390106
1.26549e-05
0.00390169
1.29501e-05
0.00390232
1.32475e-05
0.00390296
1.35473e-05
0.00390361
1.38501e-05
0.00390426
1.41561e-05
0.00390493
1.44662e-05
0.0039056
1.47809e-05
0.00390628
1.51012e-05
0.00390697
1.5428e-05
0.00390767
1.57625e-05
0.00390838
1.6106e-05
0.00390909
1.64601e-05
0.00390983
1.68265e-05
0.00391057
1.7207e-05
0.00391132
1.76039e-05
0.00391209
1.80195e-05
0.00391288
1.84563e-05
0.00391368
1.89171e-05
1.94042e-05
0.00399401
9.45224e-07
0.00399408
9.84593e-07
0.00399416
1.02567e-06
0.00399424
1.06854e-06
0.00399432
1.11326e-06
0.00399441
1.15991e-06
0.0039945
1.20857e-06
0.00399459
1.25933e-06
0.00399469
1.31227e-06
0.00399479
1.36748e-06
0.00399489
1.42503e-06
0.003995
1.48504e-06
0.00399512
1.54759e-06
0.00399524
1.61278e-06
0.00399536
1.68071e-06
0.00399549
1.75148e-06
0.00399562
1.82519e-06
0.00399576
1.90196e-06
0.0039959
1.98188e-06
0.00399605
2.06507e-06
0.00399621
2.15164e-06
0.00399637
2.24169e-06
0.00399654
2.33535e-06
0.00399672
2.43272e-06
0.0039969
2.53391e-06
0.00399709
2.63904e-06
0.00399728
2.74822e-06
0.00399749
2.86156e-06
0.0039977
2.97915e-06
0.00399792
3.10112e-06
0.00399814
3.22755e-06
0.00399838
3.35856e-06
0.00399862
3.49422e-06
0.00399888
3.63462e-06
0.00399914
3.77986e-06
0.00399941
3.93e-06
0.00399969
4.0851e-06
0.00399998
4.24524e-06
0.00400029
4.41044e-06
0.0040006
4.58077e-06
0.00400092
4.75623e-06
0.00400125
4.93685e-06
0.00400159
5.12264e-06
0.00400194
5.31357e-06
0.00400231
5.50963e-06
0.00400268
5.71078e-06
0.00400306
5.91696e-06
0.00400346
6.12811e-06
0.00400387
6.34414e-06
0.00400429
6.56496e-06
0.00400472
6.79044e-06
0.00400516
7.02047e-06
0.00400561
7.25489e-06
0.00400607
7.49355e-06
0.00400654
7.73629e-06
0.00400703
7.98292e-06
0.00400752
8.23326e-06
0.00400803
8.48711e-06
0.00400854
8.74428e-06
0.00400907
9.00455e-06
0.00400961
9.26774e-06
0.00401015
9.53364e-06
0.00401071
9.80207e-06
0.00401128
1.00729e-05
0.00401185
1.03458e-05
0.00401244
1.06209e-05
0.00401303
1.08979e-05
0.00401364
1.11768e-05
0.00401425
1.14575e-05
0.00401487
1.174e-05
0.0040155
1.20245e-05
0.00401614
1.2311e-05
0.00401679
1.25997e-05
0.00401745
1.28908e-05
0.00401811
1.31848e-05
0.00401879
1.34821e-05
0.00401947
1.37831e-05
0.00402016
1.40886e-05
0.00402086
1.43994e-05
0.00402157
1.47164e-05
0.0040223
1.50406e-05
0.00402303
1.53733e-05
0.00402377
1.57158e-05
0.00402453
1.60699e-05
0.0040253
1.64372e-05
0.00402608
1.68198e-05
0.00402688
1.72197e-05
0.0040277
1.76394e-05
0.00402854
1.80814e-05
1.85477e-05
0.00411198
8.76879e-07
0.00411206
9.13459e-07
0.00411213
9.51635e-07
0.00411221
9.91473e-07
0.00411229
1.03304e-06
0.00411237
1.07641e-06
0.00411246
1.12166e-06
0.00411255
1.16887e-06
0.00411264
1.2181e-06
0.00411274
1.26946e-06
0.00411284
1.32301e-06
0.00411295
1.37886e-06
0.00411306
1.43708e-06
0.00411317
1.49777e-06
0.00411329
1.56102e-06
0.00411342
1.62693e-06
0.00411355
1.69561e-06
0.00411368
1.76714e-06
0.00411382
1.84163e-06
0.00411397
1.91919e-06
0.00411412
1.99992e-06
0.00411428
2.08394e-06
0.00411444
2.17133e-06
0.00411461
2.26222e-06
0.00411479
2.35672e-06
0.00411497
2.45492e-06
0.00411517
2.55695e-06
0.00411536
2.6629e-06
0.00411557
2.77288e-06
0.00411578
2.88699e-06
0.00411601
3.00534e-06
0.00411624
3.12802e-06
0.00411648
3.25513e-06
0.00411672
3.38675e-06
0.00411698
3.52297e-06
0.00411725
3.66386e-06
0.00411752
3.80951e-06
0.00411781
3.95996e-06
0.0041181
4.11528e-06
0.00411841
4.27551e-06
0.00411872
4.44069e-06
0.00411905
4.61085e-06
0.00411939
4.78599e-06
0.00411973
4.96613e-06
0.00412009
5.15124e-06
0.00412046
5.34131e-06
0.00412084
5.53629e-06
0.00412123
5.73614e-06
0.00412164
5.94079e-06
0.00412205
6.15015e-06
0.00412248
6.36414e-06
0.00412292
6.58264e-06
0.00412337
6.80552e-06
0.00412383
7.03265e-06
0.0041243
7.26387e-06
0.00412478
7.49904e-06
0.00412528
7.73797e-06
0.00412579
7.98049e-06
0.0041263
8.22641e-06
0.00412683
8.47554e-06
0.00412737
8.7277e-06
0.00412792
8.9827e-06
0.00412848
9.24037e-06
0.00412906
9.50052e-06
0.00412964
9.763e-06
0.00413023
1.00277e-05
0.00413084
1.02945e-05
0.00413145
1.05632e-05
0.00413207
1.08339e-05
0.00413271
1.11066e-05
0.00413335
1.13812e-05
0.004134
1.16579e-05
0.00413467
1.19369e-05
0.00413534
1.22183e-05
0.00413602
1.25024e-05
0.00413671
1.27897e-05
0.00413742
1.30807e-05
0.00413813
1.3376e-05
0.00413885
1.36762e-05
0.00413959
1.39822e-05
0.00414033
1.4295e-05
0.00414109
1.46158e-05
0.00414186
1.49458e-05
0.00414264
1.52865e-05
0.00414344
1.56396e-05
0.00414425
1.60068e-05
0.00414508
1.63901e-05
0.00414593
1.67917e-05
0.0041468
1.72138e-05
1.76585e-05
0.00423346
8.10595e-07
0.00423352
8.44462e-07
0.0042336
8.79811e-07
0.00423367
9.16704e-07
0.00423375
9.55204e-07
0.00423383
9.9538e-07
0.00423391
1.0373e-06
0.004234
1.08104e-06
0.00423409
1.12667e-06
0.00423419
1.17427e-06
0.00423429
1.22392e-06
0.00423439
1.27569e-06
0.0042345
1.32968e-06
0.00423461
1.38598e-06
0.00423473
1.44466e-06
0.00423485
1.50582e-06
0.00423497
1.56956e-06
0.00423511
1.63597e-06
0.00423524
1.70515e-06
0.00423538
1.77719e-06
0.00423553
1.85219e-06
0.00423568
1.93027e-06
0.00423584
2.01151e-06
0.00423601
2.09603e-06
0.00423618
2.18393e-06
0.00423636
2.27532e-06
0.00423655
2.37029e-06
0.00423674
2.46895e-06
0.00423695
2.5714e-06
0.00423715
2.67775e-06
0.00423737
2.78809e-06
0.0042376
2.90252e-06
0.00423783
3.02113e-06
0.00423807
3.14402e-06
0.00423833
3.27126e-06
0.00423859
3.40294e-06
0.00423886
3.53913e-06
0.00423914
3.6799e-06
0.00423943
3.82531e-06
0.00423973
3.9754e-06
0.00424004
4.13023e-06
0.00424036
4.28983e-06
0.00424069
4.45422e-06
0.00424103
4.62341e-06
0.00424139
4.79741e-06
0.00424175
4.97619e-06
0.00424213
5.15975e-06
0.00424252
5.34803e-06
0.00424292
5.54099e-06
0.00424333
5.73857e-06
0.00424375
5.94067e-06
0.00424419
6.14722e-06
0.00424463
6.3581e-06
0.00424509
6.57319e-06
0.00424557
6.79237e-06
0.00424605
7.01548e-06
0.00424654
7.24237e-06
0.00424705
7.47288e-06
0.00424757
7.70685e-06
0.0042481
7.94409e-06
0.00424865
8.18444e-06
0.0042492
8.42771e-06
0.00424977
8.67374e-06
0.00425035
8.92236e-06
0.00425094
9.17342e-06
0.00425154
9.42678e-06
0.00425215
9.68233e-06
0.00425277
9.93998e-06
0.00425341
1.01997e-05
0.00425405
1.04614e-05
0.00425471
1.07251e-05
0.00425537
1.09909e-05
0.00425605
1.1259e-05
0.00425674
1.15296e-05
0.00425744
1.18028e-05
0.00425815
1.20791e-05
0.00425887
1.23589e-05
0.00425961
1.26427e-05
0.00426035
1.29312e-05
0.00426111
1.32252e-05
0.00426188
1.35256e-05
0.00426266
1.38333e-05
0.00426346
1.41497e-05
0.00426427
1.44759e-05
0.00426509
1.48136e-05
0.00426594
1.51644e-05
0.0042668
1.553e-05
0.00426767
1.59125e-05
0.00426857
1.63139e-05
1.6736e-05
0.00435853
7.46229e-07
0.00435859
7.77453e-07
0.00435866
8.10047e-07
0.00435874
8.44069e-07
0.00435881
8.79577e-07
0.00435889
9.16636e-07
0.00435897
9.5531e-07
0.00435906
9.95665e-07
0.00435915
1.03777e-06
0.00435924
1.0817e-06
0.00435934
1.12753e-06
0.00435944
1.17534e-06
0.00435954
1.22519e-06
0.00435965
1.27719e-06
0.00435976
1.3314e-06
0.00435988
1.38791e-06
0.00436
1.44681e-06
0.00436013
1.5082e-06
0.00436026
1.57215e-06
0.0043604
1.63878e-06
0.00436055
1.70816e-06
0.0043607
1.7804e-06
0.00436085
1.8556e-06
0.00436101
1.93385e-06
0.00436118
2.01525e-06
0.00436136
2.0999e-06
0.00436154
2.18791e-06
0.00436173
2.27937e-06
0.00436193
2.37438e-06
0.00436213
2.47304e-06
0.00436234
2.57545e-06
0.00436257
2.68169e-06
0.00436279
2.79187e-06
0.00436303
2.90606e-06
0.00436328
3.02436e-06
0.00436354
3.14685e-06
0.0043638
3.27359e-06
0.00436408
3.40467e-06
0.00436436
3.54014e-06
0.00436466
3.68006e-06
0.00436496
3.82448e-06
0.00436528
3.97344e-06
0.00436561
4.12696e-06
0.00436594
4.28508e-06
0.00436629
4.4478e-06
0.00436666
4.61511e-06
0.00436703
4.78701e-06
0.00436741
4.96348e-06
0.00436781
5.14446e-06
0.00436822
5.32992e-06
0.00436864
5.51979e-06
0.00436907
5.71399e-06
0.00436952
5.91242e-06
0.00436998
6.115e-06
0.00437045
6.32159e-06
0.00437093
6.53209e-06
0.00437143
6.74634e-06
0.00437193
6.9642e-06
0.00437246
7.18552e-06
0.00437299
7.41014e-06
0.00437354
7.63789e-06
0.0043741
7.86862e-06
0.00437467
8.10217e-06
0.00437525
8.33836e-06
0.00437585
8.57707e-06
0.00437646
8.81816e-06
0.00437708
9.06151e-06
0.00437771
9.30702e-06
0.00437835
9.55464e-06
0.00437901
9.80433e-06
0.00437968
1.00561e-05
0.00438036
1.031e-05
0.00438105
1.05661e-05
0.00438176
1.08246e-05
0.00438248
1.10858e-05
0.00438321
1.13499e-05
0.00438395
1.16174e-05
0.0043847
1.18887e-05
0.00438547
1.21643e-05
0.00438625
1.24451e-05
0.00438704
1.27319e-05
0.00438785
1.30255e-05
0.00438867
1.3327e-05
0.00438951
1.36377e-05
0.00439037
1.39589e-05
0.00439124
1.42922e-05
0.00439213
1.46391e-05
0.00439304
1.50014e-05
0.00439397
1.53811e-05
1.57797e-05
0.0044873
6.83629e-07
0.00448737
7.12276e-07
0.00448744
7.42181e-07
0.00448751
7.73399e-07
0.00448758
8.05987e-07
0.00448766
8.4e-07
0.00448774
8.75501e-07
0.00448782
9.12551e-07
0.00448791
9.51215e-07
0.004488
9.91559e-07
0.00448809
1.03365e-06
0.00448819
1.07757e-06
0.00448829
1.12337e-06
0.0044884
1.17115e-06
0.00448851
1.22097e-06
0.00448862
1.27293e-06
0.00448874
1.32709e-06
0.00448887
1.38354e-06
0.004489
1.44237e-06
0.00448913
1.50367e-06
0.00448927
1.56752e-06
0.00448942
1.63402e-06
0.00448957
1.70326e-06
0.00448973
1.77533e-06
0.00448989
1.85032e-06
0.00449007
1.92834e-06
0.00449024
2.00947e-06
0.00449043
2.09381e-06
0.00449062
2.18145e-06
0.00449082
2.2725e-06
0.00449103
2.36703e-06
0.00449125
2.46515e-06
0.00449147
2.56693e-06
0.00449171
2.67248e-06
0.00449195
2.78187e-06
0.0044922
2.89518e-06
0.00449246
3.01249e-06
0.00449273
3.13386e-06
0.00449301
3.25937e-06
0.0044933
3.38907e-06
0.00449361
3.52302e-06
0.00449392
3.66125e-06
0.00449424
3.80381e-06
0.00449458
3.95073e-06
0.00449492
4.10201e-06
0.00449528
4.25767e-06
0.00449565
4.41771e-06
0.00449603
4.58211e-06
0.00449642
4.75085e-06
0.00449683
4.92388e-06
0.00449725
5.10116e-06
0.00449768
5.28263e-06
0.00449812
5.4682e-06
0.00449858
5.65779e-06
0.00449905
5.85131e-06
0.00449953
6.04863e-06
0.00450003
6.24965e-06
0.00450054
6.45423e-06
0.00450106
6.66223e-06
0.0045016
6.87351e-06
0.00450215
7.08792e-06
0.00450271
7.30531e-06
0.00450329
7.52552e-06
0.00450388
7.74842e-06
0.00450448
7.97387e-06
0.0045051
8.20173e-06
0.00450573
8.4319e-06
0.00450637
8.66427e-06
0.00450703
8.89878e-06
0.0045077
9.13538e-06
0.00450838
9.37408e-06
0.00450907
9.61491e-06
0.00450978
9.85796e-06
0.0045105
1.01034e-05
0.00451124
1.03513e-05
0.00451199
1.06021e-05
0.00451275
1.0856e-05
0.00451352
1.11136e-05
0.00451431
1.13752e-05
0.00451512
1.16417e-05
0.00451593
1.19136e-05
0.00451677
1.21918e-05
0.00451762
1.24774e-05
0.00451848
1.27714e-05
0.00451937
1.3075e-05
0.00452027
1.33896e-05
0.00452119
1.37167e-05
0.00452214
1.40579e-05
0.0045231
1.44147e-05
1.47889e-05
0.0046199
6.22639e-07
0.00461996
6.48764e-07
0.00462003
6.76041e-07
0.0046201
7.04518e-07
0.00462017
7.34248e-07
0.00462024
7.65282e-07
0.00462032
7.97677e-07
0.0046204
8.3149e-07
0.00462049
8.6678e-07
0.00462057
9.03609e-07
0.00462066
9.42041e-07
0.00462076
9.82141e-07
0.00462086
1.02398e-06
0.00462096
1.06762e-06
0.00462107
1.11314e-06
0.00462118
1.16061e-06
0.0046213
1.21011e-06
0.00462142
1.26171e-06
0.00462155
1.3155e-06
0.00462168
1.37156e-06
0.00462182
1.42996e-06
0.00462196
1.4908e-06
0.00462211
1.55417e-06
0.00462227
1.62014e-06
0.00462243
1.6888e-06
0.0046226
1.76026e-06
0.00462277
1.83458e-06
0.00462295
1.91187e-06
0.00462314
1.99222e-06
0.00462334
2.0757e-06
0.00462354
2.16242e-06
0.00462376
2.25246e-06
0.00462398
2.3459e-06
0.00462421
2.44283e-06
0.00462445
2.54333e-06
0.00462469
2.64748e-06
0.00462495
2.75535e-06
0.00462522
2.86701e-06
0.00462549
2.98253e-06
0.00462578
3.10197e-06
0.00462608
3.22538e-06
0.00462639
3.35282e-06
0.00462671
3.48431e-06
0.00462704
3.61989e-06
0.00462738
3.7596e-06
0.00462773
3.90343e-06
0.0046281
4.0514e-06
0.00462848
4.2035e-06
0.00462887
4.35972e-06
0.00462927
4.52003e-06
0.00462969
4.68439e-06
0.00463012
4.85275e-06
0.00463056
5.02504e-06
0.00463102
5.20121e-06
0.00463149
5.38115e-06
0.00463197
5.56479e-06
0.00463247
5.752e-06
0.00463298
5.94268e-06
0.00463351
6.1367e-06
0.00463405
6.33394e-06
0.0046346
6.53426e-06
0.00463517
6.73753e-06
0.00463575
6.9436e-06
0.00463635
7.15234e-06
0.00463696
7.36362e-06
0.00463758
7.57731e-06
0.00463822
7.79332e-06
0.00463887
8.01154e-06
0.00463954
8.2319e-06
0.00464022
8.45437e-06
0.00464092
8.67891e-06
0.00464163
8.90556e-06
0.00464235
9.13438e-06
0.00464309
9.36548e-06
0.00464384
9.59904e-06
0.00464461
9.83529e-06
0.00464539
1.00745e-05
0.00464618
1.03171e-05
0.004647
1.05636e-05
0.00464782
1.08145e-05
0.00464867
1.10704e-05
0.00464953
1.13321e-05
0.0046504
1.16005e-05
0.0046513
1.18766e-05
0.00465221
1.21615e-05
0.00465314
1.24563e-05
0.0046541
1.27624e-05
0.00465508
1.30813e-05
0.00465608
1.34144e-05
1.37631e-05
0.00475642
5.63088e-07
0.00475648
5.86745e-07
0.00475655
6.11446e-07
0.00475661
6.37238e-07
0.00475668
6.64165e-07
0.00475676
6.92279e-07
0.00475683
7.21628e-07
0.00475691
7.52265e-07
0.00475699
7.84245e-07
0.00475708
8.17623e-07
0.00475717
8.52459e-07
0.00475726
8.88811e-07
0.00475736
9.26743e-07
0.00475746
9.66318e-07
0.00475757
1.0076e-06
0.00475768
1.05066e-06
0.00475779
1.09557e-06
0.00475791
1.1424e-06
0.00475804
1.19122e-06
0.00475816
1.24211e-06
0.0047583
1.29514e-06
0.00475844
1.3504e-06
0.00475859
1.40796e-06
0.00475874
1.4679e-06
0.0047589
1.5303e-06
0.00475906
1.59526e-06
0.00475923
1.66284e-06
0.00475941
1.73315e-06
0.0047596
1.80625e-06
0.00475979
1.88223e-06
0.00475999
1.96118e-06
0.0047602
2.04318e-06
0.00476042
2.12831e-06
0.00476065
2.21665e-06
0.00476088
2.30828e-06
0.00476113
2.40327e-06
0.00476138
2.50169e-06
0.00476164
2.60362e-06
0.00476192
2.70912e-06
0.0047622
2.81825e-06
0.00476249
2.93106e-06
0.0047628
3.0476e-06
0.00476312
3.16792e-06
0.00476344
3.29205e-06
0.00476378
3.42002e-06
0.00476413
3.55185e-06
0.0047645
3.68756e-06
0.00476487
3.82713e-06
0.00476526
3.97057e-06
0.00476567
4.11786e-06
0.00476608
4.26897e-06
0.00476651
4.42387e-06
0.00476695
4.58249e-06
0.00476741
4.74479e-06
0.00476788
4.91069e-06
0.00476836
5.08012e-06
0.00476886
5.25297e-06
0.00476938
5.42915e-06
0.0047699
5.60856e-06
0.00477045
5.79108e-06
0.00477101
5.97658e-06
0.00477158
6.16496e-06
0.00477217
6.35607e-06
0.00477277
6.5498e-06
0.00477339
6.74602e-06
0.00477402
6.94462e-06
0.00477467
7.1455e-06
0.00477533
7.34857e-06
0.00477601
7.55376e-06
0.0047767
7.76101e-06
0.00477741
7.9703e-06
0.00477813
8.18165e-06
0.00477887
8.39511e-06
0.00477963
8.61076e-06
0.0047804
8.82875e-06
0.00478118
9.04929e-06
0.00478199
9.27262e-06
0.0047828
9.4991e-06
0.00478364
9.72911e-06
0.00478449
9.96317e-06
0.00478536
1.02018e-05
0.00478624
1.04458e-05
0.00478715
1.06959e-05
0.00478807
1.09529e-05
0.00478902
1.12178e-05
0.00478998
1.14917e-05
0.00479097
1.17758e-05
0.00479198
1.20713e-05
0.00479301
1.23795e-05
1.27017e-05
0.00489699
5.048e-07
0.00489705
5.26033e-07
0.00489711
5.48205e-07
0.00489718
5.71358e-07
0.00489725
5.95534e-07
0.00489732
6.20776e-07
0.00489739
6.47131e-07
0.00489747
6.74645e-07
0.00489755
7.03368e-07
0.00489763
7.33352e-07
0.00489772
7.64647e-07
0.00489781
7.9731e-07
0.00489791
8.31397e-07
0.00489801
8.66965e-07
0.00489811
9.04076e-07
0.00489822
9.42789e-07
0.00489833
9.8317e-07
0.00489845
1.02528e-06
0.00489857
1.0692e-06
0.0048987
1.11498e-06
0.00489883
1.1627e-06
0.00489897
1.21243e-06
0.00489911
1.26424e-06
0.00489926
1.31821e-06
0.00489942
1.37441e-06
0.00489958
1.43292e-06
0.00489975
1.49382e-06
0.00489993
1.55718e-06
0.00490011
1.62308e-06
0.0049003
1.6916e-06
0.0049005
1.76282e-06
0.0049007
1.83681e-06
0.00490092
1.91365e-06
0.00490114
1.99341e-06
0.00490137
2.07617e-06
0.00490162
2.162e-06
0.00490187
2.25096e-06
0.00490213
2.34313e-06
0.0049024
2.43857e-06
0.00490268
2.53733e-06
0.00490297
2.63947e-06
0.00490327
2.74503e-06
0.00490359
2.85407e-06
0.00490391
2.96661e-06
0.00490425
3.0827e-06
0.0049046
3.20235e-06
0.00490496
3.32558e-06
0.00490534
3.4524e-06
0.00490572
3.58281e-06
0.00490612
3.71679e-06
0.00490654
3.85434e-06
0.00490697
3.99541e-06
0.00490741
4.13997e-06
0.00490787
4.28798e-06
0.00490834
4.43938e-06
0.00490882
4.59409e-06
0.00490932
4.75204e-06
0.00490984
4.91314e-06
0.00491037
5.0773e-06
0.00491092
5.24443e-06
0.00491148
5.41441e-06
0.00491206
5.58714e-06
0.00491265
5.7625e-06
0.00491326
5.94037e-06
0.00491389
6.12066e-06
0.00491453
6.30326e-06
0.00491519
6.48806e-06
0.00491586
6.67499e-06
0.00491655
6.86397e-06
0.00491726
7.05495e-06
0.00491798
7.24791e-06
0.00491872
7.44285e-06
0.00491947
7.6398e-06
0.00492024
7.83883e-06
0.00492103
8.04007e-06
0.00492184
8.24369e-06
0.00492266
8.44991e-06
0.0049235
8.65901e-06
0.00492436
8.87136e-06
0.00492523
9.08739e-06
0.00492613
9.3076e-06
0.00492704
9.53259e-06
0.00492797
9.76304e-06
0.00492893
9.99971e-06
0.0049299
1.02435e-05
0.0049309
1.04953e-05
0.00493192
1.07562e-05
0.00493296
1.10272e-05
0.00493403
1.13096e-05
1.16043e-05
0.00504172
4.47586e-07
0.00504178
4.66432e-07
0.00504184
4.86114e-07
0.00504191
5.06669e-07
0.00504197
5.28133e-07
0.00504205
5.50546e-07
0.00504212
5.73949e-07
0.00504219
5.98385e-07
0.00504227
6.23897e-07
0.00504236
6.50531e-07
0.00504244
6.78334e-07
0.00504253
7.07355e-07
0.00504263
7.37644e-07
0.00504272
7.69254e-07
0.00504283
8.02239e-07
0.00504293
8.36655e-07
0.00504304
8.72557e-07
0.00504316
9.10006e-07
0.00504328
9.49061e-07
0.0050434
9.89785e-07
0.00504353
1.03224e-06
0.00504367
1.07649e-06
0.00504381
1.12261e-06
0.00504396
1.17065e-06
0.00504411
1.22069e-06
0.00504427
1.2728e-06
0.00504444
1.32705e-06
0.00504461
1.3835e-06
0.00504479
1.44223e-06
0.00504498
1.50331e-06
0.00504518
1.56681e-06
0.00504538
1.63281e-06
0.00504559
1.70136e-06
0.00504582
1.77255e-06
0.00504605
1.84643e-06
0.00504628
1.92308e-06
0.00504653
2.00256e-06
0.00504679
2.08492e-06
0.00504706
2.17024e-06
0.00504734
2.25857e-06
0.00504763
2.34995e-06
0.00504793
2.44444e-06
0.00504824
2.54208e-06
0.00504856
2.64291e-06
0.0050489
2.74695e-06
0.00504925
2.85424e-06
0.00504961
2.9648e-06
0.00504998
3.07863e-06
0.00505037
3.19574e-06
0.00505077
3.31613e-06
0.00505118
3.43979e-06
0.00505161
3.56669e-06
0.00505206
3.69681e-06
0.00505251
3.83011e-06
0.00505299
3.96654e-06
0.00505348
4.10604e-06
0.00505398
4.24855e-06
0.0050545
4.394e-06
0.00505503
4.54231e-06
0.00505558
4.69339e-06
0.00505615
4.84715e-06
0.00505673
5.00349e-06
0.00505733
5.16232e-06
0.00505795
5.32352e-06
0.00505859
5.48702e-06
0.00505924
5.6527e-06
0.0050599
5.82048e-06
0.00506059
5.99029e-06
0.00506129
6.16205e-06
0.00506201
6.33572e-06
0.00506275
6.51126e-06
0.0050635
6.68868e-06
0.00506427
6.86798e-06
0.00506506
7.04924e-06
0.00506587
7.23256e-06
0.00506669
7.41806e-06
0.00506754
7.60594e-06
0.0050684
7.79645e-06
0.00506928
7.9899e-06
0.00507018
8.18665e-06
0.0050711
8.38715e-06
0.00507204
8.59191e-06
0.00507301
8.80153e-06
0.00507399
9.01667e-06
0.00507499
9.23808e-06
0.00507602
9.46659e-06
0.00507708
9.70309e-06
0.00507815
9.94854e-06
0.00507926
1.02039e-05
1.04702e-05
0.00519074
3.91242e-07
0.0051908
4.07733e-07
0.00519086
4.24956e-07
0.00519093
4.42943e-07
0.00519099
4.61728e-07
0.00519106
4.81345e-07
0.00519113
5.01831e-07
0.00519121
5.23222e-07
0.00519129
5.45557e-07
0.00519137
5.68877e-07
0.00519145
5.93223e-07
0.00519154
6.18638e-07
0.00519164
6.45167e-07
0.00519173
6.72857e-07
0.00519183
7.01754e-07
0.00519194
7.31908e-07
0.00519205
7.63369e-07
0.00519216
7.96189e-07
0.00519228
8.30423e-07
0.0051924
8.66125e-07
0.00519253
9.0335e-07
0.00519267
9.42157e-07
0.00519281
9.82604e-07
0.00519295
1.02475e-06
0.0051931
1.06866e-06
0.00519326
1.11439e-06
0.00519343
1.16201e-06
0.0051936
1.21157e-06
0.00519378
1.26315e-06
0.00519397
1.3168e-06
0.00519416
1.37259e-06
0.00519436
1.43059e-06
0.00519457
1.49085e-06
0.00519479
1.55344e-06
0.00519502
1.61843e-06
0.00519526
1.68586e-06
0.0051955
1.75581e-06
0.00519576
1.82832e-06
0.00519603
1.90345e-06
0.0051963
1.98126e-06
0.00519659
2.0618e-06
0.00519689
2.1451e-06
0.0051972
2.23121e-06
0.00519752
2.32017e-06
0.00519786
2.412e-06
0.00519821
2.50675e-06
0.00519857
2.60441e-06
0.00519894
2.70502e-06
0.00519933
2.80858e-06
0.00519973
2.91509e-06
0.00520014
3.02454e-06
0.00520057
3.13692e-06
0.00520102
3.25221e-06
0.00520148
3.37038e-06
0.00520195
3.49139e-06
0.00520244
3.6152e-06
0.00520295
3.74175e-06
0.00520347
3.87098e-06
0.00520401
4.00283e-06
0.00520457
4.13721e-06
0.00520514
4.27406e-06
0.00520573
4.41329e-06
0.00520634
4.55482e-06
0.00520697
4.69855e-06
0.00520761
4.8444e-06
0.00520827
4.99228e-06
0.00520895
5.14212e-06
0.00520964
5.29384e-06
0.00521036
5.44739e-06
0.00521109
5.6027e-06
0.00521184
5.75977e-06
0.00521261
5.91856e-06
0.0052134
6.0791e-06
0.00521421
6.24144e-06
0.00521504
6.40565e-06
0.00521588
6.57184e-06
0.00521675
6.74019e-06
0.00521763
6.91088e-06
0.00521854
7.08419e-06
0.00521947
7.26043e-06
0.00522041
7.43998e-06
0.00522138
7.62327e-06
0.00522237
7.81081e-06
0.00522339
8.00318e-06
0.00522442
8.20103e-06
0.00522548
8.40505e-06
0.00522657
8.61602e-06
0.00522769
8.83474e-06
0.00522883
9.06208e-06
9.29883e-06
0.00534418
3.35553e-07
0.00534424
3.49708e-07
0.0053443
3.64494e-07
0.00534436
3.79936e-07
0.00534443
3.96065e-07
0.0053445
4.12909e-07
0.00534457
4.305e-07
0.00534464
4.48871e-07
0.00534472
4.68054e-07
0.0053448
4.88084e-07
0.00534489
5.08997e-07
0.00534497
5.30832e-07
0.00534506
5.53625e-07
0.00534516
5.77418e-07
0.00534526
6.02251e-07
0.00534536
6.28167e-07
0.00534547
6.55209e-07
0.00534558
6.83424e-07
0.0053457
7.12857e-07
0.00534582
7.43557e-07
0.00534595
7.75571e-07
0.00534609
8.08951e-07
0.00534622
8.43747e-07
0.00534637
8.80011e-07
0.00534652
9.17796e-07
0.00534668
9.57157e-07
0.00534684
9.98148e-07
0.00534701
1.04082e-06
0.00534719
1.08524e-06
0.00534737
1.13146e-06
0.00534757
1.17952e-06
0.00534777
1.2295e-06
0.00534798
1.28144e-06
0.0053482
1.33541e-06
0.00534842
1.39145e-06
0.00534866
1.44962e-06
0.00534891
1.50997e-06
0.00534916
1.57256e-06
0.00534943
1.63742e-06
0.0053497
1.70462e-06
0.00534999
1.77419e-06
0.00535029
1.84618e-06
0.0053506
1.92062e-06
0.00535092
1.99755e-06
0.00535126
2.077e-06
0.00535161
2.15899e-06
0.00535197
2.24354e-06
0.00535234
2.33068e-06
0.00535273
2.42041e-06
0.00535313
2.51274e-06
0.00535355
2.60766e-06
0.00535398
2.70516e-06
0.00535443
2.80524e-06
0.00535489
2.90786e-06
0.00535537
3.013e-06
0.00535586
3.12063e-06
0.00535637
3.23069e-06
0.0053569
3.34315e-06
0.00535745
3.45793e-06
0.00535801
3.575e-06
0.00535859
3.69427e-06
0.00535919
3.81567e-06
0.0053598
3.93914e-06
0.00536044
4.0646e-06
0.00536109
4.19197e-06
0.00536176
4.32118e-06
0.00536245
4.45217e-06
0.00536316
4.58486e-06
0.00536389
4.71921e-06
0.00536463
4.85516e-06
0.0053654
4.99269e-06
0.00536619
5.13179e-06
0.00536699
5.27246e-06
0.00536782
5.41474e-06
0.00536867
5.55869e-06
0.00536954
5.7044e-06
0.00537042
5.85201e-06
0.00537133
6.00168e-06
0.00537226
6.15363e-06
0.00537322
6.30812e-06
0.00537419
6.46548e-06
0.00537519
6.62606e-06
0.00537621
6.7903e-06
0.00537725
6.95868e-06
0.00537832
7.13174e-06
0.00537942
7.31008e-06
0.00538054
7.49434e-06
0.00538169
7.68521e-06
0.00538287
7.88339e-06
8.08957e-06
0.00550217
2.80281e-07
0.00550222
2.92113e-07
0.00550228
3.04473e-07
0.00550235
3.17384e-07
0.00550241
3.30868e-07
0.00550248
3.44952e-07
0.00550255
3.59661e-07
0.00550263
3.75023e-07
0.0055027
3.91066e-07
0.00550278
4.07819e-07
0.00550287
4.25311e-07
0.00550295
4.43575e-07
0.00550304
4.62644e-07
0.00550314
4.8255e-07
0.00550324
5.03328e-07
0.00550334
5.25014e-07
0.00550345
5.47646e-07
0.00550356
5.71262e-07
0.00550368
5.95899e-07
0.0055038
6.216e-07
0.00550393
6.48405e-07
0.00550406
6.76357e-07
0.0055042
7.05498e-07
0.00550434
7.35873e-07
0.00550449
7.67527e-07
0.00550465
8.00506e-07
0.00550481
8.34856e-07
0.00550498
8.70624e-07
0.00550516
9.07858e-07
0.00550534
9.46605e-07
0.00550554
9.86914e-07
0.00550574
1.02883e-06
0.00550595
1.07241e-06
0.00550616
1.11769e-06
0.00550639
1.16472e-06
0.00550663
1.21355e-06
0.00550687
1.26423e-06
0.00550713
1.31679e-06
0.00550739
1.37129e-06
0.00550767
1.42775e-06
0.00550796
1.48623e-06
0.00550826
1.54676e-06
0.00550857
1.60936e-06
0.00550889
1.67408e-06
0.00550923
1.74094e-06
0.00550958
1.80997e-06
0.00550994
1.88117e-06
0.00551032
1.95458e-06
0.00551071
2.0302e-06
0.00551111
2.10803e-06
0.00551153
2.18809e-06
0.00551197
2.27035e-06
0.00551242
2.35482e-06
0.00551288
2.44147e-06
0.00551337
2.53029e-06
0.00551387
2.62125e-06
0.00551438
2.7143e-06
0.00551492
2.80942e-06
0.00551547
2.90656e-06
0.00551604
3.00567e-06
0.00551662
3.10669e-06
0.00551723
3.20957e-06
0.00551785
3.31424e-06
0.0055185
3.42065e-06
0.00551916
3.52873e-06
0.00551984
3.63842e-06
0.00552055
3.74966e-06
0.00552127
3.8624e-06
0.00552201
3.97658e-06
0.00552278
4.09217e-06
0.00552356
4.20915e-06
0.00552436
4.32749e-06
0.00552519
4.44721e-06
0.00552603
4.56832e-06
0.0055269
4.69087e-06
0.00552779
4.81495e-06
0.0055287
4.94064e-06
0.00552964
5.0681e-06
0.00553059
5.19749e-06
0.00553157
5.32903e-06
0.00553257
5.46297e-06
0.0055336
5.59963e-06
0.00553465
5.73935e-06
0.00553573
5.88252e-06
0.00553683
6.0296e-06
0.00553796
6.18106e-06
0.00553912
6.33745e-06
0.0055403
6.49931e-06
0.00554152
6.66723e-06
6.84179e-06
0.00566483
2.25167e-07
0.00566489
2.34679e-07
0.00566495
2.44615e-07
0.00566501
2.54995e-07
0.00566508
2.65836e-07
0.00566515
2.7716e-07
0.00566522
2.88988e-07
0.00566529
3.01341e-07
0.00566537
3.14242e-07
0.00566545
3.27715e-07
0.00566553
3.41784e-07
0.00566562
3.56475e-07
0.00566571
3.71814e-07
0.0056658
3.87827e-07
0.0056659
4.04544e-07
0.00566601
4.21993e-07
0.00566611
4.40204e-07
0.00566623
4.59209e-07
0.00566634
4.79037e-07
0.00566646
4.99724e-07
0.00566659
5.21301e-07
0.00566672
5.43804e-07
0.00566686
5.67267e-07
0.00566701
5.91727e-07
0.00566716
6.17219e-07
0.00566731
6.43782e-07
0.00566748
6.71453e-07
0.00566765
7.0027e-07
0.00566782
7.30273e-07
0.00566801
7.61499e-07
0.0056682
7.9399e-07
0.0056684
8.27783e-07
0.00566861
8.62918e-07
0.00566883
8.99434e-07
0.00566906
9.3737e-07
0.0056693
9.76765e-07
0.00566954
1.01766e-06
0.0056698
1.06008e-06
0.00567007
1.10407e-06
0.00567034
1.14966e-06
0.00567063
1.19689e-06
0.00567093
1.24578e-06
0.00567125
1.29637e-06
0.00567157
1.34868e-06
0.00567191
1.40273e-06
0.00567226
1.45855e-06
0.00567263
1.51615e-06
0.00567301
1.57554e-06
0.0056734
1.63675e-06
0.00567381
1.69977e-06
0.00567423
1.7646e-06
0.00567467
1.83125e-06
0.00567513
1.89971e-06
0.0056756
1.96996e-06
0.00567609
2.04199e-06
0.00567659
2.11579e-06
0.00567711
2.19131e-06
0.00567765
2.26854e-06
0.00567821
2.34744e-06
0.00567879
2.42797e-06
0.00567939
2.51008e-06
0.00568
2.59374e-06
0.00568064
2.67889e-06
0.00568129
2.76548e-06
0.00568197
2.85347e-06
0.00568267
2.9428e-06
0.00568338
3.03343e-06
0.00568412
3.1253e-06
0.00568488
3.21839e-06
0.00568566
3.31266e-06
0.00568646
3.40808e-06
0.00568728
3.50464e-06
0.00568813
3.60234e-06
0.00568899
3.70121e-06
0.00568988
3.80127e-06
0.00569079
3.90258e-06
0.00569173
4.00522e-06
0.00569269
4.1093e-06
0.00569367
4.21495e-06
0.00569468
4.32235e-06
0.00569571
4.4317e-06
0.00569677
4.54323e-06
0.00569785
4.65723e-06
0.00569896
4.774e-06
0.00570009
4.8939e-06
0.00570126
5.01732e-06
0.00570245
5.14466e-06
0.00570367
5.27639e-06
0.00570493
5.41294e-06
5.55479e-06
0.00583232
1.69925e-07
0.00583238
1.77107e-07
0.00583244
1.8461e-07
0.0058325
1.92447e-07
0.00583257
2.00634e-07
0.00583264
2.09186e-07
0.00583271
2.18118e-07
0.00583278
2.27448e-07
0.00583286
2.37192e-07
0.00583294
2.47368e-07
0.00583302
2.57996e-07
0.00583311
2.69093e-07
0.0058332
2.80681e-07
0.0058333
2.92779e-07
0.00583339
3.05409e-07
0.0058335
3.18593e-07
0.00583361
3.32354e-07
0.00583372
3.46716e-07
0.00583384
3.61702e-07
0.00583396
3.77337e-07
0.00583409
3.93647e-07
0.00583422
4.10657e-07
0.00583436
4.28396e-07
0.0058345
4.46889e-07
0.00583465
4.66166e-07
0.00583481
4.86253e-07
0.00583498
5.07181e-07
0.00583515
5.28978e-07
0.00583533
5.51675e-07
0.00583551
5.753e-07
0.00583571
5.99885e-07
0.00583591
6.25458e-07
0.00583612
6.52051e-07
0.00583634
6.79693e-07
0.00583657
7.08415e-07
0.00583681
7.38245e-07
0.00583705
7.69213e-07
0.00583731
8.01346e-07
0.00583758
8.34673e-07
0.00583786
8.6922e-07
0.00583815
9.05012e-07
0.00583846
9.42074e-07
0.00583877
9.80428e-07
0.0058391
1.02009e-06
0.00583944
1.06109e-06
0.0058398
1.10344e-06
0.00584017
1.14715e-06
0.00584055
1.19223e-06
0.00584095
1.23869e-06
0.00584136
1.28655e-06
0.00584179
1.3358e-06
0.00584224
1.38644e-06
0.0058427
1.43846e-06
0.00584318
1.49187e-06
0.00584367
1.54665e-06
0.00584418
1.60278e-06
0.00584472
1.66024e-06
0.00584527
1.71902e-06
0.00584583
1.77909e-06
0.00584642
1.84042e-06
0.00584703
1.90297e-06
0.00584766
1.96672e-06
0.0058483
2.03163e-06
0.00584897
2.09766e-06
0.00584966
2.16477e-06
0.00585037
2.23293e-06
0.0058511
2.30209e-06
0.00585185
2.37223e-06
0.00585263
2.44331e-06
0.00585343
2.51532e-06
0.00585425
2.58822e-06
0.00585509
2.66201e-06
0.00585595
2.73668e-06
0.00585684
2.81226e-06
0.00585776
2.88876e-06
0.00585869
2.96622e-06
0.00585965
3.0447e-06
0.00586064
3.12429e-06
0.00586165
3.20508e-06
0.00586268
3.2872e-06
0.00586374
3.37079e-06
0.00586483
3.45604e-06
0.00586594
3.54315e-06
0.00586709
3.63236e-06
0.00586826
3.72392e-06
0.00586946
3.81813e-06
0.00587068
3.91529e-06
0.00587195
4.01574e-06
0.00587324
4.11982e-06
4.2279e-06
0.00600478
1.14235e-07
0.00600483
1.19065e-07
0.00600489
1.24111e-07
0.00600496
1.29382e-07
0.00600502
1.34888e-07
0.00600509
1.4064e-07
0.00600516
1.46648e-07
0.00600524
1.52923e-07
0.00600532
1.59478e-07
0.0060054
1.66324e-07
0.00600548
1.73473e-07
0.00600557
1.80939e-07
0.00600566
1.88734e-07
0.00600576
1.96874e-07
0.00600586
2.05372e-07
0.00600596
2.14244e-07
0.00600607
2.23504e-07
0.00600618
2.33168e-07
0.0060063
2.43253e-07
0.00600643
2.53776e-07
0.00600655
2.64754e-07
0.00600669
2.76204e-07
0.00600683
2.88144e-07
0.00600698
3.00594e-07
0.00600713
3.13572e-07
0.00600729
3.27097e-07
0.00600745
3.41188e-07
0.00600763
3.55867e-07
0.00600781
3.71152e-07
0.00600799
3.87064e-07
0.00600819
4.03624e-07
0.0060084
4.20851e-07
0.00600861
4.38767e-07
0.00600883
4.57392e-07
0.00600906
4.76746e-07
0.0060093
4.9685e-07
0.00600956
5.17723e-07
0.00600982
5.39384e-07
0.00601009
5.61852e-07
0.00601037
5.85146e-07
0.00601067
6.09283e-07
0.00601098
6.3428e-07
0.0060113
6.60152e-07
0.00601163
6.86913e-07
0.00601198
7.14577e-07
0.00601234
7.43156e-07
0.00601271
7.72659e-07
0.0060131
8.03095e-07
0.00601351
8.34471e-07
0.00601393
8.6679e-07
0.00601436
9.00057e-07
0.00601481
9.3427e-07
0.00601528
9.69427e-07
0.00601577
1.00553e-06
0.00601627
1.04256e-06
0.0060168
1.08051e-06
0.00601734
1.11938e-06
0.0060179
1.15914e-06
0.00601848
1.19979e-06
0.00601907
1.24129e-06
0.00601969
1.28364e-06
0.00602033
1.32681e-06
0.00602099
1.37077e-06
0.00602168
1.41549e-06
0.00602238
1.46097e-06
0.00602311
1.50716e-06
0.00602385
1.55405e-06
0.00602463
1.6016e-06
0.00602542
1.64981e-06
0.00602624
1.69864e-06
0.00602708
1.7481e-06
0.00602794
1.79817e-06
0.00602883
1.84884e-06
0.00602974
1.90014e-06
0.00603068
1.95206e-06
0.00603164
2.00464e-06
0.00603262
2.05792e-06
0.00603364
2.11195e-06
0.00603468
2.1668e-06
0.00603574
2.22254e-06
0.00603683
2.27928e-06
0.00603795
2.33713e-06
0.0060391
2.39624e-06
0.00604027
2.45676e-06
0.00604148
2.51885e-06
0.00604271
2.58273e-06
0.00604398
2.64858e-06
0.00604528
2.71664e-06
0.00604661
2.78712e-06
2.86026e-06
0.00618234
5.77336e-08
0.0061824
6.01752e-08
0.00618246
6.27259e-08
0.00618253
6.53905e-08
0.00618259
6.81741e-08
0.00618266
7.10818e-08
0.00618273
7.41191e-08
0.00618281
7.72917e-08
0.00618289
8.06054e-08
0.00618297
8.40664e-08
0.00618306
8.7681e-08
0.00618315
9.14557e-08
0.00618324
9.53974e-08
0.00618334
9.95131e-08
0.00618344
1.0381e-07
0.00618354
1.08296e-07
0.00618366
1.12979e-07
0.00618377
1.17866e-07
0.00618389
1.22966e-07
0.00618402
1.28288e-07
0.00618415
1.3384e-07
0.00618428
1.39631e-07
0.00618443
1.4567e-07
0.00618457
1.51968e-07
0.00618473
1.58532e-07
0.00618489
1.65374e-07
0.00618506
1.72503e-07
0.00618524
1.79928e-07
0.00618542
1.87662e-07
0.00618561
1.95713e-07
0.00618581
2.04092e-07
0.00618602
2.12809e-07
0.00618624
2.21876e-07
0.00618646
2.31301e-07
0.0061867
2.41097e-07
0.00618694
2.51272e-07
0.0061872
2.61838e-07
0.00618747
2.72803e-07
0.00618774
2.84178e-07
0.00618803
2.95972e-07
0.00618833
3.08194e-07
0.00618865
3.20852e-07
0.00618897
3.33955e-07
0.00618931
3.47509e-07
0.00618967
3.61522e-07
0.00619003
3.76e-07
0.00619041
3.90948e-07
0.00619081
4.0637e-07
0.00619122
4.2227e-07
0.00619165
4.3865e-07
0.0061921
4.55512e-07
0.00619256
4.72856e-07
0.00619304
4.90681e-07
0.00619353
5.08986e-07
0.00619405
5.27765e-07
0.00619458
5.47016e-07
0.00619513
5.66732e-07
0.00619571
5.86906e-07
0.0061963
6.0753e-07
0.00619691
6.28595e-07
0.00619754
6.50089e-07
0.0061982
6.72001e-07
0.00619888
6.9432e-07
0.00619957
7.17033e-07
0.00620029
7.40127e-07
0.00620104
7.63589e-07
0.0062018
7.87407e-07
0.00620259
8.11568e-07
0.00620341
8.36063e-07
0.00620425
8.60881e-07
0.00620511
8.86017e-07
0.00620599
9.11466e-07
0.00620691
9.37227e-07
0.00620784
9.63304e-07
0.00620881
9.89703e-07
0.00620979
1.01644e-06
0.00621081
1.04353e-06
0.00621185
1.071e-06
0.00621292
1.09889e-06
0.00621401
1.12723e-06
0.00621514
1.15608e-06
0.00621629
1.18549e-06
0.00621747
1.21553e-06
0.00621868
1.24629e-06
0.00621992
1.27785e-06
0.00622119
1.3103e-06
0.0062225
1.34375e-06
0.00622384
1.37832e-06
0.00622521
1.41416e-06
1.45115e-06
0.00636517
0.00636523
0.0063653
0.00636536
0.00636543
0.0063655
0.00636557
0.00636565
0.00636573
0.00636582
0.0063659
0.006366
0.00636609
0.00636619
0.00636629
0.0063664
0.00636652
0.00636663
0.00636676
0.00636688
0.00636702
0.00636716
0.0063673
0.00636746
0.00636761
0.00636778
0.00636795
0.00636813
0.00636832
0.00636851
0.00636872
0.00636893
0.00636915
0.00636939
0.00636963
0.00636988
0.00637014
0.00637041
0.0063707
0.00637099
0.0063713
0.00637162
0.00637196
0.0063723
0.00637266
0.00637304
0.00637343
0.00637384
0.00637426
0.0063747
0.00637515
0.00637563
0.00637612
0.00637663
0.00637715
0.0063777
0.00637827
0.00637885
0.00637946
0.00638009
0.00638074
0.00638141
0.00638211
0.00638282
0.00638356
0.00638433
0.00638512
0.00638593
0.00638676
0.00638762
0.00638851
0.00638942
0.00639036
0.00639132
0.00639231
0.00639333
0.00639437
0.00639544
0.00639654
0.00639767
0.00639882
0.00640001
0.00640123
0.00640247
0.00640375
0.00640506
0.0064064
0.00640778
0.0064092
)
;

boundaryField
{
    inlet
    {
        type            calculated;
        value           nonuniform List<scalar> 
80
(
-0.000636324
-0.000655144
-0.00067452
-0.000694469
-0.000715009
-0.000736155
-0.000757928
-0.000780344
-0.000803423
-0.000827185
-0.000851649
-0.000876837
-0.00090277
-0.00092947
-0.00095696
-0.000985262
-0.0010144
-0.0010444
-0.00107529
-0.00110709
-0.00113984
-0.00117355
-0.00120826
-0.00124399
-0.00128078
-0.00131866
-0.00135766
-0.00139782
-0.00143916
-0.00148172
-0.00152555
-0.00157066
-0.00161712
-0.00166495
-0.00171419
-0.00176488
-0.00181708
-0.00187082
-0.00192615
-0.00198312
-0.00204177
-0.00210216
-0.00216433
-0.00222834
-0.00229425
-0.0023621
-0.00243196
-0.00250389
-0.00257794
-0.00265419
-0.00273269
-0.00281351
-0.00289672
-0.00298239
-0.0030706
-0.00316141
-0.00325491
-0.00335118
-0.00345029
-0.00355233
-0.0036574
-0.00376557
-0.00387693
-0.0039916
-0.00410965
-0.0042312
-0.00435634
-0.00448518
-0.00461783
-0.0047544
-0.00489502
-0.00503979
-0.00518885
-0.00534231
-0.00550031
-0.00566299
-0.00583047
-0.00600291
-0.00618045
-0.00636324
)
;
    }
    outlet
    {
        type            calculated;
        value           nonuniform List<scalar> 
80
(
4.85968e-05
0.000154028
0.000265939
0.00037895
0.000486654
0.000583174
0.000664976
0.000731475
0.000784462
0.00082701
0.000862446
0.000893658
0.000922785
0.000951215
0.000979749
0.0010088
0.00103857
0.00106916
0.00110062
0.00113297
0.00116626
0.0012005
0.00123572
0.00127196
0.00130925
0.00134761
0.00138707
0.00142767
0.00146944
0.00151241
0.00155663
0.00160212
0.00164893
0.0016971
0.00174667
0.00179767
0.00185016
0.00190417
0.00195976
0.00201696
0.00207584
0.00213644
0.00219881
0.00226301
0.0023291
0.00239712
0.00246714
0.00253921
0.00261341
0.0026898
0.00276843
0.00284939
0.00293273
0.00301853
0.00310687
0.00319782
0.00329146
0.00338787
0.00348714
0.00358935
0.00369458
0.00380294
0.00391451
0.00402939
0.00414769
0.0042695
0.00439493
0.00452409
0.0046571
0.00479407
0.00493513
0.00508039
0.00523
0.00538408
0.00554277
0.00570621
0.00587457
0.00604798
0.00622662
0.00641065
)
;
    }
    topWall
    {
        type            calculated;
        value           uniform 0;
    }
    symmetry
    {
        type            calculated;
        value           uniform 0;
    }
    bottomWall
    {
        type            calculated;
        value           uniform 0;
    }
    frontAndBack
    {
        type            empty;
        value           nonuniform List<scalar> 0();
    }
}


// ************************************************************************* //
